# Selection   : patch(inlet)
# Faces       : 1369
# Area        : 1.408977e-02
# Time        	areaAverage(p)	areaAverage(U)
0             	0.000000e+00	(0.000000e+00 2.000000e-03 0.000000e+00)
0.05          	5.381407e-03	(0.000000e+00 1.469717e-03 0.000000e+00)
0.1           	-1.253663e-04	(0.000000e+00 1.469717e-03 0.000000e+00)
0.15          	-6.217122e-06	(0.000000e+00 1.469717e-03 0.000000e+00)
0.2           	1.549973e-05	(0.000000e+00 1.469717e-03 0.000000e+00)
0.25          	2.535527e-05	(0.000000e+00 1.469717e-03 0.000000e+00)
0.3           	2.945155e-05	(0.000000e+00 1.469717e-03 0.000000e+00)
0.35          	3.093812e-05	(0.000000e+00 1.469717e-03 0.000000e+00)
0.4           	3.110829e-05	(0.000000e+00 1.469717e-03 0.000000e+00)
0.45          	3.059057e-05	(0.000000e+00 1.469717e-03 0.000000e+00)
0.5           	2.971694e-05	(0.000000e+00 1.469717e-03 0.000000e+00)
0.55          	2.865722e-05	(0.000000e+00 1.469717e-03 0.000000e+00)
0.6           	2.748928e-05	(0.000000e+00 1.469717e-03 0.000000e+00)
0.65          	2.626851e-05	(0.000000e+00 1.469717e-03 0.000000e+00)
0.7           	2.503207e-05	(0.000000e+00 1.469717e-03 0.000000e+00)
0.75          	2.380383e-05	(0.000000e+00 1.469717e-03 0.000000e+00)
0.8           	2.259838e-05	(0.000000e+00 1.469717e-03 0.000000e+00)
0.85          	2.142399e-05	(0.000000e+00 1.469717e-03 0.000000e+00)
0.9           	2.028807e-05	(0.000000e+00 1.469717e-03 0.000000e+00)
0.95          	1.919251e-05	(0.000000e+00 1.469717e-03 0.000000e+00)
1             	1.814002e-05	(0.000000e+00 1.469717e-03 0.000000e+00)
1.05          	1.713105e-05	(0.000000e+00 1.469717e-03 0.000000e+00)
1.1           	1.616595e-05	(0.000000e+00 1.469717e-03 0.000000e+00)
1.15          	1.524471e-05	(0.000000e+00 1.469717e-03 0.000000e+00)
1.2           	1.436673e-05	(0.000000e+00 1.469717e-03 0.000000e+00)
1.25          	1.353061e-05	(0.000000e+00 1.469717e-03 0.000000e+00)
1.3           	1.273606e-05	(0.000000e+00 1.469717e-03 0.000000e+00)
1.35          	1.198191e-05	(0.000000e+00 1.469717e-03 0.000000e+00)
1.4           	1.126618e-05	(0.000000e+00 1.469717e-03 0.000000e+00)
1.45          	1.058777e-05	(0.000000e+00 1.469717e-03 0.000000e+00)
1.5           	9.945822e-06	(0.000000e+00 1.469717e-03 0.000000e+00)
1.55          	9.338658e-06	(0.000000e+00 1.469717e-03 0.000000e+00)
1.6           	8.764757e-06	(0.000000e+00 1.469717e-03 0.000000e+00)
1.65          	8.222621e-06	(0.000000e+00 1.469717e-03 0.000000e+00)
1.7           	7.710980e-06	(0.000000e+00 1.469717e-03 0.000000e+00)
1.75          	7.228572e-06	(0.000000e+00 1.469717e-03 0.000000e+00)
1.8           	6.773942e-06	(0.000000e+00 1.469717e-03 0.000000e+00)
1.85          	6.346140e-06	(0.000000e+00 1.469717e-03 0.000000e+00)
1.9           	5.943848e-06	(0.000000e+00 1.469717e-03 0.000000e+00)
1.95          	5.565530e-06	(0.000000e+00 1.469717e-03 0.000000e+00)
2             	5.210032e-06	(0.000000e+00 1.469717e-03 0.000000e+00)
2.05          	4.876444e-06	(0.000000e+00 1.469717e-03 0.000000e+00)
2.1           	4.563396e-06	(0.000000e+00 1.469717e-03 0.000000e+00)
2.15          	4.269898e-06	(0.000000e+00 1.469717e-03 0.000000e+00)
2.2           	3.995144e-06	(0.000000e+00 1.469717e-03 0.000000e+00)
2.25          	3.737962e-06	(0.000000e+00 1.469717e-03 0.000000e+00)
2.3           	3.497409e-06	(0.000000e+00 1.469717e-03 0.000000e+00)
2.35          	3.272426e-06	(0.000000e+00 1.469717e-03 0.000000e+00)
2.4           	3.062403e-06	(0.000000e+00 1.469717e-03 0.000000e+00)
2.45          	2.866620e-06	(0.000000e+00 1.469717e-03 0.000000e+00)
2.5           	2.684036e-06	(0.000000e+00 1.469717e-03 0.000000e+00)
2.55          	2.513839e-06	(0.000000e+00 1.469717e-03 0.000000e+00)
2.6           	2.355359e-06	(0.000000e+00 1.469717e-03 0.000000e+00)
2.65          	2.207886e-06	(0.000000e+00 1.469717e-03 0.000000e+00)
2.7           	2.070885e-06	(0.000000e+00 1.469717e-03 0.000000e+00)
2.75          	1.943654e-06	(0.000000e+00 1.469717e-03 0.000000e+00)
2.8           	1.825651e-06	(0.000000e+00 1.469717e-03 0.000000e+00)
2.85          	1.716219e-06	(0.000000e+00 1.469717e-03 0.000000e+00)
2.9           	1.614978e-06	(0.000000e+00 1.469717e-03 0.000000e+00)
2.95          	1.521376e-06	(0.000000e+00 1.469717e-03 0.000000e+00)
3             	1.434973e-06	(0.000000e+00 1.469717e-03 0.000000e+00)
3.05          	1.355060e-06	(0.000000e+00 1.469717e-03 0.000000e+00)
3.1           	1.281425e-06	(0.000000e+00 1.469717e-03 0.000000e+00)
3.15          	1.213583e-06	(0.000000e+00 1.469717e-03 0.000000e+00)
3.2           	1.151197e-06	(0.000000e+00 1.469717e-03 0.000000e+00)
3.25          	1.093834e-06	(0.000000e+00 1.469717e-03 0.000000e+00)
3.3           	1.041274e-06	(0.000000e+00 1.469717e-03 0.000000e+00)
3.35          	9.931319e-07	(0.000000e+00 1.469717e-03 0.000000e+00)
3.4           	9.490822e-07	(0.000000e+00 1.469717e-03 0.000000e+00)
3.45          	9.087551e-07	(0.000000e+00 1.469717e-03 0.000000e+00)
3.5           	8.721789e-07	(0.000000e+00 1.469717e-03 0.000000e+00)
3.55          	8.389335e-07	(0.000000e+00 1.469717e-03 0.000000e+00)
3.6           	8.085121e-07	(0.000000e+00 1.469717e-03 0.000000e+00)
3.65          	7.810195e-07	(0.000000e+00 1.469717e-03 0.000000e+00)
3.7           	7.562121e-07	(0.000000e+00 1.469717e-03 0.000000e+00)
3.75          	7.336770e-07	(0.000000e+00 1.469717e-03 0.000000e+00)
3.8           	7.134459e-07	(0.000000e+00 1.469717e-03 0.000000e+00)
3.85          	6.952748e-07	(0.000000e+00 1.469717e-03 0.000000e+00)
3.9           	6.789986e-07	(0.000000e+00 1.469717e-03 0.000000e+00)
3.95          	6.644884e-07	(0.000000e+00 1.469717e-03 0.000000e+00)
4             	6.516666e-07	(0.000000e+00 1.469717e-03 0.000000e+00)
4.05          	6.402412e-07	(0.000000e+00 1.469717e-03 0.000000e+00)
4.1           	6.301669e-07	(0.000000e+00 1.469717e-03 0.000000e+00)
4.15          	6.213778e-07	(0.000000e+00 1.469717e-03 0.000000e+00)
4.2           	6.136231e-07	(0.000000e+00 1.469717e-03 0.000000e+00)
4.25          	6.069471e-07	(0.000000e+00 1.469717e-03 0.000000e+00)
4.3           	6.012008e-07	(0.000000e+00 1.469717e-03 0.000000e+00)
4.35          	5.962985e-07	(0.000000e+00 1.469717e-03 0.000000e+00)
4.4           	5.921398e-07	(0.000000e+00 1.469717e-03 0.000000e+00)
4.45          	5.886974e-07	(0.000000e+00 1.469717e-03 0.000000e+00)
4.5           	5.858179e-07	(0.000000e+00 1.469717e-03 0.000000e+00)
4.55          	5.834864e-07	(0.000000e+00 1.469717e-03 0.000000e+00)
4.6           	5.816773e-07	(0.000000e+00 1.469717e-03 0.000000e+00)
4.65          	5.803646e-07	(0.000000e+00 1.469717e-03 0.000000e+00)
4.7           	5.794623e-07	(0.000000e+00 1.469717e-03 0.000000e+00)
4.75          	5.788581e-07	(0.000000e+00 1.469717e-03 0.000000e+00)
4.8           	5.785136e-07	(0.000000e+00 1.469717e-03 0.000000e+00)
4.85          	5.785444e-07	(0.000000e+00 1.469717e-03 0.000000e+00)
4.9           	5.787769e-07	(0.000000e+00 1.469717e-03 0.000000e+00)
4.95          	5.792158e-07	(0.000000e+00 1.469717e-03 0.000000e+00)
5             	5.797763e-07	(0.000000e+00 1.469717e-03 0.000000e+00)
5.05          	5.805130e-07	(0.000000e+00 1.469717e-03 0.000000e+00)
5.1           	5.814054e-07	(0.000000e+00 1.469717e-03 0.000000e+00)
5.15          	5.823276e-07	(0.000000e+00 1.469717e-03 0.000000e+00)
5.2           	5.825541e-07	(0.000000e+00 1.469717e-03 0.000000e+00)
5.25          	5.838484e-07	(0.000000e+00 1.469717e-03 0.000000e+00)
5.3           	5.849838e-07	(0.000000e+00 1.469717e-03 0.000000e+00)
5.35          	5.861534e-07	(0.000000e+00 1.469717e-03 0.000000e+00)
5.4           	5.874120e-07	(0.000000e+00 1.469717e-03 0.000000e+00)
5.45          	5.886878e-07	(0.000000e+00 1.469717e-03 0.000000e+00)
5.5           	5.898973e-07	(0.000000e+00 1.469717e-03 0.000000e+00)
5.55          	5.911235e-07	(0.000000e+00 1.469717e-03 0.000000e+00)
5.6           	5.923374e-07	(0.000000e+00 1.469717e-03 0.000000e+00)
5.65          	5.935112e-07	(0.000000e+00 1.469717e-03 0.000000e+00)
5.7           	5.946373e-07	(0.000000e+00 1.469717e-03 0.000000e+00)
5.75          	5.957580e-07	(0.000000e+00 1.469717e-03 0.000000e+00)
5.8           	5.968171e-07	(0.000000e+00 1.469717e-03 0.000000e+00)
5.85          	5.978594e-07	(0.000000e+00 1.469717e-03 0.000000e+00)
5.9           	5.988325e-07	(0.000000e+00 1.469717e-03 0.000000e+00)
5.95          	5.997552e-07	(0.000000e+00 1.469717e-03 0.000000e+00)
6             	6.006022e-07	(0.000000e+00 1.469717e-03 0.000000e+00)
6.05          	6.014494e-07	(0.000000e+00 1.469717e-03 0.000000e+00)
6.1           	6.022380e-07	(0.000000e+00 1.469717e-03 0.000000e+00)
6.15          	6.029309e-07	(0.000000e+00 1.469717e-03 0.000000e+00)
6.2           	6.036273e-07	(0.000000e+00 1.469717e-03 0.000000e+00)
6.25          	6.042659e-07	(0.000000e+00 1.469717e-03 0.000000e+00)
6.3           	6.048240e-07	(0.000000e+00 1.469717e-03 0.000000e+00)
6.35          	6.053674e-07	(0.000000e+00 1.469717e-03 0.000000e+00)
6.4           	6.058473e-07	(0.000000e+00 1.469717e-03 0.000000e+00)
6.45          	6.062396e-07	(0.000000e+00 1.469717e-03 0.000000e+00)
6.5           	6.066013e-07	(0.000000e+00 1.469717e-03 0.000000e+00)
6.55          	6.069359e-07	(0.000000e+00 1.469717e-03 0.000000e+00)
6.6           	6.071844e-07	(0.000000e+00 1.469717e-03 0.000000e+00)
6.65          	6.074074e-07	(0.000000e+00 1.469717e-03 0.000000e+00)
6.7           	6.075733e-07	(0.000000e+00 1.469717e-03 0.000000e+00)
6.75          	6.077200e-07	(0.000000e+00 1.469717e-03 0.000000e+00)
6.8           	6.078427e-07	(0.000000e+00 1.469717e-03 0.000000e+00)
6.85          	6.078979e-07	(0.000000e+00 1.469717e-03 0.000000e+00)
6.9           	6.079053e-07	(0.000000e+00 1.469717e-03 0.000000e+00)
6.95          	6.078541e-07	(0.000000e+00 1.469717e-03 0.000000e+00)
7             	6.077790e-07	(0.000000e+00 1.469717e-03 0.000000e+00)
7.05          	6.076905e-07	(0.000000e+00 1.469717e-03 0.000000e+00)
7.1           	6.075854e-07	(0.000000e+00 1.469717e-03 0.000000e+00)
7.15          	6.074151e-07	(0.000000e+00 1.469717e-03 0.000000e+00)
7.2           	6.072166e-07	(0.000000e+00 1.469717e-03 0.000000e+00)
7.25          	6.069340e-07	(0.000000e+00 1.469717e-03 0.000000e+00)
7.3           	6.066708e-07	(0.000000e+00 1.469717e-03 0.000000e+00)
7.35          	6.063962e-07	(0.000000e+00 1.469717e-03 0.000000e+00)
7.4           	6.060692e-07	(0.000000e+00 1.469717e-03 0.000000e+00)
7.45          	6.056982e-07	(0.000000e+00 1.469717e-03 0.000000e+00)
7.5           	6.052706e-07	(0.000000e+00 1.469717e-03 0.000000e+00)
7.55          	6.049222e-07	(0.000000e+00 1.469717e-03 0.000000e+00)
7.6           	6.044910e-07	(0.000000e+00 1.469717e-03 0.000000e+00)
7.65          	6.040555e-07	(0.000000e+00 1.469717e-03 0.000000e+00)
7.7           	6.036109e-07	(0.000000e+00 1.469717e-03 0.000000e+00)
7.75          	6.031460e-07	(0.000000e+00 1.469717e-03 0.000000e+00)
7.8           	6.026649e-07	(0.000000e+00 1.469717e-03 0.000000e+00)
7.85          	6.022038e-07	(0.000000e+00 1.469717e-03 0.000000e+00)
7.9           	6.016715e-07	(0.000000e+00 1.469717e-03 0.000000e+00)
7.95          	6.011204e-07	(0.000000e+00 1.469717e-03 0.000000e+00)
8             	6.006098e-07	(0.000000e+00 1.469717e-03 0.000000e+00)
8.05          	6.000861e-07	(0.000000e+00 1.469717e-03 0.000000e+00)
8.1           	5.995414e-07	(0.000000e+00 1.469717e-03 0.000000e+00)
8.15          	5.990122e-07	(0.000000e+00 1.469717e-03 0.000000e+00)
8.2           	5.984231e-07	(0.000000e+00 1.469717e-03 0.000000e+00)
8.25          	5.978630e-07	(0.000000e+00 1.469717e-03 0.000000e+00)
8.3           	5.972355e-07	(0.000000e+00 1.469717e-03 0.000000e+00)
8.35          	5.966323e-07	(0.000000e+00 1.469717e-03 0.000000e+00)
8.4           	5.960554e-07	(0.000000e+00 1.469717e-03 0.000000e+00)
8.45          	5.954727e-07	(0.000000e+00 1.469717e-03 0.000000e+00)
8.5           	5.948242e-07	(0.000000e+00 1.469717e-03 0.000000e+00)
8.55          	5.942117e-07	(0.000000e+00 1.469717e-03 0.000000e+00)
8.6           	5.935948e-07	(0.000000e+00 1.469717e-03 0.000000e+00)
8.65          	5.929751e-07	(0.000000e+00 1.469717e-03 0.000000e+00)
8.7           	5.923659e-07	(0.000000e+00 1.469717e-03 0.000000e+00)
8.75          	5.917722e-07	(0.000000e+00 1.469717e-03 0.000000e+00)
8.8           	5.911516e-07	(0.000000e+00 1.469717e-03 0.000000e+00)
8.85          	5.905408e-07	(0.000000e+00 1.469717e-03 0.000000e+00)
8.9           	5.899135e-07	(0.000000e+00 1.469717e-03 0.000000e+00)
8.95          	5.892935e-07	(0.000000e+00 1.469717e-03 0.000000e+00)
9             	5.886767e-07	(0.000000e+00 1.469717e-03 0.000000e+00)
9.05          	5.880640e-07	(0.000000e+00 1.469717e-03 0.000000e+00)
9.1           	5.874633e-07	(0.000000e+00 1.469717e-03 0.000000e+00)
9.15          	5.868399e-07	(0.000000e+00 1.469717e-03 0.000000e+00)
9.2           	5.862354e-07	(0.000000e+00 1.469717e-03 0.000000e+00)
9.25          	5.856235e-07	(0.000000e+00 1.469717e-03 0.000000e+00)
9.3           	5.849881e-07	(0.000000e+00 1.469717e-03 0.000000e+00)
9.35          	5.843795e-07	(0.000000e+00 1.469717e-03 0.000000e+00)
9.4           	5.837636e-07	(0.000000e+00 1.469717e-03 0.000000e+00)
9.45          	5.831588e-07	(0.000000e+00 1.469717e-03 0.000000e+00)
9.5           	5.825545e-07	(0.000000e+00 1.469717e-03 0.000000e+00)
9.55          	5.819381e-07	(0.000000e+00 1.469717e-03 0.000000e+00)
9.6           	5.813157e-07	(0.000000e+00 1.469717e-03 0.000000e+00)
9.65          	5.807148e-07	(0.000000e+00 1.469717e-03 0.000000e+00)
9.7           	5.801315e-07	(0.000000e+00 1.469717e-03 0.000000e+00)
9.75          	5.795575e-07	(0.000000e+00 1.469717e-03 0.000000e+00)
9.8           	5.789698e-07	(0.000000e+00 1.469717e-03 0.000000e+00)
9.85          	5.783973e-07	(0.000000e+00 1.469717e-03 0.000000e+00)
9.9           	5.778136e-07	(0.000000e+00 1.469717e-03 0.000000e+00)
9.95          	5.772282e-07	(0.000000e+00 1.469717e-03 0.000000e+00)
10            	5.766536e-07	(0.000000e+00 1.469717e-03 0.000000e+00)
10.05         	5.760791e-07	(0.000000e+00 1.469717e-03 0.000000e+00)
10.1          	5.755154e-07	(0.000000e+00 1.469717e-03 0.000000e+00)
10.15         	5.749355e-07	(0.000000e+00 1.469717e-03 0.000000e+00)
10.2          	5.743522e-07	(0.000000e+00 1.469717e-03 0.000000e+00)
10.25         	5.737984e-07	(0.000000e+00 1.469717e-03 0.000000e+00)
10.3          	5.732626e-07	(0.000000e+00 1.469717e-03 0.000000e+00)
10.35         	5.727107e-07	(0.000000e+00 1.469717e-03 0.000000e+00)
10.4          	5.721455e-07	(0.000000e+00 1.469717e-03 0.000000e+00)
10.45         	5.716070e-07	(0.000000e+00 1.469717e-03 0.000000e+00)
10.5          	5.710467e-07	(0.000000e+00 1.469717e-03 0.000000e+00)
10.55         	5.704995e-07	(0.000000e+00 1.469717e-03 0.000000e+00)
10.6          	5.699645e-07	(0.000000e+00 1.469717e-03 0.000000e+00)
10.65         	5.694257e-07	(0.000000e+00 1.469717e-03 0.000000e+00)
10.7          	5.688961e-07	(0.000000e+00 1.469717e-03 0.000000e+00)
10.75         	5.683695e-07	(0.000000e+00 1.469717e-03 0.000000e+00)
10.8          	5.678461e-07	(0.000000e+00 1.469717e-03 0.000000e+00)
10.85         	5.673170e-07	(0.000000e+00 1.469717e-03 0.000000e+00)
10.9          	5.668015e-07	(0.000000e+00 1.469717e-03 0.000000e+00)
10.95         	5.662876e-07	(0.000000e+00 1.469717e-03 0.000000e+00)
11            	5.657782e-07	(0.000000e+00 1.469717e-03 0.000000e+00)
11.05         	5.652741e-07	(0.000000e+00 1.469717e-03 0.000000e+00)
11.1          	5.647555e-07	(0.000000e+00 1.469717e-03 0.000000e+00)
11.15         	5.642686e-07	(0.000000e+00 1.469717e-03 0.000000e+00)
11.2          	5.637835e-07	(0.000000e+00 1.469717e-03 0.000000e+00)
11.25         	5.632870e-07	(0.000000e+00 1.469717e-03 0.000000e+00)
11.3          	5.627609e-07	(0.000000e+00 1.469717e-03 0.000000e+00)
11.35         	5.622803e-07	(0.000000e+00 1.469717e-03 0.000000e+00)
11.4          	5.617840e-07	(0.000000e+00 1.469717e-03 0.000000e+00)
11.45         	5.613008e-07	(0.000000e+00 1.469717e-03 0.000000e+00)
11.5          	5.608242e-07	(0.000000e+00 1.469717e-03 0.000000e+00)
11.55         	5.603446e-07	(0.000000e+00 1.469717e-03 0.000000e+00)
11.6          	5.598750e-07	(0.000000e+00 1.469717e-03 0.000000e+00)
11.65         	5.594005e-07	(0.000000e+00 1.469717e-03 0.000000e+00)
11.7          	5.589230e-07	(0.000000e+00 1.469717e-03 0.000000e+00)
11.75         	5.584458e-07	(0.000000e+00 1.469717e-03 0.000000e+00)
11.8          	5.579608e-07	(0.000000e+00 1.469717e-03 0.000000e+00)
11.85         	5.574774e-07	(0.000000e+00 1.469717e-03 0.000000e+00)
11.9          	5.570109e-07	(0.000000e+00 1.469717e-03 0.000000e+00)
11.95         	5.565323e-07	(0.000000e+00 1.469717e-03 0.000000e+00)
12            	5.560684e-07	(0.000000e+00 1.469717e-03 0.000000e+00)
12.05         	5.556126e-07	(0.000000e+00 1.469717e-03 0.000000e+00)
12.1          	5.551645e-07	(0.000000e+00 1.469717e-03 0.000000e+00)
12.15         	5.547037e-07	(0.000000e+00 1.469717e-03 0.000000e+00)
12.2          	5.542432e-07	(0.000000e+00 1.469717e-03 0.000000e+00)
12.25         	5.537922e-07	(0.000000e+00 1.469717e-03 0.000000e+00)
12.3          	5.533371e-07	(0.000000e+00 1.469717e-03 0.000000e+00)
12.35         	5.528925e-07	(0.000000e+00 1.469717e-03 0.000000e+00)
12.4          	5.524474e-07	(0.000000e+00 1.469717e-03 0.000000e+00)
12.45         	5.519695e-07	(0.000000e+00 1.469717e-03 0.000000e+00)
12.5          	5.515329e-07	(0.000000e+00 1.469717e-03 0.000000e+00)
12.55         	5.510930e-07	(0.000000e+00 1.469717e-03 0.000000e+00)
12.6          	5.506499e-07	(0.000000e+00 1.469717e-03 0.000000e+00)
12.65         	5.502111e-07	(0.000000e+00 1.469717e-03 0.000000e+00)
12.7          	5.497661e-07	(0.000000e+00 1.469717e-03 0.000000e+00)
12.75         	5.493260e-07	(0.000000e+00 1.469717e-03 0.000000e+00)
12.8          	5.488924e-07	(0.000000e+00 1.469717e-03 0.000000e+00)
12.85         	5.484677e-07	(0.000000e+00 1.469717e-03 0.000000e+00)
12.9          	5.480401e-07	(0.000000e+00 1.469717e-03 0.000000e+00)
12.95         	5.476021e-07	(0.000000e+00 1.469717e-03 0.000000e+00)
13            	5.471723e-07	(0.000000e+00 1.469717e-03 0.000000e+00)
13.05         	5.467483e-07	(0.000000e+00 1.469717e-03 0.000000e+00)
13.1          	5.463234e-07	(0.000000e+00 1.469717e-03 0.000000e+00)
13.15         	5.458944e-07	(0.000000e+00 1.469717e-03 0.000000e+00)
13.2          	5.454771e-07	(0.000000e+00 1.469717e-03 0.000000e+00)
13.25         	5.450481e-07	(0.000000e+00 1.469717e-03 0.000000e+00)
13.3          	5.446359e-07	(0.000000e+00 1.469717e-03 0.000000e+00)
13.35         	5.442274e-07	(0.000000e+00 1.469717e-03 0.000000e+00)
13.4          	5.438161e-07	(0.000000e+00 1.469717e-03 0.000000e+00)
13.45         	5.434071e-07	(0.000000e+00 1.469717e-03 0.000000e+00)
13.5          	5.429969e-07	(0.000000e+00 1.469717e-03 0.000000e+00)
13.55         	5.425720e-07	(0.000000e+00 1.469717e-03 0.000000e+00)
13.6          	5.421706e-07	(0.000000e+00 1.469717e-03 0.000000e+00)
13.65         	5.417511e-07	(0.000000e+00 1.469717e-03 0.000000e+00)
13.7          	5.413523e-07	(0.000000e+00 1.469717e-03 0.000000e+00)
13.75         	5.409528e-07	(0.000000e+00 1.469717e-03 0.000000e+00)
13.8          	5.405318e-07	(0.000000e+00 1.469717e-03 0.000000e+00)
13.85         	5.401358e-07	(0.000000e+00 1.469717e-03 0.000000e+00)
13.9          	5.397330e-07	(0.000000e+00 1.469717e-03 0.000000e+00)
13.95         	5.393559e-07	(0.000000e+00 1.469717e-03 0.000000e+00)
14            	5.389605e-07	(0.000000e+00 1.469717e-03 0.000000e+00)
14.05         	5.385661e-07	(0.000000e+00 1.469717e-03 0.000000e+00)
14.1          	5.381745e-07	(0.000000e+00 1.469717e-03 0.000000e+00)
14.15         	5.377658e-07	(0.000000e+00 1.469717e-03 0.000000e+00)
14.2          	5.373863e-07	(0.000000e+00 1.469717e-03 0.000000e+00)
14.25         	5.370073e-07	(0.000000e+00 1.469717e-03 0.000000e+00)
14.3          	5.366210e-07	(0.000000e+00 1.469717e-03 0.000000e+00)
14.35         	5.362413e-07	(0.000000e+00 1.469717e-03 0.000000e+00)
14.4          	5.358618e-07	(0.000000e+00 1.469717e-03 0.000000e+00)
14.45         	5.354837e-07	(0.000000e+00 1.469717e-03 0.000000e+00)
14.5          	5.351208e-07	(0.000000e+00 1.469717e-03 0.000000e+00)
14.55         	5.347394e-07	(0.000000e+00 1.469717e-03 0.000000e+00)
14.6          	5.343625e-07	(0.000000e+00 1.469717e-03 0.000000e+00)
14.65         	5.339763e-07	(0.000000e+00 1.469717e-03 0.000000e+00)
14.7          	5.336036e-07	(0.000000e+00 1.469717e-03 0.000000e+00)
14.75         	5.332217e-07	(0.000000e+00 1.469717e-03 0.000000e+00)
14.8          	5.328378e-07	(0.000000e+00 1.469717e-03 0.000000e+00)
14.85         	5.324792e-07	(0.000000e+00 1.469717e-03 0.000000e+00)
14.9          	5.321081e-07	(0.000000e+00 1.469717e-03 0.000000e+00)
14.95         	5.317575e-07	(0.000000e+00 1.469717e-03 0.000000e+00)
15            	5.313934e-07	(0.000000e+00 1.469717e-03 0.000000e+00)
15.05         	5.310378e-07	(0.000000e+00 1.469717e-03 0.000000e+00)
15.1          	5.306800e-07	(0.000000e+00 1.469717e-03 0.000000e+00)
15.15         	5.303116e-07	(0.000000e+00 1.469717e-03 0.000000e+00)
15.2          	5.299606e-07	(0.000000e+00 1.469717e-03 0.000000e+00)
15.25         	5.296130e-07	(0.000000e+00 1.469717e-03 0.000000e+00)
15.3          	5.292593e-07	(0.000000e+00 1.469717e-03 0.000000e+00)
15.35         	5.289109e-07	(0.000000e+00 1.469717e-03 0.000000e+00)
15.4          	5.285619e-07	(0.000000e+00 1.469717e-03 0.000000e+00)
15.45         	5.282187e-07	(0.000000e+00 1.469717e-03 0.000000e+00)
15.5          	5.278754e-07	(0.000000e+00 1.469717e-03 0.000000e+00)
15.55         	5.275225e-07	(0.000000e+00 1.469717e-03 0.000000e+00)
15.6          	5.271691e-07	(0.000000e+00 1.469717e-03 0.000000e+00)
15.65         	5.268234e-07	(0.000000e+00 1.469717e-03 0.000000e+00)
15.7          	5.264785e-07	(0.000000e+00 1.469717e-03 0.000000e+00)
15.75         	5.261398e-07	(0.000000e+00 1.469717e-03 0.000000e+00)
15.8          	5.258092e-07	(0.000000e+00 1.469717e-03 0.000000e+00)
15.85         	5.254684e-07	(0.000000e+00 1.469717e-03 0.000000e+00)
15.9          	5.251320e-07	(0.000000e+00 1.469717e-03 0.000000e+00)
15.95         	5.247984e-07	(0.000000e+00 1.469717e-03 0.000000e+00)
16            	5.244710e-07	(0.000000e+00 1.469717e-03 0.000000e+00)
16.05         	5.241450e-07	(0.000000e+00 1.469717e-03 0.000000e+00)
16.1          	5.238198e-07	(0.000000e+00 1.469717e-03 0.000000e+00)
16.15         	5.234934e-07	(0.000000e+00 1.469717e-03 0.000000e+00)
16.2          	5.231597e-07	(0.000000e+00 1.469717e-03 0.000000e+00)
16.25         	5.228357e-07	(0.000000e+00 1.469717e-03 0.000000e+00)
16.3          	5.225161e-07	(0.000000e+00 1.469717e-03 0.000000e+00)
16.35         	5.221798e-07	(0.000000e+00 1.469717e-03 0.000000e+00)
16.4          	5.218595e-07	(0.000000e+00 1.469717e-03 0.000000e+00)
16.45         	5.215572e-07	(0.000000e+00 1.469717e-03 0.000000e+00)
16.5          	5.212299e-07	(0.000000e+00 1.469717e-03 0.000000e+00)
16.55         	5.209196e-07	(0.000000e+00 1.469717e-03 0.000000e+00)
16.6          	5.206097e-07	(0.000000e+00 1.469717e-03 0.000000e+00)
16.65         	5.202897e-07	(0.000000e+00 1.469717e-03 0.000000e+00)
16.7          	5.199767e-07	(0.000000e+00 1.469717e-03 0.000000e+00)
16.75         	5.196656e-07	(0.000000e+00 1.469717e-03 0.000000e+00)
16.8          	5.193574e-07	(0.000000e+00 1.469717e-03 0.000000e+00)
16.85         	5.190404e-07	(0.000000e+00 1.469717e-03 0.000000e+00)
16.9          	5.187318e-07	(0.000000e+00 1.469717e-03 0.000000e+00)
16.95         	5.184173e-07	(0.000000e+00 1.469717e-03 0.000000e+00)
17            	5.181149e-07	(0.000000e+00 1.469717e-03 0.000000e+00)
17.05         	5.178070e-07	(0.000000e+00 1.469717e-03 0.000000e+00)
17.1          	5.174962e-07	(0.000000e+00 1.469717e-03 0.000000e+00)
17.15         	5.172229e-07	(0.000000e+00 1.469717e-03 0.000000e+00)
17.2          	5.169244e-07	(0.000000e+00 1.469717e-03 0.000000e+00)
17.25         	5.166259e-07	(0.000000e+00 1.469717e-03 0.000000e+00)
17.3          	5.163172e-07	(0.000000e+00 1.469717e-03 0.000000e+00)
17.35         	5.160115e-07	(0.000000e+00 1.469717e-03 0.000000e+00)
17.4          	5.157112e-07	(0.000000e+00 1.469717e-03 0.000000e+00)
17.45         	5.154113e-07	(0.000000e+00 1.469717e-03 0.000000e+00)
17.5          	5.151279e-07	(0.000000e+00 1.469717e-03 0.000000e+00)
17.55         	5.148386e-07	(0.000000e+00 1.469717e-03 0.000000e+00)
17.6          	5.145387e-07	(0.000000e+00 1.469717e-03 0.000000e+00)
17.65         	5.142550e-07	(0.000000e+00 1.469717e-03 0.000000e+00)
17.7          	5.139639e-07	(0.000000e+00 1.469717e-03 0.000000e+00)
17.75         	5.136667e-07	(0.000000e+00 1.469717e-03 0.000000e+00)
17.8          	5.133812e-07	(0.000000e+00 1.469717e-03 0.000000e+00)
17.85         	5.130958e-07	(0.000000e+00 1.469717e-03 0.000000e+00)
17.9          	5.128064e-07	(0.000000e+00 1.469717e-03 0.000000e+00)
17.95         	5.125109e-07	(0.000000e+00 1.469717e-03 0.000000e+00)
18            	5.122316e-07	(0.000000e+00 1.469717e-03 0.000000e+00)
18.05         	5.119486e-07	(0.000000e+00 1.469717e-03 0.000000e+00)
18.1          	5.116595e-07	(0.000000e+00 1.469717e-03 0.000000e+00)
18.15         	5.113700e-07	(0.000000e+00 1.469717e-03 0.000000e+00)
18.2          	5.110888e-07	(0.000000e+00 1.469717e-03 0.000000e+00)
18.25         	5.108143e-07	(0.000000e+00 1.469717e-03 0.000000e+00)
18.3          	5.105336e-07	(0.000000e+00 1.469717e-03 0.000000e+00)
18.35         	5.102540e-07	(0.000000e+00 1.469717e-03 0.000000e+00)
18.4          	5.099872e-07	(0.000000e+00 1.469717e-03 0.000000e+00)
18.45         	5.097198e-07	(0.000000e+00 1.469717e-03 0.000000e+00)
18.5          	5.094448e-07	(0.000000e+00 1.469717e-03 0.000000e+00)
18.55         	5.091704e-07	(0.000000e+00 1.469717e-03 0.000000e+00)
18.6          	5.088945e-07	(0.000000e+00 1.469717e-03 0.000000e+00)
18.65         	5.086252e-07	(0.000000e+00 1.469717e-03 0.000000e+00)
18.7          	5.083532e-07	(0.000000e+00 1.469717e-03 0.000000e+00)
18.75         	5.080810e-07	(0.000000e+00 1.469717e-03 0.000000e+00)
18.8          	5.078009e-07	(0.000000e+00 1.469717e-03 0.000000e+00)
18.85         	5.075397e-07	(0.000000e+00 1.469717e-03 0.000000e+00)
18.9          	5.072837e-07	(0.000000e+00 1.469717e-03 0.000000e+00)
18.95         	5.070254e-07	(0.000000e+00 1.469717e-03 0.000000e+00)
19            	5.067619e-07	(0.000000e+00 1.469717e-03 0.000000e+00)
19.05         	5.064979e-07	(0.000000e+00 1.469717e-03 0.000000e+00)
19.1          	5.062263e-07	(0.000000e+00 1.469717e-03 0.000000e+00)
19.15         	5.059626e-07	(0.000000e+00 1.469717e-03 0.000000e+00)
19.2          	5.057025e-07	(0.000000e+00 1.469717e-03 0.000000e+00)
19.25         	5.054368e-07	(0.000000e+00 1.469717e-03 0.000000e+00)
19.3          	5.051723e-07	(0.000000e+00 1.469717e-03 0.000000e+00)
19.35         	5.049084e-07	(0.000000e+00 1.469717e-03 0.000000e+00)
19.4          	5.046514e-07	(0.000000e+00 1.469717e-03 0.000000e+00)
19.45         	5.043959e-07	(0.000000e+00 1.469717e-03 0.000000e+00)
19.5          	5.041387e-07	(0.000000e+00 1.469717e-03 0.000000e+00)
19.55         	5.038892e-07	(0.000000e+00 1.469717e-03 0.000000e+00)
19.6          	5.036387e-07	(0.000000e+00 1.469717e-03 0.000000e+00)
19.65         	5.033854e-07	(0.000000e+00 1.469717e-03 0.000000e+00)
19.7          	5.031177e-07	(0.000000e+00 1.469717e-03 0.000000e+00)
19.75         	5.028646e-07	(0.000000e+00 1.469717e-03 0.000000e+00)
19.8          	5.026169e-07	(0.000000e+00 1.469717e-03 0.000000e+00)
19.85         	5.023636e-07	(0.000000e+00 1.469717e-03 0.000000e+00)
19.9          	5.021133e-07	(0.000000e+00 1.469717e-03 0.000000e+00)
19.95         	5.018651e-07	(0.000000e+00 1.469717e-03 0.000000e+00)
20            	5.016244e-07	(0.000000e+00 1.469717e-03 0.000000e+00)
20.05         	5.013759e-07	(0.000000e+00 1.469717e-03 0.000000e+00)
20.1          	5.011298e-07	(0.000000e+00 1.469717e-03 0.000000e+00)
20.15         	5.008741e-07	(0.000000e+00 1.469717e-03 0.000000e+00)
20.2          	5.006274e-07	(0.000000e+00 1.469717e-03 0.000000e+00)
20.25         	5.003987e-07	(0.000000e+00 1.469717e-03 0.000000e+00)
20.3          	5.001569e-07	(0.000000e+00 1.469717e-03 0.000000e+00)
20.35         	4.999110e-07	(0.000000e+00 1.469717e-03 0.000000e+00)
20.4          	4.996666e-07	(0.000000e+00 1.469717e-03 0.000000e+00)
20.45         	4.994271e-07	(0.000000e+00 1.469717e-03 0.000000e+00)
20.5          	4.991933e-07	(0.000000e+00 1.469717e-03 0.000000e+00)
20.55         	4.989542e-07	(0.000000e+00 1.469717e-03 0.000000e+00)
20.6          	4.987163e-07	(0.000000e+00 1.469717e-03 0.000000e+00)
20.65         	4.984849e-07	(0.000000e+00 1.469717e-03 0.000000e+00)
20.7          	4.982421e-07	(0.000000e+00 1.469717e-03 0.000000e+00)
20.75         	4.979987e-07	(0.000000e+00 1.469717e-03 0.000000e+00)
20.8          	4.977673e-07	(0.000000e+00 1.469717e-03 0.000000e+00)
20.85         	4.975305e-07	(0.000000e+00 1.469717e-03 0.000000e+00)
20.9          	4.973071e-07	(0.000000e+00 1.469717e-03 0.000000e+00)
20.95         	4.970972e-07	(0.000000e+00 1.469717e-03 0.000000e+00)
21            	4.968158e-07	(0.000000e+00 1.469717e-03 0.000000e+00)
21.05         	4.966239e-07	(0.000000e+00 1.469717e-03 0.000000e+00)
21.1          	4.963564e-07	(0.000000e+00 1.469717e-03 0.000000e+00)
21.15         	4.961777e-07	(0.000000e+00 1.469717e-03 0.000000e+00)
21.2          	4.959322e-07	(0.000000e+00 1.469717e-03 0.000000e+00)
21.25         	4.956991e-07	(0.000000e+00 1.469717e-03 0.000000e+00)
21.3          	4.954722e-07	(0.000000e+00 1.469717e-03 0.000000e+00)
21.35         	4.952579e-07	(0.000000e+00 1.469717e-03 0.000000e+00)
21.4          	4.950262e-07	(0.000000e+00 1.469717e-03 0.000000e+00)
21.45         	4.947951e-07	(0.000000e+00 1.469717e-03 0.000000e+00)
21.5          	4.945676e-07	(0.000000e+00 1.469717e-03 0.000000e+00)
21.55         	4.943436e-07	(0.000000e+00 1.469717e-03 0.000000e+00)
21.6          	4.941195e-07	(0.000000e+00 1.469717e-03 0.000000e+00)
21.65         	4.938936e-07	(0.000000e+00 1.469717e-03 0.000000e+00)
21.7          	4.936839e-07	(0.000000e+00 1.469717e-03 0.000000e+00)
21.75         	4.934621e-07	(0.000000e+00 1.469717e-03 0.000000e+00)
21.8          	4.932369e-07	(0.000000e+00 1.469717e-03 0.000000e+00)
21.85         	4.930123e-07	(0.000000e+00 1.469717e-03 0.000000e+00)
21.9          	4.928050e-07	(0.000000e+00 1.469717e-03 0.000000e+00)
21.95         	4.925905e-07	(0.000000e+00 1.469717e-03 0.000000e+00)
22            	4.923791e-07	(0.000000e+00 1.469717e-03 0.000000e+00)
22.05         	4.921656e-07	(0.000000e+00 1.469717e-03 0.000000e+00)
22.1          	4.919456e-07	(0.000000e+00 1.469717e-03 0.000000e+00)
22.15         	4.917368e-07	(0.000000e+00 1.469717e-03 0.000000e+00)
22.2          	4.915250e-07	(0.000000e+00 1.469717e-03 0.000000e+00)
22.25         	4.913049e-07	(0.000000e+00 1.469717e-03 0.000000e+00)
22.3          	4.910921e-07	(0.000000e+00 1.469717e-03 0.000000e+00)
22.35         	4.908816e-07	(0.000000e+00 1.469717e-03 0.000000e+00)
22.4          	4.906731e-07	(0.000000e+00 1.469717e-03 0.000000e+00)
22.45         	4.904664e-07	(0.000000e+00 1.469717e-03 0.000000e+00)
22.5          	4.902546e-07	(0.000000e+00 1.469717e-03 0.000000e+00)
22.55         	4.900503e-07	(0.000000e+00 1.469717e-03 0.000000e+00)
22.6          	4.898462e-07	(0.000000e+00 1.469717e-03 0.000000e+00)
22.65         	4.896390e-07	(0.000000e+00 1.469717e-03 0.000000e+00)
22.7          	4.894311e-07	(0.000000e+00 1.469717e-03 0.000000e+00)
22.75         	4.892246e-07	(0.000000e+00 1.469717e-03 0.000000e+00)
22.8          	4.890191e-07	(0.000000e+00 1.469717e-03 0.000000e+00)
22.85         	4.888164e-07	(0.000000e+00 1.469717e-03 0.000000e+00)
22.9          	4.885993e-07	(0.000000e+00 1.469717e-03 0.000000e+00)
22.95         	4.883994e-07	(0.000000e+00 1.469717e-03 0.000000e+00)
23            	4.882010e-07	(0.000000e+00 1.469717e-03 0.000000e+00)
23.05         	4.879946e-07	(0.000000e+00 1.469717e-03 0.000000e+00)
23.1          	4.877805e-07	(0.000000e+00 1.469717e-03 0.000000e+00)
23.15         	4.875768e-07	(0.000000e+00 1.469717e-03 0.000000e+00)
23.2          	4.873808e-07	(0.000000e+00 1.469717e-03 0.000000e+00)
23.25         	4.871790e-07	(0.000000e+00 1.469717e-03 0.000000e+00)
23.3          	4.869814e-07	(0.000000e+00 1.469717e-03 0.000000e+00)
23.35         	4.867907e-07	(0.000000e+00 1.469717e-03 0.000000e+00)
23.4          	4.865922e-07	(0.000000e+00 1.469717e-03 0.000000e+00)
23.45         	4.863863e-07	(0.000000e+00 1.469717e-03 0.000000e+00)
23.5          	4.862045e-07	(0.000000e+00 1.469717e-03 0.000000e+00)
23.55         	4.860128e-07	(0.000000e+00 1.469717e-03 0.000000e+00)
23.6          	4.858157e-07	(0.000000e+00 1.469717e-03 0.000000e+00)
23.65         	4.856171e-07	(0.000000e+00 1.469717e-03 0.000000e+00)
23.7          	4.854106e-07	(0.000000e+00 1.469717e-03 0.000000e+00)
23.75         	4.852210e-07	(0.000000e+00 1.469717e-03 0.000000e+00)
23.8          	4.850342e-07	(0.000000e+00 1.469717e-03 0.000000e+00)
23.85         	4.848435e-07	(0.000000e+00 1.469717e-03 0.000000e+00)
23.9          	4.846460e-07	(0.000000e+00 1.469717e-03 0.000000e+00)
23.95         	4.844464e-07	(0.000000e+00 1.469717e-03 0.000000e+00)
24            	4.842395e-07	(0.000000e+00 1.469717e-03 0.000000e+00)
24.05         	4.840568e-07	(0.000000e+00 1.469717e-03 0.000000e+00)
24.1          	4.838809e-07	(0.000000e+00 1.469717e-03 0.000000e+00)
24.15         	4.836906e-07	(0.000000e+00 1.469717e-03 0.000000e+00)
24.2          	4.834954e-07	(0.000000e+00 1.469717e-03 0.000000e+00)
24.25         	4.833153e-07	(0.000000e+00 1.469717e-03 0.000000e+00)
24.3          	4.831274e-07	(0.000000e+00 1.469717e-03 0.000000e+00)
24.35         	4.829373e-07	(0.000000e+00 1.469717e-03 0.000000e+00)
24.4          	4.827505e-07	(0.000000e+00 1.469717e-03 0.000000e+00)
24.45         	4.825677e-07	(0.000000e+00 1.469717e-03 0.000000e+00)
24.5          	4.823859e-07	(0.000000e+00 1.469717e-03 0.000000e+00)
24.55         	4.822012e-07	(0.000000e+00 1.469717e-03 0.000000e+00)
24.6          	4.820075e-07	(0.000000e+00 1.469717e-03 0.000000e+00)
24.65         	4.818193e-07	(0.000000e+00 1.469717e-03 0.000000e+00)
24.7          	4.816301e-07	(0.000000e+00 1.469717e-03 0.000000e+00)
24.75         	4.814413e-07	(0.000000e+00 1.469717e-03 0.000000e+00)
24.8          	4.812636e-07	(0.000000e+00 1.469717e-03 0.000000e+00)
24.85         	4.810807e-07	(0.000000e+00 1.469717e-03 0.000000e+00)
24.9          	4.809023e-07	(0.000000e+00 1.469717e-03 0.000000e+00)
24.95         	4.807149e-07	(0.000000e+00 1.469717e-03 0.000000e+00)
25            	4.805298e-07	(0.000000e+00 1.469717e-03 0.000000e+00)
25.05         	4.803446e-07	(0.000000e+00 1.469717e-03 0.000000e+00)
25.1          	4.801622e-07	(0.000000e+00 1.469717e-03 0.000000e+00)
25.15         	4.799816e-07	(0.000000e+00 1.469717e-03 0.000000e+00)
25.2          	4.798025e-07	(0.000000e+00 1.469717e-03 0.000000e+00)
25.25         	4.796341e-07	(0.000000e+00 1.469717e-03 0.000000e+00)
25.3          	4.794517e-07	(0.000000e+00 1.469717e-03 0.000000e+00)
25.35         	4.792708e-07	(0.000000e+00 1.469717e-03 0.000000e+00)
25.4          	4.790972e-07	(0.000000e+00 1.469717e-03 0.000000e+00)
25.45         	4.789216e-07	(0.000000e+00 1.469717e-03 0.000000e+00)
25.5          	4.787455e-07	(0.000000e+00 1.469717e-03 0.000000e+00)
25.55         	4.785668e-07	(0.000000e+00 1.469717e-03 0.000000e+00)
25.6          	4.783978e-07	(0.000000e+00 1.469717e-03 0.000000e+00)
25.65         	4.782143e-07	(0.000000e+00 1.469717e-03 0.000000e+00)
25.7          	4.780361e-07	(0.000000e+00 1.469717e-03 0.000000e+00)
25.75         	4.778622e-07	(0.000000e+00 1.469717e-03 0.000000e+00)
25.8          	4.776908e-07	(0.000000e+00 1.469717e-03 0.000000e+00)
25.85         	4.775128e-07	(0.000000e+00 1.469717e-03 0.000000e+00)
25.9          	4.773381e-07	(0.000000e+00 1.469717e-03 0.000000e+00)
25.95         	4.771726e-07	(0.000000e+00 1.469717e-03 0.000000e+00)
26            	4.769984e-07	(0.000000e+00 1.469717e-03 0.000000e+00)
26.05         	4.768224e-07	(0.000000e+00 1.469717e-03 0.000000e+00)
26.1          	4.766525e-07	(0.000000e+00 1.469717e-03 0.000000e+00)
26.15         	4.764775e-07	(0.000000e+00 1.469717e-03 0.000000e+00)
26.2          	4.763038e-07	(0.000000e+00 1.469717e-03 0.000000e+00)
26.25         	4.761381e-07	(0.000000e+00 1.469717e-03 0.000000e+00)
26.3          	4.759677e-07	(0.000000e+00 1.469717e-03 0.000000e+00)
26.35         	4.758024e-07	(0.000000e+00 1.469717e-03 0.000000e+00)
26.4          	4.756306e-07	(0.000000e+00 1.469717e-03 0.000000e+00)
26.45         	4.754549e-07	(0.000000e+00 1.469717e-03 0.000000e+00)
26.5          	4.752792e-07	(0.000000e+00 1.469717e-03 0.000000e+00)
26.55         	4.751183e-07	(0.000000e+00 1.469717e-03 0.000000e+00)
26.6          	4.749475e-07	(0.000000e+00 1.469717e-03 0.000000e+00)
26.65         	4.747785e-07	(0.000000e+00 1.469717e-03 0.000000e+00)
26.7          	4.746120e-07	(0.000000e+00 1.469717e-03 0.000000e+00)
26.75         	4.744573e-07	(0.000000e+00 1.469717e-03 0.000000e+00)
26.8          	4.742955e-07	(0.000000e+00 1.469717e-03 0.000000e+00)
26.85         	4.741311e-07	(0.000000e+00 1.469717e-03 0.000000e+00)
26.9          	4.739761e-07	(0.000000e+00 1.469717e-03 0.000000e+00)
26.95         	4.738130e-07	(0.000000e+00 1.469717e-03 0.000000e+00)
27            	4.736491e-07	(0.000000e+00 1.469717e-03 0.000000e+00)
27.05         	4.734834e-07	(0.000000e+00 1.469717e-03 0.000000e+00)
27.1          	4.733209e-07	(0.000000e+00 1.469717e-03 0.000000e+00)
27.15         	4.731657e-07	(0.000000e+00 1.469717e-03 0.000000e+00)
27.2          	4.730068e-07	(0.000000e+00 1.469717e-03 0.000000e+00)
27.25         	4.728443e-07	(0.000000e+00 1.469717e-03 0.000000e+00)
27.3          	4.726832e-07	(0.000000e+00 1.469717e-03 0.000000e+00)
27.35         	4.725283e-07	(0.000000e+00 1.469717e-03 0.000000e+00)
27.4          	4.723638e-07	(0.000000e+00 1.469717e-03 0.000000e+00)
27.45         	4.722088e-07	(0.000000e+00 1.469717e-03 0.000000e+00)
27.5          	4.720476e-07	(0.000000e+00 1.469717e-03 0.000000e+00)
27.55         	4.718919e-07	(0.000000e+00 1.469717e-03 0.000000e+00)
27.6          	4.717306e-07	(0.000000e+00 1.469717e-03 0.000000e+00)
27.65         	4.715729e-07	(0.000000e+00 1.469717e-03 0.000000e+00)
27.7          	4.714153e-07	(0.000000e+00 1.469717e-03 0.000000e+00)
27.75         	4.712637e-07	(0.000000e+00 1.469717e-03 0.000000e+00)
27.8          	4.711166e-07	(0.000000e+00 1.469717e-03 0.000000e+00)
27.85         	4.709624e-07	(0.000000e+00 1.469717e-03 0.000000e+00)
27.9          	4.708024e-07	(0.000000e+00 1.469717e-03 0.000000e+00)
27.95         	4.706426e-07	(0.000000e+00 1.469717e-03 0.000000e+00)
28            	4.704898e-07	(0.000000e+00 1.469717e-03 0.000000e+00)
28.05         	4.703409e-07	(0.000000e+00 1.469717e-03 0.000000e+00)
28.1          	4.701863e-07	(0.000000e+00 1.469717e-03 0.000000e+00)
28.15         	4.700448e-07	(0.000000e+00 1.469717e-03 0.000000e+00)
28.2          	4.698889e-07	(0.000000e+00 1.469717e-03 0.000000e+00)
28.25         	4.697299e-07	(0.000000e+00 1.469717e-03 0.000000e+00)
28.3          	4.695890e-07	(0.000000e+00 1.469717e-03 0.000000e+00)
28.35         	4.694443e-07	(0.000000e+00 1.469717e-03 0.000000e+00)
28.4          	4.692884e-07	(0.000000e+00 1.469717e-03 0.000000e+00)
28.45         	4.691399e-07	(0.000000e+00 1.469717e-03 0.000000e+00)
28.5          	4.689909e-07	(0.000000e+00 1.469717e-03 0.000000e+00)
28.55         	4.688346e-07	(0.000000e+00 1.469717e-03 0.000000e+00)
28.6          	4.686885e-07	(0.000000e+00 1.469717e-03 0.000000e+00)
28.65         	4.685419e-07	(0.000000e+00 1.469717e-03 0.000000e+00)
28.7          	4.683961e-07	(0.000000e+00 1.469717e-03 0.000000e+00)
28.75         	4.682468e-07	(0.000000e+00 1.469717e-03 0.000000e+00)
28.8          	4.681023e-07	(0.000000e+00 1.469717e-03 0.000000e+00)
28.85         	4.679551e-07	(0.000000e+00 1.469717e-03 0.000000e+00)
28.9          	4.678138e-07	(0.000000e+00 1.469717e-03 0.000000e+00)
28.95         	4.676717e-07	(0.000000e+00 1.469717e-03 0.000000e+00)
29            	4.675240e-07	(0.000000e+00 1.469717e-03 0.000000e+00)
29.05         	4.673771e-07	(0.000000e+00 1.469717e-03 0.000000e+00)
29.1          	4.672335e-07	(0.000000e+00 1.469717e-03 0.000000e+00)
29.15         	4.670916e-07	(0.000000e+00 1.469717e-03 0.000000e+00)
29.2          	4.669524e-07	(0.000000e+00 1.469717e-03 0.000000e+00)
29.25         	4.668044e-07	(0.000000e+00 1.469717e-03 0.000000e+00)
29.3          	4.666733e-07	(0.000000e+00 1.469717e-03 0.000000e+00)
29.35         	4.665309e-07	(0.000000e+00 1.469717e-03 0.000000e+00)
29.4          	4.663965e-07	(0.000000e+00 1.469717e-03 0.000000e+00)
29.45         	4.662589e-07	(0.000000e+00 1.469717e-03 0.000000e+00)
29.5          	4.661246e-07	(0.000000e+00 1.469717e-03 0.000000e+00)
29.55         	4.659841e-07	(0.000000e+00 1.469717e-03 0.000000e+00)
29.6          	4.658482e-07	(0.000000e+00 1.469717e-03 0.000000e+00)
29.65         	4.657139e-07	(0.000000e+00 1.469717e-03 0.000000e+00)
29.7          	4.655805e-07	(0.000000e+00 1.469717e-03 0.000000e+00)
29.75         	4.654496e-07	(0.000000e+00 1.469717e-03 0.000000e+00)
29.8          	4.653227e-07	(0.000000e+00 1.469717e-03 0.000000e+00)
29.85         	4.651832e-07	(0.000000e+00 1.469717e-03 0.000000e+00)
29.9          	4.650480e-07	(0.000000e+00 1.469717e-03 0.000000e+00)
29.95         	4.649120e-07	(0.000000e+00 1.469717e-03 0.000000e+00)
30            	4.647755e-07	(0.000000e+00 1.469717e-03 0.000000e+00)
30.05         	4.646388e-07	(0.000000e+00 1.469717e-03 0.000000e+00)
30.1          	4.645125e-07	(0.000000e+00 1.469717e-03 0.000000e+00)
30.15         	4.643795e-07	(0.000000e+00 1.469717e-03 0.000000e+00)
30.2          	4.642473e-07	(0.000000e+00 1.469717e-03 0.000000e+00)
30.25         	4.641167e-07	(0.000000e+00 1.469717e-03 0.000000e+00)
30.3          	4.639882e-07	(0.000000e+00 1.469717e-03 0.000000e+00)
30.35         	4.638526e-07	(0.000000e+00 1.469717e-03 0.000000e+00)
30.4          	4.637234e-07	(0.000000e+00 1.469717e-03 0.000000e+00)
30.45         	4.635918e-07	(0.000000e+00 1.469717e-03 0.000000e+00)
30.5          	4.634663e-07	(0.000000e+00 1.469717e-03 0.000000e+00)
30.55         	4.633378e-07	(0.000000e+00 1.469717e-03 0.000000e+00)
30.6          	4.632110e-07	(0.000000e+00 1.469717e-03 0.000000e+00)
30.65         	4.630784e-07	(0.000000e+00 1.469717e-03 0.000000e+00)
30.7          	4.629537e-07	(0.000000e+00 1.469717e-03 0.000000e+00)
30.75         	4.628295e-07	(0.000000e+00 1.469717e-03 0.000000e+00)
30.8          	4.627064e-07	(0.000000e+00 1.469717e-03 0.000000e+00)
30.85         	4.625832e-07	(0.000000e+00 1.469717e-03 0.000000e+00)
30.9          	4.624606e-07	(0.000000e+00 1.469717e-03 0.000000e+00)
30.95         	4.623388e-07	(0.000000e+00 1.469717e-03 0.000000e+00)
31            	4.622116e-07	(0.000000e+00 1.469717e-03 0.000000e+00)
31.05         	4.620834e-07	(0.000000e+00 1.469717e-03 0.000000e+00)
31.1          	4.619673e-07	(0.000000e+00 1.469717e-03 0.000000e+00)
31.15         	4.618487e-07	(0.000000e+00 1.469717e-03 0.000000e+00)
31.2          	4.617279e-07	(0.000000e+00 1.469717e-03 0.000000e+00)
31.25         	4.615995e-07	(0.000000e+00 1.469717e-03 0.000000e+00)
31.3          	4.614760e-07	(0.000000e+00 1.469717e-03 0.000000e+00)
31.35         	4.613547e-07	(0.000000e+00 1.469717e-03 0.000000e+00)
31.4          	4.612404e-07	(0.000000e+00 1.469717e-03 0.000000e+00)
31.45         	4.611185e-07	(0.000000e+00 1.469717e-03 0.000000e+00)
31.5          	4.609999e-07	(0.000000e+00 1.469717e-03 0.000000e+00)
31.55         	4.608805e-07	(0.000000e+00 1.469717e-03 0.000000e+00)
31.6          	4.607607e-07	(0.000000e+00 1.469717e-03 0.000000e+00)
31.65         	4.606454e-07	(0.000000e+00 1.469717e-03 0.000000e+00)
31.7          	4.605255e-07	(0.000000e+00 1.469717e-03 0.000000e+00)
31.75         	4.603986e-07	(0.000000e+00 1.469717e-03 0.000000e+00)
31.8          	4.602727e-07	(0.000000e+00 1.469717e-03 0.000000e+00)
31.85         	4.601553e-07	(0.000000e+00 1.469717e-03 0.000000e+00)
31.9          	4.600441e-07	(0.000000e+00 1.469717e-03 0.000000e+00)
31.95         	4.599279e-07	(0.000000e+00 1.469717e-03 0.000000e+00)
32            	4.598077e-07	(0.000000e+00 1.469717e-03 0.000000e+00)
32.05         	4.596949e-07	(0.000000e+00 1.469717e-03 0.000000e+00)
32.1          	4.595781e-07	(0.000000e+00 1.469717e-03 0.000000e+00)
32.15         	4.594646e-07	(0.000000e+00 1.469717e-03 0.000000e+00)
32.2          	4.593493e-07	(0.000000e+00 1.469717e-03 0.000000e+00)
32.25         	4.592320e-07	(0.000000e+00 1.469717e-03 0.000000e+00)
32.3          	4.591231e-07	(0.000000e+00 1.469717e-03 0.000000e+00)
32.35         	4.590046e-07	(0.000000e+00 1.469717e-03 0.000000e+00)
32.4          	4.588969e-07	(0.000000e+00 1.469717e-03 0.000000e+00)
32.45         	4.587846e-07	(0.000000e+00 1.469717e-03 0.000000e+00)
32.5          	4.586801e-07	(0.000000e+00 1.469717e-03 0.000000e+00)
32.55         	4.585683e-07	(0.000000e+00 1.469717e-03 0.000000e+00)
32.6          	4.584560e-07	(0.000000e+00 1.469717e-03 0.000000e+00)
32.65         	4.583403e-07	(0.000000e+00 1.469717e-03 0.000000e+00)
32.7          	4.582278e-07	(0.000000e+00 1.469717e-03 0.000000e+00)
32.75         	4.581182e-07	(0.000000e+00 1.469717e-03 0.000000e+00)
32.8          	4.580078e-07	(0.000000e+00 1.469717e-03 0.000000e+00)
32.85         	4.578957e-07	(0.000000e+00 1.469717e-03 0.000000e+00)
32.9          	4.577886e-07	(0.000000e+00 1.469717e-03 0.000000e+00)
32.95         	4.576729e-07	(0.000000e+00 1.469717e-03 0.000000e+00)
33            	4.575583e-07	(0.000000e+00 1.469717e-03 0.000000e+00)
33.05         	4.574560e-07	(0.000000e+00 1.469717e-03 0.000000e+00)
33.1          	4.573468e-07	(0.000000e+00 1.469717e-03 0.000000e+00)
33.15         	4.572370e-07	(0.000000e+00 1.469717e-03 0.000000e+00)
33.2          	4.571276e-07	(0.000000e+00 1.469717e-03 0.000000e+00)
33.25         	4.570239e-07	(0.000000e+00 1.469717e-03 0.000000e+00)
33.3          	4.569185e-07	(0.000000e+00 1.469717e-03 0.000000e+00)
33.35         	4.568128e-07	(0.000000e+00 1.469717e-03 0.000000e+00)
33.4          	4.567074e-07	(0.000000e+00 1.469717e-03 0.000000e+00)
33.45         	4.566045e-07	(0.000000e+00 1.469717e-03 0.000000e+00)
33.5          	4.565027e-07	(0.000000e+00 1.469717e-03 0.000000e+00)
33.55         	4.564006e-07	(0.000000e+00 1.469717e-03 0.000000e+00)
33.6          	4.562966e-07	(0.000000e+00 1.469717e-03 0.000000e+00)
33.65         	4.561894e-07	(0.000000e+00 1.469717e-03 0.000000e+00)
33.7          	4.560843e-07	(0.000000e+00 1.469717e-03 0.000000e+00)
33.75         	4.559792e-07	(0.000000e+00 1.469717e-03 0.000000e+00)
33.8          	4.558700e-07	(0.000000e+00 1.469717e-03 0.000000e+00)
33.85         	4.557658e-07	(0.000000e+00 1.469717e-03 0.000000e+00)
33.9          	4.556638e-07	(0.000000e+00 1.469717e-03 0.000000e+00)
33.95         	4.555627e-07	(0.000000e+00 1.469717e-03 0.000000e+00)
34            	4.554590e-07	(0.000000e+00 1.469717e-03 0.000000e+00)
34.05         	4.553518e-07	(0.000000e+00 1.469717e-03 0.000000e+00)
34.1          	4.552434e-07	(0.000000e+00 1.469717e-03 0.000000e+00)
34.15         	4.551439e-07	(0.000000e+00 1.469717e-03 0.000000e+00)
34.2          	4.550435e-07	(0.000000e+00 1.469717e-03 0.000000e+00)
34.25         	4.549440e-07	(0.000000e+00 1.469717e-03 0.000000e+00)
34.3          	4.548411e-07	(0.000000e+00 1.469717e-03 0.000000e+00)
34.35         	4.547391e-07	(0.000000e+00 1.469717e-03 0.000000e+00)
34.4          	4.546418e-07	(0.000000e+00 1.469717e-03 0.000000e+00)
34.45         	4.545454e-07	(0.000000e+00 1.469717e-03 0.000000e+00)
34.5          	4.544401e-07	(0.000000e+00 1.469717e-03 0.000000e+00)
34.55         	4.543443e-07	(0.000000e+00 1.469717e-03 0.000000e+00)
34.6          	4.542450e-07	(0.000000e+00 1.469717e-03 0.000000e+00)
34.65         	4.541473e-07	(0.000000e+00 1.469717e-03 0.000000e+00)
34.7          	4.540435e-07	(0.000000e+00 1.469717e-03 0.000000e+00)
34.75         	4.539480e-07	(0.000000e+00 1.469717e-03 0.000000e+00)
34.8          	4.538590e-07	(0.000000e+00 1.469717e-03 0.000000e+00)
34.85         	4.537591e-07	(0.000000e+00 1.469717e-03 0.000000e+00)
34.9          	4.536575e-07	(0.000000e+00 1.469717e-03 0.000000e+00)
34.95         	4.535678e-07	(0.000000e+00 1.469717e-03 0.000000e+00)
35            	4.534688e-07	(0.000000e+00 1.469717e-03 0.000000e+00)
35.05         	4.533701e-07	(0.000000e+00 1.469717e-03 0.000000e+00)
35.1          	4.532782e-07	(0.000000e+00 1.469717e-03 0.000000e+00)
35.15         	4.531848e-07	(0.000000e+00 1.469717e-03 0.000000e+00)
35.2          	4.530847e-07	(0.000000e+00 1.469717e-03 0.000000e+00)
35.25         	4.529871e-07	(0.000000e+00 1.469717e-03 0.000000e+00)
35.3          	4.528962e-07	(0.000000e+00 1.469717e-03 0.000000e+00)
35.35         	4.528047e-07	(0.000000e+00 1.469717e-03 0.000000e+00)
35.4          	4.527133e-07	(0.000000e+00 1.469717e-03 0.000000e+00)
35.45         	4.526199e-07	(0.000000e+00 1.469717e-03 0.000000e+00)
35.5          	4.525297e-07	(0.000000e+00 1.469717e-03 0.000000e+00)
35.55         	4.524415e-07	(0.000000e+00 1.469717e-03 0.000000e+00)
35.6          	4.523472e-07	(0.000000e+00 1.469717e-03 0.000000e+00)
35.65         	4.522485e-07	(0.000000e+00 1.469717e-03 0.000000e+00)
35.7          	4.521574e-07	(0.000000e+00 1.469717e-03 0.000000e+00)
35.75         	4.520698e-07	(0.000000e+00 1.469717e-03 0.000000e+00)
35.8          	4.519725e-07	(0.000000e+00 1.469717e-03 0.000000e+00)
35.85         	4.518888e-07	(0.000000e+00 1.469717e-03 0.000000e+00)
35.9          	4.517965e-07	(0.000000e+00 1.469717e-03 0.000000e+00)
35.95         	4.517002e-07	(0.000000e+00 1.469717e-03 0.000000e+00)
36            	4.516146e-07	(0.000000e+00 1.469717e-03 0.000000e+00)
36.05         	4.515239e-07	(0.000000e+00 1.469717e-03 0.000000e+00)
36.1          	4.514388e-07	(0.000000e+00 1.469717e-03 0.000000e+00)
36.15         	4.513523e-07	(0.000000e+00 1.469717e-03 0.000000e+00)
36.2          	4.512630e-07	(0.000000e+00 1.469717e-03 0.000000e+00)
36.25         	4.511744e-07	(0.000000e+00 1.469717e-03 0.000000e+00)
36.3          	4.510907e-07	(0.000000e+00 1.469717e-03 0.000000e+00)
36.35         	4.510070e-07	(0.000000e+00 1.469717e-03 0.000000e+00)
36.4          	4.509195e-07	(0.000000e+00 1.469717e-03 0.000000e+00)
36.45         	4.508359e-07	(0.000000e+00 1.469717e-03 0.000000e+00)
36.5          	4.507444e-07	(0.000000e+00 1.469717e-03 0.000000e+00)
36.55         	4.506539e-07	(0.000000e+00 1.469717e-03 0.000000e+00)
36.6          	4.505660e-07	(0.000000e+00 1.469717e-03 0.000000e+00)
36.65         	4.504893e-07	(0.000000e+00 1.469717e-03 0.000000e+00)
36.7          	4.503972e-07	(0.000000e+00 1.469717e-03 0.000000e+00)
36.75         	4.503177e-07	(0.000000e+00 1.469717e-03 0.000000e+00)
36.8          	4.502284e-07	(0.000000e+00 1.469717e-03 0.000000e+00)
36.85         	4.501495e-07	(0.000000e+00 1.469717e-03 0.000000e+00)
36.9          	4.500643e-07	(0.000000e+00 1.469717e-03 0.000000e+00)
36.95         	4.499816e-07	(0.000000e+00 1.469717e-03 0.000000e+00)
37            	4.498963e-07	(0.000000e+00 1.469717e-03 0.000000e+00)
37.05         	4.498160e-07	(0.000000e+00 1.469717e-03 0.000000e+00)
37.1          	4.497331e-07	(0.000000e+00 1.469717e-03 0.000000e+00)
37.15         	4.496533e-07	(0.000000e+00 1.469717e-03 0.000000e+00)
37.2          	4.495708e-07	(0.000000e+00 1.469717e-03 0.000000e+00)
37.25         	4.494942e-07	(0.000000e+00 1.469717e-03 0.000000e+00)
37.3          	4.494091e-07	(0.000000e+00 1.469717e-03 0.000000e+00)
37.35         	4.493337e-07	(0.000000e+00 1.469717e-03 0.000000e+00)
37.4          	4.492475e-07	(0.000000e+00 1.469717e-03 0.000000e+00)
37.45         	4.491729e-07	(0.000000e+00 1.469717e-03 0.000000e+00)
37.5          	4.490940e-07	(0.000000e+00 1.469717e-03 0.000000e+00)
37.55         	4.490197e-07	(0.000000e+00 1.469717e-03 0.000000e+00)
37.6          	4.489350e-07	(0.000000e+00 1.469717e-03 0.000000e+00)
37.65         	4.488624e-07	(0.000000e+00 1.469717e-03 0.000000e+00)
37.7          	4.487759e-07	(0.000000e+00 1.469717e-03 0.000000e+00)
37.75         	4.487060e-07	(0.000000e+00 1.469717e-03 0.000000e+00)
37.8          	4.486223e-07	(0.000000e+00 1.469717e-03 0.000000e+00)
37.85         	4.485488e-07	(0.000000e+00 1.469717e-03 0.000000e+00)
37.9          	4.484648e-07	(0.000000e+00 1.469717e-03 0.000000e+00)
37.95         	4.483922e-07	(0.000000e+00 1.469717e-03 0.000000e+00)
38            	4.483096e-07	(0.000000e+00 1.469717e-03 0.000000e+00)
38.05         	4.482425e-07	(0.000000e+00 1.469717e-03 0.000000e+00)
38.1          	4.481655e-07	(0.000000e+00 1.469717e-03 0.000000e+00)
38.15         	4.480971e-07	(0.000000e+00 1.469717e-03 0.000000e+00)
38.2          	4.480140e-07	(0.000000e+00 1.469717e-03 0.000000e+00)
38.25         	4.479474e-07	(0.000000e+00 1.469717e-03 0.000000e+00)
38.3          	4.478646e-07	(0.000000e+00 1.469717e-03 0.000000e+00)
38.35         	4.477953e-07	(0.000000e+00 1.469717e-03 0.000000e+00)
38.4          	4.477105e-07	(0.000000e+00 1.469717e-03 0.000000e+00)
38.45         	4.476450e-07	(0.000000e+00 1.469717e-03 0.000000e+00)
38.5          	4.475667e-07	(0.000000e+00 1.469717e-03 0.000000e+00)
38.55         	4.474994e-07	(0.000000e+00 1.469717e-03 0.000000e+00)
38.6          	4.474158e-07	(0.000000e+00 1.469717e-03 0.000000e+00)
38.65         	4.473552e-07	(0.000000e+00 1.469717e-03 0.000000e+00)
38.7          	4.472758e-07	(0.000000e+00 1.469717e-03 0.000000e+00)
38.75         	4.472124e-07	(0.000000e+00 1.469717e-03 0.000000e+00)
38.8          	4.471328e-07	(0.000000e+00 1.469717e-03 0.000000e+00)
38.85         	4.470727e-07	(0.000000e+00 1.469717e-03 0.000000e+00)
38.9          	4.469945e-07	(0.000000e+00 1.469717e-03 0.000000e+00)
38.95         	4.469330e-07	(0.000000e+00 1.469717e-03 0.000000e+00)
39            	4.468511e-07	(0.000000e+00 1.469717e-03 0.000000e+00)
39.05         	4.467923e-07	(0.000000e+00 1.469717e-03 0.000000e+00)
39.1          	4.467140e-07	(0.000000e+00 1.469717e-03 0.000000e+00)
39.15         	4.466574e-07	(0.000000e+00 1.469717e-03 0.000000e+00)
39.2          	4.465721e-07	(0.000000e+00 1.469717e-03 0.000000e+00)
39.25         	4.465157e-07	(0.000000e+00 1.469717e-03 0.000000e+00)
39.3          	4.464327e-07	(0.000000e+00 1.469717e-03 0.000000e+00)
39.35         	4.463757e-07	(0.000000e+00 1.469717e-03 0.000000e+00)
39.4          	4.462964e-07	(0.000000e+00 1.469717e-03 0.000000e+00)
39.45         	4.462438e-07	(0.000000e+00 1.469717e-03 0.000000e+00)
39.5          	4.461375e-07	(0.000000e+00 1.469717e-03 0.000000e+00)
39.55         	4.461279e-07	(0.000000e+00 1.469717e-03 0.000000e+00)
39.6          	4.460041e-07	(0.000000e+00 1.469717e-03 0.000000e+00)
39.65         	4.459976e-07	(0.000000e+00 1.469717e-03 0.000000e+00)
39.7          	4.458796e-07	(0.000000e+00 1.469717e-03 0.000000e+00)
39.75         	4.458696e-07	(0.000000e+00 1.469717e-03 0.000000e+00)
39.8          	4.457441e-07	(0.000000e+00 1.469717e-03 0.000000e+00)
39.85         	4.457353e-07	(0.000000e+00 1.469717e-03 0.000000e+00)
39.9          	4.456119e-07	(0.000000e+00 1.469717e-03 0.000000e+00)
39.95         	4.455790e-07	(0.000000e+00 1.469717e-03 0.000000e+00)
40            	4.455115e-07	(0.000000e+00 1.469717e-03 0.000000e+00)
40.05         	4.454591e-07	(0.000000e+00 1.469717e-03 0.000000e+00)
40.1          	4.453896e-07	(0.000000e+00 1.469717e-03 0.000000e+00)
40.15         	4.453348e-07	(0.000000e+00 1.469717e-03 0.000000e+00)
40.2          	4.452629e-07	(0.000000e+00 1.469717e-03 0.000000e+00)
40.25         	4.452061e-07	(0.000000e+00 1.469717e-03 0.000000e+00)
40.3          	4.451354e-07	(0.000000e+00 1.469717e-03 0.000000e+00)
40.35         	4.450843e-07	(0.000000e+00 1.469717e-03 0.000000e+00)
40.4          	4.450227e-07	(0.000000e+00 1.469717e-03 0.000000e+00)
40.45         	4.449661e-07	(0.000000e+00 1.469717e-03 0.000000e+00)
40.5          	4.448965e-07	(0.000000e+00 1.469717e-03 0.000000e+00)
40.55         	4.448409e-07	(0.000000e+00 1.469717e-03 0.000000e+00)
40.6          	4.447735e-07	(0.000000e+00 1.469717e-03 0.000000e+00)
40.65         	4.447167e-07	(0.000000e+00 1.469717e-03 0.000000e+00)
40.7          	4.446537e-07	(0.000000e+00 1.469717e-03 0.000000e+00)
40.75         	4.446030e-07	(0.000000e+00 1.469717e-03 0.000000e+00)
40.8          	4.445362e-07	(0.000000e+00 1.469717e-03 0.000000e+00)
40.85         	4.444822e-07	(0.000000e+00 1.469717e-03 0.000000e+00)
40.9          	4.444177e-07	(0.000000e+00 1.469717e-03 0.000000e+00)
40.95         	4.443627e-07	(0.000000e+00 1.469717e-03 0.000000e+00)
41            	4.442975e-07	(0.000000e+00 1.469717e-03 0.000000e+00)
41.05         	4.442451e-07	(0.000000e+00 1.469717e-03 0.000000e+00)
41.1          	4.441842e-07	(0.000000e+00 1.469717e-03 0.000000e+00)
41.15         	4.441335e-07	(0.000000e+00 1.469717e-03 0.000000e+00)
41.2          	4.440728e-07	(0.000000e+00 1.469717e-03 0.000000e+00)
41.25         	4.440167e-07	(0.000000e+00 1.469717e-03 0.000000e+00)
41.3          	4.439545e-07	(0.000000e+00 1.469717e-03 0.000000e+00)
41.35         	4.439025e-07	(0.000000e+00 1.469717e-03 0.000000e+00)
41.4          	4.438430e-07	(0.000000e+00 1.469717e-03 0.000000e+00)
41.45         	4.437858e-07	(0.000000e+00 1.469717e-03 0.000000e+00)
41.5          	4.437317e-07	(0.000000e+00 1.469717e-03 0.000000e+00)
41.55         	4.436765e-07	(0.000000e+00 1.469717e-03 0.000000e+00)
41.6          	4.436239e-07	(0.000000e+00 1.469717e-03 0.000000e+00)
41.65         	4.435723e-07	(0.000000e+00 1.469717e-03 0.000000e+00)
41.7          	4.435165e-07	(0.000000e+00 1.469717e-03 0.000000e+00)
41.75         	4.434585e-07	(0.000000e+00 1.469717e-03 0.000000e+00)
41.8          	4.434039e-07	(0.000000e+00 1.469717e-03 0.000000e+00)
41.85         	4.433474e-07	(0.000000e+00 1.469717e-03 0.000000e+00)
41.9          	4.433000e-07	(0.000000e+00 1.469717e-03 0.000000e+00)
41.95         	4.432476e-07	(0.000000e+00 1.469717e-03 0.000000e+00)
42            	4.431950e-07	(0.000000e+00 1.469717e-03 0.000000e+00)
42.05         	4.431418e-07	(0.000000e+00 1.469717e-03 0.000000e+00)
42.1          	4.430890e-07	(0.000000e+00 1.469717e-03 0.000000e+00)
42.15         	4.430355e-07	(0.000000e+00 1.469717e-03 0.000000e+00)
42.2          	4.429838e-07	(0.000000e+00 1.469717e-03 0.000000e+00)
42.25         	4.429306e-07	(0.000000e+00 1.469717e-03 0.000000e+00)
42.3          	4.428791e-07	(0.000000e+00 1.469717e-03 0.000000e+00)
42.35         	4.428237e-07	(0.000000e+00 1.469717e-03 0.000000e+00)
42.4          	4.427738e-07	(0.000000e+00 1.469717e-03 0.000000e+00)
42.45         	4.427239e-07	(0.000000e+00 1.469717e-03 0.000000e+00)
42.5          	4.426742e-07	(0.000000e+00 1.469717e-03 0.000000e+00)
42.55         	4.426249e-07	(0.000000e+00 1.469717e-03 0.000000e+00)
42.6          	4.425799e-07	(0.000000e+00 1.469717e-03 0.000000e+00)
42.65         	4.425297e-07	(0.000000e+00 1.469717e-03 0.000000e+00)
42.7          	4.424830e-07	(0.000000e+00 1.469717e-03 0.000000e+00)
42.75         	4.424320e-07	(0.000000e+00 1.469717e-03 0.000000e+00)
42.8          	4.423807e-07	(0.000000e+00 1.469717e-03 0.000000e+00)
42.85         	4.423374e-07	(0.000000e+00 1.469717e-03 0.000000e+00)
42.9          	4.422914e-07	(0.000000e+00 1.469717e-03 0.000000e+00)
42.95         	4.422399e-07	(0.000000e+00 1.469717e-03 0.000000e+00)
43            	4.421913e-07	(0.000000e+00 1.469717e-03 0.000000e+00)
43.05         	4.421424e-07	(0.000000e+00 1.469717e-03 0.000000e+00)
43.1          	4.420954e-07	(0.000000e+00 1.469717e-03 0.000000e+00)
43.15         	4.420464e-07	(0.000000e+00 1.469717e-03 0.000000e+00)
43.2          	4.419990e-07	(0.000000e+00 1.469717e-03 0.000000e+00)
43.25         	4.419579e-07	(0.000000e+00 1.469717e-03 0.000000e+00)
43.3          	4.419104e-07	(0.000000e+00 1.469717e-03 0.000000e+00)
43.35         	4.418605e-07	(0.000000e+00 1.469717e-03 0.000000e+00)
43.4          	4.418141e-07	(0.000000e+00 1.469717e-03 0.000000e+00)
43.45         	4.417708e-07	(0.000000e+00 1.469717e-03 0.000000e+00)
43.5          	4.417261e-07	(0.000000e+00 1.469717e-03 0.000000e+00)
43.55         	4.416799e-07	(0.000000e+00 1.469717e-03 0.000000e+00)
43.6          	4.416342e-07	(0.000000e+00 1.469717e-03 0.000000e+00)
43.65         	4.415912e-07	(0.000000e+00 1.469717e-03 0.000000e+00)
43.7          	4.415467e-07	(0.000000e+00 1.469717e-03 0.000000e+00)
43.75         	4.415028e-07	(0.000000e+00 1.469717e-03 0.000000e+00)
43.8          	4.414601e-07	(0.000000e+00 1.469717e-03 0.000000e+00)
43.85         	4.414139e-07	(0.000000e+00 1.469717e-03 0.000000e+00)
43.9          	4.413688e-07	(0.000000e+00 1.469717e-03 0.000000e+00)
43.95         	4.413305e-07	(0.000000e+00 1.469717e-03 0.000000e+00)
44            	4.412879e-07	(0.000000e+00 1.469717e-03 0.000000e+00)
44.05         	4.412466e-07	(0.000000e+00 1.469717e-03 0.000000e+00)
44.1          	4.412024e-07	(0.000000e+00 1.469717e-03 0.000000e+00)
44.15         	4.411617e-07	(0.000000e+00 1.469717e-03 0.000000e+00)
44.2          	4.411194e-07	(0.000000e+00 1.469717e-03 0.000000e+00)
44.25         	4.410761e-07	(0.000000e+00 1.469717e-03 0.000000e+00)
44.3          	4.410332e-07	(0.000000e+00 1.469717e-03 0.000000e+00)
44.35         	4.409920e-07	(0.000000e+00 1.469717e-03 0.000000e+00)
44.4          	4.409494e-07	(0.000000e+00 1.469717e-03 0.000000e+00)
44.45         	4.409078e-07	(0.000000e+00 1.469717e-03 0.000000e+00)
44.5          	4.408682e-07	(0.000000e+00 1.469717e-03 0.000000e+00)
44.55         	4.408282e-07	(0.000000e+00 1.469717e-03 0.000000e+00)
44.6          	4.407929e-07	(0.000000e+00 1.469717e-03 0.000000e+00)
44.65         	4.407533e-07	(0.000000e+00 1.469717e-03 0.000000e+00)
44.7          	4.407167e-07	(0.000000e+00 1.469717e-03 0.000000e+00)
44.75         	4.406770e-07	(0.000000e+00 1.469717e-03 0.000000e+00)
44.8          	4.406383e-07	(0.000000e+00 1.469717e-03 0.000000e+00)
44.85         	4.405990e-07	(0.000000e+00 1.469717e-03 0.000000e+00)
44.9          	4.405588e-07	(0.000000e+00 1.469717e-03 0.000000e+00)
44.95         	4.405212e-07	(0.000000e+00 1.469717e-03 0.000000e+00)
45            	4.404827e-07	(0.000000e+00 1.469717e-03 0.000000e+00)
45.05         	4.404488e-07	(0.000000e+00 1.469717e-03 0.000000e+00)
45.1          	4.404140e-07	(0.000000e+00 1.469717e-03 0.000000e+00)
45.15         	4.403791e-07	(0.000000e+00 1.469717e-03 0.000000e+00)
45.2          	4.403431e-07	(0.000000e+00 1.469717e-03 0.000000e+00)
45.25         	4.403057e-07	(0.000000e+00 1.469717e-03 0.000000e+00)
45.3          	4.402682e-07	(0.000000e+00 1.469717e-03 0.000000e+00)
45.35         	4.402327e-07	(0.000000e+00 1.469717e-03 0.000000e+00)
45.4          	4.401958e-07	(0.000000e+00 1.469717e-03 0.000000e+00)
45.45         	4.401599e-07	(0.000000e+00 1.469717e-03 0.000000e+00)
45.5          	4.401291e-07	(0.000000e+00 1.469717e-03 0.000000e+00)
45.55         	4.400931e-07	(0.000000e+00 1.469717e-03 0.000000e+00)
45.6          	4.400613e-07	(0.000000e+00 1.469717e-03 0.000000e+00)
45.65         	4.400255e-07	(0.000000e+00 1.469717e-03 0.000000e+00)
45.7          	4.399942e-07	(0.000000e+00 1.469717e-03 0.000000e+00)
45.75         	4.399564e-07	(0.000000e+00 1.469717e-03 0.000000e+00)
45.8          	4.399286e-07	(0.000000e+00 1.469717e-03 0.000000e+00)
45.85         	4.398981e-07	(0.000000e+00 1.469717e-03 0.000000e+00)
45.9          	4.398643e-07	(0.000000e+00 1.469717e-03 0.000000e+00)
45.95         	4.398305e-07	(0.000000e+00 1.469717e-03 0.000000e+00)
46            	4.397995e-07	(0.000000e+00 1.469717e-03 0.000000e+00)
46.05         	4.397696e-07	(0.000000e+00 1.469717e-03 0.000000e+00)
46.1          	4.397400e-07	(0.000000e+00 1.469717e-03 0.000000e+00)
46.15         	4.397064e-07	(0.000000e+00 1.469717e-03 0.000000e+00)
46.2          	4.396742e-07	(0.000000e+00 1.469717e-03 0.000000e+00)
46.25         	4.396418e-07	(0.000000e+00 1.469717e-03 0.000000e+00)
46.3          	4.396110e-07	(0.000000e+00 1.469717e-03 0.000000e+00)
46.35         	4.395812e-07	(0.000000e+00 1.469717e-03 0.000000e+00)
46.4          	4.395487e-07	(0.000000e+00 1.469717e-03 0.000000e+00)
46.45         	4.395191e-07	(0.000000e+00 1.469717e-03 0.000000e+00)
46.5          	4.394920e-07	(0.000000e+00 1.469717e-03 0.000000e+00)
46.55         	4.394613e-07	(0.000000e+00 1.469717e-03 0.000000e+00)
46.6          	4.394322e-07	(0.000000e+00 1.469717e-03 0.000000e+00)
46.65         	4.394024e-07	(0.000000e+00 1.469717e-03 0.000000e+00)
46.7          	4.393764e-07	(0.000000e+00 1.469717e-03 0.000000e+00)
46.75         	4.393461e-07	(0.000000e+00 1.469717e-03 0.000000e+00)
46.8          	4.393177e-07	(0.000000e+00 1.469717e-03 0.000000e+00)
46.85         	4.392925e-07	(0.000000e+00 1.469717e-03 0.000000e+00)
46.9          	4.392648e-07	(0.000000e+00 1.469717e-03 0.000000e+00)
46.95         	4.392388e-07	(0.000000e+00 1.469717e-03 0.000000e+00)
47            	4.392105e-07	(0.000000e+00 1.469717e-03 0.000000e+00)
47.05         	4.391835e-07	(0.000000e+00 1.469717e-03 0.000000e+00)
47.1          	4.391556e-07	(0.000000e+00 1.469717e-03 0.000000e+00)
47.15         	4.391265e-07	(0.000000e+00 1.469717e-03 0.000000e+00)
47.2          	4.391000e-07	(0.000000e+00 1.469717e-03 0.000000e+00)
47.25         	4.390736e-07	(0.000000e+00 1.469717e-03 0.000000e+00)
47.3          	4.390500e-07	(0.000000e+00 1.469717e-03 0.000000e+00)
47.35         	4.390237e-07	(0.000000e+00 1.469717e-03 0.000000e+00)
47.4          	4.389995e-07	(0.000000e+00 1.469717e-03 0.000000e+00)
47.45         	4.389705e-07	(0.000000e+00 1.469717e-03 0.000000e+00)
47.5          	4.389480e-07	(0.000000e+00 1.469717e-03 0.000000e+00)
47.55         	4.389207e-07	(0.000000e+00 1.469717e-03 0.000000e+00)
47.6          	4.388963e-07	(0.000000e+00 1.469717e-03 0.000000e+00)
47.65         	4.388716e-07	(0.000000e+00 1.469717e-03 0.000000e+00)
47.7          	4.388456e-07	(0.000000e+00 1.469717e-03 0.000000e+00)
47.75         	4.388215e-07	(0.000000e+00 1.469717e-03 0.000000e+00)
47.8          	4.388006e-07	(0.000000e+00 1.469717e-03 0.000000e+00)
47.85         	4.387728e-07	(0.000000e+00 1.469717e-03 0.000000e+00)
47.9          	4.387524e-07	(0.000000e+00 1.469717e-03 0.000000e+00)
47.95         	4.387357e-07	(0.000000e+00 1.469717e-03 0.000000e+00)
48            	4.387139e-07	(0.000000e+00 1.469717e-03 0.000000e+00)
48.05         	4.386897e-07	(0.000000e+00 1.469717e-03 0.000000e+00)
48.1          	4.386652e-07	(0.000000e+00 1.469717e-03 0.000000e+00)
48.15         	4.386429e-07	(0.000000e+00 1.469717e-03 0.000000e+00)
48.2          	4.386208e-07	(0.000000e+00 1.469717e-03 0.000000e+00)
48.25         	4.385954e-07	(0.000000e+00 1.469717e-03 0.000000e+00)
48.3          	4.385736e-07	(0.000000e+00 1.469717e-03 0.000000e+00)
48.35         	4.385518e-07	(0.000000e+00 1.469717e-03 0.000000e+00)
48.4          	4.385349e-07	(0.000000e+00 1.469717e-03 0.000000e+00)
48.45         	4.385158e-07	(0.000000e+00 1.469717e-03 0.000000e+00)
48.5          	4.384968e-07	(0.000000e+00 1.469717e-03 0.000000e+00)
48.55         	4.384790e-07	(0.000000e+00 1.469717e-03 0.000000e+00)
48.6          	4.384582e-07	(0.000000e+00 1.469717e-03 0.000000e+00)
48.65         	4.384391e-07	(0.000000e+00 1.469717e-03 0.000000e+00)
48.7          	4.384170e-07	(0.000000e+00 1.469717e-03 0.000000e+00)
48.75         	4.383999e-07	(0.000000e+00 1.469717e-03 0.000000e+00)
48.8          	4.383778e-07	(0.000000e+00 1.469717e-03 0.000000e+00)
48.85         	4.383555e-07	(0.000000e+00 1.469717e-03 0.000000e+00)
48.9          	4.383334e-07	(0.000000e+00 1.469717e-03 0.000000e+00)
48.95         	4.383138e-07	(0.000000e+00 1.469717e-03 0.000000e+00)
49            	4.382952e-07	(0.000000e+00 1.469717e-03 0.000000e+00)
49.05         	4.382746e-07	(0.000000e+00 1.469717e-03 0.000000e+00)
49.1          	4.382570e-07	(0.000000e+00 1.469717e-03 0.000000e+00)
49.15         	4.382398e-07	(0.000000e+00 1.469717e-03 0.000000e+00)
49.2          	4.382214e-07	(0.000000e+00 1.469717e-03 0.000000e+00)
49.25         	4.382052e-07	(0.000000e+00 1.469717e-03 0.000000e+00)
49.3          	4.381894e-07	(0.000000e+00 1.469717e-03 0.000000e+00)
49.35         	4.381736e-07	(0.000000e+00 1.469717e-03 0.000000e+00)
49.4          	4.381555e-07	(0.000000e+00 1.469717e-03 0.000000e+00)
49.45         	4.381362e-07	(0.000000e+00 1.469717e-03 0.000000e+00)
49.5          	4.381226e-07	(0.000000e+00 1.469717e-03 0.000000e+00)
49.55         	4.381090e-07	(0.000000e+00 1.469717e-03 0.000000e+00)
49.6          	4.380912e-07	(0.000000e+00 1.469717e-03 0.000000e+00)
49.65         	4.380765e-07	(0.000000e+00 1.469717e-03 0.000000e+00)
49.7          	4.380642e-07	(0.000000e+00 1.469717e-03 0.000000e+00)
49.75         	4.380471e-07	(0.000000e+00 1.469717e-03 0.000000e+00)
49.8          	4.380349e-07	(0.000000e+00 1.469717e-03 0.000000e+00)
49.85         	4.380210e-07	(0.000000e+00 1.469717e-03 0.000000e+00)
49.9          	4.380048e-07	(0.000000e+00 1.469717e-03 0.000000e+00)
49.95         	4.379882e-07	(0.000000e+00 1.469717e-03 0.000000e+00)
50            	4.379732e-07	(0.000000e+00 1.469717e-03 0.000000e+00)
50.05         	4.379617e-07	(0.000000e+00 1.469717e-03 0.000000e+00)
50.1          	4.379471e-07	(0.000000e+00 1.469717e-03 0.000000e+00)
50.15         	4.379305e-07	(0.000000e+00 1.469717e-03 0.000000e+00)
50.2          	4.379163e-07	(0.000000e+00 1.469717e-03 0.000000e+00)
50.25         	4.379012e-07	(0.000000e+00 1.469717e-03 0.000000e+00)
50.3          	4.378866e-07	(0.000000e+00 1.469717e-03 0.000000e+00)
50.35         	4.378729e-07	(0.000000e+00 1.469717e-03 0.000000e+00)
50.4          	4.378599e-07	(0.000000e+00 1.469717e-03 0.000000e+00)
50.45         	4.378454e-07	(0.000000e+00 1.469717e-03 0.000000e+00)
50.5          	4.378369e-07	(0.000000e+00 1.469717e-03 0.000000e+00)
50.55         	4.378241e-07	(0.000000e+00 1.469717e-03 0.000000e+00)
50.6          	4.378139e-07	(0.000000e+00 1.469717e-03 0.000000e+00)
50.65         	4.378023e-07	(0.000000e+00 1.469717e-03 0.000000e+00)
50.7          	4.377869e-07	(0.000000e+00 1.469717e-03 0.000000e+00)
50.75         	4.377753e-07	(0.000000e+00 1.469717e-03 0.000000e+00)
50.8          	4.377667e-07	(0.000000e+00 1.469717e-03 0.000000e+00)
50.85         	4.377541e-07	(0.000000e+00 1.469717e-03 0.000000e+00)
50.9          	4.377423e-07	(0.000000e+00 1.469717e-03 0.000000e+00)
50.95         	4.377291e-07	(0.000000e+00 1.469717e-03 0.000000e+00)
51            	4.377191e-07	(0.000000e+00 1.469717e-03 0.000000e+00)
51.05         	4.377062e-07	(0.000000e+00 1.469717e-03 0.000000e+00)
51.1          	4.376972e-07	(0.000000e+00 1.469717e-03 0.000000e+00)
51.15         	4.376875e-07	(0.000000e+00 1.469717e-03 0.000000e+00)
51.2          	4.376766e-07	(0.000000e+00 1.469717e-03 0.000000e+00)
51.25         	4.376665e-07	(0.000000e+00 1.469717e-03 0.000000e+00)
51.3          	4.376579e-07	(0.000000e+00 1.469717e-03 0.000000e+00)
51.35         	4.376462e-07	(0.000000e+00 1.469717e-03 0.000000e+00)
51.4          	4.376362e-07	(0.000000e+00 1.469717e-03 0.000000e+00)
51.45         	4.376254e-07	(0.000000e+00 1.469717e-03 0.000000e+00)
51.5          	4.376147e-07	(0.000000e+00 1.469717e-03 0.000000e+00)
51.55         	4.376040e-07	(0.000000e+00 1.469717e-03 0.000000e+00)
51.6          	4.375930e-07	(0.000000e+00 1.469717e-03 0.000000e+00)
51.65         	4.375823e-07	(0.000000e+00 1.469717e-03 0.000000e+00)
51.7          	4.375757e-07	(0.000000e+00 1.469717e-03 0.000000e+00)
51.75         	4.375697e-07	(0.000000e+00 1.469717e-03 0.000000e+00)
51.8          	4.375616e-07	(0.000000e+00 1.469717e-03 0.000000e+00)
51.85         	4.375538e-07	(0.000000e+00 1.469717e-03 0.000000e+00)
51.9          	4.375463e-07	(0.000000e+00 1.469717e-03 0.000000e+00)
51.95         	4.375400e-07	(0.000000e+00 1.469717e-03 0.000000e+00)
52            	4.375327e-07	(0.000000e+00 1.469717e-03 0.000000e+00)
52.05         	4.375247e-07	(0.000000e+00 1.469717e-03 0.000000e+00)
52.1          	4.375178e-07	(0.000000e+00 1.469717e-03 0.000000e+00)
52.15         	4.375104e-07	(0.000000e+00 1.469717e-03 0.000000e+00)
52.2          	4.375012e-07	(0.000000e+00 1.469717e-03 0.000000e+00)
52.25         	4.374976e-07	(0.000000e+00 1.469717e-03 0.000000e+00)
52.3          	4.374893e-07	(0.000000e+00 1.469717e-03 0.000000e+00)
52.35         	4.374814e-07	(0.000000e+00 1.469717e-03 0.000000e+00)
52.4          	4.374749e-07	(0.000000e+00 1.469717e-03 0.000000e+00)
52.45         	4.374736e-07	(0.000000e+00 1.469717e-03 0.000000e+00)
52.5          	4.374659e-07	(0.000000e+00 1.469717e-03 0.000000e+00)
52.55         	4.374607e-07	(0.000000e+00 1.469717e-03 0.000000e+00)
52.6          	4.374539e-07	(0.000000e+00 1.469717e-03 0.000000e+00)
52.65         	4.374505e-07	(0.000000e+00 1.469717e-03 0.000000e+00)
52.7          	4.374467e-07	(0.000000e+00 1.469717e-03 0.000000e+00)
52.75         	4.374364e-07	(0.000000e+00 1.469717e-03 0.000000e+00)
52.8          	4.374299e-07	(0.000000e+00 1.469717e-03 0.000000e+00)
52.85         	4.374247e-07	(0.000000e+00 1.469717e-03 0.000000e+00)
52.9          	4.374175e-07	(0.000000e+00 1.469717e-03 0.000000e+00)
52.95         	4.374115e-07	(0.000000e+00 1.469717e-03 0.000000e+00)
53            	4.374083e-07	(0.000000e+00 1.469717e-03 0.000000e+00)
53.05         	4.374047e-07	(0.000000e+00 1.469717e-03 0.000000e+00)
53.1          	4.374001e-07	(0.000000e+00 1.469717e-03 0.000000e+00)
53.15         	4.373950e-07	(0.000000e+00 1.469717e-03 0.000000e+00)
53.2          	4.373920e-07	(0.000000e+00 1.469717e-03 0.000000e+00)
53.25         	4.373903e-07	(0.000000e+00 1.469717e-03 0.000000e+00)
53.3          	4.373831e-07	(0.000000e+00 1.469717e-03 0.000000e+00)
53.35         	4.373816e-07	(0.000000e+00 1.469717e-03 0.000000e+00)
53.4          	4.373769e-07	(0.000000e+00 1.469717e-03 0.000000e+00)
53.45         	4.373733e-07	(0.000000e+00 1.469717e-03 0.000000e+00)
53.5          	4.373713e-07	(0.000000e+00 1.469717e-03 0.000000e+00)
53.55         	4.373687e-07	(0.000000e+00 1.469717e-03 0.000000e+00)
53.6          	4.373663e-07	(0.000000e+00 1.469717e-03 0.000000e+00)
53.65         	4.373638e-07	(0.000000e+00 1.469717e-03 0.000000e+00)
53.7          	4.373612e-07	(0.000000e+00 1.469717e-03 0.000000e+00)
53.75         	4.373579e-07	(0.000000e+00 1.469717e-03 0.000000e+00)
53.8          	4.373535e-07	(0.000000e+00 1.469717e-03 0.000000e+00)
53.85         	4.373511e-07	(0.000000e+00 1.469717e-03 0.000000e+00)
53.9          	4.373526e-07	(0.000000e+00 1.469717e-03 0.000000e+00)
53.95         	4.373492e-07	(0.000000e+00 1.469717e-03 0.000000e+00)
54            	4.373458e-07	(0.000000e+00 1.469717e-03 0.000000e+00)
54.05         	4.373434e-07	(0.000000e+00 1.469717e-03 0.000000e+00)
54.1          	4.373412e-07	(0.000000e+00 1.469717e-03 0.000000e+00)
54.15         	4.373402e-07	(0.000000e+00 1.469717e-03 0.000000e+00)
54.2          	4.373404e-07	(0.000000e+00 1.469717e-03 0.000000e+00)
54.25         	4.373377e-07	(0.000000e+00 1.469717e-03 0.000000e+00)
54.3          	4.373348e-07	(0.000000e+00 1.469717e-03 0.000000e+00)
54.35         	4.373332e-07	(0.000000e+00 1.469717e-03 0.000000e+00)
54.4          	4.373309e-07	(0.000000e+00 1.469717e-03 0.000000e+00)
54.45         	4.373300e-07	(0.000000e+00 1.469717e-03 0.000000e+00)
54.5          	4.373285e-07	(0.000000e+00 1.469717e-03 0.000000e+00)
54.55         	4.373298e-07	(0.000000e+00 1.469717e-03 0.000000e+00)
54.6          	4.373271e-07	(0.000000e+00 1.469717e-03 0.000000e+00)
54.65         	4.373259e-07	(0.000000e+00 1.469717e-03 0.000000e+00)
54.7          	4.373259e-07	(0.000000e+00 1.469717e-03 0.000000e+00)
54.75         	4.373228e-07	(0.000000e+00 1.469717e-03 0.000000e+00)
54.8          	4.373215e-07	(0.000000e+00 1.469717e-03 0.000000e+00)
54.85         	4.373199e-07	(0.000000e+00 1.469717e-03 0.000000e+00)
54.9          	4.373212e-07	(0.000000e+00 1.469717e-03 0.000000e+00)
54.95         	4.373212e-07	(0.000000e+00 1.469717e-03 0.000000e+00)
55            	4.373202e-07	(0.000000e+00 1.469717e-03 0.000000e+00)
55.05         	4.373196e-07	(0.000000e+00 1.469717e-03 0.000000e+00)
55.1          	4.373250e-07	(0.000000e+00 1.469717e-03 0.000000e+00)
55.15         	4.373248e-07	(0.000000e+00 1.469717e-03 0.000000e+00)
55.2          	4.373260e-07	(0.000000e+00 1.469717e-03 0.000000e+00)
55.25         	4.373260e-07	(0.000000e+00 1.469717e-03 0.000000e+00)
55.3          	4.373249e-07	(0.000000e+00 1.469717e-03 0.000000e+00)
55.35         	4.373267e-07	(0.000000e+00 1.469717e-03 0.000000e+00)
55.4          	4.373273e-07	(0.000000e+00 1.469717e-03 0.000000e+00)
55.45         	4.373289e-07	(0.000000e+00 1.469717e-03 0.000000e+00)
55.5          	4.373299e-07	(0.000000e+00 1.469717e-03 0.000000e+00)
55.55         	4.373269e-07	(0.000000e+00 1.469717e-03 0.000000e+00)
55.6          	4.373285e-07	(0.000000e+00 1.469717e-03 0.000000e+00)
55.65         	4.373295e-07	(0.000000e+00 1.469717e-03 0.000000e+00)
55.7          	4.373305e-07	(0.000000e+00 1.469717e-03 0.000000e+00)
55.75         	4.373319e-07	(0.000000e+00 1.469717e-03 0.000000e+00)
55.8          	4.373322e-07	(0.000000e+00 1.469717e-03 0.000000e+00)
55.85         	4.373319e-07	(0.000000e+00 1.469717e-03 0.000000e+00)
55.9          	4.373323e-07	(0.000000e+00 1.469717e-03 0.000000e+00)
55.95         	4.373332e-07	(0.000000e+00 1.469717e-03 0.000000e+00)
56            	4.373378e-07	(0.000000e+00 1.469717e-03 0.000000e+00)
56.05         	4.373377e-07	(0.000000e+00 1.469717e-03 0.000000e+00)
56.1          	4.373353e-07	(0.000000e+00 1.469717e-03 0.000000e+00)
56.15         	4.373373e-07	(0.000000e+00 1.469717e-03 0.000000e+00)
56.2          	4.373386e-07	(0.000000e+00 1.469717e-03 0.000000e+00)
56.25         	4.373419e-07	(0.000000e+00 1.469717e-03 0.000000e+00)
56.3          	4.373446e-07	(0.000000e+00 1.469717e-03 0.000000e+00)
56.35         	4.373456e-07	(0.000000e+00 1.469717e-03 0.000000e+00)
56.4          	4.373465e-07	(0.000000e+00 1.469717e-03 0.000000e+00)
56.45         	4.373538e-07	(0.000000e+00 1.469717e-03 0.000000e+00)
56.5          	4.373563e-07	(0.000000e+00 1.469717e-03 0.000000e+00)
56.55         	4.373559e-07	(0.000000e+00 1.469717e-03 0.000000e+00)
56.6          	4.373577e-07	(0.000000e+00 1.469717e-03 0.000000e+00)
56.65         	4.373621e-07	(0.000000e+00 1.469717e-03 0.000000e+00)
56.7          	4.373645e-07	(0.000000e+00 1.469717e-03 0.000000e+00)
56.75         	4.373683e-07	(0.000000e+00 1.469717e-03 0.000000e+00)
56.8          	4.373703e-07	(0.000000e+00 1.469717e-03 0.000000e+00)
56.85         	4.373742e-07	(0.000000e+00 1.469717e-03 0.000000e+00)
56.9          	4.373764e-07	(0.000000e+00 1.469717e-03 0.000000e+00)
56.95         	4.373797e-07	(0.000000e+00 1.469717e-03 0.000000e+00)
57            	4.373810e-07	(0.000000e+00 1.469717e-03 0.000000e+00)
57.05         	4.373851e-07	(0.000000e+00 1.469717e-03 0.000000e+00)
57.1          	4.373869e-07	(0.000000e+00 1.469717e-03 0.000000e+00)
57.15         	4.373893e-07	(0.000000e+00 1.469717e-03 0.000000e+00)
57.2          	4.373943e-07	(0.000000e+00 1.469717e-03 0.000000e+00)
57.25         	4.373996e-07	(0.000000e+00 1.469717e-03 0.000000e+00)
57.3          	4.374030e-07	(0.000000e+00 1.469717e-03 0.000000e+00)
57.35         	4.374062e-07	(0.000000e+00 1.469717e-03 0.000000e+00)
57.4          	4.374084e-07	(0.000000e+00 1.469717e-03 0.000000e+00)
57.45         	4.374124e-07	(0.000000e+00 1.469717e-03 0.000000e+00)
57.5          	4.374160e-07	(0.000000e+00 1.469717e-03 0.000000e+00)
57.55         	4.374190e-07	(0.000000e+00 1.469717e-03 0.000000e+00)
57.6          	4.374210e-07	(0.000000e+00 1.469717e-03 0.000000e+00)
57.65         	4.374239e-07	(0.000000e+00 1.469717e-03 0.000000e+00)
57.7          	4.374286e-07	(0.000000e+00 1.469717e-03 0.000000e+00)
57.75         	4.374323e-07	(0.000000e+00 1.469717e-03 0.000000e+00)
57.8          	4.374316e-07	(0.000000e+00 1.469717e-03 0.000000e+00)
57.85         	4.374350e-07	(0.000000e+00 1.469717e-03 0.000000e+00)
57.9          	4.374404e-07	(0.000000e+00 1.469717e-03 0.000000e+00)
57.95         	4.374463e-07	(0.000000e+00 1.469717e-03 0.000000e+00)
58            	4.374496e-07	(0.000000e+00 1.469717e-03 0.000000e+00)
58.05         	4.374521e-07	(0.000000e+00 1.469717e-03 0.000000e+00)
58.1          	4.374558e-07	(0.000000e+00 1.469717e-03 0.000000e+00)
58.15         	4.374613e-07	(0.000000e+00 1.469717e-03 0.000000e+00)
58.2          	4.374676e-07	(0.000000e+00 1.469717e-03 0.000000e+00)
58.25         	4.374714e-07	(0.000000e+00 1.469717e-03 0.000000e+00)
58.3          	4.374746e-07	(0.000000e+00 1.469717e-03 0.000000e+00)
58.35         	4.374753e-07	(0.000000e+00 1.469717e-03 0.000000e+00)
58.4          	4.374784e-07	(0.000000e+00 1.469717e-03 0.000000e+00)
58.45         	4.374820e-07	(0.000000e+00 1.469717e-03 0.000000e+00)
58.5          	4.374895e-07	(0.000000e+00 1.469717e-03 0.000000e+00)
58.55         	4.374918e-07	(0.000000e+00 1.469717e-03 0.000000e+00)
58.6          	4.374966e-07	(0.000000e+00 1.469717e-03 0.000000e+00)
58.65         	4.375005e-07	(0.000000e+00 1.469717e-03 0.000000e+00)
58.7          	4.375048e-07	(0.000000e+00 1.469717e-03 0.000000e+00)
58.75         	4.375108e-07	(0.000000e+00 1.469717e-03 0.000000e+00)
58.8          	4.375165e-07	(0.000000e+00 1.469717e-03 0.000000e+00)
58.85         	4.375216e-07	(0.000000e+00 1.469717e-03 0.000000e+00)
58.9          	4.375275e-07	(0.000000e+00 1.469717e-03 0.000000e+00)
58.95         	4.375302e-07	(0.000000e+00 1.469717e-03 0.000000e+00)
59            	4.375375e-07	(0.000000e+00 1.469717e-03 0.000000e+00)
59.05         	4.375421e-07	(0.000000e+00 1.469717e-03 0.000000e+00)
59.1          	4.375467e-07	(0.000000e+00 1.469717e-03 0.000000e+00)
59.15         	4.375509e-07	(0.000000e+00 1.469717e-03 0.000000e+00)
59.2          	4.375561e-07	(0.000000e+00 1.469717e-03 0.000000e+00)
59.25         	4.375636e-07	(0.000000e+00 1.469717e-03 0.000000e+00)
59.3          	4.375688e-07	(0.000000e+00 1.469717e-03 0.000000e+00)
59.35         	4.375751e-07	(0.000000e+00 1.469717e-03 0.000000e+00)
59.4          	4.375802e-07	(0.000000e+00 1.469717e-03 0.000000e+00)
59.45         	4.375841e-07	(0.000000e+00 1.469717e-03 0.000000e+00)
59.5          	4.375883e-07	(0.000000e+00 1.469717e-03 0.000000e+00)
59.55         	4.375955e-07	(0.000000e+00 1.469717e-03 0.000000e+00)
59.6          	4.376010e-07	(0.000000e+00 1.469717e-03 0.000000e+00)
59.65         	4.376089e-07	(0.000000e+00 1.469717e-03 0.000000e+00)
59.7          	4.376137e-07	(0.000000e+00 1.469717e-03 0.000000e+00)
59.75         	4.376181e-07	(0.000000e+00 1.469717e-03 0.000000e+00)
59.8          	4.376233e-07	(0.000000e+00 1.469717e-03 0.000000e+00)
59.85         	4.376290e-07	(0.000000e+00 1.469717e-03 0.000000e+00)
59.9          	4.376354e-07	(0.000000e+00 1.469717e-03 0.000000e+00)
59.95         	4.376395e-07	(0.000000e+00 1.469717e-03 0.000000e+00)
60            	4.376456e-07	(0.000000e+00 1.469717e-03 0.000000e+00)
60.05         	4.376514e-07	(0.000000e+00 1.469717e-03 0.000000e+00)
60.1          	4.376561e-07	(0.000000e+00 1.469717e-03 0.000000e+00)
60.15         	4.376607e-07	(0.000000e+00 1.469717e-03 0.000000e+00)
60.2          	4.376694e-07	(0.000000e+00 1.469717e-03 0.000000e+00)
60.25         	4.376737e-07	(0.000000e+00 1.469717e-03 0.000000e+00)
60.3          	4.376805e-07	(0.000000e+00 1.469717e-03 0.000000e+00)
60.35         	4.376866e-07	(0.000000e+00 1.469717e-03 0.000000e+00)
60.4          	4.376942e-07	(0.000000e+00 1.469717e-03 0.000000e+00)
60.45         	4.377005e-07	(0.000000e+00 1.469717e-03 0.000000e+00)
60.5          	4.377080e-07	(0.000000e+00 1.469717e-03 0.000000e+00)
60.55         	4.377145e-07	(0.000000e+00 1.469717e-03 0.000000e+00)
60.6          	4.377198e-07	(0.000000e+00 1.469717e-03 0.000000e+00)
60.65         	4.377242e-07	(0.000000e+00 1.469717e-03 0.000000e+00)
60.7          	4.377305e-07	(0.000000e+00 1.469717e-03 0.000000e+00)
60.75         	4.377399e-07	(0.000000e+00 1.469717e-03 0.000000e+00)
60.8          	4.377450e-07	(0.000000e+00 1.469717e-03 0.000000e+00)
60.85         	4.377537e-07	(0.000000e+00 1.469717e-03 0.000000e+00)
60.9          	4.377610e-07	(0.000000e+00 1.469717e-03 0.000000e+00)
60.95         	4.377682e-07	(0.000000e+00 1.469717e-03 0.000000e+00)
61            	4.377736e-07	(0.000000e+00 1.469717e-03 0.000000e+00)
61.05         	4.377801e-07	(0.000000e+00 1.469717e-03 0.000000e+00)
61.1          	4.377890e-07	(0.000000e+00 1.469717e-03 0.000000e+00)
61.15         	4.377985e-07	(0.000000e+00 1.469717e-03 0.000000e+00)
61.2          	4.378068e-07	(0.000000e+00 1.469717e-03 0.000000e+00)
61.25         	4.378120e-07	(0.000000e+00 1.469717e-03 0.000000e+00)
61.3          	4.378184e-07	(0.000000e+00 1.469717e-03 0.000000e+00)
61.35         	4.378227e-07	(0.000000e+00 1.469717e-03 0.000000e+00)
61.4          	4.378310e-07	(0.000000e+00 1.469717e-03 0.000000e+00)
61.45         	4.378381e-07	(0.000000e+00 1.469717e-03 0.000000e+00)
61.5          	4.378490e-07	(0.000000e+00 1.469717e-03 0.000000e+00)
61.55         	4.378572e-07	(0.000000e+00 1.469717e-03 0.000000e+00)
61.6          	4.378669e-07	(0.000000e+00 1.469717e-03 0.000000e+00)
61.65         	4.378741e-07	(0.000000e+00 1.469717e-03 0.000000e+00)
61.7          	4.378843e-07	(0.000000e+00 1.469717e-03 0.000000e+00)
61.75         	4.378927e-07	(0.000000e+00 1.469717e-03 0.000000e+00)
61.8          	4.379020e-07	(0.000000e+00 1.469717e-03 0.000000e+00)
61.85         	4.379097e-07	(0.000000e+00 1.469717e-03 0.000000e+00)
61.9          	4.379173e-07	(0.000000e+00 1.469717e-03 0.000000e+00)
61.95         	4.379247e-07	(0.000000e+00 1.469717e-03 0.000000e+00)
62            	4.379366e-07	(0.000000e+00 1.469717e-03 0.000000e+00)
62.05         	4.379438e-07	(0.000000e+00 1.469717e-03 0.000000e+00)
62.1          	4.379525e-07	(0.000000e+00 1.469717e-03 0.000000e+00)
62.15         	4.379597e-07	(0.000000e+00 1.469717e-03 0.000000e+00)
62.2          	4.379685e-07	(0.000000e+00 1.469717e-03 0.000000e+00)
62.25         	4.379749e-07	(0.000000e+00 1.469717e-03 0.000000e+00)
62.3          	4.379844e-07	(0.000000e+00 1.469717e-03 0.000000e+00)
62.35         	4.379947e-07	(0.000000e+00 1.469717e-03 0.000000e+00)
62.4          	4.380047e-07	(0.000000e+00 1.469717e-03 0.000000e+00)
62.45         	4.380132e-07	(0.000000e+00 1.469717e-03 0.000000e+00)
62.5          	4.380248e-07	(0.000000e+00 1.469717e-03 0.000000e+00)
62.55         	4.380544e-07	(0.000000e+00 1.469717e-03 0.000000e+00)
62.6          	4.380212e-07	(0.000000e+00 1.469717e-03 0.000000e+00)
62.65         	4.380716e-07	(0.000000e+00 1.469717e-03 0.000000e+00)
62.7          	4.380420e-07	(0.000000e+00 1.469717e-03 0.000000e+00)
62.75         	4.380919e-07	(0.000000e+00 1.469717e-03 0.000000e+00)
62.8          	4.380614e-07	(0.000000e+00 1.469717e-03 0.000000e+00)
62.85         	4.381129e-07	(0.000000e+00 1.469717e-03 0.000000e+00)
62.9          	4.380838e-07	(0.000000e+00 1.469717e-03 0.000000e+00)
62.95         	4.381343e-07	(0.000000e+00 1.469717e-03 0.000000e+00)
63            	4.381050e-07	(0.000000e+00 1.469717e-03 0.000000e+00)
63.05         	4.381562e-07	(0.000000e+00 1.469717e-03 0.000000e+00)
63.1          	4.381275e-07	(0.000000e+00 1.469717e-03 0.000000e+00)
63.15         	4.381779e-07	(0.000000e+00 1.469717e-03 0.000000e+00)
63.2          	4.381501e-07	(0.000000e+00 1.469717e-03 0.000000e+00)
63.25         	4.381985e-07	(0.000000e+00 1.469717e-03 0.000000e+00)
63.3          	4.381911e-07	(0.000000e+00 1.469717e-03 0.000000e+00)
63.35         	4.382003e-07	(0.000000e+00 1.469717e-03 0.000000e+00)
63.4          	4.382130e-07	(0.000000e+00 1.469717e-03 0.000000e+00)
63.45         	4.382246e-07	(0.000000e+00 1.469717e-03 0.000000e+00)
63.5          	4.382367e-07	(0.000000e+00 1.469717e-03 0.000000e+00)
63.55         	4.382492e-07	(0.000000e+00 1.469717e-03 0.000000e+00)
63.6          	4.382628e-07	(0.000000e+00 1.469717e-03 0.000000e+00)
63.65         	4.382751e-07	(0.000000e+00 1.469717e-03 0.000000e+00)
63.7          	4.382877e-07	(0.000000e+00 1.469717e-03 0.000000e+00)
63.75         	4.383003e-07	(0.000000e+00 1.469717e-03 0.000000e+00)
63.8          	4.383130e-07	(0.000000e+00 1.469717e-03 0.000000e+00)
63.85         	4.383262e-07	(0.000000e+00 1.469717e-03 0.000000e+00)
63.9          	4.383388e-07	(0.000000e+00 1.469717e-03 0.000000e+00)
63.95         	4.383509e-07	(0.000000e+00 1.469717e-03 0.000000e+00)
64            	4.383650e-07	(0.000000e+00 1.469717e-03 0.000000e+00)
64.05         	4.383776e-07	(0.000000e+00 1.469717e-03 0.000000e+00)
64.1          	4.383910e-07	(0.000000e+00 1.469717e-03 0.000000e+00)
64.15         	4.384033e-07	(0.000000e+00 1.469717e-03 0.000000e+00)
64.2          	4.384151e-07	(0.000000e+00 1.469717e-03 0.000000e+00)
64.25         	4.384285e-07	(0.000000e+00 1.469717e-03 0.000000e+00)
64.3          	4.384411e-07	(0.000000e+00 1.469717e-03 0.000000e+00)
64.35         	4.384584e-07	(0.000000e+00 1.469717e-03 0.000000e+00)
64.4          	4.384728e-07	(0.000000e+00 1.469717e-03 0.000000e+00)
64.45         	4.384845e-07	(0.000000e+00 1.469717e-03 0.000000e+00)
64.5          	4.385007e-07	(0.000000e+00 1.469717e-03 0.000000e+00)
64.55         	4.385150e-07	(0.000000e+00 1.469717e-03 0.000000e+00)
64.6          	4.385301e-07	(0.000000e+00 1.469717e-03 0.000000e+00)
64.65         	4.385447e-07	(0.000000e+00 1.469717e-03 0.000000e+00)
64.7          	4.385585e-07	(0.000000e+00 1.469717e-03 0.000000e+00)
64.75         	4.385714e-07	(0.000000e+00 1.469717e-03 0.000000e+00)
64.8          	4.385875e-07	(0.000000e+00 1.469717e-03 0.000000e+00)
64.85         	4.386049e-07	(0.000000e+00 1.469717e-03 0.000000e+00)
64.9          	4.386218e-07	(0.000000e+00 1.469717e-03 0.000000e+00)
64.95         	4.386365e-07	(0.000000e+00 1.469717e-03 0.000000e+00)
65            	4.386523e-07	(0.000000e+00 1.469717e-03 0.000000e+00)
65.05         	4.386691e-07	(0.000000e+00 1.469717e-03 0.000000e+00)
65.1          	4.386851e-07	(0.000000e+00 1.469717e-03 0.000000e+00)
65.15         	4.387017e-07	(0.000000e+00 1.469717e-03 0.000000e+00)
65.2          	4.387208e-07	(0.000000e+00 1.469717e-03 0.000000e+00)
65.25         	4.387349e-07	(0.000000e+00 1.469717e-03 0.000000e+00)
65.3          	4.387512e-07	(0.000000e+00 1.469717e-03 0.000000e+00)
65.35         	4.387673e-07	(0.000000e+00 1.469717e-03 0.000000e+00)
65.4          	4.387876e-07	(0.000000e+00 1.469717e-03 0.000000e+00)
65.45         	4.388066e-07	(0.000000e+00 1.469717e-03 0.000000e+00)
65.5          	4.388269e-07	(0.000000e+00 1.469717e-03 0.000000e+00)
65.55         	4.388443e-07	(0.000000e+00 1.469717e-03 0.000000e+00)
65.6          	4.388620e-07	(0.000000e+00 1.469717e-03 0.000000e+00)
65.65         	4.388811e-07	(0.000000e+00 1.469717e-03 0.000000e+00)
65.7          	4.389001e-07	(0.000000e+00 1.469717e-03 0.000000e+00)
65.75         	4.389175e-07	(0.000000e+00 1.469717e-03 0.000000e+00)
65.8          	4.389360e-07	(0.000000e+00 1.469717e-03 0.000000e+00)
65.85         	4.389543e-07	(0.000000e+00 1.469717e-03 0.000000e+00)
65.9          	4.389756e-07	(0.000000e+00 1.469717e-03 0.000000e+00)
65.95         	4.389947e-07	(0.000000e+00 1.469717e-03 0.000000e+00)
66            	4.390150e-07	(0.000000e+00 1.469717e-03 0.000000e+00)
66.05         	4.390344e-07	(0.000000e+00 1.469717e-03 0.000000e+00)
66.1          	4.390543e-07	(0.000000e+00 1.469717e-03 0.000000e+00)
66.15         	4.390740e-07	(0.000000e+00 1.469717e-03 0.000000e+00)
66.2          	4.390940e-07	(0.000000e+00 1.469717e-03 0.000000e+00)
66.25         	4.391142e-07	(0.000000e+00 1.469717e-03 0.000000e+00)
66.3          	4.391330e-07	(0.000000e+00 1.469717e-03 0.000000e+00)
66.35         	4.391528e-07	(0.000000e+00 1.469717e-03 0.000000e+00)
66.4          	4.391758e-07	(0.000000e+00 1.469717e-03 0.000000e+00)
66.45         	4.391975e-07	(0.000000e+00 1.469717e-03 0.000000e+00)
66.5          	4.392195e-07	(0.000000e+00 1.469717e-03 0.000000e+00)
66.55         	4.392405e-07	(0.000000e+00 1.469717e-03 0.000000e+00)
66.6          	4.392620e-07	(0.000000e+00 1.469717e-03 0.000000e+00)
66.65         	4.392843e-07	(0.000000e+00 1.469717e-03 0.000000e+00)
66.7          	4.393059e-07	(0.000000e+00 1.469717e-03 0.000000e+00)
66.75         	4.393277e-07	(0.000000e+00 1.469717e-03 0.000000e+00)
66.8          	4.393475e-07	(0.000000e+00 1.469717e-03 0.000000e+00)
66.85         	4.393692e-07	(0.000000e+00 1.469717e-03 0.000000e+00)
66.9          	4.393916e-07	(0.000000e+00 1.469717e-03 0.000000e+00)
66.95         	4.394153e-07	(0.000000e+00 1.469717e-03 0.000000e+00)
67            	4.394383e-07	(0.000000e+00 1.469717e-03 0.000000e+00)
67.05         	4.394604e-07	(0.000000e+00 1.469717e-03 0.000000e+00)
67.1          	4.394839e-07	(0.000000e+00 1.469717e-03 0.000000e+00)
67.15         	4.395074e-07	(0.000000e+00 1.469717e-03 0.000000e+00)
67.2          	4.395311e-07	(0.000000e+00 1.469717e-03 0.000000e+00)
67.25         	4.395536e-07	(0.000000e+00 1.469717e-03 0.000000e+00)
67.3          	4.395778e-07	(0.000000e+00 1.469717e-03 0.000000e+00)
67.35         	4.396018e-07	(0.000000e+00 1.469717e-03 0.000000e+00)
67.4          	4.396265e-07	(0.000000e+00 1.469717e-03 0.000000e+00)
67.45         	4.396504e-07	(0.000000e+00 1.469717e-03 0.000000e+00)
67.5          	4.396748e-07	(0.000000e+00 1.469717e-03 0.000000e+00)
67.55         	4.396992e-07	(0.000000e+00 1.469717e-03 0.000000e+00)
67.6          	4.397227e-07	(0.000000e+00 1.469717e-03 0.000000e+00)
67.65         	4.397466e-07	(0.000000e+00 1.469717e-03 0.000000e+00)
67.7          	4.397736e-07	(0.000000e+00 1.469717e-03 0.000000e+00)
67.75         	4.397996e-07	(0.000000e+00 1.469717e-03 0.000000e+00)
67.8          	4.398249e-07	(0.000000e+00 1.469717e-03 0.000000e+00)
67.85         	4.398503e-07	(0.000000e+00 1.469717e-03 0.000000e+00)
67.9          	4.398759e-07	(0.000000e+00 1.469717e-03 0.000000e+00)
67.95         	4.399019e-07	(0.000000e+00 1.469717e-03 0.000000e+00)
68            	4.399270e-07	(0.000000e+00 1.469717e-03 0.000000e+00)
68.05         	4.399550e-07	(0.000000e+00 1.469717e-03 0.000000e+00)
68.1          	4.399827e-07	(0.000000e+00 1.469717e-03 0.000000e+00)
68.15         	4.400101e-07	(0.000000e+00 1.469717e-03 0.000000e+00)
68.2          	4.400386e-07	(0.000000e+00 1.469717e-03 0.000000e+00)
68.25         	4.400651e-07	(0.000000e+00 1.469717e-03 0.000000e+00)
68.3          	4.400910e-07	(0.000000e+00 1.469717e-03 0.000000e+00)
68.35         	4.401172e-07	(0.000000e+00 1.469717e-03 0.000000e+00)
68.4          	4.401436e-07	(0.000000e+00 1.469717e-03 0.000000e+00)
68.45         	4.401710e-07	(0.000000e+00 1.469717e-03 0.000000e+00)
68.5          	4.401992e-07	(0.000000e+00 1.469717e-03 0.000000e+00)
68.55         	4.402259e-07	(0.000000e+00 1.469717e-03 0.000000e+00)
68.6          	4.402556e-07	(0.000000e+00 1.469717e-03 0.000000e+00)
68.65         	4.402846e-07	(0.000000e+00 1.469717e-03 0.000000e+00)
68.7          	4.403130e-07	(0.000000e+00 1.469717e-03 0.000000e+00)
68.75         	4.403424e-07	(0.000000e+00 1.469717e-03 0.000000e+00)
68.8          	4.403736e-07	(0.000000e+00 1.469717e-03 0.000000e+00)
68.85         	4.404031e-07	(0.000000e+00 1.469717e-03 0.000000e+00)
68.9          	4.404295e-07	(0.000000e+00 1.469717e-03 0.000000e+00)
68.95         	4.404578e-07	(0.000000e+00 1.469717e-03 0.000000e+00)
69            	4.404878e-07	(0.000000e+00 1.469717e-03 0.000000e+00)
69.05         	4.405172e-07	(0.000000e+00 1.469717e-03 0.000000e+00)
69.1          	4.405471e-07	(0.000000e+00 1.469717e-03 0.000000e+00)
69.15         	4.405759e-07	(0.000000e+00 1.469717e-03 0.000000e+00)
69.2          	4.406056e-07	(0.000000e+00 1.469717e-03 0.000000e+00)
69.25         	4.406340e-07	(0.000000e+00 1.469717e-03 0.000000e+00)
69.3          	4.406645e-07	(0.000000e+00 1.469717e-03 0.000000e+00)
69.35         	4.406968e-07	(0.000000e+00 1.469717e-03 0.000000e+00)
69.4          	4.407265e-07	(0.000000e+00 1.469717e-03 0.000000e+00)
69.45         	4.407565e-07	(0.000000e+00 1.469717e-03 0.000000e+00)
69.5          	4.407866e-07	(0.000000e+00 1.469717e-03 0.000000e+00)
69.55         	4.408159e-07	(0.000000e+00 1.469717e-03 0.000000e+00)
69.6          	4.408504e-07	(0.000000e+00 1.469717e-03 0.000000e+00)
69.65         	4.408825e-07	(0.000000e+00 1.469717e-03 0.000000e+00)
69.7          	4.409136e-07	(0.000000e+00 1.469717e-03 0.000000e+00)
69.75         	4.409453e-07	(0.000000e+00 1.469717e-03 0.000000e+00)
69.8          	4.409763e-07	(0.000000e+00 1.469717e-03 0.000000e+00)
69.85         	4.410074e-07	(0.000000e+00 1.469717e-03 0.000000e+00)
69.9          	4.410400e-07	(0.000000e+00 1.469717e-03 0.000000e+00)
69.95         	4.410728e-07	(0.000000e+00 1.469717e-03 0.000000e+00)
70            	4.411044e-07	(0.000000e+00 1.469717e-03 0.000000e+00)
70.05         	4.411364e-07	(0.000000e+00 1.469717e-03 0.000000e+00)
70.1          	4.411693e-07	(0.000000e+00 1.469717e-03 0.000000e+00)
70.15         	4.412015e-07	(0.000000e+00 1.469717e-03 0.000000e+00)
70.2          	4.412356e-07	(0.000000e+00 1.469717e-03 0.000000e+00)
70.25         	4.412723e-07	(0.000000e+00 1.469717e-03 0.000000e+00)
70.3          	4.413089e-07	(0.000000e+00 1.469717e-03 0.000000e+00)
70.35         	4.413428e-07	(0.000000e+00 1.469717e-03 0.000000e+00)
70.4          	4.413765e-07	(0.000000e+00 1.469717e-03 0.000000e+00)
70.45         	4.414118e-07	(0.000000e+00 1.469717e-03 0.000000e+00)
70.5          	4.414451e-07	(0.000000e+00 1.469717e-03 0.000000e+00)
70.55         	4.414788e-07	(0.000000e+00 1.469717e-03 0.000000e+00)
70.6          	4.415134e-07	(0.000000e+00 1.469717e-03 0.000000e+00)
70.65         	4.415492e-07	(0.000000e+00 1.469717e-03 0.000000e+00)
70.7          	4.415854e-07	(0.000000e+00 1.469717e-03 0.000000e+00)
70.75         	4.416192e-07	(0.000000e+00 1.469717e-03 0.000000e+00)
70.8          	4.416541e-07	(0.000000e+00 1.469717e-03 0.000000e+00)
70.85         	4.416891e-07	(0.000000e+00 1.469717e-03 0.000000e+00)
70.9          	4.417251e-07	(0.000000e+00 1.469717e-03 0.000000e+00)
70.95         	4.417604e-07	(0.000000e+00 1.469717e-03 0.000000e+00)
71            	4.417954e-07	(0.000000e+00 1.469717e-03 0.000000e+00)
71.05         	4.418312e-07	(0.000000e+00 1.469717e-03 0.000000e+00)
71.1          	4.418661e-07	(0.000000e+00 1.469717e-03 0.000000e+00)
71.15         	4.419023e-07	(0.000000e+00 1.469717e-03 0.000000e+00)
71.2          	4.419397e-07	(0.000000e+00 1.469717e-03 0.000000e+00)
71.25         	4.419757e-07	(0.000000e+00 1.469717e-03 0.000000e+00)
71.3          	4.420116e-07	(0.000000e+00 1.469717e-03 0.000000e+00)
71.35         	4.420482e-07	(0.000000e+00 1.469717e-03 0.000000e+00)
71.4          	4.420861e-07	(0.000000e+00 1.469717e-03 0.000000e+00)
71.45         	4.421226e-07	(0.000000e+00 1.469717e-03 0.000000e+00)
71.5          	4.421589e-07	(0.000000e+00 1.469717e-03 0.000000e+00)
71.55         	4.421955e-07	(0.000000e+00 1.469717e-03 0.000000e+00)
71.6          	4.422330e-07	(0.000000e+00 1.469717e-03 0.000000e+00)
71.65         	4.422696e-07	(0.000000e+00 1.469717e-03 0.000000e+00)
71.7          	4.423082e-07	(0.000000e+00 1.469717e-03 0.000000e+00)
71.75         	4.423464e-07	(0.000000e+00 1.469717e-03 0.000000e+00)
71.8          	4.423836e-07	(0.000000e+00 1.469717e-03 0.000000e+00)
71.85         	4.424219e-07	(0.000000e+00 1.469717e-03 0.000000e+00)
71.9          	4.424612e-07	(0.000000e+00 1.469717e-03 0.000000e+00)
71.95         	4.424994e-07	(0.000000e+00 1.469717e-03 0.000000e+00)
72            	4.425385e-07	(0.000000e+00 1.469717e-03 0.000000e+00)
72.05         	4.425751e-07	(0.000000e+00 1.469717e-03 0.000000e+00)
72.1          	4.426130e-07	(0.000000e+00 1.469717e-03 0.000000e+00)
72.15         	4.426498e-07	(0.000000e+00 1.469717e-03 0.000000e+00)
72.2          	4.426887e-07	(0.000000e+00 1.469717e-03 0.000000e+00)
72.25         	4.427298e-07	(0.000000e+00 1.469717e-03 0.000000e+00)
72.3          	4.427691e-07	(0.000000e+00 1.469717e-03 0.000000e+00)
72.35         	4.428052e-07	(0.000000e+00 1.469717e-03 0.000000e+00)
72.4          	4.428439e-07	(0.000000e+00 1.469717e-03 0.000000e+00)
72.45         	4.428821e-07	(0.000000e+00 1.469717e-03 0.000000e+00)
72.5          	4.429213e-07	(0.000000e+00 1.469717e-03 0.000000e+00)
72.55         	4.429618e-07	(0.000000e+00 1.469717e-03 0.000000e+00)
72.6          	4.430030e-07	(0.000000e+00 1.469717e-03 0.000000e+00)
72.65         	4.430415e-07	(0.000000e+00 1.469717e-03 0.000000e+00)
72.7          	4.430795e-07	(0.000000e+00 1.469717e-03 0.000000e+00)
72.75         	4.431188e-07	(0.000000e+00 1.469717e-03 0.000000e+00)
72.8          	4.431602e-07	(0.000000e+00 1.469717e-03 0.000000e+00)
72.85         	4.432003e-07	(0.000000e+00 1.469717e-03 0.000000e+00)
72.9          	4.432408e-07	(0.000000e+00 1.469717e-03 0.000000e+00)
72.95         	4.432807e-07	(0.000000e+00 1.469717e-03 0.000000e+00)
73            	4.433193e-07	(0.000000e+00 1.469717e-03 0.000000e+00)
73.05         	4.433602e-07	(0.000000e+00 1.469717e-03 0.000000e+00)
73.1          	4.434018e-07	(0.000000e+00 1.469717e-03 0.000000e+00)
73.15         	4.434419e-07	(0.000000e+00 1.469717e-03 0.000000e+00)
73.2          	4.434811e-07	(0.000000e+00 1.469717e-03 0.000000e+00)
73.25         	4.435212e-07	(0.000000e+00 1.469717e-03 0.000000e+00)
73.3          	4.435620e-07	(0.000000e+00 1.469717e-03 0.000000e+00)
73.35         	4.436035e-07	(0.000000e+00 1.469717e-03 0.000000e+00)
73.4          	4.436445e-07	(0.000000e+00 1.469717e-03 0.000000e+00)
73.45         	4.436864e-07	(0.000000e+00 1.469717e-03 0.000000e+00)
73.5          	4.437287e-07	(0.000000e+00 1.469717e-03 0.000000e+00)
73.55         	4.437683e-07	(0.000000e+00 1.469717e-03 0.000000e+00)
73.6          	4.438118e-07	(0.000000e+00 1.469717e-03 0.000000e+00)
73.65         	4.438544e-07	(0.000000e+00 1.469717e-03 0.000000e+00)
73.7          	4.438953e-07	(0.000000e+00 1.469717e-03 0.000000e+00)
73.75         	4.439375e-07	(0.000000e+00 1.469717e-03 0.000000e+00)
73.8          	4.439789e-07	(0.000000e+00 1.469717e-03 0.000000e+00)
73.85         	4.440211e-07	(0.000000e+00 1.469717e-03 0.000000e+00)
73.9          	4.440617e-07	(0.000000e+00 1.469717e-03 0.000000e+00)
73.95         	4.441013e-07	(0.000000e+00 1.469717e-03 0.000000e+00)
74            	4.441430e-07	(0.000000e+00 1.469717e-03 0.000000e+00)
74.05         	4.441858e-07	(0.000000e+00 1.469717e-03 0.000000e+00)
74.1          	4.442286e-07	(0.000000e+00 1.469717e-03 0.000000e+00)
74.15         	4.442711e-07	(0.000000e+00 1.469717e-03 0.000000e+00)
74.2          	4.443135e-07	(0.000000e+00 1.469717e-03 0.000000e+00)
74.25         	4.443540e-07	(0.000000e+00 1.469717e-03 0.000000e+00)
74.3          	4.443965e-07	(0.000000e+00 1.469717e-03 0.000000e+00)
74.35         	4.444378e-07	(0.000000e+00 1.469717e-03 0.000000e+00)
74.4          	4.444794e-07	(0.000000e+00 1.469717e-03 0.000000e+00)
74.45         	4.445212e-07	(0.000000e+00 1.469717e-03 0.000000e+00)
74.5          	4.445631e-07	(0.000000e+00 1.469717e-03 0.000000e+00)
74.55         	4.446047e-07	(0.000000e+00 1.469717e-03 0.000000e+00)
74.6          	4.446491e-07	(0.000000e+00 1.469717e-03 0.000000e+00)
74.65         	4.446934e-07	(0.000000e+00 1.469717e-03 0.000000e+00)
74.7          	4.447387e-07	(0.000000e+00 1.469717e-03 0.000000e+00)
74.75         	4.447826e-07	(0.000000e+00 1.469717e-03 0.000000e+00)
74.8          	4.448244e-07	(0.000000e+00 1.469717e-03 0.000000e+00)
74.85         	4.448661e-07	(0.000000e+00 1.469717e-03 0.000000e+00)
74.9          	4.449096e-07	(0.000000e+00 1.469717e-03 0.000000e+00)
74.95         	4.449541e-07	(0.000000e+00 1.469717e-03 0.000000e+00)
75            	4.449967e-07	(0.000000e+00 1.469717e-03 0.000000e+00)
75.05         	4.450396e-07	(0.000000e+00 1.469717e-03 0.000000e+00)
75.1          	4.450828e-07	(0.000000e+00 1.469717e-03 0.000000e+00)
75.15         	4.451266e-07	(0.000000e+00 1.469717e-03 0.000000e+00)
75.2          	4.451708e-07	(0.000000e+00 1.469717e-03 0.000000e+00)
75.25         	4.452153e-07	(0.000000e+00 1.469717e-03 0.000000e+00)
75.3          	4.452591e-07	(0.000000e+00 1.469717e-03 0.000000e+00)
75.35         	4.453019e-07	(0.000000e+00 1.469717e-03 0.000000e+00)
75.4          	4.453458e-07	(0.000000e+00 1.469717e-03 0.000000e+00)
75.45         	4.453894e-07	(0.000000e+00 1.469717e-03 0.000000e+00)
75.5          	4.454406e-07	(0.000000e+00 1.469717e-03 0.000000e+00)
75.55         	4.454829e-07	(0.000000e+00 1.469717e-03 0.000000e+00)
75.6          	4.455225e-07	(0.000000e+00 1.469717e-03 0.000000e+00)
75.65         	4.455652e-07	(0.000000e+00 1.469717e-03 0.000000e+00)
75.7          	4.456076e-07	(0.000000e+00 1.469717e-03 0.000000e+00)
75.75         	4.456508e-07	(0.000000e+00 1.469717e-03 0.000000e+00)
75.8          	4.456953e-07	(0.000000e+00 1.469717e-03 0.000000e+00)
75.85         	4.457370e-07	(0.000000e+00 1.469717e-03 0.000000e+00)
75.9          	4.457778e-07	(0.000000e+00 1.469717e-03 0.000000e+00)
75.95         	4.458206e-07	(0.000000e+00 1.469717e-03 0.000000e+00)
76            	4.458657e-07	(0.000000e+00 1.469717e-03 0.000000e+00)
76.05         	4.459113e-07	(0.000000e+00 1.469717e-03 0.000000e+00)
76.1          	4.459563e-07	(0.000000e+00 1.469717e-03 0.000000e+00)
76.15         	4.460001e-07	(0.000000e+00 1.469717e-03 0.000000e+00)
76.2          	4.460428e-07	(0.000000e+00 1.469717e-03 0.000000e+00)
76.25         	4.460859e-07	(0.000000e+00 1.469717e-03 0.000000e+00)
76.3          	4.461292e-07	(0.000000e+00 1.469717e-03 0.000000e+00)
76.35         	4.461744e-07	(0.000000e+00 1.469717e-03 0.000000e+00)
76.4          	4.462201e-07	(0.000000e+00 1.469717e-03 0.000000e+00)
76.45         	4.462644e-07	(0.000000e+00 1.469717e-03 0.000000e+00)
76.5          	4.463080e-07	(0.000000e+00 1.469717e-03 0.000000e+00)
76.55         	4.463519e-07	(0.000000e+00 1.469717e-03 0.000000e+00)
76.6          	4.463979e-07	(0.000000e+00 1.469717e-03 0.000000e+00)
76.65         	4.464420e-07	(0.000000e+00 1.469717e-03 0.000000e+00)
76.7          	4.464878e-07	(0.000000e+00 1.469717e-03 0.000000e+00)
76.75         	4.465316e-07	(0.000000e+00 1.469717e-03 0.000000e+00)
76.8          	4.465741e-07	(0.000000e+00 1.469717e-03 0.000000e+00)
76.85         	4.466181e-07	(0.000000e+00 1.469717e-03 0.000000e+00)
76.9          	4.466630e-07	(0.000000e+00 1.469717e-03 0.000000e+00)
76.95         	4.467069e-07	(0.000000e+00 1.469717e-03 0.000000e+00)
77            	4.467509e-07	(0.000000e+00 1.469717e-03 0.000000e+00)
77.05         	4.467947e-07	(0.000000e+00 1.469717e-03 0.000000e+00)
77.1          	4.468393e-07	(0.000000e+00 1.469717e-03 0.000000e+00)
77.15         	4.468833e-07	(0.000000e+00 1.469717e-03 0.000000e+00)
77.2          	4.469278e-07	(0.000000e+00 1.469717e-03 0.000000e+00)
77.25         	4.469732e-07	(0.000000e+00 1.469717e-03 0.000000e+00)
77.3          	4.470189e-07	(0.000000e+00 1.469717e-03 0.000000e+00)
77.35         	4.470634e-07	(0.000000e+00 1.469717e-03 0.000000e+00)
77.4          	4.471083e-07	(0.000000e+00 1.469717e-03 0.000000e+00)
77.45         	4.471540e-07	(0.000000e+00 1.469717e-03 0.000000e+00)
77.5          	4.472003e-07	(0.000000e+00 1.469717e-03 0.000000e+00)
77.55         	4.472453e-07	(0.000000e+00 1.469717e-03 0.000000e+00)
77.6          	4.472895e-07	(0.000000e+00 1.469717e-03 0.000000e+00)
77.65         	4.473327e-07	(0.000000e+00 1.469717e-03 0.000000e+00)
77.7          	4.473771e-07	(0.000000e+00 1.469717e-03 0.000000e+00)
77.75         	4.474218e-07	(0.000000e+00 1.469717e-03 0.000000e+00)
77.8          	4.474686e-07	(0.000000e+00 1.469717e-03 0.000000e+00)
77.85         	4.475137e-07	(0.000000e+00 1.469717e-03 0.000000e+00)
77.9          	4.475590e-07	(0.000000e+00 1.469717e-03 0.000000e+00)
77.95         	4.476040e-07	(0.000000e+00 1.469717e-03 0.000000e+00)
78            	4.476496e-07	(0.000000e+00 1.469717e-03 0.000000e+00)
78.05         	4.476949e-07	(0.000000e+00 1.469717e-03 0.000000e+00)
78.1          	4.477400e-07	(0.000000e+00 1.469717e-03 0.000000e+00)
78.15         	4.477868e-07	(0.000000e+00 1.469717e-03 0.000000e+00)
78.2          	4.478344e-07	(0.000000e+00 1.469717e-03 0.000000e+00)
78.25         	4.478800e-07	(0.000000e+00 1.469717e-03 0.000000e+00)
78.3          	4.479235e-07	(0.000000e+00 1.469717e-03 0.000000e+00)
78.35         	4.479687e-07	(0.000000e+00 1.469717e-03 0.000000e+00)
78.4          	4.480125e-07	(0.000000e+00 1.469717e-03 0.000000e+00)
78.45         	4.480579e-07	(0.000000e+00 1.469717e-03 0.000000e+00)
78.5          	4.481023e-07	(0.000000e+00 1.469717e-03 0.000000e+00)
78.55         	4.481467e-07	(0.000000e+00 1.469717e-03 0.000000e+00)
78.6          	4.481906e-07	(0.000000e+00 1.469717e-03 0.000000e+00)
78.65         	4.482355e-07	(0.000000e+00 1.469717e-03 0.000000e+00)
78.7          	4.482819e-07	(0.000000e+00 1.469717e-03 0.000000e+00)
78.75         	4.483283e-07	(0.000000e+00 1.469717e-03 0.000000e+00)
78.8          	4.483753e-07	(0.000000e+00 1.469717e-03 0.000000e+00)
78.85         	4.484220e-07	(0.000000e+00 1.469717e-03 0.000000e+00)
78.9          	4.484685e-07	(0.000000e+00 1.469717e-03 0.000000e+00)
78.95         	4.485137e-07	(0.000000e+00 1.469717e-03 0.000000e+00)
79            	4.485589e-07	(0.000000e+00 1.469717e-03 0.000000e+00)
79.05         	4.486043e-07	(0.000000e+00 1.469717e-03 0.000000e+00)
79.1          	4.486504e-07	(0.000000e+00 1.469717e-03 0.000000e+00)
79.15         	4.486975e-07	(0.000000e+00 1.469717e-03 0.000000e+00)
79.2          	4.487434e-07	(0.000000e+00 1.469717e-03 0.000000e+00)
79.25         	4.487886e-07	(0.000000e+00 1.469717e-03 0.000000e+00)
79.3          	4.488327e-07	(0.000000e+00 1.469717e-03 0.000000e+00)
79.35         	4.488779e-07	(0.000000e+00 1.469717e-03 0.000000e+00)
79.4          	4.489239e-07	(0.000000e+00 1.469717e-03 0.000000e+00)
79.45         	4.489704e-07	(0.000000e+00 1.469717e-03 0.000000e+00)
79.5          	4.490155e-07	(0.000000e+00 1.469717e-03 0.000000e+00)
79.55         	4.490604e-07	(0.000000e+00 1.469717e-03 0.000000e+00)
79.6          	4.491075e-07	(0.000000e+00 1.469717e-03 0.000000e+00)
79.65         	4.491556e-07	(0.000000e+00 1.469717e-03 0.000000e+00)
79.7          	4.492029e-07	(0.000000e+00 1.469717e-03 0.000000e+00)
79.75         	4.492476e-07	(0.000000e+00 1.469717e-03 0.000000e+00)
79.8          	4.492931e-07	(0.000000e+00 1.469717e-03 0.000000e+00)
79.85         	4.493381e-07	(0.000000e+00 1.469717e-03 0.000000e+00)
79.9          	4.493837e-07	(0.000000e+00 1.469717e-03 0.000000e+00)
79.95         	4.494311e-07	(0.000000e+00 1.469717e-03 0.000000e+00)
80            	4.494773e-07	(0.000000e+00 1.469717e-03 0.000000e+00)
80.05         	4.495222e-07	(0.000000e+00 1.469717e-03 0.000000e+00)
80.1          	4.495696e-07	(0.000000e+00 1.469717e-03 0.000000e+00)
80.15         	4.496162e-07	(0.000000e+00 1.469717e-03 0.000000e+00)
80.2          	4.496614e-07	(0.000000e+00 1.469717e-03 0.000000e+00)
80.25         	4.497065e-07	(0.000000e+00 1.469717e-03 0.000000e+00)
80.3          	4.497523e-07	(0.000000e+00 1.469717e-03 0.000000e+00)
80.35         	4.497992e-07	(0.000000e+00 1.469717e-03 0.000000e+00)
80.4          	4.498457e-07	(0.000000e+00 1.469717e-03 0.000000e+00)
80.45         	4.498919e-07	(0.000000e+00 1.469717e-03 0.000000e+00)
80.5          	4.499387e-07	(0.000000e+00 1.469717e-03 0.000000e+00)
80.55         	4.499852e-07	(0.000000e+00 1.469717e-03 0.000000e+00)
80.6          	4.500339e-07	(0.000000e+00 1.469717e-03 0.000000e+00)
80.65         	4.500810e-07	(0.000000e+00 1.469717e-03 0.000000e+00)
80.7          	4.501287e-07	(0.000000e+00 1.469717e-03 0.000000e+00)
80.75         	4.501743e-07	(0.000000e+00 1.469717e-03 0.000000e+00)
80.8          	4.502202e-07	(0.000000e+00 1.469717e-03 0.000000e+00)
80.85         	4.502663e-07	(0.000000e+00 1.469717e-03 0.000000e+00)
80.9          	4.503142e-07	(0.000000e+00 1.469717e-03 0.000000e+00)
80.95         	4.503623e-07	(0.000000e+00 1.469717e-03 0.000000e+00)
81            	4.504103e-07	(0.000000e+00 1.469717e-03 0.000000e+00)
81.05         	4.504559e-07	(0.000000e+00 1.469717e-03 0.000000e+00)
81.1          	4.505021e-07	(0.000000e+00 1.469717e-03 0.000000e+00)
81.15         	4.505481e-07	(0.000000e+00 1.469717e-03 0.000000e+00)
81.2          	4.505943e-07	(0.000000e+00 1.469717e-03 0.000000e+00)
81.25         	4.506406e-07	(0.000000e+00 1.469717e-03 0.000000e+00)
81.3          	4.506885e-07	(0.000000e+00 1.469717e-03 0.000000e+00)
81.35         	4.507365e-07	(0.000000e+00 1.469717e-03 0.000000e+00)
81.4          	4.507839e-07	(0.000000e+00 1.469717e-03 0.000000e+00)
81.45         	4.508305e-07	(0.000000e+00 1.469717e-03 0.000000e+00)
81.5          	4.508762e-07	(0.000000e+00 1.469717e-03 0.000000e+00)
81.55         	4.509226e-07	(0.000000e+00 1.469717e-03 0.000000e+00)
81.6          	4.509703e-07	(0.000000e+00 1.469717e-03 0.000000e+00)
81.65         	4.510176e-07	(0.000000e+00 1.469717e-03 0.000000e+00)
81.7          	4.510640e-07	(0.000000e+00 1.469717e-03 0.000000e+00)
81.75         	4.511111e-07	(0.000000e+00 1.469717e-03 0.000000e+00)
81.8          	4.511580e-07	(0.000000e+00 1.469717e-03 0.000000e+00)
81.85         	4.512045e-07	(0.000000e+00 1.469717e-03 0.000000e+00)
81.9          	4.512518e-07	(0.000000e+00 1.469717e-03 0.000000e+00)
81.95         	4.512995e-07	(0.000000e+00 1.469717e-03 0.000000e+00)
82            	4.513475e-07	(0.000000e+00 1.469717e-03 0.000000e+00)
82.05         	4.513942e-07	(0.000000e+00 1.469717e-03 0.000000e+00)
82.1          	4.514415e-07	(0.000000e+00 1.469717e-03 0.000000e+00)
82.15         	4.514883e-07	(0.000000e+00 1.469717e-03 0.000000e+00)
82.2          	4.515352e-07	(0.000000e+00 1.469717e-03 0.000000e+00)
82.25         	4.515832e-07	(0.000000e+00 1.469717e-03 0.000000e+00)
82.3          	4.516310e-07	(0.000000e+00 1.469717e-03 0.000000e+00)
82.35         	4.516780e-07	(0.000000e+00 1.469717e-03 0.000000e+00)
82.4          	4.517254e-07	(0.000000e+00 1.469717e-03 0.000000e+00)
82.45         	4.517718e-07	(0.000000e+00 1.469717e-03 0.000000e+00)
82.5          	4.518185e-07	(0.000000e+00 1.469717e-03 0.000000e+00)
82.55         	4.518633e-07	(0.000000e+00 1.469717e-03 0.000000e+00)
82.6          	4.519136e-07	(0.000000e+00 1.469717e-03 0.000000e+00)
82.65         	4.519628e-07	(0.000000e+00 1.469717e-03 0.000000e+00)
82.7          	4.520123e-07	(0.000000e+00 1.469717e-03 0.000000e+00)
82.75         	4.520609e-07	(0.000000e+00 1.469717e-03 0.000000e+00)
82.8          	4.521098e-07	(0.000000e+00 1.469717e-03 0.000000e+00)
82.85         	4.521561e-07	(0.000000e+00 1.469717e-03 0.000000e+00)
82.9          	4.522021e-07	(0.000000e+00 1.469717e-03 0.000000e+00)
82.95         	4.522480e-07	(0.000000e+00 1.469717e-03 0.000000e+00)
83            	4.522958e-07	(0.000000e+00 1.469717e-03 0.000000e+00)
83.05         	4.523419e-07	(0.000000e+00 1.469717e-03 0.000000e+00)
83.1          	4.523890e-07	(0.000000e+00 1.469717e-03 0.000000e+00)
83.15         	4.524371e-07	(0.000000e+00 1.469717e-03 0.000000e+00)
83.2          	4.524852e-07	(0.000000e+00 1.469717e-03 0.000000e+00)
83.25         	4.525316e-07	(0.000000e+00 1.469717e-03 0.000000e+00)
83.3          	4.525791e-07	(0.000000e+00 1.469717e-03 0.000000e+00)
83.35         	4.526259e-07	(0.000000e+00 1.469717e-03 0.000000e+00)
83.4          	4.526735e-07	(0.000000e+00 1.469717e-03 0.000000e+00)
83.45         	4.527221e-07	(0.000000e+00 1.469717e-03 0.000000e+00)
83.5          	4.527697e-07	(0.000000e+00 1.469717e-03 0.000000e+00)
83.55         	4.528166e-07	(0.000000e+00 1.469717e-03 0.000000e+00)
83.6          	4.528644e-07	(0.000000e+00 1.469717e-03 0.000000e+00)
83.65         	4.529120e-07	(0.000000e+00 1.469717e-03 0.000000e+00)
83.7          	4.529599e-07	(0.000000e+00 1.469717e-03 0.000000e+00)
83.75         	4.530063e-07	(0.000000e+00 1.469717e-03 0.000000e+00)
83.8          	4.530539e-07	(0.000000e+00 1.469717e-03 0.000000e+00)
83.85         	4.531025e-07	(0.000000e+00 1.469717e-03 0.000000e+00)
83.9          	4.531517e-07	(0.000000e+00 1.469717e-03 0.000000e+00)
83.95         	4.531982e-07	(0.000000e+00 1.469717e-03 0.000000e+00)
84            	4.532460e-07	(0.000000e+00 1.469717e-03 0.000000e+00)
84.05         	4.532943e-07	(0.000000e+00 1.469717e-03 0.000000e+00)
84.1          	4.533420e-07	(0.000000e+00 1.469717e-03 0.000000e+00)
84.15         	4.533901e-07	(0.000000e+00 1.469717e-03 0.000000e+00)
84.2          	4.534376e-07	(0.000000e+00 1.469717e-03 0.000000e+00)
84.25         	4.534862e-07	(0.000000e+00 1.469717e-03 0.000000e+00)
84.3          	4.535360e-07	(0.000000e+00 1.469717e-03 0.000000e+00)
84.35         	4.535843e-07	(0.000000e+00 1.469717e-03 0.000000e+00)
84.4          	4.536333e-07	(0.000000e+00 1.469717e-03 0.000000e+00)
84.45         	4.536813e-07	(0.000000e+00 1.469717e-03 0.000000e+00)
84.5          	4.537287e-07	(0.000000e+00 1.469717e-03 0.000000e+00)
84.55         	4.537772e-07	(0.000000e+00 1.469717e-03 0.000000e+00)
84.6          	4.538261e-07	(0.000000e+00 1.469717e-03 0.000000e+00)
84.65         	4.538746e-07	(0.000000e+00 1.469717e-03 0.000000e+00)
84.7          	4.539228e-07	(0.000000e+00 1.469717e-03 0.000000e+00)
84.75         	4.539710e-07	(0.000000e+00 1.469717e-03 0.000000e+00)
84.8          	4.540217e-07	(0.000000e+00 1.469717e-03 0.000000e+00)
84.85         	4.540690e-07	(0.000000e+00 1.469717e-03 0.000000e+00)
84.9          	4.541174e-07	(0.000000e+00 1.469717e-03 0.000000e+00)
84.95         	4.541669e-07	(0.000000e+00 1.469717e-03 0.000000e+00)
85            	4.542165e-07	(0.000000e+00 1.469717e-03 0.000000e+00)
85.05         	4.542654e-07	(0.000000e+00 1.469717e-03 0.000000e+00)
85.1          	4.543147e-07	(0.000000e+00 1.469717e-03 0.000000e+00)
85.15         	4.543624e-07	(0.000000e+00 1.469717e-03 0.000000e+00)
85.2          	4.544113e-07	(0.000000e+00 1.469717e-03 0.000000e+00)
85.25         	4.544621e-07	(0.000000e+00 1.469717e-03 0.000000e+00)
85.3          	4.545110e-07	(0.000000e+00 1.469717e-03 0.000000e+00)
85.35         	4.545586e-07	(0.000000e+00 1.469717e-03 0.000000e+00)
85.4          	4.546085e-07	(0.000000e+00 1.469717e-03 0.000000e+00)
85.45         	4.546569e-07	(0.000000e+00 1.469717e-03 0.000000e+00)
85.5          	4.547046e-07	(0.000000e+00 1.469717e-03 0.000000e+00)
85.55         	4.547540e-07	(0.000000e+00 1.469717e-03 0.000000e+00)
85.6          	4.548037e-07	(0.000000e+00 1.469717e-03 0.000000e+00)
85.65         	4.548528e-07	(0.000000e+00 1.469717e-03 0.000000e+00)
85.7          	4.549019e-07	(0.000000e+00 1.469717e-03 0.000000e+00)
85.75         	4.549504e-07	(0.000000e+00 1.469717e-03 0.000000e+00)
85.8          	4.549996e-07	(0.000000e+00 1.469717e-03 0.000000e+00)
85.85         	4.550473e-07	(0.000000e+00 1.469717e-03 0.000000e+00)
85.9          	4.550954e-07	(0.000000e+00 1.469717e-03 0.000000e+00)
85.95         	4.551432e-07	(0.000000e+00 1.469717e-03 0.000000e+00)
86            	4.551925e-07	(0.000000e+00 1.469717e-03 0.000000e+00)
86.05         	4.552415e-07	(0.000000e+00 1.469717e-03 0.000000e+00)
86.1          	4.552902e-07	(0.000000e+00 1.469717e-03 0.000000e+00)
86.15         	4.553382e-07	(0.000000e+00 1.469717e-03 0.000000e+00)
86.2          	4.553875e-07	(0.000000e+00 1.469717e-03 0.000000e+00)
86.25         	4.554363e-07	(0.000000e+00 1.469717e-03 0.000000e+00)
86.3          	4.554850e-07	(0.000000e+00 1.469717e-03 0.000000e+00)
86.35         	4.555341e-07	(0.000000e+00 1.469717e-03 0.000000e+00)
86.4          	4.555830e-07	(0.000000e+00 1.469717e-03 0.000000e+00)
86.45         	4.556316e-07	(0.000000e+00 1.469717e-03 0.000000e+00)
86.5          	4.556800e-07	(0.000000e+00 1.469717e-03 0.000000e+00)
86.55         	4.557288e-07	(0.000000e+00 1.469717e-03 0.000000e+00)
86.6          	4.557778e-07	(0.000000e+00 1.469717e-03 0.000000e+00)
86.65         	4.558282e-07	(0.000000e+00 1.469717e-03 0.000000e+00)
86.7          	4.558788e-07	(0.000000e+00 1.469717e-03 0.000000e+00)
86.75         	4.559278e-07	(0.000000e+00 1.469717e-03 0.000000e+00)
86.8          	4.559771e-07	(0.000000e+00 1.469717e-03 0.000000e+00)
86.85         	4.560274e-07	(0.000000e+00 1.469717e-03 0.000000e+00)
86.9          	4.560765e-07	(0.000000e+00 1.469717e-03 0.000000e+00)
86.95         	4.561260e-07	(0.000000e+00 1.469717e-03 0.000000e+00)
87            	4.561752e-07	(0.000000e+00 1.469717e-03 0.000000e+00)
87.05         	4.562235e-07	(0.000000e+00 1.469717e-03 0.000000e+00)
87.1          	4.562711e-07	(0.000000e+00 1.469717e-03 0.000000e+00)
87.15         	4.563214e-07	(0.000000e+00 1.469717e-03 0.000000e+00)
87.2          	4.563713e-07	(0.000000e+00 1.469717e-03 0.000000e+00)
87.25         	4.564200e-07	(0.000000e+00 1.469717e-03 0.000000e+00)
87.3          	4.564703e-07	(0.000000e+00 1.469717e-03 0.000000e+00)
87.35         	4.565217e-07	(0.000000e+00 1.469717e-03 0.000000e+00)
87.4          	4.565715e-07	(0.000000e+00 1.469717e-03 0.000000e+00)
87.45         	4.566214e-07	(0.000000e+00 1.469717e-03 0.000000e+00)
87.5          	4.566692e-07	(0.000000e+00 1.469717e-03 0.000000e+00)
87.55         	4.567177e-07	(0.000000e+00 1.469717e-03 0.000000e+00)
87.6          	4.567687e-07	(0.000000e+00 1.469717e-03 0.000000e+00)
87.65         	4.568207e-07	(0.000000e+00 1.469717e-03 0.000000e+00)
87.7          	4.568718e-07	(0.000000e+00 1.469717e-03 0.000000e+00)
87.75         	4.569210e-07	(0.000000e+00 1.469717e-03 0.000000e+00)
87.8          	4.569693e-07	(0.000000e+00 1.469717e-03 0.000000e+00)
87.85         	4.570163e-07	(0.000000e+00 1.469717e-03 0.000000e+00)
87.9          	4.570641e-07	(0.000000e+00 1.469717e-03 0.000000e+00)
87.95         	4.571124e-07	(0.000000e+00 1.469717e-03 0.000000e+00)
88            	4.571627e-07	(0.000000e+00 1.469717e-03 0.000000e+00)
88.05         	4.572129e-07	(0.000000e+00 1.469717e-03 0.000000e+00)
88.1          	4.572637e-07	(0.000000e+00 1.469717e-03 0.000000e+00)
88.15         	4.573132e-07	(0.000000e+00 1.469717e-03 0.000000e+00)
88.2          	4.573610e-07	(0.000000e+00 1.469717e-03 0.000000e+00)
88.25         	4.574122e-07	(0.000000e+00 1.469717e-03 0.000000e+00)
88.3          	4.574600e-07	(0.000000e+00 1.469717e-03 0.000000e+00)
88.35         	4.575101e-07	(0.000000e+00 1.469717e-03 0.000000e+00)
88.4          	4.575561e-07	(0.000000e+00 1.469717e-03 0.000000e+00)
88.45         	4.576050e-07	(0.000000e+00 1.469717e-03 0.000000e+00)
88.5          	4.576527e-07	(0.000000e+00 1.469717e-03 0.000000e+00)
88.55         	4.577075e-07	(0.000000e+00 1.469717e-03 0.000000e+00)
88.6          	4.577569e-07	(0.000000e+00 1.469717e-03 0.000000e+00)
88.65         	4.578105e-07	(0.000000e+00 1.469717e-03 0.000000e+00)
88.7          	4.578575e-07	(0.000000e+00 1.469717e-03 0.000000e+00)
88.75         	4.579081e-07	(0.000000e+00 1.469717e-03 0.000000e+00)
88.8          	4.579553e-07	(0.000000e+00 1.469717e-03 0.000000e+00)
88.85         	4.580064e-07	(0.000000e+00 1.469717e-03 0.000000e+00)
88.9          	4.580533e-07	(0.000000e+00 1.469717e-03 0.000000e+00)
88.95         	4.581019e-07	(0.000000e+00 1.469717e-03 0.000000e+00)
89            	4.581520e-07	(0.000000e+00 1.469717e-03 0.000000e+00)
89.05         	4.582027e-07	(0.000000e+00 1.469717e-03 0.000000e+00)
89.1          	4.582545e-07	(0.000000e+00 1.469717e-03 0.000000e+00)
89.15         	4.583051e-07	(0.000000e+00 1.469717e-03 0.000000e+00)
89.2          	4.583545e-07	(0.000000e+00 1.469717e-03 0.000000e+00)
89.25         	4.584023e-07	(0.000000e+00 1.469717e-03 0.000000e+00)
89.3          	4.584502e-07	(0.000000e+00 1.469717e-03 0.000000e+00)
89.35         	4.584991e-07	(0.000000e+00 1.469717e-03 0.000000e+00)
89.4          	4.585479e-07	(0.000000e+00 1.469717e-03 0.000000e+00)
89.45         	4.585963e-07	(0.000000e+00 1.469717e-03 0.000000e+00)
89.5          	4.586455e-07	(0.000000e+00 1.469717e-03 0.000000e+00)
89.55         	4.586954e-07	(0.000000e+00 1.469717e-03 0.000000e+00)
89.6          	4.587443e-07	(0.000000e+00 1.469717e-03 0.000000e+00)
89.65         	4.587923e-07	(0.000000e+00 1.469717e-03 0.000000e+00)
89.7          	4.588414e-07	(0.000000e+00 1.469717e-03 0.000000e+00)
89.75         	4.588905e-07	(0.000000e+00 1.469717e-03 0.000000e+00)
89.8          	4.589395e-07	(0.000000e+00 1.469717e-03 0.000000e+00)
89.85         	4.589884e-07	(0.000000e+00 1.469717e-03 0.000000e+00)
89.9          	4.590383e-07	(0.000000e+00 1.469717e-03 0.000000e+00)
89.95         	4.590899e-07	(0.000000e+00 1.469717e-03 0.000000e+00)
90            	4.591394e-07	(0.000000e+00 1.469717e-03 0.000000e+00)
90.05         	4.591885e-07	(0.000000e+00 1.469717e-03 0.000000e+00)
90.1          	4.592386e-07	(0.000000e+00 1.469717e-03 0.000000e+00)
90.15         	4.592888e-07	(0.000000e+00 1.469717e-03 0.000000e+00)
90.2          	4.593384e-07	(0.000000e+00 1.469717e-03 0.000000e+00)
90.25         	4.593884e-07	(0.000000e+00 1.469717e-03 0.000000e+00)
90.3          	4.594370e-07	(0.000000e+00 1.469717e-03 0.000000e+00)
90.35         	4.594843e-07	(0.000000e+00 1.469717e-03 0.000000e+00)
90.4          	4.595351e-07	(0.000000e+00 1.469717e-03 0.000000e+00)
90.45         	4.595855e-07	(0.000000e+00 1.469717e-03 0.000000e+00)
90.5          	4.596364e-07	(0.000000e+00 1.469717e-03 0.000000e+00)
90.55         	4.596854e-07	(0.000000e+00 1.469717e-03 0.000000e+00)
90.6          	4.597337e-07	(0.000000e+00 1.469717e-03 0.000000e+00)
90.65         	4.597835e-07	(0.000000e+00 1.469717e-03 0.000000e+00)
90.7          	4.598338e-07	(0.000000e+00 1.469717e-03 0.000000e+00)
90.75         	4.598834e-07	(0.000000e+00 1.469717e-03 0.000000e+00)
90.8          	4.599315e-07	(0.000000e+00 1.469717e-03 0.000000e+00)
90.85         	4.599808e-07	(0.000000e+00 1.469717e-03 0.000000e+00)
90.9          	4.600302e-07	(0.000000e+00 1.469717e-03 0.000000e+00)
90.95         	4.600809e-07	(0.000000e+00 1.469717e-03 0.000000e+00)
91            	4.601320e-07	(0.000000e+00 1.469717e-03 0.000000e+00)
91.05         	4.601837e-07	(0.000000e+00 1.469717e-03 0.000000e+00)
91.1          	4.602318e-07	(0.000000e+00 1.469717e-03 0.000000e+00)
91.15         	4.602792e-07	(0.000000e+00 1.469717e-03 0.000000e+00)
91.2          	4.603283e-07	(0.000000e+00 1.469717e-03 0.000000e+00)
91.25         	4.603776e-07	(0.000000e+00 1.469717e-03 0.000000e+00)
91.3          	4.604275e-07	(0.000000e+00 1.469717e-03 0.000000e+00)
91.35         	4.604783e-07	(0.000000e+00 1.469717e-03 0.000000e+00)
91.4          	4.605276e-07	(0.000000e+00 1.469717e-03 0.000000e+00)
91.45         	4.605775e-07	(0.000000e+00 1.469717e-03 0.000000e+00)
91.5          	4.606276e-07	(0.000000e+00 1.469717e-03 0.000000e+00)
91.55         	4.606774e-07	(0.000000e+00 1.469717e-03 0.000000e+00)
91.6          	4.607258e-07	(0.000000e+00 1.469717e-03 0.000000e+00)
91.65         	4.607739e-07	(0.000000e+00 1.469717e-03 0.000000e+00)
91.7          	4.608227e-07	(0.000000e+00 1.469717e-03 0.000000e+00)
91.75         	4.608725e-07	(0.000000e+00 1.469717e-03 0.000000e+00)
91.8          	4.609220e-07	(0.000000e+00 1.469717e-03 0.000000e+00)
91.85         	4.609714e-07	(0.000000e+00 1.469717e-03 0.000000e+00)
91.9          	4.610200e-07	(0.000000e+00 1.469717e-03 0.000000e+00)
91.95         	4.610693e-07	(0.000000e+00 1.469717e-03 0.000000e+00)
92            	4.611191e-07	(0.000000e+00 1.469717e-03 0.000000e+00)
92.05         	4.611691e-07	(0.000000e+00 1.469717e-03 0.000000e+00)
92.1          	4.612205e-07	(0.000000e+00 1.469717e-03 0.000000e+00)
92.15         	4.612730e-07	(0.000000e+00 1.469717e-03 0.000000e+00)
92.2          	4.613230e-07	(0.000000e+00 1.469717e-03 0.000000e+00)
92.25         	4.613703e-07	(0.000000e+00 1.469717e-03 0.000000e+00)
92.3          	4.614199e-07	(0.000000e+00 1.469717e-03 0.000000e+00)
92.35         	4.614690e-07	(0.000000e+00 1.469717e-03 0.000000e+00)
92.4          	4.615189e-07	(0.000000e+00 1.469717e-03 0.000000e+00)
92.45         	4.615673e-07	(0.000000e+00 1.469717e-03 0.000000e+00)
92.5          	4.616164e-07	(0.000000e+00 1.469717e-03 0.000000e+00)
92.55         	4.616643e-07	(0.000000e+00 1.469717e-03 0.000000e+00)
92.6          	4.617129e-07	(0.000000e+00 1.469717e-03 0.000000e+00)
92.65         	4.617614e-07	(0.000000e+00 1.469717e-03 0.000000e+00)
92.7          	4.618122e-07	(0.000000e+00 1.469717e-03 0.000000e+00)
92.75         	4.618635e-07	(0.000000e+00 1.469717e-03 0.000000e+00)
92.8          	4.619130e-07	(0.000000e+00 1.469717e-03 0.000000e+00)
92.85         	4.619622e-07	(0.000000e+00 1.469717e-03 0.000000e+00)
92.9          	4.620106e-07	(0.000000e+00 1.469717e-03 0.000000e+00)
92.95         	4.620592e-07	(0.000000e+00 1.469717e-03 0.000000e+00)
93            	4.621095e-07	(0.000000e+00 1.469717e-03 0.000000e+00)
93.05         	4.621585e-07	(0.000000e+00 1.469717e-03 0.000000e+00)
93.1          	4.622081e-07	(0.000000e+00 1.469717e-03 0.000000e+00)
93.15         	4.622572e-07	(0.000000e+00 1.469717e-03 0.000000e+00)
93.2          	4.623096e-07	(0.000000e+00 1.469717e-03 0.000000e+00)
93.25         	4.623615e-07	(0.000000e+00 1.469717e-03 0.000000e+00)
93.3          	4.624122e-07	(0.000000e+00 1.469717e-03 0.000000e+00)
93.35         	4.624626e-07	(0.000000e+00 1.469717e-03 0.000000e+00)
93.4          	4.625145e-07	(0.000000e+00 1.469717e-03 0.000000e+00)
93.45         	4.625649e-07	(0.000000e+00 1.469717e-03 0.000000e+00)
93.5          	4.626160e-07	(0.000000e+00 1.469717e-03 0.000000e+00)
93.55         	4.626662e-07	(0.000000e+00 1.469717e-03 0.000000e+00)
93.6          	4.627143e-07	(0.000000e+00 1.469717e-03 0.000000e+00)
93.65         	4.627624e-07	(0.000000e+00 1.469717e-03 0.000000e+00)
93.7          	4.628106e-07	(0.000000e+00 1.469717e-03 0.000000e+00)
93.75         	4.628608e-07	(0.000000e+00 1.469717e-03 0.000000e+00)
93.8          	4.629113e-07	(0.000000e+00 1.469717e-03 0.000000e+00)
93.85         	4.629646e-07	(0.000000e+00 1.469717e-03 0.000000e+00)
93.9          	4.630171e-07	(0.000000e+00 1.469717e-03 0.000000e+00)
93.95         	4.630667e-07	(0.000000e+00 1.469717e-03 0.000000e+00)
94            	4.631166e-07	(0.000000e+00 1.469717e-03 0.000000e+00)
94.05         	4.631686e-07	(0.000000e+00 1.469717e-03 0.000000e+00)
94.1          	4.632193e-07	(0.000000e+00 1.469717e-03 0.000000e+00)
94.15         	4.632728e-07	(0.000000e+00 1.469717e-03 0.000000e+00)
94.2          	4.633252e-07	(0.000000e+00 1.469717e-03 0.000000e+00)
94.25         	4.633769e-07	(0.000000e+00 1.469717e-03 0.000000e+00)
94.3          	4.634286e-07	(0.000000e+00 1.469717e-03 0.000000e+00)
94.35         	4.634802e-07	(0.000000e+00 1.469717e-03 0.000000e+00)
94.4          	4.635309e-07	(0.000000e+00 1.469717e-03 0.000000e+00)
94.45         	4.635811e-07	(0.000000e+00 1.469717e-03 0.000000e+00)
94.5          	4.636328e-07	(0.000000e+00 1.469717e-03 0.000000e+00)
94.55         	4.636835e-07	(0.000000e+00 1.469717e-03 0.000000e+00)
94.6          	4.637343e-07	(0.000000e+00 1.469717e-03 0.000000e+00)
94.65         	4.637875e-07	(0.000000e+00 1.469717e-03 0.000000e+00)
94.7          	4.638410e-07	(0.000000e+00 1.469717e-03 0.000000e+00)
94.75         	4.638954e-07	(0.000000e+00 1.469717e-03 0.000000e+00)
94.8          	4.639490e-07	(0.000000e+00 1.469717e-03 0.000000e+00)
94.85         	4.640012e-07	(0.000000e+00 1.469717e-03 0.000000e+00)
94.9          	4.640517e-07	(0.000000e+00 1.469717e-03 0.000000e+00)
94.95         	4.641024e-07	(0.000000e+00 1.469717e-03 0.000000e+00)
95            	4.641539e-07	(0.000000e+00 1.469717e-03 0.000000e+00)
95.05         	4.642046e-07	(0.000000e+00 1.469717e-03 0.000000e+00)
95.1          	4.642539e-07	(0.000000e+00 1.469717e-03 0.000000e+00)
95.15         	4.643046e-07	(0.000000e+00 1.469717e-03 0.000000e+00)
95.2          	4.643560e-07	(0.000000e+00 1.469717e-03 0.000000e+00)
95.25         	4.644081e-07	(0.000000e+00 1.469717e-03 0.000000e+00)
95.3          	4.644615e-07	(0.000000e+00 1.469717e-03 0.000000e+00)
95.35         	4.645141e-07	(0.000000e+00 1.469717e-03 0.000000e+00)
95.4          	4.645665e-07	(0.000000e+00 1.469717e-03 0.000000e+00)
95.45         	4.646173e-07	(0.000000e+00 1.469717e-03 0.000000e+00)
95.5          	4.646718e-07	(0.000000e+00 1.469717e-03 0.000000e+00)
95.55         	4.647236e-07	(0.000000e+00 1.469717e-03 0.000000e+00)
95.6          	4.647782e-07	(0.000000e+00 1.469717e-03 0.000000e+00)
95.65         	4.648318e-07	(0.000000e+00 1.469717e-03 0.000000e+00)
95.7          	4.648841e-07	(0.000000e+00 1.469717e-03 0.000000e+00)
95.75         	4.649360e-07	(0.000000e+00 1.469717e-03 0.000000e+00)
95.8          	4.649904e-07	(0.000000e+00 1.469717e-03 0.000000e+00)
95.85         	4.650462e-07	(0.000000e+00 1.469717e-03 0.000000e+00)
95.9          	4.651022e-07	(0.000000e+00 1.469717e-03 0.000000e+00)
95.95         	4.651560e-07	(0.000000e+00 1.469717e-03 0.000000e+00)
96            	4.652096e-07	(0.000000e+00 1.469717e-03 0.000000e+00)
96.05         	4.652625e-07	(0.000000e+00 1.469717e-03 0.000000e+00)
96.1          	4.653159e-07	(0.000000e+00 1.469717e-03 0.000000e+00)
96.15         	4.653704e-07	(0.000000e+00 1.469717e-03 0.000000e+00)
96.2          	4.654240e-07	(0.000000e+00 1.469717e-03 0.000000e+00)
96.25         	4.654794e-07	(0.000000e+00 1.469717e-03 0.000000e+00)
96.3          	4.655324e-07	(0.000000e+00 1.469717e-03 0.000000e+00)
96.35         	4.655859e-07	(0.000000e+00 1.469717e-03 0.000000e+00)
96.4          	4.656405e-07	(0.000000e+00 1.469717e-03 0.000000e+00)
96.45         	4.656958e-07	(0.000000e+00 1.469717e-03 0.000000e+00)
96.5          	4.657515e-07	(0.000000e+00 1.469717e-03 0.000000e+00)
96.55         	4.658070e-07	(0.000000e+00 1.469717e-03 0.000000e+00)
96.6          	4.658642e-07	(0.000000e+00 1.469717e-03 0.000000e+00)
96.65         	4.659203e-07	(0.000000e+00 1.469717e-03 0.000000e+00)
96.7          	4.659742e-07	(0.000000e+00 1.469717e-03 0.000000e+00)
96.75         	4.660284e-07	(0.000000e+00 1.469717e-03 0.000000e+00)
96.8          	4.660838e-07	(0.000000e+00 1.469717e-03 0.000000e+00)
96.85         	4.661384e-07	(0.000000e+00 1.469717e-03 0.000000e+00)
96.9          	4.661951e-07	(0.000000e+00 1.469717e-03 0.000000e+00)
96.95         	4.662517e-07	(0.000000e+00 1.469717e-03 0.000000e+00)
97            	4.663074e-07	(0.000000e+00 1.469717e-03 0.000000e+00)
97.05         	4.663608e-07	(0.000000e+00 1.469717e-03 0.000000e+00)
97.1          	4.664170e-07	(0.000000e+00 1.469717e-03 0.000000e+00)
97.15         	4.664736e-07	(0.000000e+00 1.469717e-03 0.000000e+00)
97.2          	4.665297e-07	(0.000000e+00 1.469717e-03 0.000000e+00)
97.25         	4.665854e-07	(0.000000e+00 1.469717e-03 0.000000e+00)
97.3          	4.666414e-07	(0.000000e+00 1.469717e-03 0.000000e+00)
97.35         	4.666977e-07	(0.000000e+00 1.469717e-03 0.000000e+00)
97.4          	4.667549e-07	(0.000000e+00 1.469717e-03 0.000000e+00)
97.45         	4.668121e-07	(0.000000e+00 1.469717e-03 0.000000e+00)
97.5          	4.668695e-07	(0.000000e+00 1.469717e-03 0.000000e+00)
97.55         	4.669260e-07	(0.000000e+00 1.469717e-03 0.000000e+00)
97.6          	4.669838e-07	(0.000000e+00 1.469717e-03 0.000000e+00)
97.65         	4.670410e-07	(0.000000e+00 1.469717e-03 0.000000e+00)
97.7          	4.670987e-07	(0.000000e+00 1.469717e-03 0.000000e+00)
97.75         	4.671537e-07	(0.000000e+00 1.469717e-03 0.000000e+00)
97.8          	4.672107e-07	(0.000000e+00 1.469717e-03 0.000000e+00)
97.85         	4.672668e-07	(0.000000e+00 1.469717e-03 0.000000e+00)
97.9          	4.673273e-07	(0.000000e+00 1.469717e-03 0.000000e+00)
97.95         	4.673876e-07	(0.000000e+00 1.469717e-03 0.000000e+00)
98            	4.674468e-07	(0.000000e+00 1.469717e-03 0.000000e+00)
98.05         	4.675066e-07	(0.000000e+00 1.469717e-03 0.000000e+00)
98.1          	4.675647e-07	(0.000000e+00 1.469717e-03 0.000000e+00)
98.15         	4.676227e-07	(0.000000e+00 1.469717e-03 0.000000e+00)
98.2          	4.676801e-07	(0.000000e+00 1.469717e-03 0.000000e+00)
98.25         	4.677399e-07	(0.000000e+00 1.469717e-03 0.000000e+00)
98.3          	4.677981e-07	(0.000000e+00 1.469717e-03 0.000000e+00)
98.35         	4.678568e-07	(0.000000e+00 1.469717e-03 0.000000e+00)
98.4          	4.679176e-07	(0.000000e+00 1.469717e-03 0.000000e+00)
98.45         	4.679777e-07	(0.000000e+00 1.469717e-03 0.000000e+00)
98.5          	4.680379e-07	(0.000000e+00 1.469717e-03 0.000000e+00)
98.55         	4.680974e-07	(0.000000e+00 1.469717e-03 0.000000e+00)
98.6          	4.681571e-07	(0.000000e+00 1.469717e-03 0.000000e+00)
98.65         	4.682152e-07	(0.000000e+00 1.469717e-03 0.000000e+00)
98.7          	4.682752e-07	(0.000000e+00 1.469717e-03 0.000000e+00)
98.75         	4.683354e-07	(0.000000e+00 1.469717e-03 0.000000e+00)
98.8          	4.683958e-07	(0.000000e+00 1.469717e-03 0.000000e+00)
98.85         	4.684563e-07	(0.000000e+00 1.469717e-03 0.000000e+00)
98.9          	4.685178e-07	(0.000000e+00 1.469717e-03 0.000000e+00)
98.95         	4.685791e-07	(0.000000e+00 1.469717e-03 0.000000e+00)
99            	4.686387e-07	(0.000000e+00 1.469717e-03 0.000000e+00)
99.05         	4.686997e-07	(0.000000e+00 1.469717e-03 0.000000e+00)
99.1          	4.687609e-07	(0.000000e+00 1.469717e-03 0.000000e+00)
99.15         	4.688214e-07	(0.000000e+00 1.469717e-03 0.000000e+00)
99.2          	4.688843e-07	(0.000000e+00 1.469717e-03 0.000000e+00)
99.25         	4.689460e-07	(0.000000e+00 1.469717e-03 0.000000e+00)
99.3          	4.690066e-07	(0.000000e+00 1.469717e-03 0.000000e+00)
99.35         	4.690708e-07	(0.000000e+00 1.469717e-03 0.000000e+00)
99.4          	4.691343e-07	(0.000000e+00 1.469717e-03 0.000000e+00)
99.45         	4.691970e-07	(0.000000e+00 1.469717e-03 0.000000e+00)
99.5          	4.692610e-07	(0.000000e+00 1.469717e-03 0.000000e+00)
99.55         	4.693244e-07	(0.000000e+00 1.469717e-03 0.000000e+00)
99.6          	4.693873e-07	(0.000000e+00 1.469717e-03 0.000000e+00)
99.65         	4.694516e-07	(0.000000e+00 1.469717e-03 0.000000e+00)
99.7          	4.695160e-07	(0.000000e+00 1.469717e-03 0.000000e+00)
99.75         	4.695811e-07	(0.000000e+00 1.469717e-03 0.000000e+00)
99.8          	4.696453e-07	(0.000000e+00 1.469717e-03 0.000000e+00)
99.85         	4.697096e-07	(0.000000e+00 1.469717e-03 0.000000e+00)
99.9          	4.697743e-07	(0.000000e+00 1.469717e-03 0.000000e+00)
99.95         	4.698393e-07	(0.000000e+00 1.469717e-03 0.000000e+00)
100           	4.699042e-07	(0.000000e+00 1.469717e-03 0.000000e+00)
100.05        	4.699692e-07	(0.000000e+00 1.469717e-03 0.000000e+00)
100.1         	4.700349e-07	(0.000000e+00 1.469717e-03 0.000000e+00)
100.15        	4.700994e-07	(0.000000e+00 1.469717e-03 0.000000e+00)
100.2         	4.701645e-07	(0.000000e+00 1.469717e-03 0.000000e+00)
100.25        	4.702315e-07	(0.000000e+00 1.469717e-03 0.000000e+00)
100.3         	4.702963e-07	(0.000000e+00 1.469717e-03 0.000000e+00)
100.35        	4.703585e-07	(0.000000e+00 1.469717e-03 0.000000e+00)
100.4         	4.704247e-07	(0.000000e+00 1.469717e-03 0.000000e+00)
100.45        	4.704925e-07	(0.000000e+00 1.469717e-03 0.000000e+00)
100.5         	4.705605e-07	(0.000000e+00 1.469717e-03 0.000000e+00)
100.55        	4.706271e-07	(0.000000e+00 1.469717e-03 0.000000e+00)
100.6         	4.706939e-07	(0.000000e+00 1.469717e-03 0.000000e+00)
100.65        	4.707610e-07	(0.000000e+00 1.469717e-03 0.000000e+00)
100.7         	4.708283e-07	(0.000000e+00 1.469717e-03 0.000000e+00)
100.75        	4.708950e-07	(0.000000e+00 1.469717e-03 0.000000e+00)
100.8         	4.709628e-07	(0.000000e+00 1.469717e-03 0.000000e+00)
100.85        	4.710317e-07	(0.000000e+00 1.469717e-03 0.000000e+00)
100.9         	4.711008e-07	(0.000000e+00 1.469717e-03 0.000000e+00)
100.95        	4.711687e-07	(0.000000e+00 1.469717e-03 0.000000e+00)
101           	4.712383e-07	(0.000000e+00 1.469717e-03 0.000000e+00)
101.05        	4.713063e-07	(0.000000e+00 1.469717e-03 0.000000e+00)
101.1         	4.713752e-07	(0.000000e+00 1.469717e-03 0.000000e+00)
101.15        	4.714467e-07	(0.000000e+00 1.469717e-03 0.000000e+00)
101.2         	4.715177e-07	(0.000000e+00 1.469717e-03 0.000000e+00)
101.25        	4.715875e-07	(0.000000e+00 1.469717e-03 0.000000e+00)
101.3         	4.716606e-07	(0.000000e+00 1.469717e-03 0.000000e+00)
101.35        	4.717320e-07	(0.000000e+00 1.469717e-03 0.000000e+00)
101.4         	4.718007e-07	(0.000000e+00 1.469717e-03 0.000000e+00)
101.45        	4.718701e-07	(0.000000e+00 1.469717e-03 0.000000e+00)
101.5         	4.719408e-07	(0.000000e+00 1.469717e-03 0.000000e+00)
101.55        	4.720103e-07	(0.000000e+00 1.469717e-03 0.000000e+00)
101.6         	4.720833e-07	(0.000000e+00 1.469717e-03 0.000000e+00)
101.65        	4.721566e-07	(0.000000e+00 1.469717e-03 0.000000e+00)
101.7         	4.722271e-07	(0.000000e+00 1.469717e-03 0.000000e+00)
101.75        	4.722988e-07	(0.000000e+00 1.469717e-03 0.000000e+00)
101.8         	4.723720e-07	(0.000000e+00 1.469717e-03 0.000000e+00)
101.85        	4.724443e-07	(0.000000e+00 1.469717e-03 0.000000e+00)
101.9         	4.725160e-07	(0.000000e+00 1.469717e-03 0.000000e+00)
101.95        	4.725900e-07	(0.000000e+00 1.469717e-03 0.000000e+00)
102           	4.726644e-07	(0.000000e+00 1.469717e-03 0.000000e+00)
102.05        	4.727388e-07	(0.000000e+00 1.469717e-03 0.000000e+00)
102.1         	4.728142e-07	(0.000000e+00 1.469717e-03 0.000000e+00)
102.15        	4.728887e-07	(0.000000e+00 1.469717e-03 0.000000e+00)
102.2         	4.729633e-07	(0.000000e+00 1.469717e-03 0.000000e+00)
102.25        	4.730381e-07	(0.000000e+00 1.469717e-03 0.000000e+00)
102.3         	4.731140e-07	(0.000000e+00 1.469717e-03 0.000000e+00)
102.35        	4.731882e-07	(0.000000e+00 1.469717e-03 0.000000e+00)
102.4         	4.732626e-07	(0.000000e+00 1.469717e-03 0.000000e+00)
102.45        	4.733398e-07	(0.000000e+00 1.469717e-03 0.000000e+00)
102.5         	4.734164e-07	(0.000000e+00 1.469717e-03 0.000000e+00)
102.55        	4.734930e-07	(0.000000e+00 1.469717e-03 0.000000e+00)
102.6         	4.735705e-07	(0.000000e+00 1.469717e-03 0.000000e+00)
102.65        	4.736469e-07	(0.000000e+00 1.469717e-03 0.000000e+00)
102.7         	4.737245e-07	(0.000000e+00 1.469717e-03 0.000000e+00)
102.75        	4.738017e-07	(0.000000e+00 1.469717e-03 0.000000e+00)
102.8         	4.738796e-07	(0.000000e+00 1.469717e-03 0.000000e+00)
102.85        	4.739578e-07	(0.000000e+00 1.469717e-03 0.000000e+00)
102.9         	4.740363e-07	(0.000000e+00 1.469717e-03 0.000000e+00)
102.95        	4.741151e-07	(0.000000e+00 1.469717e-03 0.000000e+00)
103           	4.741937e-07	(0.000000e+00 1.469717e-03 0.000000e+00)
103.05        	4.742722e-07	(0.000000e+00 1.469717e-03 0.000000e+00)
103.1         	4.743511e-07	(0.000000e+00 1.469717e-03 0.000000e+00)
103.15        	4.744312e-07	(0.000000e+00 1.469717e-03 0.000000e+00)
103.2         	4.745112e-07	(0.000000e+00 1.469717e-03 0.000000e+00)
103.25        	4.745886e-07	(0.000000e+00 1.469717e-03 0.000000e+00)
103.3         	4.746692e-07	(0.000000e+00 1.469717e-03 0.000000e+00)
103.35        	4.747495e-07	(0.000000e+00 1.469717e-03 0.000000e+00)
103.4         	4.748303e-07	(0.000000e+00 1.469717e-03 0.000000e+00)
103.45        	4.749131e-07	(0.000000e+00 1.469717e-03 0.000000e+00)
103.5         	4.749969e-07	(0.000000e+00 1.469717e-03 0.000000e+00)
103.55        	4.750783e-07	(0.000000e+00 1.469717e-03 0.000000e+00)
103.6         	4.751584e-07	(0.000000e+00 1.469717e-03 0.000000e+00)
103.65        	4.752436e-07	(0.000000e+00 1.469717e-03 0.000000e+00)
103.7         	4.753251e-07	(0.000000e+00 1.469717e-03 0.000000e+00)
103.75        	4.754062e-07	(0.000000e+00 1.469717e-03 0.000000e+00)
103.8         	4.754911e-07	(0.000000e+00 1.469717e-03 0.000000e+00)
103.85        	4.755740e-07	(0.000000e+00 1.469717e-03 0.000000e+00)
103.9         	4.756574e-07	(0.000000e+00 1.469717e-03 0.000000e+00)
103.95        	4.757406e-07	(0.000000e+00 1.469717e-03 0.000000e+00)
104           	4.758271e-07	(0.000000e+00 1.469717e-03 0.000000e+00)
104.05        	4.759097e-07	(0.000000e+00 1.469717e-03 0.000000e+00)
104.1         	4.759949e-07	(0.000000e+00 1.469717e-03 0.000000e+00)
104.15        	4.760806e-07	(0.000000e+00 1.469717e-03 0.000000e+00)
104.2         	4.761667e-07	(0.000000e+00 1.469717e-03 0.000000e+00)
104.25        	4.762514e-07	(0.000000e+00 1.469717e-03 0.000000e+00)
104.3         	4.763361e-07	(0.000000e+00 1.469717e-03 0.000000e+00)
104.35        	4.764229e-07	(0.000000e+00 1.469717e-03 0.000000e+00)
104.4         	4.765103e-07	(0.000000e+00 1.469717e-03 0.000000e+00)
104.45        	4.765961e-07	(0.000000e+00 1.469717e-03 0.000000e+00)
104.5         	4.766823e-07	(0.000000e+00 1.469717e-03 0.000000e+00)
104.55        	4.767692e-07	(0.000000e+00 1.469717e-03 0.000000e+00)
104.6         	4.768566e-07	(0.000000e+00 1.469717e-03 0.000000e+00)
104.65        	4.769442e-07	(0.000000e+00 1.469717e-03 0.000000e+00)
104.7         	4.770330e-07	(0.000000e+00 1.469717e-03 0.000000e+00)
104.75        	4.771208e-07	(0.000000e+00 1.469717e-03 0.000000e+00)
104.8         	4.772112e-07	(0.000000e+00 1.469717e-03 0.000000e+00)
104.85        	4.772989e-07	(0.000000e+00 1.469717e-03 0.000000e+00)
104.9         	4.773905e-07	(0.000000e+00 1.469717e-03 0.000000e+00)
104.95        	4.774798e-07	(0.000000e+00 1.469717e-03 0.000000e+00)
105           	4.775696e-07	(0.000000e+00 1.469717e-03 0.000000e+00)
105.05        	4.776595e-07	(0.000000e+00 1.469717e-03 0.000000e+00)
105.1         	4.777500e-07	(0.000000e+00 1.469717e-03 0.000000e+00)
105.15        	4.778401e-07	(0.000000e+00 1.469717e-03 0.000000e+00)
105.2         	4.779308e-07	(0.000000e+00 1.469717e-03 0.000000e+00)
105.25        	4.780253e-07	(0.000000e+00 1.469717e-03 0.000000e+00)
105.3         	4.781172e-07	(0.000000e+00 1.469717e-03 0.000000e+00)
105.35        	4.782081e-07	(0.000000e+00 1.469717e-03 0.000000e+00)
105.4         	4.782989e-07	(0.000000e+00 1.469717e-03 0.000000e+00)
105.45        	4.783896e-07	(0.000000e+00 1.469717e-03 0.000000e+00)
105.5         	4.784817e-07	(0.000000e+00 1.469717e-03 0.000000e+00)
105.55        	4.785749e-07	(0.000000e+00 1.469717e-03 0.000000e+00)
105.6         	4.786684e-07	(0.000000e+00 1.469717e-03 0.000000e+00)
105.65        	4.787618e-07	(0.000000e+00 1.469717e-03 0.000000e+00)
105.7         	4.788552e-07	(0.000000e+00 1.469717e-03 0.000000e+00)
105.75        	4.789494e-07	(0.000000e+00 1.469717e-03 0.000000e+00)
105.8         	4.790441e-07	(0.000000e+00 1.469717e-03 0.000000e+00)
105.85        	4.791384e-07	(0.000000e+00 1.469717e-03 0.000000e+00)
105.9         	4.792325e-07	(0.000000e+00 1.469717e-03 0.000000e+00)
105.95        	4.793270e-07	(0.000000e+00 1.469717e-03 0.000000e+00)
106           	4.794221e-07	(0.000000e+00 1.469717e-03 0.000000e+00)
106.05        	4.795198e-07	(0.000000e+00 1.469717e-03 0.000000e+00)
106.1         	4.796185e-07	(0.000000e+00 1.469717e-03 0.000000e+00)
106.15        	4.797152e-07	(0.000000e+00 1.469717e-03 0.000000e+00)
106.2         	4.798125e-07	(0.000000e+00 1.469717e-03 0.000000e+00)
106.25        	4.799077e-07	(0.000000e+00 1.469717e-03 0.000000e+00)
106.3         	4.800044e-07	(0.000000e+00 1.469717e-03 0.000000e+00)
106.35        	4.801016e-07	(0.000000e+00 1.469717e-03 0.000000e+00)
106.4         	4.801987e-07	(0.000000e+00 1.469717e-03 0.000000e+00)
106.45        	4.802969e-07	(0.000000e+00 1.469717e-03 0.000000e+00)
106.5         	4.803944e-07	(0.000000e+00 1.469717e-03 0.000000e+00)
106.55        	4.804919e-07	(0.000000e+00 1.469717e-03 0.000000e+00)
106.6         	4.805904e-07	(0.000000e+00 1.469717e-03 0.000000e+00)
106.65        	4.806892e-07	(0.000000e+00 1.469717e-03 0.000000e+00)
106.7         	4.807885e-07	(0.000000e+00 1.469717e-03 0.000000e+00)
106.75        	4.808862e-07	(0.000000e+00 1.469717e-03 0.000000e+00)
106.8         	4.809863e-07	(0.000000e+00 1.469717e-03 0.000000e+00)
106.85        	4.810858e-07	(0.000000e+00 1.469717e-03 0.000000e+00)
106.9         	4.811857e-07	(0.000000e+00 1.469717e-03 0.000000e+00)
106.95        	4.812861e-07	(0.000000e+00 1.469717e-03 0.000000e+00)
107           	4.813862e-07	(0.000000e+00 1.469717e-03 0.000000e+00)
107.05        	4.814870e-07	(0.000000e+00 1.469717e-03 0.000000e+00)
107.1         	4.815880e-07	(0.000000e+00 1.469717e-03 0.000000e+00)
107.15        	4.816901e-07	(0.000000e+00 1.469717e-03 0.000000e+00)
107.2         	4.817923e-07	(0.000000e+00 1.469717e-03 0.000000e+00)
107.25        	4.818933e-07	(0.000000e+00 1.469717e-03 0.000000e+00)
107.3         	4.819960e-07	(0.000000e+00 1.469717e-03 0.000000e+00)
107.35        	4.820989e-07	(0.000000e+00 1.469717e-03 0.000000e+00)
107.4         	4.822020e-07	(0.000000e+00 1.469717e-03 0.000000e+00)
107.45        	4.823051e-07	(0.000000e+00 1.469717e-03 0.000000e+00)
107.5         	4.824075e-07	(0.000000e+00 1.469717e-03 0.000000e+00)
107.55        	4.825106e-07	(0.000000e+00 1.469717e-03 0.000000e+00)
107.6         	4.826139e-07	(0.000000e+00 1.469717e-03 0.000000e+00)
107.65        	4.827175e-07	(0.000000e+00 1.469717e-03 0.000000e+00)
107.7         	4.828208e-07	(0.000000e+00 1.469717e-03 0.000000e+00)
107.75        	4.829255e-07	(0.000000e+00 1.469717e-03 0.000000e+00)
107.8         	4.830323e-07	(0.000000e+00 1.469717e-03 0.000000e+00)
107.85        	4.831369e-07	(0.000000e+00 1.469717e-03 0.000000e+00)
107.9         	4.832417e-07	(0.000000e+00 1.469717e-03 0.000000e+00)
107.95        	4.833472e-07	(0.000000e+00 1.469717e-03 0.000000e+00)
108           	4.834520e-07	(0.000000e+00 1.469717e-03 0.000000e+00)
108.05        	4.835570e-07	(0.000000e+00 1.469717e-03 0.000000e+00)
108.1         	4.836626e-07	(0.000000e+00 1.469717e-03 0.000000e+00)
108.15        	4.837681e-07	(0.000000e+00 1.469717e-03 0.000000e+00)
108.2         	4.838739e-07	(0.000000e+00 1.469717e-03 0.000000e+00)
108.25        	4.839795e-07	(0.000000e+00 1.469717e-03 0.000000e+00)
108.3         	4.840856e-07	(0.000000e+00 1.469717e-03 0.000000e+00)
108.35        	4.841923e-07	(0.000000e+00 1.469717e-03 0.000000e+00)
108.4         	4.843002e-07	(0.000000e+00 1.469717e-03 0.000000e+00)
108.45        	4.844081e-07	(0.000000e+00 1.469717e-03 0.000000e+00)
108.5         	4.845156e-07	(0.000000e+00 1.469717e-03 0.000000e+00)
108.55        	4.846233e-07	(0.000000e+00 1.469717e-03 0.000000e+00)
108.6         	4.847327e-07	(0.000000e+00 1.469717e-03 0.000000e+00)
108.65        	4.848413e-07	(0.000000e+00 1.469717e-03 0.000000e+00)
108.7         	4.849484e-07	(0.000000e+00 1.469717e-03 0.000000e+00)
108.75        	4.850575e-07	(0.000000e+00 1.469717e-03 0.000000e+00)
108.8         	4.851664e-07	(0.000000e+00 1.469717e-03 0.000000e+00)
108.85        	4.852751e-07	(0.000000e+00 1.469717e-03 0.000000e+00)
108.9         	4.853837e-07	(0.000000e+00 1.469717e-03 0.000000e+00)
108.95        	4.854935e-07	(0.000000e+00 1.469717e-03 0.000000e+00)
109           	4.856026e-07	(0.000000e+00 1.469717e-03 0.000000e+00)
109.05        	4.857103e-07	(0.000000e+00 1.469717e-03 0.000000e+00)
109.1         	4.858219e-07	(0.000000e+00 1.469717e-03 0.000000e+00)
109.15        	4.859332e-07	(0.000000e+00 1.469717e-03 0.000000e+00)
109.2         	4.860433e-07	(0.000000e+00 1.469717e-03 0.000000e+00)
109.25        	4.861539e-07	(0.000000e+00 1.469717e-03 0.000000e+00)
109.3         	4.862651e-07	(0.000000e+00 1.469717e-03 0.000000e+00)
109.35        	4.863751e-07	(0.000000e+00 1.469717e-03 0.000000e+00)
109.4         	4.864861e-07	(0.000000e+00 1.469717e-03 0.000000e+00)
109.45        	4.865970e-07	(0.000000e+00 1.469717e-03 0.000000e+00)
109.5         	4.867082e-07	(0.000000e+00 1.469717e-03 0.000000e+00)
109.55        	4.868193e-07	(0.000000e+00 1.469717e-03 0.000000e+00)
109.6         	4.869304e-07	(0.000000e+00 1.469717e-03 0.000000e+00)
109.65        	4.870412e-07	(0.000000e+00 1.469717e-03 0.000000e+00)
109.7         	4.871525e-07	(0.000000e+00 1.469717e-03 0.000000e+00)
109.75        	4.872639e-07	(0.000000e+00 1.469717e-03 0.000000e+00)
109.8         	4.873758e-07	(0.000000e+00 1.469717e-03 0.000000e+00)
109.85        	4.874868e-07	(0.000000e+00 1.469717e-03 0.000000e+00)
109.9         	4.875992e-07	(0.000000e+00 1.469717e-03 0.000000e+00)
109.95        	4.877106e-07	(0.000000e+00 1.469717e-03 0.000000e+00)
110           	4.878241e-07	(0.000000e+00 1.469717e-03 0.000000e+00)
110.05        	4.879367e-07	(0.000000e+00 1.469717e-03 0.000000e+00)
110.1         	4.880496e-07	(0.000000e+00 1.469717e-03 0.000000e+00)
110.15        	4.881627e-07	(0.000000e+00 1.469717e-03 0.000000e+00)
110.2         	4.882761e-07	(0.000000e+00 1.469717e-03 0.000000e+00)
110.25        	4.883895e-07	(0.000000e+00 1.469717e-03 0.000000e+00)
110.3         	4.885028e-07	(0.000000e+00 1.469717e-03 0.000000e+00)
110.35        	4.886160e-07	(0.000000e+00 1.469717e-03 0.000000e+00)
110.4         	4.887302e-07	(0.000000e+00 1.469717e-03 0.000000e+00)
110.45        	4.888432e-07	(0.000000e+00 1.469717e-03 0.000000e+00)
110.5         	4.889559e-07	(0.000000e+00 1.469717e-03 0.000000e+00)
110.55        	4.890696e-07	(0.000000e+00 1.469717e-03 0.000000e+00)
110.6         	4.891834e-07	(0.000000e+00 1.469717e-03 0.000000e+00)
110.65        	4.892970e-07	(0.000000e+00 1.469717e-03 0.000000e+00)
110.7         	4.894110e-07	(0.000000e+00 1.469717e-03 0.000000e+00)
110.75        	4.895250e-07	(0.000000e+00 1.469717e-03 0.000000e+00)
110.8         	4.896392e-07	(0.000000e+00 1.469717e-03 0.000000e+00)
110.85        	4.897535e-07	(0.000000e+00 1.469717e-03 0.000000e+00)
110.9         	4.898673e-07	(0.000000e+00 1.469717e-03 0.000000e+00)
110.95        	4.899811e-07	(0.000000e+00 1.469717e-03 0.000000e+00)
111           	4.900954e-07	(0.000000e+00 1.469717e-03 0.000000e+00)
111.05        	4.902094e-07	(0.000000e+00 1.469717e-03 0.000000e+00)
111.1         	4.903252e-07	(0.000000e+00 1.469717e-03 0.000000e+00)
111.15        	4.904395e-07	(0.000000e+00 1.469717e-03 0.000000e+00)
111.2         	4.905543e-07	(0.000000e+00 1.469717e-03 0.000000e+00)
111.25        	4.906684e-07	(0.000000e+00 1.469717e-03 0.000000e+00)
111.3         	4.907833e-07	(0.000000e+00 1.469717e-03 0.000000e+00)
111.35        	4.908980e-07	(0.000000e+00 1.469717e-03 0.000000e+00)
111.4         	4.910128e-07	(0.000000e+00 1.469717e-03 0.000000e+00)
111.45        	4.911275e-07	(0.000000e+00 1.469717e-03 0.000000e+00)
111.5         	4.912418e-07	(0.000000e+00 1.469717e-03 0.000000e+00)
111.55        	4.913566e-07	(0.000000e+00 1.469717e-03 0.000000e+00)
111.6         	4.914717e-07	(0.000000e+00 1.469717e-03 0.000000e+00)
111.65        	4.915867e-07	(0.000000e+00 1.469717e-03 0.000000e+00)
111.7         	4.917000e-07	(0.000000e+00 1.469717e-03 0.000000e+00)
111.75        	4.918151e-07	(0.000000e+00 1.469717e-03 0.000000e+00)
111.8         	4.919313e-07	(0.000000e+00 1.469717e-03 0.000000e+00)
111.85        	4.920450e-07	(0.000000e+00 1.469717e-03 0.000000e+00)
111.9         	4.921596e-07	(0.000000e+00 1.469717e-03 0.000000e+00)
111.95        	4.922746e-07	(0.000000e+00 1.469717e-03 0.000000e+00)
112           	4.923896e-07	(0.000000e+00 1.469717e-03 0.000000e+00)
112.05        	4.925053e-07	(0.000000e+00 1.469717e-03 0.000000e+00)
112.1         	4.926204e-07	(0.000000e+00 1.469717e-03 0.000000e+00)
112.15        	4.927348e-07	(0.000000e+00 1.469717e-03 0.000000e+00)
112.2         	4.928502e-07	(0.000000e+00 1.469717e-03 0.000000e+00)
112.25        	4.929655e-07	(0.000000e+00 1.469717e-03 0.000000e+00)
112.3         	4.930805e-07	(0.000000e+00 1.469717e-03 0.000000e+00)
112.35        	4.931951e-07	(0.000000e+00 1.469717e-03 0.000000e+00)
112.4         	4.933110e-07	(0.000000e+00 1.469717e-03 0.000000e+00)
112.45        	4.934266e-07	(0.000000e+00 1.469717e-03 0.000000e+00)
112.5         	4.935421e-07	(0.000000e+00 1.469717e-03 0.000000e+00)
112.55        	4.936568e-07	(0.000000e+00 1.469717e-03 0.000000e+00)
112.6         	4.937709e-07	(0.000000e+00 1.469717e-03 0.000000e+00)
112.65        	4.938890e-07	(0.000000e+00 1.469717e-03 0.000000e+00)
112.7         	4.940044e-07	(0.000000e+00 1.469717e-03 0.000000e+00)
112.75        	4.941189e-07	(0.000000e+00 1.469717e-03 0.000000e+00)
112.8         	4.942337e-07	(0.000000e+00 1.469717e-03 0.000000e+00)
112.85        	4.943487e-07	(0.000000e+00 1.469717e-03 0.000000e+00)
112.9         	4.944625e-07	(0.000000e+00 1.469717e-03 0.000000e+00)
112.95        	4.945775e-07	(0.000000e+00 1.469717e-03 0.000000e+00)
113           	4.946924e-07	(0.000000e+00 1.469717e-03 0.000000e+00)
113.05        	4.948063e-07	(0.000000e+00 1.469717e-03 0.000000e+00)
113.1         	4.949206e-07	(0.000000e+00 1.469717e-03 0.000000e+00)
113.15        	4.950354e-07	(0.000000e+00 1.469717e-03 0.000000e+00)
113.2         	4.951499e-07	(0.000000e+00 1.469717e-03 0.000000e+00)
113.25        	4.952658e-07	(0.000000e+00 1.469717e-03 0.000000e+00)
113.3         	4.953818e-07	(0.000000e+00 1.469717e-03 0.000000e+00)
113.35        	4.954981e-07	(0.000000e+00 1.469717e-03 0.000000e+00)
113.4         	4.956124e-07	(0.000000e+00 1.469717e-03 0.000000e+00)
113.45        	4.957261e-07	(0.000000e+00 1.469717e-03 0.000000e+00)
113.5         	4.958407e-07	(0.000000e+00 1.469717e-03 0.000000e+00)
113.55        	4.959553e-07	(0.000000e+00 1.469717e-03 0.000000e+00)
113.6         	4.960708e-07	(0.000000e+00 1.469717e-03 0.000000e+00)
113.65        	4.961852e-07	(0.000000e+00 1.469717e-03 0.000000e+00)
113.7         	4.962997e-07	(0.000000e+00 1.469717e-03 0.000000e+00)
113.75        	4.964136e-07	(0.000000e+00 1.469717e-03 0.000000e+00)
113.8         	4.965278e-07	(0.000000e+00 1.469717e-03 0.000000e+00)
113.85        	4.966415e-07	(0.000000e+00 1.469717e-03 0.000000e+00)
113.9         	4.967555e-07	(0.000000e+00 1.469717e-03 0.000000e+00)
113.95        	4.968686e-07	(0.000000e+00 1.469717e-03 0.000000e+00)
114           	4.969812e-07	(0.000000e+00 1.469717e-03 0.000000e+00)
114.05        	4.970942e-07	(0.000000e+00 1.469717e-03 0.000000e+00)
114.1         	4.972070e-07	(0.000000e+00 1.469717e-03 0.000000e+00)
114.15        	4.973206e-07	(0.000000e+00 1.469717e-03 0.000000e+00)
114.2         	4.974337e-07	(0.000000e+00 1.469717e-03 0.000000e+00)
114.25        	4.975461e-07	(0.000000e+00 1.469717e-03 0.000000e+00)
114.3         	4.976593e-07	(0.000000e+00 1.469717e-03 0.000000e+00)
114.35        	4.977720e-07	(0.000000e+00 1.469717e-03 0.000000e+00)
114.4         	4.978826e-07	(0.000000e+00 1.469717e-03 0.000000e+00)
114.45        	4.979950e-07	(0.000000e+00 1.469717e-03 0.000000e+00)
114.5         	4.981075e-07	(0.000000e+00 1.469717e-03 0.000000e+00)
114.55        	4.982200e-07	(0.000000e+00 1.469717e-03 0.000000e+00)
114.6         	4.983325e-07	(0.000000e+00 1.469717e-03 0.000000e+00)
114.65        	4.984444e-07	(0.000000e+00 1.469717e-03 0.000000e+00)
114.7         	4.985563e-07	(0.000000e+00 1.469717e-03 0.000000e+00)
114.75        	4.986681e-07	(0.000000e+00 1.469717e-03 0.000000e+00)
114.8         	4.987799e-07	(0.000000e+00 1.469717e-03 0.000000e+00)
114.85        	4.988914e-07	(0.000000e+00 1.469717e-03 0.000000e+00)
114.9         	4.990028e-07	(0.000000e+00 1.469717e-03 0.000000e+00)
114.95        	4.991136e-07	(0.000000e+00 1.469717e-03 0.000000e+00)
115           	4.992245e-07	(0.000000e+00 1.469717e-03 0.000000e+00)
115.05        	4.993354e-07	(0.000000e+00 1.469717e-03 0.000000e+00)
115.1         	4.994445e-07	(0.000000e+00 1.469717e-03 0.000000e+00)
115.15        	4.995562e-07	(0.000000e+00 1.469717e-03 0.000000e+00)
115.2         	4.996669e-07	(0.000000e+00 1.469717e-03 0.000000e+00)
115.25        	4.997772e-07	(0.000000e+00 1.469717e-03 0.000000e+00)
115.3         	4.998877e-07	(0.000000e+00 1.469717e-03 0.000000e+00)
115.35        	4.999976e-07	(0.000000e+00 1.469717e-03 0.000000e+00)
115.4         	5.001076e-07	(0.000000e+00 1.469717e-03 0.000000e+00)
115.45        	5.002171e-07	(0.000000e+00 1.469717e-03 0.000000e+00)
115.5         	5.003267e-07	(0.000000e+00 1.469717e-03 0.000000e+00)
115.55        	5.004365e-07	(0.000000e+00 1.469717e-03 0.000000e+00)
115.6         	5.005461e-07	(0.000000e+00 1.469717e-03 0.000000e+00)
115.65        	5.006543e-07	(0.000000e+00 1.469717e-03 0.000000e+00)
115.7         	5.007628e-07	(0.000000e+00 1.469717e-03 0.000000e+00)
115.75        	5.008722e-07	(0.000000e+00 1.469717e-03 0.000000e+00)
115.8         	5.009810e-07	(0.000000e+00 1.469717e-03 0.000000e+00)
115.85        	5.010883e-07	(0.000000e+00 1.469717e-03 0.000000e+00)
115.9         	5.011970e-07	(0.000000e+00 1.469717e-03 0.000000e+00)
115.95        	5.013046e-07	(0.000000e+00 1.469717e-03 0.000000e+00)
116           	5.014124e-07	(0.000000e+00 1.469717e-03 0.000000e+00)
116.05        	5.015199e-07	(0.000000e+00 1.469717e-03 0.000000e+00)
116.1         	5.016268e-07	(0.000000e+00 1.469717e-03 0.000000e+00)
116.15        	5.017336e-07	(0.000000e+00 1.469717e-03 0.000000e+00)
116.2         	5.018421e-07	(0.000000e+00 1.469717e-03 0.000000e+00)
116.25        	5.019315e-07	(0.000000e+00 1.469717e-03 0.000000e+00)
116.3         	5.020719e-07	(0.000000e+00 1.469717e-03 0.000000e+00)
116.35        	5.021477e-07	(0.000000e+00 1.469717e-03 0.000000e+00)
116.4         	5.022823e-07	(0.000000e+00 1.469717e-03 0.000000e+00)
116.45        	5.023587e-07	(0.000000e+00 1.469717e-03 0.000000e+00)
116.5         	5.024927e-07	(0.000000e+00 1.469717e-03 0.000000e+00)
116.55        	5.025702e-07	(0.000000e+00 1.469717e-03 0.000000e+00)
116.6         	5.027044e-07	(0.000000e+00 1.469717e-03 0.000000e+00)
116.65        	5.027811e-07	(0.000000e+00 1.469717e-03 0.000000e+00)
116.7         	5.029161e-07	(0.000000e+00 1.469717e-03 0.000000e+00)
116.75        	5.029914e-07	(0.000000e+00 1.469717e-03 0.000000e+00)
116.8         	5.031244e-07	(0.000000e+00 1.469717e-03 0.000000e+00)
116.85        	5.032015e-07	(0.000000e+00 1.469717e-03 0.000000e+00)
116.9         	5.033350e-07	(0.000000e+00 1.469717e-03 0.000000e+00)
116.95        	5.034131e-07	(0.000000e+00 1.469717e-03 0.000000e+00)
117           	5.035437e-07	(0.000000e+00 1.469717e-03 0.000000e+00)
117.05        	5.036204e-07	(0.000000e+00 1.469717e-03 0.000000e+00)
117.1         	5.037512e-07	(0.000000e+00 1.469717e-03 0.000000e+00)
117.15        	5.038275e-07	(0.000000e+00 1.469717e-03 0.000000e+00)
117.2         	5.039574e-07	(0.000000e+00 1.469717e-03 0.000000e+00)
117.25        	5.040334e-07	(0.000000e+00 1.469717e-03 0.000000e+00)
117.3         	5.041629e-07	(0.000000e+00 1.469717e-03 0.000000e+00)
117.35        	5.042389e-07	(0.000000e+00 1.469717e-03 0.000000e+00)
117.4         	5.043685e-07	(0.000000e+00 1.469717e-03 0.000000e+00)
117.45        	5.044439e-07	(0.000000e+00 1.469717e-03 0.000000e+00)
117.5         	5.045714e-07	(0.000000e+00 1.469717e-03 0.000000e+00)
117.55        	5.046472e-07	(0.000000e+00 1.469717e-03 0.000000e+00)
117.6         	5.047749e-07	(0.000000e+00 1.469717e-03 0.000000e+00)
117.65        	5.048498e-07	(0.000000e+00 1.469717e-03 0.000000e+00)
117.7         	5.049753e-07	(0.000000e+00 1.469717e-03 0.000000e+00)
117.75        	5.050503e-07	(0.000000e+00 1.469717e-03 0.000000e+00)
117.8         	5.051770e-07	(0.000000e+00 1.469717e-03 0.000000e+00)
117.85        	5.052507e-07	(0.000000e+00 1.469717e-03 0.000000e+00)
117.9         	5.053773e-07	(0.000000e+00 1.469717e-03 0.000000e+00)
117.95        	5.054517e-07	(0.000000e+00 1.469717e-03 0.000000e+00)
118           	5.055586e-07	(0.000000e+00 1.469717e-03 0.000000e+00)
118.05        	5.056618e-07	(0.000000e+00 1.469717e-03 0.000000e+00)
118.1         	5.057610e-07	(0.000000e+00 1.469717e-03 0.000000e+00)
118.15        	5.058593e-07	(0.000000e+00 1.469717e-03 0.000000e+00)
118.2         	5.059584e-07	(0.000000e+00 1.469717e-03 0.000000e+00)
118.25        	5.060569e-07	(0.000000e+00 1.469717e-03 0.000000e+00)
118.3         	5.061542e-07	(0.000000e+00 1.469717e-03 0.000000e+00)
118.35        	5.062524e-07	(0.000000e+00 1.469717e-03 0.000000e+00)
118.4         	5.063495e-07	(0.000000e+00 1.469717e-03 0.000000e+00)
118.45        	5.064471e-07	(0.000000e+00 1.469717e-03 0.000000e+00)
118.5         	5.065446e-07	(0.000000e+00 1.469717e-03 0.000000e+00)
118.55        	5.066416e-07	(0.000000e+00 1.469717e-03 0.000000e+00)
118.6         	5.067377e-07	(0.000000e+00 1.469717e-03 0.000000e+00)
118.65        	5.068335e-07	(0.000000e+00 1.469717e-03 0.000000e+00)
118.7         	5.069291e-07	(0.000000e+00 1.469717e-03 0.000000e+00)
118.75        	5.070249e-07	(0.000000e+00 1.469717e-03 0.000000e+00)
118.8         	5.071195e-07	(0.000000e+00 1.469717e-03 0.000000e+00)
118.85        	5.072137e-07	(0.000000e+00 1.469717e-03 0.000000e+00)
118.9         	5.073089e-07	(0.000000e+00 1.469717e-03 0.000000e+00)
118.95        	5.074037e-07	(0.000000e+00 1.469717e-03 0.000000e+00)
119           	5.074980e-07	(0.000000e+00 1.469717e-03 0.000000e+00)
119.05        	5.075942e-07	(0.000000e+00 1.469717e-03 0.000000e+00)
119.1         	5.076891e-07	(0.000000e+00 1.469717e-03 0.000000e+00)
119.15        	5.077826e-07	(0.000000e+00 1.469717e-03 0.000000e+00)
119.2         	5.078758e-07	(0.000000e+00 1.469717e-03 0.000000e+00)
119.25        	5.079686e-07	(0.000000e+00 1.469717e-03 0.000000e+00)
119.3         	5.080621e-07	(0.000000e+00 1.469717e-03 0.000000e+00)
119.35        	5.081543e-07	(0.000000e+00 1.469717e-03 0.000000e+00)
119.4         	5.082500e-07	(0.000000e+00 1.469717e-03 0.000000e+00)
119.45        	5.083409e-07	(0.000000e+00 1.469717e-03 0.000000e+00)
119.5         	5.084321e-07	(0.000000e+00 1.469717e-03 0.000000e+00)
119.55        	5.085253e-07	(0.000000e+00 1.469717e-03 0.000000e+00)
119.6         	5.086186e-07	(0.000000e+00 1.469717e-03 0.000000e+00)
119.65        	5.087110e-07	(0.000000e+00 1.469717e-03 0.000000e+00)
119.7         	5.087991e-07	(0.000000e+00 1.469717e-03 0.000000e+00)
119.75        	5.088926e-07	(0.000000e+00 1.469717e-03 0.000000e+00)
119.8         	5.089820e-07	(0.000000e+00 1.469717e-03 0.000000e+00)
119.85        	5.090703e-07	(0.000000e+00 1.469717e-03 0.000000e+00)
119.9         	5.091624e-07	(0.000000e+00 1.469717e-03 0.000000e+00)
119.95        	5.092527e-07	(0.000000e+00 1.469717e-03 0.000000e+00)
120           	5.093410e-07	(0.000000e+00 1.469717e-03 0.000000e+00)
120.05        	5.094299e-07	(0.000000e+00 1.469717e-03 0.000000e+00)
120.1         	5.095190e-07	(0.000000e+00 1.469717e-03 0.000000e+00)
120.15        	5.096072e-07	(0.000000e+00 1.469717e-03 0.000000e+00)
120.2         	5.096942e-07	(0.000000e+00 1.469717e-03 0.000000e+00)
120.25        	5.097836e-07	(0.000000e+00 1.469717e-03 0.000000e+00)
120.3         	5.098701e-07	(0.000000e+00 1.469717e-03 0.000000e+00)
120.35        	5.099589e-07	(0.000000e+00 1.469717e-03 0.000000e+00)
120.4         	5.100458e-07	(0.000000e+00 1.469717e-03 0.000000e+00)
120.45        	5.101309e-07	(0.000000e+00 1.469717e-03 0.000000e+00)
120.5         	5.102212e-07	(0.000000e+00 1.469717e-03 0.000000e+00)
120.55        	5.103069e-07	(0.000000e+00 1.469717e-03 0.000000e+00)
120.6         	5.103923e-07	(0.000000e+00 1.469717e-03 0.000000e+00)
120.65        	5.104778e-07	(0.000000e+00 1.469717e-03 0.000000e+00)
120.7         	5.105644e-07	(0.000000e+00 1.469717e-03 0.000000e+00)
120.75        	5.106491e-07	(0.000000e+00 1.469717e-03 0.000000e+00)
120.8         	5.107347e-07	(0.000000e+00 1.469717e-03 0.000000e+00)
120.85        	5.108195e-07	(0.000000e+00 1.469717e-03 0.000000e+00)
120.9         	5.109046e-07	(0.000000e+00 1.469717e-03 0.000000e+00)
120.95        	5.109906e-07	(0.000000e+00 1.469717e-03 0.000000e+00)
121           	5.110743e-07	(0.000000e+00 1.469717e-03 0.000000e+00)
121.05        	5.111583e-07	(0.000000e+00 1.469717e-03 0.000000e+00)
121.1         	5.112420e-07	(0.000000e+00 1.469717e-03 0.000000e+00)
121.15        	5.113254e-07	(0.000000e+00 1.469717e-03 0.000000e+00)
121.2         	5.114103e-07	(0.000000e+00 1.469717e-03 0.000000e+00)
121.25        	5.114931e-07	(0.000000e+00 1.469717e-03 0.000000e+00)
121.3         	5.115745e-07	(0.000000e+00 1.469717e-03 0.000000e+00)
121.35        	5.116587e-07	(0.000000e+00 1.469717e-03 0.000000e+00)
121.4         	5.117400e-07	(0.000000e+00 1.469717e-03 0.000000e+00)
121.45        	5.118221e-07	(0.000000e+00 1.469717e-03 0.000000e+00)
121.5         	5.119035e-07	(0.000000e+00 1.469717e-03 0.000000e+00)
121.55        	5.119849e-07	(0.000000e+00 1.469717e-03 0.000000e+00)
121.6         	5.120662e-07	(0.000000e+00 1.469717e-03 0.000000e+00)
121.65        	5.121473e-07	(0.000000e+00 1.469717e-03 0.000000e+00)
121.7         	5.122273e-07	(0.000000e+00 1.469717e-03 0.000000e+00)
121.75        	5.123093e-07	(0.000000e+00 1.469717e-03 0.000000e+00)
121.8         	5.123894e-07	(0.000000e+00 1.469717e-03 0.000000e+00)
121.85        	5.124691e-07	(0.000000e+00 1.469717e-03 0.000000e+00)
121.9         	5.125489e-07	(0.000000e+00 1.469717e-03 0.000000e+00)
121.95        	5.126289e-07	(0.000000e+00 1.469717e-03 0.000000e+00)
122           	5.127086e-07	(0.000000e+00 1.469717e-03 0.000000e+00)
122.05        	5.127863e-07	(0.000000e+00 1.469717e-03 0.000000e+00)
122.1         	5.128644e-07	(0.000000e+00 1.469717e-03 0.000000e+00)
122.15        	5.129429e-07	(0.000000e+00 1.469717e-03 0.000000e+00)
122.2         	5.130212e-07	(0.000000e+00 1.469717e-03 0.000000e+00)
122.25        	5.130991e-07	(0.000000e+00 1.469717e-03 0.000000e+00)
122.3         	5.131767e-07	(0.000000e+00 1.469717e-03 0.000000e+00)
122.35        	5.132534e-07	(0.000000e+00 1.469717e-03 0.000000e+00)
122.4         	5.133328e-07	(0.000000e+00 1.469717e-03 0.000000e+00)
122.45        	5.134092e-07	(0.000000e+00 1.469717e-03 0.000000e+00)
122.5         	5.134864e-07	(0.000000e+00 1.469717e-03 0.000000e+00)
122.55        	5.135643e-07	(0.000000e+00 1.469717e-03 0.000000e+00)
122.6         	5.136399e-07	(0.000000e+00 1.469717e-03 0.000000e+00)
122.65        	5.137140e-07	(0.000000e+00 1.469717e-03 0.000000e+00)
122.7         	5.137903e-07	(0.000000e+00 1.469717e-03 0.000000e+00)
122.75        	5.138648e-07	(0.000000e+00 1.469717e-03 0.000000e+00)
122.8         	5.139403e-07	(0.000000e+00 1.469717e-03 0.000000e+00)
122.85        	5.140157e-07	(0.000000e+00 1.469717e-03 0.000000e+00)
122.9         	5.140896e-07	(0.000000e+00 1.469717e-03 0.000000e+00)
122.95        	5.141648e-07	(0.000000e+00 1.469717e-03 0.000000e+00)
123           	5.142387e-07	(0.000000e+00 1.469717e-03 0.000000e+00)
123.05        	5.143125e-07	(0.000000e+00 1.469717e-03 0.000000e+00)
123.1         	5.143859e-07	(0.000000e+00 1.469717e-03 0.000000e+00)
123.15        	5.144592e-07	(0.000000e+00 1.469717e-03 0.000000e+00)
123.2         	5.145321e-07	(0.000000e+00 1.469717e-03 0.000000e+00)
123.25        	5.146050e-07	(0.000000e+00 1.469717e-03 0.000000e+00)
123.3         	5.146774e-07	(0.000000e+00 1.469717e-03 0.000000e+00)
123.35        	5.147501e-07	(0.000000e+00 1.469717e-03 0.000000e+00)
123.4         	5.148242e-07	(0.000000e+00 1.469717e-03 0.000000e+00)
123.45        	5.148973e-07	(0.000000e+00 1.469717e-03 0.000000e+00)
123.5         	5.149679e-07	(0.000000e+00 1.469717e-03 0.000000e+00)
123.55        	5.150395e-07	(0.000000e+00 1.469717e-03 0.000000e+00)
123.6         	5.151107e-07	(0.000000e+00 1.469717e-03 0.000000e+00)
123.65        	5.151819e-07	(0.000000e+00 1.469717e-03 0.000000e+00)
123.7         	5.152529e-07	(0.000000e+00 1.469717e-03 0.000000e+00)
123.75        	5.153235e-07	(0.000000e+00 1.469717e-03 0.000000e+00)
123.8         	5.153937e-07	(0.000000e+00 1.469717e-03 0.000000e+00)
123.85        	5.154637e-07	(0.000000e+00 1.469717e-03 0.000000e+00)
123.9         	5.155338e-07	(0.000000e+00 1.469717e-03 0.000000e+00)
123.95        	5.156043e-07	(0.000000e+00 1.469717e-03 0.000000e+00)
124           	5.156739e-07	(0.000000e+00 1.469717e-03 0.000000e+00)
124.05        	5.157434e-07	(0.000000e+00 1.469717e-03 0.000000e+00)
124.1         	5.158123e-07	(0.000000e+00 1.469717e-03 0.000000e+00)
124.15        	5.158811e-07	(0.000000e+00 1.469717e-03 0.000000e+00)
124.2         	5.159501e-07	(0.000000e+00 1.469717e-03 0.000000e+00)
124.25        	5.160186e-07	(0.000000e+00 1.469717e-03 0.000000e+00)
124.3         	5.160865e-07	(0.000000e+00 1.469717e-03 0.000000e+00)
124.35        	5.161545e-07	(0.000000e+00 1.469717e-03 0.000000e+00)
124.4         	5.162223e-07	(0.000000e+00 1.469717e-03 0.000000e+00)
124.45        	5.162901e-07	(0.000000e+00 1.469717e-03 0.000000e+00)
124.5         	5.163568e-07	(0.000000e+00 1.469717e-03 0.000000e+00)
124.55        	5.164239e-07	(0.000000e+00 1.469717e-03 0.000000e+00)
124.6         	5.164902e-07	(0.000000e+00 1.469717e-03 0.000000e+00)
124.65        	5.165576e-07	(0.000000e+00 1.469717e-03 0.000000e+00)
124.7         	5.166235e-07	(0.000000e+00 1.469717e-03 0.000000e+00)
124.75        	5.166909e-07	(0.000000e+00 1.469717e-03 0.000000e+00)
124.8         	5.167566e-07	(0.000000e+00 1.469717e-03 0.000000e+00)
124.85        	5.168225e-07	(0.000000e+00 1.469717e-03 0.000000e+00)
124.9         	5.168878e-07	(0.000000e+00 1.469717e-03 0.000000e+00)
124.95        	5.169521e-07	(0.000000e+00 1.469717e-03 0.000000e+00)
125           	5.170197e-07	(0.000000e+00 1.469717e-03 0.000000e+00)
125.05        	5.170848e-07	(0.000000e+00 1.469717e-03 0.000000e+00)
125.1         	5.171487e-07	(0.000000e+00 1.469717e-03 0.000000e+00)
125.15        	5.172129e-07	(0.000000e+00 1.469717e-03 0.000000e+00)
125.2         	5.172771e-07	(0.000000e+00 1.469717e-03 0.000000e+00)
125.25        	5.173416e-07	(0.000000e+00 1.469717e-03 0.000000e+00)
125.3         	5.174056e-07	(0.000000e+00 1.469717e-03 0.000000e+00)
125.35        	5.174692e-07	(0.000000e+00 1.469717e-03 0.000000e+00)
125.4         	5.175321e-07	(0.000000e+00 1.469717e-03 0.000000e+00)
125.45        	5.175965e-07	(0.000000e+00 1.469717e-03 0.000000e+00)
125.5         	5.176604e-07	(0.000000e+00 1.469717e-03 0.000000e+00)
125.55        	5.177239e-07	(0.000000e+00 1.469717e-03 0.000000e+00)
125.6         	5.177854e-07	(0.000000e+00 1.469717e-03 0.000000e+00)
125.65        	5.178480e-07	(0.000000e+00 1.469717e-03 0.000000e+00)
125.7         	5.179086e-07	(0.000000e+00 1.469717e-03 0.000000e+00)
125.75        	5.179696e-07	(0.000000e+00 1.469717e-03 0.000000e+00)
125.8         	5.180347e-07	(0.000000e+00 1.469717e-03 0.000000e+00)
125.85        	5.180949e-07	(0.000000e+00 1.469717e-03 0.000000e+00)
125.9         	5.181557e-07	(0.000000e+00 1.469717e-03 0.000000e+00)
125.95        	5.182173e-07	(0.000000e+00 1.469717e-03 0.000000e+00)
126           	5.182782e-07	(0.000000e+00 1.469717e-03 0.000000e+00)
126.05        	5.183399e-07	(0.000000e+00 1.469717e-03 0.000000e+00)
126.1         	5.184005e-07	(0.000000e+00 1.469717e-03 0.000000e+00)
126.15        	5.184607e-07	(0.000000e+00 1.469717e-03 0.000000e+00)
126.2         	5.185207e-07	(0.000000e+00 1.469717e-03 0.000000e+00)
126.25        	5.185797e-07	(0.000000e+00 1.469717e-03 0.000000e+00)
126.3         	5.186413e-07	(0.000000e+00 1.469717e-03 0.000000e+00)
126.35        	5.187004e-07	(0.000000e+00 1.469717e-03 0.000000e+00)
126.4         	5.187600e-07	(0.000000e+00 1.469717e-03 0.000000e+00)
126.45        	5.188192e-07	(0.000000e+00 1.469717e-03 0.000000e+00)
126.5         	5.188786e-07	(0.000000e+00 1.469717e-03 0.000000e+00)
126.55        	5.189379e-07	(0.000000e+00 1.469717e-03 0.000000e+00)
126.6         	5.189969e-07	(0.000000e+00 1.469717e-03 0.000000e+00)
126.65        	5.190559e-07	(0.000000e+00 1.469717e-03 0.000000e+00)
126.7         	5.191154e-07	(0.000000e+00 1.469717e-03 0.000000e+00)
126.75        	5.191738e-07	(0.000000e+00 1.469717e-03 0.000000e+00)
126.8         	5.192321e-07	(0.000000e+00 1.469717e-03 0.000000e+00)
126.85        	5.192894e-07	(0.000000e+00 1.469717e-03 0.000000e+00)
126.9         	5.193477e-07	(0.000000e+00 1.469717e-03 0.000000e+00)
126.95        	5.194048e-07	(0.000000e+00 1.469717e-03 0.000000e+00)
127           	5.194622e-07	(0.000000e+00 1.469717e-03 0.000000e+00)
127.05        	5.195187e-07	(0.000000e+00 1.469717e-03 0.000000e+00)
127.1         	5.195764e-07	(0.000000e+00 1.469717e-03 0.000000e+00)
127.15        	5.196331e-07	(0.000000e+00 1.469717e-03 0.000000e+00)
127.2         	5.196897e-07	(0.000000e+00 1.469717e-03 0.000000e+00)
127.25        	5.197464e-07	(0.000000e+00 1.469717e-03 0.000000e+00)
127.3         	5.198029e-07	(0.000000e+00 1.469717e-03 0.000000e+00)
127.35        	5.198592e-07	(0.000000e+00 1.469717e-03 0.000000e+00)
127.4         	5.199154e-07	(0.000000e+00 1.469717e-03 0.000000e+00)
127.45        	5.199704e-07	(0.000000e+00 1.469717e-03 0.000000e+00)
127.5         	5.200264e-07	(0.000000e+00 1.469717e-03 0.000000e+00)
127.55        	5.200825e-07	(0.000000e+00 1.469717e-03 0.000000e+00)
127.6         	5.201376e-07	(0.000000e+00 1.469717e-03 0.000000e+00)
127.65        	5.201925e-07	(0.000000e+00 1.469717e-03 0.000000e+00)
127.7         	5.202481e-07	(0.000000e+00 1.469717e-03 0.000000e+00)
127.75        	5.203031e-07	(0.000000e+00 1.469717e-03 0.000000e+00)
127.8         	5.203574e-07	(0.000000e+00 1.469717e-03 0.000000e+00)
127.85        	5.204102e-07	(0.000000e+00 1.469717e-03 0.000000e+00)
127.9         	5.204684e-07	(0.000000e+00 1.469717e-03 0.000000e+00)
127.95        	5.205217e-07	(0.000000e+00 1.469717e-03 0.000000e+00)
128           	5.205752e-07	(0.000000e+00 1.469717e-03 0.000000e+00)
128.05        	5.206294e-07	(0.000000e+00 1.469717e-03 0.000000e+00)
128.1         	5.206832e-07	(0.000000e+00 1.469717e-03 0.000000e+00)
128.15        	5.207371e-07	(0.000000e+00 1.469717e-03 0.000000e+00)
128.2         	5.207909e-07	(0.000000e+00 1.469717e-03 0.000000e+00)
128.25        	5.208445e-07	(0.000000e+00 1.469717e-03 0.000000e+00)
128.3         	5.208978e-07	(0.000000e+00 1.469717e-03 0.000000e+00)
128.35        	5.209508e-07	(0.000000e+00 1.469717e-03 0.000000e+00)
128.4         	5.210036e-07	(0.000000e+00 1.469717e-03 0.000000e+00)
128.45        	5.210566e-07	(0.000000e+00 1.469717e-03 0.000000e+00)
128.5         	5.211093e-07	(0.000000e+00 1.469717e-03 0.000000e+00)
128.55        	5.211619e-07	(0.000000e+00 1.469717e-03 0.000000e+00)
128.6         	5.212140e-07	(0.000000e+00 1.469717e-03 0.000000e+00)
128.65        	5.212667e-07	(0.000000e+00 1.469717e-03 0.000000e+00)
128.7         	5.213189e-07	(0.000000e+00 1.469717e-03 0.000000e+00)
128.75        	5.213709e-07	(0.000000e+00 1.469717e-03 0.000000e+00)
128.8         	5.214228e-07	(0.000000e+00 1.469717e-03 0.000000e+00)
128.85        	5.214750e-07	(0.000000e+00 1.469717e-03 0.000000e+00)
128.9         	5.215266e-07	(0.000000e+00 1.469717e-03 0.000000e+00)
128.95        	5.215784e-07	(0.000000e+00 1.469717e-03 0.000000e+00)
129           	5.216299e-07	(0.000000e+00 1.469717e-03 0.000000e+00)
129.05        	5.216818e-07	(0.000000e+00 1.469717e-03 0.000000e+00)
129.1         	5.217330e-07	(0.000000e+00 1.469717e-03 0.000000e+00)
129.15        	5.217839e-07	(0.000000e+00 1.469717e-03 0.000000e+00)
129.2         	5.218347e-07	(0.000000e+00 1.469717e-03 0.000000e+00)
129.25        	5.218854e-07	(0.000000e+00 1.469717e-03 0.000000e+00)
129.3         	5.219354e-07	(0.000000e+00 1.469717e-03 0.000000e+00)
129.35        	5.219874e-07	(0.000000e+00 1.469717e-03 0.000000e+00)
129.4         	5.220380e-07	(0.000000e+00 1.469717e-03 0.000000e+00)
129.45        	5.220881e-07	(0.000000e+00 1.469717e-03 0.000000e+00)
129.5         	5.221380e-07	(0.000000e+00 1.469717e-03 0.000000e+00)
129.55        	5.221880e-07	(0.000000e+00 1.469717e-03 0.000000e+00)
129.6         	5.222380e-07	(0.000000e+00 1.469717e-03 0.000000e+00)
129.65        	5.222888e-07	(0.000000e+00 1.469717e-03 0.000000e+00)
129.7         	5.223357e-07	(0.000000e+00 1.469717e-03 0.000000e+00)
129.75        	5.223860e-07	(0.000000e+00 1.469717e-03 0.000000e+00)
129.8         	5.224369e-07	(0.000000e+00 1.469717e-03 0.000000e+00)
129.85        	5.224847e-07	(0.000000e+00 1.469717e-03 0.000000e+00)
129.9         	5.225332e-07	(0.000000e+00 1.469717e-03 0.000000e+00)
129.95        	5.225823e-07	(0.000000e+00 1.469717e-03 0.000000e+00)
130           	5.226309e-07	(0.000000e+00 1.469717e-03 0.000000e+00)
130.05        	5.226801e-07	(0.000000e+00 1.469717e-03 0.000000e+00)
130.1         	5.227280e-07	(0.000000e+00 1.469717e-03 0.000000e+00)
130.15        	5.227789e-07	(0.000000e+00 1.469717e-03 0.000000e+00)
130.2         	5.228277e-07	(0.000000e+00 1.469717e-03 0.000000e+00)
130.25        	5.228747e-07	(0.000000e+00 1.469717e-03 0.000000e+00)
130.3         	5.229232e-07	(0.000000e+00 1.469717e-03 0.000000e+00)
130.35        	5.229714e-07	(0.000000e+00 1.469717e-03 0.000000e+00)
130.4         	5.230194e-07	(0.000000e+00 1.469717e-03 0.000000e+00)
130.45        	5.230671e-07	(0.000000e+00 1.469717e-03 0.000000e+00)
130.5         	5.231147e-07	(0.000000e+00 1.469717e-03 0.000000e+00)
130.55        	5.231634e-07	(0.000000e+00 1.469717e-03 0.000000e+00)
130.6         	5.232102e-07	(0.000000e+00 1.469717e-03 0.000000e+00)
130.65        	5.232581e-07	(0.000000e+00 1.469717e-03 0.000000e+00)
130.7         	5.233054e-07	(0.000000e+00 1.469717e-03 0.000000e+00)
130.75        	5.233532e-07	(0.000000e+00 1.469717e-03 0.000000e+00)
130.8         	5.234002e-07	(0.000000e+00 1.469717e-03 0.000000e+00)
130.85        	5.234474e-07	(0.000000e+00 1.469717e-03 0.000000e+00)
130.9         	5.234945e-07	(0.000000e+00 1.469717e-03 0.000000e+00)
130.95        	5.235416e-07	(0.000000e+00 1.469717e-03 0.000000e+00)
131           	5.235884e-07	(0.000000e+00 1.469717e-03 0.000000e+00)
131.05        	5.236351e-07	(0.000000e+00 1.469717e-03 0.000000e+00)
131.1         	5.236814e-07	(0.000000e+00 1.469717e-03 0.000000e+00)
131.15        	5.237280e-07	(0.000000e+00 1.469717e-03 0.000000e+00)
131.2         	5.237747e-07	(0.000000e+00 1.469717e-03 0.000000e+00)
131.25        	5.238211e-07	(0.000000e+00 1.469717e-03 0.000000e+00)
131.3         	5.238673e-07	(0.000000e+00 1.469717e-03 0.000000e+00)
131.35        	5.239136e-07	(0.000000e+00 1.469717e-03 0.000000e+00)
131.4         	5.239596e-07	(0.000000e+00 1.469717e-03 0.000000e+00)
131.45        	5.240059e-07	(0.000000e+00 1.469717e-03 0.000000e+00)
131.5         	5.240517e-07	(0.000000e+00 1.469717e-03 0.000000e+00)
131.55        	5.240976e-07	(0.000000e+00 1.469717e-03 0.000000e+00)
131.6         	5.241434e-07	(0.000000e+00 1.469717e-03 0.000000e+00)
131.65        	5.241890e-07	(0.000000e+00 1.469717e-03 0.000000e+00)
131.7         	5.242356e-07	(0.000000e+00 1.469717e-03 0.000000e+00)
131.75        	5.242814e-07	(0.000000e+00 1.469717e-03 0.000000e+00)
131.8         	5.243265e-07	(0.000000e+00 1.469717e-03 0.000000e+00)
131.85        	5.243728e-07	(0.000000e+00 1.469717e-03 0.000000e+00)
131.9         	5.244178e-07	(0.000000e+00 1.469717e-03 0.000000e+00)
131.95        	5.244628e-07	(0.000000e+00 1.469717e-03 0.000000e+00)
132           	5.245081e-07	(0.000000e+00 1.469717e-03 0.000000e+00)
132.05        	5.245529e-07	(0.000000e+00 1.469717e-03 0.000000e+00)
132.1         	5.245982e-07	(0.000000e+00 1.469717e-03 0.000000e+00)
132.15        	5.246430e-07	(0.000000e+00 1.469717e-03 0.000000e+00)
132.2         	5.246865e-07	(0.000000e+00 1.469717e-03 0.000000e+00)
132.25        	5.247331e-07	(0.000000e+00 1.469717e-03 0.000000e+00)
132.3         	5.247774e-07	(0.000000e+00 1.469717e-03 0.000000e+00)
132.35        	5.248216e-07	(0.000000e+00 1.469717e-03 0.000000e+00)
132.4         	5.248659e-07	(0.000000e+00 1.469717e-03 0.000000e+00)
132.45        	5.249107e-07	(0.000000e+00 1.469717e-03 0.000000e+00)
132.5         	5.249556e-07	(0.000000e+00 1.469717e-03 0.000000e+00)
132.55        	5.250007e-07	(0.000000e+00 1.469717e-03 0.000000e+00)
132.6         	5.250444e-07	(0.000000e+00 1.469717e-03 0.000000e+00)
132.65        	5.250886e-07	(0.000000e+00 1.469717e-03 0.000000e+00)
132.7         	5.251326e-07	(0.000000e+00 1.469717e-03 0.000000e+00)
132.75        	5.251769e-07	(0.000000e+00 1.469717e-03 0.000000e+00)
132.8         	5.252211e-07	(0.000000e+00 1.469717e-03 0.000000e+00)
132.85        	5.252652e-07	(0.000000e+00 1.469717e-03 0.000000e+00)
132.9         	5.253087e-07	(0.000000e+00 1.469717e-03 0.000000e+00)
132.95        	5.253536e-07	(0.000000e+00 1.469717e-03 0.000000e+00)
133           	5.253957e-07	(0.000000e+00 1.469717e-03 0.000000e+00)
133.05        	5.254407e-07	(0.000000e+00 1.469717e-03 0.000000e+00)
133.1         	5.254854e-07	(0.000000e+00 1.469717e-03 0.000000e+00)
133.15        	5.255283e-07	(0.000000e+00 1.469717e-03 0.000000e+00)
133.2         	5.255713e-07	(0.000000e+00 1.469717e-03 0.000000e+00)
133.25        	5.256150e-07	(0.000000e+00 1.469717e-03 0.000000e+00)
133.3         	5.256582e-07	(0.000000e+00 1.469717e-03 0.000000e+00)
133.35        	5.257022e-07	(0.000000e+00 1.469717e-03 0.000000e+00)
133.4         	5.257450e-07	(0.000000e+00 1.469717e-03 0.000000e+00)
133.45        	5.257887e-07	(0.000000e+00 1.469717e-03 0.000000e+00)
133.5         	5.258318e-07	(0.000000e+00 1.469717e-03 0.000000e+00)
133.55        	5.258749e-07	(0.000000e+00 1.469717e-03 0.000000e+00)
133.6         	5.259180e-07	(0.000000e+00 1.469717e-03 0.000000e+00)
133.65        	5.259610e-07	(0.000000e+00 1.469717e-03 0.000000e+00)
133.7         	5.260039e-07	(0.000000e+00 1.469717e-03 0.000000e+00)
133.75        	5.260472e-07	(0.000000e+00 1.469717e-03 0.000000e+00)
133.8         	5.260898e-07	(0.000000e+00 1.469717e-03 0.000000e+00)
133.85        	5.261327e-07	(0.000000e+00 1.469717e-03 0.000000e+00)
133.9         	5.261755e-07	(0.000000e+00 1.469717e-03 0.000000e+00)
133.95        	5.262183e-07	(0.000000e+00 1.469717e-03 0.000000e+00)
134           	5.262607e-07	(0.000000e+00 1.469717e-03 0.000000e+00)
134.05        	5.263035e-07	(0.000000e+00 1.469717e-03 0.000000e+00)
134.1         	5.263462e-07	(0.000000e+00 1.469717e-03 0.000000e+00)
134.15        	5.263889e-07	(0.000000e+00 1.469717e-03 0.000000e+00)
134.2         	5.264319e-07	(0.000000e+00 1.469717e-03 0.000000e+00)
134.25        	5.264744e-07	(0.000000e+00 1.469717e-03 0.000000e+00)
134.3         	5.265167e-07	(0.000000e+00 1.469717e-03 0.000000e+00)
134.35        	5.265589e-07	(0.000000e+00 1.469717e-03 0.000000e+00)
134.4         	5.266025e-07	(0.000000e+00 1.469717e-03 0.000000e+00)
134.45        	5.266444e-07	(0.000000e+00 1.469717e-03 0.000000e+00)
134.5         	5.266865e-07	(0.000000e+00 1.469717e-03 0.000000e+00)
134.55        	5.267288e-07	(0.000000e+00 1.469717e-03 0.000000e+00)
134.6         	5.267710e-07	(0.000000e+00 1.469717e-03 0.000000e+00)
134.65        	5.268132e-07	(0.000000e+00 1.469717e-03 0.000000e+00)
134.7         	5.268541e-07	(0.000000e+00 1.469717e-03 0.000000e+00)
134.75        	5.268979e-07	(0.000000e+00 1.469717e-03 0.000000e+00)
134.8         	5.269376e-07	(0.000000e+00 1.469717e-03 0.000000e+00)
134.85        	5.269817e-07	(0.000000e+00 1.469717e-03 0.000000e+00)
134.9         	5.270231e-07	(0.000000e+00 1.469717e-03 0.000000e+00)
134.95        	5.270647e-07	(0.000000e+00 1.469717e-03 0.000000e+00)
135           	5.271065e-07	(0.000000e+00 1.469717e-03 0.000000e+00)
135.05        	5.271485e-07	(0.000000e+00 1.469717e-03 0.000000e+00)
135.1         	5.271903e-07	(0.000000e+00 1.469717e-03 0.000000e+00)
135.15        	5.272323e-07	(0.000000e+00 1.469717e-03 0.000000e+00)
135.2         	5.272740e-07	(0.000000e+00 1.469717e-03 0.000000e+00)
135.25        	5.273158e-07	(0.000000e+00 1.469717e-03 0.000000e+00)
135.3         	5.273575e-07	(0.000000e+00 1.469717e-03 0.000000e+00)
135.35        	5.273993e-07	(0.000000e+00 1.469717e-03 0.000000e+00)
135.4         	5.274409e-07	(0.000000e+00 1.469717e-03 0.000000e+00)
135.45        	5.274826e-07	(0.000000e+00 1.469717e-03 0.000000e+00)
135.5         	5.275242e-07	(0.000000e+00 1.469717e-03 0.000000e+00)
135.55        	5.275658e-07	(0.000000e+00 1.469717e-03 0.000000e+00)
135.6         	5.276073e-07	(0.000000e+00 1.469717e-03 0.000000e+00)
135.65        	5.276491e-07	(0.000000e+00 1.469717e-03 0.000000e+00)
135.7         	5.276904e-07	(0.000000e+00 1.469717e-03 0.000000e+00)
135.75        	5.277320e-07	(0.000000e+00 1.469717e-03 0.000000e+00)
135.8         	5.277735e-07	(0.000000e+00 1.469717e-03 0.000000e+00)
135.85        	5.278153e-07	(0.000000e+00 1.469717e-03 0.000000e+00)
135.9         	5.278558e-07	(0.000000e+00 1.469717e-03 0.000000e+00)
135.95        	5.278970e-07	(0.000000e+00 1.469717e-03 0.000000e+00)
136           	5.279403e-07	(0.000000e+00 1.469717e-03 0.000000e+00)
136.05        	5.279807e-07	(0.000000e+00 1.469717e-03 0.000000e+00)
136.1         	5.280215e-07	(0.000000e+00 1.469717e-03 0.000000e+00)
136.15        	5.280631e-07	(0.000000e+00 1.469717e-03 0.000000e+00)
136.2         	5.281042e-07	(0.000000e+00 1.469717e-03 0.000000e+00)
136.25        	5.281457e-07	(0.000000e+00 1.469717e-03 0.000000e+00)
136.3         	5.281869e-07	(0.000000e+00 1.469717e-03 0.000000e+00)
136.35        	5.282282e-07	(0.000000e+00 1.469717e-03 0.000000e+00)
136.4         	5.282693e-07	(0.000000e+00 1.469717e-03 0.000000e+00)
136.45        	5.283107e-07	(0.000000e+00 1.469717e-03 0.000000e+00)
136.5         	5.283517e-07	(0.000000e+00 1.469717e-03 0.000000e+00)
136.55        	5.283929e-07	(0.000000e+00 1.469717e-03 0.000000e+00)
136.6         	5.284339e-07	(0.000000e+00 1.469717e-03 0.000000e+00)
136.65        	5.284754e-07	(0.000000e+00 1.469717e-03 0.000000e+00)
136.7         	5.285162e-07	(0.000000e+00 1.469717e-03 0.000000e+00)
136.75        	5.285573e-07	(0.000000e+00 1.469717e-03 0.000000e+00)
136.8         	5.285981e-07	(0.000000e+00 1.469717e-03 0.000000e+00)
136.85        	5.286393e-07	(0.000000e+00 1.469717e-03 0.000000e+00)
136.9         	5.286802e-07	(0.000000e+00 1.469717e-03 0.000000e+00)
136.95        	5.287212e-07	(0.000000e+00 1.469717e-03 0.000000e+00)
137           	5.287624e-07	(0.000000e+00 1.469717e-03 0.000000e+00)
137.05        	5.288032e-07	(0.000000e+00 1.469717e-03 0.000000e+00)
137.1         	5.288442e-07	(0.000000e+00 1.469717e-03 0.000000e+00)
137.15        	5.288852e-07	(0.000000e+00 1.469717e-03 0.000000e+00)
137.2         	5.289260e-07	(0.000000e+00 1.469717e-03 0.000000e+00)
137.25        	5.289670e-07	(0.000000e+00 1.469717e-03 0.000000e+00)
137.3         	5.290079e-07	(0.000000e+00 1.469717e-03 0.000000e+00)
137.35        	5.290489e-07	(0.000000e+00 1.469717e-03 0.000000e+00)
137.4         	5.290896e-07	(0.000000e+00 1.469717e-03 0.000000e+00)
137.45        	5.291306e-07	(0.000000e+00 1.469717e-03 0.000000e+00)
137.5         	5.291714e-07	(0.000000e+00 1.469717e-03 0.000000e+00)
137.55        	5.292123e-07	(0.000000e+00 1.469717e-03 0.000000e+00)
137.6         	5.292530e-07	(0.000000e+00 1.469717e-03 0.000000e+00)
137.65        	5.292939e-07	(0.000000e+00 1.469717e-03 0.000000e+00)
137.7         	5.293347e-07	(0.000000e+00 1.469717e-03 0.000000e+00)
137.75        	5.293755e-07	(0.000000e+00 1.469717e-03 0.000000e+00)
137.8         	5.294162e-07	(0.000000e+00 1.469717e-03 0.000000e+00)
137.85        	5.294571e-07	(0.000000e+00 1.469717e-03 0.000000e+00)
137.9         	5.294978e-07	(0.000000e+00 1.469717e-03 0.000000e+00)
137.95        	5.295387e-07	(0.000000e+00 1.469717e-03 0.000000e+00)
138           	5.295793e-07	(0.000000e+00 1.469717e-03 0.000000e+00)
138.05        	5.296201e-07	(0.000000e+00 1.469717e-03 0.000000e+00)
138.1         	5.296608e-07	(0.000000e+00 1.469717e-03 0.000000e+00)
138.15        	5.297015e-07	(0.000000e+00 1.469717e-03 0.000000e+00)
138.2         	5.297421e-07	(0.000000e+00 1.469717e-03 0.000000e+00)
138.25        	5.297828e-07	(0.000000e+00 1.469717e-03 0.000000e+00)
138.3         	5.298232e-07	(0.000000e+00 1.469717e-03 0.000000e+00)
138.35        	5.298649e-07	(0.000000e+00 1.469717e-03 0.000000e+00)
138.4         	5.299048e-07	(0.000000e+00 1.469717e-03 0.000000e+00)
138.45        	5.299459e-07	(0.000000e+00 1.469717e-03 0.000000e+00)
138.5         	5.299863e-07	(0.000000e+00 1.469717e-03 0.000000e+00)
138.55        	5.300272e-07	(0.000000e+00 1.469717e-03 0.000000e+00)
138.6         	5.300677e-07	(0.000000e+00 1.469717e-03 0.000000e+00)
138.65        	5.301084e-07	(0.000000e+00 1.469717e-03 0.000000e+00)
138.7         	5.301487e-07	(0.000000e+00 1.469717e-03 0.000000e+00)
138.75        	5.301898e-07	(0.000000e+00 1.469717e-03 0.000000e+00)
138.8         	5.302302e-07	(0.000000e+00 1.469717e-03 0.000000e+00)
138.85        	5.302710e-07	(0.000000e+00 1.469717e-03 0.000000e+00)
138.9         	5.303116e-07	(0.000000e+00 1.469717e-03 0.000000e+00)
138.95        	5.303522e-07	(0.000000e+00 1.469717e-03 0.000000e+00)
139           	5.303933e-07	(0.000000e+00 1.469717e-03 0.000000e+00)
139.05        	5.304338e-07	(0.000000e+00 1.469717e-03 0.000000e+00)
139.1         	5.304741e-07	(0.000000e+00 1.469717e-03 0.000000e+00)
139.15        	5.305149e-07	(0.000000e+00 1.469717e-03 0.000000e+00)
139.2         	5.305555e-07	(0.000000e+00 1.469717e-03 0.000000e+00)
139.25        	5.305962e-07	(0.000000e+00 1.469717e-03 0.000000e+00)
139.3         	5.306368e-07	(0.000000e+00 1.469717e-03 0.000000e+00)
139.35        	5.306774e-07	(0.000000e+00 1.469717e-03 0.000000e+00)
139.4         	5.307177e-07	(0.000000e+00 1.469717e-03 0.000000e+00)
139.45        	5.307587e-07	(0.000000e+00 1.469717e-03 0.000000e+00)
139.5         	5.307991e-07	(0.000000e+00 1.469717e-03 0.000000e+00)
139.55        	5.308410e-07	(0.000000e+00 1.469717e-03 0.000000e+00)
139.6         	5.308825e-07	(0.000000e+00 1.469717e-03 0.000000e+00)
139.65        	5.309223e-07	(0.000000e+00 1.469717e-03 0.000000e+00)
139.7         	5.309628e-07	(0.000000e+00 1.469717e-03 0.000000e+00)
139.75        	5.310033e-07	(0.000000e+00 1.469717e-03 0.000000e+00)
139.8         	5.310437e-07	(0.000000e+00 1.469717e-03 0.000000e+00)
139.85        	5.310850e-07	(0.000000e+00 1.469717e-03 0.000000e+00)
139.9         	5.311253e-07	(0.000000e+00 1.469717e-03 0.000000e+00)
139.95        	5.311658e-07	(0.000000e+00 1.469717e-03 0.000000e+00)
140           	5.312064e-07	(0.000000e+00 1.469717e-03 0.000000e+00)
140.05        	5.312472e-07	(0.000000e+00 1.469717e-03 0.000000e+00)
140.1         	5.312875e-07	(0.000000e+00 1.469717e-03 0.000000e+00)
140.15        	5.313287e-07	(0.000000e+00 1.469717e-03 0.000000e+00)
140.2         	5.313693e-07	(0.000000e+00 1.469717e-03 0.000000e+00)
140.25        	5.314099e-07	(0.000000e+00 1.469717e-03 0.000000e+00)
140.3         	5.314504e-07	(0.000000e+00 1.469717e-03 0.000000e+00)
140.35        	5.314912e-07	(0.000000e+00 1.469717e-03 0.000000e+00)
140.4         	5.315318e-07	(0.000000e+00 1.469717e-03 0.000000e+00)
140.45        	5.315727e-07	(0.000000e+00 1.469717e-03 0.000000e+00)
140.5         	5.316133e-07	(0.000000e+00 1.469717e-03 0.000000e+00)
140.55        	5.316541e-07	(0.000000e+00 1.469717e-03 0.000000e+00)
140.6         	5.316946e-07	(0.000000e+00 1.469717e-03 0.000000e+00)
140.65        	5.317354e-07	(0.000000e+00 1.469717e-03 0.000000e+00)
140.7         	5.317760e-07	(0.000000e+00 1.469717e-03 0.000000e+00)
140.75        	5.318167e-07	(0.000000e+00 1.469717e-03 0.000000e+00)
140.8         	5.318571e-07	(0.000000e+00 1.469717e-03 0.000000e+00)
140.85        	5.318983e-07	(0.000000e+00 1.469717e-03 0.000000e+00)
140.9         	5.319387e-07	(0.000000e+00 1.469717e-03 0.000000e+00)
140.95        	5.319797e-07	(0.000000e+00 1.469717e-03 0.000000e+00)
141           	5.320201e-07	(0.000000e+00 1.469717e-03 0.000000e+00)
141.05        	5.320612e-07	(0.000000e+00 1.469717e-03 0.000000e+00)
141.1         	5.321013e-07	(0.000000e+00 1.469717e-03 0.000000e+00)
141.15        	5.321425e-07	(0.000000e+00 1.469717e-03 0.000000e+00)
141.2         	5.321829e-07	(0.000000e+00 1.469717e-03 0.000000e+00)
141.25        	5.322238e-07	(0.000000e+00 1.469717e-03 0.000000e+00)
141.3         	5.322645e-07	(0.000000e+00 1.469717e-03 0.000000e+00)
141.35        	5.323044e-07	(0.000000e+00 1.469717e-03 0.000000e+00)
141.4         	5.323467e-07	(0.000000e+00 1.469717e-03 0.000000e+00)
141.45        	5.323875e-07	(0.000000e+00 1.469717e-03 0.000000e+00)
141.5         	5.324270e-07	(0.000000e+00 1.469717e-03 0.000000e+00)
141.55        	5.324690e-07	(0.000000e+00 1.469717e-03 0.000000e+00)
141.6         	5.325086e-07	(0.000000e+00 1.469717e-03 0.000000e+00)
141.65        	5.325506e-07	(0.000000e+00 1.469717e-03 0.000000e+00)
141.7         	5.325900e-07	(0.000000e+00 1.469717e-03 0.000000e+00)
141.75        	5.326325e-07	(0.000000e+00 1.469717e-03 0.000000e+00)
141.8         	5.326716e-07	(0.000000e+00 1.469717e-03 0.000000e+00)
141.85        	5.327139e-07	(0.000000e+00 1.469717e-03 0.000000e+00)
141.9         	5.327533e-07	(0.000000e+00 1.469717e-03 0.000000e+00)
141.95        	5.327956e-07	(0.000000e+00 1.469717e-03 0.000000e+00)
142           	5.328350e-07	(0.000000e+00 1.469717e-03 0.000000e+00)
142.05        	5.328774e-07	(0.000000e+00 1.469717e-03 0.000000e+00)
142.1         	5.329167e-07	(0.000000e+00 1.469717e-03 0.000000e+00)
142.15        	5.329588e-07	(0.000000e+00 1.469717e-03 0.000000e+00)
142.2         	5.329982e-07	(0.000000e+00 1.469717e-03 0.000000e+00)
142.25        	5.330405e-07	(0.000000e+00 1.469717e-03 0.000000e+00)
142.3         	5.330800e-07	(0.000000e+00 1.469717e-03 0.000000e+00)
142.35        	5.331220e-07	(0.000000e+00 1.469717e-03 0.000000e+00)
142.4         	5.331617e-07	(0.000000e+00 1.469717e-03 0.000000e+00)
142.45        	5.332033e-07	(0.000000e+00 1.469717e-03 0.000000e+00)
142.5         	5.332434e-07	(0.000000e+00 1.469717e-03 0.000000e+00)
142.55        	5.332865e-07	(0.000000e+00 1.469717e-03 0.000000e+00)
142.6         	5.333258e-07	(0.000000e+00 1.469717e-03 0.000000e+00)
142.65        	5.333671e-07	(0.000000e+00 1.469717e-03 0.000000e+00)
142.7         	5.334075e-07	(0.000000e+00 1.469717e-03 0.000000e+00)
142.75        	5.334492e-07	(0.000000e+00 1.469717e-03 0.000000e+00)
142.8         	5.334894e-07	(0.000000e+00 1.469717e-03 0.000000e+00)
142.85        	5.335309e-07	(0.000000e+00 1.469717e-03 0.000000e+00)
142.9         	5.335715e-07	(0.000000e+00 1.469717e-03 0.000000e+00)
142.95        	5.336129e-07	(0.000000e+00 1.469717e-03 0.000000e+00)
143           	5.336534e-07	(0.000000e+00 1.469717e-03 0.000000e+00)
143.05        	5.336943e-07	(0.000000e+00 1.469717e-03 0.000000e+00)
143.1         	5.337353e-07	(0.000000e+00 1.469717e-03 0.000000e+00)
143.15        	5.337766e-07	(0.000000e+00 1.469717e-03 0.000000e+00)
143.2         	5.338173e-07	(0.000000e+00 1.469717e-03 0.000000e+00)
143.25        	5.338586e-07	(0.000000e+00 1.469717e-03 0.000000e+00)
143.3         	5.338991e-07	(0.000000e+00 1.469717e-03 0.000000e+00)
143.35        	5.339407e-07	(0.000000e+00 1.469717e-03 0.000000e+00)
143.4         	5.339812e-07	(0.000000e+00 1.469717e-03 0.000000e+00)
143.45        	5.340225e-07	(0.000000e+00 1.469717e-03 0.000000e+00)
143.5         	5.340633e-07	(0.000000e+00 1.469717e-03 0.000000e+00)
143.55        	5.341044e-07	(0.000000e+00 1.469717e-03 0.000000e+00)
143.6         	5.341453e-07	(0.000000e+00 1.469717e-03 0.000000e+00)
143.65        	5.341866e-07	(0.000000e+00 1.469717e-03 0.000000e+00)
143.7         	5.342273e-07	(0.000000e+00 1.469717e-03 0.000000e+00)
143.75        	5.342686e-07	(0.000000e+00 1.469717e-03 0.000000e+00)
143.8         	5.343095e-07	(0.000000e+00 1.469717e-03 0.000000e+00)
143.85        	5.343507e-07	(0.000000e+00 1.469717e-03 0.000000e+00)
143.9         	5.343915e-07	(0.000000e+00 1.469717e-03 0.000000e+00)
143.95        	5.344329e-07	(0.000000e+00 1.469717e-03 0.000000e+00)
144           	5.344738e-07	(0.000000e+00 1.469717e-03 0.000000e+00)
144.05        	5.345151e-07	(0.000000e+00 1.469717e-03 0.000000e+00)
144.1         	5.345561e-07	(0.000000e+00 1.469717e-03 0.000000e+00)
144.15        	5.345974e-07	(0.000000e+00 1.469717e-03 0.000000e+00)
144.2         	5.346383e-07	(0.000000e+00 1.469717e-03 0.000000e+00)
144.25        	5.346797e-07	(0.000000e+00 1.469717e-03 0.000000e+00)
144.3         	5.347206e-07	(0.000000e+00 1.469717e-03 0.000000e+00)
144.35        	5.347620e-07	(0.000000e+00 1.469717e-03 0.000000e+00)
144.4         	5.348029e-07	(0.000000e+00 1.469717e-03 0.000000e+00)
144.45        	5.348444e-07	(0.000000e+00 1.469717e-03 0.000000e+00)
144.5         	5.348853e-07	(0.000000e+00 1.469717e-03 0.000000e+00)
144.55        	5.349267e-07	(0.000000e+00 1.469717e-03 0.000000e+00)
144.6         	5.349677e-07	(0.000000e+00 1.469717e-03 0.000000e+00)
144.65        	5.350092e-07	(0.000000e+00 1.469717e-03 0.000000e+00)
144.7         	5.350501e-07	(0.000000e+00 1.469717e-03 0.000000e+00)
144.75        	5.350916e-07	(0.000000e+00 1.469717e-03 0.000000e+00)
144.8         	5.351326e-07	(0.000000e+00 1.469717e-03 0.000000e+00)
144.85        	5.351740e-07	(0.000000e+00 1.469717e-03 0.000000e+00)
144.9         	5.352149e-07	(0.000000e+00 1.469717e-03 0.000000e+00)
144.95        	5.352563e-07	(0.000000e+00 1.469717e-03 0.000000e+00)
145           	5.352973e-07	(0.000000e+00 1.469717e-03 0.000000e+00)
145.05        	5.353389e-07	(0.000000e+00 1.469717e-03 0.000000e+00)
145.1         	5.353799e-07	(0.000000e+00 1.469717e-03 0.000000e+00)
145.15        	5.354214e-07	(0.000000e+00 1.469717e-03 0.000000e+00)
145.2         	5.354625e-07	(0.000000e+00 1.469717e-03 0.000000e+00)
145.25        	5.355040e-07	(0.000000e+00 1.469717e-03 0.000000e+00)
145.3         	5.355450e-07	(0.000000e+00 1.469717e-03 0.000000e+00)
145.35        	5.355866e-07	(0.000000e+00 1.469717e-03 0.000000e+00)
145.4         	5.356274e-07	(0.000000e+00 1.469717e-03 0.000000e+00)
145.45        	5.356691e-07	(0.000000e+00 1.469717e-03 0.000000e+00)
145.5         	5.357102e-07	(0.000000e+00 1.469717e-03 0.000000e+00)
145.55        	5.357515e-07	(0.000000e+00 1.469717e-03 0.000000e+00)
145.6         	5.357925e-07	(0.000000e+00 1.469717e-03 0.000000e+00)
145.65        	5.358342e-07	(0.000000e+00 1.469717e-03 0.000000e+00)
145.7         	5.358752e-07	(0.000000e+00 1.469717e-03 0.000000e+00)
145.75        	5.359168e-07	(0.000000e+00 1.469717e-03 0.000000e+00)
145.8         	5.359579e-07	(0.000000e+00 1.469717e-03 0.000000e+00)
145.85        	5.359997e-07	(0.000000e+00 1.469717e-03 0.000000e+00)
145.9         	5.360408e-07	(0.000000e+00 1.469717e-03 0.000000e+00)
145.95        	5.360822e-07	(0.000000e+00 1.469717e-03 0.000000e+00)
146           	5.361232e-07	(0.000000e+00 1.469717e-03 0.000000e+00)
146.05        	5.361648e-07	(0.000000e+00 1.469717e-03 0.000000e+00)
146.1         	5.362058e-07	(0.000000e+00 1.469717e-03 0.000000e+00)
146.15        	5.362474e-07	(0.000000e+00 1.469717e-03 0.000000e+00)
146.2         	5.362885e-07	(0.000000e+00 1.469717e-03 0.000000e+00)
146.25        	5.363302e-07	(0.000000e+00 1.469717e-03 0.000000e+00)
146.3         	5.363711e-07	(0.000000e+00 1.469717e-03 0.000000e+00)
146.35        	5.364128e-07	(0.000000e+00 1.469717e-03 0.000000e+00)
146.4         	5.364537e-07	(0.000000e+00 1.469717e-03 0.000000e+00)
146.45        	5.364952e-07	(0.000000e+00 1.469717e-03 0.000000e+00)
146.5         	5.365363e-07	(0.000000e+00 1.469717e-03 0.000000e+00)
146.55        	5.365779e-07	(0.000000e+00 1.469717e-03 0.000000e+00)
146.6         	5.366191e-07	(0.000000e+00 1.469717e-03 0.000000e+00)
146.65        	5.366607e-07	(0.000000e+00 1.469717e-03 0.000000e+00)
146.7         	5.367018e-07	(0.000000e+00 1.469717e-03 0.000000e+00)
146.75        	5.367435e-07	(0.000000e+00 1.469717e-03 0.000000e+00)
146.8         	5.367845e-07	(0.000000e+00 1.469717e-03 0.000000e+00)
146.85        	5.368263e-07	(0.000000e+00 1.469717e-03 0.000000e+00)
146.9         	5.368673e-07	(0.000000e+00 1.469717e-03 0.000000e+00)
146.95        	5.369090e-07	(0.000000e+00 1.469717e-03 0.000000e+00)
147           	5.369502e-07	(0.000000e+00 1.469717e-03 0.000000e+00)
147.05        	5.369919e-07	(0.000000e+00 1.469717e-03 0.000000e+00)
147.1         	5.370329e-07	(0.000000e+00 1.469717e-03 0.000000e+00)
147.15        	5.370746e-07	(0.000000e+00 1.469717e-03 0.000000e+00)
147.2         	5.371157e-07	(0.000000e+00 1.469717e-03 0.000000e+00)
147.25        	5.371575e-07	(0.000000e+00 1.469717e-03 0.000000e+00)
147.3         	5.371985e-07	(0.000000e+00 1.469717e-03 0.000000e+00)
147.35        	5.372404e-07	(0.000000e+00 1.469717e-03 0.000000e+00)
147.4         	5.372814e-07	(0.000000e+00 1.469717e-03 0.000000e+00)
147.45        	5.373233e-07	(0.000000e+00 1.469717e-03 0.000000e+00)
147.5         	5.373644e-07	(0.000000e+00 1.469717e-03 0.000000e+00)
147.55        	5.374063e-07	(0.000000e+00 1.469717e-03 0.000000e+00)
147.6         	5.374474e-07	(0.000000e+00 1.469717e-03 0.000000e+00)
147.65        	5.374892e-07	(0.000000e+00 1.469717e-03 0.000000e+00)
147.7         	5.375303e-07	(0.000000e+00 1.469717e-03 0.000000e+00)
147.75        	5.375721e-07	(0.000000e+00 1.469717e-03 0.000000e+00)
147.8         	5.376130e-07	(0.000000e+00 1.469717e-03 0.000000e+00)
147.85        	5.376550e-07	(0.000000e+00 1.469717e-03 0.000000e+00)
147.9         	5.376960e-07	(0.000000e+00 1.469717e-03 0.000000e+00)
147.95        	5.377378e-07	(0.000000e+00 1.469717e-03 0.000000e+00)
148           	5.377787e-07	(0.000000e+00 1.469717e-03 0.000000e+00)
148.05        	5.378207e-07	(0.000000e+00 1.469717e-03 0.000000e+00)
148.1         	5.378617e-07	(0.000000e+00 1.469717e-03 0.000000e+00)
148.15        	5.379035e-07	(0.000000e+00 1.469717e-03 0.000000e+00)
148.2         	5.379445e-07	(0.000000e+00 1.469717e-03 0.000000e+00)
148.25        	5.379863e-07	(0.000000e+00 1.469717e-03 0.000000e+00)
148.3         	5.380273e-07	(0.000000e+00 1.469717e-03 0.000000e+00)
148.35        	5.380691e-07	(0.000000e+00 1.469717e-03 0.000000e+00)
148.4         	5.381101e-07	(0.000000e+00 1.469717e-03 0.000000e+00)
148.45        	5.381522e-07	(0.000000e+00 1.469717e-03 0.000000e+00)
148.5         	5.381930e-07	(0.000000e+00 1.469717e-03 0.000000e+00)
148.55        	5.382349e-07	(0.000000e+00 1.469717e-03 0.000000e+00)
148.6         	5.382758e-07	(0.000000e+00 1.469717e-03 0.000000e+00)
148.65        	5.383177e-07	(0.000000e+00 1.469717e-03 0.000000e+00)
148.7         	5.383586e-07	(0.000000e+00 1.469717e-03 0.000000e+00)
148.75        	5.384005e-07	(0.000000e+00 1.469717e-03 0.000000e+00)
148.8         	5.384414e-07	(0.000000e+00 1.469717e-03 0.000000e+00)
148.85        	5.384834e-07	(0.000000e+00 1.469717e-03 0.000000e+00)
148.9         	5.385242e-07	(0.000000e+00 1.469717e-03 0.000000e+00)
148.95        	5.385662e-07	(0.000000e+00 1.469717e-03 0.000000e+00)
149           	5.386071e-07	(0.000000e+00 1.469717e-03 0.000000e+00)
149.05        	5.386491e-07	(0.000000e+00 1.469717e-03 0.000000e+00)
149.1         	5.386900e-07	(0.000000e+00 1.469717e-03 0.000000e+00)
149.15        	5.387320e-07	(0.000000e+00 1.469717e-03 0.000000e+00)
149.2         	5.387728e-07	(0.000000e+00 1.469717e-03 0.000000e+00)
149.25        	5.388148e-07	(0.000000e+00 1.469717e-03 0.000000e+00)
149.3         	5.388556e-07	(0.000000e+00 1.469717e-03 0.000000e+00)
149.35        	5.388976e-07	(0.000000e+00 1.469717e-03 0.000000e+00)
149.4         	5.389384e-07	(0.000000e+00 1.469717e-03 0.000000e+00)
149.45        	5.389807e-07	(0.000000e+00 1.469717e-03 0.000000e+00)
149.5         	5.390213e-07	(0.000000e+00 1.469717e-03 0.000000e+00)
149.55        	5.390633e-07	(0.000000e+00 1.469717e-03 0.000000e+00)
149.6         	5.391044e-07	(0.000000e+00 1.469717e-03 0.000000e+00)
149.65        	5.391461e-07	(0.000000e+00 1.469717e-03 0.000000e+00)
149.7         	5.391868e-07	(0.000000e+00 1.469717e-03 0.000000e+00)
149.75        	5.392287e-07	(0.000000e+00 1.469717e-03 0.000000e+00)
149.8         	5.392695e-07	(0.000000e+00 1.469717e-03 0.000000e+00)
149.85        	5.393114e-07	(0.000000e+00 1.469717e-03 0.000000e+00)
149.9         	5.393521e-07	(0.000000e+00 1.469717e-03 0.000000e+00)
149.95        	5.393944e-07	(0.000000e+00 1.469717e-03 0.000000e+00)
150           	5.394350e-07	(0.000000e+00 1.469717e-03 0.000000e+00)
150.05        	5.394769e-07	(0.000000e+00 1.469717e-03 0.000000e+00)
150.1         	5.395175e-07	(0.000000e+00 1.469717e-03 0.000000e+00)
150.15        	5.395595e-07	(0.000000e+00 1.469717e-03 0.000000e+00)
150.2         	5.396001e-07	(0.000000e+00 1.469717e-03 0.000000e+00)
150.25        	5.396422e-07	(0.000000e+00 1.469717e-03 0.000000e+00)
150.3         	5.396828e-07	(0.000000e+00 1.469717e-03 0.000000e+00)
150.35        	5.397249e-07	(0.000000e+00 1.469717e-03 0.000000e+00)
150.4         	5.397656e-07	(0.000000e+00 1.469717e-03 0.000000e+00)
150.45        	5.398072e-07	(0.000000e+00 1.469717e-03 0.000000e+00)
150.5         	5.398480e-07	(0.000000e+00 1.469717e-03 0.000000e+00)
150.55        	5.398901e-07	(0.000000e+00 1.469717e-03 0.000000e+00)
150.6         	5.399306e-07	(0.000000e+00 1.469717e-03 0.000000e+00)
150.65        	5.399726e-07	(0.000000e+00 1.469717e-03 0.000000e+00)
150.7         	5.400132e-07	(0.000000e+00 1.469717e-03 0.000000e+00)
150.75        	5.400552e-07	(0.000000e+00 1.469717e-03 0.000000e+00)
150.8         	5.400957e-07	(0.000000e+00 1.469717e-03 0.000000e+00)
150.85        	5.401377e-07	(0.000000e+00 1.469717e-03 0.000000e+00)
150.9         	5.401782e-07	(0.000000e+00 1.469717e-03 0.000000e+00)
150.95        	5.402202e-07	(0.000000e+00 1.469717e-03 0.000000e+00)
151           	5.402607e-07	(0.000000e+00 1.469717e-03 0.000000e+00)
151.05        	5.403027e-07	(0.000000e+00 1.469717e-03 0.000000e+00)
151.1         	5.403432e-07	(0.000000e+00 1.469717e-03 0.000000e+00)
151.15        	5.403851e-07	(0.000000e+00 1.469717e-03 0.000000e+00)
151.2         	5.404255e-07	(0.000000e+00 1.469717e-03 0.000000e+00)
151.25        	5.404675e-07	(0.000000e+00 1.469717e-03 0.000000e+00)
151.3         	5.405079e-07	(0.000000e+00 1.469717e-03 0.000000e+00)
151.35        	5.405499e-07	(0.000000e+00 1.469717e-03 0.000000e+00)
151.4         	5.405903e-07	(0.000000e+00 1.469717e-03 0.000000e+00)
151.45        	5.406322e-07	(0.000000e+00 1.469717e-03 0.000000e+00)
151.5         	5.406726e-07	(0.000000e+00 1.469717e-03 0.000000e+00)
151.55        	5.407144e-07	(0.000000e+00 1.469717e-03 0.000000e+00)
151.6         	5.407549e-07	(0.000000e+00 1.469717e-03 0.000000e+00)
151.65        	5.407967e-07	(0.000000e+00 1.469717e-03 0.000000e+00)
151.7         	5.408371e-07	(0.000000e+00 1.469717e-03 0.000000e+00)
151.75        	5.408790e-07	(0.000000e+00 1.469717e-03 0.000000e+00)
151.8         	5.409193e-07	(0.000000e+00 1.469717e-03 0.000000e+00)
151.85        	5.409612e-07	(0.000000e+00 1.469717e-03 0.000000e+00)
151.9         	5.410014e-07	(0.000000e+00 1.469717e-03 0.000000e+00)
151.95        	5.410433e-07	(0.000000e+00 1.469717e-03 0.000000e+00)
152           	5.410835e-07	(0.000000e+00 1.469717e-03 0.000000e+00)
152.05        	5.411255e-07	(0.000000e+00 1.469717e-03 0.000000e+00)
152.1         	5.411657e-07	(0.000000e+00 1.469717e-03 0.000000e+00)
152.15        	5.412075e-07	(0.000000e+00 1.469717e-03 0.000000e+00)
152.2         	5.412478e-07	(0.000000e+00 1.469717e-03 0.000000e+00)
152.25        	5.412897e-07	(0.000000e+00 1.469717e-03 0.000000e+00)
152.3         	5.413298e-07	(0.000000e+00 1.469717e-03 0.000000e+00)
152.35        	5.413717e-07	(0.000000e+00 1.469717e-03 0.000000e+00)
152.4         	5.414118e-07	(0.000000e+00 1.469717e-03 0.000000e+00)
152.45        	5.414537e-07	(0.000000e+00 1.469717e-03 0.000000e+00)
152.5         	5.414936e-07	(0.000000e+00 1.469717e-03 0.000000e+00)
152.55        	5.415355e-07	(0.000000e+00 1.469717e-03 0.000000e+00)
152.6         	5.415756e-07	(0.000000e+00 1.469717e-03 0.000000e+00)
152.65        	5.416175e-07	(0.000000e+00 1.469717e-03 0.000000e+00)
152.7         	5.416575e-07	(0.000000e+00 1.469717e-03 0.000000e+00)
152.75        	5.416994e-07	(0.000000e+00 1.469717e-03 0.000000e+00)
152.8         	5.417393e-07	(0.000000e+00 1.469717e-03 0.000000e+00)
152.85        	5.417811e-07	(0.000000e+00 1.469717e-03 0.000000e+00)
152.9         	5.418210e-07	(0.000000e+00 1.469717e-03 0.000000e+00)
152.95        	5.418629e-07	(0.000000e+00 1.469717e-03 0.000000e+00)
153           	5.419028e-07	(0.000000e+00 1.469717e-03 0.000000e+00)
153.05        	5.419446e-07	(0.000000e+00 1.469717e-03 0.000000e+00)
153.1         	5.419846e-07	(0.000000e+00 1.469717e-03 0.000000e+00)
153.15        	5.420259e-07	(0.000000e+00 1.469717e-03 0.000000e+00)
153.2         	5.420661e-07	(0.000000e+00 1.469717e-03 0.000000e+00)
153.25        	5.421078e-07	(0.000000e+00 1.469717e-03 0.000000e+00)
153.3         	5.421476e-07	(0.000000e+00 1.469717e-03 0.000000e+00)
153.35        	5.421983e-07	(0.000000e+00 1.469717e-03 0.000000e+00)
153.4         	5.422197e-07	(0.000000e+00 1.469717e-03 0.000000e+00)
153.45        	5.422780e-07	(0.000000e+00 1.469717e-03 0.000000e+00)
153.5         	5.423005e-07	(0.000000e+00 1.469717e-03 0.000000e+00)
153.55        	5.423601e-07	(0.000000e+00 1.469717e-03 0.000000e+00)
153.6         	5.423822e-07	(0.000000e+00 1.469717e-03 0.000000e+00)
153.65        	5.424413e-07	(0.000000e+00 1.469717e-03 0.000000e+00)
153.7         	5.424636e-07	(0.000000e+00 1.469717e-03 0.000000e+00)
153.75        	5.425229e-07	(0.000000e+00 1.469717e-03 0.000000e+00)
153.8         	5.425450e-07	(0.000000e+00 1.469717e-03 0.000000e+00)
153.85        	5.426042e-07	(0.000000e+00 1.469717e-03 0.000000e+00)
153.9         	5.426263e-07	(0.000000e+00 1.469717e-03 0.000000e+00)
153.95        	5.426854e-07	(0.000000e+00 1.469717e-03 0.000000e+00)
154           	5.427076e-07	(0.000000e+00 1.469717e-03 0.000000e+00)
154.05        	5.427666e-07	(0.000000e+00 1.469717e-03 0.000000e+00)
154.1         	5.427888e-07	(0.000000e+00 1.469717e-03 0.000000e+00)
154.15        	5.428477e-07	(0.000000e+00 1.469717e-03 0.000000e+00)
154.2         	5.428700e-07	(0.000000e+00 1.469717e-03 0.000000e+00)
154.25        	5.429288e-07	(0.000000e+00 1.469717e-03 0.000000e+00)
154.3         	5.429511e-07	(0.000000e+00 1.469717e-03 0.000000e+00)
154.35        	5.430098e-07	(0.000000e+00 1.469717e-03 0.000000e+00)
154.4         	5.430404e-07	(0.000000e+00 1.469717e-03 0.000000e+00)
154.45        	5.430816e-07	(0.000000e+00 1.469717e-03 0.000000e+00)
154.5         	5.431212e-07	(0.000000e+00 1.469717e-03 0.000000e+00)
154.55        	5.431628e-07	(0.000000e+00 1.469717e-03 0.000000e+00)
154.6         	5.432021e-07	(0.000000e+00 1.469717e-03 0.000000e+00)
154.65        	5.432438e-07	(0.000000e+00 1.469717e-03 0.000000e+00)
154.7         	5.432831e-07	(0.000000e+00 1.469717e-03 0.000000e+00)
154.75        	5.433247e-07	(0.000000e+00 1.469717e-03 0.000000e+00)
154.8         	5.433639e-07	(0.000000e+00 1.469717e-03 0.000000e+00)
154.85        	5.434054e-07	(0.000000e+00 1.469717e-03 0.000000e+00)
154.9         	5.434447e-07	(0.000000e+00 1.469717e-03 0.000000e+00)
154.95        	5.434861e-07	(0.000000e+00 1.469717e-03 0.000000e+00)
155           	5.435253e-07	(0.000000e+00 1.469717e-03 0.000000e+00)
155.05        	5.435668e-07	(0.000000e+00 1.469717e-03 0.000000e+00)
155.1         	5.436058e-07	(0.000000e+00 1.469717e-03 0.000000e+00)
155.15        	5.436476e-07	(0.000000e+00 1.469717e-03 0.000000e+00)
155.2         	5.436867e-07	(0.000000e+00 1.469717e-03 0.000000e+00)
155.25        	5.437277e-07	(0.000000e+00 1.469717e-03 0.000000e+00)
155.3         	5.437668e-07	(0.000000e+00 1.469717e-03 0.000000e+00)
155.35        	5.438073e-07	(0.000000e+00 1.469717e-03 0.000000e+00)
155.4         	5.438467e-07	(0.000000e+00 1.469717e-03 0.000000e+00)
155.45        	5.438877e-07	(0.000000e+00 1.469717e-03 0.000000e+00)
155.5         	5.439269e-07	(0.000000e+00 1.469717e-03 0.000000e+00)
155.55        	5.439684e-07	(0.000000e+00 1.469717e-03 0.000000e+00)
155.6         	5.440073e-07	(0.000000e+00 1.469717e-03 0.000000e+00)
155.65        	5.440485e-07	(0.000000e+00 1.469717e-03 0.000000e+00)
155.7         	5.440872e-07	(0.000000e+00 1.469717e-03 0.000000e+00)
155.75        	5.441286e-07	(0.000000e+00 1.469717e-03 0.000000e+00)
155.8         	5.441680e-07	(0.000000e+00 1.469717e-03 0.000000e+00)
155.85        	5.442087e-07	(0.000000e+00 1.469717e-03 0.000000e+00)
155.9         	5.442476e-07	(0.000000e+00 1.469717e-03 0.000000e+00)
155.95        	5.442886e-07	(0.000000e+00 1.469717e-03 0.000000e+00)
156           	5.443277e-07	(0.000000e+00 1.469717e-03 0.000000e+00)
156.05        	5.443689e-07	(0.000000e+00 1.469717e-03 0.000000e+00)
156.1         	5.444075e-07	(0.000000e+00 1.469717e-03 0.000000e+00)
156.15        	5.444485e-07	(0.000000e+00 1.469717e-03 0.000000e+00)
156.2         	5.444873e-07	(0.000000e+00 1.469717e-03 0.000000e+00)
156.25        	5.445285e-07	(0.000000e+00 1.469717e-03 0.000000e+00)
156.3         	5.445668e-07	(0.000000e+00 1.469717e-03 0.000000e+00)
156.35        	5.446080e-07	(0.000000e+00 1.469717e-03 0.000000e+00)
156.4         	5.446463e-07	(0.000000e+00 1.469717e-03 0.000000e+00)
156.45        	5.446874e-07	(0.000000e+00 1.469717e-03 0.000000e+00)
156.5         	5.447259e-07	(0.000000e+00 1.469717e-03 0.000000e+00)
156.55        	5.447669e-07	(0.000000e+00 1.469717e-03 0.000000e+00)
156.6         	5.448053e-07	(0.000000e+00 1.469717e-03 0.000000e+00)
156.65        	5.448463e-07	(0.000000e+00 1.469717e-03 0.000000e+00)
156.7         	5.448848e-07	(0.000000e+00 1.469717e-03 0.000000e+00)
156.75        	5.449257e-07	(0.000000e+00 1.469717e-03 0.000000e+00)
156.8         	5.449641e-07	(0.000000e+00 1.469717e-03 0.000000e+00)
156.85        	5.450050e-07	(0.000000e+00 1.469717e-03 0.000000e+00)
156.9         	5.450434e-07	(0.000000e+00 1.469717e-03 0.000000e+00)
156.95        	5.450843e-07	(0.000000e+00 1.469717e-03 0.000000e+00)
157           	5.451226e-07	(0.000000e+00 1.469717e-03 0.000000e+00)
157.05        	5.451634e-07	(0.000000e+00 1.469717e-03 0.000000e+00)
157.1         	5.452017e-07	(0.000000e+00 1.469717e-03 0.000000e+00)
157.15        	5.452425e-07	(0.000000e+00 1.469717e-03 0.000000e+00)
157.2         	5.452807e-07	(0.000000e+00 1.469717e-03 0.000000e+00)
157.25        	5.453214e-07	(0.000000e+00 1.469717e-03 0.000000e+00)
157.3         	5.453596e-07	(0.000000e+00 1.469717e-03 0.000000e+00)
157.35        	5.454003e-07	(0.000000e+00 1.469717e-03 0.000000e+00)
157.4         	5.454384e-07	(0.000000e+00 1.469717e-03 0.000000e+00)
157.45        	5.454791e-07	(0.000000e+00 1.469717e-03 0.000000e+00)
157.5         	5.455172e-07	(0.000000e+00 1.469717e-03 0.000000e+00)
157.55        	5.455578e-07	(0.000000e+00 1.469717e-03 0.000000e+00)
157.6         	5.455958e-07	(0.000000e+00 1.469717e-03 0.000000e+00)
157.65        	5.456364e-07	(0.000000e+00 1.469717e-03 0.000000e+00)
157.7         	5.456744e-07	(0.000000e+00 1.469717e-03 0.000000e+00)
157.75        	5.457148e-07	(0.000000e+00 1.469717e-03 0.000000e+00)
157.8         	5.457529e-07	(0.000000e+00 1.469717e-03 0.000000e+00)
157.85        	5.457931e-07	(0.000000e+00 1.469717e-03 0.000000e+00)
157.9         	5.458313e-07	(0.000000e+00 1.469717e-03 0.000000e+00)
157.95        	5.458717e-07	(0.000000e+00 1.469717e-03 0.000000e+00)
158           	5.459095e-07	(0.000000e+00 1.469717e-03 0.000000e+00)
158.05        	5.459499e-07	(0.000000e+00 1.469717e-03 0.000000e+00)
158.1         	5.459877e-07	(0.000000e+00 1.469717e-03 0.000000e+00)
158.15        	5.460281e-07	(0.000000e+00 1.469717e-03 0.000000e+00)
158.2         	5.460659e-07	(0.000000e+00 1.469717e-03 0.000000e+00)
158.25        	5.461062e-07	(0.000000e+00 1.469717e-03 0.000000e+00)
158.3         	5.461440e-07	(0.000000e+00 1.469717e-03 0.000000e+00)
158.35        	5.461843e-07	(0.000000e+00 1.469717e-03 0.000000e+00)
158.4         	5.462219e-07	(0.000000e+00 1.469717e-03 0.000000e+00)
158.45        	5.462623e-07	(0.000000e+00 1.469717e-03 0.000000e+00)
158.5         	5.462998e-07	(0.000000e+00 1.469717e-03 0.000000e+00)
158.55        	5.463401e-07	(0.000000e+00 1.469717e-03 0.000000e+00)
158.6         	5.463776e-07	(0.000000e+00 1.469717e-03 0.000000e+00)
158.65        	5.464178e-07	(0.000000e+00 1.469717e-03 0.000000e+00)
158.7         	5.464552e-07	(0.000000e+00 1.469717e-03 0.000000e+00)
158.75        	5.464954e-07	(0.000000e+00 1.469717e-03 0.000000e+00)
158.8         	5.465328e-07	(0.000000e+00 1.469717e-03 0.000000e+00)
158.85        	5.465729e-07	(0.000000e+00 1.469717e-03 0.000000e+00)
158.9         	5.466103e-07	(0.000000e+00 1.469717e-03 0.000000e+00)
158.95        	5.466504e-07	(0.000000e+00 1.469717e-03 0.000000e+00)
159           	5.466876e-07	(0.000000e+00 1.469717e-03 0.000000e+00)
159.05        	5.467277e-07	(0.000000e+00 1.469717e-03 0.000000e+00)
159.1         	5.467649e-07	(0.000000e+00 1.469717e-03 0.000000e+00)
159.15        	5.468050e-07	(0.000000e+00 1.469717e-03 0.000000e+00)
159.2         	5.468420e-07	(0.000000e+00 1.469717e-03 0.000000e+00)
159.25        	5.468821e-07	(0.000000e+00 1.469717e-03 0.000000e+00)
159.3         	5.469191e-07	(0.000000e+00 1.469717e-03 0.000000e+00)
159.35        	5.469591e-07	(0.000000e+00 1.469717e-03 0.000000e+00)
159.4         	5.469961e-07	(0.000000e+00 1.469717e-03 0.000000e+00)
159.45        	5.470360e-07	(0.000000e+00 1.469717e-03 0.000000e+00)
159.5         	5.470730e-07	(0.000000e+00 1.469717e-03 0.000000e+00)
159.55        	5.471129e-07	(0.000000e+00 1.469717e-03 0.000000e+00)
159.6         	5.471498e-07	(0.000000e+00 1.469717e-03 0.000000e+00)
159.65        	5.471896e-07	(0.000000e+00 1.469717e-03 0.000000e+00)
159.7         	5.472265e-07	(0.000000e+00 1.469717e-03 0.000000e+00)
159.75        	5.472663e-07	(0.000000e+00 1.469717e-03 0.000000e+00)
159.8         	5.473030e-07	(0.000000e+00 1.469717e-03 0.000000e+00)
159.85        	5.473428e-07	(0.000000e+00 1.469717e-03 0.000000e+00)
159.9         	5.473796e-07	(0.000000e+00 1.469717e-03 0.000000e+00)
159.95        	5.474193e-07	(0.000000e+00 1.469717e-03 0.000000e+00)
160           	5.474559e-07	(0.000000e+00 1.469717e-03 0.000000e+00)
160.05        	5.474956e-07	(0.000000e+00 1.469717e-03 0.000000e+00)
160.1         	5.475322e-07	(0.000000e+00 1.469717e-03 0.000000e+00)
160.15        	5.475718e-07	(0.000000e+00 1.469717e-03 0.000000e+00)
160.2         	5.476083e-07	(0.000000e+00 1.469717e-03 0.000000e+00)
160.25        	5.476479e-07	(0.000000e+00 1.469717e-03 0.000000e+00)
160.3         	5.476843e-07	(0.000000e+00 1.469717e-03 0.000000e+00)
160.35        	5.477238e-07	(0.000000e+00 1.469717e-03 0.000000e+00)
160.4         	5.477602e-07	(0.000000e+00 1.469717e-03 0.000000e+00)
160.45        	5.477997e-07	(0.000000e+00 1.469717e-03 0.000000e+00)
160.5         	5.478360e-07	(0.000000e+00 1.469717e-03 0.000000e+00)
160.55        	5.478755e-07	(0.000000e+00 1.469717e-03 0.000000e+00)
160.6         	5.479119e-07	(0.000000e+00 1.469717e-03 0.000000e+00)
160.65        	5.479513e-07	(0.000000e+00 1.469717e-03 0.000000e+00)
160.7         	5.479875e-07	(0.000000e+00 1.469717e-03 0.000000e+00)
160.75        	5.480269e-07	(0.000000e+00 1.469717e-03 0.000000e+00)
160.8         	5.480630e-07	(0.000000e+00 1.469717e-03 0.000000e+00)
160.85        	5.481023e-07	(0.000000e+00 1.469717e-03 0.000000e+00)
160.9         	5.481384e-07	(0.000000e+00 1.469717e-03 0.000000e+00)
160.95        	5.481777e-07	(0.000000e+00 1.469717e-03 0.000000e+00)
161           	5.482138e-07	(0.000000e+00 1.469717e-03 0.000000e+00)
161.05        	5.482530e-07	(0.000000e+00 1.469717e-03 0.000000e+00)
161.1         	5.482890e-07	(0.000000e+00 1.469717e-03 0.000000e+00)
161.15        	5.483281e-07	(0.000000e+00 1.469717e-03 0.000000e+00)
161.2         	5.483641e-07	(0.000000e+00 1.469717e-03 0.000000e+00)
161.25        	5.484032e-07	(0.000000e+00 1.469717e-03 0.000000e+00)
161.3         	5.484391e-07	(0.000000e+00 1.469717e-03 0.000000e+00)
161.35        	5.484781e-07	(0.000000e+00 1.469717e-03 0.000000e+00)
161.4         	5.485139e-07	(0.000000e+00 1.469717e-03 0.000000e+00)
161.45        	5.485529e-07	(0.000000e+00 1.469717e-03 0.000000e+00)
161.5         	5.485885e-07	(0.000000e+00 1.469717e-03 0.000000e+00)
161.55        	5.486276e-07	(0.000000e+00 1.469717e-03 0.000000e+00)
161.6         	5.486633e-07	(0.000000e+00 1.469717e-03 0.000000e+00)
161.65        	5.487023e-07	(0.000000e+00 1.469717e-03 0.000000e+00)
161.7         	5.487379e-07	(0.000000e+00 1.469717e-03 0.000000e+00)
161.75        	5.487768e-07	(0.000000e+00 1.469717e-03 0.000000e+00)
161.8         	5.488123e-07	(0.000000e+00 1.469717e-03 0.000000e+00)
161.85        	5.488512e-07	(0.000000e+00 1.469717e-03 0.000000e+00)
161.9         	5.488867e-07	(0.000000e+00 1.469717e-03 0.000000e+00)
161.95        	5.489256e-07	(0.000000e+00 1.469717e-03 0.000000e+00)
162           	5.489609e-07	(0.000000e+00 1.469717e-03 0.000000e+00)
162.05        	5.489998e-07	(0.000000e+00 1.469717e-03 0.000000e+00)
162.1         	5.490350e-07	(0.000000e+00 1.469717e-03 0.000000e+00)
162.15        	5.490738e-07	(0.000000e+00 1.469717e-03 0.000000e+00)
162.2         	5.491090e-07	(0.000000e+00 1.469717e-03 0.000000e+00)
162.25        	5.491477e-07	(0.000000e+00 1.469717e-03 0.000000e+00)
162.3         	5.491828e-07	(0.000000e+00 1.469717e-03 0.000000e+00)
162.35        	5.492215e-07	(0.000000e+00 1.469717e-03 0.000000e+00)
162.4         	5.492566e-07	(0.000000e+00 1.469717e-03 0.000000e+00)
162.45        	5.492951e-07	(0.000000e+00 1.469717e-03 0.000000e+00)
162.5         	5.493301e-07	(0.000000e+00 1.469717e-03 0.000000e+00)
162.55        	5.493686e-07	(0.000000e+00 1.469717e-03 0.000000e+00)
162.6         	5.494035e-07	(0.000000e+00 1.469717e-03 0.000000e+00)
162.65        	5.494419e-07	(0.000000e+00 1.469717e-03 0.000000e+00)
162.7         	5.494768e-07	(0.000000e+00 1.469717e-03 0.000000e+00)
162.75        	5.495153e-07	(0.000000e+00 1.469717e-03 0.000000e+00)
162.8         	5.495502e-07	(0.000000e+00 1.469717e-03 0.000000e+00)
162.85        	5.495886e-07	(0.000000e+00 1.469717e-03 0.000000e+00)
162.9         	5.496235e-07	(0.000000e+00 1.469717e-03 0.000000e+00)
162.95        	5.496616e-07	(0.000000e+00 1.469717e-03 0.000000e+00)
163           	5.496964e-07	(0.000000e+00 1.469717e-03 0.000000e+00)
163.05        	5.497345e-07	(0.000000e+00 1.469717e-03 0.000000e+00)
163.1         	5.497693e-07	(0.000000e+00 1.469717e-03 0.000000e+00)
163.15        	5.498073e-07	(0.000000e+00 1.469717e-03 0.000000e+00)
163.2         	5.498421e-07	(0.000000e+00 1.469717e-03 0.000000e+00)
163.25        	5.498801e-07	(0.000000e+00 1.469717e-03 0.000000e+00)
163.3         	5.499148e-07	(0.000000e+00 1.469717e-03 0.000000e+00)
163.35        	5.499526e-07	(0.000000e+00 1.469717e-03 0.000000e+00)
163.4         	5.499873e-07	(0.000000e+00 1.469717e-03 0.000000e+00)
163.45        	5.500251e-07	(0.000000e+00 1.469717e-03 0.000000e+00)
163.5         	5.500597e-07	(0.000000e+00 1.469717e-03 0.000000e+00)
163.55        	5.500974e-07	(0.000000e+00 1.469717e-03 0.000000e+00)
163.6         	5.501321e-07	(0.000000e+00 1.469717e-03 0.000000e+00)
163.65        	5.501696e-07	(0.000000e+00 1.469717e-03 0.000000e+00)
163.7         	5.502043e-07	(0.000000e+00 1.469717e-03 0.000000e+00)
163.75        	5.502417e-07	(0.000000e+00 1.469717e-03 0.000000e+00)
163.8         	5.502763e-07	(0.000000e+00 1.469717e-03 0.000000e+00)
163.85        	5.503137e-07	(0.000000e+00 1.469717e-03 0.000000e+00)
163.9         	5.503483e-07	(0.000000e+00 1.469717e-03 0.000000e+00)
163.95        	5.503855e-07	(0.000000e+00 1.469717e-03 0.000000e+00)
164           	5.504201e-07	(0.000000e+00 1.469717e-03 0.000000e+00)
164.05        	5.504572e-07	(0.000000e+00 1.469717e-03 0.000000e+00)
164.1         	5.504918e-07	(0.000000e+00 1.469717e-03 0.000000e+00)
164.15        	5.505289e-07	(0.000000e+00 1.469717e-03 0.000000e+00)
164.2         	5.505634e-07	(0.000000e+00 1.469717e-03 0.000000e+00)
164.25        	5.506003e-07	(0.000000e+00 1.469717e-03 0.000000e+00)
164.3         	5.506349e-07	(0.000000e+00 1.469717e-03 0.000000e+00)
164.35        	5.506700e-07	(0.000000e+00 1.469717e-03 0.000000e+00)
164.4         	5.507009e-07	(0.000000e+00 1.469717e-03 0.000000e+00)
164.45        	5.507508e-07	(0.000000e+00 1.469717e-03 0.000000e+00)
164.5         	5.507716e-07	(0.000000e+00 1.469717e-03 0.000000e+00)
164.55        	5.508205e-07	(0.000000e+00 1.469717e-03 0.000000e+00)
164.6         	5.508341e-07	(0.000000e+00 1.469717e-03 0.000000e+00)
164.65        	5.508759e-07	(0.000000e+00 1.469717e-03 0.000000e+00)
164.7         	5.509203e-07	(0.000000e+00 1.469717e-03 0.000000e+00)
164.75        	5.509574e-07	(0.000000e+00 1.469717e-03 0.000000e+00)
164.8         	5.509916e-07	(0.000000e+00 1.469717e-03 0.000000e+00)
164.85        	5.510264e-07	(0.000000e+00 1.469717e-03 0.000000e+00)
164.9         	5.510616e-07	(0.000000e+00 1.469717e-03 0.000000e+00)
164.95        	5.510971e-07	(0.000000e+00 1.469717e-03 0.000000e+00)
165           	5.511323e-07	(0.000000e+00 1.469717e-03 0.000000e+00)
165.05        	5.511678e-07	(0.000000e+00 1.469717e-03 0.000000e+00)
165.1         	5.512029e-07	(0.000000e+00 1.469717e-03 0.000000e+00)
165.15        	5.512381e-07	(0.000000e+00 1.469717e-03 0.000000e+00)
165.2         	5.512731e-07	(0.000000e+00 1.469717e-03 0.000000e+00)
165.25        	5.513083e-07	(0.000000e+00 1.469717e-03 0.000000e+00)
165.3         	5.513434e-07	(0.000000e+00 1.469717e-03 0.000000e+00)
165.35        	5.513785e-07	(0.000000e+00 1.469717e-03 0.000000e+00)
165.4         	5.514133e-07	(0.000000e+00 1.469717e-03 0.000000e+00)
165.45        	5.514484e-07	(0.000000e+00 1.469717e-03 0.000000e+00)
165.5         	5.514831e-07	(0.000000e+00 1.469717e-03 0.000000e+00)
165.55        	5.515182e-07	(0.000000e+00 1.469717e-03 0.000000e+00)
165.6         	5.515531e-07	(0.000000e+00 1.469717e-03 0.000000e+00)
165.65        	5.515879e-07	(0.000000e+00 1.469717e-03 0.000000e+00)
165.7         	5.516225e-07	(0.000000e+00 1.469717e-03 0.000000e+00)
165.75        	5.516574e-07	(0.000000e+00 1.469717e-03 0.000000e+00)
165.8         	5.516919e-07	(0.000000e+00 1.469717e-03 0.000000e+00)
165.85        	5.517268e-07	(0.000000e+00 1.469717e-03 0.000000e+00)
165.9         	5.517614e-07	(0.000000e+00 1.469717e-03 0.000000e+00)
165.95        	5.517961e-07	(0.000000e+00 1.469717e-03 0.000000e+00)
166           	5.518306e-07	(0.000000e+00 1.469717e-03 0.000000e+00)
166.05        	5.518653e-07	(0.000000e+00 1.469717e-03 0.000000e+00)
166.1         	5.518996e-07	(0.000000e+00 1.469717e-03 0.000000e+00)
166.15        	5.519341e-07	(0.000000e+00 1.469717e-03 0.000000e+00)
166.2         	5.519687e-07	(0.000000e+00 1.469717e-03 0.000000e+00)
166.25        	5.520032e-07	(0.000000e+00 1.469717e-03 0.000000e+00)
166.3         	5.520375e-07	(0.000000e+00 1.469717e-03 0.000000e+00)
166.35        	5.520719e-07	(0.000000e+00 1.469717e-03 0.000000e+00)
166.4         	5.521062e-07	(0.000000e+00 1.469717e-03 0.000000e+00)
166.45        	5.521406e-07	(0.000000e+00 1.469717e-03 0.000000e+00)
166.5         	5.521748e-07	(0.000000e+00 1.469717e-03 0.000000e+00)
166.55        	5.522090e-07	(0.000000e+00 1.469717e-03 0.000000e+00)
166.6         	5.522433e-07	(0.000000e+00 1.469717e-03 0.000000e+00)
166.65        	5.522775e-07	(0.000000e+00 1.469717e-03 0.000000e+00)
166.7         	5.523116e-07	(0.000000e+00 1.469717e-03 0.000000e+00)
166.75        	5.523458e-07	(0.000000e+00 1.469717e-03 0.000000e+00)
166.8         	5.523798e-07	(0.000000e+00 1.469717e-03 0.000000e+00)
166.85        	5.524139e-07	(0.000000e+00 1.469717e-03 0.000000e+00)
166.9         	5.524479e-07	(0.000000e+00 1.469717e-03 0.000000e+00)
166.95        	5.524819e-07	(0.000000e+00 1.469717e-03 0.000000e+00)
167           	5.525158e-07	(0.000000e+00 1.469717e-03 0.000000e+00)
167.05        	5.525496e-07	(0.000000e+00 1.469717e-03 0.000000e+00)
167.1         	5.525839e-07	(0.000000e+00 1.469717e-03 0.000000e+00)
167.15        	5.526173e-07	(0.000000e+00 1.469717e-03 0.000000e+00)
167.2         	5.526517e-07	(0.000000e+00 1.469717e-03 0.000000e+00)
167.25        	5.526853e-07	(0.000000e+00 1.469717e-03 0.000000e+00)
167.3         	5.527189e-07	(0.000000e+00 1.469717e-03 0.000000e+00)
167.35        	5.527526e-07	(0.000000e+00 1.469717e-03 0.000000e+00)
167.4         	5.527864e-07	(0.000000e+00 1.469717e-03 0.000000e+00)
167.45        	5.528200e-07	(0.000000e+00 1.469717e-03 0.000000e+00)
167.5         	5.528536e-07	(0.000000e+00 1.469717e-03 0.000000e+00)
167.55        	5.528869e-07	(0.000000e+00 1.469717e-03 0.000000e+00)
167.6         	5.529206e-07	(0.000000e+00 1.469717e-03 0.000000e+00)
167.65        	5.529542e-07	(0.000000e+00 1.469717e-03 0.000000e+00)
167.7         	5.529876e-07	(0.000000e+00 1.469717e-03 0.000000e+00)
167.75        	5.530210e-07	(0.000000e+00 1.469717e-03 0.000000e+00)
167.8         	5.530544e-07	(0.000000e+00 1.469717e-03 0.000000e+00)
167.85        	5.530878e-07	(0.000000e+00 1.469717e-03 0.000000e+00)
167.9         	5.531211e-07	(0.000000e+00 1.469717e-03 0.000000e+00)
167.95        	5.531545e-07	(0.000000e+00 1.469717e-03 0.000000e+00)
168           	5.531877e-07	(0.000000e+00 1.469717e-03 0.000000e+00)
168.05        	5.532209e-07	(0.000000e+00 1.469717e-03 0.000000e+00)
168.1         	5.532540e-07	(0.000000e+00 1.469717e-03 0.000000e+00)
168.15        	5.532873e-07	(0.000000e+00 1.469717e-03 0.000000e+00)
168.2         	5.533203e-07	(0.000000e+00 1.469717e-03 0.000000e+00)
168.25        	5.533527e-07	(0.000000e+00 1.469717e-03 0.000000e+00)
168.3         	5.533868e-07	(0.000000e+00 1.469717e-03 0.000000e+00)
168.35        	5.534197e-07	(0.000000e+00 1.469717e-03 0.000000e+00)
168.4         	5.534524e-07	(0.000000e+00 1.469717e-03 0.000000e+00)
168.45        	5.534853e-07	(0.000000e+00 1.469717e-03 0.000000e+00)
168.5         	5.535182e-07	(0.000000e+00 1.469717e-03 0.000000e+00)
168.55        	5.535512e-07	(0.000000e+00 1.469717e-03 0.000000e+00)
168.6         	5.535842e-07	(0.000000e+00 1.469717e-03 0.000000e+00)
168.65        	5.536169e-07	(0.000000e+00 1.469717e-03 0.000000e+00)
168.7         	5.536496e-07	(0.000000e+00 1.469717e-03 0.000000e+00)
168.75        	5.536822e-07	(0.000000e+00 1.469717e-03 0.000000e+00)
168.8         	5.537148e-07	(0.000000e+00 1.469717e-03 0.000000e+00)
168.85        	5.537468e-07	(0.000000e+00 1.469717e-03 0.000000e+00)
168.9         	5.537807e-07	(0.000000e+00 1.469717e-03 0.000000e+00)
168.95        	5.538135e-07	(0.000000e+00 1.469717e-03 0.000000e+00)
169           	5.538466e-07	(0.000000e+00 1.469717e-03 0.000000e+00)
169.05        	5.538786e-07	(0.000000e+00 1.469717e-03 0.000000e+00)
169.1         	5.539107e-07	(0.000000e+00 1.469717e-03 0.000000e+00)
169.15        	5.539431e-07	(0.000000e+00 1.469717e-03 0.000000e+00)
169.2         	5.539756e-07	(0.000000e+00 1.469717e-03 0.000000e+00)
169.25        	5.540081e-07	(0.000000e+00 1.469717e-03 0.000000e+00)
169.3         	5.540405e-07	(0.000000e+00 1.469717e-03 0.000000e+00)
169.35        	5.540725e-07	(0.000000e+00 1.469717e-03 0.000000e+00)
169.4         	5.541052e-07	(0.000000e+00 1.469717e-03 0.000000e+00)
169.45        	5.541373e-07	(0.000000e+00 1.469717e-03 0.000000e+00)
169.5         	5.541695e-07	(0.000000e+00 1.469717e-03 0.000000e+00)
169.55        	5.542017e-07	(0.000000e+00 1.469717e-03 0.000000e+00)
169.6         	5.542339e-07	(0.000000e+00 1.469717e-03 0.000000e+00)
169.65        	5.542660e-07	(0.000000e+00 1.469717e-03 0.000000e+00)
169.7         	5.542981e-07	(0.000000e+00 1.469717e-03 0.000000e+00)
169.75        	5.543301e-07	(0.000000e+00 1.469717e-03 0.000000e+00)
169.8         	5.543623e-07	(0.000000e+00 1.469717e-03 0.000000e+00)
169.85        	5.543942e-07	(0.000000e+00 1.469717e-03 0.000000e+00)
169.9         	5.544262e-07	(0.000000e+00 1.469717e-03 0.000000e+00)
169.95        	5.544579e-07	(0.000000e+00 1.469717e-03 0.000000e+00)
170           	5.544899e-07	(0.000000e+00 1.469717e-03 0.000000e+00)
170.05        	5.546038e-07	(0.000000e+00 1.469717e-03 0.000000e+00)
170.1         	5.545998e-07	(0.000000e+00 1.469717e-03 0.000000e+00)
170.15        	5.546322e-07	(0.000000e+00 1.469717e-03 0.000000e+00)
170.2         	5.546649e-07	(0.000000e+00 1.469717e-03 0.000000e+00)
170.25        	5.546976e-07	(0.000000e+00 1.469717e-03 0.000000e+00)
170.3         	5.547300e-07	(0.000000e+00 1.469717e-03 0.000000e+00)
170.35        	5.547623e-07	(0.000000e+00 1.469717e-03 0.000000e+00)
170.4         	5.547944e-07	(0.000000e+00 1.469717e-03 0.000000e+00)
170.45        	5.548263e-07	(0.000000e+00 1.469717e-03 0.000000e+00)
170.5         	5.548582e-07	(0.000000e+00 1.469717e-03 0.000000e+00)
170.55        	5.548899e-07	(0.000000e+00 1.469717e-03 0.000000e+00)
170.6         	5.549215e-07	(0.000000e+00 1.469717e-03 0.000000e+00)
170.65        	5.549531e-07	(0.000000e+00 1.469717e-03 0.000000e+00)
170.7         	5.549845e-07	(0.000000e+00 1.469717e-03 0.000000e+00)
170.75        	5.550159e-07	(0.000000e+00 1.469717e-03 0.000000e+00)
170.8         	5.550472e-07	(0.000000e+00 1.469717e-03 0.000000e+00)
170.85        	5.550785e-07	(0.000000e+00 1.469717e-03 0.000000e+00)
170.9         	5.551095e-07	(0.000000e+00 1.469717e-03 0.000000e+00)
170.95        	5.551407e-07	(0.000000e+00 1.469717e-03 0.000000e+00)
171           	5.551717e-07	(0.000000e+00 1.469717e-03 0.000000e+00)
171.05        	5.552028e-07	(0.000000e+00 1.469717e-03 0.000000e+00)
171.1         	5.552337e-07	(0.000000e+00 1.469717e-03 0.000000e+00)
171.15        	5.552647e-07	(0.000000e+00 1.469717e-03 0.000000e+00)
171.2         	5.552956e-07	(0.000000e+00 1.469717e-03 0.000000e+00)
171.25        	5.553264e-07	(0.000000e+00 1.469717e-03 0.000000e+00)
171.3         	5.553572e-07	(0.000000e+00 1.469717e-03 0.000000e+00)
171.35        	5.553880e-07	(0.000000e+00 1.469717e-03 0.000000e+00)
171.4         	5.554187e-07	(0.000000e+00 1.469717e-03 0.000000e+00)
171.45        	5.554494e-07	(0.000000e+00 1.469717e-03 0.000000e+00)
171.5         	5.554801e-07	(0.000000e+00 1.469717e-03 0.000000e+00)
171.55        	5.555107e-07	(0.000000e+00 1.469717e-03 0.000000e+00)
171.6         	5.555413e-07	(0.000000e+00 1.469717e-03 0.000000e+00)
171.65        	5.555718e-07	(0.000000e+00 1.469717e-03 0.000000e+00)
171.7         	5.556023e-07	(0.000000e+00 1.469717e-03 0.000000e+00)
171.75        	5.556328e-07	(0.000000e+00 1.469717e-03 0.000000e+00)
171.8         	5.556632e-07	(0.000000e+00 1.469717e-03 0.000000e+00)
171.85        	5.556936e-07	(0.000000e+00 1.469717e-03 0.000000e+00)
171.9         	5.557240e-07	(0.000000e+00 1.469717e-03 0.000000e+00)
171.95        	5.557543e-07	(0.000000e+00 1.469717e-03 0.000000e+00)
172           	5.557846e-07	(0.000000e+00 1.469717e-03 0.000000e+00)
172.05        	5.558149e-07	(0.000000e+00 1.469717e-03 0.000000e+00)
172.1         	5.558451e-07	(0.000000e+00 1.469717e-03 0.000000e+00)
172.15        	5.558753e-07	(0.000000e+00 1.469717e-03 0.000000e+00)
172.2         	5.559055e-07	(0.000000e+00 1.469717e-03 0.000000e+00)
172.25        	5.559356e-07	(0.000000e+00 1.469717e-03 0.000000e+00)
172.3         	5.559658e-07	(0.000000e+00 1.469717e-03 0.000000e+00)
172.35        	5.559958e-07	(0.000000e+00 1.469717e-03 0.000000e+00)
172.4         	5.560259e-07	(0.000000e+00 1.469717e-03 0.000000e+00)
172.45        	5.560557e-07	(0.000000e+00 1.469717e-03 0.000000e+00)
172.5         	5.560855e-07	(0.000000e+00 1.469717e-03 0.000000e+00)
172.55        	5.561153e-07	(0.000000e+00 1.469717e-03 0.000000e+00)
172.6         	5.561452e-07	(0.000000e+00 1.469717e-03 0.000000e+00)
172.65        	5.561745e-07	(0.000000e+00 1.469717e-03 0.000000e+00)
172.7         	5.562043e-07	(0.000000e+00 1.469717e-03 0.000000e+00)
172.75        	5.562342e-07	(0.000000e+00 1.469717e-03 0.000000e+00)
172.8         	5.562640e-07	(0.000000e+00 1.469717e-03 0.000000e+00)
172.85        	5.562937e-07	(0.000000e+00 1.469717e-03 0.000000e+00)
172.9         	5.563234e-07	(0.000000e+00 1.469717e-03 0.000000e+00)
172.95        	5.563530e-07	(0.000000e+00 1.469717e-03 0.000000e+00)
173           	5.563826e-07	(0.000000e+00 1.469717e-03 0.000000e+00)
173.05        	5.564122e-07	(0.000000e+00 1.469717e-03 0.000000e+00)
173.1         	5.564417e-07	(0.000000e+00 1.469717e-03 0.000000e+00)
173.15        	5.564712e-07	(0.000000e+00 1.469717e-03 0.000000e+00)
173.2         	5.565006e-07	(0.000000e+00 1.469717e-03 0.000000e+00)
173.25        	5.565301e-07	(0.000000e+00 1.469717e-03 0.000000e+00)
173.3         	5.565594e-07	(0.000000e+00 1.469717e-03 0.000000e+00)
173.35        	5.565888e-07	(0.000000e+00 1.469717e-03 0.000000e+00)
173.4         	5.566181e-07	(0.000000e+00 1.469717e-03 0.000000e+00)
173.45        	5.566473e-07	(0.000000e+00 1.469717e-03 0.000000e+00)
173.5         	5.566766e-07	(0.000000e+00 1.469717e-03 0.000000e+00)
173.55        	5.567058e-07	(0.000000e+00 1.469717e-03 0.000000e+00)
173.6         	5.567349e-07	(0.000000e+00 1.469717e-03 0.000000e+00)
173.65        	5.567640e-07	(0.000000e+00 1.469717e-03 0.000000e+00)
173.7         	5.567931e-07	(0.000000e+00 1.469717e-03 0.000000e+00)
173.75        	5.568222e-07	(0.000000e+00 1.469717e-03 0.000000e+00)
173.8         	5.568512e-07	(0.000000e+00 1.469717e-03 0.000000e+00)
173.85        	5.568802e-07	(0.000000e+00 1.469717e-03 0.000000e+00)
173.9         	5.569091e-07	(0.000000e+00 1.469717e-03 0.000000e+00)
173.95        	5.569380e-07	(0.000000e+00 1.469717e-03 0.000000e+00)
174           	5.569669e-07	(0.000000e+00 1.469717e-03 0.000000e+00)
174.05        	5.569957e-07	(0.000000e+00 1.469717e-03 0.000000e+00)
174.1         	5.570245e-07	(0.000000e+00 1.469717e-03 0.000000e+00)
174.15        	5.570534e-07	(0.000000e+00 1.469717e-03 0.000000e+00)
174.2         	5.570821e-07	(0.000000e+00 1.469717e-03 0.000000e+00)
174.25        	5.571108e-07	(0.000000e+00 1.469717e-03 0.000000e+00)
174.3         	5.571395e-07	(0.000000e+00 1.469717e-03 0.000000e+00)
174.35        	5.571681e-07	(0.000000e+00 1.469717e-03 0.000000e+00)
174.4         	5.571967e-07	(0.000000e+00 1.469717e-03 0.000000e+00)
174.45        	5.572252e-07	(0.000000e+00 1.469717e-03 0.000000e+00)
174.5         	5.572536e-07	(0.000000e+00 1.469717e-03 0.000000e+00)
174.55        	5.572821e-07	(0.000000e+00 1.469717e-03 0.000000e+00)
174.6         	5.573105e-07	(0.000000e+00 1.469717e-03 0.000000e+00)
174.65        	5.573389e-07	(0.000000e+00 1.469717e-03 0.000000e+00)
174.7         	5.573673e-07	(0.000000e+00 1.469717e-03 0.000000e+00)
174.75        	5.573955e-07	(0.000000e+00 1.469717e-03 0.000000e+00)
174.8         	5.574238e-07	(0.000000e+00 1.469717e-03 0.000000e+00)
174.85        	5.574520e-07	(0.000000e+00 1.469717e-03 0.000000e+00)
174.9         	5.574802e-07	(0.000000e+00 1.469717e-03 0.000000e+00)
174.95        	5.575084e-07	(0.000000e+00 1.469717e-03 0.000000e+00)
175           	5.575365e-07	(0.000000e+00 1.469717e-03 0.000000e+00)
175.05        	5.575646e-07	(0.000000e+00 1.469717e-03 0.000000e+00)
175.1         	5.575927e-07	(0.000000e+00 1.469717e-03 0.000000e+00)
175.15        	5.576209e-07	(0.000000e+00 1.469717e-03 0.000000e+00)
175.2         	5.576489e-07	(0.000000e+00 1.469717e-03 0.000000e+00)
175.25        	5.576769e-07	(0.000000e+00 1.469717e-03 0.000000e+00)
175.3         	5.577048e-07	(0.000000e+00 1.469717e-03 0.000000e+00)
175.35        	5.577326e-07	(0.000000e+00 1.469717e-03 0.000000e+00)
175.4         	5.577605e-07	(0.000000e+00 1.469717e-03 0.000000e+00)
175.45        	5.577883e-07	(0.000000e+00 1.469717e-03 0.000000e+00)
175.5         	5.578160e-07	(0.000000e+00 1.469717e-03 0.000000e+00)
175.55        	5.578438e-07	(0.000000e+00 1.469717e-03 0.000000e+00)
175.6         	5.578714e-07	(0.000000e+00 1.469717e-03 0.000000e+00)
175.65        	5.578991e-07	(0.000000e+00 1.469717e-03 0.000000e+00)
175.7         	5.579267e-07	(0.000000e+00 1.469717e-03 0.000000e+00)
175.75        	5.579543e-07	(0.000000e+00 1.469717e-03 0.000000e+00)
175.8         	5.579818e-07	(0.000000e+00 1.469717e-03 0.000000e+00)
175.85        	5.580093e-07	(0.000000e+00 1.469717e-03 0.000000e+00)
175.9         	5.580368e-07	(0.000000e+00 1.469717e-03 0.000000e+00)
175.95        	5.580642e-07	(0.000000e+00 1.469717e-03 0.000000e+00)
176           	5.580916e-07	(0.000000e+00 1.469717e-03 0.000000e+00)
176.05        	5.581190e-07	(0.000000e+00 1.469717e-03 0.000000e+00)
176.1         	5.581463e-07	(0.000000e+00 1.469717e-03 0.000000e+00)
176.15        	5.581736e-07	(0.000000e+00 1.469717e-03 0.000000e+00)
176.2         	5.582009e-07	(0.000000e+00 1.469717e-03 0.000000e+00)
176.25        	5.582281e-07	(0.000000e+00 1.469717e-03 0.000000e+00)
176.3         	5.582553e-07	(0.000000e+00 1.469717e-03 0.000000e+00)
176.35        	5.582824e-07	(0.000000e+00 1.469717e-03 0.000000e+00)
176.4         	5.583095e-07	(0.000000e+00 1.469717e-03 0.000000e+00)
176.45        	5.583366e-07	(0.000000e+00 1.469717e-03 0.000000e+00)
176.5         	5.583636e-07	(0.000000e+00 1.469717e-03 0.000000e+00)
176.55        	5.583906e-07	(0.000000e+00 1.469717e-03 0.000000e+00)
176.6         	5.584176e-07	(0.000000e+00 1.469717e-03 0.000000e+00)
176.65        	5.584445e-07	(0.000000e+00 1.469717e-03 0.000000e+00)
176.7         	5.584714e-07	(0.000000e+00 1.469717e-03 0.000000e+00)
176.75        	5.584983e-07	(0.000000e+00 1.469717e-03 0.000000e+00)
176.8         	5.585251e-07	(0.000000e+00 1.469717e-03 0.000000e+00)
176.85        	5.585519e-07	(0.000000e+00 1.469717e-03 0.000000e+00)
176.9         	5.585786e-07	(0.000000e+00 1.469717e-03 0.000000e+00)
176.95        	5.586053e-07	(0.000000e+00 1.469717e-03 0.000000e+00)
177           	5.586320e-07	(0.000000e+00 1.469717e-03 0.000000e+00)
177.05        	5.586586e-07	(0.000000e+00 1.469717e-03 0.000000e+00)
177.1         	5.586852e-07	(0.000000e+00 1.469717e-03 0.000000e+00)
177.15        	5.587118e-07	(0.000000e+00 1.469717e-03 0.000000e+00)
177.2         	5.587383e-07	(0.000000e+00 1.469717e-03 0.000000e+00)
177.25        	5.587648e-07	(0.000000e+00 1.469717e-03 0.000000e+00)
177.3         	5.587913e-07	(0.000000e+00 1.469717e-03 0.000000e+00)
177.35        	5.588177e-07	(0.000000e+00 1.469717e-03 0.000000e+00)
177.4         	5.588441e-07	(0.000000e+00 1.469717e-03 0.000000e+00)
177.45        	5.588704e-07	(0.000000e+00 1.469717e-03 0.000000e+00)
177.5         	5.588967e-07	(0.000000e+00 1.469717e-03 0.000000e+00)
177.55        	5.589230e-07	(0.000000e+00 1.469717e-03 0.000000e+00)
177.6         	5.589492e-07	(0.000000e+00 1.469717e-03 0.000000e+00)
177.65        	5.589754e-07	(0.000000e+00 1.469717e-03 0.000000e+00)
177.7         	5.590016e-07	(0.000000e+00 1.469717e-03 0.000000e+00)
177.75        	5.590277e-07	(0.000000e+00 1.469717e-03 0.000000e+00)
177.8         	5.590538e-07	(0.000000e+00 1.469717e-03 0.000000e+00)
177.85        	5.590798e-07	(0.000000e+00 1.469717e-03 0.000000e+00)
177.9         	5.591058e-07	(0.000000e+00 1.469717e-03 0.000000e+00)
177.95        	5.591318e-07	(0.000000e+00 1.469717e-03 0.000000e+00)
178           	5.591577e-07	(0.000000e+00 1.469717e-03 0.000000e+00)
178.05        	5.591836e-07	(0.000000e+00 1.469717e-03 0.000000e+00)
178.1         	5.592095e-07	(0.000000e+00 1.469717e-03 0.000000e+00)
178.15        	5.592354e-07	(0.000000e+00 1.469717e-03 0.000000e+00)
178.2         	5.592612e-07	(0.000000e+00 1.469717e-03 0.000000e+00)
178.25        	5.592870e-07	(0.000000e+00 1.469717e-03 0.000000e+00)
178.3         	5.593127e-07	(0.000000e+00 1.469717e-03 0.000000e+00)
178.35        	5.593384e-07	(0.000000e+00 1.469717e-03 0.000000e+00)
178.4         	5.593640e-07	(0.000000e+00 1.469717e-03 0.000000e+00)
178.45        	5.593896e-07	(0.000000e+00 1.469717e-03 0.000000e+00)
178.5         	5.594152e-07	(0.000000e+00 1.469717e-03 0.000000e+00)
178.55        	5.594408e-07	(0.000000e+00 1.469717e-03 0.000000e+00)
178.6         	5.594663e-07	(0.000000e+00 1.469717e-03 0.000000e+00)
178.65        	5.594917e-07	(0.000000e+00 1.469717e-03 0.000000e+00)
178.7         	5.595172e-07	(0.000000e+00 1.469717e-03 0.000000e+00)
178.75        	5.595426e-07	(0.000000e+00 1.469717e-03 0.000000e+00)
178.8         	5.595679e-07	(0.000000e+00 1.469717e-03 0.000000e+00)
178.85        	5.595933e-07	(0.000000e+00 1.469717e-03 0.000000e+00)
178.9         	5.596186e-07	(0.000000e+00 1.469717e-03 0.000000e+00)
178.95        	5.596438e-07	(0.000000e+00 1.469717e-03 0.000000e+00)
179           	5.596690e-07	(0.000000e+00 1.469717e-03 0.000000e+00)
179.05        	5.596942e-07	(0.000000e+00 1.469717e-03 0.000000e+00)
179.1         	5.597194e-07	(0.000000e+00 1.469717e-03 0.000000e+00)
179.15        	5.597445e-07	(0.000000e+00 1.469717e-03 0.000000e+00)
179.2         	5.597696e-07	(0.000000e+00 1.469717e-03 0.000000e+00)
179.25        	5.597947e-07	(0.000000e+00 1.469717e-03 0.000000e+00)
179.3         	5.598197e-07	(0.000000e+00 1.469717e-03 0.000000e+00)
179.35        	5.598446e-07	(0.000000e+00 1.469717e-03 0.000000e+00)
179.4         	5.598695e-07	(0.000000e+00 1.469717e-03 0.000000e+00)
179.45        	5.598944e-07	(0.000000e+00 1.469717e-03 0.000000e+00)
179.5         	5.599192e-07	(0.000000e+00 1.469717e-03 0.000000e+00)
179.55        	5.599441e-07	(0.000000e+00 1.469717e-03 0.000000e+00)
179.6         	5.599688e-07	(0.000000e+00 1.469717e-03 0.000000e+00)
179.65        	5.599936e-07	(0.000000e+00 1.469717e-03 0.000000e+00)
179.7         	5.600183e-07	(0.000000e+00 1.469717e-03 0.000000e+00)
179.75        	5.600430e-07	(0.000000e+00 1.469717e-03 0.000000e+00)
179.8         	5.600676e-07	(0.000000e+00 1.469717e-03 0.000000e+00)
179.85        	5.600922e-07	(0.000000e+00 1.469717e-03 0.000000e+00)
179.9         	5.601168e-07	(0.000000e+00 1.469717e-03 0.000000e+00)
179.95        	5.601413e-07	(0.000000e+00 1.469717e-03 0.000000e+00)
180           	5.601658e-07	(0.000000e+00 1.469717e-03 0.000000e+00)
180.05        	5.601903e-07	(0.000000e+00 1.469717e-03 0.000000e+00)
180.1         	5.602147e-07	(0.000000e+00 1.469717e-03 0.000000e+00)
180.15        	5.602391e-07	(0.000000e+00 1.469717e-03 0.000000e+00)
180.2         	5.602634e-07	(0.000000e+00 1.469717e-03 0.000000e+00)
180.25        	5.602877e-07	(0.000000e+00 1.469717e-03 0.000000e+00)
180.3         	5.603120e-07	(0.000000e+00 1.469717e-03 0.000000e+00)
180.35        	5.603362e-07	(0.000000e+00 1.469717e-03 0.000000e+00)
180.4         	5.603604e-07	(0.000000e+00 1.469717e-03 0.000000e+00)
180.45        	5.603846e-07	(0.000000e+00 1.469717e-03 0.000000e+00)
180.5         	5.604087e-07	(0.000000e+00 1.469717e-03 0.000000e+00)
180.55        	5.604328e-07	(0.000000e+00 1.469717e-03 0.000000e+00)
180.6         	5.604569e-07	(0.000000e+00 1.469717e-03 0.000000e+00)
180.65        	5.604809e-07	(0.000000e+00 1.469717e-03 0.000000e+00)
180.7         	5.605049e-07	(0.000000e+00 1.469717e-03 0.000000e+00)
180.75        	5.605289e-07	(0.000000e+00 1.469717e-03 0.000000e+00)
180.8         	5.605528e-07	(0.000000e+00 1.469717e-03 0.000000e+00)
180.85        	5.605767e-07	(0.000000e+00 1.469717e-03 0.000000e+00)
180.9         	5.606005e-07	(0.000000e+00 1.469717e-03 0.000000e+00)
180.95        	5.606243e-07	(0.000000e+00 1.469717e-03 0.000000e+00)
181           	5.606481e-07	(0.000000e+00 1.469717e-03 0.000000e+00)
181.05        	5.606718e-07	(0.000000e+00 1.469717e-03 0.000000e+00)
181.1         	5.606955e-07	(0.000000e+00 1.469717e-03 0.000000e+00)
181.15        	5.607192e-07	(0.000000e+00 1.469717e-03 0.000000e+00)
181.2         	5.607428e-07	(0.000000e+00 1.469717e-03 0.000000e+00)
181.25        	5.607664e-07	(0.000000e+00 1.469717e-03 0.000000e+00)
181.3         	5.607900e-07	(0.000000e+00 1.469717e-03 0.000000e+00)
181.35        	5.608135e-07	(0.000000e+00 1.469717e-03 0.000000e+00)
181.4         	5.608370e-07	(0.000000e+00 1.469717e-03 0.000000e+00)
181.45        	5.608604e-07	(0.000000e+00 1.469717e-03 0.000000e+00)
181.5         	5.608839e-07	(0.000000e+00 1.469717e-03 0.000000e+00)
181.55        	5.609073e-07	(0.000000e+00 1.469717e-03 0.000000e+00)
181.6         	5.609306e-07	(0.000000e+00 1.469717e-03 0.000000e+00)
181.65        	5.609539e-07	(0.000000e+00 1.469717e-03 0.000000e+00)
181.7         	5.609772e-07	(0.000000e+00 1.469717e-03 0.000000e+00)
181.75        	5.610005e-07	(0.000000e+00 1.469717e-03 0.000000e+00)
181.8         	5.610236e-07	(0.000000e+00 1.469717e-03 0.000000e+00)
181.85        	5.610468e-07	(0.000000e+00 1.469717e-03 0.000000e+00)
181.9         	5.610699e-07	(0.000000e+00 1.469717e-03 0.000000e+00)
181.95        	5.610930e-07	(0.000000e+00 1.469717e-03 0.000000e+00)
182           	5.611161e-07	(0.000000e+00 1.469717e-03 0.000000e+00)
182.05        	5.611391e-07	(0.000000e+00 1.469717e-03 0.000000e+00)
182.1         	5.611621e-07	(0.000000e+00 1.469717e-03 0.000000e+00)
182.15        	5.611851e-07	(0.000000e+00 1.469717e-03 0.000000e+00)
182.2         	5.612081e-07	(0.000000e+00 1.469717e-03 0.000000e+00)
182.25        	5.612309e-07	(0.000000e+00 1.469717e-03 0.000000e+00)
182.3         	5.612538e-07	(0.000000e+00 1.469717e-03 0.000000e+00)
182.35        	5.612766e-07	(0.000000e+00 1.469717e-03 0.000000e+00)
182.4         	5.612996e-07	(0.000000e+00 1.469717e-03 0.000000e+00)
182.45        	5.613223e-07	(0.000000e+00 1.469717e-03 0.000000e+00)
182.5         	5.613450e-07	(0.000000e+00 1.469717e-03 0.000000e+00)
182.55        	5.613676e-07	(0.000000e+00 1.469717e-03 0.000000e+00)
182.6         	5.613902e-07	(0.000000e+00 1.469717e-03 0.000000e+00)
182.65        	5.614128e-07	(0.000000e+00 1.469717e-03 0.000000e+00)
182.7         	5.614353e-07	(0.000000e+00 1.469717e-03 0.000000e+00)
182.75        	5.614578e-07	(0.000000e+00 1.469717e-03 0.000000e+00)
182.8         	5.614803e-07	(0.000000e+00 1.469717e-03 0.000000e+00)
182.85        	5.615027e-07	(0.000000e+00 1.469717e-03 0.000000e+00)
182.9         	5.615251e-07	(0.000000e+00 1.469717e-03 0.000000e+00)
182.95        	5.615475e-07	(0.000000e+00 1.469717e-03 0.000000e+00)
183           	5.615699e-07	(0.000000e+00 1.469717e-03 0.000000e+00)
183.05        	5.615922e-07	(0.000000e+00 1.469717e-03 0.000000e+00)
183.1         	5.616145e-07	(0.000000e+00 1.469717e-03 0.000000e+00)
183.15        	5.616368e-07	(0.000000e+00 1.469717e-03 0.000000e+00)
183.2         	5.616590e-07	(0.000000e+00 1.469717e-03 0.000000e+00)
183.25        	5.616813e-07	(0.000000e+00 1.469717e-03 0.000000e+00)
183.3         	5.617032e-07	(0.000000e+00 1.469717e-03 0.000000e+00)
183.35        	5.617253e-07	(0.000000e+00 1.469717e-03 0.000000e+00)
183.4         	5.617474e-07	(0.000000e+00 1.469717e-03 0.000000e+00)
183.45        	5.617695e-07	(0.000000e+00 1.469717e-03 0.000000e+00)
183.5         	5.617915e-07	(0.000000e+00 1.469717e-03 0.000000e+00)
183.55        	5.618135e-07	(0.000000e+00 1.469717e-03 0.000000e+00)
183.6         	5.618354e-07	(0.000000e+00 1.469717e-03 0.000000e+00)
183.65        	5.618573e-07	(0.000000e+00 1.469717e-03 0.000000e+00)
183.7         	5.618792e-07	(0.000000e+00 1.469717e-03 0.000000e+00)
183.75        	5.619009e-07	(0.000000e+00 1.469717e-03 0.000000e+00)
183.8         	5.619226e-07	(0.000000e+00 1.469717e-03 0.000000e+00)
183.85        	5.619443e-07	(0.000000e+00 1.469717e-03 0.000000e+00)
183.9         	5.619661e-07	(0.000000e+00 1.469717e-03 0.000000e+00)
183.95        	5.619878e-07	(0.000000e+00 1.469717e-03 0.000000e+00)
184           	5.620094e-07	(0.000000e+00 1.469717e-03 0.000000e+00)
184.05        	5.620311e-07	(0.000000e+00 1.469717e-03 0.000000e+00)
184.1         	5.620527e-07	(0.000000e+00 1.469717e-03 0.000000e+00)
184.15        	5.620742e-07	(0.000000e+00 1.469717e-03 0.000000e+00)
184.2         	5.620957e-07	(0.000000e+00 1.469717e-03 0.000000e+00)
184.25        	5.621172e-07	(0.000000e+00 1.469717e-03 0.000000e+00)
184.3         	5.621387e-07	(0.000000e+00 1.469717e-03 0.000000e+00)
184.35        	5.621601e-07	(0.000000e+00 1.469717e-03 0.000000e+00)
184.4         	5.621815e-07	(0.000000e+00 1.469717e-03 0.000000e+00)
184.45        	5.622029e-07	(0.000000e+00 1.469717e-03 0.000000e+00)
184.5         	5.622242e-07	(0.000000e+00 1.469717e-03 0.000000e+00)
184.55        	5.622455e-07	(0.000000e+00 1.469717e-03 0.000000e+00)
184.6         	5.622667e-07	(0.000000e+00 1.469717e-03 0.000000e+00)
184.65        	5.622880e-07	(0.000000e+00 1.469717e-03 0.000000e+00)
184.7         	5.623092e-07	(0.000000e+00 1.469717e-03 0.000000e+00)
184.75        	5.623303e-07	(0.000000e+00 1.469717e-03 0.000000e+00)
184.8         	5.623514e-07	(0.000000e+00 1.469717e-03 0.000000e+00)
184.85        	5.623725e-07	(0.000000e+00 1.469717e-03 0.000000e+00)
184.9         	5.623936e-07	(0.000000e+00 1.469717e-03 0.000000e+00)
184.95        	5.624146e-07	(0.000000e+00 1.469717e-03 0.000000e+00)
185           	5.624356e-07	(0.000000e+00 1.469717e-03 0.000000e+00)
185.05        	5.624566e-07	(0.000000e+00 1.469717e-03 0.000000e+00)
185.1         	5.624775e-07	(0.000000e+00 1.469717e-03 0.000000e+00)
185.15        	5.624983e-07	(0.000000e+00 1.469717e-03 0.000000e+00)
185.2         	5.625192e-07	(0.000000e+00 1.469717e-03 0.000000e+00)
185.25        	5.625400e-07	(0.000000e+00 1.469717e-03 0.000000e+00)
185.3         	5.625608e-07	(0.000000e+00 1.469717e-03 0.000000e+00)
185.35        	5.625815e-07	(0.000000e+00 1.469717e-03 0.000000e+00)
185.4         	5.626022e-07	(0.000000e+00 1.469717e-03 0.000000e+00)
185.45        	5.626229e-07	(0.000000e+00 1.469717e-03 0.000000e+00)
185.5         	5.626436e-07	(0.000000e+00 1.469717e-03 0.000000e+00)
185.55        	5.626642e-07	(0.000000e+00 1.469717e-03 0.000000e+00)
185.6         	5.626848e-07	(0.000000e+00 1.469717e-03 0.000000e+00)
185.65        	5.627053e-07	(0.000000e+00 1.469717e-03 0.000000e+00)
185.7         	5.627258e-07	(0.000000e+00 1.469717e-03 0.000000e+00)
185.75        	5.627463e-07	(0.000000e+00 1.469717e-03 0.000000e+00)
185.8         	5.627666e-07	(0.000000e+00 1.469717e-03 0.000000e+00)
185.85        	5.627870e-07	(0.000000e+00 1.469717e-03 0.000000e+00)
185.9         	5.628073e-07	(0.000000e+00 1.469717e-03 0.000000e+00)
185.95        	5.628276e-07	(0.000000e+00 1.469717e-03 0.000000e+00)
186           	5.628479e-07	(0.000000e+00 1.469717e-03 0.000000e+00)
186.05        	5.628682e-07	(0.000000e+00 1.469717e-03 0.000000e+00)
186.1         	5.628884e-07	(0.000000e+00 1.469717e-03 0.000000e+00)
186.15        	5.629086e-07	(0.000000e+00 1.469717e-03 0.000000e+00)
186.2         	5.629288e-07	(0.000000e+00 1.469717e-03 0.000000e+00)
186.25        	5.629489e-07	(0.000000e+00 1.469717e-03 0.000000e+00)
186.3         	5.629690e-07	(0.000000e+00 1.469717e-03 0.000000e+00)
186.35        	5.629890e-07	(0.000000e+00 1.469717e-03 0.000000e+00)
186.4         	5.630090e-07	(0.000000e+00 1.469717e-03 0.000000e+00)
186.45        	5.630289e-07	(0.000000e+00 1.469717e-03 0.000000e+00)
186.5         	5.630489e-07	(0.000000e+00 1.469717e-03 0.000000e+00)
186.55        	5.630688e-07	(0.000000e+00 1.469717e-03 0.000000e+00)
186.6         	5.630887e-07	(0.000000e+00 1.469717e-03 0.000000e+00)
186.65        	5.631085e-07	(0.000000e+00 1.469717e-03 0.000000e+00)
186.7         	5.631284e-07	(0.000000e+00 1.469717e-03 0.000000e+00)
186.75        	5.631482e-07	(0.000000e+00 1.469717e-03 0.000000e+00)
186.8         	5.631679e-07	(0.000000e+00 1.469717e-03 0.000000e+00)
186.85        	5.631876e-07	(0.000000e+00 1.469717e-03 0.000000e+00)
186.9         	5.632073e-07	(0.000000e+00 1.469717e-03 0.000000e+00)
186.95        	5.632270e-07	(0.000000e+00 1.469717e-03 0.000000e+00)
187           	5.632466e-07	(0.000000e+00 1.469717e-03 0.000000e+00)
187.05        	5.632662e-07	(0.000000e+00 1.469717e-03 0.000000e+00)
187.1         	5.632857e-07	(0.000000e+00 1.469717e-03 0.000000e+00)
187.15        	5.633052e-07	(0.000000e+00 1.469717e-03 0.000000e+00)
187.2         	5.633247e-07	(0.000000e+00 1.469717e-03 0.000000e+00)
187.25        	5.633442e-07	(0.000000e+00 1.469717e-03 0.000000e+00)
187.3         	5.633636e-07	(0.000000e+00 1.469717e-03 0.000000e+00)
187.35        	5.633830e-07	(0.000000e+00 1.469717e-03 0.000000e+00)
187.4         	5.634024e-07	(0.000000e+00 1.469717e-03 0.000000e+00)
187.45        	5.634217e-07	(0.000000e+00 1.469717e-03 0.000000e+00)
187.5         	5.634410e-07	(0.000000e+00 1.469717e-03 0.000000e+00)
187.55        	5.634602e-07	(0.000000e+00 1.469717e-03 0.000000e+00)
187.6         	5.634795e-07	(0.000000e+00 1.469717e-03 0.000000e+00)
187.65        	5.634987e-07	(0.000000e+00 1.469717e-03 0.000000e+00)
187.7         	5.635179e-07	(0.000000e+00 1.469717e-03 0.000000e+00)
187.75        	5.635370e-07	(0.000000e+00 1.469717e-03 0.000000e+00)
187.8         	5.635561e-07	(0.000000e+00 1.469717e-03 0.000000e+00)
187.85        	5.635752e-07	(0.000000e+00 1.469717e-03 0.000000e+00)
187.9         	5.635942e-07	(0.000000e+00 1.469717e-03 0.000000e+00)
187.95        	5.636132e-07	(0.000000e+00 1.469717e-03 0.000000e+00)
188           	5.636322e-07	(0.000000e+00 1.469717e-03 0.000000e+00)
188.05        	5.636511e-07	(0.000000e+00 1.469717e-03 0.000000e+00)
188.1         	5.636701e-07	(0.000000e+00 1.469717e-03 0.000000e+00)
188.15        	5.636889e-07	(0.000000e+00 1.469717e-03 0.000000e+00)
188.2         	5.637078e-07	(0.000000e+00 1.469717e-03 0.000000e+00)
188.25        	5.637265e-07	(0.000000e+00 1.469717e-03 0.000000e+00)
188.3         	5.637455e-07	(0.000000e+00 1.469717e-03 0.000000e+00)
188.35        	5.637641e-07	(0.000000e+00 1.469717e-03 0.000000e+00)
188.4         	5.637830e-07	(0.000000e+00 1.469717e-03 0.000000e+00)
188.45        	5.638015e-07	(0.000000e+00 1.469717e-03 0.000000e+00)
188.5         	5.638204e-07	(0.000000e+00 1.469717e-03 0.000000e+00)
188.55        	5.638388e-07	(0.000000e+00 1.469717e-03 0.000000e+00)
188.6         	5.638576e-07	(0.000000e+00 1.469717e-03 0.000000e+00)
188.65        	5.638759e-07	(0.000000e+00 1.469717e-03 0.000000e+00)
188.7         	5.638946e-07	(0.000000e+00 1.469717e-03 0.000000e+00)
188.75        	5.639129e-07	(0.000000e+00 1.469717e-03 0.000000e+00)
188.8         	5.639315e-07	(0.000000e+00 1.469717e-03 0.000000e+00)
188.85        	5.639497e-07	(0.000000e+00 1.469717e-03 0.000000e+00)
188.9         	5.639683e-07	(0.000000e+00 1.469717e-03 0.000000e+00)
188.95        	5.639865e-07	(0.000000e+00 1.469717e-03 0.000000e+00)
189           	5.640050e-07	(0.000000e+00 1.469717e-03 0.000000e+00)
189.05        	5.640231e-07	(0.000000e+00 1.469717e-03 0.000000e+00)
189.1         	5.640415e-07	(0.000000e+00 1.469717e-03 0.000000e+00)
189.15        	5.640595e-07	(0.000000e+00 1.469717e-03 0.000000e+00)
189.2         	5.640778e-07	(0.000000e+00 1.469717e-03 0.000000e+00)
189.25        	5.640958e-07	(0.000000e+00 1.469717e-03 0.000000e+00)
189.3         	5.641141e-07	(0.000000e+00 1.469717e-03 0.000000e+00)
189.35        	5.641321e-07	(0.000000e+00 1.469717e-03 0.000000e+00)
189.4         	5.641504e-07	(0.000000e+00 1.469717e-03 0.000000e+00)
189.45        	5.641683e-07	(0.000000e+00 1.469717e-03 0.000000e+00)
189.5         	5.641864e-07	(0.000000e+00 1.469717e-03 0.000000e+00)
189.55        	5.642043e-07	(0.000000e+00 1.469717e-03 0.000000e+00)
189.6         	5.642223e-07	(0.000000e+00 1.469717e-03 0.000000e+00)
189.65        	5.642401e-07	(0.000000e+00 1.469717e-03 0.000000e+00)
189.7         	5.642581e-07	(0.000000e+00 1.469717e-03 0.000000e+00)
189.75        	5.642759e-07	(0.000000e+00 1.469717e-03 0.000000e+00)
189.8         	5.642938e-07	(0.000000e+00 1.469717e-03 0.000000e+00)
189.85        	5.643115e-07	(0.000000e+00 1.469717e-03 0.000000e+00)
189.9         	5.643293e-07	(0.000000e+00 1.469717e-03 0.000000e+00)
189.95        	5.643470e-07	(0.000000e+00 1.469717e-03 0.000000e+00)
190           	5.643647e-07	(0.000000e+00 1.469717e-03 0.000000e+00)
190.05        	5.643824e-07	(0.000000e+00 1.469717e-03 0.000000e+00)
190.1         	5.644000e-07	(0.000000e+00 1.469717e-03 0.000000e+00)
190.15        	5.644176e-07	(0.000000e+00 1.469717e-03 0.000000e+00)
190.2         	5.644352e-07	(0.000000e+00 1.469717e-03 0.000000e+00)
190.25        	5.644527e-07	(0.000000e+00 1.469717e-03 0.000000e+00)
190.3         	5.644702e-07	(0.000000e+00 1.469717e-03 0.000000e+00)
190.35        	5.644877e-07	(0.000000e+00 1.469717e-03 0.000000e+00)
190.4         	5.645052e-07	(0.000000e+00 1.469717e-03 0.000000e+00)
190.45        	5.645226e-07	(0.000000e+00 1.469717e-03 0.000000e+00)
190.5         	5.645400e-07	(0.000000e+00 1.469717e-03 0.000000e+00)
190.55        	5.645573e-07	(0.000000e+00 1.469717e-03 0.000000e+00)
190.6         	5.645747e-07	(0.000000e+00 1.469717e-03 0.000000e+00)
190.65        	5.645920e-07	(0.000000e+00 1.469717e-03 0.000000e+00)
190.7         	5.646092e-07	(0.000000e+00 1.469717e-03 0.000000e+00)
190.75        	5.646265e-07	(0.000000e+00 1.469717e-03 0.000000e+00)
190.8         	5.646437e-07	(0.000000e+00 1.469717e-03 0.000000e+00)
190.85        	5.646609e-07	(0.000000e+00 1.469717e-03 0.000000e+00)
190.9         	5.646780e-07	(0.000000e+00 1.469717e-03 0.000000e+00)
190.95        	5.646951e-07	(0.000000e+00 1.469717e-03 0.000000e+00)
191           	5.647122e-07	(0.000000e+00 1.469717e-03 0.000000e+00)
191.05        	5.647293e-07	(0.000000e+00 1.469717e-03 0.000000e+00)
191.1         	5.647463e-07	(0.000000e+00 1.469717e-03 0.000000e+00)
191.15        	5.647633e-07	(0.000000e+00 1.469717e-03 0.000000e+00)
191.2         	5.647803e-07	(0.000000e+00 1.469717e-03 0.000000e+00)
191.25        	5.647972e-07	(0.000000e+00 1.469717e-03 0.000000e+00)
191.3         	5.648141e-07	(0.000000e+00 1.469717e-03 0.000000e+00)
191.35        	5.648309e-07	(0.000000e+00 1.469717e-03 0.000000e+00)
191.4         	5.648478e-07	(0.000000e+00 1.469717e-03 0.000000e+00)
191.45        	5.648646e-07	(0.000000e+00 1.469717e-03 0.000000e+00)
191.5         	5.648813e-07	(0.000000e+00 1.469717e-03 0.000000e+00)
191.55        	5.648981e-07	(0.000000e+00 1.469717e-03 0.000000e+00)
191.6         	5.649148e-07	(0.000000e+00 1.469717e-03 0.000000e+00)
191.65        	5.649315e-07	(0.000000e+00 1.469717e-03 0.000000e+00)
191.7         	5.649481e-07	(0.000000e+00 1.469717e-03 0.000000e+00)
191.75        	5.649647e-07	(0.000000e+00 1.469717e-03 0.000000e+00)
191.8         	5.649813e-07	(0.000000e+00 1.469717e-03 0.000000e+00)
191.85        	5.649979e-07	(0.000000e+00 1.469717e-03 0.000000e+00)
191.9         	5.650144e-07	(0.000000e+00 1.469717e-03 0.000000e+00)
191.95        	5.650309e-07	(0.000000e+00 1.469717e-03 0.000000e+00)
192           	5.650474e-07	(0.000000e+00 1.469717e-03 0.000000e+00)
192.05        	5.650638e-07	(0.000000e+00 1.469717e-03 0.000000e+00)
192.1         	5.650802e-07	(0.000000e+00 1.469717e-03 0.000000e+00)
192.15        	5.650966e-07	(0.000000e+00 1.469717e-03 0.000000e+00)
192.2         	5.651130e-07	(0.000000e+00 1.469717e-03 0.000000e+00)
192.25        	5.651293e-07	(0.000000e+00 1.469717e-03 0.000000e+00)
192.3         	5.651457e-07	(0.000000e+00 1.469717e-03 0.000000e+00)
192.35        	5.651619e-07	(0.000000e+00 1.469717e-03 0.000000e+00)
192.4         	5.651782e-07	(0.000000e+00 1.469717e-03 0.000000e+00)
192.45        	5.651943e-07	(0.000000e+00 1.469717e-03 0.000000e+00)
192.5         	5.652106e-07	(0.000000e+00 1.469717e-03 0.000000e+00)
192.55        	5.652267e-07	(0.000000e+00 1.469717e-03 0.000000e+00)
192.6         	5.652428e-07	(0.000000e+00 1.469717e-03 0.000000e+00)
192.65        	5.652589e-07	(0.000000e+00 1.469717e-03 0.000000e+00)
192.7         	5.652750e-07	(0.000000e+00 1.469717e-03 0.000000e+00)
192.75        	5.652910e-07	(0.000000e+00 1.469717e-03 0.000000e+00)
192.8         	5.653070e-07	(0.000000e+00 1.469717e-03 0.000000e+00)
192.85        	5.653230e-07	(0.000000e+00 1.469717e-03 0.000000e+00)
192.9         	5.653390e-07	(0.000000e+00 1.469717e-03 0.000000e+00)
192.95        	5.653549e-07	(0.000000e+00 1.469717e-03 0.000000e+00)
193           	5.653708e-07	(0.000000e+00 1.469717e-03 0.000000e+00)
193.05        	5.653866e-07	(0.000000e+00 1.469717e-03 0.000000e+00)
193.1         	5.654025e-07	(0.000000e+00 1.469717e-03 0.000000e+00)
193.15        	5.654182e-07	(0.000000e+00 1.469717e-03 0.000000e+00)
193.2         	5.654340e-07	(0.000000e+00 1.469717e-03 0.000000e+00)
193.25        	5.654498e-07	(0.000000e+00 1.469717e-03 0.000000e+00)
193.3         	5.654655e-07	(0.000000e+00 1.469717e-03 0.000000e+00)
193.35        	5.654812e-07	(0.000000e+00 1.469717e-03 0.000000e+00)
193.4         	5.654968e-07	(0.000000e+00 1.469717e-03 0.000000e+00)
193.45        	5.655124e-07	(0.000000e+00 1.469717e-03 0.000000e+00)
193.5         	5.655281e-07	(0.000000e+00 1.469717e-03 0.000000e+00)
193.55        	5.655436e-07	(0.000000e+00 1.469717e-03 0.000000e+00)
193.6         	5.655592e-07	(0.000000e+00 1.469717e-03 0.000000e+00)
193.65        	5.655746e-07	(0.000000e+00 1.469717e-03 0.000000e+00)
193.7         	5.655902e-07	(0.000000e+00 1.469717e-03 0.000000e+00)
193.75        	5.656056e-07	(0.000000e+00 1.469717e-03 0.000000e+00)
193.8         	5.656210e-07	(0.000000e+00 1.469717e-03 0.000000e+00)
193.85        	5.656364e-07	(0.000000e+00 1.469717e-03 0.000000e+00)
193.9         	5.656518e-07	(0.000000e+00 1.469717e-03 0.000000e+00)
193.95        	5.656671e-07	(0.000000e+00 1.469717e-03 0.000000e+00)
194           	5.656824e-07	(0.000000e+00 1.469717e-03 0.000000e+00)
194.05        	5.656977e-07	(0.000000e+00 1.469717e-03 0.000000e+00)
194.1         	5.657130e-07	(0.000000e+00 1.469717e-03 0.000000e+00)
194.15        	5.657282e-07	(0.000000e+00 1.469717e-03 0.000000e+00)
194.2         	5.657434e-07	(0.000000e+00 1.469717e-03 0.000000e+00)
194.25        	5.657585e-07	(0.000000e+00 1.469717e-03 0.000000e+00)
194.3         	5.657737e-07	(0.000000e+00 1.469717e-03 0.000000e+00)
194.35        	5.657888e-07	(0.000000e+00 1.469717e-03 0.000000e+00)
194.4         	5.658039e-07	(0.000000e+00 1.469717e-03 0.000000e+00)
194.45        	5.658190e-07	(0.000000e+00 1.469717e-03 0.000000e+00)
194.5         	5.658340e-07	(0.000000e+00 1.469717e-03 0.000000e+00)
194.55        	5.658490e-07	(0.000000e+00 1.469717e-03 0.000000e+00)
194.6         	5.658640e-07	(0.000000e+00 1.469717e-03 0.000000e+00)
194.65        	5.658790e-07	(0.000000e+00 1.469717e-03 0.000000e+00)
194.7         	5.658939e-07	(0.000000e+00 1.469717e-03 0.000000e+00)
194.75        	5.659088e-07	(0.000000e+00 1.469717e-03 0.000000e+00)
194.8         	5.659237e-07	(0.000000e+00 1.469717e-03 0.000000e+00)
194.85        	5.659385e-07	(0.000000e+00 1.469717e-03 0.000000e+00)
194.9         	5.659534e-07	(0.000000e+00 1.469717e-03 0.000000e+00)
194.95        	5.659681e-07	(0.000000e+00 1.469717e-03 0.000000e+00)
195           	5.659829e-07	(0.000000e+00 1.469717e-03 0.000000e+00)
195.05        	5.659976e-07	(0.000000e+00 1.469717e-03 0.000000e+00)
195.1         	5.660123e-07	(0.000000e+00 1.469717e-03 0.000000e+00)
195.15        	5.660270e-07	(0.000000e+00 1.469717e-03 0.000000e+00)
195.2         	5.660417e-07	(0.000000e+00 1.469717e-03 0.000000e+00)
195.25        	5.660563e-07	(0.000000e+00 1.469717e-03 0.000000e+00)
195.3         	5.660709e-07	(0.000000e+00 1.469717e-03 0.000000e+00)
195.35        	5.660854e-07	(0.000000e+00 1.469717e-03 0.000000e+00)
195.4         	5.661000e-07	(0.000000e+00 1.469717e-03 0.000000e+00)
195.45        	5.661144e-07	(0.000000e+00 1.469717e-03 0.000000e+00)
195.5         	5.661289e-07	(0.000000e+00 1.469717e-03 0.000000e+00)
195.55        	5.661433e-07	(0.000000e+00 1.469717e-03 0.000000e+00)
195.6         	5.661578e-07	(0.000000e+00 1.469717e-03 0.000000e+00)
195.65        	5.661722e-07	(0.000000e+00 1.469717e-03 0.000000e+00)
195.7         	5.661865e-07	(0.000000e+00 1.469717e-03 0.000000e+00)
195.75        	5.662009e-07	(0.000000e+00 1.469717e-03 0.000000e+00)
195.8         	5.662152e-07	(0.000000e+00 1.469717e-03 0.000000e+00)
195.85        	5.662294e-07	(0.000000e+00 1.469717e-03 0.000000e+00)
195.9         	5.662437e-07	(0.000000e+00 1.469717e-03 0.000000e+00)
195.95        	5.662579e-07	(0.000000e+00 1.469717e-03 0.000000e+00)
196           	5.662722e-07	(0.000000e+00 1.469717e-03 0.000000e+00)
196.05        	5.662863e-07	(0.000000e+00 1.469717e-03 0.000000e+00)
196.1         	5.663005e-07	(0.000000e+00 1.469717e-03 0.000000e+00)
196.15        	5.663146e-07	(0.000000e+00 1.469717e-03 0.000000e+00)
196.2         	5.663287e-07	(0.000000e+00 1.469717e-03 0.000000e+00)
196.25        	5.663428e-07	(0.000000e+00 1.469717e-03 0.000000e+00)
196.3         	5.663569e-07	(0.000000e+00 1.469717e-03 0.000000e+00)
196.35        	5.663709e-07	(0.000000e+00 1.469717e-03 0.000000e+00)
196.4         	5.663850e-07	(0.000000e+00 1.469717e-03 0.000000e+00)
196.45        	5.663989e-07	(0.000000e+00 1.469717e-03 0.000000e+00)
196.5         	5.664129e-07	(0.000000e+00 1.469717e-03 0.000000e+00)
196.55        	5.664267e-07	(0.000000e+00 1.469717e-03 0.000000e+00)
196.6         	5.664407e-07	(0.000000e+00 1.469717e-03 0.000000e+00)
196.65        	5.664545e-07	(0.000000e+00 1.469717e-03 0.000000e+00)
196.7         	5.664684e-07	(0.000000e+00 1.469717e-03 0.000000e+00)
196.75        	5.664822e-07	(0.000000e+00 1.469717e-03 0.000000e+00)
196.8         	5.664960e-07	(0.000000e+00 1.469717e-03 0.000000e+00)
196.85        	5.665097e-07	(0.000000e+00 1.469717e-03 0.000000e+00)
196.9         	5.665235e-07	(0.000000e+00 1.469717e-03 0.000000e+00)
196.95        	5.665372e-07	(0.000000e+00 1.469717e-03 0.000000e+00)
197           	5.665509e-07	(0.000000e+00 1.469717e-03 0.000000e+00)
197.05        	5.665646e-07	(0.000000e+00 1.469717e-03 0.000000e+00)
197.1         	5.665782e-07	(0.000000e+00 1.469717e-03 0.000000e+00)
197.15        	5.665918e-07	(0.000000e+00 1.469717e-03 0.000000e+00)
197.2         	5.666054e-07	(0.000000e+00 1.469717e-03 0.000000e+00)
197.25        	5.666190e-07	(0.000000e+00 1.469717e-03 0.000000e+00)
197.3         	5.666325e-07	(0.000000e+00 1.469717e-03 0.000000e+00)
197.35        	5.666460e-07	(0.000000e+00 1.469717e-03 0.000000e+00)
197.4         	5.666595e-07	(0.000000e+00 1.469717e-03 0.000000e+00)
197.45        	5.666729e-07	(0.000000e+00 1.469717e-03 0.000000e+00)
197.5         	5.666864e-07	(0.000000e+00 1.469717e-03 0.000000e+00)
197.55        	5.666998e-07	(0.000000e+00 1.469717e-03 0.000000e+00)
197.6         	5.667132e-07	(0.000000e+00 1.469717e-03 0.000000e+00)
197.65        	5.667265e-07	(0.000000e+00 1.469717e-03 0.000000e+00)
197.7         	5.667398e-07	(0.000000e+00 1.469717e-03 0.000000e+00)
197.75        	5.667531e-07	(0.000000e+00 1.469717e-03 0.000000e+00)
197.8         	5.667664e-07	(0.000000e+00 1.469717e-03 0.000000e+00)
197.85        	5.667796e-07	(0.000000e+00 1.469717e-03 0.000000e+00)
197.9         	5.667929e-07	(0.000000e+00 1.469717e-03 0.000000e+00)
197.95        	5.668061e-07	(0.000000e+00 1.469717e-03 0.000000e+00)
198           	5.668193e-07	(0.000000e+00 1.469717e-03 0.000000e+00)
198.05        	5.668324e-07	(0.000000e+00 1.469717e-03 0.000000e+00)
198.1         	5.668455e-07	(0.000000e+00 1.469717e-03 0.000000e+00)
198.15        	5.668586e-07	(0.000000e+00 1.469717e-03 0.000000e+00)
198.2         	5.668717e-07	(0.000000e+00 1.469717e-03 0.000000e+00)
198.25        	5.668847e-07	(0.000000e+00 1.469717e-03 0.000000e+00)
198.3         	5.668978e-07	(0.000000e+00 1.469717e-03 0.000000e+00)
198.35        	5.669108e-07	(0.000000e+00 1.469717e-03 0.000000e+00)
198.4         	5.669238e-07	(0.000000e+00 1.469717e-03 0.000000e+00)
198.45        	5.669367e-07	(0.000000e+00 1.469717e-03 0.000000e+00)
198.5         	5.669496e-07	(0.000000e+00 1.469717e-03 0.000000e+00)
198.55        	5.669625e-07	(0.000000e+00 1.469717e-03 0.000000e+00)
198.6         	5.669754e-07	(0.000000e+00 1.469717e-03 0.000000e+00)
198.65        	5.669882e-07	(0.000000e+00 1.469717e-03 0.000000e+00)
198.7         	5.670011e-07	(0.000000e+00 1.469717e-03 0.000000e+00)
198.75        	5.670139e-07	(0.000000e+00 1.469717e-03 0.000000e+00)
198.8         	5.670267e-07	(0.000000e+00 1.469717e-03 0.000000e+00)
198.85        	5.670395e-07	(0.000000e+00 1.469717e-03 0.000000e+00)
198.9         	5.670522e-07	(0.000000e+00 1.469717e-03 0.000000e+00)
198.95        	5.670649e-07	(0.000000e+00 1.469717e-03 0.000000e+00)
199           	5.670776e-07	(0.000000e+00 1.469717e-03 0.000000e+00)
199.05        	5.670903e-07	(0.000000e+00 1.469717e-03 0.000000e+00)
199.1         	5.671029e-07	(0.000000e+00 1.469717e-03 0.000000e+00)
199.15        	5.671155e-07	(0.000000e+00 1.469717e-03 0.000000e+00)
199.2         	5.671282e-07	(0.000000e+00 1.469717e-03 0.000000e+00)
199.25        	5.671407e-07	(0.000000e+00 1.469717e-03 0.000000e+00)
199.3         	5.671531e-07	(0.000000e+00 1.469717e-03 0.000000e+00)
199.35        	5.671656e-07	(0.000000e+00 1.469717e-03 0.000000e+00)
199.4         	5.671781e-07	(0.000000e+00 1.469717e-03 0.000000e+00)
199.45        	5.671905e-07	(0.000000e+00 1.469717e-03 0.000000e+00)
199.5         	5.672030e-07	(0.000000e+00 1.469717e-03 0.000000e+00)
199.55        	5.672154e-07	(0.000000e+00 1.469717e-03 0.000000e+00)
199.6         	5.672278e-07	(0.000000e+00 1.469717e-03 0.000000e+00)
199.65        	5.672401e-07	(0.000000e+00 1.469717e-03 0.000000e+00)
199.7         	5.672523e-07	(0.000000e+00 1.469717e-03 0.000000e+00)
199.75        	5.672648e-07	(0.000000e+00 1.469717e-03 0.000000e+00)
199.8         	5.672770e-07	(0.000000e+00 1.469717e-03 0.000000e+00)
199.85        	5.672893e-07	(0.000000e+00 1.469717e-03 0.000000e+00)
199.9         	5.673016e-07	(0.000000e+00 1.469717e-03 0.000000e+00)
199.95        	5.673138e-07	(0.000000e+00 1.469717e-03 0.000000e+00)
200           	5.673260e-07	(0.000000e+00 1.469717e-03 0.000000e+00)
200.05        	5.673382e-07	(0.000000e+00 1.469717e-03 0.000000e+00)
200.1         	5.673503e-07	(0.000000e+00 1.469717e-03 0.000000e+00)
200.15        	5.673625e-07	(0.000000e+00 1.469717e-03 0.000000e+00)
200.2         	5.673746e-07	(0.000000e+00 1.469717e-03 0.000000e+00)
200.25        	5.673867e-07	(0.000000e+00 1.469717e-03 0.000000e+00)
200.3         	5.673987e-07	(0.000000e+00 1.469717e-03 0.000000e+00)
200.35        	5.674108e-07	(0.000000e+00 1.469717e-03 0.000000e+00)
200.4         	5.674228e-07	(0.000000e+00 1.469717e-03 0.000000e+00)
200.45        	5.674348e-07	(0.000000e+00 1.469717e-03 0.000000e+00)
200.5         	5.674468e-07	(0.000000e+00 1.469717e-03 0.000000e+00)
200.55        	5.674587e-07	(0.000000e+00 1.469717e-03 0.000000e+00)
200.6         	5.674706e-07	(0.000000e+00 1.469717e-03 0.000000e+00)
200.65        	5.674825e-07	(0.000000e+00 1.469717e-03 0.000000e+00)
200.7         	5.674944e-07	(0.000000e+00 1.469717e-03 0.000000e+00)
200.75        	5.675063e-07	(0.000000e+00 1.469717e-03 0.000000e+00)
200.8         	5.675181e-07	(0.000000e+00 1.469717e-03 0.000000e+00)
200.85        	5.675299e-07	(0.000000e+00 1.469717e-03 0.000000e+00)
200.9         	5.675417e-07	(0.000000e+00 1.469717e-03 0.000000e+00)
200.95        	5.675535e-07	(0.000000e+00 1.469717e-03 0.000000e+00)
201           	5.675652e-07	(0.000000e+00 1.469717e-03 0.000000e+00)
201.05        	5.675770e-07	(0.000000e+00 1.469717e-03 0.000000e+00)
201.1         	5.675887e-07	(0.000000e+00 1.469717e-03 0.000000e+00)
201.15        	5.676003e-07	(0.000000e+00 1.469717e-03 0.000000e+00)
201.2         	5.676120e-07	(0.000000e+00 1.469717e-03 0.000000e+00)
201.25        	5.676236e-07	(0.000000e+00 1.469717e-03 0.000000e+00)
201.3         	5.676352e-07	(0.000000e+00 1.469717e-03 0.000000e+00)
201.35        	5.676468e-07	(0.000000e+00 1.469717e-03 0.000000e+00)
201.4         	5.676584e-07	(0.000000e+00 1.469717e-03 0.000000e+00)
201.45        	5.676699e-07	(0.000000e+00 1.469717e-03 0.000000e+00)
201.5         	5.676814e-07	(0.000000e+00 1.469717e-03 0.000000e+00)
201.55        	5.676929e-07	(0.000000e+00 1.469717e-03 0.000000e+00)
201.6         	5.677251e-07	(0.000000e+00 1.469717e-03 0.000000e+00)
201.65        	5.677182e-07	(0.000000e+00 1.469717e-03 0.000000e+00)
201.7         	5.677292e-07	(0.000000e+00 1.469717e-03 0.000000e+00)
201.75        	5.677406e-07	(0.000000e+00 1.469717e-03 0.000000e+00)
201.8         	5.677519e-07	(0.000000e+00 1.469717e-03 0.000000e+00)
201.85        	5.677632e-07	(0.000000e+00 1.469717e-03 0.000000e+00)
201.9         	5.677745e-07	(0.000000e+00 1.469717e-03 0.000000e+00)
201.95        	5.677858e-07	(0.000000e+00 1.469717e-03 0.000000e+00)
202           	5.677971e-07	(0.000000e+00 1.469717e-03 0.000000e+00)
202.05        	5.678083e-07	(0.000000e+00 1.469717e-03 0.000000e+00)
202.1         	5.678195e-07	(0.000000e+00 1.469717e-03 0.000000e+00)
202.15        	5.678307e-07	(0.000000e+00 1.469717e-03 0.000000e+00)
202.2         	5.678419e-07	(0.000000e+00 1.469717e-03 0.000000e+00)
202.25        	5.678531e-07	(0.000000e+00 1.469717e-03 0.000000e+00)
202.3         	5.678643e-07	(0.000000e+00 1.469717e-03 0.000000e+00)
202.35        	5.678754e-07	(0.000000e+00 1.469717e-03 0.000000e+00)
202.4         	5.678865e-07	(0.000000e+00 1.469717e-03 0.000000e+00)
202.45        	5.678976e-07	(0.000000e+00 1.469717e-03 0.000000e+00)
202.5         	5.679087e-07	(0.000000e+00 1.469717e-03 0.000000e+00)
202.55        	5.679197e-07	(0.000000e+00 1.469717e-03 0.000000e+00)
202.6         	5.679307e-07	(0.000000e+00 1.469717e-03 0.000000e+00)
202.65        	5.679417e-07	(0.000000e+00 1.469717e-03 0.000000e+00)
202.7         	5.679527e-07	(0.000000e+00 1.469717e-03 0.000000e+00)
202.75        	5.679637e-07	(0.000000e+00 1.469717e-03 0.000000e+00)
202.8         	5.679746e-07	(0.000000e+00 1.469717e-03 0.000000e+00)
202.85        	5.679856e-07	(0.000000e+00 1.469717e-03 0.000000e+00)
202.9         	5.679965e-07	(0.000000e+00 1.469717e-03 0.000000e+00)
202.95        	5.680073e-07	(0.000000e+00 1.469717e-03 0.000000e+00)
203           	5.680182e-07	(0.000000e+00 1.469717e-03 0.000000e+00)
203.05        	5.680290e-07	(0.000000e+00 1.469717e-03 0.000000e+00)
203.1         	5.680398e-07	(0.000000e+00 1.469717e-03 0.000000e+00)
203.15        	5.680506e-07	(0.000000e+00 1.469717e-03 0.000000e+00)
203.2         	5.680614e-07	(0.000000e+00 1.469717e-03 0.000000e+00)
203.25        	5.680722e-07	(0.000000e+00 1.469717e-03 0.000000e+00)
203.3         	5.680829e-07	(0.000000e+00 1.469717e-03 0.000000e+00)
203.35        	5.680936e-07	(0.000000e+00 1.469717e-03 0.000000e+00)
203.4         	5.681043e-07	(0.000000e+00 1.469717e-03 0.000000e+00)
203.45        	5.681150e-07	(0.000000e+00 1.469717e-03 0.000000e+00)
203.5         	5.681256e-07	(0.000000e+00 1.469717e-03 0.000000e+00)
203.55        	5.681363e-07	(0.000000e+00 1.469717e-03 0.000000e+00)
203.6         	5.681469e-07	(0.000000e+00 1.469717e-03 0.000000e+00)
203.65        	5.681575e-07	(0.000000e+00 1.469717e-03 0.000000e+00)
203.7         	5.681680e-07	(0.000000e+00 1.469717e-03 0.000000e+00)
203.75        	5.681786e-07	(0.000000e+00 1.469717e-03 0.000000e+00)
203.8         	5.681891e-07	(0.000000e+00 1.469717e-03 0.000000e+00)
203.85        	5.681996e-07	(0.000000e+00 1.469717e-03 0.000000e+00)
203.9         	5.682100e-07	(0.000000e+00 1.469717e-03 0.000000e+00)
203.95        	5.682205e-07	(0.000000e+00 1.469717e-03 0.000000e+00)
204           	5.682309e-07	(0.000000e+00 1.469717e-03 0.000000e+00)
204.05        	5.682414e-07	(0.000000e+00 1.469717e-03 0.000000e+00)
204.1         	5.682518e-07	(0.000000e+00 1.469717e-03 0.000000e+00)
204.15        	5.682622e-07	(0.000000e+00 1.469717e-03 0.000000e+00)
204.2         	5.682725e-07	(0.000000e+00 1.469717e-03 0.000000e+00)
204.25        	5.682829e-07	(0.000000e+00 1.469717e-03 0.000000e+00)
204.3         	5.682932e-07	(0.000000e+00 1.469717e-03 0.000000e+00)
204.35        	5.683035e-07	(0.000000e+00 1.469717e-03 0.000000e+00)
204.4         	5.683138e-07	(0.000000e+00 1.469717e-03 0.000000e+00)
204.45        	5.683241e-07	(0.000000e+00 1.469717e-03 0.000000e+00)
204.5         	5.683343e-07	(0.000000e+00 1.469717e-03 0.000000e+00)
204.55        	5.683445e-07	(0.000000e+00 1.469717e-03 0.000000e+00)
204.6         	5.683547e-07	(0.000000e+00 1.469717e-03 0.000000e+00)
204.65        	5.683649e-07	(0.000000e+00 1.469717e-03 0.000000e+00)
204.7         	5.683751e-07	(0.000000e+00 1.469717e-03 0.000000e+00)
204.75        	5.683853e-07	(0.000000e+00 1.469717e-03 0.000000e+00)
204.8         	5.683954e-07	(0.000000e+00 1.469717e-03 0.000000e+00)
204.85        	5.684055e-07	(0.000000e+00 1.469717e-03 0.000000e+00)
204.9         	5.684156e-07	(0.000000e+00 1.469717e-03 0.000000e+00)
204.95        	5.684256e-07	(0.000000e+00 1.469717e-03 0.000000e+00)
205           	5.684356e-07	(0.000000e+00 1.469717e-03 0.000000e+00)
205.05        	5.684456e-07	(0.000000e+00 1.469717e-03 0.000000e+00)
205.1         	5.684556e-07	(0.000000e+00 1.469717e-03 0.000000e+00)
205.15        	5.684656e-07	(0.000000e+00 1.469717e-03 0.000000e+00)
205.2         	5.684756e-07	(0.000000e+00 1.469717e-03 0.000000e+00)
205.25        	5.684856e-07	(0.000000e+00 1.469717e-03 0.000000e+00)
205.3         	5.684954e-07	(0.000000e+00 1.469717e-03 0.000000e+00)
205.35        	5.685053e-07	(0.000000e+00 1.469717e-03 0.000000e+00)
205.4         	5.685152e-07	(0.000000e+00 1.469717e-03 0.000000e+00)
205.45        	5.685251e-07	(0.000000e+00 1.469717e-03 0.000000e+00)
205.5         	5.685350e-07	(0.000000e+00 1.469717e-03 0.000000e+00)
205.55        	5.685448e-07	(0.000000e+00 1.469717e-03 0.000000e+00)
205.6         	5.685546e-07	(0.000000e+00 1.469717e-03 0.000000e+00)
205.65        	5.685644e-07	(0.000000e+00 1.469717e-03 0.000000e+00)
205.7         	5.685742e-07	(0.000000e+00 1.469717e-03 0.000000e+00)
205.75        	5.685839e-07	(0.000000e+00 1.469717e-03 0.000000e+00)
205.8         	5.685937e-07	(0.000000e+00 1.469717e-03 0.000000e+00)
205.85        	5.686034e-07	(0.000000e+00 1.469717e-03 0.000000e+00)
205.9         	5.686131e-07	(0.000000e+00 1.469717e-03 0.000000e+00)
205.95        	5.686228e-07	(0.000000e+00 1.469717e-03 0.000000e+00)
206           	5.686324e-07	(0.000000e+00 1.469717e-03 0.000000e+00)
206.05        	5.686421e-07	(0.000000e+00 1.469717e-03 0.000000e+00)
206.1         	5.686517e-07	(0.000000e+00 1.469717e-03 0.000000e+00)
206.15        	5.686613e-07	(0.000000e+00 1.469717e-03 0.000000e+00)
206.2         	5.686709e-07	(0.000000e+00 1.469717e-03 0.000000e+00)
206.25        	5.686805e-07	(0.000000e+00 1.469717e-03 0.000000e+00)
206.3         	5.686900e-07	(0.000000e+00 1.469717e-03 0.000000e+00)
206.35        	5.686996e-07	(0.000000e+00 1.469717e-03 0.000000e+00)
206.4         	5.687091e-07	(0.000000e+00 1.469717e-03 0.000000e+00)
206.45        	5.687186e-07	(0.000000e+00 1.469717e-03 0.000000e+00)
206.5         	5.687281e-07	(0.000000e+00 1.469717e-03 0.000000e+00)
206.55        	5.687375e-07	(0.000000e+00 1.469717e-03 0.000000e+00)
206.6         	5.687470e-07	(0.000000e+00 1.469717e-03 0.000000e+00)
206.65        	5.687564e-07	(0.000000e+00 1.469717e-03 0.000000e+00)
206.7         	5.687658e-07	(0.000000e+00 1.469717e-03 0.000000e+00)
206.75        	5.687752e-07	(0.000000e+00 1.469717e-03 0.000000e+00)
206.8         	5.687845e-07	(0.000000e+00 1.469717e-03 0.000000e+00)
206.85        	5.687939e-07	(0.000000e+00 1.469717e-03 0.000000e+00)
206.9         	5.688032e-07	(0.000000e+00 1.469717e-03 0.000000e+00)
206.95        	5.688125e-07	(0.000000e+00 1.469717e-03 0.000000e+00)
207           	5.688218e-07	(0.000000e+00 1.469717e-03 0.000000e+00)
207.05        	5.688311e-07	(0.000000e+00 1.469717e-03 0.000000e+00)
207.1         	5.688403e-07	(0.000000e+00 1.469717e-03 0.000000e+00)
207.15        	5.688496e-07	(0.000000e+00 1.469717e-03 0.000000e+00)
207.2         	5.688588e-07	(0.000000e+00 1.469717e-03 0.000000e+00)
207.25        	5.688680e-07	(0.000000e+00 1.469717e-03 0.000000e+00)
207.3         	5.688771e-07	(0.000000e+00 1.469717e-03 0.000000e+00)
207.35        	5.688863e-07	(0.000000e+00 1.469717e-03 0.000000e+00)
207.4         	5.688954e-07	(0.000000e+00 1.469717e-03 0.000000e+00)
207.45        	5.689046e-07	(0.000000e+00 1.469717e-03 0.000000e+00)
207.5         	5.689137e-07	(0.000000e+00 1.469717e-03 0.000000e+00)
207.55        	5.689228e-07	(0.000000e+00 1.469717e-03 0.000000e+00)
207.6         	5.689319e-07	(0.000000e+00 1.469717e-03 0.000000e+00)
207.65        	5.689409e-07	(0.000000e+00 1.469717e-03 0.000000e+00)
207.7         	5.689499e-07	(0.000000e+00 1.469717e-03 0.000000e+00)
207.75        	5.689590e-07	(0.000000e+00 1.469717e-03 0.000000e+00)
207.8         	5.689680e-07	(0.000000e+00 1.469717e-03 0.000000e+00)
207.85        	5.689769e-07	(0.000000e+00 1.469717e-03 0.000000e+00)
207.9         	5.689859e-07	(0.000000e+00 1.469717e-03 0.000000e+00)
207.95        	5.689949e-07	(0.000000e+00 1.469717e-03 0.000000e+00)
208           	5.690038e-07	(0.000000e+00 1.469717e-03 0.000000e+00)
208.05        	5.690127e-07	(0.000000e+00 1.469717e-03 0.000000e+00)
208.1         	5.690217e-07	(0.000000e+00 1.469717e-03 0.000000e+00)
208.15        	5.690305e-07	(0.000000e+00 1.469717e-03 0.000000e+00)
208.2         	5.690394e-07	(0.000000e+00 1.469717e-03 0.000000e+00)
208.25        	5.690482e-07	(0.000000e+00 1.469717e-03 0.000000e+00)
208.3         	5.690571e-07	(0.000000e+00 1.469717e-03 0.000000e+00)
208.35        	5.690658e-07	(0.000000e+00 1.469717e-03 0.000000e+00)
208.4         	5.690747e-07	(0.000000e+00 1.469717e-03 0.000000e+00)
208.45        	5.690834e-07	(0.000000e+00 1.469717e-03 0.000000e+00)
208.5         	5.690922e-07	(0.000000e+00 1.469717e-03 0.000000e+00)
208.55        	5.691009e-07	(0.000000e+00 1.469717e-03 0.000000e+00)
208.6         	5.691097e-07	(0.000000e+00 1.469717e-03 0.000000e+00)
208.65        	5.691184e-07	(0.000000e+00 1.469717e-03 0.000000e+00)
208.7         	5.691270e-07	(0.000000e+00 1.469717e-03 0.000000e+00)
208.75        	5.691357e-07	(0.000000e+00 1.469717e-03 0.000000e+00)
208.8         	5.691444e-07	(0.000000e+00 1.469717e-03 0.000000e+00)
208.85        	5.691530e-07	(0.000000e+00 1.469717e-03 0.000000e+00)
208.9         	5.691616e-07	(0.000000e+00 1.469717e-03 0.000000e+00)
208.95        	5.691702e-07	(0.000000e+00 1.469717e-03 0.000000e+00)
209           	5.691788e-07	(0.000000e+00 1.469717e-03 0.000000e+00)
209.05        	5.691874e-07	(0.000000e+00 1.469717e-03 0.000000e+00)
209.1         	5.691960e-07	(0.000000e+00 1.469717e-03 0.000000e+00)
209.15        	5.692045e-07	(0.000000e+00 1.469717e-03 0.000000e+00)
209.2         	5.692130e-07	(0.000000e+00 1.469717e-03 0.000000e+00)
209.25        	5.692215e-07	(0.000000e+00 1.469717e-03 0.000000e+00)
209.3         	5.692300e-07	(0.000000e+00 1.469717e-03 0.000000e+00)
209.35        	5.692385e-07	(0.000000e+00 1.469717e-03 0.000000e+00)
209.4         	5.692470e-07	(0.000000e+00 1.469717e-03 0.000000e+00)
209.45        	5.692554e-07	(0.000000e+00 1.469717e-03 0.000000e+00)
209.5         	5.692638e-07	(0.000000e+00 1.469717e-03 0.000000e+00)
209.55        	5.692722e-07	(0.000000e+00 1.469717e-03 0.000000e+00)
209.6         	5.692806e-07	(0.000000e+00 1.469717e-03 0.000000e+00)
209.65        	5.692890e-07	(0.000000e+00 1.469717e-03 0.000000e+00)
209.7         	5.692974e-07	(0.000000e+00 1.469717e-03 0.000000e+00)
209.75        	5.693057e-07	(0.000000e+00 1.469717e-03 0.000000e+00)
209.8         	5.693140e-07	(0.000000e+00 1.469717e-03 0.000000e+00)
209.85        	5.693223e-07	(0.000000e+00 1.469717e-03 0.000000e+00)
209.9         	5.693306e-07	(0.000000e+00 1.469717e-03 0.000000e+00)
209.95        	5.693389e-07	(0.000000e+00 1.469717e-03 0.000000e+00)
210           	5.693472e-07	(0.000000e+00 1.469717e-03 0.000000e+00)
210.05        	5.693554e-07	(0.000000e+00 1.469717e-03 0.000000e+00)
210.1         	5.693636e-07	(0.000000e+00 1.469717e-03 0.000000e+00)
210.15        	5.693719e-07	(0.000000e+00 1.469717e-03 0.000000e+00)
210.2         	5.693801e-07	(0.000000e+00 1.469717e-03 0.000000e+00)
210.25        	5.693882e-07	(0.000000e+00 1.469717e-03 0.000000e+00)
210.3         	5.693964e-07	(0.000000e+00 1.469717e-03 0.000000e+00)
210.35        	5.694046e-07	(0.000000e+00 1.469717e-03 0.000000e+00)
210.4         	5.694127e-07	(0.000000e+00 1.469717e-03 0.000000e+00)
210.45        	5.694208e-07	(0.000000e+00 1.469717e-03 0.000000e+00)
210.5         	5.694289e-07	(0.000000e+00 1.469717e-03 0.000000e+00)
210.55        	5.694369e-07	(0.000000e+00 1.469717e-03 0.000000e+00)
210.6         	5.694451e-07	(0.000000e+00 1.469717e-03 0.000000e+00)
210.65        	5.694531e-07	(0.000000e+00 1.469717e-03 0.000000e+00)
210.7         	5.694612e-07	(0.000000e+00 1.469717e-03 0.000000e+00)
210.75        	5.694692e-07	(0.000000e+00 1.469717e-03 0.000000e+00)
210.8         	5.694772e-07	(0.000000e+00 1.469717e-03 0.000000e+00)
210.85        	5.694852e-07	(0.000000e+00 1.469717e-03 0.000000e+00)
210.9         	5.694932e-07	(0.000000e+00 1.469717e-03 0.000000e+00)
210.95        	5.695011e-07	(0.000000e+00 1.469717e-03 0.000000e+00)
211           	5.695091e-07	(0.000000e+00 1.469717e-03 0.000000e+00)
211.05        	5.695170e-07	(0.000000e+00 1.469717e-03 0.000000e+00)
211.1         	5.695250e-07	(0.000000e+00 1.469717e-03 0.000000e+00)
211.15        	5.695329e-07	(0.000000e+00 1.469717e-03 0.000000e+00)
211.2         	5.695407e-07	(0.000000e+00 1.469717e-03 0.000000e+00)
211.25        	5.695486e-07	(0.000000e+00 1.469717e-03 0.000000e+00)
211.3         	5.695565e-07	(0.000000e+00 1.469717e-03 0.000000e+00)
211.35        	5.695643e-07	(0.000000e+00 1.469717e-03 0.000000e+00)
211.4         	5.695721e-07	(0.000000e+00 1.469717e-03 0.000000e+00)
211.45        	5.695800e-07	(0.000000e+00 1.469717e-03 0.000000e+00)
211.5         	5.695877e-07	(0.000000e+00 1.469717e-03 0.000000e+00)
211.55        	5.695955e-07	(0.000000e+00 1.469717e-03 0.000000e+00)
211.6         	5.696033e-07	(0.000000e+00 1.469717e-03 0.000000e+00)
211.65        	5.696110e-07	(0.000000e+00 1.469717e-03 0.000000e+00)
211.7         	5.696188e-07	(0.000000e+00 1.469717e-03 0.000000e+00)
211.75        	5.696265e-07	(0.000000e+00 1.469717e-03 0.000000e+00)
211.8         	5.696342e-07	(0.000000e+00 1.469717e-03 0.000000e+00)
211.85        	5.696419e-07	(0.000000e+00 1.469717e-03 0.000000e+00)
211.9         	5.696496e-07	(0.000000e+00 1.469717e-03 0.000000e+00)
211.95        	5.696572e-07	(0.000000e+00 1.469717e-03 0.000000e+00)
212           	5.696649e-07	(0.000000e+00 1.469717e-03 0.000000e+00)
212.05        	5.696725e-07	(0.000000e+00 1.469717e-03 0.000000e+00)
212.1         	5.696801e-07	(0.000000e+00 1.469717e-03 0.000000e+00)
212.15        	5.696877e-07	(0.000000e+00 1.469717e-03 0.000000e+00)
212.2         	5.696953e-07	(0.000000e+00 1.469717e-03 0.000000e+00)
212.25        	5.697029e-07	(0.000000e+00 1.469717e-03 0.000000e+00)
212.3         	5.697105e-07	(0.000000e+00 1.469717e-03 0.000000e+00)
212.35        	5.697180e-07	(0.000000e+00 1.469717e-03 0.000000e+00)
212.4         	5.697255e-07	(0.000000e+00 1.469717e-03 0.000000e+00)
212.45        	5.697331e-07	(0.000000e+00 1.469717e-03 0.000000e+00)
212.5         	5.697406e-07	(0.000000e+00 1.469717e-03 0.000000e+00)
212.55        	5.697480e-07	(0.000000e+00 1.469717e-03 0.000000e+00)
212.6         	5.697555e-07	(0.000000e+00 1.469717e-03 0.000000e+00)
212.65        	5.697630e-07	(0.000000e+00 1.469717e-03 0.000000e+00)
212.7         	5.697704e-07	(0.000000e+00 1.469717e-03 0.000000e+00)
212.75        	5.697778e-07	(0.000000e+00 1.469717e-03 0.000000e+00)
212.8         	5.697852e-07	(0.000000e+00 1.469717e-03 0.000000e+00)
212.85        	5.697926e-07	(0.000000e+00 1.469717e-03 0.000000e+00)
212.9         	5.698000e-07	(0.000000e+00 1.469717e-03 0.000000e+00)
212.95        	5.698074e-07	(0.000000e+00 1.469717e-03 0.000000e+00)
213           	5.698148e-07	(0.000000e+00 1.469717e-03 0.000000e+00)
213.05        	5.698221e-07	(0.000000e+00 1.469717e-03 0.000000e+00)
213.1         	5.698294e-07	(0.000000e+00 1.469717e-03 0.000000e+00)
213.15        	5.698368e-07	(0.000000e+00 1.469717e-03 0.000000e+00)
213.2         	5.698441e-07	(0.000000e+00 1.469717e-03 0.000000e+00)
213.25        	5.698513e-07	(0.000000e+00 1.469717e-03 0.000000e+00)
213.3         	5.698586e-07	(0.000000e+00 1.469717e-03 0.000000e+00)
213.35        	5.698659e-07	(0.000000e+00 1.469717e-03 0.000000e+00)
213.4         	5.698731e-07	(0.000000e+00 1.469717e-03 0.000000e+00)
213.45        	5.698804e-07	(0.000000e+00 1.469717e-03 0.000000e+00)
213.5         	5.698876e-07	(0.000000e+00 1.469717e-03 0.000000e+00)
213.55        	5.698948e-07	(0.000000e+00 1.469717e-03 0.000000e+00)
213.6         	5.699020e-07	(0.000000e+00 1.469717e-03 0.000000e+00)
213.65        	5.699091e-07	(0.000000e+00 1.469717e-03 0.000000e+00)
213.7         	5.699163e-07	(0.000000e+00 1.469717e-03 0.000000e+00)
213.75        	5.699234e-07	(0.000000e+00 1.469717e-03 0.000000e+00)
213.8         	5.699306e-07	(0.000000e+00 1.469717e-03 0.000000e+00)
213.85        	5.699377e-07	(0.000000e+00 1.469717e-03 0.000000e+00)
213.9         	5.699448e-07	(0.000000e+00 1.469717e-03 0.000000e+00)
213.95        	5.699519e-07	(0.000000e+00 1.469717e-03 0.000000e+00)
214           	5.699590e-07	(0.000000e+00 1.469717e-03 0.000000e+00)
214.05        	5.699660e-07	(0.000000e+00 1.469717e-03 0.000000e+00)
214.1         	5.699731e-07	(0.000000e+00 1.469717e-03 0.000000e+00)
214.15        	5.699801e-07	(0.000000e+00 1.469717e-03 0.000000e+00)
214.2         	5.699872e-07	(0.000000e+00 1.469717e-03 0.000000e+00)
214.25        	5.699942e-07	(0.000000e+00 1.469717e-03 0.000000e+00)
214.3         	5.700012e-07	(0.000000e+00 1.469717e-03 0.000000e+00)
214.35        	5.700082e-07	(0.000000e+00 1.469717e-03 0.000000e+00)
214.4         	5.700151e-07	(0.000000e+00 1.469717e-03 0.000000e+00)
214.45        	5.700221e-07	(0.000000e+00 1.469717e-03 0.000000e+00)
214.5         	5.700290e-07	(0.000000e+00 1.469717e-03 0.000000e+00)
214.55        	5.700360e-07	(0.000000e+00 1.469717e-03 0.000000e+00)
214.6         	5.700429e-07	(0.000000e+00 1.469717e-03 0.000000e+00)
214.65        	5.700498e-07	(0.000000e+00 1.469717e-03 0.000000e+00)
214.7         	5.700567e-07	(0.000000e+00 1.469717e-03 0.000000e+00)
214.75        	5.700635e-07	(0.000000e+00 1.469717e-03 0.000000e+00)
214.8         	5.700704e-07	(0.000000e+00 1.469717e-03 0.000000e+00)
214.85        	5.700773e-07	(0.000000e+00 1.469717e-03 0.000000e+00)
214.9         	5.700841e-07	(0.000000e+00 1.469717e-03 0.000000e+00)
214.95        	5.700909e-07	(0.000000e+00 1.469717e-03 0.000000e+00)
215           	5.700977e-07	(0.000000e+00 1.469717e-03 0.000000e+00)
215.05        	5.701045e-07	(0.000000e+00 1.469717e-03 0.000000e+00)
215.1         	5.701113e-07	(0.000000e+00 1.469717e-03 0.000000e+00)
215.15        	5.701181e-07	(0.000000e+00 1.469717e-03 0.000000e+00)
215.2         	5.701249e-07	(0.000000e+00 1.469717e-03 0.000000e+00)
215.25        	5.701316e-07	(0.000000e+00 1.469717e-03 0.000000e+00)
215.3         	5.701383e-07	(0.000000e+00 1.469717e-03 0.000000e+00)
215.35        	5.701451e-07	(0.000000e+00 1.469717e-03 0.000000e+00)
215.4         	5.701518e-07	(0.000000e+00 1.469717e-03 0.000000e+00)
215.45        	5.701585e-07	(0.000000e+00 1.469717e-03 0.000000e+00)
215.5         	5.701651e-07	(0.000000e+00 1.469717e-03 0.000000e+00)
215.55        	5.701718e-07	(0.000000e+00 1.469717e-03 0.000000e+00)
215.6         	5.701785e-07	(0.000000e+00 1.469717e-03 0.000000e+00)
215.65        	5.701851e-07	(0.000000e+00 1.469717e-03 0.000000e+00)
215.7         	5.701917e-07	(0.000000e+00 1.469717e-03 0.000000e+00)
215.75        	5.701984e-07	(0.000000e+00 1.469717e-03 0.000000e+00)
215.8         	5.702050e-07	(0.000000e+00 1.469717e-03 0.000000e+00)
215.85        	5.702116e-07	(0.000000e+00 1.469717e-03 0.000000e+00)
215.9         	5.702181e-07	(0.000000e+00 1.469717e-03 0.000000e+00)
215.95        	5.702247e-07	(0.000000e+00 1.469717e-03 0.000000e+00)
216           	5.702313e-07	(0.000000e+00 1.469717e-03 0.000000e+00)
216.05        	5.702378e-07	(0.000000e+00 1.469717e-03 0.000000e+00)
216.1         	5.702443e-07	(0.000000e+00 1.469717e-03 0.000000e+00)
216.15        	5.702508e-07	(0.000000e+00 1.469717e-03 0.000000e+00)
216.2         	5.702574e-07	(0.000000e+00 1.469717e-03 0.000000e+00)
216.25        	5.702638e-07	(0.000000e+00 1.469717e-03 0.000000e+00)
216.3         	5.702703e-07	(0.000000e+00 1.469717e-03 0.000000e+00)
216.35        	5.702768e-07	(0.000000e+00 1.469717e-03 0.000000e+00)
216.4         	5.702832e-07	(0.000000e+00 1.469717e-03 0.000000e+00)
216.45        	5.702897e-07	(0.000000e+00 1.469717e-03 0.000000e+00)
216.5         	5.702961e-07	(0.000000e+00 1.469717e-03 0.000000e+00)
216.55        	5.703025e-07	(0.000000e+00 1.469717e-03 0.000000e+00)
216.6         	5.703089e-07	(0.000000e+00 1.469717e-03 0.000000e+00)
216.65        	5.703153e-07	(0.000000e+00 1.469717e-03 0.000000e+00)
216.7         	5.703217e-07	(0.000000e+00 1.469717e-03 0.000000e+00)
216.75        	5.703280e-07	(0.000000e+00 1.469717e-03 0.000000e+00)
216.8         	5.703344e-07	(0.000000e+00 1.469717e-03 0.000000e+00)
216.85        	5.703407e-07	(0.000000e+00 1.469717e-03 0.000000e+00)
216.9         	5.703471e-07	(0.000000e+00 1.469717e-03 0.000000e+00)
216.95        	5.703534e-07	(0.000000e+00 1.469717e-03 0.000000e+00)
217           	5.703597e-07	(0.000000e+00 1.469717e-03 0.000000e+00)
217.05        	5.703660e-07	(0.000000e+00 1.469717e-03 0.000000e+00)
217.1         	5.703723e-07	(0.000000e+00 1.469717e-03 0.000000e+00)
217.15        	5.703785e-07	(0.000000e+00 1.469717e-03 0.000000e+00)
217.2         	5.703848e-07	(0.000000e+00 1.469717e-03 0.000000e+00)
217.25        	5.703910e-07	(0.000000e+00 1.469717e-03 0.000000e+00)
217.3         	5.703973e-07	(0.000000e+00 1.469717e-03 0.000000e+00)
217.35        	5.704035e-07	(0.000000e+00 1.469717e-03 0.000000e+00)
217.4         	5.704097e-07	(0.000000e+00 1.469717e-03 0.000000e+00)
217.45        	5.704159e-07	(0.000000e+00 1.469717e-03 0.000000e+00)
217.5         	5.704221e-07	(0.000000e+00 1.469717e-03 0.000000e+00)
217.55        	5.704283e-07	(0.000000e+00 1.469717e-03 0.000000e+00)
217.6         	5.704345e-07	(0.000000e+00 1.469717e-03 0.000000e+00)
217.65        	5.704406e-07	(0.000000e+00 1.469717e-03 0.000000e+00)
217.7         	5.704468e-07	(0.000000e+00 1.469717e-03 0.000000e+00)
217.75        	5.704529e-07	(0.000000e+00 1.469717e-03 0.000000e+00)
217.8         	5.704590e-07	(0.000000e+00 1.469717e-03 0.000000e+00)
217.85        	5.704651e-07	(0.000000e+00 1.469717e-03 0.000000e+00)
217.9         	5.704712e-07	(0.000000e+00 1.469717e-03 0.000000e+00)
217.95        	5.704773e-07	(0.000000e+00 1.469717e-03 0.000000e+00)
218           	5.704834e-07	(0.000000e+00 1.469717e-03 0.000000e+00)
218.05        	5.704894e-07	(0.000000e+00 1.469717e-03 0.000000e+00)
218.1         	5.704955e-07	(0.000000e+00 1.469717e-03 0.000000e+00)
218.15        	5.705015e-07	(0.000000e+00 1.469717e-03 0.000000e+00)
218.2         	5.705075e-07	(0.000000e+00 1.469717e-03 0.000000e+00)
218.25        	5.705135e-07	(0.000000e+00 1.469717e-03 0.000000e+00)
218.3         	5.705196e-07	(0.000000e+00 1.469717e-03 0.000000e+00)
218.35        	5.705255e-07	(0.000000e+00 1.469717e-03 0.000000e+00)
218.4         	5.705315e-07	(0.000000e+00 1.469717e-03 0.000000e+00)
218.45        	5.705375e-07	(0.000000e+00 1.469717e-03 0.000000e+00)
218.5         	5.705435e-07	(0.000000e+00 1.469717e-03 0.000000e+00)
218.55        	5.705494e-07	(0.000000e+00 1.469717e-03 0.000000e+00)
218.6         	5.705553e-07	(0.000000e+00 1.469717e-03 0.000000e+00)
218.65        	5.705612e-07	(0.000000e+00 1.469717e-03 0.000000e+00)
218.7         	5.705672e-07	(0.000000e+00 1.469717e-03 0.000000e+00)
218.75        	5.705730e-07	(0.000000e+00 1.469717e-03 0.000000e+00)
218.8         	5.705790e-07	(0.000000e+00 1.469717e-03 0.000000e+00)
218.85        	5.705848e-07	(0.000000e+00 1.469717e-03 0.000000e+00)
218.9         	5.705907e-07	(0.000000e+00 1.469717e-03 0.000000e+00)
218.95        	5.705965e-07	(0.000000e+00 1.469717e-03 0.000000e+00)
219           	5.706024e-07	(0.000000e+00 1.469717e-03 0.000000e+00)
219.05        	5.706082e-07	(0.000000e+00 1.469717e-03 0.000000e+00)
219.1         	5.706141e-07	(0.000000e+00 1.469717e-03 0.000000e+00)
219.15        	5.706198e-07	(0.000000e+00 1.469717e-03 0.000000e+00)
219.2         	5.706257e-07	(0.000000e+00 1.469717e-03 0.000000e+00)
219.25        	5.706314e-07	(0.000000e+00 1.469717e-03 0.000000e+00)
219.3         	5.706373e-07	(0.000000e+00 1.469717e-03 0.000000e+00)
219.35        	5.706430e-07	(0.000000e+00 1.469717e-03 0.000000e+00)
219.4         	5.706488e-07	(0.000000e+00 1.469717e-03 0.000000e+00)
219.45        	5.706545e-07	(0.000000e+00 1.469717e-03 0.000000e+00)
219.5         	5.706603e-07	(0.000000e+00 1.469717e-03 0.000000e+00)
219.55        	5.706659e-07	(0.000000e+00 1.469717e-03 0.000000e+00)
219.6         	5.706718e-07	(0.000000e+00 1.469717e-03 0.000000e+00)
219.65        	5.706774e-07	(0.000000e+00 1.469717e-03 0.000000e+00)
219.7         	5.706832e-07	(0.000000e+00 1.469717e-03 0.000000e+00)
219.75        	5.706887e-07	(0.000000e+00 1.469717e-03 0.000000e+00)
219.8         	5.706945e-07	(0.000000e+00 1.469717e-03 0.000000e+00)
219.85        	5.707001e-07	(0.000000e+00 1.469717e-03 0.000000e+00)
219.9         	5.707058e-07	(0.000000e+00 1.469717e-03 0.000000e+00)
219.95        	5.707113e-07	(0.000000e+00 1.469717e-03 0.000000e+00)
220           	5.707171e-07	(0.000000e+00 1.469717e-03 0.000000e+00)
220.05        	5.707226e-07	(0.000000e+00 1.469717e-03 0.000000e+00)
220.1         	5.707283e-07	(0.000000e+00 1.469717e-03 0.000000e+00)
220.15        	5.707338e-07	(0.000000e+00 1.469717e-03 0.000000e+00)
220.2         	5.707395e-07	(0.000000e+00 1.469717e-03 0.000000e+00)
220.25        	5.707450e-07	(0.000000e+00 1.469717e-03 0.000000e+00)
220.3         	5.707507e-07	(0.000000e+00 1.469717e-03 0.000000e+00)
220.35        	5.707561e-07	(0.000000e+00 1.469717e-03 0.000000e+00)
220.4         	5.707618e-07	(0.000000e+00 1.469717e-03 0.000000e+00)
220.45        	5.707672e-07	(0.000000e+00 1.469717e-03 0.000000e+00)
220.5         	5.707728e-07	(0.000000e+00 1.469717e-03 0.000000e+00)
220.55        	5.707782e-07	(0.000000e+00 1.469717e-03 0.000000e+00)
220.6         	5.707838e-07	(0.000000e+00 1.469717e-03 0.000000e+00)
220.65        	5.707892e-07	(0.000000e+00 1.469717e-03 0.000000e+00)
220.7         	5.707948e-07	(0.000000e+00 1.469717e-03 0.000000e+00)
220.75        	5.708001e-07	(0.000000e+00 1.469717e-03 0.000000e+00)
220.8         	5.708057e-07	(0.000000e+00 1.469717e-03 0.000000e+00)
220.85        	5.708111e-07	(0.000000e+00 1.469717e-03 0.000000e+00)
220.9         	5.708166e-07	(0.000000e+00 1.469717e-03 0.000000e+00)
220.95        	5.708219e-07	(0.000000e+00 1.469717e-03 0.000000e+00)
221           	5.708275e-07	(0.000000e+00 1.469717e-03 0.000000e+00)
221.05        	5.708328e-07	(0.000000e+00 1.469717e-03 0.000000e+00)
221.1         	5.708383e-07	(0.000000e+00 1.469717e-03 0.000000e+00)
221.15        	5.708436e-07	(0.000000e+00 1.469717e-03 0.000000e+00)
221.2         	5.708491e-07	(0.000000e+00 1.469717e-03 0.000000e+00)
221.25        	5.708543e-07	(0.000000e+00 1.469717e-03 0.000000e+00)
221.3         	5.708598e-07	(0.000000e+00 1.469717e-03 0.000000e+00)
221.35        	5.708650e-07	(0.000000e+00 1.469717e-03 0.000000e+00)
221.4         	5.708705e-07	(0.000000e+00 1.469717e-03 0.000000e+00)
221.45        	5.708757e-07	(0.000000e+00 1.469717e-03 0.000000e+00)
221.5         	5.708811e-07	(0.000000e+00 1.469717e-03 0.000000e+00)
221.55        	5.708863e-07	(0.000000e+00 1.469717e-03 0.000000e+00)
221.6         	5.708917e-07	(0.000000e+00 1.469717e-03 0.000000e+00)
221.65        	5.708969e-07	(0.000000e+00 1.469717e-03 0.000000e+00)
221.7         	5.709023e-07	(0.000000e+00 1.469717e-03 0.000000e+00)
221.75        	5.709075e-07	(0.000000e+00 1.469717e-03 0.000000e+00)
221.8         	5.709128e-07	(0.000000e+00 1.469717e-03 0.000000e+00)
221.85        	5.709180e-07	(0.000000e+00 1.469717e-03 0.000000e+00)
221.9         	5.709233e-07	(0.000000e+00 1.469717e-03 0.000000e+00)
221.95        	5.709284e-07	(0.000000e+00 1.469717e-03 0.000000e+00)
222           	5.709338e-07	(0.000000e+00 1.469717e-03 0.000000e+00)
222.05        	5.709389e-07	(0.000000e+00 1.469717e-03 0.000000e+00)
222.1         	5.709442e-07	(0.000000e+00 1.469717e-03 0.000000e+00)
222.15        	5.709493e-07	(0.000000e+00 1.469717e-03 0.000000e+00)
222.2         	5.709545e-07	(0.000000e+00 1.469717e-03 0.000000e+00)
222.25        	5.709596e-07	(0.000000e+00 1.469717e-03 0.000000e+00)
222.3         	5.709649e-07	(0.000000e+00 1.469717e-03 0.000000e+00)
222.35        	5.709699e-07	(0.000000e+00 1.469717e-03 0.000000e+00)
222.4         	5.709752e-07	(0.000000e+00 1.469717e-03 0.000000e+00)
222.45        	5.709802e-07	(0.000000e+00 1.469717e-03 0.000000e+00)
222.5         	5.709854e-07	(0.000000e+00 1.469717e-03 0.000000e+00)
222.55        	5.709905e-07	(0.000000e+00 1.469717e-03 0.000000e+00)
222.6         	5.709956e-07	(0.000000e+00 1.469717e-03 0.000000e+00)
222.65        	5.710007e-07	(0.000000e+00 1.469717e-03 0.000000e+00)
222.7         	5.710058e-07	(0.000000e+00 1.469717e-03 0.000000e+00)
222.75        	5.710108e-07	(0.000000e+00 1.469717e-03 0.000000e+00)
222.8         	5.710160e-07	(0.000000e+00 1.469717e-03 0.000000e+00)
222.85        	5.710209e-07	(0.000000e+00 1.469717e-03 0.000000e+00)
222.9         	5.710261e-07	(0.000000e+00 1.469717e-03 0.000000e+00)
222.95        	5.710310e-07	(0.000000e+00 1.469717e-03 0.000000e+00)
223           	5.710361e-07	(0.000000e+00 1.469717e-03 0.000000e+00)
223.05        	5.710411e-07	(0.000000e+00 1.469717e-03 0.000000e+00)
223.1         	5.710462e-07	(0.000000e+00 1.469717e-03 0.000000e+00)
223.15        	5.710511e-07	(0.000000e+00 1.469717e-03 0.000000e+00)
223.2         	5.710561e-07	(0.000000e+00 1.469717e-03 0.000000e+00)
223.25        	5.710611e-07	(0.000000e+00 1.469717e-03 0.000000e+00)
223.3         	5.710661e-07	(0.000000e+00 1.469717e-03 0.000000e+00)
223.35        	5.710710e-07	(0.000000e+00 1.469717e-03 0.000000e+00)
223.4         	5.710760e-07	(0.000000e+00 1.469717e-03 0.000000e+00)
223.45        	5.710809e-07	(0.000000e+00 1.469717e-03 0.000000e+00)
223.5         	5.710859e-07	(0.000000e+00 1.469717e-03 0.000000e+00)
223.55        	5.710908e-07	(0.000000e+00 1.469717e-03 0.000000e+00)
223.6         	5.710957e-07	(0.000000e+00 1.469717e-03 0.000000e+00)
223.65        	5.711006e-07	(0.000000e+00 1.469717e-03 0.000000e+00)
223.7         	5.711055e-07	(0.000000e+00 1.469717e-03 0.000000e+00)
223.75        	5.711104e-07	(0.000000e+00 1.469717e-03 0.000000e+00)
223.8         	5.711153e-07	(0.000000e+00 1.469717e-03 0.000000e+00)
223.85        	5.711201e-07	(0.000000e+00 1.469717e-03 0.000000e+00)
223.9         	5.711250e-07	(0.000000e+00 1.469717e-03 0.000000e+00)
223.95        	5.711299e-07	(0.000000e+00 1.469717e-03 0.000000e+00)
224           	5.711347e-07	(0.000000e+00 1.469717e-03 0.000000e+00)
224.05        	5.711395e-07	(0.000000e+00 1.469717e-03 0.000000e+00)
224.1         	5.711444e-07	(0.000000e+00 1.469717e-03 0.000000e+00)
224.15        	5.711492e-07	(0.000000e+00 1.469717e-03 0.000000e+00)
224.2         	5.711540e-07	(0.000000e+00 1.469717e-03 0.000000e+00)
224.25        	5.711588e-07	(0.000000e+00 1.469717e-03 0.000000e+00)
224.3         	5.711636e-07	(0.000000e+00 1.469717e-03 0.000000e+00)
224.35        	5.711684e-07	(0.000000e+00 1.469717e-03 0.000000e+00)
224.4         	5.711732e-07	(0.000000e+00 1.469717e-03 0.000000e+00)
224.45        	5.711779e-07	(0.000000e+00 1.469717e-03 0.000000e+00)
224.5         	5.711827e-07	(0.000000e+00 1.469717e-03 0.000000e+00)
224.55        	5.711874e-07	(0.000000e+00 1.469717e-03 0.000000e+00)
224.6         	5.711922e-07	(0.000000e+00 1.469717e-03 0.000000e+00)
224.65        	5.711969e-07	(0.000000e+00 1.469717e-03 0.000000e+00)
224.7         	5.712016e-07	(0.000000e+00 1.469717e-03 0.000000e+00)
224.75        	5.712063e-07	(0.000000e+00 1.469717e-03 0.000000e+00)
224.8         	5.712110e-07	(0.000000e+00 1.469717e-03 0.000000e+00)
224.85        	5.712157e-07	(0.000000e+00 1.469717e-03 0.000000e+00)
224.9         	5.712204e-07	(0.000000e+00 1.469717e-03 0.000000e+00)
224.95        	5.712251e-07	(0.000000e+00 1.469717e-03 0.000000e+00)
225           	5.712298e-07	(0.000000e+00 1.469717e-03 0.000000e+00)
225.05        	5.712344e-07	(0.000000e+00 1.469717e-03 0.000000e+00)
225.1         	5.712391e-07	(0.000000e+00 1.469717e-03 0.000000e+00)
225.15        	5.712437e-07	(0.000000e+00 1.469717e-03 0.000000e+00)
225.2         	5.712484e-07	(0.000000e+00 1.469717e-03 0.000000e+00)
225.25        	5.712530e-07	(0.000000e+00 1.469717e-03 0.000000e+00)
225.3         	5.712576e-07	(0.000000e+00 1.469717e-03 0.000000e+00)
225.35        	5.712622e-07	(0.000000e+00 1.469717e-03 0.000000e+00)
225.4         	5.712668e-07	(0.000000e+00 1.469717e-03 0.000000e+00)
225.45        	5.712714e-07	(0.000000e+00 1.469717e-03 0.000000e+00)
225.5         	5.712760e-07	(0.000000e+00 1.469717e-03 0.000000e+00)
225.55        	5.712806e-07	(0.000000e+00 1.469717e-03 0.000000e+00)
225.6         	5.712851e-07	(0.000000e+00 1.469717e-03 0.000000e+00)
225.65        	5.712897e-07	(0.000000e+00 1.469717e-03 0.000000e+00)
225.7         	5.712943e-07	(0.000000e+00 1.469717e-03 0.000000e+00)
225.75        	5.712988e-07	(0.000000e+00 1.469717e-03 0.000000e+00)
225.8         	5.713033e-07	(0.000000e+00 1.469717e-03 0.000000e+00)
225.85        	5.713079e-07	(0.000000e+00 1.469717e-03 0.000000e+00)
225.9         	5.713124e-07	(0.000000e+00 1.469717e-03 0.000000e+00)
225.95        	5.713169e-07	(0.000000e+00 1.469717e-03 0.000000e+00)
226           	5.713289e-07	(0.000000e+00 1.469717e-03 0.000000e+00)
226.05        	5.713307e-07	(0.000000e+00 1.469717e-03 0.000000e+00)
226.1         	5.713324e-07	(0.000000e+00 1.469717e-03 0.000000e+00)
226.15        	5.713359e-07	(0.000000e+00 1.469717e-03 0.000000e+00)
226.2         	5.713404e-07	(0.000000e+00 1.469717e-03 0.000000e+00)
226.25        	5.713451e-07	(0.000000e+00 1.469717e-03 0.000000e+00)
226.3         	5.713498e-07	(0.000000e+00 1.469717e-03 0.000000e+00)
226.35        	5.713542e-07	(0.000000e+00 1.469717e-03 0.000000e+00)
226.4         	5.713585e-07	(0.000000e+00 1.469717e-03 0.000000e+00)
226.45        	5.713629e-07	(0.000000e+00 1.469717e-03 0.000000e+00)
226.5         	5.713673e-07	(0.000000e+00 1.469717e-03 0.000000e+00)
226.55        	5.713717e-07	(0.000000e+00 1.469717e-03 0.000000e+00)
226.6         	5.713761e-07	(0.000000e+00 1.469717e-03 0.000000e+00)
226.65        	5.713804e-07	(0.000000e+00 1.469717e-03 0.000000e+00)
226.7         	5.713848e-07	(0.000000e+00 1.469717e-03 0.000000e+00)
226.75        	5.713892e-07	(0.000000e+00 1.469717e-03 0.000000e+00)
226.8         	5.713935e-07	(0.000000e+00 1.469717e-03 0.000000e+00)
226.85        	5.713979e-07	(0.000000e+00 1.469717e-03 0.000000e+00)
226.9         	5.714022e-07	(0.000000e+00 1.469717e-03 0.000000e+00)
226.95        	5.714066e-07	(0.000000e+00 1.469717e-03 0.000000e+00)
227           	5.714109e-07	(0.000000e+00 1.469717e-03 0.000000e+00)
227.05        	5.714152e-07	(0.000000e+00 1.469717e-03 0.000000e+00)
227.1         	5.714196e-07	(0.000000e+00 1.469717e-03 0.000000e+00)
227.15        	5.714239e-07	(0.000000e+00 1.469717e-03 0.000000e+00)
227.2         	5.714282e-07	(0.000000e+00 1.469717e-03 0.000000e+00)
227.25        	5.714325e-07	(0.000000e+00 1.469717e-03 0.000000e+00)
227.3         	5.714368e-07	(0.000000e+00 1.469717e-03 0.000000e+00)
227.35        	5.714410e-07	(0.000000e+00 1.469717e-03 0.000000e+00)
227.4         	5.714453e-07	(0.000000e+00 1.469717e-03 0.000000e+00)
227.45        	5.714496e-07	(0.000000e+00 1.469717e-03 0.000000e+00)
227.5         	5.714538e-07	(0.000000e+00 1.469717e-03 0.000000e+00)
227.55        	5.714581e-07	(0.000000e+00 1.469717e-03 0.000000e+00)
227.6         	5.714623e-07	(0.000000e+00 1.469717e-03 0.000000e+00)
227.65        	5.714666e-07	(0.000000e+00 1.469717e-03 0.000000e+00)
227.7         	5.714708e-07	(0.000000e+00 1.469717e-03 0.000000e+00)
227.75        	5.714750e-07	(0.000000e+00 1.469717e-03 0.000000e+00)
227.8         	5.714792e-07	(0.000000e+00 1.469717e-03 0.000000e+00)
227.85        	5.714834e-07	(0.000000e+00 1.469717e-03 0.000000e+00)
227.9         	5.714876e-07	(0.000000e+00 1.469717e-03 0.000000e+00)
227.95        	5.714918e-07	(0.000000e+00 1.469717e-03 0.000000e+00)
228           	5.714960e-07	(0.000000e+00 1.469717e-03 0.000000e+00)
228.05        	5.715001e-07	(0.000000e+00 1.469717e-03 0.000000e+00)
228.1         	5.715043e-07	(0.000000e+00 1.469717e-03 0.000000e+00)
228.15        	5.715085e-07	(0.000000e+00 1.469717e-03 0.000000e+00)
228.2         	5.715126e-07	(0.000000e+00 1.469717e-03 0.000000e+00)
228.25        	5.715167e-07	(0.000000e+00 1.469717e-03 0.000000e+00)
228.3         	5.715209e-07	(0.000000e+00 1.469717e-03 0.000000e+00)
228.35        	5.715250e-07	(0.000000e+00 1.469717e-03 0.000000e+00)
228.4         	5.715291e-07	(0.000000e+00 1.469717e-03 0.000000e+00)
228.45        	5.715332e-07	(0.000000e+00 1.469717e-03 0.000000e+00)
228.5         	5.715373e-07	(0.000000e+00 1.469717e-03 0.000000e+00)
228.55        	5.715414e-07	(0.000000e+00 1.469717e-03 0.000000e+00)
228.6         	5.715455e-07	(0.000000e+00 1.469717e-03 0.000000e+00)
228.65        	5.715496e-07	(0.000000e+00 1.469717e-03 0.000000e+00)
228.7         	5.715537e-07	(0.000000e+00 1.469717e-03 0.000000e+00)
228.75        	5.715577e-07	(0.000000e+00 1.469717e-03 0.000000e+00)
228.8         	5.715602e-07	(0.000000e+00 1.469717e-03 0.000000e+00)
228.85        	5.715660e-07	(0.000000e+00 1.469717e-03 0.000000e+00)
228.9         	5.715688e-07	(0.000000e+00 1.469717e-03 0.000000e+00)
228.95        	5.715737e-07	(0.000000e+00 1.469717e-03 0.000000e+00)
229           	5.715775e-07	(0.000000e+00 1.469717e-03 0.000000e+00)
229.05        	5.715812e-07	(0.000000e+00 1.469717e-03 0.000000e+00)
229.1         	5.715852e-07	(0.000000e+00 1.469717e-03 0.000000e+00)
229.15        	5.715893e-07	(0.000000e+00 1.469717e-03 0.000000e+00)
229.2         	5.715934e-07	(0.000000e+00 1.469717e-03 0.000000e+00)
229.25        	5.715974e-07	(0.000000e+00 1.469717e-03 0.000000e+00)
229.3         	5.716014e-07	(0.000000e+00 1.469717e-03 0.000000e+00)
229.35        	5.716054e-07	(0.000000e+00 1.469717e-03 0.000000e+00)
229.4         	5.716093e-07	(0.000000e+00 1.469717e-03 0.000000e+00)
229.45        	5.716133e-07	(0.000000e+00 1.469717e-03 0.000000e+00)
229.5         	5.716173e-07	(0.000000e+00 1.469717e-03 0.000000e+00)
229.55        	5.716212e-07	(0.000000e+00 1.469717e-03 0.000000e+00)
229.6         	5.716251e-07	(0.000000e+00 1.469717e-03 0.000000e+00)
229.65        	5.716291e-07	(0.000000e+00 1.469717e-03 0.000000e+00)
229.7         	5.716330e-07	(0.000000e+00 1.469717e-03 0.000000e+00)
229.75        	5.716369e-07	(0.000000e+00 1.469717e-03 0.000000e+00)
229.8         	5.716408e-07	(0.000000e+00 1.469717e-03 0.000000e+00)
229.85        	5.716447e-07	(0.000000e+00 1.469717e-03 0.000000e+00)
229.9         	5.716486e-07	(0.000000e+00 1.469717e-03 0.000000e+00)
229.95        	5.716525e-07	(0.000000e+00 1.469717e-03 0.000000e+00)
230           	5.716564e-07	(0.000000e+00 1.469717e-03 0.000000e+00)
230.05        	5.716578e-07	(0.000000e+00 1.469717e-03 0.000000e+00)
230.1         	5.716655e-07	(0.000000e+00 1.469717e-03 0.000000e+00)
230.15        	5.716660e-07	(0.000000e+00 1.469717e-03 0.000000e+00)
230.2         	5.716734e-07	(0.000000e+00 1.469717e-03 0.000000e+00)
230.25        	5.716739e-07	(0.000000e+00 1.469717e-03 0.000000e+00)
230.3         	5.716797e-07	(0.000000e+00 1.469717e-03 0.000000e+00)
230.35        	5.716830e-07	(0.000000e+00 1.469717e-03 0.000000e+00)
230.4         	5.716867e-07	(0.000000e+00 1.469717e-03 0.000000e+00)
230.45        	5.716905e-07	(0.000000e+00 1.469717e-03 0.000000e+00)
230.5         	5.716944e-07	(0.000000e+00 1.469717e-03 0.000000e+00)
230.55        	5.716982e-07	(0.000000e+00 1.469717e-03 0.000000e+00)
230.6         	5.717020e-07	(0.000000e+00 1.469717e-03 0.000000e+00)
230.65        	5.717058e-07	(0.000000e+00 1.469717e-03 0.000000e+00)
230.7         	5.717096e-07	(0.000000e+00 1.469717e-03 0.000000e+00)
230.75        	5.717134e-07	(0.000000e+00 1.469717e-03 0.000000e+00)
230.8         	5.717171e-07	(0.000000e+00 1.469717e-03 0.000000e+00)
230.85        	5.717209e-07	(0.000000e+00 1.469717e-03 0.000000e+00)
230.9         	5.717247e-07	(0.000000e+00 1.469717e-03 0.000000e+00)
230.95        	5.717284e-07	(0.000000e+00 1.469717e-03 0.000000e+00)
231           	5.717321e-07	(0.000000e+00 1.469717e-03 0.000000e+00)
231.05        	5.717359e-07	(0.000000e+00 1.469717e-03 0.000000e+00)
231.1         	5.717396e-07	(0.000000e+00 1.469717e-03 0.000000e+00)
231.15        	5.717433e-07	(0.000000e+00 1.469717e-03 0.000000e+00)
231.2         	5.717470e-07	(0.000000e+00 1.469717e-03 0.000000e+00)
231.25        	5.717507e-07	(0.000000e+00 1.469717e-03 0.000000e+00)
231.3         	5.717544e-07	(0.000000e+00 1.469717e-03 0.000000e+00)
231.35        	5.717581e-07	(0.000000e+00 1.469717e-03 0.000000e+00)
231.4         	5.717618e-07	(0.000000e+00 1.469717e-03 0.000000e+00)
231.45        	5.717655e-07	(0.000000e+00 1.469717e-03 0.000000e+00)
231.5         	5.717692e-07	(0.000000e+00 1.469717e-03 0.000000e+00)
231.55        	5.717728e-07	(0.000000e+00 1.469717e-03 0.000000e+00)
231.6         	5.717765e-07	(0.000000e+00 1.469717e-03 0.000000e+00)
231.65        	5.717801e-07	(0.000000e+00 1.469717e-03 0.000000e+00)
231.7         	5.717838e-07	(0.000000e+00 1.469717e-03 0.000000e+00)
231.75        	5.717874e-07	(0.000000e+00 1.469717e-03 0.000000e+00)
231.8         	5.717911e-07	(0.000000e+00 1.469717e-03 0.000000e+00)
231.85        	5.717947e-07	(0.000000e+00 1.469717e-03 0.000000e+00)
231.9         	5.717984e-07	(0.000000e+00 1.469717e-03 0.000000e+00)
231.95        	5.718020e-07	(0.000000e+00 1.469717e-03 0.000000e+00)
232           	5.718056e-07	(0.000000e+00 1.469717e-03 0.000000e+00)
232.05        	5.718092e-07	(0.000000e+00 1.469717e-03 0.000000e+00)
232.1         	5.718128e-07	(0.000000e+00 1.469717e-03 0.000000e+00)
232.15        	5.718163e-07	(0.000000e+00 1.469717e-03 0.000000e+00)
232.2         	5.718200e-07	(0.000000e+00 1.469717e-03 0.000000e+00)
232.25        	5.718235e-07	(0.000000e+00 1.469717e-03 0.000000e+00)
232.3         	5.718271e-07	(0.000000e+00 1.469717e-03 0.000000e+00)
232.35        	5.718306e-07	(0.000000e+00 1.469717e-03 0.000000e+00)
232.4         	5.718342e-07	(0.000000e+00 1.469717e-03 0.000000e+00)
232.45        	5.718377e-07	(0.000000e+00 1.469717e-03 0.000000e+00)
232.5         	5.718412e-07	(0.000000e+00 1.469717e-03 0.000000e+00)
232.55        	5.718447e-07	(0.000000e+00 1.469717e-03 0.000000e+00)
232.6         	5.718482e-07	(0.000000e+00 1.469717e-03 0.000000e+00)
232.65        	5.718518e-07	(0.000000e+00 1.469717e-03 0.000000e+00)
232.7         	5.718553e-07	(0.000000e+00 1.469717e-03 0.000000e+00)
232.75        	5.718588e-07	(0.000000e+00 1.469717e-03 0.000000e+00)
232.8         	5.718623e-07	(0.000000e+00 1.469717e-03 0.000000e+00)
232.85        	5.718658e-07	(0.000000e+00 1.469717e-03 0.000000e+00)
232.9         	5.718693e-07	(0.000000e+00 1.469717e-03 0.000000e+00)
232.95        	5.718727e-07	(0.000000e+00 1.469717e-03 0.000000e+00)
233           	5.718762e-07	(0.000000e+00 1.469717e-03 0.000000e+00)
233.05        	5.718797e-07	(0.000000e+00 1.469717e-03 0.000000e+00)
233.1         	5.718832e-07	(0.000000e+00 1.469717e-03 0.000000e+00)
233.15        	5.718866e-07	(0.000000e+00 1.469717e-03 0.000000e+00)
233.2         	5.718901e-07	(0.000000e+00 1.469717e-03 0.000000e+00)
233.25        	5.718935e-07	(0.000000e+00 1.469717e-03 0.000000e+00)
233.3         	5.718969e-07	(0.000000e+00 1.469717e-03 0.000000e+00)
233.35        	5.719004e-07	(0.000000e+00 1.469717e-03 0.000000e+00)
233.4         	5.719038e-07	(0.000000e+00 1.469717e-03 0.000000e+00)
233.45        	5.719072e-07	(0.000000e+00 1.469717e-03 0.000000e+00)
233.5         	5.719106e-07	(0.000000e+00 1.469717e-03 0.000000e+00)
233.55        	5.719140e-07	(0.000000e+00 1.469717e-03 0.000000e+00)
233.6         	5.719174e-07	(0.000000e+00 1.469717e-03 0.000000e+00)
233.65        	5.719208e-07	(0.000000e+00 1.469717e-03 0.000000e+00)
233.7         	5.719242e-07	(0.000000e+00 1.469717e-03 0.000000e+00)
233.75        	5.719276e-07	(0.000000e+00 1.469717e-03 0.000000e+00)
233.8         	5.719310e-07	(0.000000e+00 1.469717e-03 0.000000e+00)
233.85        	5.719344e-07	(0.000000e+00 1.469717e-03 0.000000e+00)
233.9         	5.719377e-07	(0.000000e+00 1.469717e-03 0.000000e+00)
233.95        	5.719411e-07	(0.000000e+00 1.469717e-03 0.000000e+00)
234           	5.719444e-07	(0.000000e+00 1.469717e-03 0.000000e+00)
234.05        	5.719478e-07	(0.000000e+00 1.469717e-03 0.000000e+00)
234.1         	5.719511e-07	(0.000000e+00 1.469717e-03 0.000000e+00)
234.15        	5.719544e-07	(0.000000e+00 1.469717e-03 0.000000e+00)
234.2         	5.719578e-07	(0.000000e+00 1.469717e-03 0.000000e+00)
234.25        	5.719611e-07	(0.000000e+00 1.469717e-03 0.000000e+00)
234.3         	5.719644e-07	(0.000000e+00 1.469717e-03 0.000000e+00)
234.35        	5.719677e-07	(0.000000e+00 1.469717e-03 0.000000e+00)
234.4         	5.719710e-07	(0.000000e+00 1.469717e-03 0.000000e+00)
234.45        	5.719743e-07	(0.000000e+00 1.469717e-03 0.000000e+00)
234.5         	5.719776e-07	(0.000000e+00 1.469717e-03 0.000000e+00)
234.55        	5.719809e-07	(0.000000e+00 1.469717e-03 0.000000e+00)
234.6         	5.719842e-07	(0.000000e+00 1.469717e-03 0.000000e+00)
234.65        	5.719874e-07	(0.000000e+00 1.469717e-03 0.000000e+00)
234.7         	5.719907e-07	(0.000000e+00 1.469717e-03 0.000000e+00)
234.75        	5.719940e-07	(0.000000e+00 1.469717e-03 0.000000e+00)
234.8         	5.719972e-07	(0.000000e+00 1.469717e-03 0.000000e+00)
234.85        	5.720005e-07	(0.000000e+00 1.469717e-03 0.000000e+00)
234.9         	5.720037e-07	(0.000000e+00 1.469717e-03 0.000000e+00)
234.95        	5.720070e-07	(0.000000e+00 1.469717e-03 0.000000e+00)
235           	5.720102e-07	(0.000000e+00 1.469717e-03 0.000000e+00)
235.05        	5.720134e-07	(0.000000e+00 1.469717e-03 0.000000e+00)
235.1         	5.720166e-07	(0.000000e+00 1.469717e-03 0.000000e+00)
235.15        	5.720198e-07	(0.000000e+00 1.469717e-03 0.000000e+00)
235.2         	5.720231e-07	(0.000000e+00 1.469717e-03 0.000000e+00)
235.25        	5.720263e-07	(0.000000e+00 1.469717e-03 0.000000e+00)
235.3         	5.720295e-07	(0.000000e+00 1.469717e-03 0.000000e+00)
235.35        	5.720326e-07	(0.000000e+00 1.469717e-03 0.000000e+00)
235.4         	5.720358e-07	(0.000000e+00 1.469717e-03 0.000000e+00)
235.45        	5.720390e-07	(0.000000e+00 1.469717e-03 0.000000e+00)
235.5         	5.720422e-07	(0.000000e+00 1.469717e-03 0.000000e+00)
235.55        	5.720453e-07	(0.000000e+00 1.469717e-03 0.000000e+00)
235.6         	5.720485e-07	(0.000000e+00 1.469717e-03 0.000000e+00)
235.65        	5.720517e-07	(0.000000e+00 1.469717e-03 0.000000e+00)
235.7         	5.720548e-07	(0.000000e+00 1.469717e-03 0.000000e+00)
235.75        	5.720579e-07	(0.000000e+00 1.469717e-03 0.000000e+00)
235.8         	5.720611e-07	(0.000000e+00 1.469717e-03 0.000000e+00)
235.85        	5.720642e-07	(0.000000e+00 1.469717e-03 0.000000e+00)
235.9         	5.720673e-07	(0.000000e+00 1.469717e-03 0.000000e+00)
235.95        	5.720704e-07	(0.000000e+00 1.469717e-03 0.000000e+00)
236           	5.720736e-07	(0.000000e+00 1.469717e-03 0.000000e+00)
236.05        	5.720767e-07	(0.000000e+00 1.469717e-03 0.000000e+00)
236.1         	5.720798e-07	(0.000000e+00 1.469717e-03 0.000000e+00)
236.15        	5.720829e-07	(0.000000e+00 1.469717e-03 0.000000e+00)
236.2         	5.720860e-07	(0.000000e+00 1.469717e-03 0.000000e+00)
236.25        	5.720891e-07	(0.000000e+00 1.469717e-03 0.000000e+00)
236.3         	5.720921e-07	(0.000000e+00 1.469717e-03 0.000000e+00)
236.35        	5.720952e-07	(0.000000e+00 1.469717e-03 0.000000e+00)
236.4         	5.720983e-07	(0.000000e+00 1.469717e-03 0.000000e+00)
236.45        	5.721013e-07	(0.000000e+00 1.469717e-03 0.000000e+00)
236.5         	5.721044e-07	(0.000000e+00 1.469717e-03 0.000000e+00)
236.55        	5.721075e-07	(0.000000e+00 1.469717e-03 0.000000e+00)
236.6         	5.721105e-07	(0.000000e+00 1.469717e-03 0.000000e+00)
236.65        	5.721135e-07	(0.000000e+00 1.469717e-03 0.000000e+00)
236.7         	5.721166e-07	(0.000000e+00 1.469717e-03 0.000000e+00)
236.75        	5.721196e-07	(0.000000e+00 1.469717e-03 0.000000e+00)
236.8         	5.721226e-07	(0.000000e+00 1.469717e-03 0.000000e+00)
236.85        	5.721257e-07	(0.000000e+00 1.469717e-03 0.000000e+00)
236.9         	5.721287e-07	(0.000000e+00 1.469717e-03 0.000000e+00)
236.95        	5.721317e-07	(0.000000e+00 1.469717e-03 0.000000e+00)
237           	5.721347e-07	(0.000000e+00 1.469717e-03 0.000000e+00)
237.05        	5.721377e-07	(0.000000e+00 1.469717e-03 0.000000e+00)
237.1         	5.721407e-07	(0.000000e+00 1.469717e-03 0.000000e+00)
237.15        	5.721437e-07	(0.000000e+00 1.469717e-03 0.000000e+00)
237.2         	5.721466e-07	(0.000000e+00 1.469717e-03 0.000000e+00)
237.25        	5.721496e-07	(0.000000e+00 1.469717e-03 0.000000e+00)
237.3         	5.721526e-07	(0.000000e+00 1.469717e-03 0.000000e+00)
237.35        	5.721556e-07	(0.000000e+00 1.469717e-03 0.000000e+00)
237.4         	5.721585e-07	(0.000000e+00 1.469717e-03 0.000000e+00)
237.45        	5.721615e-07	(0.000000e+00 1.469717e-03 0.000000e+00)
237.5         	5.721644e-07	(0.000000e+00 1.469717e-03 0.000000e+00)
237.55        	5.721674e-07	(0.000000e+00 1.469717e-03 0.000000e+00)
237.6         	5.721703e-07	(0.000000e+00 1.469717e-03 0.000000e+00)
237.65        	5.721732e-07	(0.000000e+00 1.469717e-03 0.000000e+00)
237.7         	5.721762e-07	(0.000000e+00 1.469717e-03 0.000000e+00)
237.75        	5.721791e-07	(0.000000e+00 1.469717e-03 0.000000e+00)
237.8         	5.721820e-07	(0.000000e+00 1.469717e-03 0.000000e+00)
237.85        	5.721849e-07	(0.000000e+00 1.469717e-03 0.000000e+00)
237.9         	5.721878e-07	(0.000000e+00 1.469717e-03 0.000000e+00)
237.95        	5.721907e-07	(0.000000e+00 1.469717e-03 0.000000e+00)
238           	5.721936e-07	(0.000000e+00 1.469717e-03 0.000000e+00)
238.05        	5.721965e-07	(0.000000e+00 1.469717e-03 0.000000e+00)
238.1         	5.721994e-07	(0.000000e+00 1.469717e-03 0.000000e+00)
238.15        	5.722023e-07	(0.000000e+00 1.469717e-03 0.000000e+00)
238.2         	5.722051e-07	(0.000000e+00 1.469717e-03 0.000000e+00)
238.25        	5.722080e-07	(0.000000e+00 1.469717e-03 0.000000e+00)
238.3         	5.722109e-07	(0.000000e+00 1.469717e-03 0.000000e+00)
238.35        	5.722137e-07	(0.000000e+00 1.469717e-03 0.000000e+00)
238.4         	5.722166e-07	(0.000000e+00 1.469717e-03 0.000000e+00)
238.45        	5.722194e-07	(0.000000e+00 1.469717e-03 0.000000e+00)
238.5         	5.722223e-07	(0.000000e+00 1.469717e-03 0.000000e+00)
238.55        	5.722251e-07	(0.000000e+00 1.469717e-03 0.000000e+00)
238.6         	5.722280e-07	(0.000000e+00 1.469717e-03 0.000000e+00)
238.65        	5.722308e-07	(0.000000e+00 1.469717e-03 0.000000e+00)
238.7         	5.722336e-07	(0.000000e+00 1.469717e-03 0.000000e+00)
238.75        	5.722364e-07	(0.000000e+00 1.469717e-03 0.000000e+00)
238.8         	5.722392e-07	(0.000000e+00 1.469717e-03 0.000000e+00)
238.85        	5.722420e-07	(0.000000e+00 1.469717e-03 0.000000e+00)
238.9         	5.722448e-07	(0.000000e+00 1.469717e-03 0.000000e+00)
238.95        	5.722476e-07	(0.000000e+00 1.469717e-03 0.000000e+00)
239           	5.722504e-07	(0.000000e+00 1.469717e-03 0.000000e+00)
239.05        	5.722532e-07	(0.000000e+00 1.469717e-03 0.000000e+00)
239.1         	5.722560e-07	(0.000000e+00 1.469717e-03 0.000000e+00)
239.15        	5.722588e-07	(0.000000e+00 1.469717e-03 0.000000e+00)
239.2         	5.722616e-07	(0.000000e+00 1.469717e-03 0.000000e+00)
239.25        	5.722643e-07	(0.000000e+00 1.469717e-03 0.000000e+00)
239.3         	5.722671e-07	(0.000000e+00 1.469717e-03 0.000000e+00)
239.35        	5.722698e-07	(0.000000e+00 1.469717e-03 0.000000e+00)
239.4         	5.722726e-07	(0.000000e+00 1.469717e-03 0.000000e+00)
239.45        	5.722753e-07	(0.000000e+00 1.469717e-03 0.000000e+00)
239.5         	5.722781e-07	(0.000000e+00 1.469717e-03 0.000000e+00)
239.55        	5.722808e-07	(0.000000e+00 1.469717e-03 0.000000e+00)
239.6         	5.722835e-07	(0.000000e+00 1.469717e-03 0.000000e+00)
239.65        	5.722863e-07	(0.000000e+00 1.469717e-03 0.000000e+00)
239.7         	5.722890e-07	(0.000000e+00 1.469717e-03 0.000000e+00)
239.75        	5.722917e-07	(0.000000e+00 1.469717e-03 0.000000e+00)
239.8         	5.722944e-07	(0.000000e+00 1.469717e-03 0.000000e+00)
239.85        	5.722971e-07	(0.000000e+00 1.469717e-03 0.000000e+00)
239.9         	5.722998e-07	(0.000000e+00 1.469717e-03 0.000000e+00)
239.95        	5.723025e-07	(0.000000e+00 1.469717e-03 0.000000e+00)
240           	5.723052e-07	(0.000000e+00 1.469717e-03 0.000000e+00)
240.05        	5.723079e-07	(0.000000e+00 1.469717e-03 0.000000e+00)
240.1         	5.723106e-07	(0.000000e+00 1.469717e-03 0.000000e+00)
240.15        	5.723133e-07	(0.000000e+00 1.469717e-03 0.000000e+00)
240.2         	5.723159e-07	(0.000000e+00 1.469717e-03 0.000000e+00)
240.25        	5.723186e-07	(0.000000e+00 1.469717e-03 0.000000e+00)
240.3         	5.723213e-07	(0.000000e+00 1.469717e-03 0.000000e+00)
240.35        	5.723239e-07	(0.000000e+00 1.469717e-03 0.000000e+00)
240.4         	5.723266e-07	(0.000000e+00 1.469717e-03 0.000000e+00)
240.45        	5.723292e-07	(0.000000e+00 1.469717e-03 0.000000e+00)
240.5         	5.723319e-07	(0.000000e+00 1.469717e-03 0.000000e+00)
240.55        	5.723345e-07	(0.000000e+00 1.469717e-03 0.000000e+00)
240.6         	5.723371e-07	(0.000000e+00 1.469717e-03 0.000000e+00)
240.65        	5.723398e-07	(0.000000e+00 1.469717e-03 0.000000e+00)
240.7         	5.723424e-07	(0.000000e+00 1.469717e-03 0.000000e+00)
240.75        	5.723450e-07	(0.000000e+00 1.469717e-03 0.000000e+00)
240.8         	5.723476e-07	(0.000000e+00 1.469717e-03 0.000000e+00)
240.85        	5.723502e-07	(0.000000e+00 1.469717e-03 0.000000e+00)
240.9         	5.723528e-07	(0.000000e+00 1.469717e-03 0.000000e+00)
240.95        	5.723554e-07	(0.000000e+00 1.469717e-03 0.000000e+00)
241           	5.723580e-07	(0.000000e+00 1.469717e-03 0.000000e+00)
241.05        	5.723606e-07	(0.000000e+00 1.469717e-03 0.000000e+00)
241.1         	5.723632e-07	(0.000000e+00 1.469717e-03 0.000000e+00)
241.15        	5.723658e-07	(0.000000e+00 1.469717e-03 0.000000e+00)
241.2         	5.723683e-07	(0.000000e+00 1.469717e-03 0.000000e+00)
241.25        	5.723709e-07	(0.000000e+00 1.469717e-03 0.000000e+00)
241.3         	5.723735e-07	(0.000000e+00 1.469717e-03 0.000000e+00)
241.35        	5.723760e-07	(0.000000e+00 1.469717e-03 0.000000e+00)
241.4         	5.723867e-07	(0.000000e+00 1.469717e-03 0.000000e+00)
241.45        	5.723841e-07	(0.000000e+00 1.469717e-03 0.000000e+00)
241.5         	5.723829e-07	(0.000000e+00 1.469717e-03 0.000000e+00)
241.55        	5.723834e-07	(0.000000e+00 1.469717e-03 0.000000e+00)
241.6         	5.723856e-07	(0.000000e+00 1.469717e-03 0.000000e+00)
241.65        	5.723890e-07	(0.000000e+00 1.469717e-03 0.000000e+00)
241.7         	5.723930e-07	(0.000000e+00 1.469717e-03 0.000000e+00)
241.75        	5.723969e-07	(0.000000e+00 1.469717e-03 0.000000e+00)
241.8         	5.724003e-07	(0.000000e+00 1.469717e-03 0.000000e+00)
241.85        	5.724033e-07	(0.000000e+00 1.469717e-03 0.000000e+00)
241.9         	5.724058e-07	(0.000000e+00 1.469717e-03 0.000000e+00)
241.95        	5.724080e-07	(0.000000e+00 1.469717e-03 0.000000e+00)
242           	5.724100e-07	(0.000000e+00 1.469717e-03 0.000000e+00)
242.05        	5.724120e-07	(0.000000e+00 1.469717e-03 0.000000e+00)
242.1         	5.724142e-07	(0.000000e+00 1.469717e-03 0.000000e+00)
242.15        	5.724165e-07	(0.000000e+00 1.469717e-03 0.000000e+00)
242.2         	5.724190e-07	(0.000000e+00 1.469717e-03 0.000000e+00)
242.25        	5.724216e-07	(0.000000e+00 1.469717e-03 0.000000e+00)
242.3         	5.724243e-07	(0.000000e+00 1.469717e-03 0.000000e+00)
242.35        	5.724270e-07	(0.000000e+00 1.469717e-03 0.000000e+00)
242.4         	5.724296e-07	(0.000000e+00 1.469717e-03 0.000000e+00)
242.45        	5.724321e-07	(0.000000e+00 1.469717e-03 0.000000e+00)
242.5         	5.724345e-07	(0.000000e+00 1.469717e-03 0.000000e+00)
242.55        	5.724369e-07	(0.000000e+00 1.469717e-03 0.000000e+00)
242.6         	5.724392e-07	(0.000000e+00 1.469717e-03 0.000000e+00)
242.65        	5.724416e-07	(0.000000e+00 1.469717e-03 0.000000e+00)
242.7         	5.724440e-07	(0.000000e+00 1.469717e-03 0.000000e+00)
242.75        	5.724464e-07	(0.000000e+00 1.469717e-03 0.000000e+00)
242.8         	5.724489e-07	(0.000000e+00 1.469717e-03 0.000000e+00)
242.85        	5.724514e-07	(0.000000e+00 1.469717e-03 0.000000e+00)
242.9         	5.724538e-07	(0.000000e+00 1.469717e-03 0.000000e+00)
242.95        	5.724563e-07	(0.000000e+00 1.469717e-03 0.000000e+00)
243           	5.724587e-07	(0.000000e+00 1.469717e-03 0.000000e+00)
243.05        	5.724611e-07	(0.000000e+00 1.469717e-03 0.000000e+00)
243.1         	5.724635e-07	(0.000000e+00 1.469717e-03 0.000000e+00)
243.15        	5.724659e-07	(0.000000e+00 1.469717e-03 0.000000e+00)
243.2         	5.724682e-07	(0.000000e+00 1.469717e-03 0.000000e+00)
243.25        	5.724706e-07	(0.000000e+00 1.469717e-03 0.000000e+00)
243.3         	5.724730e-07	(0.000000e+00 1.469717e-03 0.000000e+00)
243.35        	5.724754e-07	(0.000000e+00 1.469717e-03 0.000000e+00)
243.4         	5.724778e-07	(0.000000e+00 1.469717e-03 0.000000e+00)
243.45        	5.724802e-07	(0.000000e+00 1.469717e-03 0.000000e+00)
243.5         	5.724825e-07	(0.000000e+00 1.469717e-03 0.000000e+00)
243.55        	5.724849e-07	(0.000000e+00 1.469717e-03 0.000000e+00)
243.6         	5.724873e-07	(0.000000e+00 1.469717e-03 0.000000e+00)
243.65        	5.724896e-07	(0.000000e+00 1.469717e-03 0.000000e+00)
243.7         	5.724920e-07	(0.000000e+00 1.469717e-03 0.000000e+00)
243.75        	5.724943e-07	(0.000000e+00 1.469717e-03 0.000000e+00)
243.8         	5.724966e-07	(0.000000e+00 1.469717e-03 0.000000e+00)
243.85        	5.724990e-07	(0.000000e+00 1.469717e-03 0.000000e+00)
243.9         	5.725013e-07	(0.000000e+00 1.469717e-03 0.000000e+00)
243.95        	5.725036e-07	(0.000000e+00 1.469717e-03 0.000000e+00)
244           	5.725060e-07	(0.000000e+00 1.469717e-03 0.000000e+00)
244.05        	5.725083e-07	(0.000000e+00 1.469717e-03 0.000000e+00)
244.1         	5.725106e-07	(0.000000e+00 1.469717e-03 0.000000e+00)
244.15        	5.725129e-07	(0.000000e+00 1.469717e-03 0.000000e+00)
244.2         	5.725152e-07	(0.000000e+00 1.469717e-03 0.000000e+00)
244.25        	5.725175e-07	(0.000000e+00 1.469717e-03 0.000000e+00)
244.3         	5.725198e-07	(0.000000e+00 1.469717e-03 0.000000e+00)
244.35        	5.725221e-07	(0.000000e+00 1.469717e-03 0.000000e+00)
244.4         	5.725244e-07	(0.000000e+00 1.469717e-03 0.000000e+00)
244.45        	5.725267e-07	(0.000000e+00 1.469717e-03 0.000000e+00)
244.5         	5.725290e-07	(0.000000e+00 1.469717e-03 0.000000e+00)
244.55        	5.725313e-07	(0.000000e+00 1.469717e-03 0.000000e+00)
244.6         	5.725335e-07	(0.000000e+00 1.469717e-03 0.000000e+00)
244.65        	5.725358e-07	(0.000000e+00 1.469717e-03 0.000000e+00)
244.7         	5.725381e-07	(0.000000e+00 1.469717e-03 0.000000e+00)
244.75        	5.725403e-07	(0.000000e+00 1.469717e-03 0.000000e+00)
244.8         	5.725426e-07	(0.000000e+00 1.469717e-03 0.000000e+00)
244.85        	5.725448e-07	(0.000000e+00 1.469717e-03 0.000000e+00)
244.9         	5.725471e-07	(0.000000e+00 1.469717e-03 0.000000e+00)
244.95        	5.725493e-07	(0.000000e+00 1.469717e-03 0.000000e+00)
245           	5.725516e-07	(0.000000e+00 1.469717e-03 0.000000e+00)
245.05        	5.725538e-07	(0.000000e+00 1.469717e-03 0.000000e+00)
245.1         	5.725560e-07	(0.000000e+00 1.469717e-03 0.000000e+00)
245.15        	5.725583e-07	(0.000000e+00 1.469717e-03 0.000000e+00)
245.2         	5.725605e-07	(0.000000e+00 1.469717e-03 0.000000e+00)
245.25        	5.725627e-07	(0.000000e+00 1.469717e-03 0.000000e+00)
245.3         	5.725649e-07	(0.000000e+00 1.469717e-03 0.000000e+00)
245.35        	5.725671e-07	(0.000000e+00 1.469717e-03 0.000000e+00)
245.4         	5.725693e-07	(0.000000e+00 1.469717e-03 0.000000e+00)
245.45        	5.725716e-07	(0.000000e+00 1.469717e-03 0.000000e+00)
245.5         	5.725738e-07	(0.000000e+00 1.469717e-03 0.000000e+00)
245.55        	5.725759e-07	(0.000000e+00 1.469717e-03 0.000000e+00)
245.6         	5.725781e-07	(0.000000e+00 1.469717e-03 0.000000e+00)
245.65        	5.725803e-07	(0.000000e+00 1.469717e-03 0.000000e+00)
245.7         	5.725825e-07	(0.000000e+00 1.469717e-03 0.000000e+00)
245.75        	5.725847e-07	(0.000000e+00 1.469717e-03 0.000000e+00)
245.8         	5.725869e-07	(0.000000e+00 1.469717e-03 0.000000e+00)
245.85        	5.725890e-07	(0.000000e+00 1.469717e-03 0.000000e+00)
245.9         	5.725912e-07	(0.000000e+00 1.469717e-03 0.000000e+00)
245.95        	5.725934e-07	(0.000000e+00 1.469717e-03 0.000000e+00)
246           	5.725955e-07	(0.000000e+00 1.469717e-03 0.000000e+00)
246.05        	5.725977e-07	(0.000000e+00 1.469717e-03 0.000000e+00)
246.1         	5.725998e-07	(0.000000e+00 1.469717e-03 0.000000e+00)
246.15        	5.726020e-07	(0.000000e+00 1.469717e-03 0.000000e+00)
246.2         	5.726041e-07	(0.000000e+00 1.469717e-03 0.000000e+00)
246.25        	5.726063e-07	(0.000000e+00 1.469717e-03 0.000000e+00)
246.3         	5.726084e-07	(0.000000e+00 1.469717e-03 0.000000e+00)
246.35        	5.726105e-07	(0.000000e+00 1.469717e-03 0.000000e+00)
246.4         	5.726127e-07	(0.000000e+00 1.469717e-03 0.000000e+00)
246.45        	5.726148e-07	(0.000000e+00 1.469717e-03 0.000000e+00)
246.5         	5.726169e-07	(0.000000e+00 1.469717e-03 0.000000e+00)
246.55        	5.726190e-07	(0.000000e+00 1.469717e-03 0.000000e+00)
246.6         	5.726212e-07	(0.000000e+00 1.469717e-03 0.000000e+00)
246.65        	5.726233e-07	(0.000000e+00 1.469717e-03 0.000000e+00)
246.7         	5.726254e-07	(0.000000e+00 1.469717e-03 0.000000e+00)
246.75        	5.726275e-07	(0.000000e+00 1.469717e-03 0.000000e+00)
246.8         	5.726296e-07	(0.000000e+00 1.469717e-03 0.000000e+00)
246.85        	5.726317e-07	(0.000000e+00 1.469717e-03 0.000000e+00)
246.9         	5.726338e-07	(0.000000e+00 1.469717e-03 0.000000e+00)
246.95        	5.726358e-07	(0.000000e+00 1.469717e-03 0.000000e+00)
247           	5.726379e-07	(0.000000e+00 1.469717e-03 0.000000e+00)
247.05        	5.726400e-07	(0.000000e+00 1.469717e-03 0.000000e+00)
247.1         	5.726421e-07	(0.000000e+00 1.469717e-03 0.000000e+00)
247.15        	5.726442e-07	(0.000000e+00 1.469717e-03 0.000000e+00)
247.2         	5.726462e-07	(0.000000e+00 1.469717e-03 0.000000e+00)
247.25        	5.726483e-07	(0.000000e+00 1.469717e-03 0.000000e+00)
247.3         	5.726503e-07	(0.000000e+00 1.469717e-03 0.000000e+00)
247.35        	5.726524e-07	(0.000000e+00 1.469717e-03 0.000000e+00)
247.4         	5.726545e-07	(0.000000e+00 1.469717e-03 0.000000e+00)
247.45        	5.726565e-07	(0.000000e+00 1.469717e-03 0.000000e+00)
247.5         	5.726585e-07	(0.000000e+00 1.469717e-03 0.000000e+00)
247.55        	5.726606e-07	(0.000000e+00 1.469717e-03 0.000000e+00)
247.6         	5.726626e-07	(0.000000e+00 1.469717e-03 0.000000e+00)
247.65        	5.726647e-07	(0.000000e+00 1.469717e-03 0.000000e+00)
247.7         	5.726667e-07	(0.000000e+00 1.469717e-03 0.000000e+00)
247.75        	5.726687e-07	(0.000000e+00 1.469717e-03 0.000000e+00)
247.8         	5.726707e-07	(0.000000e+00 1.469717e-03 0.000000e+00)
247.85        	5.726728e-07	(0.000000e+00 1.469717e-03 0.000000e+00)
247.9         	5.726748e-07	(0.000000e+00 1.469717e-03 0.000000e+00)
247.95        	5.726768e-07	(0.000000e+00 1.469717e-03 0.000000e+00)
248           	5.726788e-07	(0.000000e+00 1.469717e-03 0.000000e+00)
248.05        	5.726808e-07	(0.000000e+00 1.469717e-03 0.000000e+00)
248.1         	5.726828e-07	(0.000000e+00 1.469717e-03 0.000000e+00)
248.15        	5.726848e-07	(0.000000e+00 1.469717e-03 0.000000e+00)
248.2         	5.726868e-07	(0.000000e+00 1.469717e-03 0.000000e+00)
248.25        	5.726888e-07	(0.000000e+00 1.469717e-03 0.000000e+00)
248.3         	5.726908e-07	(0.000000e+00 1.469717e-03 0.000000e+00)
248.35        	5.726928e-07	(0.000000e+00 1.469717e-03 0.000000e+00)
248.4         	5.726947e-07	(0.000000e+00 1.469717e-03 0.000000e+00)
248.45        	5.726967e-07	(0.000000e+00 1.469717e-03 0.000000e+00)
248.5         	5.726987e-07	(0.000000e+00 1.469717e-03 0.000000e+00)
248.55        	5.727007e-07	(0.000000e+00 1.469717e-03 0.000000e+00)
248.6         	5.727026e-07	(0.000000e+00 1.469717e-03 0.000000e+00)
248.65        	5.727046e-07	(0.000000e+00 1.469717e-03 0.000000e+00)
248.7         	5.727065e-07	(0.000000e+00 1.469717e-03 0.000000e+00)
248.75        	5.727085e-07	(0.000000e+00 1.469717e-03 0.000000e+00)
248.8         	5.727104e-07	(0.000000e+00 1.469717e-03 0.000000e+00)
248.85        	5.727124e-07	(0.000000e+00 1.469717e-03 0.000000e+00)
248.9         	5.727143e-07	(0.000000e+00 1.469717e-03 0.000000e+00)
248.95        	5.727163e-07	(0.000000e+00 1.469717e-03 0.000000e+00)
249           	5.727182e-07	(0.000000e+00 1.469717e-03 0.000000e+00)
249.05        	5.727201e-07	(0.000000e+00 1.469717e-03 0.000000e+00)
249.1         	5.727221e-07	(0.000000e+00 1.469717e-03 0.000000e+00)
249.15        	5.727240e-07	(0.000000e+00 1.469717e-03 0.000000e+00)
249.2         	5.727259e-07	(0.000000e+00 1.469717e-03 0.000000e+00)
249.25        	5.727278e-07	(0.000000e+00 1.469717e-03 0.000000e+00)
249.3         	5.727298e-07	(0.000000e+00 1.469717e-03 0.000000e+00)
249.35        	5.727317e-07	(0.000000e+00 1.469717e-03 0.000000e+00)
249.4         	5.727336e-07	(0.000000e+00 1.469717e-03 0.000000e+00)
249.45        	5.727355e-07	(0.000000e+00 1.469717e-03 0.000000e+00)
249.5         	5.727374e-07	(0.000000e+00 1.469717e-03 0.000000e+00)
249.55        	5.727393e-07	(0.000000e+00 1.469717e-03 0.000000e+00)
249.6         	5.727412e-07	(0.000000e+00 1.469717e-03 0.000000e+00)
249.65        	5.727431e-07	(0.000000e+00 1.469717e-03 0.000000e+00)
249.7         	5.727450e-07	(0.000000e+00 1.469717e-03 0.000000e+00)
249.75        	5.727468e-07	(0.000000e+00 1.469717e-03 0.000000e+00)
249.8         	5.727487e-07	(0.000000e+00 1.469717e-03 0.000000e+00)
249.85        	5.727506e-07	(0.000000e+00 1.469717e-03 0.000000e+00)
249.9         	5.727525e-07	(0.000000e+00 1.469717e-03 0.000000e+00)
249.95        	5.727543e-07	(0.000000e+00 1.469717e-03 0.000000e+00)
250           	5.727562e-07	(0.000000e+00 1.469717e-03 0.000000e+00)
250.05        	5.727581e-07	(0.000000e+00 1.469717e-03 0.000000e+00)
250.1         	5.727599e-07	(0.000000e+00 1.469717e-03 0.000000e+00)
250.15        	5.727618e-07	(0.000000e+00 1.469717e-03 0.000000e+00)
250.2         	5.727636e-07	(0.000000e+00 1.469717e-03 0.000000e+00)
250.25        	5.727655e-07	(0.000000e+00 1.469717e-03 0.000000e+00)
250.3         	5.727673e-07	(0.000000e+00 1.469717e-03 0.000000e+00)
250.35        	5.727692e-07	(0.000000e+00 1.469717e-03 0.000000e+00)
250.4         	5.727710e-07	(0.000000e+00 1.469717e-03 0.000000e+00)
250.45        	5.727729e-07	(0.000000e+00 1.469717e-03 0.000000e+00)
250.5         	5.727747e-07	(0.000000e+00 1.469717e-03 0.000000e+00)
250.55        	5.727765e-07	(0.000000e+00 1.469717e-03 0.000000e+00)
250.6         	5.727784e-07	(0.000000e+00 1.469717e-03 0.000000e+00)
250.65        	5.727802e-07	(0.000000e+00 1.469717e-03 0.000000e+00)
250.7         	5.727820e-07	(0.000000e+00 1.469717e-03 0.000000e+00)
250.75        	5.727838e-07	(0.000000e+00 1.469717e-03 0.000000e+00)
250.8         	5.727856e-07	(0.000000e+00 1.469717e-03 0.000000e+00)
250.85        	5.727875e-07	(0.000000e+00 1.469717e-03 0.000000e+00)
250.9         	5.727893e-07	(0.000000e+00 1.469717e-03 0.000000e+00)
250.95        	5.727911e-07	(0.000000e+00 1.469717e-03 0.000000e+00)
251           	5.727929e-07	(0.000000e+00 1.469717e-03 0.000000e+00)
251.05        	5.727947e-07	(0.000000e+00 1.469717e-03 0.000000e+00)
251.1         	5.727965e-07	(0.000000e+00 1.469717e-03 0.000000e+00)
251.15        	5.727983e-07	(0.000000e+00 1.469717e-03 0.000000e+00)
251.2         	5.728000e-07	(0.000000e+00 1.469717e-03 0.000000e+00)
251.25        	5.728018e-07	(0.000000e+00 1.469717e-03 0.000000e+00)
251.3         	5.728036e-07	(0.000000e+00 1.469717e-03 0.000000e+00)
251.35        	5.728054e-07	(0.000000e+00 1.469717e-03 0.000000e+00)
251.4         	5.728072e-07	(0.000000e+00 1.469717e-03 0.000000e+00)
251.45        	5.728089e-07	(0.000000e+00 1.469717e-03 0.000000e+00)
251.5         	5.728107e-07	(0.000000e+00 1.469717e-03 0.000000e+00)
251.55        	5.728125e-07	(0.000000e+00 1.469717e-03 0.000000e+00)
251.6         	5.728142e-07	(0.000000e+00 1.469717e-03 0.000000e+00)
251.65        	5.728160e-07	(0.000000e+00 1.469717e-03 0.000000e+00)
251.7         	5.728177e-07	(0.000000e+00 1.469717e-03 0.000000e+00)
251.75        	5.728195e-07	(0.000000e+00 1.469717e-03 0.000000e+00)
251.8         	5.728212e-07	(0.000000e+00 1.469717e-03 0.000000e+00)
251.85        	5.728230e-07	(0.000000e+00 1.469717e-03 0.000000e+00)
251.9         	5.728247e-07	(0.000000e+00 1.469717e-03 0.000000e+00)
251.95        	5.728265e-07	(0.000000e+00 1.469717e-03 0.000000e+00)
252           	5.728282e-07	(0.000000e+00 1.469717e-03 0.000000e+00)
252.05        	5.728299e-07	(0.000000e+00 1.469717e-03 0.000000e+00)
252.1         	5.728317e-07	(0.000000e+00 1.469717e-03 0.000000e+00)
252.15        	5.728334e-07	(0.000000e+00 1.469717e-03 0.000000e+00)
252.2         	5.728351e-07	(0.000000e+00 1.469717e-03 0.000000e+00)
252.25        	5.728368e-07	(0.000000e+00 1.469717e-03 0.000000e+00)
252.3         	5.728386e-07	(0.000000e+00 1.469717e-03 0.000000e+00)
252.35        	5.728403e-07	(0.000000e+00 1.469717e-03 0.000000e+00)
252.4         	5.728420e-07	(0.000000e+00 1.469717e-03 0.000000e+00)
252.45        	5.728437e-07	(0.000000e+00 1.469717e-03 0.000000e+00)
252.5         	5.728454e-07	(0.000000e+00 1.469717e-03 0.000000e+00)
252.55        	5.728471e-07	(0.000000e+00 1.469717e-03 0.000000e+00)
252.6         	5.728488e-07	(0.000000e+00 1.469717e-03 0.000000e+00)
252.65        	5.728505e-07	(0.000000e+00 1.469717e-03 0.000000e+00)
252.7         	5.728522e-07	(0.000000e+00 1.469717e-03 0.000000e+00)
252.75        	5.728539e-07	(0.000000e+00 1.469717e-03 0.000000e+00)
252.8         	5.728556e-07	(0.000000e+00 1.469717e-03 0.000000e+00)
252.85        	5.728573e-07	(0.000000e+00 1.469717e-03 0.000000e+00)
252.9         	5.728590e-07	(0.000000e+00 1.469717e-03 0.000000e+00)
252.95        	5.728606e-07	(0.000000e+00 1.469717e-03 0.000000e+00)
253           	5.728623e-07	(0.000000e+00 1.469717e-03 0.000000e+00)
253.05        	5.728640e-07	(0.000000e+00 1.469717e-03 0.000000e+00)
253.1         	5.728656e-07	(0.000000e+00 1.469717e-03 0.000000e+00)
253.15        	5.728673e-07	(0.000000e+00 1.469717e-03 0.000000e+00)
253.2         	5.728690e-07	(0.000000e+00 1.469717e-03 0.000000e+00)
253.25        	5.728706e-07	(0.000000e+00 1.469717e-03 0.000000e+00)
253.3         	5.728723e-07	(0.000000e+00 1.469717e-03 0.000000e+00)
253.35        	5.728739e-07	(0.000000e+00 1.469717e-03 0.000000e+00)
253.4         	5.728756e-07	(0.000000e+00 1.469717e-03 0.000000e+00)
253.45        	5.728772e-07	(0.000000e+00 1.469717e-03 0.000000e+00)
253.5         	5.728789e-07	(0.000000e+00 1.469717e-03 0.000000e+00)
253.55        	5.728805e-07	(0.000000e+00 1.469717e-03 0.000000e+00)
253.6         	5.728822e-07	(0.000000e+00 1.469717e-03 0.000000e+00)
253.65        	5.728838e-07	(0.000000e+00 1.469717e-03 0.000000e+00)
253.7         	5.728854e-07	(0.000000e+00 1.469717e-03 0.000000e+00)
253.75        	5.728871e-07	(0.000000e+00 1.469717e-03 0.000000e+00)
253.8         	5.728887e-07	(0.000000e+00 1.469717e-03 0.000000e+00)
253.85        	5.728903e-07	(0.000000e+00 1.469717e-03 0.000000e+00)
253.9         	5.728919e-07	(0.000000e+00 1.469717e-03 0.000000e+00)
253.95        	5.728936e-07	(0.000000e+00 1.469717e-03 0.000000e+00)
254           	5.728952e-07	(0.000000e+00 1.469717e-03 0.000000e+00)
254.05        	5.728968e-07	(0.000000e+00 1.469717e-03 0.000000e+00)
254.1         	5.728984e-07	(0.000000e+00 1.469717e-03 0.000000e+00)
254.15        	5.729000e-07	(0.000000e+00 1.469717e-03 0.000000e+00)
254.2         	5.729016e-07	(0.000000e+00 1.469717e-03 0.000000e+00)
254.25        	5.729032e-07	(0.000000e+00 1.469717e-03 0.000000e+00)
254.3         	5.729048e-07	(0.000000e+00 1.469717e-03 0.000000e+00)
254.35        	5.729064e-07	(0.000000e+00 1.469717e-03 0.000000e+00)
254.4         	5.729080e-07	(0.000000e+00 1.469717e-03 0.000000e+00)
254.45        	5.729096e-07	(0.000000e+00 1.469717e-03 0.000000e+00)
254.5         	5.729112e-07	(0.000000e+00 1.469717e-03 0.000000e+00)
254.55        	5.729128e-07	(0.000000e+00 1.469717e-03 0.000000e+00)
254.6         	5.729143e-07	(0.000000e+00 1.469717e-03 0.000000e+00)
254.65        	5.729159e-07	(0.000000e+00 1.469717e-03 0.000000e+00)
254.7         	5.729175e-07	(0.000000e+00 1.469717e-03 0.000000e+00)
254.75        	5.729191e-07	(0.000000e+00 1.469717e-03 0.000000e+00)
254.8         	5.729206e-07	(0.000000e+00 1.469717e-03 0.000000e+00)
254.85        	5.729222e-07	(0.000000e+00 1.469717e-03 0.000000e+00)
254.9         	5.729238e-07	(0.000000e+00 1.469717e-03 0.000000e+00)
254.95        	5.729253e-07	(0.000000e+00 1.469717e-03 0.000000e+00)
255           	5.729269e-07	(0.000000e+00 1.469717e-03 0.000000e+00)
255.05        	5.729284e-07	(0.000000e+00 1.469717e-03 0.000000e+00)
255.1         	5.729300e-07	(0.000000e+00 1.469717e-03 0.000000e+00)
255.15        	5.729315e-07	(0.000000e+00 1.469717e-03 0.000000e+00)
255.2         	5.729331e-07	(0.000000e+00 1.469717e-03 0.000000e+00)
255.25        	5.729346e-07	(0.000000e+00 1.469717e-03 0.000000e+00)
255.3         	5.729362e-07	(0.000000e+00 1.469717e-03 0.000000e+00)
255.35        	5.729377e-07	(0.000000e+00 1.469717e-03 0.000000e+00)
255.4         	5.729392e-07	(0.000000e+00 1.469717e-03 0.000000e+00)
255.45        	5.729408e-07	(0.000000e+00 1.469717e-03 0.000000e+00)
255.5         	5.729423e-07	(0.000000e+00 1.469717e-03 0.000000e+00)
255.55        	5.729438e-07	(0.000000e+00 1.469717e-03 0.000000e+00)
255.6         	5.729453e-07	(0.000000e+00 1.469717e-03 0.000000e+00)
255.65        	5.729469e-07	(0.000000e+00 1.469717e-03 0.000000e+00)
255.7         	5.729484e-07	(0.000000e+00 1.469717e-03 0.000000e+00)
255.75        	5.729499e-07	(0.000000e+00 1.469717e-03 0.000000e+00)
255.8         	5.729514e-07	(0.000000e+00 1.469717e-03 0.000000e+00)
255.85        	5.729529e-07	(0.000000e+00 1.469717e-03 0.000000e+00)
255.9         	5.729544e-07	(0.000000e+00 1.469717e-03 0.000000e+00)
255.95        	5.729559e-07	(0.000000e+00 1.469717e-03 0.000000e+00)
256           	5.729574e-07	(0.000000e+00 1.469717e-03 0.000000e+00)
256.05        	5.729589e-07	(0.000000e+00 1.469717e-03 0.000000e+00)
256.1         	5.729604e-07	(0.000000e+00 1.469717e-03 0.000000e+00)
256.15        	5.729619e-07	(0.000000e+00 1.469717e-03 0.000000e+00)
256.2         	5.729634e-07	(0.000000e+00 1.469717e-03 0.000000e+00)
256.25        	5.729649e-07	(0.000000e+00 1.469717e-03 0.000000e+00)
256.3         	5.729664e-07	(0.000000e+00 1.469717e-03 0.000000e+00)
256.35        	5.729679e-07	(0.000000e+00 1.469717e-03 0.000000e+00)
256.4         	5.729694e-07	(0.000000e+00 1.469717e-03 0.000000e+00)
256.45        	5.729708e-07	(0.000000e+00 1.469717e-03 0.000000e+00)
256.5         	5.729723e-07	(0.000000e+00 1.469717e-03 0.000000e+00)
256.55        	5.729738e-07	(0.000000e+00 1.469717e-03 0.000000e+00)
256.6         	5.729752e-07	(0.000000e+00 1.469717e-03 0.000000e+00)
256.65        	5.729767e-07	(0.000000e+00 1.469717e-03 0.000000e+00)
256.7         	5.729782e-07	(0.000000e+00 1.469717e-03 0.000000e+00)
256.75        	5.729796e-07	(0.000000e+00 1.469717e-03 0.000000e+00)
256.8         	5.729811e-07	(0.000000e+00 1.469717e-03 0.000000e+00)
256.85        	5.729826e-07	(0.000000e+00 1.469717e-03 0.000000e+00)
256.9         	5.729840e-07	(0.000000e+00 1.469717e-03 0.000000e+00)
256.95        	5.729855e-07	(0.000000e+00 1.469717e-03 0.000000e+00)
257           	5.729869e-07	(0.000000e+00 1.469717e-03 0.000000e+00)
257.05        	5.729884e-07	(0.000000e+00 1.469717e-03 0.000000e+00)
257.1         	5.729898e-07	(0.000000e+00 1.469717e-03 0.000000e+00)
257.15        	5.729912e-07	(0.000000e+00 1.469717e-03 0.000000e+00)
257.2         	5.729927e-07	(0.000000e+00 1.469717e-03 0.000000e+00)
257.25        	5.729941e-07	(0.000000e+00 1.469717e-03 0.000000e+00)
257.3         	5.729955e-07	(0.000000e+00 1.469717e-03 0.000000e+00)
257.35        	5.729970e-07	(0.000000e+00 1.469717e-03 0.000000e+00)
257.4         	5.729984e-07	(0.000000e+00 1.469717e-03 0.000000e+00)
257.45        	5.729998e-07	(0.000000e+00 1.469717e-03 0.000000e+00)
257.5         	5.730013e-07	(0.000000e+00 1.469717e-03 0.000000e+00)
257.55        	5.730027e-07	(0.000000e+00 1.469717e-03 0.000000e+00)
257.6         	5.730041e-07	(0.000000e+00 1.469717e-03 0.000000e+00)
257.65        	5.730055e-07	(0.000000e+00 1.469717e-03 0.000000e+00)
257.7         	5.730069e-07	(0.000000e+00 1.469717e-03 0.000000e+00)
257.75        	5.730083e-07	(0.000000e+00 1.469717e-03 0.000000e+00)
257.8         	5.730097e-07	(0.000000e+00 1.469717e-03 0.000000e+00)
257.85        	5.730111e-07	(0.000000e+00 1.469717e-03 0.000000e+00)
257.9         	5.730125e-07	(0.000000e+00 1.469717e-03 0.000000e+00)
257.95        	5.730139e-07	(0.000000e+00 1.469717e-03 0.000000e+00)
258           	5.730153e-07	(0.000000e+00 1.469717e-03 0.000000e+00)
258.05        	5.730167e-07	(0.000000e+00 1.469717e-03 0.000000e+00)
258.1         	5.730181e-07	(0.000000e+00 1.469717e-03 0.000000e+00)
258.15        	5.730195e-07	(0.000000e+00 1.469717e-03 0.000000e+00)
258.2         	5.730209e-07	(0.000000e+00 1.469717e-03 0.000000e+00)
258.25        	5.730223e-07	(0.000000e+00 1.469717e-03 0.000000e+00)
258.3         	5.730237e-07	(0.000000e+00 1.469717e-03 0.000000e+00)
258.35        	5.730250e-07	(0.000000e+00 1.469717e-03 0.000000e+00)
258.4         	5.730264e-07	(0.000000e+00 1.469717e-03 0.000000e+00)
258.45        	5.730278e-07	(0.000000e+00 1.469717e-03 0.000000e+00)
258.5         	5.730292e-07	(0.000000e+00 1.469717e-03 0.000000e+00)
258.55        	5.730305e-07	(0.000000e+00 1.469717e-03 0.000000e+00)
258.6         	5.730319e-07	(0.000000e+00 1.469717e-03 0.000000e+00)
258.65        	5.730333e-07	(0.000000e+00 1.469717e-03 0.000000e+00)
258.7         	5.730346e-07	(0.000000e+00 1.469717e-03 0.000000e+00)
258.75        	5.730360e-07	(0.000000e+00 1.469717e-03 0.000000e+00)
258.8         	5.730374e-07	(0.000000e+00 1.469717e-03 0.000000e+00)
258.85        	5.730387e-07	(0.000000e+00 1.469717e-03 0.000000e+00)
258.9         	5.730401e-07	(0.000000e+00 1.469717e-03 0.000000e+00)
258.95        	5.730414e-07	(0.000000e+00 1.469717e-03 0.000000e+00)
259           	5.730428e-07	(0.000000e+00 1.469717e-03 0.000000e+00)
259.05        	5.730441e-07	(0.000000e+00 1.469717e-03 0.000000e+00)
259.1         	5.730454e-07	(0.000000e+00 1.469717e-03 0.000000e+00)
259.15        	5.730468e-07	(0.000000e+00 1.469717e-03 0.000000e+00)
259.2         	5.730481e-07	(0.000000e+00 1.469717e-03 0.000000e+00)
259.25        	5.730495e-07	(0.000000e+00 1.469717e-03 0.000000e+00)
259.3         	5.730508e-07	(0.000000e+00 1.469717e-03 0.000000e+00)
259.35        	5.730521e-07	(0.000000e+00 1.469717e-03 0.000000e+00)
259.4         	5.730535e-07	(0.000000e+00 1.469717e-03 0.000000e+00)
259.45        	5.730548e-07	(0.000000e+00 1.469717e-03 0.000000e+00)
259.5         	5.730561e-07	(0.000000e+00 1.469717e-03 0.000000e+00)
259.55        	5.730574e-07	(0.000000e+00 1.469717e-03 0.000000e+00)
259.6         	5.730587e-07	(0.000000e+00 1.469717e-03 0.000000e+00)
259.65        	5.730601e-07	(0.000000e+00 1.469717e-03 0.000000e+00)
259.7         	5.730614e-07	(0.000000e+00 1.469717e-03 0.000000e+00)
259.75        	5.730627e-07	(0.000000e+00 1.469717e-03 0.000000e+00)
259.8         	5.730640e-07	(0.000000e+00 1.469717e-03 0.000000e+00)
259.85        	5.730653e-07	(0.000000e+00 1.469717e-03 0.000000e+00)
259.9         	5.730666e-07	(0.000000e+00 1.469717e-03 0.000000e+00)
259.95        	5.730679e-07	(0.000000e+00 1.469717e-03 0.000000e+00)
260           	5.730692e-07	(0.000000e+00 1.469717e-03 0.000000e+00)
260.05        	5.730705e-07	(0.000000e+00 1.469717e-03 0.000000e+00)
260.1         	5.730718e-07	(0.000000e+00 1.469717e-03 0.000000e+00)
260.15        	5.730731e-07	(0.000000e+00 1.469717e-03 0.000000e+00)
260.2         	5.730744e-07	(0.000000e+00 1.469717e-03 0.000000e+00)
260.25        	5.730757e-07	(0.000000e+00 1.469717e-03 0.000000e+00)
260.3         	5.730770e-07	(0.000000e+00 1.469717e-03 0.000000e+00)
260.35        	5.730782e-07	(0.000000e+00 1.469717e-03 0.000000e+00)
260.4         	5.730795e-07	(0.000000e+00 1.469717e-03 0.000000e+00)
260.45        	5.730808e-07	(0.000000e+00 1.469717e-03 0.000000e+00)
260.5         	5.730821e-07	(0.000000e+00 1.469717e-03 0.000000e+00)
260.55        	5.730833e-07	(0.000000e+00 1.469717e-03 0.000000e+00)
260.6         	5.730846e-07	(0.000000e+00 1.469717e-03 0.000000e+00)
260.65        	5.730859e-07	(0.000000e+00 1.469717e-03 0.000000e+00)
260.7         	5.730872e-07	(0.000000e+00 1.469717e-03 0.000000e+00)
260.75        	5.730884e-07	(0.000000e+00 1.469717e-03 0.000000e+00)
260.8         	5.730897e-07	(0.000000e+00 1.469717e-03 0.000000e+00)
260.85        	5.730909e-07	(0.000000e+00 1.469717e-03 0.000000e+00)
260.9         	5.730922e-07	(0.000000e+00 1.469717e-03 0.000000e+00)
260.95        	5.730935e-07	(0.000000e+00 1.469717e-03 0.000000e+00)
261           	5.730947e-07	(0.000000e+00 1.469717e-03 0.000000e+00)
261.05        	5.730960e-07	(0.000000e+00 1.469717e-03 0.000000e+00)
261.1         	5.730972e-07	(0.000000e+00 1.469717e-03 0.000000e+00)
261.15        	5.730985e-07	(0.000000e+00 1.469717e-03 0.000000e+00)
261.2         	5.730997e-07	(0.000000e+00 1.469717e-03 0.000000e+00)
261.25        	5.731009e-07	(0.000000e+00 1.469717e-03 0.000000e+00)
261.3         	5.731022e-07	(0.000000e+00 1.469717e-03 0.000000e+00)
261.35        	5.731034e-07	(0.000000e+00 1.469717e-03 0.000000e+00)
261.4         	5.731047e-07	(0.000000e+00 1.469717e-03 0.000000e+00)
261.45        	5.731059e-07	(0.000000e+00 1.469717e-03 0.000000e+00)
261.5         	5.731071e-07	(0.000000e+00 1.469717e-03 0.000000e+00)
261.55        	5.731084e-07	(0.000000e+00 1.469717e-03 0.000000e+00)
261.6         	5.731096e-07	(0.000000e+00 1.469717e-03 0.000000e+00)
261.65        	5.731108e-07	(0.000000e+00 1.469717e-03 0.000000e+00)
261.7         	5.731120e-07	(0.000000e+00 1.469717e-03 0.000000e+00)
261.75        	5.731132e-07	(0.000000e+00 1.469717e-03 0.000000e+00)
261.8         	5.731145e-07	(0.000000e+00 1.469717e-03 0.000000e+00)
261.85        	5.731157e-07	(0.000000e+00 1.469717e-03 0.000000e+00)
261.9         	5.731169e-07	(0.000000e+00 1.469717e-03 0.000000e+00)
261.95        	5.731181e-07	(0.000000e+00 1.469717e-03 0.000000e+00)
262           	5.731193e-07	(0.000000e+00 1.469717e-03 0.000000e+00)
262.05        	5.731205e-07	(0.000000e+00 1.469717e-03 0.000000e+00)
262.1         	5.731217e-07	(0.000000e+00 1.469717e-03 0.000000e+00)
262.15        	5.731229e-07	(0.000000e+00 1.469717e-03 0.000000e+00)
262.2         	5.731241e-07	(0.000000e+00 1.469717e-03 0.000000e+00)
262.25        	5.731253e-07	(0.000000e+00 1.469717e-03 0.000000e+00)
262.3         	5.731265e-07	(0.000000e+00 1.469717e-03 0.000000e+00)
262.35        	5.731277e-07	(0.000000e+00 1.469717e-03 0.000000e+00)
262.4         	5.731289e-07	(0.000000e+00 1.469717e-03 0.000000e+00)
262.45        	5.731301e-07	(0.000000e+00 1.469717e-03 0.000000e+00)
262.5         	5.731313e-07	(0.000000e+00 1.469717e-03 0.000000e+00)
262.55        	5.731325e-07	(0.000000e+00 1.469717e-03 0.000000e+00)
262.6         	5.731337e-07	(0.000000e+00 1.469717e-03 0.000000e+00)
262.65        	5.731348e-07	(0.000000e+00 1.469717e-03 0.000000e+00)
262.7         	5.731360e-07	(0.000000e+00 1.469717e-03 0.000000e+00)
262.75        	5.731372e-07	(0.000000e+00 1.469717e-03 0.000000e+00)
262.8         	5.731384e-07	(0.000000e+00 1.469717e-03 0.000000e+00)
262.85        	5.731395e-07	(0.000000e+00 1.469717e-03 0.000000e+00)
262.9         	5.731407e-07	(0.000000e+00 1.469717e-03 0.000000e+00)
262.95        	5.731418e-07	(0.000000e+00 1.469717e-03 0.000000e+00)
263           	5.731430e-07	(0.000000e+00 1.469717e-03 0.000000e+00)
263.05        	5.731442e-07	(0.000000e+00 1.469717e-03 0.000000e+00)
263.1         	5.731454e-07	(0.000000e+00 1.469717e-03 0.000000e+00)
263.15        	5.731465e-07	(0.000000e+00 1.469717e-03 0.000000e+00)
263.2         	5.731477e-07	(0.000000e+00 1.469717e-03 0.000000e+00)
263.25        	5.731488e-07	(0.000000e+00 1.469717e-03 0.000000e+00)
263.3         	5.731500e-07	(0.000000e+00 1.469717e-03 0.000000e+00)
263.35        	5.731511e-07	(0.000000e+00 1.469717e-03 0.000000e+00)
263.4         	5.731523e-07	(0.000000e+00 1.469717e-03 0.000000e+00)
263.45        	5.731534e-07	(0.000000e+00 1.469717e-03 0.000000e+00)
263.5         	5.731546e-07	(0.000000e+00 1.469717e-03 0.000000e+00)
263.55        	5.731557e-07	(0.000000e+00 1.469717e-03 0.000000e+00)
263.6         	5.731568e-07	(0.000000e+00 1.469717e-03 0.000000e+00)
263.65        	5.731579e-07	(0.000000e+00 1.469717e-03 0.000000e+00)
263.7         	5.731591e-07	(0.000000e+00 1.469717e-03 0.000000e+00)
263.75        	5.731602e-07	(0.000000e+00 1.469717e-03 0.000000e+00)
263.8         	5.731614e-07	(0.000000e+00 1.469717e-03 0.000000e+00)
263.85        	5.731624e-07	(0.000000e+00 1.469717e-03 0.000000e+00)
263.9         	5.731636e-07	(0.000000e+00 1.469717e-03 0.000000e+00)
263.95        	5.731647e-07	(0.000000e+00 1.469717e-03 0.000000e+00)
264           	5.731659e-07	(0.000000e+00 1.469717e-03 0.000000e+00)
264.05        	5.731669e-07	(0.000000e+00 1.469717e-03 0.000000e+00)
264.1         	5.731681e-07	(0.000000e+00 1.469717e-03 0.000000e+00)
264.15        	5.731692e-07	(0.000000e+00 1.469717e-03 0.000000e+00)
264.2         	5.731703e-07	(0.000000e+00 1.469717e-03 0.000000e+00)
264.25        	5.731714e-07	(0.000000e+00 1.469717e-03 0.000000e+00)
264.3         	5.731726e-07	(0.000000e+00 1.469717e-03 0.000000e+00)
264.35        	5.731736e-07	(0.000000e+00 1.469717e-03 0.000000e+00)
264.4         	5.731748e-07	(0.000000e+00 1.469717e-03 0.000000e+00)
264.45        	5.731758e-07	(0.000000e+00 1.469717e-03 0.000000e+00)
264.5         	5.731770e-07	(0.000000e+00 1.469717e-03 0.000000e+00)
264.55        	5.731780e-07	(0.000000e+00 1.469717e-03 0.000000e+00)
264.6         	5.731792e-07	(0.000000e+00 1.469717e-03 0.000000e+00)
264.65        	5.731802e-07	(0.000000e+00 1.469717e-03 0.000000e+00)
264.7         	5.731814e-07	(0.000000e+00 1.469717e-03 0.000000e+00)
264.75        	5.731824e-07	(0.000000e+00 1.469717e-03 0.000000e+00)
264.8         	5.731836e-07	(0.000000e+00 1.469717e-03 0.000000e+00)
264.85        	5.731846e-07	(0.000000e+00 1.469717e-03 0.000000e+00)
264.9         	5.731858e-07	(0.000000e+00 1.469717e-03 0.000000e+00)
264.95        	5.731869e-07	(0.000000e+00 1.469717e-03 0.000000e+00)
265           	5.731881e-07	(0.000000e+00 1.469717e-03 0.000000e+00)
265.05        	5.731891e-07	(0.000000e+00 1.469717e-03 0.000000e+00)
265.1         	5.731903e-07	(0.000000e+00 1.469717e-03 0.000000e+00)
265.15        	5.731913e-07	(0.000000e+00 1.469717e-03 0.000000e+00)
265.2         	5.731924e-07	(0.000000e+00 1.469717e-03 0.000000e+00)
265.25        	5.731934e-07	(0.000000e+00 1.469717e-03 0.000000e+00)
265.3         	5.731945e-07	(0.000000e+00 1.469717e-03 0.000000e+00)
265.35        	5.731955e-07	(0.000000e+00 1.469717e-03 0.000000e+00)
265.4         	5.731966e-07	(0.000000e+00 1.469717e-03 0.000000e+00)
265.45        	5.731976e-07	(0.000000e+00 1.469717e-03 0.000000e+00)
265.5         	5.731988e-07	(0.000000e+00 1.469717e-03 0.000000e+00)
265.55        	5.731998e-07	(0.000000e+00 1.469717e-03 0.000000e+00)
265.6         	5.732009e-07	(0.000000e+00 1.469717e-03 0.000000e+00)
265.65        	5.732019e-07	(0.000000e+00 1.469717e-03 0.000000e+00)
265.7         	5.732030e-07	(0.000000e+00 1.469717e-03 0.000000e+00)
265.75        	5.732040e-07	(0.000000e+00 1.469717e-03 0.000000e+00)
265.8         	5.732052e-07	(0.000000e+00 1.469717e-03 0.000000e+00)
265.85        	5.732062e-07	(0.000000e+00 1.469717e-03 0.000000e+00)
265.9         	5.732073e-07	(0.000000e+00 1.469717e-03 0.000000e+00)
265.95        	5.732083e-07	(0.000000e+00 1.469717e-03 0.000000e+00)
266           	5.732094e-07	(0.000000e+00 1.469717e-03 0.000000e+00)
266.05        	5.732103e-07	(0.000000e+00 1.469717e-03 0.000000e+00)
266.1         	5.732115e-07	(0.000000e+00 1.469717e-03 0.000000e+00)
266.15        	5.732124e-07	(0.000000e+00 1.469717e-03 0.000000e+00)
266.2         	5.732135e-07	(0.000000e+00 1.469717e-03 0.000000e+00)
266.25        	5.732145e-07	(0.000000e+00 1.469717e-03 0.000000e+00)
266.3         	5.732156e-07	(0.000000e+00 1.469717e-03 0.000000e+00)
266.35        	5.732166e-07	(0.000000e+00 1.469717e-03 0.000000e+00)
266.4         	5.732177e-07	(0.000000e+00 1.469717e-03 0.000000e+00)
266.45        	5.732186e-07	(0.000000e+00 1.469717e-03 0.000000e+00)
266.5         	5.732197e-07	(0.000000e+00 1.469717e-03 0.000000e+00)
266.55        	5.732207e-07	(0.000000e+00 1.469717e-03 0.000000e+00)
266.6         	5.732218e-07	(0.000000e+00 1.469717e-03 0.000000e+00)
266.65        	5.732227e-07	(0.000000e+00 1.469717e-03 0.000000e+00)
266.7         	5.732238e-07	(0.000000e+00 1.469717e-03 0.000000e+00)
266.75        	5.732248e-07	(0.000000e+00 1.469717e-03 0.000000e+00)
266.8         	5.732259e-07	(0.000000e+00 1.469717e-03 0.000000e+00)
266.85        	5.732268e-07	(0.000000e+00 1.469717e-03 0.000000e+00)
266.9         	5.732279e-07	(0.000000e+00 1.469717e-03 0.000000e+00)
266.95        	5.732288e-07	(0.000000e+00 1.469717e-03 0.000000e+00)
267           	5.732299e-07	(0.000000e+00 1.469717e-03 0.000000e+00)
267.05        	5.732309e-07	(0.000000e+00 1.469717e-03 0.000000e+00)
267.1         	5.732319e-07	(0.000000e+00 1.469717e-03 0.000000e+00)
267.15        	5.732329e-07	(0.000000e+00 1.469717e-03 0.000000e+00)
267.2         	5.732339e-07	(0.000000e+00 1.469717e-03 0.000000e+00)
267.25        	5.732349e-07	(0.000000e+00 1.469717e-03 0.000000e+00)
267.3         	5.732359e-07	(0.000000e+00 1.469717e-03 0.000000e+00)
267.35        	5.732369e-07	(0.000000e+00 1.469717e-03 0.000000e+00)
267.4         	5.732379e-07	(0.000000e+00 1.469717e-03 0.000000e+00)
267.45        	5.732389e-07	(0.000000e+00 1.469717e-03 0.000000e+00)
267.5         	5.732399e-07	(0.000000e+00 1.469717e-03 0.000000e+00)
267.55        	5.732409e-07	(0.000000e+00 1.469717e-03 0.000000e+00)
267.6         	5.732419e-07	(0.000000e+00 1.469717e-03 0.000000e+00)
267.65        	5.732428e-07	(0.000000e+00 1.469717e-03 0.000000e+00)
267.7         	5.732439e-07	(0.000000e+00 1.469717e-03 0.000000e+00)
267.75        	5.732448e-07	(0.000000e+00 1.469717e-03 0.000000e+00)
267.8         	5.732458e-07	(0.000000e+00 1.469717e-03 0.000000e+00)
267.85        	5.732468e-07	(0.000000e+00 1.469717e-03 0.000000e+00)
267.9         	5.732478e-07	(0.000000e+00 1.469717e-03 0.000000e+00)
267.95        	5.732487e-07	(0.000000e+00 1.469717e-03 0.000000e+00)
268           	5.732498e-07	(0.000000e+00 1.469717e-03 0.000000e+00)
268.05        	5.732507e-07	(0.000000e+00 1.469717e-03 0.000000e+00)
268.1         	5.732517e-07	(0.000000e+00 1.469717e-03 0.000000e+00)
268.15        	5.732526e-07	(0.000000e+00 1.469717e-03 0.000000e+00)
268.2         	5.732536e-07	(0.000000e+00 1.469717e-03 0.000000e+00)
268.25        	5.732545e-07	(0.000000e+00 1.469717e-03 0.000000e+00)
268.3         	5.732556e-07	(0.000000e+00 1.469717e-03 0.000000e+00)
268.35        	5.732565e-07	(0.000000e+00 1.469717e-03 0.000000e+00)
268.4         	5.732575e-07	(0.000000e+00 1.469717e-03 0.000000e+00)
268.45        	5.732584e-07	(0.000000e+00 1.469717e-03 0.000000e+00)
268.5         	5.732594e-07	(0.000000e+00 1.469717e-03 0.000000e+00)
268.55        	5.732603e-07	(0.000000e+00 1.469717e-03 0.000000e+00)
268.6         	5.732613e-07	(0.000000e+00 1.469717e-03 0.000000e+00)
268.65        	5.732622e-07	(0.000000e+00 1.469717e-03 0.000000e+00)
268.7         	5.732632e-07	(0.000000e+00 1.469717e-03 0.000000e+00)
268.75        	5.732641e-07	(0.000000e+00 1.469717e-03 0.000000e+00)
268.8         	5.732651e-07	(0.000000e+00 1.469717e-03 0.000000e+00)
268.85        	5.732660e-07	(0.000000e+00 1.469717e-03 0.000000e+00)
268.9         	5.732670e-07	(0.000000e+00 1.469717e-03 0.000000e+00)
268.95        	5.732679e-07	(0.000000e+00 1.469717e-03 0.000000e+00)
269           	5.732689e-07	(0.000000e+00 1.469717e-03 0.000000e+00)
269.05        	5.732698e-07	(0.000000e+00 1.469717e-03 0.000000e+00)
269.1         	5.732708e-07	(0.000000e+00 1.469717e-03 0.000000e+00)
269.15        	5.732716e-07	(0.000000e+00 1.469717e-03 0.000000e+00)
269.2         	5.732726e-07	(0.000000e+00 1.469717e-03 0.000000e+00)
269.25        	5.732735e-07	(0.000000e+00 1.469717e-03 0.000000e+00)
269.3         	5.732745e-07	(0.000000e+00 1.469717e-03 0.000000e+00)
269.35        	5.732754e-07	(0.000000e+00 1.469717e-03 0.000000e+00)
269.4         	5.732763e-07	(0.000000e+00 1.469717e-03 0.000000e+00)
269.45        	5.732772e-07	(0.000000e+00 1.469717e-03 0.000000e+00)
269.5         	5.732782e-07	(0.000000e+00 1.469717e-03 0.000000e+00)
269.55        	5.732791e-07	(0.000000e+00 1.469717e-03 0.000000e+00)
269.6         	5.732800e-07	(0.000000e+00 1.469717e-03 0.000000e+00)
269.65        	5.732809e-07	(0.000000e+00 1.469717e-03 0.000000e+00)
269.7         	5.732819e-07	(0.000000e+00 1.469717e-03 0.000000e+00)
269.75        	5.732827e-07	(0.000000e+00 1.469717e-03 0.000000e+00)
269.8         	5.732837e-07	(0.000000e+00 1.469717e-03 0.000000e+00)
269.85        	5.732846e-07	(0.000000e+00 1.469717e-03 0.000000e+00)
269.9         	5.732855e-07	(0.000000e+00 1.469717e-03 0.000000e+00)
269.95        	5.732864e-07	(0.000000e+00 1.469717e-03 0.000000e+00)
270           	5.732873e-07	(0.000000e+00 1.469717e-03 0.000000e+00)
270.05        	5.732882e-07	(0.000000e+00 1.469717e-03 0.000000e+00)
270.1         	5.732892e-07	(0.000000e+00 1.469717e-03 0.000000e+00)
270.15        	5.732900e-07	(0.000000e+00 1.469717e-03 0.000000e+00)
270.2         	5.732910e-07	(0.000000e+00 1.469717e-03 0.000000e+00)
270.25        	5.732918e-07	(0.000000e+00 1.469717e-03 0.000000e+00)
270.3         	5.732928e-07	(0.000000e+00 1.469717e-03 0.000000e+00)
270.35        	5.732936e-07	(0.000000e+00 1.469717e-03 0.000000e+00)
270.4         	5.732945e-07	(0.000000e+00 1.469717e-03 0.000000e+00)
270.45        	5.732954e-07	(0.000000e+00 1.469717e-03 0.000000e+00)
270.5         	5.732963e-07	(0.000000e+00 1.469717e-03 0.000000e+00)
270.55        	5.732972e-07	(0.000000e+00 1.469717e-03 0.000000e+00)
270.6         	5.732981e-07	(0.000000e+00 1.469717e-03 0.000000e+00)
270.65        	5.732989e-07	(0.000000e+00 1.469717e-03 0.000000e+00)
270.7         	5.732999e-07	(0.000000e+00 1.469717e-03 0.000000e+00)
270.75        	5.733007e-07	(0.000000e+00 1.469717e-03 0.000000e+00)
270.8         	5.733016e-07	(0.000000e+00 1.469717e-03 0.000000e+00)
270.85        	5.733025e-07	(0.000000e+00 1.469717e-03 0.000000e+00)
270.9         	5.733034e-07	(0.000000e+00 1.469717e-03 0.000000e+00)
270.95        	5.733042e-07	(0.000000e+00 1.469717e-03 0.000000e+00)
271           	5.733051e-07	(0.000000e+00 1.469717e-03 0.000000e+00)
271.05        	5.733060e-07	(0.000000e+00 1.469717e-03 0.000000e+00)
271.1         	5.733069e-07	(0.000000e+00 1.469717e-03 0.000000e+00)
271.15        	5.733077e-07	(0.000000e+00 1.469717e-03 0.000000e+00)
271.2         	5.733086e-07	(0.000000e+00 1.469717e-03 0.000000e+00)
271.25        	5.733094e-07	(0.000000e+00 1.469717e-03 0.000000e+00)
271.3         	5.733104e-07	(0.000000e+00 1.469717e-03 0.000000e+00)
271.35        	5.733112e-07	(0.000000e+00 1.469717e-03 0.000000e+00)
271.4         	5.733121e-07	(0.000000e+00 1.469717e-03 0.000000e+00)
271.45        	5.733129e-07	(0.000000e+00 1.469717e-03 0.000000e+00)
271.5         	5.733138e-07	(0.000000e+00 1.469717e-03 0.000000e+00)
271.55        	5.733146e-07	(0.000000e+00 1.469717e-03 0.000000e+00)
271.6         	5.733155e-07	(0.000000e+00 1.469717e-03 0.000000e+00)
271.65        	5.733163e-07	(0.000000e+00 1.469717e-03 0.000000e+00)
271.7         	5.733172e-07	(0.000000e+00 1.469717e-03 0.000000e+00)
271.75        	5.733180e-07	(0.000000e+00 1.469717e-03 0.000000e+00)
271.8         	5.733189e-07	(0.000000e+00 1.469717e-03 0.000000e+00)
271.85        	5.733197e-07	(0.000000e+00 1.469717e-03 0.000000e+00)
271.9         	5.733206e-07	(0.000000e+00 1.469717e-03 0.000000e+00)
271.95        	5.733214e-07	(0.000000e+00 1.469717e-03 0.000000e+00)
272           	5.733223e-07	(0.000000e+00 1.469717e-03 0.000000e+00)
272.05        	5.733231e-07	(0.000000e+00 1.469717e-03 0.000000e+00)
272.1         	5.733240e-07	(0.000000e+00 1.469717e-03 0.000000e+00)
272.15        	5.733248e-07	(0.000000e+00 1.469717e-03 0.000000e+00)
272.2         	5.733257e-07	(0.000000e+00 1.469717e-03 0.000000e+00)
272.25        	5.733265e-07	(0.000000e+00 1.469717e-03 0.000000e+00)
272.3         	5.733274e-07	(0.000000e+00 1.469717e-03 0.000000e+00)
272.35        	5.733281e-07	(0.000000e+00 1.469717e-03 0.000000e+00)
272.4         	5.733290e-07	(0.000000e+00 1.469717e-03 0.000000e+00)
272.45        	5.733298e-07	(0.000000e+00 1.469717e-03 0.000000e+00)
272.5         	5.733307e-07	(0.000000e+00 1.469717e-03 0.000000e+00)
272.55        	5.733315e-07	(0.000000e+00 1.469717e-03 0.000000e+00)
272.6         	5.733323e-07	(0.000000e+00 1.469717e-03 0.000000e+00)
272.65        	5.733331e-07	(0.000000e+00 1.469717e-03 0.000000e+00)
272.7         	5.733340e-07	(0.000000e+00 1.469717e-03 0.000000e+00)
272.75        	5.733348e-07	(0.000000e+00 1.469717e-03 0.000000e+00)
272.8         	5.733356e-07	(0.000000e+00 1.469717e-03 0.000000e+00)
272.85        	5.733364e-07	(0.000000e+00 1.469717e-03 0.000000e+00)
272.9         	5.733373e-07	(0.000000e+00 1.469717e-03 0.000000e+00)
272.95        	5.733380e-07	(0.000000e+00 1.469717e-03 0.000000e+00)
273           	5.733389e-07	(0.000000e+00 1.469717e-03 0.000000e+00)
273.05        	5.733397e-07	(0.000000e+00 1.469717e-03 0.000000e+00)
273.1         	5.733405e-07	(0.000000e+00 1.469717e-03 0.000000e+00)
273.15        	5.733413e-07	(0.000000e+00 1.469717e-03 0.000000e+00)
273.2         	5.733422e-07	(0.000000e+00 1.469717e-03 0.000000e+00)
273.25        	5.733429e-07	(0.000000e+00 1.469717e-03 0.000000e+00)
273.3         	5.733438e-07	(0.000000e+00 1.469717e-03 0.000000e+00)
273.35        	5.733445e-07	(0.000000e+00 1.469717e-03 0.000000e+00)
273.4         	5.733454e-07	(0.000000e+00 1.469717e-03 0.000000e+00)
273.45        	5.733461e-07	(0.000000e+00 1.469717e-03 0.000000e+00)
273.5         	5.733470e-07	(0.000000e+00 1.469717e-03 0.000000e+00)
273.55        	5.733477e-07	(0.000000e+00 1.469717e-03 0.000000e+00)
273.6         	5.733486e-07	(0.000000e+00 1.469717e-03 0.000000e+00)
273.65        	5.733493e-07	(0.000000e+00 1.469717e-03 0.000000e+00)
273.7         	5.733502e-07	(0.000000e+00 1.469717e-03 0.000000e+00)
273.75        	5.733509e-07	(0.000000e+00 1.469717e-03 0.000000e+00)
273.8         	5.733518e-07	(0.000000e+00 1.469717e-03 0.000000e+00)
273.85        	5.733525e-07	(0.000000e+00 1.469717e-03 0.000000e+00)
273.9         	5.733533e-07	(0.000000e+00 1.469717e-03 0.000000e+00)
273.95        	5.733541e-07	(0.000000e+00 1.469717e-03 0.000000e+00)
274           	5.733549e-07	(0.000000e+00 1.469717e-03 0.000000e+00)
274.05        	5.733556e-07	(0.000000e+00 1.469717e-03 0.000000e+00)
274.1         	5.733565e-07	(0.000000e+00 1.469717e-03 0.000000e+00)
274.15        	5.733572e-07	(0.000000e+00 1.469717e-03 0.000000e+00)
274.2         	5.733580e-07	(0.000000e+00 1.469717e-03 0.000000e+00)
274.25        	5.733588e-07	(0.000000e+00 1.469717e-03 0.000000e+00)
274.3         	5.733596e-07	(0.000000e+00 1.469717e-03 0.000000e+00)
274.35        	5.733603e-07	(0.000000e+00 1.469717e-03 0.000000e+00)
274.4         	5.733611e-07	(0.000000e+00 1.469717e-03 0.000000e+00)
274.45        	5.733619e-07	(0.000000e+00 1.469717e-03 0.000000e+00)
274.5         	5.733627e-07	(0.000000e+00 1.469717e-03 0.000000e+00)
274.55        	5.733634e-07	(0.000000e+00 1.469717e-03 0.000000e+00)
274.6         	5.733642e-07	(0.000000e+00 1.469717e-03 0.000000e+00)
274.65        	5.733650e-07	(0.000000e+00 1.469717e-03 0.000000e+00)
274.7         	5.733658e-07	(0.000000e+00 1.469717e-03 0.000000e+00)
274.75        	5.733665e-07	(0.000000e+00 1.469717e-03 0.000000e+00)
274.8         	5.733673e-07	(0.000000e+00 1.469717e-03 0.000000e+00)
274.85        	5.733680e-07	(0.000000e+00 1.469717e-03 0.000000e+00)
274.9         	5.733688e-07	(0.000000e+00 1.469717e-03 0.000000e+00)
274.95        	5.733695e-07	(0.000000e+00 1.469717e-03 0.000000e+00)
275           	5.733703e-07	(0.000000e+00 1.469717e-03 0.000000e+00)
275.05        	5.733711e-07	(0.000000e+00 1.469717e-03 0.000000e+00)
275.1         	5.733719e-07	(0.000000e+00 1.469717e-03 0.000000e+00)
275.15        	5.733726e-07	(0.000000e+00 1.469717e-03 0.000000e+00)
275.2         	5.733734e-07	(0.000000e+00 1.469717e-03 0.000000e+00)
275.25        	5.733741e-07	(0.000000e+00 1.469717e-03 0.000000e+00)
275.3         	5.733749e-07	(0.000000e+00 1.469717e-03 0.000000e+00)
275.35        	5.733756e-07	(0.000000e+00 1.469717e-03 0.000000e+00)
275.4         	5.733764e-07	(0.000000e+00 1.469717e-03 0.000000e+00)
275.45        	5.733771e-07	(0.000000e+00 1.469717e-03 0.000000e+00)
275.5         	5.733779e-07	(0.000000e+00 1.469717e-03 0.000000e+00)
275.55        	5.733786e-07	(0.000000e+00 1.469717e-03 0.000000e+00)
275.6         	5.733793e-07	(0.000000e+00 1.469717e-03 0.000000e+00)
275.65        	5.733800e-07	(0.000000e+00 1.469717e-03 0.000000e+00)
275.7         	5.733808e-07	(0.000000e+00 1.469717e-03 0.000000e+00)
275.75        	5.733815e-07	(0.000000e+00 1.469717e-03 0.000000e+00)
275.8         	5.733823e-07	(0.000000e+00 1.469717e-03 0.000000e+00)
275.85        	5.733830e-07	(0.000000e+00 1.469717e-03 0.000000e+00)
275.9         	5.733838e-07	(0.000000e+00 1.469717e-03 0.000000e+00)
275.95        	5.733845e-07	(0.000000e+00 1.469717e-03 0.000000e+00)
276           	5.733852e-07	(0.000000e+00 1.469717e-03 0.000000e+00)
276.05        	5.733859e-07	(0.000000e+00 1.469717e-03 0.000000e+00)
276.1         	5.733867e-07	(0.000000e+00 1.469717e-03 0.000000e+00)
276.15        	5.733874e-07	(0.000000e+00 1.469717e-03 0.000000e+00)
276.2         	5.733882e-07	(0.000000e+00 1.469717e-03 0.000000e+00)
276.25        	5.733888e-07	(0.000000e+00 1.469717e-03 0.000000e+00)
276.3         	5.733896e-07	(0.000000e+00 1.469717e-03 0.000000e+00)
276.35        	5.733903e-07	(0.000000e+00 1.469717e-03 0.000000e+00)
276.4         	5.733911e-07	(0.000000e+00 1.469717e-03 0.000000e+00)
276.45        	5.733917e-07	(0.000000e+00 1.469717e-03 0.000000e+00)
276.5         	5.733925e-07	(0.000000e+00 1.469717e-03 0.000000e+00)
276.55        	5.733932e-07	(0.000000e+00 1.469717e-03 0.000000e+00)
276.6         	5.733939e-07	(0.000000e+00 1.469717e-03 0.000000e+00)
276.65        	5.733946e-07	(0.000000e+00 1.469717e-03 0.000000e+00)
276.7         	5.733954e-07	(0.000000e+00 1.469717e-03 0.000000e+00)
276.75        	5.733960e-07	(0.000000e+00 1.469717e-03 0.000000e+00)
276.8         	5.733968e-07	(0.000000e+00 1.469717e-03 0.000000e+00)
276.85        	5.733974e-07	(0.000000e+00 1.469717e-03 0.000000e+00)
276.9         	5.733982e-07	(0.000000e+00 1.469717e-03 0.000000e+00)
276.95        	5.733989e-07	(0.000000e+00 1.469717e-03 0.000000e+00)
277           	5.733996e-07	(0.000000e+00 1.469717e-03 0.000000e+00)
277.05        	5.734003e-07	(0.000000e+00 1.469717e-03 0.000000e+00)
277.1         	5.734010e-07	(0.000000e+00 1.469717e-03 0.000000e+00)
277.15        	5.734017e-07	(0.000000e+00 1.469717e-03 0.000000e+00)
277.2         	5.734024e-07	(0.000000e+00 1.469717e-03 0.000000e+00)
277.25        	5.734031e-07	(0.000000e+00 1.469717e-03 0.000000e+00)
277.3         	5.734038e-07	(0.000000e+00 1.469717e-03 0.000000e+00)
277.35        	5.734045e-07	(0.000000e+00 1.469717e-03 0.000000e+00)
277.4         	5.734052e-07	(0.000000e+00 1.469717e-03 0.000000e+00)
277.45        	5.734059e-07	(0.000000e+00 1.469717e-03 0.000000e+00)
277.5         	5.734066e-07	(0.000000e+00 1.469717e-03 0.000000e+00)
277.55        	5.734072e-07	(0.000000e+00 1.469717e-03 0.000000e+00)
277.6         	5.734080e-07	(0.000000e+00 1.469717e-03 0.000000e+00)
277.65        	5.734086e-07	(0.000000e+00 1.469717e-03 0.000000e+00)
277.7         	5.734094e-07	(0.000000e+00 1.469717e-03 0.000000e+00)
277.75        	5.734100e-07	(0.000000e+00 1.469717e-03 0.000000e+00)
277.8         	5.734107e-07	(0.000000e+00 1.469717e-03 0.000000e+00)
277.85        	5.734114e-07	(0.000000e+00 1.469717e-03 0.000000e+00)
277.9         	5.734121e-07	(0.000000e+00 1.469717e-03 0.000000e+00)
277.95        	5.734127e-07	(0.000000e+00 1.469717e-03 0.000000e+00)
278           	5.734135e-07	(0.000000e+00 1.469717e-03 0.000000e+00)
278.05        	5.734141e-07	(0.000000e+00 1.469717e-03 0.000000e+00)
278.1         	5.734148e-07	(0.000000e+00 1.469717e-03 0.000000e+00)
278.15        	5.734155e-07	(0.000000e+00 1.469717e-03 0.000000e+00)
278.2         	5.734162e-07	(0.000000e+00 1.469717e-03 0.000000e+00)
278.25        	5.734168e-07	(0.000000e+00 1.469717e-03 0.000000e+00)
278.3         	5.734175e-07	(0.000000e+00 1.469717e-03 0.000000e+00)
278.35        	5.734182e-07	(0.000000e+00 1.469717e-03 0.000000e+00)
278.4         	5.734189e-07	(0.000000e+00 1.469717e-03 0.000000e+00)
278.45        	5.734195e-07	(0.000000e+00 1.469717e-03 0.000000e+00)
278.5         	5.734202e-07	(0.000000e+00 1.469717e-03 0.000000e+00)
278.55        	5.734208e-07	(0.000000e+00 1.469717e-03 0.000000e+00)
278.6         	5.734215e-07	(0.000000e+00 1.469717e-03 0.000000e+00)
278.65        	5.734222e-07	(0.000000e+00 1.469717e-03 0.000000e+00)
278.7         	5.734229e-07	(0.000000e+00 1.469717e-03 0.000000e+00)
278.75        	5.734235e-07	(0.000000e+00 1.469717e-03 0.000000e+00)
278.8         	5.734242e-07	(0.000000e+00 1.469717e-03 0.000000e+00)
278.85        	5.734248e-07	(0.000000e+00 1.469717e-03 0.000000e+00)
278.9         	5.734255e-07	(0.000000e+00 1.469717e-03 0.000000e+00)
278.95        	5.734261e-07	(0.000000e+00 1.469717e-03 0.000000e+00)
279           	5.734268e-07	(0.000000e+00 1.469717e-03 0.000000e+00)
279.05        	5.734274e-07	(0.000000e+00 1.469717e-03 0.000000e+00)
279.1         	5.734281e-07	(0.000000e+00 1.469717e-03 0.000000e+00)
279.15        	5.734288e-07	(0.000000e+00 1.469717e-03 0.000000e+00)
279.2         	5.734294e-07	(0.000000e+00 1.469717e-03 0.000000e+00)
279.25        	5.734301e-07	(0.000000e+00 1.469717e-03 0.000000e+00)
279.3         	5.734307e-07	(0.000000e+00 1.469717e-03 0.000000e+00)
279.35        	5.734314e-07	(0.000000e+00 1.469717e-03 0.000000e+00)
279.4         	5.734320e-07	(0.000000e+00 1.469717e-03 0.000000e+00)
279.45        	5.734326e-07	(0.000000e+00 1.469717e-03 0.000000e+00)
279.5         	5.734333e-07	(0.000000e+00 1.469717e-03 0.000000e+00)
279.55        	5.734339e-07	(0.000000e+00 1.469717e-03 0.000000e+00)
279.6         	5.734346e-07	(0.000000e+00 1.469717e-03 0.000000e+00)
279.65        	5.734352e-07	(0.000000e+00 1.469717e-03 0.000000e+00)
279.7         	5.734359e-07	(0.000000e+00 1.469717e-03 0.000000e+00)
279.75        	5.734365e-07	(0.000000e+00 1.469717e-03 0.000000e+00)
279.8         	5.734372e-07	(0.000000e+00 1.469717e-03 0.000000e+00)
279.85        	5.734378e-07	(0.000000e+00 1.469717e-03 0.000000e+00)
279.9         	5.734384e-07	(0.000000e+00 1.469717e-03 0.000000e+00)
279.95        	5.734391e-07	(0.000000e+00 1.469717e-03 0.000000e+00)
280           	5.734397e-07	(0.000000e+00 1.469717e-03 0.000000e+00)
280.05        	5.734403e-07	(0.000000e+00 1.469717e-03 0.000000e+00)
280.1         	5.734410e-07	(0.000000e+00 1.469717e-03 0.000000e+00)
280.15        	5.734416e-07	(0.000000e+00 1.469717e-03 0.000000e+00)
280.2         	5.734422e-07	(0.000000e+00 1.469717e-03 0.000000e+00)
280.25        	5.734428e-07	(0.000000e+00 1.469717e-03 0.000000e+00)
280.3         	5.734435e-07	(0.000000e+00 1.469717e-03 0.000000e+00)
280.35        	5.734441e-07	(0.000000e+00 1.469717e-03 0.000000e+00)
280.4         	5.734447e-07	(0.000000e+00 1.469717e-03 0.000000e+00)
280.45        	5.734453e-07	(0.000000e+00 1.469717e-03 0.000000e+00)
280.5         	5.734460e-07	(0.000000e+00 1.469717e-03 0.000000e+00)
280.55        	5.734466e-07	(0.000000e+00 1.469717e-03 0.000000e+00)
280.6         	5.734472e-07	(0.000000e+00 1.469717e-03 0.000000e+00)
280.65        	5.734478e-07	(0.000000e+00 1.469717e-03 0.000000e+00)
280.7         	5.734485e-07	(0.000000e+00 1.469717e-03 0.000000e+00)
280.75        	5.734491e-07	(0.000000e+00 1.469717e-03 0.000000e+00)
280.8         	5.734497e-07	(0.000000e+00 1.469717e-03 0.000000e+00)
280.85        	5.734503e-07	(0.000000e+00 1.469717e-03 0.000000e+00)
280.9         	5.734509e-07	(0.000000e+00 1.469717e-03 0.000000e+00)
280.95        	5.734515e-07	(0.000000e+00 1.469717e-03 0.000000e+00)
281           	5.734521e-07	(0.000000e+00 1.469717e-03 0.000000e+00)
281.05        	5.734527e-07	(0.000000e+00 1.469717e-03 0.000000e+00)
281.1         	5.734534e-07	(0.000000e+00 1.469717e-03 0.000000e+00)
281.15        	5.734540e-07	(0.000000e+00 1.469717e-03 0.000000e+00)
281.2         	5.734546e-07	(0.000000e+00 1.469717e-03 0.000000e+00)
281.25        	5.734552e-07	(0.000000e+00 1.469717e-03 0.000000e+00)
281.3         	5.734558e-07	(0.000000e+00 1.469717e-03 0.000000e+00)
281.35        	5.734564e-07	(0.000000e+00 1.469717e-03 0.000000e+00)
281.4         	5.734570e-07	(0.000000e+00 1.469717e-03 0.000000e+00)
281.45        	5.734576e-07	(0.000000e+00 1.469717e-03 0.000000e+00)
281.5         	5.734582e-07	(0.000000e+00 1.469717e-03 0.000000e+00)
281.55        	5.734588e-07	(0.000000e+00 1.469717e-03 0.000000e+00)
281.6         	5.734594e-07	(0.000000e+00 1.469717e-03 0.000000e+00)
281.65        	5.734600e-07	(0.000000e+00 1.469717e-03 0.000000e+00)
281.7         	5.734606e-07	(0.000000e+00 1.469717e-03 0.000000e+00)
281.75        	5.734612e-07	(0.000000e+00 1.469717e-03 0.000000e+00)
281.8         	5.734618e-07	(0.000000e+00 1.469717e-03 0.000000e+00)
281.85        	5.734624e-07	(0.000000e+00 1.469717e-03 0.000000e+00)
281.9         	5.734630e-07	(0.000000e+00 1.469717e-03 0.000000e+00)
281.95        	5.734636e-07	(0.000000e+00 1.469717e-03 0.000000e+00)
282           	5.734642e-07	(0.000000e+00 1.469717e-03 0.000000e+00)
282.05        	5.734647e-07	(0.000000e+00 1.469717e-03 0.000000e+00)
282.1         	5.734653e-07	(0.000000e+00 1.469717e-03 0.000000e+00)
282.15        	5.734659e-07	(0.000000e+00 1.469717e-03 0.000000e+00)
282.2         	5.734665e-07	(0.000000e+00 1.469717e-03 0.000000e+00)
282.25        	5.734671e-07	(0.000000e+00 1.469717e-03 0.000000e+00)
282.3         	5.734677e-07	(0.000000e+00 1.469717e-03 0.000000e+00)
282.35        	5.734682e-07	(0.000000e+00 1.469717e-03 0.000000e+00)
282.4         	5.734688e-07	(0.000000e+00 1.469717e-03 0.000000e+00)
282.45        	5.734694e-07	(0.000000e+00 1.469717e-03 0.000000e+00)
282.5         	5.734700e-07	(0.000000e+00 1.469717e-03 0.000000e+00)
282.55        	5.734706e-07	(0.000000e+00 1.469717e-03 0.000000e+00)
282.6         	5.734712e-07	(0.000000e+00 1.469717e-03 0.000000e+00)
282.65        	5.734717e-07	(0.000000e+00 1.469717e-03 0.000000e+00)
282.7         	5.734723e-07	(0.000000e+00 1.469717e-03 0.000000e+00)
282.75        	5.734729e-07	(0.000000e+00 1.469717e-03 0.000000e+00)
282.8         	5.734735e-07	(0.000000e+00 1.469717e-03 0.000000e+00)
282.85        	5.734740e-07	(0.000000e+00 1.469717e-03 0.000000e+00)
282.9         	5.734746e-07	(0.000000e+00 1.469717e-03 0.000000e+00)
282.95        	5.734752e-07	(0.000000e+00 1.469717e-03 0.000000e+00)
283           	5.734757e-07	(0.000000e+00 1.469717e-03 0.000000e+00)
283.05        	5.734763e-07	(0.000000e+00 1.469717e-03 0.000000e+00)
283.1         	5.734769e-07	(0.000000e+00 1.469717e-03 0.000000e+00)
283.15        	5.734774e-07	(0.000000e+00 1.469717e-03 0.000000e+00)
283.2         	5.734780e-07	(0.000000e+00 1.469717e-03 0.000000e+00)
283.25        	5.734786e-07	(0.000000e+00 1.469717e-03 0.000000e+00)
283.3         	5.734791e-07	(0.000000e+00 1.469717e-03 0.000000e+00)
283.35        	5.734797e-07	(0.000000e+00 1.469717e-03 0.000000e+00)
283.4         	5.734803e-07	(0.000000e+00 1.469717e-03 0.000000e+00)
283.45        	5.734808e-07	(0.000000e+00 1.469717e-03 0.000000e+00)
283.5         	5.734814e-07	(0.000000e+00 1.469717e-03 0.000000e+00)
283.55        	5.734819e-07	(0.000000e+00 1.469717e-03 0.000000e+00)
283.6         	5.734825e-07	(0.000000e+00 1.469717e-03 0.000000e+00)
283.65        	5.734831e-07	(0.000000e+00 1.469717e-03 0.000000e+00)
283.7         	5.734836e-07	(0.000000e+00 1.469717e-03 0.000000e+00)
283.75        	5.734842e-07	(0.000000e+00 1.469717e-03 0.000000e+00)
283.8         	5.734847e-07	(0.000000e+00 1.469717e-03 0.000000e+00)
283.85        	5.734853e-07	(0.000000e+00 1.469717e-03 0.000000e+00)
283.9         	5.734858e-07	(0.000000e+00 1.469717e-03 0.000000e+00)
283.95        	5.734864e-07	(0.000000e+00 1.469717e-03 0.000000e+00)
284           	5.734869e-07	(0.000000e+00 1.469717e-03 0.000000e+00)
284.05        	5.734875e-07	(0.000000e+00 1.469717e-03 0.000000e+00)
284.1         	5.734880e-07	(0.000000e+00 1.469717e-03 0.000000e+00)
284.15        	5.734886e-07	(0.000000e+00 1.469717e-03 0.000000e+00)
284.2         	5.734891e-07	(0.000000e+00 1.469717e-03 0.000000e+00)
284.25        	5.734897e-07	(0.000000e+00 1.469717e-03 0.000000e+00)
284.3         	5.734902e-07	(0.000000e+00 1.469717e-03 0.000000e+00)
284.35        	5.734908e-07	(0.000000e+00 1.469717e-03 0.000000e+00)
284.4         	5.734913e-07	(0.000000e+00 1.469717e-03 0.000000e+00)
284.45        	5.734918e-07	(0.000000e+00 1.469717e-03 0.000000e+00)
284.5         	5.734924e-07	(0.000000e+00 1.469717e-03 0.000000e+00)
284.55        	5.734929e-07	(0.000000e+00 1.469717e-03 0.000000e+00)
284.6         	5.734935e-07	(0.000000e+00 1.469717e-03 0.000000e+00)
284.65        	5.734940e-07	(0.000000e+00 1.469717e-03 0.000000e+00)
284.7         	5.734945e-07	(0.000000e+00 1.469717e-03 0.000000e+00)
284.75        	5.734951e-07	(0.000000e+00 1.469717e-03 0.000000e+00)
284.8         	5.734956e-07	(0.000000e+00 1.469717e-03 0.000000e+00)
284.85        	5.734961e-07	(0.000000e+00 1.469717e-03 0.000000e+00)
284.9         	5.734967e-07	(0.000000e+00 1.469717e-03 0.000000e+00)
284.95        	5.734972e-07	(0.000000e+00 1.469717e-03 0.000000e+00)
285           	5.734977e-07	(0.000000e+00 1.469717e-03 0.000000e+00)
285.05        	5.734983e-07	(0.000000e+00 1.469717e-03 0.000000e+00)
285.1         	5.734988e-07	(0.000000e+00 1.469717e-03 0.000000e+00)
285.15        	5.734993e-07	(0.000000e+00 1.469717e-03 0.000000e+00)
285.2         	5.734998e-07	(0.000000e+00 1.469717e-03 0.000000e+00)
285.25        	5.735004e-07	(0.000000e+00 1.469717e-03 0.000000e+00)
285.3         	5.735009e-07	(0.000000e+00 1.469717e-03 0.000000e+00)
285.35        	5.735014e-07	(0.000000e+00 1.469717e-03 0.000000e+00)
285.4         	5.735019e-07	(0.000000e+00 1.469717e-03 0.000000e+00)
285.45        	5.735025e-07	(0.000000e+00 1.469717e-03 0.000000e+00)
285.5         	5.735030e-07	(0.000000e+00 1.469717e-03 0.000000e+00)
285.55        	5.735035e-07	(0.000000e+00 1.469717e-03 0.000000e+00)
285.6         	5.735040e-07	(0.000000e+00 1.469717e-03 0.000000e+00)
285.65        	5.735045e-07	(0.000000e+00 1.469717e-03 0.000000e+00)
285.7         	5.735051e-07	(0.000000e+00 1.469717e-03 0.000000e+00)
285.75        	5.735056e-07	(0.000000e+00 1.469717e-03 0.000000e+00)
285.8         	5.735061e-07	(0.000000e+00 1.469717e-03 0.000000e+00)
285.85        	5.735066e-07	(0.000000e+00 1.469717e-03 0.000000e+00)
285.9         	5.735071e-07	(0.000000e+00 1.469717e-03 0.000000e+00)
285.95        	5.735076e-07	(0.000000e+00 1.469717e-03 0.000000e+00)
286           	5.735082e-07	(0.000000e+00 1.469717e-03 0.000000e+00)
286.05        	5.735087e-07	(0.000000e+00 1.469717e-03 0.000000e+00)
286.1         	5.735092e-07	(0.000000e+00 1.469717e-03 0.000000e+00)
286.15        	5.735097e-07	(0.000000e+00 1.469717e-03 0.000000e+00)
286.2         	5.735102e-07	(0.000000e+00 1.469717e-03 0.000000e+00)
286.25        	5.735107e-07	(0.000000e+00 1.469717e-03 0.000000e+00)
286.3         	5.735112e-07	(0.000000e+00 1.469717e-03 0.000000e+00)
286.35        	5.735117e-07	(0.000000e+00 1.469717e-03 0.000000e+00)
286.4         	5.735122e-07	(0.000000e+00 1.469717e-03 0.000000e+00)
286.45        	5.735127e-07	(0.000000e+00 1.469717e-03 0.000000e+00)
286.5         	5.735132e-07	(0.000000e+00 1.469717e-03 0.000000e+00)
286.55        	5.735137e-07	(0.000000e+00 1.469717e-03 0.000000e+00)
286.6         	5.735142e-07	(0.000000e+00 1.469717e-03 0.000000e+00)
286.65        	5.735147e-07	(0.000000e+00 1.469717e-03 0.000000e+00)
286.7         	5.735152e-07	(0.000000e+00 1.469717e-03 0.000000e+00)
286.75        	5.735157e-07	(0.000000e+00 1.469717e-03 0.000000e+00)
286.8         	5.735162e-07	(0.000000e+00 1.469717e-03 0.000000e+00)
286.85        	5.735167e-07	(0.000000e+00 1.469717e-03 0.000000e+00)
286.9         	5.735172e-07	(0.000000e+00 1.469717e-03 0.000000e+00)
286.95        	5.735177e-07	(0.000000e+00 1.469717e-03 0.000000e+00)
287           	5.735182e-07	(0.000000e+00 1.469717e-03 0.000000e+00)
287.05        	5.735187e-07	(0.000000e+00 1.469717e-03 0.000000e+00)
287.1         	5.735192e-07	(0.000000e+00 1.469717e-03 0.000000e+00)
287.15        	5.735197e-07	(0.000000e+00 1.469717e-03 0.000000e+00)
287.2         	5.735202e-07	(0.000000e+00 1.469717e-03 0.000000e+00)
287.25        	5.735207e-07	(0.000000e+00 1.469717e-03 0.000000e+00)
287.3         	5.735212e-07	(0.000000e+00 1.469717e-03 0.000000e+00)
287.35        	5.735217e-07	(0.000000e+00 1.469717e-03 0.000000e+00)
287.4         	5.735221e-07	(0.000000e+00 1.469717e-03 0.000000e+00)
287.45        	5.735226e-07	(0.000000e+00 1.469717e-03 0.000000e+00)
287.5         	5.735231e-07	(0.000000e+00 1.469717e-03 0.000000e+00)
287.55        	5.735236e-07	(0.000000e+00 1.469717e-03 0.000000e+00)
287.6         	5.735241e-07	(0.000000e+00 1.469717e-03 0.000000e+00)
287.65        	5.735246e-07	(0.000000e+00 1.469717e-03 0.000000e+00)
287.7         	5.735250e-07	(0.000000e+00 1.469717e-03 0.000000e+00)
287.75        	5.735255e-07	(0.000000e+00 1.469717e-03 0.000000e+00)
287.8         	5.735260e-07	(0.000000e+00 1.469717e-03 0.000000e+00)
287.85        	5.735265e-07	(0.000000e+00 1.469717e-03 0.000000e+00)
287.9         	5.735270e-07	(0.000000e+00 1.469717e-03 0.000000e+00)
287.95        	5.735274e-07	(0.000000e+00 1.469717e-03 0.000000e+00)
288           	5.735279e-07	(0.000000e+00 1.469717e-03 0.000000e+00)
288.05        	5.735284e-07	(0.000000e+00 1.469717e-03 0.000000e+00)
288.1         	5.735289e-07	(0.000000e+00 1.469717e-03 0.000000e+00)
288.15        	5.735293e-07	(0.000000e+00 1.469717e-03 0.000000e+00)
288.2         	5.735298e-07	(0.000000e+00 1.469717e-03 0.000000e+00)
288.25        	5.735303e-07	(0.000000e+00 1.469717e-03 0.000000e+00)
288.3         	5.735308e-07	(0.000000e+00 1.469717e-03 0.000000e+00)
288.35        	5.735312e-07	(0.000000e+00 1.469717e-03 0.000000e+00)
288.4         	5.735317e-07	(0.000000e+00 1.469717e-03 0.000000e+00)
288.45        	5.735322e-07	(0.000000e+00 1.469717e-03 0.000000e+00)
288.5         	5.735326e-07	(0.000000e+00 1.469717e-03 0.000000e+00)
288.55        	5.735331e-07	(0.000000e+00 1.469717e-03 0.000000e+00)
288.6         	5.735336e-07	(0.000000e+00 1.469717e-03 0.000000e+00)
288.65        	5.735341e-07	(0.000000e+00 1.469717e-03 0.000000e+00)
288.7         	5.735345e-07	(0.000000e+00 1.469717e-03 0.000000e+00)
288.75        	5.735350e-07	(0.000000e+00 1.469717e-03 0.000000e+00)
288.8         	5.735354e-07	(0.000000e+00 1.469717e-03 0.000000e+00)
288.85        	5.735359e-07	(0.000000e+00 1.469717e-03 0.000000e+00)
288.9         	5.735364e-07	(0.000000e+00 1.469717e-03 0.000000e+00)
288.95        	5.735368e-07	(0.000000e+00 1.469717e-03 0.000000e+00)
289           	5.735373e-07	(0.000000e+00 1.469717e-03 0.000000e+00)
289.05        	5.735378e-07	(0.000000e+00 1.469717e-03 0.000000e+00)
289.1         	5.735382e-07	(0.000000e+00 1.469717e-03 0.000000e+00)
289.15        	5.735387e-07	(0.000000e+00 1.469717e-03 0.000000e+00)
289.2         	5.735391e-07	(0.000000e+00 1.469717e-03 0.000000e+00)
289.25        	5.735396e-07	(0.000000e+00 1.469717e-03 0.000000e+00)
289.3         	5.735400e-07	(0.000000e+00 1.469717e-03 0.000000e+00)
289.35        	5.735405e-07	(0.000000e+00 1.469717e-03 0.000000e+00)
289.4         	5.735409e-07	(0.000000e+00 1.469717e-03 0.000000e+00)
289.45        	5.735414e-07	(0.000000e+00 1.469717e-03 0.000000e+00)
289.5         	5.735419e-07	(0.000000e+00 1.469717e-03 0.000000e+00)
289.55        	5.735423e-07	(0.000000e+00 1.469717e-03 0.000000e+00)
289.6         	5.735428e-07	(0.000000e+00 1.469717e-03 0.000000e+00)
289.65        	5.735432e-07	(0.000000e+00 1.469717e-03 0.000000e+00)
289.7         	5.735437e-07	(0.000000e+00 1.469717e-03 0.000000e+00)
289.75        	5.735441e-07	(0.000000e+00 1.469717e-03 0.000000e+00)
289.8         	5.735446e-07	(0.000000e+00 1.469717e-03 0.000000e+00)
289.85        	5.735450e-07	(0.000000e+00 1.469717e-03 0.000000e+00)
289.9         	5.735454e-07	(0.000000e+00 1.469717e-03 0.000000e+00)
289.95        	5.735459e-07	(0.000000e+00 1.469717e-03 0.000000e+00)
290           	5.735463e-07	(0.000000e+00 1.469717e-03 0.000000e+00)
290.05        	5.735468e-07	(0.000000e+00 1.469717e-03 0.000000e+00)
290.1         	5.735472e-07	(0.000000e+00 1.469717e-03 0.000000e+00)
290.15        	5.735477e-07	(0.000000e+00 1.469717e-03 0.000000e+00)
290.2         	5.735481e-07	(0.000000e+00 1.469717e-03 0.000000e+00)
290.25        	5.735485e-07	(0.000000e+00 1.469717e-03 0.000000e+00)
290.3         	5.735490e-07	(0.000000e+00 1.469717e-03 0.000000e+00)
290.35        	5.735494e-07	(0.000000e+00 1.469717e-03 0.000000e+00)
290.4         	5.735499e-07	(0.000000e+00 1.469717e-03 0.000000e+00)
290.45        	5.735503e-07	(0.000000e+00 1.469717e-03 0.000000e+00)
290.5         	5.735507e-07	(0.000000e+00 1.469717e-03 0.000000e+00)
290.55        	5.735512e-07	(0.000000e+00 1.469717e-03 0.000000e+00)
290.6         	5.735516e-07	(0.000000e+00 1.469717e-03 0.000000e+00)
290.65        	5.735520e-07	(0.000000e+00 1.469717e-03 0.000000e+00)
290.7         	5.735525e-07	(0.000000e+00 1.469717e-03 0.000000e+00)
290.75        	5.735529e-07	(0.000000e+00 1.469717e-03 0.000000e+00)
290.8         	5.735533e-07	(0.000000e+00 1.469717e-03 0.000000e+00)
290.85        	5.735538e-07	(0.000000e+00 1.469717e-03 0.000000e+00)
290.9         	5.735542e-07	(0.000000e+00 1.469717e-03 0.000000e+00)
290.95        	5.735546e-07	(0.000000e+00 1.469717e-03 0.000000e+00)
291           	5.735551e-07	(0.000000e+00 1.469717e-03 0.000000e+00)
291.05        	5.735555e-07	(0.000000e+00 1.469717e-03 0.000000e+00)
291.1         	5.735559e-07	(0.000000e+00 1.469717e-03 0.000000e+00)
291.15        	5.735563e-07	(0.000000e+00 1.469717e-03 0.000000e+00)
291.2         	5.735568e-07	(0.000000e+00 1.469717e-03 0.000000e+00)
291.25        	5.735572e-07	(0.000000e+00 1.469717e-03 0.000000e+00)
291.3         	5.735576e-07	(0.000000e+00 1.469717e-03 0.000000e+00)
291.35        	5.735580e-07	(0.000000e+00 1.469717e-03 0.000000e+00)
291.4         	5.735585e-07	(0.000000e+00 1.469717e-03 0.000000e+00)
291.45        	5.735589e-07	(0.000000e+00 1.469717e-03 0.000000e+00)
291.5         	5.735593e-07	(0.000000e+00 1.469717e-03 0.000000e+00)
291.55        	5.735597e-07	(0.000000e+00 1.469717e-03 0.000000e+00)
291.6         	5.735601e-07	(0.000000e+00 1.469717e-03 0.000000e+00)
291.65        	5.735606e-07	(0.000000e+00 1.469717e-03 0.000000e+00)
291.7         	5.735610e-07	(0.000000e+00 1.469717e-03 0.000000e+00)
291.75        	5.735614e-07	(0.000000e+00 1.469717e-03 0.000000e+00)
291.8         	5.735618e-07	(0.000000e+00 1.469717e-03 0.000000e+00)
291.85        	5.735622e-07	(0.000000e+00 1.469717e-03 0.000000e+00)
291.9         	5.735627e-07	(0.000000e+00 1.469717e-03 0.000000e+00)
291.95        	5.735631e-07	(0.000000e+00 1.469717e-03 0.000000e+00)
292           	5.735635e-07	(0.000000e+00 1.469717e-03 0.000000e+00)
292.05        	5.735639e-07	(0.000000e+00 1.469717e-03 0.000000e+00)
292.1         	5.735643e-07	(0.000000e+00 1.469717e-03 0.000000e+00)
292.15        	5.735647e-07	(0.000000e+00 1.469717e-03 0.000000e+00)
292.2         	5.735651e-07	(0.000000e+00 1.469717e-03 0.000000e+00)
292.25        	5.735655e-07	(0.000000e+00 1.469717e-03 0.000000e+00)
292.3         	5.735659e-07	(0.000000e+00 1.469717e-03 0.000000e+00)
292.35        	5.735664e-07	(0.000000e+00 1.469717e-03 0.000000e+00)
292.4         	5.735668e-07	(0.000000e+00 1.469717e-03 0.000000e+00)
292.45        	5.735672e-07	(0.000000e+00 1.469717e-03 0.000000e+00)
292.5         	5.735676e-07	(0.000000e+00 1.469717e-03 0.000000e+00)
292.55        	5.735680e-07	(0.000000e+00 1.469717e-03 0.000000e+00)
292.6         	5.735684e-07	(0.000000e+00 1.469717e-03 0.000000e+00)
292.65        	5.735688e-07	(0.000000e+00 1.469717e-03 0.000000e+00)
292.7         	5.735692e-07	(0.000000e+00 1.469717e-03 0.000000e+00)
292.75        	5.735696e-07	(0.000000e+00 1.469717e-03 0.000000e+00)
292.8         	5.735700e-07	(0.000000e+00 1.469717e-03 0.000000e+00)
292.85        	5.735704e-07	(0.000000e+00 1.469717e-03 0.000000e+00)
292.9         	5.735708e-07	(0.000000e+00 1.469717e-03 0.000000e+00)
292.95        	5.735712e-07	(0.000000e+00 1.469717e-03 0.000000e+00)
293           	5.735716e-07	(0.000000e+00 1.469717e-03 0.000000e+00)
293.05        	5.735720e-07	(0.000000e+00 1.469717e-03 0.000000e+00)
293.1         	5.735724e-07	(0.000000e+00 1.469717e-03 0.000000e+00)
293.15        	5.735728e-07	(0.000000e+00 1.469717e-03 0.000000e+00)
293.2         	5.735732e-07	(0.000000e+00 1.469717e-03 0.000000e+00)
293.25        	5.735736e-07	(0.000000e+00 1.469717e-03 0.000000e+00)
293.3         	5.735740e-07	(0.000000e+00 1.469717e-03 0.000000e+00)
293.35        	5.735744e-07	(0.000000e+00 1.469717e-03 0.000000e+00)
293.4         	5.735748e-07	(0.000000e+00 1.469717e-03 0.000000e+00)
293.45        	5.735752e-07	(0.000000e+00 1.469717e-03 0.000000e+00)
293.5         	5.735756e-07	(0.000000e+00 1.469717e-03 0.000000e+00)
293.55        	5.735760e-07	(0.000000e+00 1.469717e-03 0.000000e+00)
293.6         	5.735763e-07	(0.000000e+00 1.469717e-03 0.000000e+00)
293.65        	5.735767e-07	(0.000000e+00 1.469717e-03 0.000000e+00)
293.7         	5.735771e-07	(0.000000e+00 1.469717e-03 0.000000e+00)
293.75        	5.735775e-07	(0.000000e+00 1.469717e-03 0.000000e+00)
293.8         	5.735779e-07	(0.000000e+00 1.469717e-03 0.000000e+00)
293.85        	5.735783e-07	(0.000000e+00 1.469717e-03 0.000000e+00)
293.9         	5.735787e-07	(0.000000e+00 1.469717e-03 0.000000e+00)
293.95        	5.735791e-07	(0.000000e+00 1.469717e-03 0.000000e+00)
294           	5.735795e-07	(0.000000e+00 1.469717e-03 0.000000e+00)
294.05        	5.735798e-07	(0.000000e+00 1.469717e-03 0.000000e+00)
294.1         	5.735802e-07	(0.000000e+00 1.469717e-03 0.000000e+00)
294.15        	5.735806e-07	(0.000000e+00 1.469717e-03 0.000000e+00)
294.2         	5.735810e-07	(0.000000e+00 1.469717e-03 0.000000e+00)
294.25        	5.735814e-07	(0.000000e+00 1.469717e-03 0.000000e+00)
294.3         	5.735818e-07	(0.000000e+00 1.469717e-03 0.000000e+00)
294.35        	5.735821e-07	(0.000000e+00 1.469717e-03 0.000000e+00)
294.4         	5.735825e-07	(0.000000e+00 1.469717e-03 0.000000e+00)
294.45        	5.735829e-07	(0.000000e+00 1.469717e-03 0.000000e+00)
294.5         	5.735833e-07	(0.000000e+00 1.469717e-03 0.000000e+00)
294.55        	5.735836e-07	(0.000000e+00 1.469717e-03 0.000000e+00)
294.6         	5.735840e-07	(0.000000e+00 1.469717e-03 0.000000e+00)
294.65        	5.735844e-07	(0.000000e+00 1.469717e-03 0.000000e+00)
294.7         	5.735848e-07	(0.000000e+00 1.469717e-03 0.000000e+00)
294.75        	5.735852e-07	(0.000000e+00 1.469717e-03 0.000000e+00)
294.8         	5.735855e-07	(0.000000e+00 1.469717e-03 0.000000e+00)
294.85        	5.735859e-07	(0.000000e+00 1.469717e-03 0.000000e+00)
294.9         	5.735863e-07	(0.000000e+00 1.469717e-03 0.000000e+00)
294.95        	5.735867e-07	(0.000000e+00 1.469717e-03 0.000000e+00)
295           	5.735870e-07	(0.000000e+00 1.469717e-03 0.000000e+00)
295.05        	5.735874e-07	(0.000000e+00 1.469717e-03 0.000000e+00)
295.1         	5.735878e-07	(0.000000e+00 1.469717e-03 0.000000e+00)
295.15        	5.735881e-07	(0.000000e+00 1.469717e-03 0.000000e+00)
295.2         	5.735885e-07	(0.000000e+00 1.469717e-03 0.000000e+00)
295.25        	5.735889e-07	(0.000000e+00 1.469717e-03 0.000000e+00)
295.3         	5.735892e-07	(0.000000e+00 1.469717e-03 0.000000e+00)
295.35        	5.735896e-07	(0.000000e+00 1.469717e-03 0.000000e+00)
295.4         	5.735900e-07	(0.000000e+00 1.469717e-03 0.000000e+00)
295.45        	5.735903e-07	(0.000000e+00 1.469717e-03 0.000000e+00)
295.5         	5.735907e-07	(0.000000e+00 1.469717e-03 0.000000e+00)
295.55        	5.735911e-07	(0.000000e+00 1.469717e-03 0.000000e+00)
295.6         	5.735914e-07	(0.000000e+00 1.469717e-03 0.000000e+00)
295.65        	5.735918e-07	(0.000000e+00 1.469717e-03 0.000000e+00)
295.7         	5.735922e-07	(0.000000e+00 1.469717e-03 0.000000e+00)
295.75        	5.735925e-07	(0.000000e+00 1.469717e-03 0.000000e+00)
295.8         	5.735929e-07	(0.000000e+00 1.469717e-03 0.000000e+00)
295.85        	5.735932e-07	(0.000000e+00 1.469717e-03 0.000000e+00)
295.9         	5.735936e-07	(0.000000e+00 1.469717e-03 0.000000e+00)
295.95        	5.735940e-07	(0.000000e+00 1.469717e-03 0.000000e+00)
296           	5.735943e-07	(0.000000e+00 1.469717e-03 0.000000e+00)
296.05        	5.735947e-07	(0.000000e+00 1.469717e-03 0.000000e+00)
296.1         	5.735950e-07	(0.000000e+00 1.469717e-03 0.000000e+00)
296.15        	5.735954e-07	(0.000000e+00 1.469717e-03 0.000000e+00)
296.2         	5.735958e-07	(0.000000e+00 1.469717e-03 0.000000e+00)
296.25        	5.735961e-07	(0.000000e+00 1.469717e-03 0.000000e+00)
296.3         	5.735965e-07	(0.000000e+00 1.469717e-03 0.000000e+00)
296.35        	5.735968e-07	(0.000000e+00 1.469717e-03 0.000000e+00)
296.4         	5.735972e-07	(0.000000e+00 1.469717e-03 0.000000e+00)
296.45        	5.735975e-07	(0.000000e+00 1.469717e-03 0.000000e+00)
296.5         	5.735979e-07	(0.000000e+00 1.469717e-03 0.000000e+00)
296.55        	5.735982e-07	(0.000000e+00 1.469717e-03 0.000000e+00)
296.6         	5.735986e-07	(0.000000e+00 1.469717e-03 0.000000e+00)
296.65        	5.735989e-07	(0.000000e+00 1.469717e-03 0.000000e+00)
296.7         	5.735993e-07	(0.000000e+00 1.469717e-03 0.000000e+00)
296.75        	5.735996e-07	(0.000000e+00 1.469717e-03 0.000000e+00)
296.8         	5.736000e-07	(0.000000e+00 1.469717e-03 0.000000e+00)
296.85        	5.736003e-07	(0.000000e+00 1.469717e-03 0.000000e+00)
296.9         	5.736007e-07	(0.000000e+00 1.469717e-03 0.000000e+00)
296.95        	5.736010e-07	(0.000000e+00 1.469717e-03 0.000000e+00)
297           	5.736014e-07	(0.000000e+00 1.469717e-03 0.000000e+00)
297.05        	5.736017e-07	(0.000000e+00 1.469717e-03 0.000000e+00)
297.1         	5.736021e-07	(0.000000e+00 1.469717e-03 0.000000e+00)
297.15        	5.736024e-07	(0.000000e+00 1.469717e-03 0.000000e+00)
297.2         	5.736028e-07	(0.000000e+00 1.469717e-03 0.000000e+00)
297.25        	5.736031e-07	(0.000000e+00 1.469717e-03 0.000000e+00)
297.3         	5.736034e-07	(0.000000e+00 1.469717e-03 0.000000e+00)
297.35        	5.736038e-07	(0.000000e+00 1.469717e-03 0.000000e+00)
297.4         	5.736041e-07	(0.000000e+00 1.469717e-03 0.000000e+00)
297.45        	5.736045e-07	(0.000000e+00 1.469717e-03 0.000000e+00)
297.5         	5.736048e-07	(0.000000e+00 1.469717e-03 0.000000e+00)
297.55        	5.736052e-07	(0.000000e+00 1.469717e-03 0.000000e+00)
297.6         	5.736055e-07	(0.000000e+00 1.469717e-03 0.000000e+00)
297.65        	5.736058e-07	(0.000000e+00 1.469717e-03 0.000000e+00)
297.7         	5.736062e-07	(0.000000e+00 1.469717e-03 0.000000e+00)
297.75        	5.736065e-07	(0.000000e+00 1.469717e-03 0.000000e+00)
297.8         	5.736068e-07	(0.000000e+00 1.469717e-03 0.000000e+00)
297.85        	5.736072e-07	(0.000000e+00 1.469717e-03 0.000000e+00)
297.9         	5.736075e-07	(0.000000e+00 1.469717e-03 0.000000e+00)
297.95        	5.736079e-07	(0.000000e+00 1.469717e-03 0.000000e+00)
298           	5.736082e-07	(0.000000e+00 1.469717e-03 0.000000e+00)
298.05        	5.736085e-07	(0.000000e+00 1.469717e-03 0.000000e+00)
298.1         	5.736089e-07	(0.000000e+00 1.469717e-03 0.000000e+00)
298.15        	5.736092e-07	(0.000000e+00 1.469717e-03 0.000000e+00)
298.2         	5.736095e-07	(0.000000e+00 1.469717e-03 0.000000e+00)
298.25        	5.736099e-07	(0.000000e+00 1.469717e-03 0.000000e+00)
298.3         	5.736102e-07	(0.000000e+00 1.469717e-03 0.000000e+00)
298.35        	5.736105e-07	(0.000000e+00 1.469717e-03 0.000000e+00)
298.4         	5.736108e-07	(0.000000e+00 1.469717e-03 0.000000e+00)
298.45        	5.736112e-07	(0.000000e+00 1.469717e-03 0.000000e+00)
298.5         	5.736115e-07	(0.000000e+00 1.469717e-03 0.000000e+00)
298.55        	5.736118e-07	(0.000000e+00 1.469717e-03 0.000000e+00)
298.6         	5.736122e-07	(0.000000e+00 1.469717e-03 0.000000e+00)
298.65        	5.736125e-07	(0.000000e+00 1.469717e-03 0.000000e+00)
298.7         	5.736128e-07	(0.000000e+00 1.469717e-03 0.000000e+00)
298.75        	5.736131e-07	(0.000000e+00 1.469717e-03 0.000000e+00)
298.8         	5.736135e-07	(0.000000e+00 1.469717e-03 0.000000e+00)
298.85        	5.736138e-07	(0.000000e+00 1.469717e-03 0.000000e+00)
298.9         	5.736141e-07	(0.000000e+00 1.469717e-03 0.000000e+00)
298.95        	5.736144e-07	(0.000000e+00 1.469717e-03 0.000000e+00)
299           	5.736148e-07	(0.000000e+00 1.469717e-03 0.000000e+00)
299.05        	5.736151e-07	(0.000000e+00 1.469717e-03 0.000000e+00)
299.1         	5.736154e-07	(0.000000e+00 1.469717e-03 0.000000e+00)
299.15        	5.736157e-07	(0.000000e+00 1.469717e-03 0.000000e+00)
299.2         	5.736160e-07	(0.000000e+00 1.469717e-03 0.000000e+00)
299.25        	5.736164e-07	(0.000000e+00 1.469717e-03 0.000000e+00)
299.3         	5.736167e-07	(0.000000e+00 1.469717e-03 0.000000e+00)
299.35        	5.736170e-07	(0.000000e+00 1.469717e-03 0.000000e+00)
299.4         	5.736173e-07	(0.000000e+00 1.469717e-03 0.000000e+00)
299.45        	5.736176e-07	(0.000000e+00 1.469717e-03 0.000000e+00)
299.5         	5.736180e-07	(0.000000e+00 1.469717e-03 0.000000e+00)
299.55        	5.736183e-07	(0.000000e+00 1.469717e-03 0.000000e+00)
299.6         	5.736186e-07	(0.000000e+00 1.469717e-03 0.000000e+00)
299.65        	5.736189e-07	(0.000000e+00 1.469717e-03 0.000000e+00)
299.7         	5.736192e-07	(0.000000e+00 1.469717e-03 0.000000e+00)
299.75        	5.736195e-07	(0.000000e+00 1.469717e-03 0.000000e+00)
299.8         	5.736198e-07	(0.000000e+00 1.469717e-03 0.000000e+00)
299.85        	5.736202e-07	(0.000000e+00 1.469717e-03 0.000000e+00)
299.9         	5.736205e-07	(0.000000e+00 1.469717e-03 0.000000e+00)
299.95        	5.736208e-07	(0.000000e+00 1.469717e-03 0.000000e+00)
300           	5.736211e-07	(0.000000e+00 1.469717e-03 0.000000e+00)
300.05        	5.736214e-07	(0.000000e+00 1.469717e-03 0.000000e+00)
300.1         	5.736217e-07	(0.000000e+00 1.469717e-03 0.000000e+00)
300.15        	5.736220e-07	(0.000000e+00 1.469717e-03 0.000000e+00)
300.2         	5.736223e-07	(0.000000e+00 1.469717e-03 0.000000e+00)
300.25        	5.736226e-07	(0.000000e+00 1.469717e-03 0.000000e+00)
300.3         	5.736230e-07	(0.000000e+00 1.469717e-03 0.000000e+00)
300.35        	5.736233e-07	(0.000000e+00 1.469717e-03 0.000000e+00)
300.4         	5.736236e-07	(0.000000e+00 1.469717e-03 0.000000e+00)
300.45        	5.736239e-07	(0.000000e+00 1.469717e-03 0.000000e+00)
300.5         	5.736242e-07	(0.000000e+00 1.469717e-03 0.000000e+00)
300.55        	5.736245e-07	(0.000000e+00 1.469717e-03 0.000000e+00)
300.6         	5.736248e-07	(0.000000e+00 1.469717e-03 0.000000e+00)
300.65        	5.736251e-07	(0.000000e+00 1.469717e-03 0.000000e+00)
300.7         	5.736254e-07	(0.000000e+00 1.469717e-03 0.000000e+00)
300.75        	5.736257e-07	(0.000000e+00 1.469717e-03 0.000000e+00)
300.8         	5.736260e-07	(0.000000e+00 1.469717e-03 0.000000e+00)
300.85        	5.736263e-07	(0.000000e+00 1.469717e-03 0.000000e+00)
300.9         	5.736266e-07	(0.000000e+00 1.469717e-03 0.000000e+00)
300.95        	5.736269e-07	(0.000000e+00 1.469717e-03 0.000000e+00)
301           	5.736272e-07	(0.000000e+00 1.469717e-03 0.000000e+00)
301.05        	5.736275e-07	(0.000000e+00 1.469717e-03 0.000000e+00)
301.1         	5.736278e-07	(0.000000e+00 1.469717e-03 0.000000e+00)
301.15        	5.736281e-07	(0.000000e+00 1.469717e-03 0.000000e+00)
301.2         	5.736284e-07	(0.000000e+00 1.469717e-03 0.000000e+00)
301.25        	5.736287e-07	(0.000000e+00 1.469717e-03 0.000000e+00)
301.3         	5.736290e-07	(0.000000e+00 1.469717e-03 0.000000e+00)
301.35        	5.736293e-07	(0.000000e+00 1.469717e-03 0.000000e+00)
301.4         	5.736296e-07	(0.000000e+00 1.469717e-03 0.000000e+00)
301.45        	5.736299e-07	(0.000000e+00 1.469717e-03 0.000000e+00)
301.5         	5.736302e-07	(0.000000e+00 1.469717e-03 0.000000e+00)
301.55        	5.736305e-07	(0.000000e+00 1.469717e-03 0.000000e+00)
301.6         	5.736308e-07	(0.000000e+00 1.469717e-03 0.000000e+00)
301.65        	5.736311e-07	(0.000000e+00 1.469717e-03 0.000000e+00)
301.7         	5.736314e-07	(0.000000e+00 1.469717e-03 0.000000e+00)
301.75        	5.736317e-07	(0.000000e+00 1.469717e-03 0.000000e+00)
301.8         	5.736320e-07	(0.000000e+00 1.469717e-03 0.000000e+00)
301.85        	5.736322e-07	(0.000000e+00 1.469717e-03 0.000000e+00)
301.9         	5.736325e-07	(0.000000e+00 1.469717e-03 0.000000e+00)
301.95        	5.736328e-07	(0.000000e+00 1.469717e-03 0.000000e+00)
302           	5.736331e-07	(0.000000e+00 1.469717e-03 0.000000e+00)
302.05        	5.736334e-07	(0.000000e+00 1.469717e-03 0.000000e+00)
302.1         	5.736337e-07	(0.000000e+00 1.469717e-03 0.000000e+00)
302.15        	5.736340e-07	(0.000000e+00 1.469717e-03 0.000000e+00)
302.2         	5.736343e-07	(0.000000e+00 1.469717e-03 0.000000e+00)
302.25        	5.736346e-07	(0.000000e+00 1.469717e-03 0.000000e+00)
302.3         	5.736348e-07	(0.000000e+00 1.469717e-03 0.000000e+00)
302.35        	5.736351e-07	(0.000000e+00 1.469717e-03 0.000000e+00)
302.4         	5.736354e-07	(0.000000e+00 1.469717e-03 0.000000e+00)
302.45        	5.736357e-07	(0.000000e+00 1.469717e-03 0.000000e+00)
302.5         	5.736360e-07	(0.000000e+00 1.469717e-03 0.000000e+00)
302.55        	5.736363e-07	(0.000000e+00 1.469717e-03 0.000000e+00)
302.6         	5.736366e-07	(0.000000e+00 1.469717e-03 0.000000e+00)
302.65        	5.736368e-07	(0.000000e+00 1.469717e-03 0.000000e+00)
302.7         	5.736371e-07	(0.000000e+00 1.469717e-03 0.000000e+00)
302.75        	5.736374e-07	(0.000000e+00 1.469717e-03 0.000000e+00)
302.8         	5.736377e-07	(0.000000e+00 1.469717e-03 0.000000e+00)
302.85        	5.736380e-07	(0.000000e+00 1.469717e-03 0.000000e+00)
302.9         	5.736383e-07	(0.000000e+00 1.469717e-03 0.000000e+00)
302.95        	5.736385e-07	(0.000000e+00 1.469717e-03 0.000000e+00)
303           	5.736388e-07	(0.000000e+00 1.469717e-03 0.000000e+00)
303.05        	5.736391e-07	(0.000000e+00 1.469717e-03 0.000000e+00)
303.1         	5.736394e-07	(0.000000e+00 1.469717e-03 0.000000e+00)
303.15        	5.736397e-07	(0.000000e+00 1.469717e-03 0.000000e+00)
303.2         	5.736399e-07	(0.000000e+00 1.469717e-03 0.000000e+00)
303.25        	5.736402e-07	(0.000000e+00 1.469717e-03 0.000000e+00)
303.3         	5.736405e-07	(0.000000e+00 1.469717e-03 0.000000e+00)
303.35        	5.736408e-07	(0.000000e+00 1.469717e-03 0.000000e+00)
303.4         	5.736410e-07	(0.000000e+00 1.469717e-03 0.000000e+00)
303.45        	5.736413e-07	(0.000000e+00 1.469717e-03 0.000000e+00)
303.5         	5.736416e-07	(0.000000e+00 1.469717e-03 0.000000e+00)
303.55        	5.736419e-07	(0.000000e+00 1.469717e-03 0.000000e+00)
303.6         	5.736421e-07	(0.000000e+00 1.469717e-03 0.000000e+00)
303.65        	5.736424e-07	(0.000000e+00 1.469717e-03 0.000000e+00)
303.7         	5.736427e-07	(0.000000e+00 1.469717e-03 0.000000e+00)
303.75        	5.736430e-07	(0.000000e+00 1.469717e-03 0.000000e+00)
303.8         	5.736432e-07	(0.000000e+00 1.469717e-03 0.000000e+00)
303.85        	5.736435e-07	(0.000000e+00 1.469717e-03 0.000000e+00)
303.9         	5.736438e-07	(0.000000e+00 1.469717e-03 0.000000e+00)
303.95        	5.736440e-07	(0.000000e+00 1.469717e-03 0.000000e+00)
304           	5.736443e-07	(0.000000e+00 1.469717e-03 0.000000e+00)
304.05        	5.736446e-07	(0.000000e+00 1.469717e-03 0.000000e+00)
304.1         	5.736449e-07	(0.000000e+00 1.469717e-03 0.000000e+00)
304.15        	5.736451e-07	(0.000000e+00 1.469717e-03 0.000000e+00)
304.2         	5.736454e-07	(0.000000e+00 1.469717e-03 0.000000e+00)
304.25        	5.736457e-07	(0.000000e+00 1.469717e-03 0.000000e+00)
304.3         	5.736459e-07	(0.000000e+00 1.469717e-03 0.000000e+00)
304.35        	5.736462e-07	(0.000000e+00 1.469717e-03 0.000000e+00)
304.4         	5.736465e-07	(0.000000e+00 1.469717e-03 0.000000e+00)
304.45        	5.736467e-07	(0.000000e+00 1.469717e-03 0.000000e+00)
304.5         	5.736470e-07	(0.000000e+00 1.469717e-03 0.000000e+00)
304.55        	5.736473e-07	(0.000000e+00 1.469717e-03 0.000000e+00)
304.6         	5.736475e-07	(0.000000e+00 1.469717e-03 0.000000e+00)
304.65        	5.736478e-07	(0.000000e+00 1.469717e-03 0.000000e+00)
304.7         	5.736481e-07	(0.000000e+00 1.469717e-03 0.000000e+00)
304.75        	5.736483e-07	(0.000000e+00 1.469717e-03 0.000000e+00)
304.8         	5.736486e-07	(0.000000e+00 1.469717e-03 0.000000e+00)
304.85        	5.736488e-07	(0.000000e+00 1.469717e-03 0.000000e+00)
304.9         	5.736491e-07	(0.000000e+00 1.469717e-03 0.000000e+00)
304.95        	5.736494e-07	(0.000000e+00 1.469717e-03 0.000000e+00)
305           	5.736496e-07	(0.000000e+00 1.469717e-03 0.000000e+00)
305.05        	5.736499e-07	(0.000000e+00 1.469717e-03 0.000000e+00)
305.1         	5.736501e-07	(0.000000e+00 1.469717e-03 0.000000e+00)
305.15        	5.736504e-07	(0.000000e+00 1.469717e-03 0.000000e+00)
305.2         	5.736507e-07	(0.000000e+00 1.469717e-03 0.000000e+00)
305.25        	5.736509e-07	(0.000000e+00 1.469717e-03 0.000000e+00)
305.3         	5.736512e-07	(0.000000e+00 1.469717e-03 0.000000e+00)
305.35        	5.736514e-07	(0.000000e+00 1.469717e-03 0.000000e+00)
305.4         	5.736517e-07	(0.000000e+00 1.469717e-03 0.000000e+00)
305.45        	5.736520e-07	(0.000000e+00 1.469717e-03 0.000000e+00)
305.5         	5.736522e-07	(0.000000e+00 1.469717e-03 0.000000e+00)
305.55        	5.736525e-07	(0.000000e+00 1.469717e-03 0.000000e+00)
305.6         	5.736527e-07	(0.000000e+00 1.469717e-03 0.000000e+00)
305.65        	5.736530e-07	(0.000000e+00 1.469717e-03 0.000000e+00)
305.7         	5.736532e-07	(0.000000e+00 1.469717e-03 0.000000e+00)
305.75        	5.736535e-07	(0.000000e+00 1.469717e-03 0.000000e+00)
305.8         	5.736537e-07	(0.000000e+00 1.469717e-03 0.000000e+00)
305.85        	5.736540e-07	(0.000000e+00 1.469717e-03 0.000000e+00)
305.9         	5.736542e-07	(0.000000e+00 1.469717e-03 0.000000e+00)
305.95        	5.736545e-07	(0.000000e+00 1.469717e-03 0.000000e+00)
306           	5.736548e-07	(0.000000e+00 1.469717e-03 0.000000e+00)
306.05        	5.736550e-07	(0.000000e+00 1.469717e-03 0.000000e+00)
306.1         	5.736553e-07	(0.000000e+00 1.469717e-03 0.000000e+00)
306.15        	5.736555e-07	(0.000000e+00 1.469717e-03 0.000000e+00)
306.2         	5.736558e-07	(0.000000e+00 1.469717e-03 0.000000e+00)
306.25        	5.736560e-07	(0.000000e+00 1.469717e-03 0.000000e+00)
306.3         	5.736563e-07	(0.000000e+00 1.469717e-03 0.000000e+00)
306.35        	5.736565e-07	(0.000000e+00 1.469717e-03 0.000000e+00)
306.4         	5.736568e-07	(0.000000e+00 1.469717e-03 0.000000e+00)
306.45        	5.736570e-07	(0.000000e+00 1.469717e-03 0.000000e+00)
306.5         	5.736572e-07	(0.000000e+00 1.469717e-03 0.000000e+00)
306.55        	5.736575e-07	(0.000000e+00 1.469717e-03 0.000000e+00)
306.6         	5.736577e-07	(0.000000e+00 1.469717e-03 0.000000e+00)
306.65        	5.736580e-07	(0.000000e+00 1.469717e-03 0.000000e+00)
306.7         	5.736582e-07	(0.000000e+00 1.469717e-03 0.000000e+00)
306.75        	5.736585e-07	(0.000000e+00 1.469717e-03 0.000000e+00)
306.8         	5.736587e-07	(0.000000e+00 1.469717e-03 0.000000e+00)
306.85        	5.736590e-07	(0.000000e+00 1.469717e-03 0.000000e+00)
306.9         	5.736592e-07	(0.000000e+00 1.469717e-03 0.000000e+00)
306.95        	5.736595e-07	(0.000000e+00 1.469717e-03 0.000000e+00)
307           	5.736597e-07	(0.000000e+00 1.469717e-03 0.000000e+00)
307.05        	5.736599e-07	(0.000000e+00 1.469717e-03 0.000000e+00)
307.1         	5.736602e-07	(0.000000e+00 1.469717e-03 0.000000e+00)
307.15        	5.736604e-07	(0.000000e+00 1.469717e-03 0.000000e+00)
307.2         	5.736607e-07	(0.000000e+00 1.469717e-03 0.000000e+00)
307.25        	5.736609e-07	(0.000000e+00 1.469717e-03 0.000000e+00)
307.3         	5.736611e-07	(0.000000e+00 1.469717e-03 0.000000e+00)
307.35        	5.736614e-07	(0.000000e+00 1.469717e-03 0.000000e+00)
307.4         	5.736616e-07	(0.000000e+00 1.469717e-03 0.000000e+00)
307.45        	5.736619e-07	(0.000000e+00 1.469717e-03 0.000000e+00)
307.5         	5.736621e-07	(0.000000e+00 1.469717e-03 0.000000e+00)
307.55        	5.736623e-07	(0.000000e+00 1.469717e-03 0.000000e+00)
307.6         	5.736626e-07	(0.000000e+00 1.469717e-03 0.000000e+00)
307.65        	5.736628e-07	(0.000000e+00 1.469717e-03 0.000000e+00)
307.7         	5.736631e-07	(0.000000e+00 1.469717e-03 0.000000e+00)
307.75        	5.736633e-07	(0.000000e+00 1.469717e-03 0.000000e+00)
307.8         	5.736635e-07	(0.000000e+00 1.469717e-03 0.000000e+00)
307.85        	5.736638e-07	(0.000000e+00 1.469717e-03 0.000000e+00)
307.9         	5.736640e-07	(0.000000e+00 1.469717e-03 0.000000e+00)
307.95        	5.736642e-07	(0.000000e+00 1.469717e-03 0.000000e+00)
308           	5.736645e-07	(0.000000e+00 1.469717e-03 0.000000e+00)
308.05        	5.736647e-07	(0.000000e+00 1.469717e-03 0.000000e+00)
308.1         	5.736649e-07	(0.000000e+00 1.469717e-03 0.000000e+00)
308.15        	5.736652e-07	(0.000000e+00 1.469717e-03 0.000000e+00)
308.2         	5.736654e-07	(0.000000e+00 1.469717e-03 0.000000e+00)
308.25        	5.736656e-07	(0.000000e+00 1.469717e-03 0.000000e+00)
308.3         	5.736659e-07	(0.000000e+00 1.469717e-03 0.000000e+00)
308.35        	5.736661e-07	(0.000000e+00 1.469717e-03 0.000000e+00)
308.4         	5.736663e-07	(0.000000e+00 1.469717e-03 0.000000e+00)
308.45        	5.736666e-07	(0.000000e+00 1.469717e-03 0.000000e+00)
308.5         	5.736668e-07	(0.000000e+00 1.469717e-03 0.000000e+00)
308.55        	5.736670e-07	(0.000000e+00 1.469717e-03 0.000000e+00)
308.6         	5.736673e-07	(0.000000e+00 1.469717e-03 0.000000e+00)
308.65        	5.736675e-07	(0.000000e+00 1.469717e-03 0.000000e+00)
308.7         	5.736677e-07	(0.000000e+00 1.469717e-03 0.000000e+00)
308.75        	5.736679e-07	(0.000000e+00 1.469717e-03 0.000000e+00)
308.8         	5.736682e-07	(0.000000e+00 1.469717e-03 0.000000e+00)
308.85        	5.736684e-07	(0.000000e+00 1.469717e-03 0.000000e+00)
308.9         	5.736686e-07	(0.000000e+00 1.469717e-03 0.000000e+00)
308.95        	5.736689e-07	(0.000000e+00 1.469717e-03 0.000000e+00)
309           	5.736691e-07	(0.000000e+00 1.469717e-03 0.000000e+00)
309.05        	5.736693e-07	(0.000000e+00 1.469717e-03 0.000000e+00)
309.1         	5.736695e-07	(0.000000e+00 1.469717e-03 0.000000e+00)
309.15        	5.736698e-07	(0.000000e+00 1.469717e-03 0.000000e+00)
309.2         	5.736700e-07	(0.000000e+00 1.469717e-03 0.000000e+00)
309.25        	5.736702e-07	(0.000000e+00 1.469717e-03 0.000000e+00)
309.3         	5.736704e-07	(0.000000e+00 1.469717e-03 0.000000e+00)
309.35        	5.736707e-07	(0.000000e+00 1.469717e-03 0.000000e+00)
309.4         	5.736709e-07	(0.000000e+00 1.469717e-03 0.000000e+00)
309.45        	5.736711e-07	(0.000000e+00 1.469717e-03 0.000000e+00)
309.5         	5.736713e-07	(0.000000e+00 1.469717e-03 0.000000e+00)
309.55        	5.736715e-07	(0.000000e+00 1.469717e-03 0.000000e+00)
309.6         	5.736718e-07	(0.000000e+00 1.469717e-03 0.000000e+00)
309.65        	5.736720e-07	(0.000000e+00 1.469717e-03 0.000000e+00)
309.7         	5.736722e-07	(0.000000e+00 1.469717e-03 0.000000e+00)
309.75        	5.736724e-07	(0.000000e+00 1.469717e-03 0.000000e+00)
309.8         	5.736726e-07	(0.000000e+00 1.469717e-03 0.000000e+00)
309.85        	5.736729e-07	(0.000000e+00 1.469717e-03 0.000000e+00)
309.9         	5.736731e-07	(0.000000e+00 1.469717e-03 0.000000e+00)
309.95        	5.736733e-07	(0.000000e+00 1.469717e-03 0.000000e+00)
310           	5.736735e-07	(0.000000e+00 1.469717e-03 0.000000e+00)
310.05        	5.736737e-07	(0.000000e+00 1.469717e-03 0.000000e+00)
310.1         	5.736740e-07	(0.000000e+00 1.469717e-03 0.000000e+00)
310.15        	5.736742e-07	(0.000000e+00 1.469717e-03 0.000000e+00)
310.2         	5.736744e-07	(0.000000e+00 1.469717e-03 0.000000e+00)
310.25        	5.736746e-07	(0.000000e+00 1.469717e-03 0.000000e+00)
310.3         	5.736748e-07	(0.000000e+00 1.469717e-03 0.000000e+00)
310.35        	5.736750e-07	(0.000000e+00 1.469717e-03 0.000000e+00)
310.4         	5.736753e-07	(0.000000e+00 1.469717e-03 0.000000e+00)
310.45        	5.736755e-07	(0.000000e+00 1.469717e-03 0.000000e+00)
310.5         	5.736757e-07	(0.000000e+00 1.469717e-03 0.000000e+00)
310.55        	5.736759e-07	(0.000000e+00 1.469717e-03 0.000000e+00)
310.6         	5.736761e-07	(0.000000e+00 1.469717e-03 0.000000e+00)
310.65        	5.736763e-07	(0.000000e+00 1.469717e-03 0.000000e+00)
310.7         	5.736765e-07	(0.000000e+00 1.469717e-03 0.000000e+00)
310.75        	5.736768e-07	(0.000000e+00 1.469717e-03 0.000000e+00)
310.8         	5.736770e-07	(0.000000e+00 1.469717e-03 0.000000e+00)
310.85        	5.736772e-07	(0.000000e+00 1.469717e-03 0.000000e+00)
310.9         	5.736774e-07	(0.000000e+00 1.469717e-03 0.000000e+00)
310.95        	5.736776e-07	(0.000000e+00 1.469717e-03 0.000000e+00)
311           	5.736778e-07	(0.000000e+00 1.469717e-03 0.000000e+00)
311.05        	5.736780e-07	(0.000000e+00 1.469717e-03 0.000000e+00)
311.1         	5.736782e-07	(0.000000e+00 1.469717e-03 0.000000e+00)
311.15        	5.736784e-07	(0.000000e+00 1.469717e-03 0.000000e+00)
311.2         	5.736787e-07	(0.000000e+00 1.469717e-03 0.000000e+00)
311.25        	5.736789e-07	(0.000000e+00 1.469717e-03 0.000000e+00)
311.3         	5.736791e-07	(0.000000e+00 1.469717e-03 0.000000e+00)
311.35        	5.736793e-07	(0.000000e+00 1.469717e-03 0.000000e+00)
311.4         	5.736795e-07	(0.000000e+00 1.469717e-03 0.000000e+00)
311.45        	5.736797e-07	(0.000000e+00 1.469717e-03 0.000000e+00)
311.5         	5.736799e-07	(0.000000e+00 1.469717e-03 0.000000e+00)
311.55        	5.736801e-07	(0.000000e+00 1.469717e-03 0.000000e+00)
311.6         	5.736803e-07	(0.000000e+00 1.469717e-03 0.000000e+00)
311.65        	5.736805e-07	(0.000000e+00 1.469717e-03 0.000000e+00)
311.7         	5.736807e-07	(0.000000e+00 1.469717e-03 0.000000e+00)
311.75        	5.736809e-07	(0.000000e+00 1.469717e-03 0.000000e+00)
311.8         	5.736812e-07	(0.000000e+00 1.469717e-03 0.000000e+00)
311.85        	5.736814e-07	(0.000000e+00 1.469717e-03 0.000000e+00)
311.9         	5.736816e-07	(0.000000e+00 1.469717e-03 0.000000e+00)
311.95        	5.736818e-07	(0.000000e+00 1.469717e-03 0.000000e+00)
312           	5.736820e-07	(0.000000e+00 1.469717e-03 0.000000e+00)
312.05        	5.736822e-07	(0.000000e+00 1.469717e-03 0.000000e+00)
312.1         	5.736824e-07	(0.000000e+00 1.469717e-03 0.000000e+00)
312.15        	5.736826e-07	(0.000000e+00 1.469717e-03 0.000000e+00)
312.2         	5.736828e-07	(0.000000e+00 1.469717e-03 0.000000e+00)
312.25        	5.736830e-07	(0.000000e+00 1.469717e-03 0.000000e+00)
312.3         	5.736832e-07	(0.000000e+00 1.469717e-03 0.000000e+00)
312.35        	5.736834e-07	(0.000000e+00 1.469717e-03 0.000000e+00)
312.4         	5.736836e-07	(0.000000e+00 1.469717e-03 0.000000e+00)
312.45        	5.736838e-07	(0.000000e+00 1.469717e-03 0.000000e+00)
312.5         	5.736840e-07	(0.000000e+00 1.469717e-03 0.000000e+00)
312.55        	5.736842e-07	(0.000000e+00 1.469717e-03 0.000000e+00)
312.6         	5.736844e-07	(0.000000e+00 1.469717e-03 0.000000e+00)
312.65        	5.736846e-07	(0.000000e+00 1.469717e-03 0.000000e+00)
312.7         	5.736848e-07	(0.000000e+00 1.469717e-03 0.000000e+00)
312.75        	5.736850e-07	(0.000000e+00 1.469717e-03 0.000000e+00)
312.8         	5.736852e-07	(0.000000e+00 1.469717e-03 0.000000e+00)
312.85        	5.736854e-07	(0.000000e+00 1.469717e-03 0.000000e+00)
312.9         	5.736856e-07	(0.000000e+00 1.469717e-03 0.000000e+00)
312.95        	5.736858e-07	(0.000000e+00 1.469717e-03 0.000000e+00)
313           	5.736860e-07	(0.000000e+00 1.469717e-03 0.000000e+00)
313.05        	5.736862e-07	(0.000000e+00 1.469717e-03 0.000000e+00)
313.1         	5.736864e-07	(0.000000e+00 1.469717e-03 0.000000e+00)
313.15        	5.736866e-07	(0.000000e+00 1.469717e-03 0.000000e+00)
313.2         	5.736868e-07	(0.000000e+00 1.469717e-03 0.000000e+00)
313.25        	5.736869e-07	(0.000000e+00 1.469717e-03 0.000000e+00)
313.3         	5.736871e-07	(0.000000e+00 1.469717e-03 0.000000e+00)
313.35        	5.736873e-07	(0.000000e+00 1.469717e-03 0.000000e+00)
313.4         	5.736875e-07	(0.000000e+00 1.469717e-03 0.000000e+00)
313.45        	5.736877e-07	(0.000000e+00 1.469717e-03 0.000000e+00)
313.5         	5.736879e-07	(0.000000e+00 1.469717e-03 0.000000e+00)
313.55        	5.736881e-07	(0.000000e+00 1.469717e-03 0.000000e+00)
313.6         	5.736883e-07	(0.000000e+00 1.469717e-03 0.000000e+00)
313.65        	5.736885e-07	(0.000000e+00 1.469717e-03 0.000000e+00)
313.7         	5.736887e-07	(0.000000e+00 1.469717e-03 0.000000e+00)
313.75        	5.736889e-07	(0.000000e+00 1.469717e-03 0.000000e+00)
313.8         	5.736891e-07	(0.000000e+00 1.469717e-03 0.000000e+00)
313.85        	5.736893e-07	(0.000000e+00 1.469717e-03 0.000000e+00)
313.9         	5.736894e-07	(0.000000e+00 1.469717e-03 0.000000e+00)
313.95        	5.736896e-07	(0.000000e+00 1.469717e-03 0.000000e+00)
314           	5.736898e-07	(0.000000e+00 1.469717e-03 0.000000e+00)
314.05        	5.736900e-07	(0.000000e+00 1.469717e-03 0.000000e+00)
314.1         	5.736902e-07	(0.000000e+00 1.469717e-03 0.000000e+00)
314.15        	5.736904e-07	(0.000000e+00 1.469717e-03 0.000000e+00)
314.2         	5.736906e-07	(0.000000e+00 1.469717e-03 0.000000e+00)
314.25        	5.736908e-07	(0.000000e+00 1.469717e-03 0.000000e+00)
314.3         	5.736910e-07	(0.000000e+00 1.469717e-03 0.000000e+00)
314.35        	5.736911e-07	(0.000000e+00 1.469717e-03 0.000000e+00)
314.4         	5.736913e-07	(0.000000e+00 1.469717e-03 0.000000e+00)
314.45        	5.736915e-07	(0.000000e+00 1.469717e-03 0.000000e+00)
314.5         	5.736917e-07	(0.000000e+00 1.469717e-03 0.000000e+00)
314.55        	5.736919e-07	(0.000000e+00 1.469717e-03 0.000000e+00)
314.6         	5.736921e-07	(0.000000e+00 1.469717e-03 0.000000e+00)
314.65        	5.736923e-07	(0.000000e+00 1.469717e-03 0.000000e+00)
314.7         	5.736924e-07	(0.000000e+00 1.469717e-03 0.000000e+00)
314.75        	5.736926e-07	(0.000000e+00 1.469717e-03 0.000000e+00)
314.8         	5.736928e-07	(0.000000e+00 1.469717e-03 0.000000e+00)
314.85        	5.736930e-07	(0.000000e+00 1.469717e-03 0.000000e+00)
314.9         	5.736932e-07	(0.000000e+00 1.469717e-03 0.000000e+00)
314.95        	5.736934e-07	(0.000000e+00 1.469717e-03 0.000000e+00)
315           	5.736936e-07	(0.000000e+00 1.469717e-03 0.000000e+00)
315.05        	5.736937e-07	(0.000000e+00 1.469717e-03 0.000000e+00)
315.1         	5.736939e-07	(0.000000e+00 1.469717e-03 0.000000e+00)
315.15        	5.736941e-07	(0.000000e+00 1.469717e-03 0.000000e+00)
315.2         	5.736943e-07	(0.000000e+00 1.469717e-03 0.000000e+00)
315.25        	5.736945e-07	(0.000000e+00 1.469717e-03 0.000000e+00)
315.3         	5.736946e-07	(0.000000e+00 1.469717e-03 0.000000e+00)
315.35        	5.736948e-07	(0.000000e+00 1.469717e-03 0.000000e+00)
315.4         	5.736950e-07	(0.000000e+00 1.469717e-03 0.000000e+00)
315.45        	5.736952e-07	(0.000000e+00 1.469717e-03 0.000000e+00)
315.5         	5.736954e-07	(0.000000e+00 1.469717e-03 0.000000e+00)
315.55        	5.736955e-07	(0.000000e+00 1.469717e-03 0.000000e+00)
315.6         	5.736957e-07	(0.000000e+00 1.469717e-03 0.000000e+00)
315.65        	5.736959e-07	(0.000000e+00 1.469717e-03 0.000000e+00)
315.7         	5.736961e-07	(0.000000e+00 1.469717e-03 0.000000e+00)
315.75        	5.736963e-07	(0.000000e+00 1.469717e-03 0.000000e+00)
315.8         	5.736964e-07	(0.000000e+00 1.469717e-03 0.000000e+00)
315.85        	5.736966e-07	(0.000000e+00 1.469717e-03 0.000000e+00)
315.9         	5.736968e-07	(0.000000e+00 1.469717e-03 0.000000e+00)
315.95        	5.736970e-07	(0.000000e+00 1.469717e-03 0.000000e+00)
316           	5.736972e-07	(0.000000e+00 1.469717e-03 0.000000e+00)
316.05        	5.736973e-07	(0.000000e+00 1.469717e-03 0.000000e+00)
316.1         	5.736975e-07	(0.000000e+00 1.469717e-03 0.000000e+00)
316.15        	5.736977e-07	(0.000000e+00 1.469717e-03 0.000000e+00)
316.2         	5.736979e-07	(0.000000e+00 1.469717e-03 0.000000e+00)
316.25        	5.736980e-07	(0.000000e+00 1.469717e-03 0.000000e+00)
316.3         	5.736982e-07	(0.000000e+00 1.469717e-03 0.000000e+00)
316.35        	5.736984e-07	(0.000000e+00 1.469717e-03 0.000000e+00)
316.4         	5.736986e-07	(0.000000e+00 1.469717e-03 0.000000e+00)
316.45        	5.736987e-07	(0.000000e+00 1.469717e-03 0.000000e+00)
316.5         	5.736989e-07	(0.000000e+00 1.469717e-03 0.000000e+00)
316.55        	5.736991e-07	(0.000000e+00 1.469717e-03 0.000000e+00)
316.6         	5.736992e-07	(0.000000e+00 1.469717e-03 0.000000e+00)
316.65        	5.736994e-07	(0.000000e+00 1.469717e-03 0.000000e+00)
316.7         	5.736996e-07	(0.000000e+00 1.469717e-03 0.000000e+00)
316.75        	5.736998e-07	(0.000000e+00 1.469717e-03 0.000000e+00)
316.8         	5.736999e-07	(0.000000e+00 1.469717e-03 0.000000e+00)
316.85        	5.737001e-07	(0.000000e+00 1.469717e-03 0.000000e+00)
316.9         	5.737003e-07	(0.000000e+00 1.469717e-03 0.000000e+00)
316.95        	5.737005e-07	(0.000000e+00 1.469717e-03 0.000000e+00)
317           	5.737006e-07	(0.000000e+00 1.469717e-03 0.000000e+00)
317.05        	5.737008e-07	(0.000000e+00 1.469717e-03 0.000000e+00)
317.1         	5.737010e-07	(0.000000e+00 1.469717e-03 0.000000e+00)
317.15        	5.737011e-07	(0.000000e+00 1.469717e-03 0.000000e+00)
317.2         	5.737013e-07	(0.000000e+00 1.469717e-03 0.000000e+00)
317.25        	5.737015e-07	(0.000000e+00 1.469717e-03 0.000000e+00)
317.3         	5.737016e-07	(0.000000e+00 1.469717e-03 0.000000e+00)
317.35        	5.737018e-07	(0.000000e+00 1.469717e-03 0.000000e+00)
317.4         	5.737020e-07	(0.000000e+00 1.469717e-03 0.000000e+00)
317.45        	5.737021e-07	(0.000000e+00 1.469717e-03 0.000000e+00)
317.5         	5.737023e-07	(0.000000e+00 1.469717e-03 0.000000e+00)
317.55        	5.737025e-07	(0.000000e+00 1.469717e-03 0.000000e+00)
317.6         	5.737027e-07	(0.000000e+00 1.469717e-03 0.000000e+00)
317.65        	5.737028e-07	(0.000000e+00 1.469717e-03 0.000000e+00)
317.7         	5.737030e-07	(0.000000e+00 1.469717e-03 0.000000e+00)
317.75        	5.737031e-07	(0.000000e+00 1.469717e-03 0.000000e+00)
317.8         	5.737033e-07	(0.000000e+00 1.469717e-03 0.000000e+00)
317.85        	5.737035e-07	(0.000000e+00 1.469717e-03 0.000000e+00)
317.9         	5.737036e-07	(0.000000e+00 1.469717e-03 0.000000e+00)
317.95        	5.737038e-07	(0.000000e+00 1.469717e-03 0.000000e+00)
318           	5.737040e-07	(0.000000e+00 1.469717e-03 0.000000e+00)
318.05        	5.737041e-07	(0.000000e+00 1.469717e-03 0.000000e+00)
318.1         	5.737043e-07	(0.000000e+00 1.469717e-03 0.000000e+00)
318.15        	5.737045e-07	(0.000000e+00 1.469717e-03 0.000000e+00)
318.2         	5.737046e-07	(0.000000e+00 1.469717e-03 0.000000e+00)
318.25        	5.737048e-07	(0.000000e+00 1.469717e-03 0.000000e+00)
318.3         	5.737050e-07	(0.000000e+00 1.469717e-03 0.000000e+00)
318.35        	5.737051e-07	(0.000000e+00 1.469717e-03 0.000000e+00)
318.4         	5.737053e-07	(0.000000e+00 1.469717e-03 0.000000e+00)
318.45        	5.737054e-07	(0.000000e+00 1.469717e-03 0.000000e+00)
318.5         	5.737056e-07	(0.000000e+00 1.469717e-03 0.000000e+00)
318.55        	5.737058e-07	(0.000000e+00 1.469717e-03 0.000000e+00)
318.6         	5.737059e-07	(0.000000e+00 1.469717e-03 0.000000e+00)
318.65        	5.737061e-07	(0.000000e+00 1.469717e-03 0.000000e+00)
318.7         	5.737063e-07	(0.000000e+00 1.469717e-03 0.000000e+00)
318.75        	5.737064e-07	(0.000000e+00 1.469717e-03 0.000000e+00)
318.8         	5.737066e-07	(0.000000e+00 1.469717e-03 0.000000e+00)
318.85        	5.737067e-07	(0.000000e+00 1.469717e-03 0.000000e+00)
318.9         	5.737069e-07	(0.000000e+00 1.469717e-03 0.000000e+00)
318.95        	5.737071e-07	(0.000000e+00 1.469717e-03 0.000000e+00)
319           	5.737072e-07	(0.000000e+00 1.469717e-03 0.000000e+00)
319.05        	5.737074e-07	(0.000000e+00 1.469717e-03 0.000000e+00)
319.1         	5.737074e-07	(0.000000e+00 1.469717e-03 0.000000e+00)
319.15        	5.737075e-07	(0.000000e+00 1.469717e-03 0.000000e+00)
319.2         	5.737078e-07	(0.000000e+00 1.469717e-03 0.000000e+00)
319.25        	5.737078e-07	(0.000000e+00 1.469717e-03 0.000000e+00)
319.3         	5.737082e-07	(0.000000e+00 1.469717e-03 0.000000e+00)
319.35        	5.737082e-07	(0.000000e+00 1.469717e-03 0.000000e+00)
319.4         	5.737082e-07	(0.000000e+00 1.469717e-03 0.000000e+00)
319.45        	5.737089e-07	(0.000000e+00 1.469717e-03 0.000000e+00)
319.5         	5.737089e-07	(0.000000e+00 1.469717e-03 0.000000e+00)
319.55        	5.737092e-07	(0.000000e+00 1.469717e-03 0.000000e+00)
319.6         	5.737093e-07	(0.000000e+00 1.469717e-03 0.000000e+00)
319.65        	5.737095e-07	(0.000000e+00 1.469717e-03 0.000000e+00)
319.7         	5.737094e-07	(0.000000e+00 1.469717e-03 0.000000e+00)
319.75        	5.737095e-07	(0.000000e+00 1.469717e-03 0.000000e+00)
319.8         	5.737097e-07	(0.000000e+00 1.469717e-03 0.000000e+00)
319.85        	5.737098e-07	(0.000000e+00 1.469717e-03 0.000000e+00)
319.9         	5.737100e-07	(0.000000e+00 1.469717e-03 0.000000e+00)
319.95        	5.737100e-07	(0.000000e+00 1.469717e-03 0.000000e+00)
320           	5.737102e-07	(0.000000e+00 1.469717e-03 0.000000e+00)
320.05        	5.737105e-07	(0.000000e+00 1.469717e-03 0.000000e+00)
320.1         	5.737107e-07	(0.000000e+00 1.469717e-03 0.000000e+00)
320.15        	5.737109e-07	(0.000000e+00 1.469717e-03 0.000000e+00)
320.2         	5.737109e-07	(0.000000e+00 1.469717e-03 0.000000e+00)
320.25        	5.737111e-07	(0.000000e+00 1.469717e-03 0.000000e+00)
320.3         	5.737113e-07	(0.000000e+00 1.469717e-03 0.000000e+00)
320.35        	5.737115e-07	(0.000000e+00 1.469717e-03 0.000000e+00)
320.4         	5.737117e-07	(0.000000e+00 1.469717e-03 0.000000e+00)
320.45        	5.737117e-07	(0.000000e+00 1.469717e-03 0.000000e+00)
320.5         	5.737118e-07	(0.000000e+00 1.469717e-03 0.000000e+00)
320.55        	5.737120e-07	(0.000000e+00 1.469717e-03 0.000000e+00)
320.6         	5.737122e-07	(0.000000e+00 1.469717e-03 0.000000e+00)
320.65        	5.737124e-07	(0.000000e+00 1.469717e-03 0.000000e+00)
320.7         	5.737123e-07	(0.000000e+00 1.469717e-03 0.000000e+00)
320.75        	5.737125e-07	(0.000000e+00 1.469717e-03 0.000000e+00)
320.8         	5.737127e-07	(0.000000e+00 1.469717e-03 0.000000e+00)
320.85        	5.737129e-07	(0.000000e+00 1.469717e-03 0.000000e+00)
320.9         	5.737131e-07	(0.000000e+00 1.469717e-03 0.000000e+00)
320.95        	5.737133e-07	(0.000000e+00 1.469717e-03 0.000000e+00)
321           	5.737135e-07	(0.000000e+00 1.469717e-03 0.000000e+00)
321.05        	5.737136e-07	(0.000000e+00 1.469717e-03 0.000000e+00)
321.1         	5.737137e-07	(0.000000e+00 1.469717e-03 0.000000e+00)
321.15        	5.737137e-07	(0.000000e+00 1.469717e-03 0.000000e+00)
321.2         	5.737138e-07	(0.000000e+00 1.469717e-03 0.000000e+00)
321.25        	5.737140e-07	(0.000000e+00 1.469717e-03 0.000000e+00)
321.3         	5.737142e-07	(0.000000e+00 1.469717e-03 0.000000e+00)
321.35        	5.737144e-07	(0.000000e+00 1.469717e-03 0.000000e+00)
321.4         	5.737145e-07	(0.000000e+00 1.469717e-03 0.000000e+00)
321.45        	5.737147e-07	(0.000000e+00 1.469717e-03 0.000000e+00)
321.5         	5.737149e-07	(0.000000e+00 1.469717e-03 0.000000e+00)
321.55        	5.737150e-07	(0.000000e+00 1.469717e-03 0.000000e+00)
321.6         	5.737151e-07	(0.000000e+00 1.469717e-03 0.000000e+00)
321.65        	5.737152e-07	(0.000000e+00 1.469717e-03 0.000000e+00)
321.7         	5.737154e-07	(0.000000e+00 1.469717e-03 0.000000e+00)
321.75        	5.737155e-07	(0.000000e+00 1.469717e-03 0.000000e+00)
321.8         	5.737157e-07	(0.000000e+00 1.469717e-03 0.000000e+00)
321.85        	5.737158e-07	(0.000000e+00 1.469717e-03 0.000000e+00)
321.9         	5.737159e-07	(0.000000e+00 1.469717e-03 0.000000e+00)
321.95        	5.737160e-07	(0.000000e+00 1.469717e-03 0.000000e+00)
322           	5.737162e-07	(0.000000e+00 1.469717e-03 0.000000e+00)
322.05        	5.737164e-07	(0.000000e+00 1.469717e-03 0.000000e+00)
322.1         	5.737166e-07	(0.000000e+00 1.469717e-03 0.000000e+00)
322.15        	5.737167e-07	(0.000000e+00 1.469717e-03 0.000000e+00)
322.2         	5.737169e-07	(0.000000e+00 1.469717e-03 0.000000e+00)
322.25        	5.737170e-07	(0.000000e+00 1.469717e-03 0.000000e+00)
322.3         	5.737172e-07	(0.000000e+00 1.469717e-03 0.000000e+00)
322.35        	5.737173e-07	(0.000000e+00 1.469717e-03 0.000000e+00)
322.4         	5.737173e-07	(0.000000e+00 1.469717e-03 0.000000e+00)
322.45        	5.737174e-07	(0.000000e+00 1.469717e-03 0.000000e+00)
322.5         	5.737176e-07	(0.000000e+00 1.469717e-03 0.000000e+00)
322.55        	5.737178e-07	(0.000000e+00 1.469717e-03 0.000000e+00)
322.6         	5.737180e-07	(0.000000e+00 1.469717e-03 0.000000e+00)
322.65        	5.737181e-07	(0.000000e+00 1.469717e-03 0.000000e+00)
322.7         	5.737183e-07	(0.000000e+00 1.469717e-03 0.000000e+00)
322.75        	5.737184e-07	(0.000000e+00 1.469717e-03 0.000000e+00)
322.8         	5.737186e-07	(0.000000e+00 1.469717e-03 0.000000e+00)
322.85        	5.737187e-07	(0.000000e+00 1.469717e-03 0.000000e+00)
322.9         	5.737187e-07	(0.000000e+00 1.469717e-03 0.000000e+00)
322.95        	5.737189e-07	(0.000000e+00 1.469717e-03 0.000000e+00)
323           	5.737190e-07	(0.000000e+00 1.469717e-03 0.000000e+00)
323.05        	5.737192e-07	(0.000000e+00 1.469717e-03 0.000000e+00)
323.1         	5.737194e-07	(0.000000e+00 1.469717e-03 0.000000e+00)
323.15        	5.737195e-07	(0.000000e+00 1.469717e-03 0.000000e+00)
323.2         	5.737197e-07	(0.000000e+00 1.469717e-03 0.000000e+00)
323.25        	5.737198e-07	(0.000000e+00 1.469717e-03 0.000000e+00)
323.3         	5.737199e-07	(0.000000e+00 1.469717e-03 0.000000e+00)
323.35        	5.737201e-07	(0.000000e+00 1.469717e-03 0.000000e+00)
323.4         	5.737202e-07	(0.000000e+00 1.469717e-03 0.000000e+00)
323.45        	5.737202e-07	(0.000000e+00 1.469717e-03 0.000000e+00)
323.5         	5.737204e-07	(0.000000e+00 1.469717e-03 0.000000e+00)
323.55        	5.737205e-07	(0.000000e+00 1.469717e-03 0.000000e+00)
323.6         	5.737207e-07	(0.000000e+00 1.469717e-03 0.000000e+00)
323.65        	5.737209e-07	(0.000000e+00 1.469717e-03 0.000000e+00)
323.7         	5.737210e-07	(0.000000e+00 1.469717e-03 0.000000e+00)
323.75        	5.737211e-07	(0.000000e+00 1.469717e-03 0.000000e+00)
323.8         	5.737213e-07	(0.000000e+00 1.469717e-03 0.000000e+00)
323.85        	5.737214e-07	(0.000000e+00 1.469717e-03 0.000000e+00)
323.9         	5.737215e-07	(0.000000e+00 1.469717e-03 0.000000e+00)
323.95        	5.737216e-07	(0.000000e+00 1.469717e-03 0.000000e+00)
324           	5.737217e-07	(0.000000e+00 1.469717e-03 0.000000e+00)
324.05        	5.737219e-07	(0.000000e+00 1.469717e-03 0.000000e+00)
324.1         	5.737220e-07	(0.000000e+00 1.469717e-03 0.000000e+00)
324.15        	5.737222e-07	(0.000000e+00 1.469717e-03 0.000000e+00)
324.2         	5.737223e-07	(0.000000e+00 1.469717e-03 0.000000e+00)
324.25        	5.737225e-07	(0.000000e+00 1.469717e-03 0.000000e+00)
324.3         	5.737226e-07	(0.000000e+00 1.469717e-03 0.000000e+00)
324.35        	5.737227e-07	(0.000000e+00 1.469717e-03 0.000000e+00)
324.4         	5.737229e-07	(0.000000e+00 1.469717e-03 0.000000e+00)
324.45        	5.737230e-07	(0.000000e+00 1.469717e-03 0.000000e+00)
324.5         	5.737230e-07	(0.000000e+00 1.469717e-03 0.000000e+00)
324.55        	5.737231e-07	(0.000000e+00 1.469717e-03 0.000000e+00)
324.6         	5.737233e-07	(0.000000e+00 1.469717e-03 0.000000e+00)
324.65        	5.737235e-07	(0.000000e+00 1.469717e-03 0.000000e+00)
324.7         	5.737236e-07	(0.000000e+00 1.469717e-03 0.000000e+00)
324.75        	5.737238e-07	(0.000000e+00 1.469717e-03 0.000000e+00)
324.8         	5.737239e-07	(0.000000e+00 1.469717e-03 0.000000e+00)
324.85        	5.737240e-07	(0.000000e+00 1.469717e-03 0.000000e+00)
324.9         	5.737242e-07	(0.000000e+00 1.469717e-03 0.000000e+00)
324.95        	5.737243e-07	(0.000000e+00 1.469717e-03 0.000000e+00)
325           	5.737244e-07	(0.000000e+00 1.469717e-03 0.000000e+00)
325.05        	5.737244e-07	(0.000000e+00 1.469717e-03 0.000000e+00)
325.1         	5.737246e-07	(0.000000e+00 1.469717e-03 0.000000e+00)
325.15        	5.737247e-07	(0.000000e+00 1.469717e-03 0.000000e+00)
325.2         	5.737249e-07	(0.000000e+00 1.469717e-03 0.000000e+00)
325.25        	5.737250e-07	(0.000000e+00 1.469717e-03 0.000000e+00)
325.3         	5.737252e-07	(0.000000e+00 1.469717e-03 0.000000e+00)
325.35        	5.737253e-07	(0.000000e+00 1.469717e-03 0.000000e+00)
325.4         	5.737255e-07	(0.000000e+00 1.469717e-03 0.000000e+00)
325.45        	5.737256e-07	(0.000000e+00 1.469717e-03 0.000000e+00)
325.5         	5.737257e-07	(0.000000e+00 1.469717e-03 0.000000e+00)
325.55        	5.737258e-07	(0.000000e+00 1.469717e-03 0.000000e+00)
325.6         	5.737258e-07	(0.000000e+00 1.469717e-03 0.000000e+00)
325.65        	5.737259e-07	(0.000000e+00 1.469717e-03 0.000000e+00)
325.7         	5.737261e-07	(0.000000e+00 1.469717e-03 0.000000e+00)
325.75        	5.737263e-07	(0.000000e+00 1.469717e-03 0.000000e+00)
325.8         	5.737264e-07	(0.000000e+00 1.469717e-03 0.000000e+00)
325.85        	5.737266e-07	(0.000000e+00 1.469717e-03 0.000000e+00)
325.9         	5.737267e-07	(0.000000e+00 1.469717e-03 0.000000e+00)
325.95        	5.737268e-07	(0.000000e+00 1.469717e-03 0.000000e+00)
326           	5.737270e-07	(0.000000e+00 1.469717e-03 0.000000e+00)
326.05        	5.737271e-07	(0.000000e+00 1.469717e-03 0.000000e+00)
326.1         	5.737272e-07	(0.000000e+00 1.469717e-03 0.000000e+00)
326.15        	5.737272e-07	(0.000000e+00 1.469717e-03 0.000000e+00)
326.2         	5.737273e-07	(0.000000e+00 1.469717e-03 0.000000e+00)
326.25        	5.737275e-07	(0.000000e+00 1.469717e-03 0.000000e+00)
326.3         	5.737276e-07	(0.000000e+00 1.469717e-03 0.000000e+00)
326.35        	5.737278e-07	(0.000000e+00 1.469717e-03 0.000000e+00)
326.4         	5.737279e-07	(0.000000e+00 1.469717e-03 0.000000e+00)
326.45        	5.737281e-07	(0.000000e+00 1.469717e-03 0.000000e+00)
326.5         	5.737282e-07	(0.000000e+00 1.469717e-03 0.000000e+00)
326.55        	5.737283e-07	(0.000000e+00 1.469717e-03 0.000000e+00)
326.6         	5.737284e-07	(0.000000e+00 1.469717e-03 0.000000e+00)
326.65        	5.737285e-07	(0.000000e+00 1.469717e-03 0.000000e+00)
326.7         	5.737286e-07	(0.000000e+00 1.469717e-03 0.000000e+00)
326.75        	5.737287e-07	(0.000000e+00 1.469717e-03 0.000000e+00)
326.8         	5.737288e-07	(0.000000e+00 1.469717e-03 0.000000e+00)
326.85        	5.737290e-07	(0.000000e+00 1.469717e-03 0.000000e+00)
326.9         	5.737291e-07	(0.000000e+00 1.469717e-03 0.000000e+00)
326.95        	5.737293e-07	(0.000000e+00 1.469717e-03 0.000000e+00)
327           	5.737294e-07	(0.000000e+00 1.469717e-03 0.000000e+00)
327.05        	5.737295e-07	(0.000000e+00 1.469717e-03 0.000000e+00)
327.1         	5.737296e-07	(0.000000e+00 1.469717e-03 0.000000e+00)
327.15        	5.737298e-07	(0.000000e+00 1.469717e-03 0.000000e+00)
327.2         	5.737298e-07	(0.000000e+00 1.469717e-03 0.000000e+00)
327.25        	5.737299e-07	(0.000000e+00 1.469717e-03 0.000000e+00)
327.3         	5.737300e-07	(0.000000e+00 1.469717e-03 0.000000e+00)
327.35        	5.737301e-07	(0.000000e+00 1.469717e-03 0.000000e+00)
327.4         	5.737303e-07	(0.000000e+00 1.469717e-03 0.000000e+00)
327.45        	5.737304e-07	(0.000000e+00 1.469717e-03 0.000000e+00)
327.5         	5.737306e-07	(0.000000e+00 1.469717e-03 0.000000e+00)
327.55        	5.737307e-07	(0.000000e+00 1.469717e-03 0.000000e+00)
327.6         	5.737308e-07	(0.000000e+00 1.469717e-03 0.000000e+00)
327.65        	5.737309e-07	(0.000000e+00 1.469717e-03 0.000000e+00)
327.7         	5.737311e-07	(0.000000e+00 1.469717e-03 0.000000e+00)
327.75        	5.737311e-07	(0.000000e+00 1.469717e-03 0.000000e+00)
327.8         	5.737312e-07	(0.000000e+00 1.469717e-03 0.000000e+00)
327.85        	5.737313e-07	(0.000000e+00 1.469717e-03 0.000000e+00)
327.9         	5.737314e-07	(0.000000e+00 1.469717e-03 0.000000e+00)
327.95        	5.737316e-07	(0.000000e+00 1.469717e-03 0.000000e+00)
328           	5.737317e-07	(0.000000e+00 1.469717e-03 0.000000e+00)
328.05        	5.737318e-07	(0.000000e+00 1.469717e-03 0.000000e+00)
328.1         	5.737320e-07	(0.000000e+00 1.469717e-03 0.000000e+00)
328.15        	5.737321e-07	(0.000000e+00 1.469717e-03 0.000000e+00)
328.2         	5.737322e-07	(0.000000e+00 1.469717e-03 0.000000e+00)
328.25        	5.737323e-07	(0.000000e+00 1.469717e-03 0.000000e+00)
328.3         	5.737324e-07	(0.000000e+00 1.469717e-03 0.000000e+00)
328.35        	5.737325e-07	(0.000000e+00 1.469717e-03 0.000000e+00)
328.4         	5.737325e-07	(0.000000e+00 1.469717e-03 0.000000e+00)
328.45        	5.737326e-07	(0.000000e+00 1.469717e-03 0.000000e+00)
328.5         	5.737328e-07	(0.000000e+00 1.469717e-03 0.000000e+00)
328.55        	5.737329e-07	(0.000000e+00 1.469717e-03 0.000000e+00)
328.6         	5.737331e-07	(0.000000e+00 1.469717e-03 0.000000e+00)
328.65        	5.737332e-07	(0.000000e+00 1.469717e-03 0.000000e+00)
328.7         	5.737334e-07	(0.000000e+00 1.469717e-03 0.000000e+00)
328.75        	5.737335e-07	(0.000000e+00 1.469717e-03 0.000000e+00)
328.8         	5.737336e-07	(0.000000e+00 1.469717e-03 0.000000e+00)
328.85        	5.737337e-07	(0.000000e+00 1.469717e-03 0.000000e+00)
328.9         	5.737338e-07	(0.000000e+00 1.469717e-03 0.000000e+00)
328.95        	5.737338e-07	(0.000000e+00 1.469717e-03 0.000000e+00)
329           	5.737339e-07	(0.000000e+00 1.469717e-03 0.000000e+00)
329.05        	5.737340e-07	(0.000000e+00 1.469717e-03 0.000000e+00)
329.1         	5.737342e-07	(0.000000e+00 1.469717e-03 0.000000e+00)
329.15        	5.737343e-07	(0.000000e+00 1.469717e-03 0.000000e+00)
329.2         	5.737344e-07	(0.000000e+00 1.469717e-03 0.000000e+00)
329.25        	5.737346e-07	(0.000000e+00 1.469717e-03 0.000000e+00)
329.3         	5.737347e-07	(0.000000e+00 1.469717e-03 0.000000e+00)
329.35        	5.737348e-07	(0.000000e+00 1.469717e-03 0.000000e+00)
329.4         	5.737349e-07	(0.000000e+00 1.469717e-03 0.000000e+00)
329.45        	5.737350e-07	(0.000000e+00 1.469717e-03 0.000000e+00)
329.5         	5.737350e-07	(0.000000e+00 1.469717e-03 0.000000e+00)
329.55        	5.737351e-07	(0.000000e+00 1.469717e-03 0.000000e+00)
329.6         	5.737352e-07	(0.000000e+00 1.469717e-03 0.000000e+00)
329.65        	5.737354e-07	(0.000000e+00 1.469717e-03 0.000000e+00)
329.7         	5.737355e-07	(0.000000e+00 1.469717e-03 0.000000e+00)
329.75        	5.737356e-07	(0.000000e+00 1.469717e-03 0.000000e+00)
329.8         	5.737358e-07	(0.000000e+00 1.469717e-03 0.000000e+00)
329.85        	5.737359e-07	(0.000000e+00 1.469717e-03 0.000000e+00)
329.9         	5.737360e-07	(0.000000e+00 1.469717e-03 0.000000e+00)
329.95        	5.737361e-07	(0.000000e+00 1.469717e-03 0.000000e+00)
330           	5.737362e-07	(0.000000e+00 1.469717e-03 0.000000e+00)
330.05        	5.737363e-07	(0.000000e+00 1.469717e-03 0.000000e+00)
330.1         	5.737363e-07	(0.000000e+00 1.469717e-03 0.000000e+00)
330.15        	5.737364e-07	(0.000000e+00 1.469717e-03 0.000000e+00)
330.2         	5.737365e-07	(0.000000e+00 1.469717e-03 0.000000e+00)
330.25        	5.737367e-07	(0.000000e+00 1.469717e-03 0.000000e+00)
330.3         	5.737368e-07	(0.000000e+00 1.469717e-03 0.000000e+00)
330.35        	5.737369e-07	(0.000000e+00 1.469717e-03 0.000000e+00)
330.4         	5.737371e-07	(0.000000e+00 1.469717e-03 0.000000e+00)
330.45        	5.737372e-07	(0.000000e+00 1.469717e-03 0.000000e+00)
330.5         	5.737373e-07	(0.000000e+00 1.469717e-03 0.000000e+00)
330.55        	5.737374e-07	(0.000000e+00 1.469717e-03 0.000000e+00)
330.6         	5.737375e-07	(0.000000e+00 1.469717e-03 0.000000e+00)
330.65        	5.737375e-07	(0.000000e+00 1.469717e-03 0.000000e+00)
330.7         	5.737376e-07	(0.000000e+00 1.469717e-03 0.000000e+00)
330.75        	5.737377e-07	(0.000000e+00 1.469717e-03 0.000000e+00)
330.8         	5.737378e-07	(0.000000e+00 1.469717e-03 0.000000e+00)
330.85        	5.737379e-07	(0.000000e+00 1.469717e-03 0.000000e+00)
330.9         	5.737381e-07	(0.000000e+00 1.469717e-03 0.000000e+00)
330.95        	5.737382e-07	(0.000000e+00 1.469717e-03 0.000000e+00)
331           	5.737383e-07	(0.000000e+00 1.469717e-03 0.000000e+00)
331.05        	5.737384e-07	(0.000000e+00 1.469717e-03 0.000000e+00)
331.1         	5.737385e-07	(0.000000e+00 1.469717e-03 0.000000e+00)
331.15        	5.737386e-07	(0.000000e+00 1.469717e-03 0.000000e+00)
331.2         	5.737387e-07	(0.000000e+00 1.469717e-03 0.000000e+00)
331.25        	5.737387e-07	(0.000000e+00 1.469717e-03 0.000000e+00)
331.3         	5.737388e-07	(0.000000e+00 1.469717e-03 0.000000e+00)
331.35        	5.737389e-07	(0.000000e+00 1.469717e-03 0.000000e+00)
331.4         	5.737391e-07	(0.000000e+00 1.469717e-03 0.000000e+00)
331.45        	5.737392e-07	(0.000000e+00 1.469717e-03 0.000000e+00)
331.5         	5.737393e-07	(0.000000e+00 1.469717e-03 0.000000e+00)
331.55        	5.737394e-07	(0.000000e+00 1.469717e-03 0.000000e+00)
331.6         	5.737396e-07	(0.000000e+00 1.469717e-03 0.000000e+00)
331.65        	5.737397e-07	(0.000000e+00 1.469717e-03 0.000000e+00)
331.7         	5.737398e-07	(0.000000e+00 1.469717e-03 0.000000e+00)
331.75        	5.737398e-07	(0.000000e+00 1.469717e-03 0.000000e+00)
331.8         	5.737399e-07	(0.000000e+00 1.469717e-03 0.000000e+00)
331.85        	5.737399e-07	(0.000000e+00 1.469717e-03 0.000000e+00)
331.9         	5.737401e-07	(0.000000e+00 1.469717e-03 0.000000e+00)
331.95        	5.737402e-07	(0.000000e+00 1.469717e-03 0.000000e+00)
332           	5.737403e-07	(0.000000e+00 1.469717e-03 0.000000e+00)
332.05        	5.737404e-07	(0.000000e+00 1.469717e-03 0.000000e+00)
332.1         	5.737406e-07	(0.000000e+00 1.469717e-03 0.000000e+00)
332.15        	5.737407e-07	(0.000000e+00 1.469717e-03 0.000000e+00)
332.2         	5.737408e-07	(0.000000e+00 1.469717e-03 0.000000e+00)
332.25        	5.737409e-07	(0.000000e+00 1.469717e-03 0.000000e+00)
332.3         	5.737410e-07	(0.000000e+00 1.469717e-03 0.000000e+00)
332.35        	5.737410e-07	(0.000000e+00 1.469717e-03 0.000000e+00)
332.4         	5.737411e-07	(0.000000e+00 1.469717e-03 0.000000e+00)
332.45        	5.737411e-07	(0.000000e+00 1.469717e-03 0.000000e+00)
332.5         	5.737413e-07	(0.000000e+00 1.469717e-03 0.000000e+00)
332.55        	5.737414e-07	(0.000000e+00 1.469717e-03 0.000000e+00)
332.6         	5.737415e-07	(0.000000e+00 1.469717e-03 0.000000e+00)
332.65        	5.737416e-07	(0.000000e+00 1.469717e-03 0.000000e+00)
332.7         	5.737417e-07	(0.000000e+00 1.469717e-03 0.000000e+00)
332.75        	5.737419e-07	(0.000000e+00 1.469717e-03 0.000000e+00)
332.8         	5.737420e-07	(0.000000e+00 1.469717e-03 0.000000e+00)
332.85        	5.737420e-07	(0.000000e+00 1.469717e-03 0.000000e+00)
332.9         	5.737421e-07	(0.000000e+00 1.469717e-03 0.000000e+00)
332.95        	5.737421e-07	(0.000000e+00 1.469717e-03 0.000000e+00)
333           	5.737422e-07	(0.000000e+00 1.469717e-03 0.000000e+00)
333.05        	5.737423e-07	(0.000000e+00 1.469717e-03 0.000000e+00)
333.1         	5.737425e-07	(0.000000e+00 1.469717e-03 0.000000e+00)
333.15        	5.737426e-07	(0.000000e+00 1.469717e-03 0.000000e+00)
333.2         	5.737427e-07	(0.000000e+00 1.469717e-03 0.000000e+00)
333.25        	5.737428e-07	(0.000000e+00 1.469717e-03 0.000000e+00)
333.3         	5.737429e-07	(0.000000e+00 1.469717e-03 0.000000e+00)
333.35        	5.737430e-07	(0.000000e+00 1.469717e-03 0.000000e+00)
333.4         	5.737431e-07	(0.000000e+00 1.469717e-03 0.000000e+00)
333.45        	5.737432e-07	(0.000000e+00 1.469717e-03 0.000000e+00)
333.5         	5.737433e-07	(0.000000e+00 1.469717e-03 0.000000e+00)
333.55        	5.737433e-07	(0.000000e+00 1.469717e-03 0.000000e+00)
333.6         	5.737434e-07	(0.000000e+00 1.469717e-03 0.000000e+00)
333.65        	5.737435e-07	(0.000000e+00 1.469717e-03 0.000000e+00)
333.7         	5.737436e-07	(0.000000e+00 1.469717e-03 0.000000e+00)
333.75        	5.737437e-07	(0.000000e+00 1.469717e-03 0.000000e+00)
333.8         	5.737438e-07	(0.000000e+00 1.469717e-03 0.000000e+00)
333.85        	5.737439e-07	(0.000000e+00 1.469717e-03 0.000000e+00)
333.9         	5.737441e-07	(0.000000e+00 1.469717e-03 0.000000e+00)
333.95        	5.737441e-07	(0.000000e+00 1.469717e-03 0.000000e+00)
334           	5.737442e-07	(0.000000e+00 1.469717e-03 0.000000e+00)
334.05        	5.737443e-07	(0.000000e+00 1.469717e-03 0.000000e+00)
334.1         	5.737444e-07	(0.000000e+00 1.469717e-03 0.000000e+00)
334.15        	5.737444e-07	(0.000000e+00 1.469717e-03 0.000000e+00)
334.2         	5.737445e-07	(0.000000e+00 1.469717e-03 0.000000e+00)
334.25        	5.737446e-07	(0.000000e+00 1.469717e-03 0.000000e+00)
334.3         	5.737447e-07	(0.000000e+00 1.469717e-03 0.000000e+00)
334.35        	5.737448e-07	(0.000000e+00 1.469717e-03 0.000000e+00)
334.4         	5.737449e-07	(0.000000e+00 1.469717e-03 0.000000e+00)
334.45        	5.737450e-07	(0.000000e+00 1.469717e-03 0.000000e+00)
334.5         	5.737452e-07	(0.000000e+00 1.469717e-03 0.000000e+00)
334.55        	5.737453e-07	(0.000000e+00 1.469717e-03 0.000000e+00)
334.6         	5.737454e-07	(0.000000e+00 1.469717e-03 0.000000e+00)
334.65        	5.737454e-07	(0.000000e+00 1.469717e-03 0.000000e+00)
334.7         	5.737454e-07	(0.000000e+00 1.469717e-03 0.000000e+00)
334.75        	5.737455e-07	(0.000000e+00 1.469717e-03 0.000000e+00)
334.8         	5.737456e-07	(0.000000e+00 1.469717e-03 0.000000e+00)
334.85        	5.737457e-07	(0.000000e+00 1.469717e-03 0.000000e+00)
334.9         	5.737458e-07	(0.000000e+00 1.469717e-03 0.000000e+00)
334.95        	5.737459e-07	(0.000000e+00 1.469717e-03 0.000000e+00)
335           	5.737461e-07	(0.000000e+00 1.469717e-03 0.000000e+00)
335.05        	5.737462e-07	(0.000000e+00 1.469717e-03 0.000000e+00)
335.1         	5.737463e-07	(0.000000e+00 1.469717e-03 0.000000e+00)
335.15        	5.737463e-07	(0.000000e+00 1.469717e-03 0.000000e+00)
335.2         	5.737464e-07	(0.000000e+00 1.469717e-03 0.000000e+00)
335.25        	5.737465e-07	(0.000000e+00 1.469717e-03 0.000000e+00)
335.3         	5.737465e-07	(0.000000e+00 1.469717e-03 0.000000e+00)
335.35        	5.737466e-07	(0.000000e+00 1.469717e-03 0.000000e+00)
335.4         	5.737467e-07	(0.000000e+00 1.469717e-03 0.000000e+00)
335.45        	5.737468e-07	(0.000000e+00 1.469717e-03 0.000000e+00)
335.5         	5.737469e-07	(0.000000e+00 1.469717e-03 0.000000e+00)
335.55        	5.737470e-07	(0.000000e+00 1.469717e-03 0.000000e+00)
335.6         	5.737471e-07	(0.000000e+00 1.469717e-03 0.000000e+00)
335.65        	5.737472e-07	(0.000000e+00 1.469717e-03 0.000000e+00)
335.7         	5.737473e-07	(0.000000e+00 1.469717e-03 0.000000e+00)
335.75        	5.737474e-07	(0.000000e+00 1.469717e-03 0.000000e+00)
335.8         	5.737475e-07	(0.000000e+00 1.469717e-03 0.000000e+00)
335.85        	5.737475e-07	(0.000000e+00 1.469717e-03 0.000000e+00)
335.9         	5.737476e-07	(0.000000e+00 1.469717e-03 0.000000e+00)
335.95        	5.737476e-07	(0.000000e+00 1.469717e-03 0.000000e+00)
336           	5.737478e-07	(0.000000e+00 1.469717e-03 0.000000e+00)
336.05        	5.737478e-07	(0.000000e+00 1.469717e-03 0.000000e+00)
336.1         	5.737480e-07	(0.000000e+00 1.469717e-03 0.000000e+00)
336.15        	5.737481e-07	(0.000000e+00 1.469717e-03 0.000000e+00)
336.2         	5.737482e-07	(0.000000e+00 1.469717e-03 0.000000e+00)
336.25        	5.737483e-07	(0.000000e+00 1.469717e-03 0.000000e+00)
336.3         	5.737484e-07	(0.000000e+00 1.469717e-03 0.000000e+00)
336.35        	5.737484e-07	(0.000000e+00 1.469717e-03 0.000000e+00)
336.4         	5.737485e-07	(0.000000e+00 1.469717e-03 0.000000e+00)
336.45        	5.737485e-07	(0.000000e+00 1.469717e-03 0.000000e+00)
336.5         	5.737486e-07	(0.000000e+00 1.469717e-03 0.000000e+00)
336.55        	5.737487e-07	(0.000000e+00 1.469717e-03 0.000000e+00)
336.6         	5.737488e-07	(0.000000e+00 1.469717e-03 0.000000e+00)
336.65        	5.737489e-07	(0.000000e+00 1.469717e-03 0.000000e+00)
336.7         	5.737490e-07	(0.000000e+00 1.469717e-03 0.000000e+00)
336.75        	5.737491e-07	(0.000000e+00 1.469717e-03 0.000000e+00)
336.8         	5.737492e-07	(0.000000e+00 1.469717e-03 0.000000e+00)
336.85        	5.737493e-07	(0.000000e+00 1.469717e-03 0.000000e+00)
336.9         	5.737494e-07	(0.000000e+00 1.469717e-03 0.000000e+00)
336.95        	5.737495e-07	(0.000000e+00 1.469717e-03 0.000000e+00)
337           	5.737495e-07	(0.000000e+00 1.469717e-03 0.000000e+00)
337.05        	5.737495e-07	(0.000000e+00 1.469717e-03 0.000000e+00)
337.1         	5.737496e-07	(0.000000e+00 1.469717e-03 0.000000e+00)
337.15        	5.737497e-07	(0.000000e+00 1.469717e-03 0.000000e+00)
337.2         	5.737498e-07	(0.000000e+00 1.469717e-03 0.000000e+00)
337.25        	5.737499e-07	(0.000000e+00 1.469717e-03 0.000000e+00)
337.3         	5.737500e-07	(0.000000e+00 1.469717e-03 0.000000e+00)
337.35        	5.737501e-07	(0.000000e+00 1.469717e-03 0.000000e+00)
337.4         	5.737502e-07	(0.000000e+00 1.469717e-03 0.000000e+00)
337.45        	5.737503e-07	(0.000000e+00 1.469717e-03 0.000000e+00)
337.5         	5.737504e-07	(0.000000e+00 1.469717e-03 0.000000e+00)
337.55        	5.737505e-07	(0.000000e+00 1.469717e-03 0.000000e+00)
337.6         	5.737505e-07	(0.000000e+00 1.469717e-03 0.000000e+00)
337.65        	5.737505e-07	(0.000000e+00 1.469717e-03 0.000000e+00)
337.7         	5.737506e-07	(0.000000e+00 1.469717e-03 0.000000e+00)
337.75        	5.737507e-07	(0.000000e+00 1.469717e-03 0.000000e+00)
337.8         	5.737508e-07	(0.000000e+00 1.469717e-03 0.000000e+00)
337.85        	5.737509e-07	(0.000000e+00 1.469717e-03 0.000000e+00)
337.9         	5.737510e-07	(0.000000e+00 1.469717e-03 0.000000e+00)
337.95        	5.737511e-07	(0.000000e+00 1.469717e-03 0.000000e+00)
338           	5.737512e-07	(0.000000e+00 1.469717e-03 0.000000e+00)
338.05        	5.737513e-07	(0.000000e+00 1.469717e-03 0.000000e+00)
338.1         	5.737514e-07	(0.000000e+00 1.469717e-03 0.000000e+00)
338.15        	5.737514e-07	(0.000000e+00 1.469717e-03 0.000000e+00)
338.2         	5.737515e-07	(0.000000e+00 1.469717e-03 0.000000e+00)
338.25        	5.737515e-07	(0.000000e+00 1.469717e-03 0.000000e+00)
338.3         	5.737516e-07	(0.000000e+00 1.469717e-03 0.000000e+00)
338.35        	5.737517e-07	(0.000000e+00 1.469717e-03 0.000000e+00)
338.4         	5.737518e-07	(0.000000e+00 1.469717e-03 0.000000e+00)
338.45        	5.737519e-07	(0.000000e+00 1.469717e-03 0.000000e+00)
338.5         	5.737520e-07	(0.000000e+00 1.469717e-03 0.000000e+00)
338.55        	5.737521e-07	(0.000000e+00 1.469717e-03 0.000000e+00)
338.6         	5.737522e-07	(0.000000e+00 1.469717e-03 0.000000e+00)
338.65        	5.737522e-07	(0.000000e+00 1.469717e-03 0.000000e+00)
338.7         	5.737523e-07	(0.000000e+00 1.469717e-03 0.000000e+00)
338.75        	5.737524e-07	(0.000000e+00 1.469717e-03 0.000000e+00)
338.8         	5.737524e-07	(0.000000e+00 1.469717e-03 0.000000e+00)
338.85        	5.737525e-07	(0.000000e+00 1.469717e-03 0.000000e+00)
338.9         	5.737526e-07	(0.000000e+00 1.469717e-03 0.000000e+00)
338.95        	5.737526e-07	(0.000000e+00 1.469717e-03 0.000000e+00)
339           	5.737527e-07	(0.000000e+00 1.469717e-03 0.000000e+00)
339.05        	5.737528e-07	(0.000000e+00 1.469717e-03 0.000000e+00)
339.1         	5.737529e-07	(0.000000e+00 1.469717e-03 0.000000e+00)
339.15        	5.737530e-07	(0.000000e+00 1.469717e-03 0.000000e+00)
339.2         	5.737531e-07	(0.000000e+00 1.469717e-03 0.000000e+00)
339.25        	5.737532e-07	(0.000000e+00 1.469717e-03 0.000000e+00)
339.3         	5.737533e-07	(0.000000e+00 1.469717e-03 0.000000e+00)
339.35        	5.737533e-07	(0.000000e+00 1.469717e-03 0.000000e+00)
339.4         	5.737533e-07	(0.000000e+00 1.469717e-03 0.000000e+00)
339.45        	5.737534e-07	(0.000000e+00 1.469717e-03 0.000000e+00)
339.5         	5.737535e-07	(0.000000e+00 1.469717e-03 0.000000e+00)
339.55        	5.737536e-07	(0.000000e+00 1.469717e-03 0.000000e+00)
339.6         	5.737537e-07	(0.000000e+00 1.469717e-03 0.000000e+00)
339.65        	5.737538e-07	(0.000000e+00 1.469717e-03 0.000000e+00)
339.7         	5.737539e-07	(0.000000e+00 1.469717e-03 0.000000e+00)
339.75        	5.737539e-07	(0.000000e+00 1.469717e-03 0.000000e+00)
339.8         	5.737540e-07	(0.000000e+00 1.469717e-03 0.000000e+00)
339.85        	5.737541e-07	(0.000000e+00 1.469717e-03 0.000000e+00)
339.9         	5.737542e-07	(0.000000e+00 1.469717e-03 0.000000e+00)
339.95        	5.737542e-07	(0.000000e+00 1.469717e-03 0.000000e+00)
340           	5.737543e-07	(0.000000e+00 1.469717e-03 0.000000e+00)
340.05        	5.737543e-07	(0.000000e+00 1.469717e-03 0.000000e+00)
340.1         	5.737544e-07	(0.000000e+00 1.469717e-03 0.000000e+00)
340.15        	5.737545e-07	(0.000000e+00 1.469717e-03 0.000000e+00)
340.2         	5.737546e-07	(0.000000e+00 1.469717e-03 0.000000e+00)
340.25        	5.737547e-07	(0.000000e+00 1.469717e-03 0.000000e+00)
340.3         	5.737548e-07	(0.000000e+00 1.469717e-03 0.000000e+00)
340.35        	5.737548e-07	(0.000000e+00 1.469717e-03 0.000000e+00)
340.4         	5.737549e-07	(0.000000e+00 1.469717e-03 0.000000e+00)
340.45        	5.737550e-07	(0.000000e+00 1.469717e-03 0.000000e+00)
340.5         	5.737551e-07	(0.000000e+00 1.469717e-03 0.000000e+00)
340.55        	5.737551e-07	(0.000000e+00 1.469717e-03 0.000000e+00)
340.6         	5.737552e-07	(0.000000e+00 1.469717e-03 0.000000e+00)
340.65        	5.737552e-07	(0.000000e+00 1.469717e-03 0.000000e+00)
340.7         	5.737553e-07	(0.000000e+00 1.469717e-03 0.000000e+00)
340.75        	5.737554e-07	(0.000000e+00 1.469717e-03 0.000000e+00)
340.8         	5.737555e-07	(0.000000e+00 1.469717e-03 0.000000e+00)
340.85        	5.737556e-07	(0.000000e+00 1.469717e-03 0.000000e+00)
340.9         	5.737557e-07	(0.000000e+00 1.469717e-03 0.000000e+00)
340.95        	5.737557e-07	(0.000000e+00 1.469717e-03 0.000000e+00)
341           	5.737558e-07	(0.000000e+00 1.469717e-03 0.000000e+00)
341.05        	5.737559e-07	(0.000000e+00 1.469717e-03 0.000000e+00)
341.1         	5.737559e-07	(0.000000e+00 1.469717e-03 0.000000e+00)
341.15        	5.737559e-07	(0.000000e+00 1.469717e-03 0.000000e+00)
341.2         	5.737560e-07	(0.000000e+00 1.469717e-03 0.000000e+00)
341.25        	5.737561e-07	(0.000000e+00 1.469717e-03 0.000000e+00)
341.3         	5.737562e-07	(0.000000e+00 1.469717e-03 0.000000e+00)
341.35        	5.737563e-07	(0.000000e+00 1.469717e-03 0.000000e+00)
341.4         	5.737564e-07	(0.000000e+00 1.469717e-03 0.000000e+00)
341.45        	5.737564e-07	(0.000000e+00 1.469717e-03 0.000000e+00)
341.5         	5.737565e-07	(0.000000e+00 1.469717e-03 0.000000e+00)
341.55        	5.737566e-07	(0.000000e+00 1.469717e-03 0.000000e+00)
341.6         	5.737567e-07	(0.000000e+00 1.469717e-03 0.000000e+00)
341.65        	5.737567e-07	(0.000000e+00 1.469717e-03 0.000000e+00)
341.7         	5.737568e-07	(0.000000e+00 1.469717e-03 0.000000e+00)
341.75        	5.737568e-07	(0.000000e+00 1.469717e-03 0.000000e+00)
341.8         	5.737569e-07	(0.000000e+00 1.469717e-03 0.000000e+00)
341.85        	5.737570e-07	(0.000000e+00 1.469717e-03 0.000000e+00)
341.9         	5.737570e-07	(0.000000e+00 1.469717e-03 0.000000e+00)
341.95        	5.737571e-07	(0.000000e+00 1.469717e-03 0.000000e+00)
342           	5.737572e-07	(0.000000e+00 1.469717e-03 0.000000e+00)
342.05        	5.737573e-07	(0.000000e+00 1.469717e-03 0.000000e+00)
342.1         	5.737574e-07	(0.000000e+00 1.469717e-03 0.000000e+00)
342.15        	5.737574e-07	(0.000000e+00 1.469717e-03 0.000000e+00)
342.2         	5.737575e-07	(0.000000e+00 1.469717e-03 0.000000e+00)
342.25        	5.737576e-07	(0.000000e+00 1.469717e-03 0.000000e+00)
342.3         	5.737576e-07	(0.000000e+00 1.469717e-03 0.000000e+00)
342.35        	5.737577e-07	(0.000000e+00 1.469717e-03 0.000000e+00)
342.4         	5.737577e-07	(0.000000e+00 1.469717e-03 0.000000e+00)
342.45        	5.737578e-07	(0.000000e+00 1.469717e-03 0.000000e+00)
342.5         	5.737579e-07	(0.000000e+00 1.469717e-03 0.000000e+00)
342.55        	5.737580e-07	(0.000000e+00 1.469717e-03 0.000000e+00)
342.6         	5.737580e-07	(0.000000e+00 1.469717e-03 0.000000e+00)
342.65        	5.737581e-07	(0.000000e+00 1.469717e-03 0.000000e+00)
342.7         	5.737582e-07	(0.000000e+00 1.469717e-03 0.000000e+00)
342.75        	5.737583e-07	(0.000000e+00 1.469717e-03 0.000000e+00)
342.8         	5.737584e-07	(0.000000e+00 1.469717e-03 0.000000e+00)
342.85        	5.737584e-07	(0.000000e+00 1.469717e-03 0.000000e+00)
342.9         	5.737584e-07	(0.000000e+00 1.469717e-03 0.000000e+00)
342.95        	5.737585e-07	(0.000000e+00 1.469717e-03 0.000000e+00)
343           	5.737586e-07	(0.000000e+00 1.469717e-03 0.000000e+00)
343.05        	5.737586e-07	(0.000000e+00 1.469717e-03 0.000000e+00)
343.1         	5.737587e-07	(0.000000e+00 1.469717e-03 0.000000e+00)
343.15        	5.737588e-07	(0.000000e+00 1.469717e-03 0.000000e+00)
343.2         	5.737589e-07	(0.000000e+00 1.469717e-03 0.000000e+00)
343.25        	5.737590e-07	(0.000000e+00 1.469717e-03 0.000000e+00)
343.3         	5.737590e-07	(0.000000e+00 1.469717e-03 0.000000e+00)
343.35        	5.737591e-07	(0.000000e+00 1.469717e-03 0.000000e+00)
343.4         	5.737592e-07	(0.000000e+00 1.469717e-03 0.000000e+00)
343.45        	5.737592e-07	(0.000000e+00 1.469717e-03 0.000000e+00)
343.5         	5.737592e-07	(0.000000e+00 1.469717e-03 0.000000e+00)
343.55        	5.737593e-07	(0.000000e+00 1.469717e-03 0.000000e+00)
343.6         	5.737594e-07	(0.000000e+00 1.469717e-03 0.000000e+00)
343.65        	5.737594e-07	(0.000000e+00 1.469717e-03 0.000000e+00)
343.7         	5.737595e-07	(0.000000e+00 1.469717e-03 0.000000e+00)
343.75        	5.737596e-07	(0.000000e+00 1.469717e-03 0.000000e+00)
343.8         	5.737597e-07	(0.000000e+00 1.469717e-03 0.000000e+00)
343.85        	5.737597e-07	(0.000000e+00 1.469717e-03 0.000000e+00)
343.9         	5.737598e-07	(0.000000e+00 1.469717e-03 0.000000e+00)
343.95        	5.737599e-07	(0.000000e+00 1.469717e-03 0.000000e+00)
344           	5.737600e-07	(0.000000e+00 1.469717e-03 0.000000e+00)
344.05        	5.737600e-07	(0.000000e+00 1.469717e-03 0.000000e+00)
344.1         	5.737600e-07	(0.000000e+00 1.469717e-03 0.000000e+00)
344.15        	5.737601e-07	(0.000000e+00 1.469717e-03 0.000000e+00)
344.2         	5.737602e-07	(0.000000e+00 1.469717e-03 0.000000e+00)
344.25        	5.737602e-07	(0.000000e+00 1.469717e-03 0.000000e+00)
344.3         	5.737603e-07	(0.000000e+00 1.469717e-03 0.000000e+00)
344.35        	5.737604e-07	(0.000000e+00 1.469717e-03 0.000000e+00)
344.4         	5.737605e-07	(0.000000e+00 1.469717e-03 0.000000e+00)
344.45        	5.737605e-07	(0.000000e+00 1.469717e-03 0.000000e+00)
344.5         	5.737606e-07	(0.000000e+00 1.469717e-03 0.000000e+00)
344.55        	5.737607e-07	(0.000000e+00 1.469717e-03 0.000000e+00)
344.6         	5.737608e-07	(0.000000e+00 1.469717e-03 0.000000e+00)
344.65        	5.737608e-07	(0.000000e+00 1.469717e-03 0.000000e+00)
344.7         	5.737608e-07	(0.000000e+00 1.469717e-03 0.000000e+00)
344.75        	5.737609e-07	(0.000000e+00 1.469717e-03 0.000000e+00)
344.8         	5.737609e-07	(0.000000e+00 1.469717e-03 0.000000e+00)
344.85        	5.737610e-07	(0.000000e+00 1.469717e-03 0.000000e+00)
344.9         	5.737611e-07	(0.000000e+00 1.469717e-03 0.000000e+00)
344.95        	5.737611e-07	(0.000000e+00 1.469717e-03 0.000000e+00)
345           	5.737612e-07	(0.000000e+00 1.469717e-03 0.000000e+00)
345.05        	5.737613e-07	(0.000000e+00 1.469717e-03 0.000000e+00)
345.1         	5.737614e-07	(0.000000e+00 1.469717e-03 0.000000e+00)
345.15        	5.737614e-07	(0.000000e+00 1.469717e-03 0.000000e+00)
345.2         	5.737615e-07	(0.000000e+00 1.469717e-03 0.000000e+00)
345.25        	5.737615e-07	(0.000000e+00 1.469717e-03 0.000000e+00)
345.3         	5.737616e-07	(0.000000e+00 1.469717e-03 0.000000e+00)
345.35        	5.737616e-07	(0.000000e+00 1.469717e-03 0.000000e+00)
345.4         	5.737617e-07	(0.000000e+00 1.469717e-03 0.000000e+00)
345.45        	5.737618e-07	(0.000000e+00 1.469717e-03 0.000000e+00)
345.5         	5.737618e-07	(0.000000e+00 1.469717e-03 0.000000e+00)
345.55        	5.737619e-07	(0.000000e+00 1.469717e-03 0.000000e+00)
345.6         	5.737620e-07	(0.000000e+00 1.469717e-03 0.000000e+00)
345.65        	5.737620e-07	(0.000000e+00 1.469717e-03 0.000000e+00)
345.7         	5.737621e-07	(0.000000e+00 1.469717e-03 0.000000e+00)
345.75        	5.737622e-07	(0.000000e+00 1.469717e-03 0.000000e+00)
345.8         	5.737623e-07	(0.000000e+00 1.469717e-03 0.000000e+00)
345.85        	5.737623e-07	(0.000000e+00 1.469717e-03 0.000000e+00)
345.9         	5.737623e-07	(0.000000e+00 1.469717e-03 0.000000e+00)
345.95        	5.737624e-07	(0.000000e+00 1.469717e-03 0.000000e+00)
346           	5.737624e-07	(0.000000e+00 1.469717e-03 0.000000e+00)
346.05        	5.737625e-07	(0.000000e+00 1.469717e-03 0.000000e+00)
346.1         	5.737626e-07	(0.000000e+00 1.469717e-03 0.000000e+00)
346.15        	5.737626e-07	(0.000000e+00 1.469717e-03 0.000000e+00)
346.2         	5.737627e-07	(0.000000e+00 1.469717e-03 0.000000e+00)
346.25        	5.737628e-07	(0.000000e+00 1.469717e-03 0.000000e+00)
346.3         	5.737629e-07	(0.000000e+00 1.469717e-03 0.000000e+00)
346.35        	5.737629e-07	(0.000000e+00 1.469717e-03 0.000000e+00)
346.4         	5.737630e-07	(0.000000e+00 1.469717e-03 0.000000e+00)
346.45        	5.737630e-07	(0.000000e+00 1.469717e-03 0.000000e+00)
346.5         	5.737630e-07	(0.000000e+00 1.469717e-03 0.000000e+00)
346.55        	5.737631e-07	(0.000000e+00 1.469717e-03 0.000000e+00)
346.6         	5.737632e-07	(0.000000e+00 1.469717e-03 0.000000e+00)
346.65        	5.737632e-07	(0.000000e+00 1.469717e-03 0.000000e+00)
346.7         	5.737633e-07	(0.000000e+00 1.469717e-03 0.000000e+00)
346.75        	5.737634e-07	(0.000000e+00 1.469717e-03 0.000000e+00)
346.8         	5.737634e-07	(0.000000e+00 1.469717e-03 0.000000e+00)
346.85        	5.737635e-07	(0.000000e+00 1.469717e-03 0.000000e+00)
346.9         	5.737636e-07	(0.000000e+00 1.469717e-03 0.000000e+00)
346.95        	5.737636e-07	(0.000000e+00 1.469717e-03 0.000000e+00)
347           	5.737637e-07	(0.000000e+00 1.469717e-03 0.000000e+00)
347.05        	5.737637e-07	(0.000000e+00 1.469717e-03 0.000000e+00)
347.1         	5.737638e-07	(0.000000e+00 1.469717e-03 0.000000e+00)
347.15        	5.737638e-07	(0.000000e+00 1.469717e-03 0.000000e+00)
347.2         	5.737639e-07	(0.000000e+00 1.469717e-03 0.000000e+00)
347.25        	5.737639e-07	(0.000000e+00 1.469717e-03 0.000000e+00)
347.3         	5.737640e-07	(0.000000e+00 1.469717e-03 0.000000e+00)
347.35        	5.737641e-07	(0.000000e+00 1.469717e-03 0.000000e+00)
347.4         	5.737641e-07	(0.000000e+00 1.469717e-03 0.000000e+00)
347.45        	5.737642e-07	(0.000000e+00 1.469717e-03 0.000000e+00)
347.5         	5.737643e-07	(0.000000e+00 1.469717e-03 0.000000e+00)
347.55        	5.737643e-07	(0.000000e+00 1.469717e-03 0.000000e+00)
347.6         	5.737644e-07	(0.000000e+00 1.469717e-03 0.000000e+00)
347.65        	5.737644e-07	(0.000000e+00 1.469717e-03 0.000000e+00)
347.7         	5.737645e-07	(0.000000e+00 1.469717e-03 0.000000e+00)
347.75        	5.737645e-07	(0.000000e+00 1.469717e-03 0.000000e+00)
347.8         	5.737646e-07	(0.000000e+00 1.469717e-03 0.000000e+00)
347.85        	5.737646e-07	(0.000000e+00 1.469717e-03 0.000000e+00)
347.9         	5.737647e-07	(0.000000e+00 1.469717e-03 0.000000e+00)
347.95        	5.737648e-07	(0.000000e+00 1.469717e-03 0.000000e+00)
348           	5.737648e-07	(0.000000e+00 1.469717e-03 0.000000e+00)
348.05        	5.737649e-07	(0.000000e+00 1.469717e-03 0.000000e+00)
348.1         	5.737650e-07	(0.000000e+00 1.469717e-03 0.000000e+00)
348.15        	5.737650e-07	(0.000000e+00 1.469717e-03 0.000000e+00)
348.2         	5.737651e-07	(0.000000e+00 1.469717e-03 0.000000e+00)
348.25        	5.737651e-07	(0.000000e+00 1.469717e-03 0.000000e+00)
348.3         	5.737651e-07	(0.000000e+00 1.469717e-03 0.000000e+00)
348.35        	5.737652e-07	(0.000000e+00 1.469717e-03 0.000000e+00)
348.4         	5.737653e-07	(0.000000e+00 1.469717e-03 0.000000e+00)
348.45        	5.737653e-07	(0.000000e+00 1.469717e-03 0.000000e+00)
348.5         	5.737654e-07	(0.000000e+00 1.469717e-03 0.000000e+00)
348.55        	5.737654e-07	(0.000000e+00 1.469717e-03 0.000000e+00)
348.6         	5.737655e-07	(0.000000e+00 1.469717e-03 0.000000e+00)
348.65        	5.737656e-07	(0.000000e+00 1.469717e-03 0.000000e+00)
348.7         	5.737656e-07	(0.000000e+00 1.469717e-03 0.000000e+00)
348.75        	5.737657e-07	(0.000000e+00 1.469717e-03 0.000000e+00)
348.8         	5.737657e-07	(0.000000e+00 1.469717e-03 0.000000e+00)
348.85        	5.737657e-07	(0.000000e+00 1.469717e-03 0.000000e+00)
348.9         	5.737658e-07	(0.000000e+00 1.469717e-03 0.000000e+00)
348.95        	5.737659e-07	(0.000000e+00 1.469717e-03 0.000000e+00)
349           	5.737659e-07	(0.000000e+00 1.469717e-03 0.000000e+00)
349.05        	5.737660e-07	(0.000000e+00 1.469717e-03 0.000000e+00)
349.1         	5.737660e-07	(0.000000e+00 1.469717e-03 0.000000e+00)
349.15        	5.737661e-07	(0.000000e+00 1.469717e-03 0.000000e+00)
349.2         	5.737662e-07	(0.000000e+00 1.469717e-03 0.000000e+00)
349.25        	5.737662e-07	(0.000000e+00 1.469717e-03 0.000000e+00)
349.3         	5.737663e-07	(0.000000e+00 1.469717e-03 0.000000e+00)
349.35        	5.737663e-07	(0.000000e+00 1.469717e-03 0.000000e+00)
349.4         	5.737664e-07	(0.000000e+00 1.469717e-03 0.000000e+00)
349.45        	5.737664e-07	(0.000000e+00 1.469717e-03 0.000000e+00)
349.5         	5.737665e-07	(0.000000e+00 1.469717e-03 0.000000e+00)
349.55        	5.737665e-07	(0.000000e+00 1.469717e-03 0.000000e+00)
349.6         	5.737666e-07	(0.000000e+00 1.469717e-03 0.000000e+00)
349.65        	5.737666e-07	(0.000000e+00 1.469717e-03 0.000000e+00)
349.7         	5.737667e-07	(0.000000e+00 1.469717e-03 0.000000e+00)
349.75        	5.737668e-07	(0.000000e+00 1.469717e-03 0.000000e+00)
349.8         	5.737668e-07	(0.000000e+00 1.469717e-03 0.000000e+00)
349.85        	5.737669e-07	(0.000000e+00 1.469717e-03 0.000000e+00)
349.9         	5.737669e-07	(0.000000e+00 1.469717e-03 0.000000e+00)
349.95        	5.737670e-07	(0.000000e+00 1.469717e-03 0.000000e+00)
350           	5.737670e-07	(0.000000e+00 1.469717e-03 0.000000e+00)
350.05        	5.737670e-07	(0.000000e+00 1.469717e-03 0.000000e+00)
350.1         	5.737671e-07	(0.000000e+00 1.469717e-03 0.000000e+00)
350.15        	5.737672e-07	(0.000000e+00 1.469717e-03 0.000000e+00)
350.2         	5.737672e-07	(0.000000e+00 1.469717e-03 0.000000e+00)
350.25        	5.737673e-07	(0.000000e+00 1.469717e-03 0.000000e+00)
350.3         	5.737673e-07	(0.000000e+00 1.469717e-03 0.000000e+00)
350.35        	5.737674e-07	(0.000000e+00 1.469717e-03 0.000000e+00)
350.4         	5.737675e-07	(0.000000e+00 1.469717e-03 0.000000e+00)
350.45        	5.737675e-07	(0.000000e+00 1.469717e-03 0.000000e+00)
350.5         	5.737676e-07	(0.000000e+00 1.469717e-03 0.000000e+00)
350.55        	5.737676e-07	(0.000000e+00 1.469717e-03 0.000000e+00)
350.6         	5.737676e-07	(0.000000e+00 1.469717e-03 0.000000e+00)
350.65        	5.737677e-07	(0.000000e+00 1.469717e-03 0.000000e+00)
350.7         	5.737677e-07	(0.000000e+00 1.469717e-03 0.000000e+00)
350.75        	5.737678e-07	(0.000000e+00 1.469717e-03 0.000000e+00)
350.8         	5.737678e-07	(0.000000e+00 1.469717e-03 0.000000e+00)
350.85        	5.737679e-07	(0.000000e+00 1.469717e-03 0.000000e+00)
350.9         	5.737680e-07	(0.000000e+00 1.469717e-03 0.000000e+00)
350.95        	5.737680e-07	(0.000000e+00 1.469717e-03 0.000000e+00)
351           	5.737681e-07	(0.000000e+00 1.469717e-03 0.000000e+00)
351.05        	5.737681e-07	(0.000000e+00 1.469717e-03 0.000000e+00)
351.1         	5.737682e-07	(0.000000e+00 1.469717e-03 0.000000e+00)
351.15        	5.737682e-07	(0.000000e+00 1.469717e-03 0.000000e+00)
351.2         	5.737682e-07	(0.000000e+00 1.469717e-03 0.000000e+00)
351.25        	5.737683e-07	(0.000000e+00 1.469717e-03 0.000000e+00)
351.3         	5.737683e-07	(0.000000e+00 1.469717e-03 0.000000e+00)
351.35        	5.737684e-07	(0.000000e+00 1.469717e-03 0.000000e+00)
351.4         	5.737685e-07	(0.000000e+00 1.469717e-03 0.000000e+00)
351.45        	5.737685e-07	(0.000000e+00 1.469717e-03 0.000000e+00)
351.5         	5.737686e-07	(0.000000e+00 1.469717e-03 0.000000e+00)
351.55        	5.737686e-07	(0.000000e+00 1.469717e-03 0.000000e+00)
351.6         	5.737687e-07	(0.000000e+00 1.469717e-03 0.000000e+00)
351.65        	5.737687e-07	(0.000000e+00 1.469717e-03 0.000000e+00)
351.7         	5.737688e-07	(0.000000e+00 1.469717e-03 0.000000e+00)
351.75        	5.737688e-07	(0.000000e+00 1.469717e-03 0.000000e+00)
351.8         	5.737688e-07	(0.000000e+00 1.469717e-03 0.000000e+00)
351.85        	5.737689e-07	(0.000000e+00 1.469717e-03 0.000000e+00)
351.9         	5.737689e-07	(0.000000e+00 1.469717e-03 0.000000e+00)
351.95        	5.737690e-07	(0.000000e+00 1.469717e-03 0.000000e+00)
352           	5.737690e-07	(0.000000e+00 1.469717e-03 0.000000e+00)
352.05        	5.737691e-07	(0.000000e+00 1.469717e-03 0.000000e+00)
352.1         	5.737692e-07	(0.000000e+00 1.469717e-03 0.000000e+00)
352.15        	5.737692e-07	(0.000000e+00 1.469717e-03 0.000000e+00)
352.2         	5.737693e-07	(0.000000e+00 1.469717e-03 0.000000e+00)
352.25        	5.737693e-07	(0.000000e+00 1.469717e-03 0.000000e+00)
352.3         	5.737694e-07	(0.000000e+00 1.469717e-03 0.000000e+00)
352.35        	5.737694e-07	(0.000000e+00 1.469717e-03 0.000000e+00)
352.4         	5.737694e-07	(0.000000e+00 1.469717e-03 0.000000e+00)
352.45        	5.737695e-07	(0.000000e+00 1.469717e-03 0.000000e+00)
352.5         	5.737695e-07	(0.000000e+00 1.469717e-03 0.000000e+00)
352.55        	5.737696e-07	(0.000000e+00 1.469717e-03 0.000000e+00)
352.6         	5.737696e-07	(0.000000e+00 1.469717e-03 0.000000e+00)
352.65        	5.737697e-07	(0.000000e+00 1.469717e-03 0.000000e+00)
352.7         	5.737698e-07	(0.000000e+00 1.469717e-03 0.000000e+00)
352.75        	5.737698e-07	(0.000000e+00 1.469717e-03 0.000000e+00)
352.8         	5.737699e-07	(0.000000e+00 1.469717e-03 0.000000e+00)
352.85        	5.737699e-07	(0.000000e+00 1.469717e-03 0.000000e+00)
352.9         	5.737700e-07	(0.000000e+00 1.469717e-03 0.000000e+00)
352.95        	5.737700e-07	(0.000000e+00 1.469717e-03 0.000000e+00)
353           	5.737700e-07	(0.000000e+00 1.469717e-03 0.000000e+00)
353.05        	5.737700e-07	(0.000000e+00 1.469717e-03 0.000000e+00)
353.1         	5.737701e-07	(0.000000e+00 1.469717e-03 0.000000e+00)
353.15        	5.737702e-07	(0.000000e+00 1.469717e-03 0.000000e+00)
353.2         	5.737702e-07	(0.000000e+00 1.469717e-03 0.000000e+00)
353.25        	5.737703e-07	(0.000000e+00 1.469717e-03 0.000000e+00)
353.3         	5.737703e-07	(0.000000e+00 1.469717e-03 0.000000e+00)
353.35        	5.737704e-07	(0.000000e+00 1.469717e-03 0.000000e+00)
353.4         	5.737704e-07	(0.000000e+00 1.469717e-03 0.000000e+00)
353.45        	5.737705e-07	(0.000000e+00 1.469717e-03 0.000000e+00)
353.5         	5.737705e-07	(0.000000e+00 1.469717e-03 0.000000e+00)
353.55        	5.737705e-07	(0.000000e+00 1.469717e-03 0.000000e+00)
353.6         	5.737706e-07	(0.000000e+00 1.469717e-03 0.000000e+00)
353.65        	5.737706e-07	(0.000000e+00 1.469717e-03 0.000000e+00)
353.7         	5.737707e-07	(0.000000e+00 1.469717e-03 0.000000e+00)
353.75        	5.737707e-07	(0.000000e+00 1.469717e-03 0.000000e+00)
353.8         	5.737708e-07	(0.000000e+00 1.469717e-03 0.000000e+00)
353.85        	5.737708e-07	(0.000000e+00 1.469717e-03 0.000000e+00)
353.9         	5.737709e-07	(0.000000e+00 1.469717e-03 0.000000e+00)
353.95        	5.737709e-07	(0.000000e+00 1.469717e-03 0.000000e+00)
354           	5.737710e-07	(0.000000e+00 1.469717e-03 0.000000e+00)
354.05        	5.737710e-07	(0.000000e+00 1.469717e-03 0.000000e+00)
354.1         	5.737711e-07	(0.000000e+00 1.469717e-03 0.000000e+00)
354.15        	5.737711e-07	(0.000000e+00 1.469717e-03 0.000000e+00)
354.2         	5.737711e-07	(0.000000e+00 1.469717e-03 0.000000e+00)
354.25        	5.737712e-07	(0.000000e+00 1.469717e-03 0.000000e+00)
354.3         	5.737712e-07	(0.000000e+00 1.469717e-03 0.000000e+00)
354.35        	5.737713e-07	(0.000000e+00 1.469717e-03 0.000000e+00)
354.4         	5.737713e-07	(0.000000e+00 1.469717e-03 0.000000e+00)
354.45        	5.737714e-07	(0.000000e+00 1.469717e-03 0.000000e+00)
354.5         	5.737714e-07	(0.000000e+00 1.469717e-03 0.000000e+00)
354.55        	5.737715e-07	(0.000000e+00 1.469717e-03 0.000000e+00)
354.6         	5.737715e-07	(0.000000e+00 1.469717e-03 0.000000e+00)
354.65        	5.737716e-07	(0.000000e+00 1.469717e-03 0.000000e+00)
354.7         	5.737716e-07	(0.000000e+00 1.469717e-03 0.000000e+00)
354.75        	5.737716e-07	(0.000000e+00 1.469717e-03 0.000000e+00)
354.8         	5.737717e-07	(0.000000e+00 1.469717e-03 0.000000e+00)
354.85        	5.737717e-07	(0.000000e+00 1.469717e-03 0.000000e+00)
354.9         	5.737718e-07	(0.000000e+00 1.469717e-03 0.000000e+00)
354.95        	5.737718e-07	(0.000000e+00 1.469717e-03 0.000000e+00)
355           	5.737719e-07	(0.000000e+00 1.469717e-03 0.000000e+00)
355.05        	5.737719e-07	(0.000000e+00 1.469717e-03 0.000000e+00)
355.1         	5.737720e-07	(0.000000e+00 1.469717e-03 0.000000e+00)
355.15        	5.737720e-07	(0.000000e+00 1.469717e-03 0.000000e+00)
355.2         	5.737721e-07	(0.000000e+00 1.469717e-03 0.000000e+00)
355.25        	5.737721e-07	(0.000000e+00 1.469717e-03 0.000000e+00)
355.3         	5.737722e-07	(0.000000e+00 1.469717e-03 0.000000e+00)
355.35        	5.737722e-07	(0.000000e+00 1.469717e-03 0.000000e+00)
355.4         	5.737722e-07	(0.000000e+00 1.469717e-03 0.000000e+00)
355.45        	5.737722e-07	(0.000000e+00 1.469717e-03 0.000000e+00)
355.5         	5.737723e-07	(0.000000e+00 1.469717e-03 0.000000e+00)
355.55        	5.737723e-07	(0.000000e+00 1.469717e-03 0.000000e+00)
355.6         	5.737724e-07	(0.000000e+00 1.469717e-03 0.000000e+00)
355.65        	5.737724e-07	(0.000000e+00 1.469717e-03 0.000000e+00)
355.7         	5.737725e-07	(0.000000e+00 1.469717e-03 0.000000e+00)
355.75        	5.737725e-07	(0.000000e+00 1.469717e-03 0.000000e+00)
355.8         	5.737726e-07	(0.000000e+00 1.469717e-03 0.000000e+00)
355.85        	5.737726e-07	(0.000000e+00 1.469717e-03 0.000000e+00)
355.9         	5.737727e-07	(0.000000e+00 1.469717e-03 0.000000e+00)
355.95        	5.737727e-07	(0.000000e+00 1.469717e-03 0.000000e+00)
356           	5.737727e-07	(0.000000e+00 1.469717e-03 0.000000e+00)
356.05        	5.737728e-07	(0.000000e+00 1.469717e-03 0.000000e+00)
356.1         	5.737728e-07	(0.000000e+00 1.469717e-03 0.000000e+00)
356.15        	5.737729e-07	(0.000000e+00 1.469717e-03 0.000000e+00)
356.2         	5.737729e-07	(0.000000e+00 1.469717e-03 0.000000e+00)
356.25        	5.737730e-07	(0.000000e+00 1.469717e-03 0.000000e+00)
356.3         	5.737730e-07	(0.000000e+00 1.469717e-03 0.000000e+00)
356.35        	5.737731e-07	(0.000000e+00 1.469717e-03 0.000000e+00)
356.4         	5.737731e-07	(0.000000e+00 1.469717e-03 0.000000e+00)
356.45        	5.737731e-07	(0.000000e+00 1.469717e-03 0.000000e+00)
356.5         	5.737732e-07	(0.000000e+00 1.469717e-03 0.000000e+00)
356.55        	5.737732e-07	(0.000000e+00 1.469717e-03 0.000000e+00)
356.6         	5.737732e-07	(0.000000e+00 1.469717e-03 0.000000e+00)
356.65        	5.737733e-07	(0.000000e+00 1.469717e-03 0.000000e+00)
356.7         	5.737733e-07	(0.000000e+00 1.469717e-03 0.000000e+00)
356.75        	5.737734e-07	(0.000000e+00 1.469717e-03 0.000000e+00)
356.8         	5.737734e-07	(0.000000e+00 1.469717e-03 0.000000e+00)
356.85        	5.737735e-07	(0.000000e+00 1.469717e-03 0.000000e+00)
356.9         	5.737735e-07	(0.000000e+00 1.469717e-03 0.000000e+00)
356.95        	5.737736e-07	(0.000000e+00 1.469717e-03 0.000000e+00)
357           	5.737736e-07	(0.000000e+00 1.469717e-03 0.000000e+00)
357.05        	5.737736e-07	(0.000000e+00 1.469717e-03 0.000000e+00)
357.1         	5.737737e-07	(0.000000e+00 1.469717e-03 0.000000e+00)
357.15        	5.737737e-07	(0.000000e+00 1.469717e-03 0.000000e+00)
357.2         	5.737737e-07	(0.000000e+00 1.469717e-03 0.000000e+00)
357.25        	5.737738e-07	(0.000000e+00 1.469717e-03 0.000000e+00)
357.3         	5.737738e-07	(0.000000e+00 1.469717e-03 0.000000e+00)
357.35        	5.737739e-07	(0.000000e+00 1.469717e-03 0.000000e+00)
357.4         	5.737739e-07	(0.000000e+00 1.469717e-03 0.000000e+00)
357.45        	5.737740e-07	(0.000000e+00 1.469717e-03 0.000000e+00)
357.5         	5.737740e-07	(0.000000e+00 1.469717e-03 0.000000e+00)
357.55        	5.737740e-07	(0.000000e+00 1.469717e-03 0.000000e+00)
357.6         	5.737741e-07	(0.000000e+00 1.469717e-03 0.000000e+00)
357.65        	5.737741e-07	(0.000000e+00 1.469717e-03 0.000000e+00)
357.7         	5.737742e-07	(0.000000e+00 1.469717e-03 0.000000e+00)
357.75        	5.737742e-07	(0.000000e+00 1.469717e-03 0.000000e+00)
357.8         	5.737742e-07	(0.000000e+00 1.469717e-03 0.000000e+00)
357.85        	5.737743e-07	(0.000000e+00 1.469717e-03 0.000000e+00)
357.9         	5.737743e-07	(0.000000e+00 1.469717e-03 0.000000e+00)
357.95        	5.737744e-07	(0.000000e+00 1.469717e-03 0.000000e+00)
358           	5.737744e-07	(0.000000e+00 1.469717e-03 0.000000e+00)
358.05        	5.737744e-07	(0.000000e+00 1.469717e-03 0.000000e+00)
358.1         	5.737745e-07	(0.000000e+00 1.469717e-03 0.000000e+00)
358.15        	5.737745e-07	(0.000000e+00 1.469717e-03 0.000000e+00)
358.2         	5.737746e-07	(0.000000e+00 1.469717e-03 0.000000e+00)
358.25        	5.737746e-07	(0.000000e+00 1.469717e-03 0.000000e+00)
358.3         	5.737746e-07	(0.000000e+00 1.469717e-03 0.000000e+00)
358.35        	5.737746e-07	(0.000000e+00 1.469717e-03 0.000000e+00)
358.4         	5.737747e-07	(0.000000e+00 1.469717e-03 0.000000e+00)
358.45        	5.737747e-07	(0.000000e+00 1.469717e-03 0.000000e+00)
358.5         	5.737748e-07	(0.000000e+00 1.469717e-03 0.000000e+00)
358.55        	5.737748e-07	(0.000000e+00 1.469717e-03 0.000000e+00)
358.6         	5.737749e-07	(0.000000e+00 1.469717e-03 0.000000e+00)
358.65        	5.737749e-07	(0.000000e+00 1.469717e-03 0.000000e+00)
358.7         	5.737750e-07	(0.000000e+00 1.469717e-03 0.000000e+00)
358.75        	5.737750e-07	(0.000000e+00 1.469717e-03 0.000000e+00)
358.8         	5.737750e-07	(0.000000e+00 1.469717e-03 0.000000e+00)
358.85        	5.737751e-07	(0.000000e+00 1.469717e-03 0.000000e+00)
358.9         	5.737751e-07	(0.000000e+00 1.469717e-03 0.000000e+00)
358.95        	5.737751e-07	(0.000000e+00 1.469717e-03 0.000000e+00)
359           	5.737752e-07	(0.000000e+00 1.469717e-03 0.000000e+00)
359.05        	5.737752e-07	(0.000000e+00 1.469717e-03 0.000000e+00)
359.1         	5.737753e-07	(0.000000e+00 1.469717e-03 0.000000e+00)
359.15        	5.737753e-07	(0.000000e+00 1.469717e-03 0.000000e+00)
359.2         	5.737753e-07	(0.000000e+00 1.469717e-03 0.000000e+00)
359.25        	5.737754e-07	(0.000000e+00 1.469717e-03 0.000000e+00)
359.3         	5.737754e-07	(0.000000e+00 1.469717e-03 0.000000e+00)
359.35        	5.737755e-07	(0.000000e+00 1.469717e-03 0.000000e+00)
359.4         	5.737755e-07	(0.000000e+00 1.469717e-03 0.000000e+00)
359.45        	5.737755e-07	(0.000000e+00 1.469717e-03 0.000000e+00)
359.5         	5.737756e-07	(0.000000e+00 1.469717e-03 0.000000e+00)
359.55        	5.737756e-07	(0.000000e+00 1.469717e-03 0.000000e+00)
359.6         	5.737756e-07	(0.000000e+00 1.469717e-03 0.000000e+00)
359.65        	5.737757e-07	(0.000000e+00 1.469717e-03 0.000000e+00)
359.7         	5.737757e-07	(0.000000e+00 1.469717e-03 0.000000e+00)
359.75        	5.737757e-07	(0.000000e+00 1.469717e-03 0.000000e+00)
359.8         	5.737758e-07	(0.000000e+00 1.469717e-03 0.000000e+00)
359.85        	5.737758e-07	(0.000000e+00 1.469717e-03 0.000000e+00)
359.9         	5.737759e-07	(0.000000e+00 1.469717e-03 0.000000e+00)
359.95        	5.737759e-07	(0.000000e+00 1.469717e-03 0.000000e+00)
360           	5.737759e-07	(0.000000e+00 1.469717e-03 0.000000e+00)
360.05        	5.737760e-07	(0.000000e+00 1.469717e-03 0.000000e+00)
360.1         	5.737760e-07	(0.000000e+00 1.469717e-03 0.000000e+00)
360.15        	5.737760e-07	(0.000000e+00 1.469717e-03 0.000000e+00)
360.2         	5.737761e-07	(0.000000e+00 1.469717e-03 0.000000e+00)
360.25        	5.737761e-07	(0.000000e+00 1.469717e-03 0.000000e+00)
360.3         	5.737762e-07	(0.000000e+00 1.469717e-03 0.000000e+00)
360.35        	5.737762e-07	(0.000000e+00 1.469717e-03 0.000000e+00)
360.4         	5.737762e-07	(0.000000e+00 1.469717e-03 0.000000e+00)
360.45        	5.737763e-07	(0.000000e+00 1.469717e-03 0.000000e+00)
360.5         	5.737763e-07	(0.000000e+00 1.469717e-03 0.000000e+00)
360.55        	5.737764e-07	(0.000000e+00 1.469717e-03 0.000000e+00)
360.6         	5.737764e-07	(0.000000e+00 1.469717e-03 0.000000e+00)
360.65        	5.737764e-07	(0.000000e+00 1.469717e-03 0.000000e+00)
360.7         	5.737765e-07	(0.000000e+00 1.469717e-03 0.000000e+00)
360.75        	5.737765e-07	(0.000000e+00 1.469717e-03 0.000000e+00)
360.8         	5.737765e-07	(0.000000e+00 1.469717e-03 0.000000e+00)
360.85        	5.737766e-07	(0.000000e+00 1.469717e-03 0.000000e+00)
360.9         	5.737766e-07	(0.000000e+00 1.469717e-03 0.000000e+00)
360.95        	5.737766e-07	(0.000000e+00 1.469717e-03 0.000000e+00)
361           	5.737767e-07	(0.000000e+00 1.469717e-03 0.000000e+00)
361.05        	5.737767e-07	(0.000000e+00 1.469717e-03 0.000000e+00)
361.1         	5.737767e-07	(0.000000e+00 1.469717e-03 0.000000e+00)
361.15        	5.737768e-07	(0.000000e+00 1.469717e-03 0.000000e+00)
361.2         	5.737768e-07	(0.000000e+00 1.469717e-03 0.000000e+00)
361.25        	5.737768e-07	(0.000000e+00 1.469717e-03 0.000000e+00)
361.3         	5.737769e-07	(0.000000e+00 1.469717e-03 0.000000e+00)
361.35        	5.737769e-07	(0.000000e+00 1.469717e-03 0.000000e+00)
361.4         	5.737769e-07	(0.000000e+00 1.469717e-03 0.000000e+00)
361.45        	5.737770e-07	(0.000000e+00 1.469717e-03 0.000000e+00)
361.5         	5.737770e-07	(0.000000e+00 1.469717e-03 0.000000e+00)
361.55        	5.737771e-07	(0.000000e+00 1.469717e-03 0.000000e+00)
361.6         	5.737771e-07	(0.000000e+00 1.469717e-03 0.000000e+00)
361.65        	5.737771e-07	(0.000000e+00 1.469717e-03 0.000000e+00)
361.7         	5.737772e-07	(0.000000e+00 1.469717e-03 0.000000e+00)
361.75        	5.737772e-07	(0.000000e+00 1.469717e-03 0.000000e+00)
361.8         	5.737772e-07	(0.000000e+00 1.469717e-03 0.000000e+00)
361.85        	5.737773e-07	(0.000000e+00 1.469717e-03 0.000000e+00)
361.9         	5.737773e-07	(0.000000e+00 1.469717e-03 0.000000e+00)
361.95        	5.737773e-07	(0.000000e+00 1.469717e-03 0.000000e+00)
362           	5.737774e-07	(0.000000e+00 1.469717e-03 0.000000e+00)
362.05        	5.737774e-07	(0.000000e+00 1.469717e-03 0.000000e+00)
362.1         	5.737774e-07	(0.000000e+00 1.469717e-03 0.000000e+00)
362.15        	5.737775e-07	(0.000000e+00 1.469717e-03 0.000000e+00)
362.2         	5.737775e-07	(0.000000e+00 1.469717e-03 0.000000e+00)
362.25        	5.737776e-07	(0.000000e+00 1.469717e-03 0.000000e+00)
362.3         	5.737776e-07	(0.000000e+00 1.469717e-03 0.000000e+00)
362.35        	5.737776e-07	(0.000000e+00 1.469717e-03 0.000000e+00)
362.4         	5.737777e-07	(0.000000e+00 1.469717e-03 0.000000e+00)
362.45        	5.737777e-07	(0.000000e+00 1.469717e-03 0.000000e+00)
362.5         	5.737777e-07	(0.000000e+00 1.469717e-03 0.000000e+00)
362.55        	5.737777e-07	(0.000000e+00 1.469717e-03 0.000000e+00)
362.6         	5.737778e-07	(0.000000e+00 1.469717e-03 0.000000e+00)
362.65        	5.737778e-07	(0.000000e+00 1.469717e-03 0.000000e+00)
362.7         	5.737778e-07	(0.000000e+00 1.469717e-03 0.000000e+00)
362.75        	5.737779e-07	(0.000000e+00 1.469717e-03 0.000000e+00)
362.8         	5.737779e-07	(0.000000e+00 1.469717e-03 0.000000e+00)
362.85        	5.737780e-07	(0.000000e+00 1.469717e-03 0.000000e+00)
362.9         	5.737780e-07	(0.000000e+00 1.469717e-03 0.000000e+00)
362.95        	5.737780e-07	(0.000000e+00 1.469717e-03 0.000000e+00)
363           	5.737781e-07	(0.000000e+00 1.469717e-03 0.000000e+00)
363.05        	5.737781e-07	(0.000000e+00 1.469717e-03 0.000000e+00)
363.1         	5.737781e-07	(0.000000e+00 1.469717e-03 0.000000e+00)
363.15        	5.737781e-07	(0.000000e+00 1.469717e-03 0.000000e+00)
363.2         	5.737782e-07	(0.000000e+00 1.469717e-03 0.000000e+00)
363.25        	5.737782e-07	(0.000000e+00 1.469717e-03 0.000000e+00)
363.3         	5.737782e-07	(0.000000e+00 1.469717e-03 0.000000e+00)
363.35        	5.737783e-07	(0.000000e+00 1.469717e-03 0.000000e+00)
363.4         	5.737783e-07	(0.000000e+00 1.469717e-03 0.000000e+00)
363.45        	5.737784e-07	(0.000000e+00 1.469717e-03 0.000000e+00)
363.5         	5.737784e-07	(0.000000e+00 1.469717e-03 0.000000e+00)
363.55        	5.737784e-07	(0.000000e+00 1.469717e-03 0.000000e+00)
363.6         	5.737785e-07	(0.000000e+00 1.469717e-03 0.000000e+00)
363.65        	5.737785e-07	(0.000000e+00 1.469717e-03 0.000000e+00)
363.7         	5.737785e-07	(0.000000e+00 1.469717e-03 0.000000e+00)
363.75        	5.737785e-07	(0.000000e+00 1.469717e-03 0.000000e+00)
363.8         	5.737786e-07	(0.000000e+00 1.469717e-03 0.000000e+00)
363.85        	5.737786e-07	(0.000000e+00 1.469717e-03 0.000000e+00)
363.9         	5.737786e-07	(0.000000e+00 1.469717e-03 0.000000e+00)
363.95        	5.737787e-07	(0.000000e+00 1.469717e-03 0.000000e+00)
364           	5.737787e-07	(0.000000e+00 1.469717e-03 0.000000e+00)
364.05        	5.737788e-07	(0.000000e+00 1.469717e-03 0.000000e+00)
364.1         	5.737788e-07	(0.000000e+00 1.469717e-03 0.000000e+00)
364.15        	5.737788e-07	(0.000000e+00 1.469717e-03 0.000000e+00)
364.2         	5.737789e-07	(0.000000e+00 1.469717e-03 0.000000e+00)
364.25        	5.737789e-07	(0.000000e+00 1.469717e-03 0.000000e+00)
364.3         	5.737789e-07	(0.000000e+00 1.469717e-03 0.000000e+00)
364.35        	5.737789e-07	(0.000000e+00 1.469717e-03 0.000000e+00)
364.4         	5.737789e-07	(0.000000e+00 1.469717e-03 0.000000e+00)
364.45        	5.737790e-07	(0.000000e+00 1.469717e-03 0.000000e+00)
364.5         	5.737790e-07	(0.000000e+00 1.469717e-03 0.000000e+00)
364.55        	5.737791e-07	(0.000000e+00 1.469717e-03 0.000000e+00)
364.6         	5.737791e-07	(0.000000e+00 1.469717e-03 0.000000e+00)
364.65        	5.737791e-07	(0.000000e+00 1.469717e-03 0.000000e+00)
364.7         	5.737792e-07	(0.000000e+00 1.469717e-03 0.000000e+00)
364.75        	5.737792e-07	(0.000000e+00 1.469717e-03 0.000000e+00)
364.8         	5.737792e-07	(0.000000e+00 1.469717e-03 0.000000e+00)
364.85        	5.737792e-07	(0.000000e+00 1.469717e-03 0.000000e+00)
364.9         	5.737793e-07	(0.000000e+00 1.469717e-03 0.000000e+00)
364.95        	5.737793e-07	(0.000000e+00 1.469717e-03 0.000000e+00)
365           	5.737793e-07	(0.000000e+00 1.469717e-03 0.000000e+00)
365.05        	5.737794e-07	(0.000000e+00 1.469717e-03 0.000000e+00)
365.1         	5.737794e-07	(0.000000e+00 1.469717e-03 0.000000e+00)
365.15        	5.737794e-07	(0.000000e+00 1.469717e-03 0.000000e+00)
365.2         	5.737795e-07	(0.000000e+00 1.469717e-03 0.000000e+00)
365.25        	5.737795e-07	(0.000000e+00 1.469717e-03 0.000000e+00)
365.3         	5.737795e-07	(0.000000e+00 1.469717e-03 0.000000e+00)
365.35        	5.737796e-07	(0.000000e+00 1.469717e-03 0.000000e+00)
365.4         	5.737796e-07	(0.000000e+00 1.469717e-03 0.000000e+00)
365.45        	5.737796e-07	(0.000000e+00 1.469717e-03 0.000000e+00)
365.5         	5.737796e-07	(0.000000e+00 1.469717e-03 0.000000e+00)
365.55        	5.737797e-07	(0.000000e+00 1.469717e-03 0.000000e+00)
365.6         	5.737797e-07	(0.000000e+00 1.469717e-03 0.000000e+00)
365.65        	5.737797e-07	(0.000000e+00 1.469717e-03 0.000000e+00)
365.7         	5.737798e-07	(0.000000e+00 1.469717e-03 0.000000e+00)
365.75        	5.737798e-07	(0.000000e+00 1.469717e-03 0.000000e+00)
365.8         	5.737798e-07	(0.000000e+00 1.469717e-03 0.000000e+00)
365.85        	5.737799e-07	(0.000000e+00 1.469717e-03 0.000000e+00)
365.9         	5.737799e-07	(0.000000e+00 1.469717e-03 0.000000e+00)
365.95        	5.737799e-07	(0.000000e+00 1.469717e-03 0.000000e+00)
366           	5.737800e-07	(0.000000e+00 1.469717e-03 0.000000e+00)
366.05        	5.737800e-07	(0.000000e+00 1.469717e-03 0.000000e+00)
366.1         	5.737800e-07	(0.000000e+00 1.469717e-03 0.000000e+00)
366.15        	5.737800e-07	(0.000000e+00 1.469717e-03 0.000000e+00)
366.2         	5.737801e-07	(0.000000e+00 1.469717e-03 0.000000e+00)
366.25        	5.737801e-07	(0.000000e+00 1.469717e-03 0.000000e+00)
366.3         	5.737801e-07	(0.000000e+00 1.469717e-03 0.000000e+00)
366.35        	5.737802e-07	(0.000000e+00 1.469717e-03 0.000000e+00)
366.4         	5.737802e-07	(0.000000e+00 1.469717e-03 0.000000e+00)
366.45        	5.737802e-07	(0.000000e+00 1.469717e-03 0.000000e+00)
366.5         	5.737803e-07	(0.000000e+00 1.469717e-03 0.000000e+00)
366.55        	5.737803e-07	(0.000000e+00 1.469717e-03 0.000000e+00)
366.6         	5.737803e-07	(0.000000e+00 1.469717e-03 0.000000e+00)
366.65        	5.737803e-07	(0.000000e+00 1.469717e-03 0.000000e+00)
366.7         	5.737804e-07	(0.000000e+00 1.469717e-03 0.000000e+00)
366.75        	5.737804e-07	(0.000000e+00 1.469717e-03 0.000000e+00)
366.8         	5.737804e-07	(0.000000e+00 1.469717e-03 0.000000e+00)
366.85        	5.737804e-07	(0.000000e+00 1.469717e-03 0.000000e+00)
366.9         	5.737805e-07	(0.000000e+00 1.469717e-03 0.000000e+00)
366.95        	5.737805e-07	(0.000000e+00 1.469717e-03 0.000000e+00)
367           	5.737806e-07	(0.000000e+00 1.469717e-03 0.000000e+00)
367.05        	5.737806e-07	(0.000000e+00 1.469717e-03 0.000000e+00)
367.1         	5.737806e-07	(0.000000e+00 1.469717e-03 0.000000e+00)
367.15        	5.737806e-07	(0.000000e+00 1.469717e-03 0.000000e+00)
367.2         	5.737807e-07	(0.000000e+00 1.469717e-03 0.000000e+00)
367.25        	5.737807e-07	(0.000000e+00 1.469717e-03 0.000000e+00)
367.3         	5.737807e-07	(0.000000e+00 1.469717e-03 0.000000e+00)
367.35        	5.737807e-07	(0.000000e+00 1.469717e-03 0.000000e+00)
367.4         	5.737808e-07	(0.000000e+00 1.469717e-03 0.000000e+00)
367.45        	5.737808e-07	(0.000000e+00 1.469717e-03 0.000000e+00)
367.5         	5.737808e-07	(0.000000e+00 1.469717e-03 0.000000e+00)
367.55        	5.737809e-07	(0.000000e+00 1.469717e-03 0.000000e+00)
367.6         	5.737809e-07	(0.000000e+00 1.469717e-03 0.000000e+00)
367.65        	5.737809e-07	(0.000000e+00 1.469717e-03 0.000000e+00)
367.7         	5.737810e-07	(0.000000e+00 1.469717e-03 0.000000e+00)
367.75        	5.737810e-07	(0.000000e+00 1.469717e-03 0.000000e+00)
367.8         	5.737810e-07	(0.000000e+00 1.469717e-03 0.000000e+00)
367.85        	5.737810e-07	(0.000000e+00 1.469717e-03 0.000000e+00)
367.9         	5.737811e-07	(0.000000e+00 1.469717e-03 0.000000e+00)
367.95        	5.737811e-07	(0.000000e+00 1.469717e-03 0.000000e+00)
368           	5.737811e-07	(0.000000e+00 1.469717e-03 0.000000e+00)
368.05        	5.737811e-07	(0.000000e+00 1.469717e-03 0.000000e+00)
368.1         	5.737812e-07	(0.000000e+00 1.469717e-03 0.000000e+00)
368.15        	5.737812e-07	(0.000000e+00 1.469717e-03 0.000000e+00)
368.2         	5.737812e-07	(0.000000e+00 1.469717e-03 0.000000e+00)
368.25        	5.737813e-07	(0.000000e+00 1.469717e-03 0.000000e+00)
368.3         	5.737813e-07	(0.000000e+00 1.469717e-03 0.000000e+00)
368.35        	5.737813e-07	(0.000000e+00 1.469717e-03 0.000000e+00)
368.4         	5.737814e-07	(0.000000e+00 1.469717e-03 0.000000e+00)
368.45        	5.737813e-07	(0.000000e+00 1.469717e-03 0.000000e+00)
368.5         	5.737814e-07	(0.000000e+00 1.469717e-03 0.000000e+00)
368.55        	5.737814e-07	(0.000000e+00 1.469717e-03 0.000000e+00)
368.6         	5.737814e-07	(0.000000e+00 1.469717e-03 0.000000e+00)
368.65        	5.737815e-07	(0.000000e+00 1.469717e-03 0.000000e+00)
368.7         	5.737815e-07	(0.000000e+00 1.469717e-03 0.000000e+00)
368.75        	5.737815e-07	(0.000000e+00 1.469717e-03 0.000000e+00)
368.8         	5.737816e-07	(0.000000e+00 1.469717e-03 0.000000e+00)
368.85        	5.737816e-07	(0.000000e+00 1.469717e-03 0.000000e+00)
368.9         	5.737816e-07	(0.000000e+00 1.469717e-03 0.000000e+00)
368.95        	5.737817e-07	(0.000000e+00 1.469717e-03 0.000000e+00)
369           	5.737817e-07	(0.000000e+00 1.469717e-03 0.000000e+00)
369.05        	5.737817e-07	(0.000000e+00 1.469717e-03 0.000000e+00)
369.1         	5.737817e-07	(0.000000e+00 1.469717e-03 0.000000e+00)
369.15        	5.737817e-07	(0.000000e+00 1.469717e-03 0.000000e+00)
369.2         	5.737818e-07	(0.000000e+00 1.469717e-03 0.000000e+00)
369.25        	5.737818e-07	(0.000000e+00 1.469717e-03 0.000000e+00)
369.3         	5.737818e-07	(0.000000e+00 1.469717e-03 0.000000e+00)
369.35        	5.737819e-07	(0.000000e+00 1.469717e-03 0.000000e+00)
369.4         	5.737819e-07	(0.000000e+00 1.469717e-03 0.000000e+00)
369.45        	5.737819e-07	(0.000000e+00 1.469717e-03 0.000000e+00)
369.5         	5.737819e-07	(0.000000e+00 1.469717e-03 0.000000e+00)
369.55        	5.737820e-07	(0.000000e+00 1.469717e-03 0.000000e+00)
369.6         	5.737820e-07	(0.000000e+00 1.469717e-03 0.000000e+00)
369.65        	5.737820e-07	(0.000000e+00 1.469717e-03 0.000000e+00)
369.7         	5.737820e-07	(0.000000e+00 1.469717e-03 0.000000e+00)
369.75        	5.737820e-07	(0.000000e+00 1.469717e-03 0.000000e+00)
369.8         	5.737821e-07	(0.000000e+00 1.469717e-03 0.000000e+00)
369.85        	5.737821e-07	(0.000000e+00 1.469717e-03 0.000000e+00)
369.9         	5.737821e-07	(0.000000e+00 1.469717e-03 0.000000e+00)
369.95        	5.737822e-07	(0.000000e+00 1.469717e-03 0.000000e+00)
370           	5.737822e-07	(0.000000e+00 1.469717e-03 0.000000e+00)
370.05        	5.737822e-07	(0.000000e+00 1.469717e-03 0.000000e+00)
370.1         	5.737823e-07	(0.000000e+00 1.469717e-03 0.000000e+00)
370.15        	5.737823e-07	(0.000000e+00 1.469717e-03 0.000000e+00)
370.2         	5.737823e-07	(0.000000e+00 1.469717e-03 0.000000e+00)
370.25        	5.737823e-07	(0.000000e+00 1.469717e-03 0.000000e+00)
370.3         	5.737823e-07	(0.000000e+00 1.469717e-03 0.000000e+00)
370.35        	5.737824e-07	(0.000000e+00 1.469717e-03 0.000000e+00)
370.4         	5.737824e-07	(0.000000e+00 1.469717e-03 0.000000e+00)
370.45        	5.737824e-07	(0.000000e+00 1.469717e-03 0.000000e+00)
370.5         	5.737825e-07	(0.000000e+00 1.469717e-03 0.000000e+00)
370.55        	5.737825e-07	(0.000000e+00 1.469717e-03 0.000000e+00)
370.6         	5.737825e-07	(0.000000e+00 1.469717e-03 0.000000e+00)
370.65        	5.737825e-07	(0.000000e+00 1.469717e-03 0.000000e+00)
370.7         	5.737826e-07	(0.000000e+00 1.469717e-03 0.000000e+00)
370.75        	5.737826e-07	(0.000000e+00 1.469717e-03 0.000000e+00)
370.8         	5.737826e-07	(0.000000e+00 1.469717e-03 0.000000e+00)
370.85        	5.737826e-07	(0.000000e+00 1.469717e-03 0.000000e+00)
370.9         	5.737827e-07	(0.000000e+00 1.469717e-03 0.000000e+00)
370.95        	5.737827e-07	(0.000000e+00 1.469717e-03 0.000000e+00)
371           	5.737827e-07	(0.000000e+00 1.469717e-03 0.000000e+00)
371.05        	5.737827e-07	(0.000000e+00 1.469717e-03 0.000000e+00)
371.1         	5.737828e-07	(0.000000e+00 1.469717e-03 0.000000e+00)
371.15        	5.737828e-07	(0.000000e+00 1.469717e-03 0.000000e+00)
371.2         	5.737828e-07	(0.000000e+00 1.469717e-03 0.000000e+00)
371.25        	5.737828e-07	(0.000000e+00 1.469717e-03 0.000000e+00)
371.3         	5.737829e-07	(0.000000e+00 1.469717e-03 0.000000e+00)
371.35        	5.737829e-07	(0.000000e+00 1.469717e-03 0.000000e+00)
371.4         	5.737829e-07	(0.000000e+00 1.469717e-03 0.000000e+00)
371.45        	5.737829e-07	(0.000000e+00 1.469717e-03 0.000000e+00)
371.5         	5.737830e-07	(0.000000e+00 1.469717e-03 0.000000e+00)
371.55        	5.737830e-07	(0.000000e+00 1.469717e-03 0.000000e+00)
371.6         	5.737830e-07	(0.000000e+00 1.469717e-03 0.000000e+00)
371.65        	5.737830e-07	(0.000000e+00 1.469717e-03 0.000000e+00)
371.7         	5.737831e-07	(0.000000e+00 1.469717e-03 0.000000e+00)
371.75        	5.737831e-07	(0.000000e+00 1.469717e-03 0.000000e+00)
371.8         	5.737831e-07	(0.000000e+00 1.469717e-03 0.000000e+00)
371.85        	5.737831e-07	(0.000000e+00 1.469717e-03 0.000000e+00)
371.9         	5.737831e-07	(0.000000e+00 1.469717e-03 0.000000e+00)
371.95        	5.737832e-07	(0.000000e+00 1.469717e-03 0.000000e+00)
372           	5.737832e-07	(0.000000e+00 1.469717e-03 0.000000e+00)
372.05        	5.737832e-07	(0.000000e+00 1.469717e-03 0.000000e+00)
372.1         	5.737833e-07	(0.000000e+00 1.469717e-03 0.000000e+00)
372.15        	5.737833e-07	(0.000000e+00 1.469717e-03 0.000000e+00)
372.2         	5.737833e-07	(0.000000e+00 1.469717e-03 0.000000e+00)
372.25        	5.737833e-07	(0.000000e+00 1.469717e-03 0.000000e+00)
372.3         	5.737834e-07	(0.000000e+00 1.469717e-03 0.000000e+00)
372.35        	5.737834e-07	(0.000000e+00 1.469717e-03 0.000000e+00)
372.4         	5.737834e-07	(0.000000e+00 1.469717e-03 0.000000e+00)
372.45        	5.737834e-07	(0.000000e+00 1.469717e-03 0.000000e+00)
372.5         	5.737834e-07	(0.000000e+00 1.469717e-03 0.000000e+00)
372.55        	5.737835e-07	(0.000000e+00 1.469717e-03 0.000000e+00)
372.6         	5.737835e-07	(0.000000e+00 1.469717e-03 0.000000e+00)
372.65        	5.737835e-07	(0.000000e+00 1.469717e-03 0.000000e+00)
372.7         	5.737836e-07	(0.000000e+00 1.469717e-03 0.000000e+00)
372.75        	5.737836e-07	(0.000000e+00 1.469717e-03 0.000000e+00)
372.8         	5.737836e-07	(0.000000e+00 1.469717e-03 0.000000e+00)
372.85        	5.737836e-07	(0.000000e+00 1.469717e-03 0.000000e+00)
372.9         	5.737836e-07	(0.000000e+00 1.469717e-03 0.000000e+00)
372.95        	5.737837e-07	(0.000000e+00 1.469717e-03 0.000000e+00)
373           	5.737837e-07	(0.000000e+00 1.469717e-03 0.000000e+00)
373.05        	5.737837e-07	(0.000000e+00 1.469717e-03 0.000000e+00)
373.1         	5.737837e-07	(0.000000e+00 1.469717e-03 0.000000e+00)
373.15        	5.737838e-07	(0.000000e+00 1.469717e-03 0.000000e+00)
373.2         	5.737838e-07	(0.000000e+00 1.469717e-03 0.000000e+00)
373.25        	5.737838e-07	(0.000000e+00 1.469717e-03 0.000000e+00)
373.3         	5.737838e-07	(0.000000e+00 1.469717e-03 0.000000e+00)
373.35        	5.737839e-07	(0.000000e+00 1.469717e-03 0.000000e+00)
373.4         	5.737839e-07	(0.000000e+00 1.469717e-03 0.000000e+00)
373.45        	5.737839e-07	(0.000000e+00 1.469717e-03 0.000000e+00)
373.5         	5.737839e-07	(0.000000e+00 1.469717e-03 0.000000e+00)
373.55        	5.737839e-07	(0.000000e+00 1.469717e-03 0.000000e+00)
373.6         	5.737840e-07	(0.000000e+00 1.469717e-03 0.000000e+00)
373.65        	5.737840e-07	(0.000000e+00 1.469717e-03 0.000000e+00)
373.7         	5.737840e-07	(0.000000e+00 1.469717e-03 0.000000e+00)
373.75        	5.737840e-07	(0.000000e+00 1.469717e-03 0.000000e+00)
373.8         	5.737841e-07	(0.000000e+00 1.469717e-03 0.000000e+00)
373.85        	5.737841e-07	(0.000000e+00 1.469717e-03 0.000000e+00)
373.9         	5.737841e-07	(0.000000e+00 1.469717e-03 0.000000e+00)
373.95        	5.737841e-07	(0.000000e+00 1.469717e-03 0.000000e+00)
374           	5.737842e-07	(0.000000e+00 1.469717e-03 0.000000e+00)
374.05        	5.737842e-07	(0.000000e+00 1.469717e-03 0.000000e+00)
374.1         	5.737842e-07	(0.000000e+00 1.469717e-03 0.000000e+00)
374.15        	5.737842e-07	(0.000000e+00 1.469717e-03 0.000000e+00)
374.2         	5.737842e-07	(0.000000e+00 1.469717e-03 0.000000e+00)
374.25        	5.737842e-07	(0.000000e+00 1.469717e-03 0.000000e+00)
374.3         	5.737843e-07	(0.000000e+00 1.469717e-03 0.000000e+00)
374.35        	5.737843e-07	(0.000000e+00 1.469717e-03 0.000000e+00)
374.4         	5.737843e-07	(0.000000e+00 1.469717e-03 0.000000e+00)
374.45        	5.737844e-07	(0.000000e+00 1.469717e-03 0.000000e+00)
374.5         	5.737844e-07	(0.000000e+00 1.469717e-03 0.000000e+00)
374.55        	5.737844e-07	(0.000000e+00 1.469717e-03 0.000000e+00)
374.6         	5.737844e-07	(0.000000e+00 1.469717e-03 0.000000e+00)
374.65        	5.737844e-07	(0.000000e+00 1.469717e-03 0.000000e+00)
374.7         	5.737845e-07	(0.000000e+00 1.469717e-03 0.000000e+00)
374.75        	5.737845e-07	(0.000000e+00 1.469717e-03 0.000000e+00)
374.8         	5.737845e-07	(0.000000e+00 1.469717e-03 0.000000e+00)
374.85        	5.737845e-07	(0.000000e+00 1.469717e-03 0.000000e+00)
374.9         	5.737845e-07	(0.000000e+00 1.469717e-03 0.000000e+00)
374.95        	5.737846e-07	(0.000000e+00 1.469717e-03 0.000000e+00)
375           	5.737846e-07	(0.000000e+00 1.469717e-03 0.000000e+00)
375.05        	5.737846e-07	(0.000000e+00 1.469717e-03 0.000000e+00)
375.1         	5.737846e-07	(0.000000e+00 1.469717e-03 0.000000e+00)
375.15        	5.737846e-07	(0.000000e+00 1.469717e-03 0.000000e+00)
375.2         	5.737847e-07	(0.000000e+00 1.469717e-03 0.000000e+00)
375.25        	5.737847e-07	(0.000000e+00 1.469717e-03 0.000000e+00)
375.3         	5.737847e-07	(0.000000e+00 1.469717e-03 0.000000e+00)
375.35        	5.737847e-07	(0.000000e+00 1.469717e-03 0.000000e+00)
375.4         	5.737848e-07	(0.000000e+00 1.469717e-03 0.000000e+00)
375.45        	5.737848e-07	(0.000000e+00 1.469717e-03 0.000000e+00)
375.5         	5.737848e-07	(0.000000e+00 1.469717e-03 0.000000e+00)
375.55        	5.737848e-07	(0.000000e+00 1.469717e-03 0.000000e+00)
375.6         	5.737849e-07	(0.000000e+00 1.469717e-03 0.000000e+00)
375.65        	5.737849e-07	(0.000000e+00 1.469717e-03 0.000000e+00)
375.7         	5.737849e-07	(0.000000e+00 1.469717e-03 0.000000e+00)
375.75        	5.737849e-07	(0.000000e+00 1.469717e-03 0.000000e+00)
375.8         	5.737849e-07	(0.000000e+00 1.469717e-03 0.000000e+00)
375.85        	5.737849e-07	(0.000000e+00 1.469717e-03 0.000000e+00)
375.9         	5.737850e-07	(0.000000e+00 1.469717e-03 0.000000e+00)
375.95        	5.737850e-07	(0.000000e+00 1.469717e-03 0.000000e+00)
376           	5.737850e-07	(0.000000e+00 1.469717e-03 0.000000e+00)
376.05        	5.737850e-07	(0.000000e+00 1.469717e-03 0.000000e+00)
376.1         	5.737851e-07	(0.000000e+00 1.469717e-03 0.000000e+00)
376.15        	5.737851e-07	(0.000000e+00 1.469717e-03 0.000000e+00)
376.2         	5.737851e-07	(0.000000e+00 1.469717e-03 0.000000e+00)
376.25        	5.737851e-07	(0.000000e+00 1.469717e-03 0.000000e+00)
376.3         	5.737852e-07	(0.000000e+00 1.469717e-03 0.000000e+00)
376.35        	5.737851e-07	(0.000000e+00 1.469717e-03 0.000000e+00)
376.4         	5.737852e-07	(0.000000e+00 1.469717e-03 0.000000e+00)
376.45        	5.737852e-07	(0.000000e+00 1.469717e-03 0.000000e+00)
376.5         	5.737852e-07	(0.000000e+00 1.469717e-03 0.000000e+00)
376.55        	5.737852e-07	(0.000000e+00 1.469717e-03 0.000000e+00)
376.6         	5.737853e-07	(0.000000e+00 1.469717e-03 0.000000e+00)
376.65        	5.737853e-07	(0.000000e+00 1.469717e-03 0.000000e+00)
376.7         	5.737853e-07	(0.000000e+00 1.469717e-03 0.000000e+00)
376.75        	5.737853e-07	(0.000000e+00 1.469717e-03 0.000000e+00)
376.8         	5.737854e-07	(0.000000e+00 1.469717e-03 0.000000e+00)
376.85        	5.737854e-07	(0.000000e+00 1.469717e-03 0.000000e+00)
376.9         	5.737854e-07	(0.000000e+00 1.469717e-03 0.000000e+00)
376.95        	5.737854e-07	(0.000000e+00 1.469717e-03 0.000000e+00)
377           	5.737854e-07	(0.000000e+00 1.469717e-03 0.000000e+00)
377.05        	5.737854e-07	(0.000000e+00 1.469717e-03 0.000000e+00)
377.1         	5.737855e-07	(0.000000e+00 1.469717e-03 0.000000e+00)
377.15        	5.737855e-07	(0.000000e+00 1.469717e-03 0.000000e+00)
377.2         	5.737855e-07	(0.000000e+00 1.469717e-03 0.000000e+00)
377.25        	5.737855e-07	(0.000000e+00 1.469717e-03 0.000000e+00)
377.3         	5.737856e-07	(0.000000e+00 1.469717e-03 0.000000e+00)
377.35        	5.737856e-07	(0.000000e+00 1.469717e-03 0.000000e+00)
377.4         	5.737856e-07	(0.000000e+00 1.469717e-03 0.000000e+00)
377.45        	5.737856e-07	(0.000000e+00 1.469717e-03 0.000000e+00)
377.5         	5.737857e-07	(0.000000e+00 1.469717e-03 0.000000e+00)
377.55        	5.737856e-07	(0.000000e+00 1.469717e-03 0.000000e+00)
377.6         	5.737857e-07	(0.000000e+00 1.469717e-03 0.000000e+00)
377.65        	5.737857e-07	(0.000000e+00 1.469717e-03 0.000000e+00)
377.7         	5.737857e-07	(0.000000e+00 1.469717e-03 0.000000e+00)
377.75        	5.737857e-07	(0.000000e+00 1.469717e-03 0.000000e+00)
377.8         	5.737858e-07	(0.000000e+00 1.469717e-03 0.000000e+00)
377.85        	5.737858e-07	(0.000000e+00 1.469717e-03 0.000000e+00)
377.9         	5.737858e-07	(0.000000e+00 1.469717e-03 0.000000e+00)
377.95        	5.737858e-07	(0.000000e+00 1.469717e-03 0.000000e+00)
378           	5.737858e-07	(0.000000e+00 1.469717e-03 0.000000e+00)
378.05        	5.737859e-07	(0.000000e+00 1.469717e-03 0.000000e+00)
378.1         	5.737859e-07	(0.000000e+00 1.469717e-03 0.000000e+00)
378.15        	5.737859e-07	(0.000000e+00 1.469717e-03 0.000000e+00)
378.2         	5.737859e-07	(0.000000e+00 1.469717e-03 0.000000e+00)
378.25        	5.737859e-07	(0.000000e+00 1.469717e-03 0.000000e+00)
378.3         	5.737859e-07	(0.000000e+00 1.469717e-03 0.000000e+00)
378.35        	5.737860e-07	(0.000000e+00 1.469717e-03 0.000000e+00)
378.4         	5.737860e-07	(0.000000e+00 1.469717e-03 0.000000e+00)
378.45        	5.737860e-07	(0.000000e+00 1.469717e-03 0.000000e+00)
378.5         	5.737860e-07	(0.000000e+00 1.469717e-03 0.000000e+00)
378.55        	5.737861e-07	(0.000000e+00 1.469717e-03 0.000000e+00)
378.6         	5.737861e-07	(0.000000e+00 1.469717e-03 0.000000e+00)
378.65        	5.737861e-07	(0.000000e+00 1.469717e-03 0.000000e+00)
378.7         	5.737861e-07	(0.000000e+00 1.469717e-03 0.000000e+00)
378.75        	5.737861e-07	(0.000000e+00 1.469717e-03 0.000000e+00)
378.8         	5.737861e-07	(0.000000e+00 1.469717e-03 0.000000e+00)
378.85        	5.737862e-07	(0.000000e+00 1.469717e-03 0.000000e+00)
378.9         	5.737862e-07	(0.000000e+00 1.469717e-03 0.000000e+00)
378.95        	5.737862e-07	(0.000000e+00 1.469717e-03 0.000000e+00)
379           	5.737862e-07	(0.000000e+00 1.469717e-03 0.000000e+00)
379.05        	5.737862e-07	(0.000000e+00 1.469717e-03 0.000000e+00)
379.1         	5.737863e-07	(0.000000e+00 1.469717e-03 0.000000e+00)
379.15        	5.737863e-07	(0.000000e+00 1.469717e-03 0.000000e+00)
379.2         	5.737863e-07	(0.000000e+00 1.469717e-03 0.000000e+00)
379.25        	5.737863e-07	(0.000000e+00 1.469717e-03 0.000000e+00)
379.3         	5.737863e-07	(0.000000e+00 1.469717e-03 0.000000e+00)
379.35        	5.737864e-07	(0.000000e+00 1.469717e-03 0.000000e+00)
379.4         	5.737864e-07	(0.000000e+00 1.469717e-03 0.000000e+00)
379.45        	5.737864e-07	(0.000000e+00 1.469717e-03 0.000000e+00)
379.5         	5.737864e-07	(0.000000e+00 1.469717e-03 0.000000e+00)
379.55        	5.737864e-07	(0.000000e+00 1.469717e-03 0.000000e+00)
379.6         	5.737865e-07	(0.000000e+00 1.469717e-03 0.000000e+00)
379.65        	5.737865e-07	(0.000000e+00 1.469717e-03 0.000000e+00)
379.7         	5.737865e-07	(0.000000e+00 1.469717e-03 0.000000e+00)
379.75        	5.737865e-07	(0.000000e+00 1.469717e-03 0.000000e+00)
379.8         	5.737865e-07	(0.000000e+00 1.469717e-03 0.000000e+00)
379.85        	5.737865e-07	(0.000000e+00 1.469717e-03 0.000000e+00)
379.9         	5.737866e-07	(0.000000e+00 1.469717e-03 0.000000e+00)
379.95        	5.737866e-07	(0.000000e+00 1.469717e-03 0.000000e+00)
380           	5.737866e-07	(0.000000e+00 1.469717e-03 0.000000e+00)
380.05        	5.737866e-07	(0.000000e+00 1.469717e-03 0.000000e+00)
380.1         	5.737866e-07	(0.000000e+00 1.469717e-03 0.000000e+00)
380.15        	5.737867e-07	(0.000000e+00 1.469717e-03 0.000000e+00)
380.2         	5.737867e-07	(0.000000e+00 1.469717e-03 0.000000e+00)
380.25        	5.737867e-07	(0.000000e+00 1.469717e-03 0.000000e+00)
380.3         	5.737867e-07	(0.000000e+00 1.469717e-03 0.000000e+00)
380.35        	5.737867e-07	(0.000000e+00 1.469717e-03 0.000000e+00)
380.4         	5.737867e-07	(0.000000e+00 1.469717e-03 0.000000e+00)
380.45        	5.737868e-07	(0.000000e+00 1.469717e-03 0.000000e+00)
380.5         	5.737868e-07	(0.000000e+00 1.469717e-03 0.000000e+00)
380.55        	5.737868e-07	(0.000000e+00 1.469717e-03 0.000000e+00)
380.6         	5.737868e-07	(0.000000e+00 1.469717e-03 0.000000e+00)
380.65        	5.737868e-07	(0.000000e+00 1.469717e-03 0.000000e+00)
380.7         	5.737869e-07	(0.000000e+00 1.469717e-03 0.000000e+00)
380.75        	5.737869e-07	(0.000000e+00 1.469717e-03 0.000000e+00)
380.8         	5.737869e-07	(0.000000e+00 1.469717e-03 0.000000e+00)
380.85        	5.737869e-07	(0.000000e+00 1.469717e-03 0.000000e+00)
380.9         	5.737869e-07	(0.000000e+00 1.469717e-03 0.000000e+00)
380.95        	5.737869e-07	(0.000000e+00 1.469717e-03 0.000000e+00)
381           	5.737870e-07	(0.000000e+00 1.469717e-03 0.000000e+00)
381.05        	5.737870e-07	(0.000000e+00 1.469717e-03 0.000000e+00)
381.1         	5.737870e-07	(0.000000e+00 1.469717e-03 0.000000e+00)
381.15        	5.737870e-07	(0.000000e+00 1.469717e-03 0.000000e+00)
381.2         	5.737870e-07	(0.000000e+00 1.469717e-03 0.000000e+00)
381.25        	5.737871e-07	(0.000000e+00 1.469717e-03 0.000000e+00)
381.3         	5.737871e-07	(0.000000e+00 1.469717e-03 0.000000e+00)
381.35        	5.737871e-07	(0.000000e+00 1.469717e-03 0.000000e+00)
381.4         	5.737871e-07	(0.000000e+00 1.469717e-03 0.000000e+00)
381.45        	5.737871e-07	(0.000000e+00 1.469717e-03 0.000000e+00)
381.5         	5.737871e-07	(0.000000e+00 1.469717e-03 0.000000e+00)
381.55        	5.737871e-07	(0.000000e+00 1.469717e-03 0.000000e+00)
381.6         	5.737872e-07	(0.000000e+00 1.469717e-03 0.000000e+00)
381.65        	5.737872e-07	(0.000000e+00 1.469717e-03 0.000000e+00)
381.7         	5.737872e-07	(0.000000e+00 1.469717e-03 0.000000e+00)
381.75        	5.737872e-07	(0.000000e+00 1.469717e-03 0.000000e+00)
381.8         	5.737872e-07	(0.000000e+00 1.469717e-03 0.000000e+00)
381.85        	5.737873e-07	(0.000000e+00 1.469717e-03 0.000000e+00)
381.9         	5.737873e-07	(0.000000e+00 1.469717e-03 0.000000e+00)
381.95        	5.737873e-07	(0.000000e+00 1.469717e-03 0.000000e+00)
382           	5.737873e-07	(0.000000e+00 1.469717e-03 0.000000e+00)
382.05        	5.737873e-07	(0.000000e+00 1.469717e-03 0.000000e+00)
382.1         	5.737873e-07	(0.000000e+00 1.469717e-03 0.000000e+00)
382.15        	5.737873e-07	(0.000000e+00 1.469717e-03 0.000000e+00)
382.2         	5.737874e-07	(0.000000e+00 1.469717e-03 0.000000e+00)
382.25        	5.737874e-07	(0.000000e+00 1.469717e-03 0.000000e+00)
382.3         	5.737874e-07	(0.000000e+00 1.469717e-03 0.000000e+00)
382.35        	5.737874e-07	(0.000000e+00 1.469717e-03 0.000000e+00)
382.4         	5.737874e-07	(0.000000e+00 1.469717e-03 0.000000e+00)
382.45        	5.737875e-07	(0.000000e+00 1.469717e-03 0.000000e+00)
382.5         	5.737875e-07	(0.000000e+00 1.469717e-03 0.000000e+00)
382.55        	5.737875e-07	(0.000000e+00 1.469717e-03 0.000000e+00)
382.6         	5.737875e-07	(0.000000e+00 1.469717e-03 0.000000e+00)
382.65        	5.737875e-07	(0.000000e+00 1.469717e-03 0.000000e+00)
382.7         	5.737875e-07	(0.000000e+00 1.469717e-03 0.000000e+00)
382.75        	5.737876e-07	(0.000000e+00 1.469717e-03 0.000000e+00)
382.8         	5.737876e-07	(0.000000e+00 1.469717e-03 0.000000e+00)
382.85        	5.737876e-07	(0.000000e+00 1.469717e-03 0.000000e+00)
382.9         	5.737876e-07	(0.000000e+00 1.469717e-03 0.000000e+00)
382.95        	5.737876e-07	(0.000000e+00 1.469717e-03 0.000000e+00)
383           	5.737877e-07	(0.000000e+00 1.469717e-03 0.000000e+00)
383.05        	5.737876e-07	(0.000000e+00 1.469717e-03 0.000000e+00)
383.1         	5.737877e-07	(0.000000e+00 1.469717e-03 0.000000e+00)
383.15        	5.737877e-07	(0.000000e+00 1.469717e-03 0.000000e+00)
383.2         	5.737877e-07	(0.000000e+00 1.469717e-03 0.000000e+00)
383.25        	5.737877e-07	(0.000000e+00 1.469717e-03 0.000000e+00)
383.3         	5.737877e-07	(0.000000e+00 1.469717e-03 0.000000e+00)
383.35        	5.737878e-07	(0.000000e+00 1.469717e-03 0.000000e+00)
383.4         	5.737878e-07	(0.000000e+00 1.469717e-03 0.000000e+00)
383.45        	5.737878e-07	(0.000000e+00 1.469717e-03 0.000000e+00)
383.5         	5.737878e-07	(0.000000e+00 1.469717e-03 0.000000e+00)
383.55        	5.737878e-07	(0.000000e+00 1.469717e-03 0.000000e+00)
383.6         	5.737879e-07	(0.000000e+00 1.469717e-03 0.000000e+00)
383.65        	5.737878e-07	(0.000000e+00 1.469717e-03 0.000000e+00)
383.7         	5.737879e-07	(0.000000e+00 1.469717e-03 0.000000e+00)
383.75        	5.737879e-07	(0.000000e+00 1.469717e-03 0.000000e+00)
383.8         	5.737879e-07	(0.000000e+00 1.469717e-03 0.000000e+00)
383.85        	5.737879e-07	(0.000000e+00 1.469717e-03 0.000000e+00)
383.9         	5.737879e-07	(0.000000e+00 1.469717e-03 0.000000e+00)
383.95        	5.737880e-07	(0.000000e+00 1.469717e-03 0.000000e+00)
384           	5.737880e-07	(0.000000e+00 1.469717e-03 0.000000e+00)
384.05        	5.737880e-07	(0.000000e+00 1.469717e-03 0.000000e+00)
384.1         	5.737880e-07	(0.000000e+00 1.469717e-03 0.000000e+00)
384.15        	5.737880e-07	(0.000000e+00 1.469717e-03 0.000000e+00)
384.2         	5.737880e-07	(0.000000e+00 1.469717e-03 0.000000e+00)
384.25        	5.737880e-07	(0.000000e+00 1.469717e-03 0.000000e+00)
384.3         	5.737881e-07	(0.000000e+00 1.469717e-03 0.000000e+00)
384.35        	5.737881e-07	(0.000000e+00 1.469717e-03 0.000000e+00)
384.4         	5.737881e-07	(0.000000e+00 1.469717e-03 0.000000e+00)
384.45        	5.737881e-07	(0.000000e+00 1.469717e-03 0.000000e+00)
384.5         	5.737881e-07	(0.000000e+00 1.469717e-03 0.000000e+00)
384.55        	5.737881e-07	(0.000000e+00 1.469717e-03 0.000000e+00)
384.6         	5.737882e-07	(0.000000e+00 1.469717e-03 0.000000e+00)
384.65        	5.737882e-07	(0.000000e+00 1.469717e-03 0.000000e+00)
384.7         	5.737882e-07	(0.000000e+00 1.469717e-03 0.000000e+00)
384.75        	5.737882e-07	(0.000000e+00 1.469717e-03 0.000000e+00)
384.8         	5.737882e-07	(0.000000e+00 1.469717e-03 0.000000e+00)
384.85        	5.737882e-07	(0.000000e+00 1.469717e-03 0.000000e+00)
384.9         	5.737882e-07	(0.000000e+00 1.469717e-03 0.000000e+00)
384.95        	5.737883e-07	(0.000000e+00 1.469717e-03 0.000000e+00)
385           	5.737883e-07	(0.000000e+00 1.469717e-03 0.000000e+00)
385.05        	5.737883e-07	(0.000000e+00 1.469717e-03 0.000000e+00)
385.1         	5.737883e-07	(0.000000e+00 1.469717e-03 0.000000e+00)
385.15        	5.737883e-07	(0.000000e+00 1.469717e-03 0.000000e+00)
385.2         	5.737883e-07	(0.000000e+00 1.469717e-03 0.000000e+00)
385.25        	5.737884e-07	(0.000000e+00 1.469717e-03 0.000000e+00)
385.3         	5.737884e-07	(0.000000e+00 1.469717e-03 0.000000e+00)
385.35        	5.737884e-07	(0.000000e+00 1.469717e-03 0.000000e+00)
385.4         	5.737884e-07	(0.000000e+00 1.469717e-03 0.000000e+00)
385.45        	5.737884e-07	(0.000000e+00 1.469717e-03 0.000000e+00)
385.5         	5.737884e-07	(0.000000e+00 1.469717e-03 0.000000e+00)
385.55        	5.737884e-07	(0.000000e+00 1.469717e-03 0.000000e+00)
385.6         	5.737885e-07	(0.000000e+00 1.469717e-03 0.000000e+00)
385.65        	5.737885e-07	(0.000000e+00 1.469717e-03 0.000000e+00)
385.7         	5.737885e-07	(0.000000e+00 1.469717e-03 0.000000e+00)
385.75        	5.737885e-07	(0.000000e+00 1.469717e-03 0.000000e+00)
385.8         	5.737885e-07	(0.000000e+00 1.469717e-03 0.000000e+00)
385.85        	5.737885e-07	(0.000000e+00 1.469717e-03 0.000000e+00)
385.9         	5.737886e-07	(0.000000e+00 1.469717e-03 0.000000e+00)
385.95        	5.737886e-07	(0.000000e+00 1.469717e-03 0.000000e+00)
386           	5.737886e-07	(0.000000e+00 1.469717e-03 0.000000e+00)
386.05        	5.737886e-07	(0.000000e+00 1.469717e-03 0.000000e+00)
386.1         	5.737886e-07	(0.000000e+00 1.469717e-03 0.000000e+00)
386.15        	5.737886e-07	(0.000000e+00 1.469717e-03 0.000000e+00)
386.2         	5.737886e-07	(0.000000e+00 1.469717e-03 0.000000e+00)
386.25        	5.737887e-07	(0.000000e+00 1.469717e-03 0.000000e+00)
386.3         	5.737887e-07	(0.000000e+00 1.469717e-03 0.000000e+00)
386.35        	5.737887e-07	(0.000000e+00 1.469717e-03 0.000000e+00)
386.4         	5.737887e-07	(0.000000e+00 1.469717e-03 0.000000e+00)
386.45        	5.737887e-07	(0.000000e+00 1.469717e-03 0.000000e+00)
386.5         	5.737887e-07	(0.000000e+00 1.469717e-03 0.000000e+00)
386.55        	5.737887e-07	(0.000000e+00 1.469717e-03 0.000000e+00)
386.6         	5.737888e-07	(0.000000e+00 1.469717e-03 0.000000e+00)
386.65        	5.737888e-07	(0.000000e+00 1.469717e-03 0.000000e+00)
386.7         	5.737888e-07	(0.000000e+00 1.469717e-03 0.000000e+00)
386.75        	5.737888e-07	(0.000000e+00 1.469717e-03 0.000000e+00)
386.8         	5.737888e-07	(0.000000e+00 1.469717e-03 0.000000e+00)
386.85        	5.737888e-07	(0.000000e+00 1.469717e-03 0.000000e+00)
386.9         	5.737889e-07	(0.000000e+00 1.469717e-03 0.000000e+00)
386.95        	5.737888e-07	(0.000000e+00 1.469717e-03 0.000000e+00)
387           	5.737889e-07	(0.000000e+00 1.469717e-03 0.000000e+00)
387.05        	5.737889e-07	(0.000000e+00 1.469717e-03 0.000000e+00)
387.1         	5.737889e-07	(0.000000e+00 1.469717e-03 0.000000e+00)
387.15        	5.737889e-07	(0.000000e+00 1.469717e-03 0.000000e+00)
387.2         	5.737889e-07	(0.000000e+00 1.469717e-03 0.000000e+00)
387.25        	5.737890e-07	(0.000000e+00 1.469717e-03 0.000000e+00)
387.3         	5.737890e-07	(0.000000e+00 1.469717e-03 0.000000e+00)
387.35        	5.737890e-07	(0.000000e+00 1.469717e-03 0.000000e+00)
387.4         	5.737890e-07	(0.000000e+00 1.469717e-03 0.000000e+00)
387.45        	5.737890e-07	(0.000000e+00 1.469717e-03 0.000000e+00)
387.5         	5.737890e-07	(0.000000e+00 1.469717e-03 0.000000e+00)
387.55        	5.737890e-07	(0.000000e+00 1.469717e-03 0.000000e+00)
387.6         	5.737891e-07	(0.000000e+00 1.469717e-03 0.000000e+00)
387.65        	5.737890e-07	(0.000000e+00 1.469717e-03 0.000000e+00)
387.7         	5.737891e-07	(0.000000e+00 1.469717e-03 0.000000e+00)
387.75        	5.737891e-07	(0.000000e+00 1.469717e-03 0.000000e+00)
387.8         	5.737891e-07	(0.000000e+00 1.469717e-03 0.000000e+00)
387.85        	5.737891e-07	(0.000000e+00 1.469717e-03 0.000000e+00)
387.9         	5.737891e-07	(0.000000e+00 1.469717e-03 0.000000e+00)
387.95        	5.737892e-07	(0.000000e+00 1.469717e-03 0.000000e+00)
388           	5.737892e-07	(0.000000e+00 1.469717e-03 0.000000e+00)
388.05        	5.737892e-07	(0.000000e+00 1.469717e-03 0.000000e+00)
388.1         	5.737892e-07	(0.000000e+00 1.469717e-03 0.000000e+00)
388.15        	5.737892e-07	(0.000000e+00 1.469717e-03 0.000000e+00)
388.2         	5.737892e-07	(0.000000e+00 1.469717e-03 0.000000e+00)
388.25        	5.737892e-07	(0.000000e+00 1.469717e-03 0.000000e+00)
388.3         	5.737892e-07	(0.000000e+00 1.469717e-03 0.000000e+00)
388.35        	5.737893e-07	(0.000000e+00 1.469717e-03 0.000000e+00)
388.4         	5.737893e-07	(0.000000e+00 1.469717e-03 0.000000e+00)
388.45        	5.737893e-07	(0.000000e+00 1.469717e-03 0.000000e+00)
388.5         	5.737893e-07	(0.000000e+00 1.469717e-03 0.000000e+00)
388.55        	5.737893e-07	(0.000000e+00 1.469717e-03 0.000000e+00)
388.6         	5.737893e-07	(0.000000e+00 1.469717e-03 0.000000e+00)
388.65        	5.737893e-07	(0.000000e+00 1.469717e-03 0.000000e+00)
388.7         	5.737894e-07	(0.000000e+00 1.469717e-03 0.000000e+00)
388.75        	5.737894e-07	(0.000000e+00 1.469717e-03 0.000000e+00)
388.8         	5.737894e-07	(0.000000e+00 1.469717e-03 0.000000e+00)
388.85        	5.737894e-07	(0.000000e+00 1.469717e-03 0.000000e+00)
388.9         	5.737894e-07	(0.000000e+00 1.469717e-03 0.000000e+00)
388.95        	5.737894e-07	(0.000000e+00 1.469717e-03 0.000000e+00)
389           	5.737894e-07	(0.000000e+00 1.469717e-03 0.000000e+00)
389.05        	5.737894e-07	(0.000000e+00 1.469717e-03 0.000000e+00)
389.1         	5.737895e-07	(0.000000e+00 1.469717e-03 0.000000e+00)
389.15        	5.737895e-07	(0.000000e+00 1.469717e-03 0.000000e+00)
389.2         	5.737895e-07	(0.000000e+00 1.469717e-03 0.000000e+00)
389.25        	5.737895e-07	(0.000000e+00 1.469717e-03 0.000000e+00)
389.3         	5.737895e-07	(0.000000e+00 1.469717e-03 0.000000e+00)
389.35        	5.737895e-07	(0.000000e+00 1.469717e-03 0.000000e+00)
389.4         	5.737895e-07	(0.000000e+00 1.469717e-03 0.000000e+00)
389.45        	5.737896e-07	(0.000000e+00 1.469717e-03 0.000000e+00)
389.5         	5.737896e-07	(0.000000e+00 1.469717e-03 0.000000e+00)
389.55        	5.737896e-07	(0.000000e+00 1.469717e-03 0.000000e+00)
389.6         	5.737896e-07	(0.000000e+00 1.469717e-03 0.000000e+00)
389.65        	5.737896e-07	(0.000000e+00 1.469717e-03 0.000000e+00)
389.7         	5.737896e-07	(0.000000e+00 1.469717e-03 0.000000e+00)
389.75        	5.737896e-07	(0.000000e+00 1.469717e-03 0.000000e+00)
389.8         	5.737896e-07	(0.000000e+00 1.469717e-03 0.000000e+00)
389.85        	5.737896e-07	(0.000000e+00 1.469717e-03 0.000000e+00)
389.9         	5.737897e-07	(0.000000e+00 1.469717e-03 0.000000e+00)
389.95        	5.737897e-07	(0.000000e+00 1.469717e-03 0.000000e+00)
390           	5.737897e-07	(0.000000e+00 1.469717e-03 0.000000e+00)
390.05        	5.737897e-07	(0.000000e+00 1.469717e-03 0.000000e+00)
390.1         	5.737897e-07	(0.000000e+00 1.469717e-03 0.000000e+00)
390.15        	5.737897e-07	(0.000000e+00 1.469717e-03 0.000000e+00)
390.2         	5.737898e-07	(0.000000e+00 1.469717e-03 0.000000e+00)
390.25        	5.737898e-07	(0.000000e+00 1.469717e-03 0.000000e+00)
390.3         	5.737898e-07	(0.000000e+00 1.469717e-03 0.000000e+00)
390.35        	5.737898e-07	(0.000000e+00 1.469717e-03 0.000000e+00)
390.4         	5.737898e-07	(0.000000e+00 1.469717e-03 0.000000e+00)
390.45        	5.737898e-07	(0.000000e+00 1.469717e-03 0.000000e+00)
390.5         	5.737898e-07	(0.000000e+00 1.469717e-03 0.000000e+00)
390.55        	5.737898e-07	(0.000000e+00 1.469717e-03 0.000000e+00)
390.6         	5.737898e-07	(0.000000e+00 1.469717e-03 0.000000e+00)
390.65        	5.737899e-07	(0.000000e+00 1.469717e-03 0.000000e+00)
390.7         	5.737899e-07	(0.000000e+00 1.469717e-03 0.000000e+00)
390.75        	5.737899e-07	(0.000000e+00 1.469717e-03 0.000000e+00)
390.8         	5.737899e-07	(0.000000e+00 1.469717e-03 0.000000e+00)
390.85        	5.737899e-07	(0.000000e+00 1.469717e-03 0.000000e+00)
390.9         	5.737899e-07	(0.000000e+00 1.469717e-03 0.000000e+00)
390.95        	5.737899e-07	(0.000000e+00 1.469717e-03 0.000000e+00)
391           	5.737899e-07	(0.000000e+00 1.469717e-03 0.000000e+00)
391.05        	5.737899e-07	(0.000000e+00 1.469717e-03 0.000000e+00)
391.1         	5.737900e-07	(0.000000e+00 1.469717e-03 0.000000e+00)
391.15        	5.737900e-07	(0.000000e+00 1.469717e-03 0.000000e+00)
391.2         	5.737900e-07	(0.000000e+00 1.469717e-03 0.000000e+00)
391.25        	5.737900e-07	(0.000000e+00 1.469717e-03 0.000000e+00)
391.3         	5.737900e-07	(0.000000e+00 1.469717e-03 0.000000e+00)
391.35        	5.737900e-07	(0.000000e+00 1.469717e-03 0.000000e+00)
391.4         	5.737901e-07	(0.000000e+00 1.469717e-03 0.000000e+00)
391.45        	5.737901e-07	(0.000000e+00 1.469717e-03 0.000000e+00)
391.5         	5.737901e-07	(0.000000e+00 1.469717e-03 0.000000e+00)
391.55        	5.737901e-07	(0.000000e+00 1.469717e-03 0.000000e+00)
391.6         	5.737901e-07	(0.000000e+00 1.469717e-03 0.000000e+00)
391.65        	5.737901e-07	(0.000000e+00 1.469717e-03 0.000000e+00)
391.7         	5.737901e-07	(0.000000e+00 1.469717e-03 0.000000e+00)
391.75        	5.737901e-07	(0.000000e+00 1.469717e-03 0.000000e+00)
391.8         	5.737901e-07	(0.000000e+00 1.469717e-03 0.000000e+00)
391.85        	5.737902e-07	(0.000000e+00 1.469717e-03 0.000000e+00)
391.9         	5.737902e-07	(0.000000e+00 1.469717e-03 0.000000e+00)
391.95        	5.737902e-07	(0.000000e+00 1.469717e-03 0.000000e+00)
392           	5.737902e-07	(0.000000e+00 1.469717e-03 0.000000e+00)
392.05        	5.737902e-07	(0.000000e+00 1.469717e-03 0.000000e+00)
392.1         	5.737902e-07	(0.000000e+00 1.469717e-03 0.000000e+00)
392.15        	5.737902e-07	(0.000000e+00 1.469717e-03 0.000000e+00)
392.2         	5.737902e-07	(0.000000e+00 1.469717e-03 0.000000e+00)
392.25        	5.737902e-07	(0.000000e+00 1.469717e-03 0.000000e+00)
392.3         	5.737903e-07	(0.000000e+00 1.469717e-03 0.000000e+00)
392.35        	5.737903e-07	(0.000000e+00 1.469717e-03 0.000000e+00)
392.4         	5.737903e-07	(0.000000e+00 1.469717e-03 0.000000e+00)
392.45        	5.737903e-07	(0.000000e+00 1.469717e-03 0.000000e+00)
392.5         	5.737903e-07	(0.000000e+00 1.469717e-03 0.000000e+00)
392.55        	5.737903e-07	(0.000000e+00 1.469717e-03 0.000000e+00)
392.6         	5.737903e-07	(0.000000e+00 1.469717e-03 0.000000e+00)
392.65        	5.737903e-07	(0.000000e+00 1.469717e-03 0.000000e+00)
392.7         	5.737904e-07	(0.000000e+00 1.469717e-03 0.000000e+00)
392.75        	5.737904e-07	(0.000000e+00 1.469717e-03 0.000000e+00)
392.8         	5.737904e-07	(0.000000e+00 1.469717e-03 0.000000e+00)
392.85        	5.737904e-07	(0.000000e+00 1.469717e-03 0.000000e+00)
392.9         	5.737904e-07	(0.000000e+00 1.469717e-03 0.000000e+00)
392.95        	5.737904e-07	(0.000000e+00 1.469717e-03 0.000000e+00)
393           	5.737904e-07	(0.000000e+00 1.469717e-03 0.000000e+00)
393.05        	5.737904e-07	(0.000000e+00 1.469717e-03 0.000000e+00)
393.1         	5.737905e-07	(0.000000e+00 1.469717e-03 0.000000e+00)
393.15        	5.737905e-07	(0.000000e+00 1.469717e-03 0.000000e+00)
393.2         	5.737905e-07	(0.000000e+00 1.469717e-03 0.000000e+00)
393.25        	5.737905e-07	(0.000000e+00 1.469717e-03 0.000000e+00)
393.3         	5.737905e-07	(0.000000e+00 1.469717e-03 0.000000e+00)
393.35        	5.737905e-07	(0.000000e+00 1.469717e-03 0.000000e+00)
393.4         	5.737905e-07	(0.000000e+00 1.469717e-03 0.000000e+00)
393.45        	5.737905e-07	(0.000000e+00 1.469717e-03 0.000000e+00)
393.5         	5.737906e-07	(0.000000e+00 1.469717e-03 0.000000e+00)
393.55        	5.737906e-07	(0.000000e+00 1.469717e-03 0.000000e+00)
393.6         	5.737906e-07	(0.000000e+00 1.469717e-03 0.000000e+00)
393.65        	5.737906e-07	(0.000000e+00 1.469717e-03 0.000000e+00)
393.7         	5.737906e-07	(0.000000e+00 1.469717e-03 0.000000e+00)
393.75        	5.737906e-07	(0.000000e+00 1.469717e-03 0.000000e+00)
393.8         	5.737906e-07	(0.000000e+00 1.469717e-03 0.000000e+00)
393.85        	5.737906e-07	(0.000000e+00 1.469717e-03 0.000000e+00)
393.9         	5.737906e-07	(0.000000e+00 1.469717e-03 0.000000e+00)
393.95        	5.737907e-07	(0.000000e+00 1.469717e-03 0.000000e+00)
394           	5.737907e-07	(0.000000e+00 1.469717e-03 0.000000e+00)
394.05        	5.737907e-07	(0.000000e+00 1.469717e-03 0.000000e+00)
394.1         	5.737907e-07	(0.000000e+00 1.469717e-03 0.000000e+00)
394.15        	5.737907e-07	(0.000000e+00 1.469717e-03 0.000000e+00)
394.2         	5.737907e-07	(0.000000e+00 1.469717e-03 0.000000e+00)
394.25        	5.737907e-07	(0.000000e+00 1.469717e-03 0.000000e+00)
394.3         	5.737907e-07	(0.000000e+00 1.469717e-03 0.000000e+00)
394.35        	5.737907e-07	(0.000000e+00 1.469717e-03 0.000000e+00)
394.4         	5.737907e-07	(0.000000e+00 1.469717e-03 0.000000e+00)
394.45        	5.737908e-07	(0.000000e+00 1.469717e-03 0.000000e+00)
394.5         	5.737908e-07	(0.000000e+00 1.469717e-03 0.000000e+00)
394.55        	5.737908e-07	(0.000000e+00 1.469717e-03 0.000000e+00)
394.6         	5.737908e-07	(0.000000e+00 1.469717e-03 0.000000e+00)
394.65        	5.737908e-07	(0.000000e+00 1.469717e-03 0.000000e+00)
394.7         	5.737908e-07	(0.000000e+00 1.469717e-03 0.000000e+00)
394.75        	5.737908e-07	(0.000000e+00 1.469717e-03 0.000000e+00)
394.8         	5.737908e-07	(0.000000e+00 1.469717e-03 0.000000e+00)
394.85        	5.737908e-07	(0.000000e+00 1.469717e-03 0.000000e+00)
394.9         	5.737909e-07	(0.000000e+00 1.469717e-03 0.000000e+00)
394.95        	5.737909e-07	(0.000000e+00 1.469717e-03 0.000000e+00)
395           	5.737909e-07	(0.000000e+00 1.469717e-03 0.000000e+00)
395.05        	5.737909e-07	(0.000000e+00 1.469717e-03 0.000000e+00)
395.1         	5.737909e-07	(0.000000e+00 1.469717e-03 0.000000e+00)
395.15        	5.737909e-07	(0.000000e+00 1.469717e-03 0.000000e+00)
395.2         	5.737909e-07	(0.000000e+00 1.469717e-03 0.000000e+00)
395.25        	5.737909e-07	(0.000000e+00 1.469717e-03 0.000000e+00)
395.3         	5.737909e-07	(0.000000e+00 1.469717e-03 0.000000e+00)
395.35        	5.737910e-07	(0.000000e+00 1.469717e-03 0.000000e+00)
395.4         	5.737910e-07	(0.000000e+00 1.469717e-03 0.000000e+00)
395.45        	5.737910e-07	(0.000000e+00 1.469717e-03 0.000000e+00)
395.5         	5.737910e-07	(0.000000e+00 1.469717e-03 0.000000e+00)
395.55        	5.737910e-07	(0.000000e+00 1.469717e-03 0.000000e+00)
395.6         	5.737910e-07	(0.000000e+00 1.469717e-03 0.000000e+00)
395.65        	5.737910e-07	(0.000000e+00 1.469717e-03 0.000000e+00)
395.7         	5.737910e-07	(0.000000e+00 1.469717e-03 0.000000e+00)
395.75        	5.737910e-07	(0.000000e+00 1.469717e-03 0.000000e+00)
395.8         	5.737911e-07	(0.000000e+00 1.469717e-03 0.000000e+00)
395.85        	5.737910e-07	(0.000000e+00 1.469717e-03 0.000000e+00)
395.9         	5.737911e-07	(0.000000e+00 1.469717e-03 0.000000e+00)
395.95        	5.737911e-07	(0.000000e+00 1.469717e-03 0.000000e+00)
396           	5.737911e-07	(0.000000e+00 1.469717e-03 0.000000e+00)
396.05        	5.737911e-07	(0.000000e+00 1.469717e-03 0.000000e+00)
396.1         	5.737911e-07	(0.000000e+00 1.469717e-03 0.000000e+00)
396.15        	5.737911e-07	(0.000000e+00 1.469717e-03 0.000000e+00)
396.2         	5.737911e-07	(0.000000e+00 1.469717e-03 0.000000e+00)
396.25        	5.737912e-07	(0.000000e+00 1.469717e-03 0.000000e+00)
396.3         	5.737912e-07	(0.000000e+00 1.469717e-03 0.000000e+00)
396.35        	5.737912e-07	(0.000000e+00 1.469717e-03 0.000000e+00)
396.4         	5.737912e-07	(0.000000e+00 1.469717e-03 0.000000e+00)
396.45        	5.737912e-07	(0.000000e+00 1.469717e-03 0.000000e+00)
396.5         	5.737912e-07	(0.000000e+00 1.469717e-03 0.000000e+00)
396.55        	5.737912e-07	(0.000000e+00 1.469717e-03 0.000000e+00)
396.6         	5.737912e-07	(0.000000e+00 1.469717e-03 0.000000e+00)
396.65        	5.737912e-07	(0.000000e+00 1.469717e-03 0.000000e+00)
396.7         	5.737912e-07	(0.000000e+00 1.469717e-03 0.000000e+00)
396.75        	5.737912e-07	(0.000000e+00 1.469717e-03 0.000000e+00)
396.8         	5.737913e-07	(0.000000e+00 1.469717e-03 0.000000e+00)
396.85        	5.737913e-07	(0.000000e+00 1.469717e-03 0.000000e+00)
396.9         	5.737913e-07	(0.000000e+00 1.469717e-03 0.000000e+00)
396.95        	5.737913e-07	(0.000000e+00 1.469717e-03 0.000000e+00)
397           	5.737913e-07	(0.000000e+00 1.469717e-03 0.000000e+00)
397.05        	5.737913e-07	(0.000000e+00 1.469717e-03 0.000000e+00)
397.1         	5.737913e-07	(0.000000e+00 1.469717e-03 0.000000e+00)
397.15        	5.737913e-07	(0.000000e+00 1.469717e-03 0.000000e+00)
397.2         	5.737913e-07	(0.000000e+00 1.469717e-03 0.000000e+00)
397.25        	5.737913e-07	(0.000000e+00 1.469717e-03 0.000000e+00)
397.3         	5.737914e-07	(0.000000e+00 1.469717e-03 0.000000e+00)
397.35        	5.737914e-07	(0.000000e+00 1.469717e-03 0.000000e+00)
397.4         	5.737914e-07	(0.000000e+00 1.469717e-03 0.000000e+00)
397.45        	5.737914e-07	(0.000000e+00 1.469717e-03 0.000000e+00)
397.5         	5.737914e-07	(0.000000e+00 1.469717e-03 0.000000e+00)
397.55        	5.737914e-07	(0.000000e+00 1.469717e-03 0.000000e+00)
397.6         	5.737914e-07	(0.000000e+00 1.469717e-03 0.000000e+00)
397.65        	5.737914e-07	(0.000000e+00 1.469717e-03 0.000000e+00)
397.7         	5.737914e-07	(0.000000e+00 1.469717e-03 0.000000e+00)
397.75        	5.737914e-07	(0.000000e+00 1.469717e-03 0.000000e+00)
397.8         	5.737914e-07	(0.000000e+00 1.469717e-03 0.000000e+00)
397.85        	5.737915e-07	(0.000000e+00 1.469717e-03 0.000000e+00)
397.9         	5.737915e-07	(0.000000e+00 1.469717e-03 0.000000e+00)
397.95        	5.737915e-07	(0.000000e+00 1.469717e-03 0.000000e+00)
398           	5.737915e-07	(0.000000e+00 1.469717e-03 0.000000e+00)
398.05        	5.737915e-07	(0.000000e+00 1.469717e-03 0.000000e+00)
398.1         	5.737915e-07	(0.000000e+00 1.469717e-03 0.000000e+00)
398.15        	5.737915e-07	(0.000000e+00 1.469717e-03 0.000000e+00)
398.2         	5.737916e-07	(0.000000e+00 1.469717e-03 0.000000e+00)
398.25        	5.737915e-07	(0.000000e+00 1.469717e-03 0.000000e+00)
398.3         	5.737916e-07	(0.000000e+00 1.469717e-03 0.000000e+00)
398.35        	5.737916e-07	(0.000000e+00 1.469717e-03 0.000000e+00)
398.4         	5.737916e-07	(0.000000e+00 1.469717e-03 0.000000e+00)
398.45        	5.737916e-07	(0.000000e+00 1.469717e-03 0.000000e+00)
398.5         	5.737916e-07	(0.000000e+00 1.469717e-03 0.000000e+00)
398.55        	5.737916e-07	(0.000000e+00 1.469717e-03 0.000000e+00)
398.6         	5.737916e-07	(0.000000e+00 1.469717e-03 0.000000e+00)
398.65        	5.737916e-07	(0.000000e+00 1.469717e-03 0.000000e+00)
398.7         	5.737916e-07	(0.000000e+00 1.469717e-03 0.000000e+00)
398.75        	5.737916e-07	(0.000000e+00 1.469717e-03 0.000000e+00)
398.8         	5.737917e-07	(0.000000e+00 1.469717e-03 0.000000e+00)
398.85        	5.737917e-07	(0.000000e+00 1.469717e-03 0.000000e+00)
398.9         	5.737917e-07	(0.000000e+00 1.469717e-03 0.000000e+00)
398.95        	5.737917e-07	(0.000000e+00 1.469717e-03 0.000000e+00)
399           	5.737917e-07	(0.000000e+00 1.469717e-03 0.000000e+00)
399.05        	5.737917e-07	(0.000000e+00 1.469717e-03 0.000000e+00)
399.1         	5.737917e-07	(0.000000e+00 1.469717e-03 0.000000e+00)
399.15        	5.737917e-07	(0.000000e+00 1.469717e-03 0.000000e+00)
399.2         	5.737917e-07	(0.000000e+00 1.469717e-03 0.000000e+00)
399.25        	5.737917e-07	(0.000000e+00 1.469717e-03 0.000000e+00)
399.3         	5.737918e-07	(0.000000e+00 1.469717e-03 0.000000e+00)
399.35        	5.737918e-07	(0.000000e+00 1.469717e-03 0.000000e+00)
399.4         	5.737918e-07	(0.000000e+00 1.469717e-03 0.000000e+00)
399.45        	5.737918e-07	(0.000000e+00 1.469717e-03 0.000000e+00)
399.5         	5.737918e-07	(0.000000e+00 1.469717e-03 0.000000e+00)
399.55        	5.737918e-07	(0.000000e+00 1.469717e-03 0.000000e+00)
399.6         	5.737918e-07	(0.000000e+00 1.469717e-03 0.000000e+00)
399.65        	5.737918e-07	(0.000000e+00 1.469717e-03 0.000000e+00)
399.7         	5.737918e-07	(0.000000e+00 1.469717e-03 0.000000e+00)
399.75        	5.737918e-07	(0.000000e+00 1.469717e-03 0.000000e+00)
399.8         	5.737919e-07	(0.000000e+00 1.469717e-03 0.000000e+00)
399.85        	5.737918e-07	(0.000000e+00 1.469717e-03 0.000000e+00)
399.9         	5.737919e-07	(0.000000e+00 1.469717e-03 0.000000e+00)
399.95        	5.737919e-07	(0.000000e+00 1.469717e-03 0.000000e+00)
400           	5.737919e-07	(0.000000e+00 1.469717e-03 0.000000e+00)
400.05        	5.737919e-07	(0.000000e+00 1.469717e-03 0.000000e+00)
400.1         	5.737919e-07	(0.000000e+00 1.469717e-03 0.000000e+00)
400.15        	5.737919e-07	(0.000000e+00 1.469717e-03 0.000000e+00)
400.2         	5.737919e-07	(0.000000e+00 1.469717e-03 0.000000e+00)
400.25        	5.737919e-07	(0.000000e+00 1.469717e-03 0.000000e+00)
400.3         	5.737919e-07	(0.000000e+00 1.469717e-03 0.000000e+00)
400.35        	5.737919e-07	(0.000000e+00 1.469717e-03 0.000000e+00)
400.4         	5.737920e-07	(0.000000e+00 1.469717e-03 0.000000e+00)
400.45        	5.737919e-07	(0.000000e+00 1.469717e-03 0.000000e+00)
400.5         	5.737920e-07	(0.000000e+00 1.469717e-03 0.000000e+00)
400.55        	5.737920e-07	(0.000000e+00 1.469717e-03 0.000000e+00)
400.6         	5.737920e-07	(0.000000e+00 1.469717e-03 0.000000e+00)
400.65        	5.737920e-07	(0.000000e+00 1.469717e-03 0.000000e+00)
400.7         	5.737920e-07	(0.000000e+00 1.469717e-03 0.000000e+00)
400.75        	5.737920e-07	(0.000000e+00 1.469717e-03 0.000000e+00)
400.8         	5.737920e-07	(0.000000e+00 1.469717e-03 0.000000e+00)
400.85        	5.737920e-07	(0.000000e+00 1.469717e-03 0.000000e+00)
400.9         	5.737920e-07	(0.000000e+00 1.469717e-03 0.000000e+00)
400.95        	5.737920e-07	(0.000000e+00 1.469717e-03 0.000000e+00)
401           	5.737921e-07	(0.000000e+00 1.469717e-03 0.000000e+00)
401.05        	5.737921e-07	(0.000000e+00 1.469717e-03 0.000000e+00)
401.1         	5.737921e-07	(0.000000e+00 1.469717e-03 0.000000e+00)
401.15        	5.737921e-07	(0.000000e+00 1.469717e-03 0.000000e+00)
401.2         	5.737921e-07	(0.000000e+00 1.469717e-03 0.000000e+00)
401.25        	5.737921e-07	(0.000000e+00 1.469717e-03 0.000000e+00)
401.3         	5.737921e-07	(0.000000e+00 1.469717e-03 0.000000e+00)
401.35        	5.737921e-07	(0.000000e+00 1.469717e-03 0.000000e+00)
401.4         	5.737921e-07	(0.000000e+00 1.469717e-03 0.000000e+00)
401.45        	5.737921e-07	(0.000000e+00 1.469717e-03 0.000000e+00)
401.5         	5.737922e-07	(0.000000e+00 1.469717e-03 0.000000e+00)
401.55        	5.737922e-07	(0.000000e+00 1.469717e-03 0.000000e+00)
401.6         	5.737922e-07	(0.000000e+00 1.469717e-03 0.000000e+00)
401.65        	5.737922e-07	(0.000000e+00 1.469717e-03 0.000000e+00)
401.7         	5.737922e-07	(0.000000e+00 1.469717e-03 0.000000e+00)
401.75        	5.737922e-07	(0.000000e+00 1.469717e-03 0.000000e+00)
401.8         	5.737922e-07	(0.000000e+00 1.469717e-03 0.000000e+00)
401.85        	5.737922e-07	(0.000000e+00 1.469717e-03 0.000000e+00)
401.9         	5.737922e-07	(0.000000e+00 1.469717e-03 0.000000e+00)
401.95        	5.737922e-07	(0.000000e+00 1.469717e-03 0.000000e+00)
402           	5.737922e-07	(0.000000e+00 1.469717e-03 0.000000e+00)
402.05        	5.737922e-07	(0.000000e+00 1.469717e-03 0.000000e+00)
402.1         	5.737922e-07	(0.000000e+00 1.469717e-03 0.000000e+00)
402.15        	5.737923e-07	(0.000000e+00 1.469717e-03 0.000000e+00)
402.2         	5.737923e-07	(0.000000e+00 1.469717e-03 0.000000e+00)
402.25        	5.737923e-07	(0.000000e+00 1.469717e-03 0.000000e+00)
402.3         	5.737923e-07	(0.000000e+00 1.469717e-03 0.000000e+00)
402.35        	5.737923e-07	(0.000000e+00 1.469717e-03 0.000000e+00)
402.4         	5.737923e-07	(0.000000e+00 1.469717e-03 0.000000e+00)
402.45        	5.737923e-07	(0.000000e+00 1.469717e-03 0.000000e+00)
402.5         	5.737923e-07	(0.000000e+00 1.469717e-03 0.000000e+00)
402.55        	5.737923e-07	(0.000000e+00 1.469717e-03 0.000000e+00)
402.6         	5.737923e-07	(0.000000e+00 1.469717e-03 0.000000e+00)
402.65        	5.737923e-07	(0.000000e+00 1.469717e-03 0.000000e+00)
402.7         	5.737923e-07	(0.000000e+00 1.469717e-03 0.000000e+00)
402.75        	5.737924e-07	(0.000000e+00 1.469717e-03 0.000000e+00)
402.8         	5.737924e-07	(0.000000e+00 1.469717e-03 0.000000e+00)
402.85        	5.737924e-07	(0.000000e+00 1.469717e-03 0.000000e+00)
402.9         	5.737924e-07	(0.000000e+00 1.469717e-03 0.000000e+00)
402.95        	5.737924e-07	(0.000000e+00 1.469717e-03 0.000000e+00)
403           	5.737924e-07	(0.000000e+00 1.469717e-03 0.000000e+00)
403.05        	5.737924e-07	(0.000000e+00 1.469717e-03 0.000000e+00)
403.1         	5.737924e-07	(0.000000e+00 1.469717e-03 0.000000e+00)
403.15        	5.737924e-07	(0.000000e+00 1.469717e-03 0.000000e+00)
403.2         	5.737924e-07	(0.000000e+00 1.469717e-03 0.000000e+00)
403.25        	5.737924e-07	(0.000000e+00 1.469717e-03 0.000000e+00)
403.3         	5.737924e-07	(0.000000e+00 1.469717e-03 0.000000e+00)
403.35        	5.737925e-07	(0.000000e+00 1.469717e-03 0.000000e+00)
403.4         	5.737925e-07	(0.000000e+00 1.469717e-03 0.000000e+00)
403.45        	5.737925e-07	(0.000000e+00 1.469717e-03 0.000000e+00)
403.5         	5.737925e-07	(0.000000e+00 1.469717e-03 0.000000e+00)
403.55        	5.737925e-07	(0.000000e+00 1.469717e-03 0.000000e+00)
403.6         	5.737925e-07	(0.000000e+00 1.469717e-03 0.000000e+00)
403.65        	5.737925e-07	(0.000000e+00 1.469717e-03 0.000000e+00)
403.7         	5.737925e-07	(0.000000e+00 1.469717e-03 0.000000e+00)
403.75        	5.737925e-07	(0.000000e+00 1.469717e-03 0.000000e+00)
403.8         	5.737925e-07	(0.000000e+00 1.469717e-03 0.000000e+00)
403.85        	5.737925e-07	(0.000000e+00 1.469717e-03 0.000000e+00)
403.9         	5.737925e-07	(0.000000e+00 1.469717e-03 0.000000e+00)
403.95        	5.737925e-07	(0.000000e+00 1.469717e-03 0.000000e+00)
404           	5.737926e-07	(0.000000e+00 1.469717e-03 0.000000e+00)
404.05        	5.737926e-07	(0.000000e+00 1.469717e-03 0.000000e+00)
404.1         	5.737926e-07	(0.000000e+00 1.469717e-03 0.000000e+00)
404.15        	5.737926e-07	(0.000000e+00 1.469717e-03 0.000000e+00)
404.2         	5.737926e-07	(0.000000e+00 1.469717e-03 0.000000e+00)
404.25        	5.737926e-07	(0.000000e+00 1.469717e-03 0.000000e+00)
404.3         	5.737926e-07	(0.000000e+00 1.469717e-03 0.000000e+00)
404.35        	5.737926e-07	(0.000000e+00 1.469717e-03 0.000000e+00)
404.4         	5.737926e-07	(0.000000e+00 1.469717e-03 0.000000e+00)
404.45        	5.737926e-07	(0.000000e+00 1.469717e-03 0.000000e+00)
404.5         	5.737926e-07	(0.000000e+00 1.469717e-03 0.000000e+00)
404.55        	5.737927e-07	(0.000000e+00 1.469717e-03 0.000000e+00)
404.6         	5.737927e-07	(0.000000e+00 1.469717e-03 0.000000e+00)
404.65        	5.737927e-07	(0.000000e+00 1.469717e-03 0.000000e+00)
404.7         	5.737927e-07	(0.000000e+00 1.469717e-03 0.000000e+00)
404.75        	5.737927e-07	(0.000000e+00 1.469717e-03 0.000000e+00)
404.8         	5.737927e-07	(0.000000e+00 1.469717e-03 0.000000e+00)
404.85        	5.737927e-07	(0.000000e+00 1.469717e-03 0.000000e+00)
404.9         	5.737927e-07	(0.000000e+00 1.469717e-03 0.000000e+00)
404.95        	5.737927e-07	(0.000000e+00 1.469717e-03 0.000000e+00)
405           	5.737927e-07	(0.000000e+00 1.469717e-03 0.000000e+00)
405.05        	5.737927e-07	(0.000000e+00 1.469717e-03 0.000000e+00)
405.1         	5.737927e-07	(0.000000e+00 1.469717e-03 0.000000e+00)
405.15        	5.737927e-07	(0.000000e+00 1.469717e-03 0.000000e+00)
405.2         	5.737927e-07	(0.000000e+00 1.469717e-03 0.000000e+00)
405.25        	5.737927e-07	(0.000000e+00 1.469717e-03 0.000000e+00)
405.3         	5.737928e-07	(0.000000e+00 1.469717e-03 0.000000e+00)
405.35        	5.737928e-07	(0.000000e+00 1.469717e-03 0.000000e+00)
405.4         	5.737928e-07	(0.000000e+00 1.469717e-03 0.000000e+00)
405.45        	5.737928e-07	(0.000000e+00 1.469717e-03 0.000000e+00)
405.5         	5.737928e-07	(0.000000e+00 1.469717e-03 0.000000e+00)
405.55        	5.737928e-07	(0.000000e+00 1.469717e-03 0.000000e+00)
405.6         	5.737928e-07	(0.000000e+00 1.469717e-03 0.000000e+00)
405.65        	5.737928e-07	(0.000000e+00 1.469717e-03 0.000000e+00)
405.7         	5.737928e-07	(0.000000e+00 1.469717e-03 0.000000e+00)
405.75        	5.737928e-07	(0.000000e+00 1.469717e-03 0.000000e+00)
405.8         	5.737928e-07	(0.000000e+00 1.469717e-03 0.000000e+00)
405.85        	5.737928e-07	(0.000000e+00 1.469717e-03 0.000000e+00)
405.9         	5.737929e-07	(0.000000e+00 1.469717e-03 0.000000e+00)
405.95        	5.737929e-07	(0.000000e+00 1.469717e-03 0.000000e+00)
406           	5.737929e-07	(0.000000e+00 1.469717e-03 0.000000e+00)
406.05        	5.737929e-07	(0.000000e+00 1.469717e-03 0.000000e+00)
406.1         	5.737929e-07	(0.000000e+00 1.469717e-03 0.000000e+00)
406.15        	5.737929e-07	(0.000000e+00 1.469717e-03 0.000000e+00)
406.2         	5.737929e-07	(0.000000e+00 1.469717e-03 0.000000e+00)
406.25        	5.737929e-07	(0.000000e+00 1.469717e-03 0.000000e+00)
406.3         	5.737929e-07	(0.000000e+00 1.469717e-03 0.000000e+00)
406.35        	5.737929e-07	(0.000000e+00 1.469717e-03 0.000000e+00)
406.4         	5.737929e-07	(0.000000e+00 1.469717e-03 0.000000e+00)
406.45        	5.737929e-07	(0.000000e+00 1.469717e-03 0.000000e+00)
406.5         	5.737929e-07	(0.000000e+00 1.469717e-03 0.000000e+00)
406.55        	5.737930e-07	(0.000000e+00 1.469717e-03 0.000000e+00)
406.6         	5.737930e-07	(0.000000e+00 1.469717e-03 0.000000e+00)
406.65        	5.737930e-07	(0.000000e+00 1.469717e-03 0.000000e+00)
406.7         	5.737930e-07	(0.000000e+00 1.469717e-03 0.000000e+00)
406.75        	5.737930e-07	(0.000000e+00 1.469717e-03 0.000000e+00)
406.8         	5.737930e-07	(0.000000e+00 1.469717e-03 0.000000e+00)
406.85        	5.737930e-07	(0.000000e+00 1.469717e-03 0.000000e+00)
406.9         	5.737930e-07	(0.000000e+00 1.469717e-03 0.000000e+00)
406.95        	5.737930e-07	(0.000000e+00 1.469717e-03 0.000000e+00)
407           	5.737930e-07	(0.000000e+00 1.469717e-03 0.000000e+00)
407.05        	5.737930e-07	(0.000000e+00 1.469717e-03 0.000000e+00)
407.1         	5.737930e-07	(0.000000e+00 1.469717e-03 0.000000e+00)
407.15        	5.737930e-07	(0.000000e+00 1.469717e-03 0.000000e+00)
407.2         	5.737931e-07	(0.000000e+00 1.469717e-03 0.000000e+00)
407.25        	5.737931e-07	(0.000000e+00 1.469717e-03 0.000000e+00)
407.3         	5.737931e-07	(0.000000e+00 1.469717e-03 0.000000e+00)
407.35        	5.737931e-07	(0.000000e+00 1.469717e-03 0.000000e+00)
407.4         	5.737931e-07	(0.000000e+00 1.469717e-03 0.000000e+00)
407.45        	5.737931e-07	(0.000000e+00 1.469717e-03 0.000000e+00)
407.5         	5.737931e-07	(0.000000e+00 1.469717e-03 0.000000e+00)
407.55        	5.737931e-07	(0.000000e+00 1.469717e-03 0.000000e+00)
407.6         	5.737931e-07	(0.000000e+00 1.469717e-03 0.000000e+00)
407.65        	5.737931e-07	(0.000000e+00 1.469717e-03 0.000000e+00)
407.7         	5.737931e-07	(0.000000e+00 1.469717e-03 0.000000e+00)
407.75        	5.737931e-07	(0.000000e+00 1.469717e-03 0.000000e+00)
407.8         	5.737931e-07	(0.000000e+00 1.469717e-03 0.000000e+00)
407.85        	5.737931e-07	(0.000000e+00 1.469717e-03 0.000000e+00)
407.9         	5.737931e-07	(0.000000e+00 1.469717e-03 0.000000e+00)
407.95        	5.737932e-07	(0.000000e+00 1.469717e-03 0.000000e+00)
408           	5.737932e-07	(0.000000e+00 1.469717e-03 0.000000e+00)
408.05        	5.737931e-07	(0.000000e+00 1.469717e-03 0.000000e+00)
408.1         	5.737932e-07	(0.000000e+00 1.469717e-03 0.000000e+00)
408.15        	5.737932e-07	(0.000000e+00 1.469717e-03 0.000000e+00)
408.2         	5.737932e-07	(0.000000e+00 1.469717e-03 0.000000e+00)
408.25        	5.737932e-07	(0.000000e+00 1.469717e-03 0.000000e+00)
408.3         	5.737932e-07	(0.000000e+00 1.469717e-03 0.000000e+00)
408.35        	5.737932e-07	(0.000000e+00 1.469717e-03 0.000000e+00)
408.4         	5.737932e-07	(0.000000e+00 1.469717e-03 0.000000e+00)
408.45        	5.737932e-07	(0.000000e+00 1.469717e-03 0.000000e+00)
408.5         	5.737932e-07	(0.000000e+00 1.469717e-03 0.000000e+00)
408.55        	5.737932e-07	(0.000000e+00 1.469717e-03 0.000000e+00)
408.6         	5.737933e-07	(0.000000e+00 1.469717e-03 0.000000e+00)
408.65        	5.737932e-07	(0.000000e+00 1.469717e-03 0.000000e+00)
408.7         	5.737933e-07	(0.000000e+00 1.469717e-03 0.000000e+00)
408.75        	5.737933e-07	(0.000000e+00 1.469717e-03 0.000000e+00)
408.8         	5.737933e-07	(0.000000e+00 1.469717e-03 0.000000e+00)
408.85        	5.737933e-07	(0.000000e+00 1.469717e-03 0.000000e+00)
408.9         	5.737933e-07	(0.000000e+00 1.469717e-03 0.000000e+00)
408.95        	5.737933e-07	(0.000000e+00 1.469717e-03 0.000000e+00)
409           	5.737933e-07	(0.000000e+00 1.469717e-03 0.000000e+00)
409.05        	5.737933e-07	(0.000000e+00 1.469717e-03 0.000000e+00)
409.1         	5.737933e-07	(0.000000e+00 1.469717e-03 0.000000e+00)
409.15        	5.737933e-07	(0.000000e+00 1.469717e-03 0.000000e+00)
409.2         	5.737933e-07	(0.000000e+00 1.469717e-03 0.000000e+00)
409.25        	5.737933e-07	(0.000000e+00 1.469717e-03 0.000000e+00)
409.3         	5.737933e-07	(0.000000e+00 1.469717e-03 0.000000e+00)
409.35        	5.737933e-07	(0.000000e+00 1.469717e-03 0.000000e+00)
409.4         	5.737934e-07	(0.000000e+00 1.469717e-03 0.000000e+00)
409.45        	5.737934e-07	(0.000000e+00 1.469717e-03 0.000000e+00)
409.5         	5.737934e-07	(0.000000e+00 1.469717e-03 0.000000e+00)
409.55        	5.737934e-07	(0.000000e+00 1.469717e-03 0.000000e+00)
409.6         	5.737934e-07	(0.000000e+00 1.469717e-03 0.000000e+00)
409.65        	5.737934e-07	(0.000000e+00 1.469717e-03 0.000000e+00)
409.7         	5.737934e-07	(0.000000e+00 1.469717e-03 0.000000e+00)
409.75        	5.737934e-07	(0.000000e+00 1.469717e-03 0.000000e+00)
409.8         	5.737934e-07	(0.000000e+00 1.469717e-03 0.000000e+00)
409.85        	5.737934e-07	(0.000000e+00 1.469717e-03 0.000000e+00)
409.9         	5.737934e-07	(0.000000e+00 1.469717e-03 0.000000e+00)
409.95        	5.737934e-07	(0.000000e+00 1.469717e-03 0.000000e+00)
410           	5.737934e-07	(0.000000e+00 1.469717e-03 0.000000e+00)
410.05        	5.737934e-07	(0.000000e+00 1.469717e-03 0.000000e+00)
410.1         	5.737934e-07	(0.000000e+00 1.469717e-03 0.000000e+00)
410.15        	5.737934e-07	(0.000000e+00 1.469717e-03 0.000000e+00)
410.2         	5.737935e-07	(0.000000e+00 1.469717e-03 0.000000e+00)
410.25        	5.737934e-07	(0.000000e+00 1.469717e-03 0.000000e+00)
410.3         	5.737935e-07	(0.000000e+00 1.469717e-03 0.000000e+00)
410.35        	5.737935e-07	(0.000000e+00 1.469717e-03 0.000000e+00)
410.4         	5.737935e-07	(0.000000e+00 1.469717e-03 0.000000e+00)
410.45        	5.737935e-07	(0.000000e+00 1.469717e-03 0.000000e+00)
410.5         	5.737935e-07	(0.000000e+00 1.469717e-03 0.000000e+00)
410.55        	5.737935e-07	(0.000000e+00 1.469717e-03 0.000000e+00)
410.6         	5.737935e-07	(0.000000e+00 1.469717e-03 0.000000e+00)
410.65        	5.737935e-07	(0.000000e+00 1.469717e-03 0.000000e+00)
410.7         	5.737935e-07	(0.000000e+00 1.469717e-03 0.000000e+00)
410.75        	5.737935e-07	(0.000000e+00 1.469717e-03 0.000000e+00)
410.8         	5.737935e-07	(0.000000e+00 1.469717e-03 0.000000e+00)
410.85        	5.737935e-07	(0.000000e+00 1.469717e-03 0.000000e+00)
410.9         	5.737935e-07	(0.000000e+00 1.469717e-03 0.000000e+00)
410.95        	5.737936e-07	(0.000000e+00 1.469717e-03 0.000000e+00)
411           	5.737936e-07	(0.000000e+00 1.469717e-03 0.000000e+00)
411.05        	5.737936e-07	(0.000000e+00 1.469717e-03 0.000000e+00)
411.1         	5.737936e-07	(0.000000e+00 1.469717e-03 0.000000e+00)
411.15        	5.737936e-07	(0.000000e+00 1.469717e-03 0.000000e+00)
411.2         	5.737936e-07	(0.000000e+00 1.469717e-03 0.000000e+00)
411.25        	5.737936e-07	(0.000000e+00 1.469717e-03 0.000000e+00)
411.3         	5.737936e-07	(0.000000e+00 1.469717e-03 0.000000e+00)
411.35        	5.737936e-07	(0.000000e+00 1.469717e-03 0.000000e+00)
411.4         	5.737936e-07	(0.000000e+00 1.469717e-03 0.000000e+00)
411.45        	5.737936e-07	(0.000000e+00 1.469717e-03 0.000000e+00)
411.5         	5.737936e-07	(0.000000e+00 1.469717e-03 0.000000e+00)
411.55        	5.737936e-07	(0.000000e+00 1.469717e-03 0.000000e+00)
411.6         	5.737936e-07	(0.000000e+00 1.469717e-03 0.000000e+00)
411.65        	5.737936e-07	(0.000000e+00 1.469717e-03 0.000000e+00)
411.7         	5.737937e-07	(0.000000e+00 1.469717e-03 0.000000e+00)
411.75        	5.737936e-07	(0.000000e+00 1.469717e-03 0.000000e+00)
411.8         	5.737937e-07	(0.000000e+00 1.469717e-03 0.000000e+00)
411.85        	5.737936e-07	(0.000000e+00 1.469717e-03 0.000000e+00)
411.9         	5.737937e-07	(0.000000e+00 1.469717e-03 0.000000e+00)
411.95        	5.737937e-07	(0.000000e+00 1.469717e-03 0.000000e+00)
412           	5.737937e-07	(0.000000e+00 1.469717e-03 0.000000e+00)
412.05        	5.737937e-07	(0.000000e+00 1.469717e-03 0.000000e+00)
412.1         	5.737937e-07	(0.000000e+00 1.469717e-03 0.000000e+00)
412.15        	5.737937e-07	(0.000000e+00 1.469717e-03 0.000000e+00)
412.2         	5.737937e-07	(0.000000e+00 1.469717e-03 0.000000e+00)
412.25        	5.737937e-07	(0.000000e+00 1.469717e-03 0.000000e+00)
412.3         	5.737937e-07	(0.000000e+00 1.469717e-03 0.000000e+00)
412.35        	5.737937e-07	(0.000000e+00 1.469717e-03 0.000000e+00)
412.4         	5.737937e-07	(0.000000e+00 1.469717e-03 0.000000e+00)
412.45        	5.737937e-07	(0.000000e+00 1.469717e-03 0.000000e+00)
412.5         	5.737937e-07	(0.000000e+00 1.469717e-03 0.000000e+00)
412.55        	5.737937e-07	(0.000000e+00 1.469717e-03 0.000000e+00)
412.6         	5.737937e-07	(0.000000e+00 1.469717e-03 0.000000e+00)
412.65        	5.737938e-07	(0.000000e+00 1.469717e-03 0.000000e+00)
412.7         	5.737938e-07	(0.000000e+00 1.469717e-03 0.000000e+00)
412.75        	5.737938e-07	(0.000000e+00 1.469717e-03 0.000000e+00)
412.8         	5.737938e-07	(0.000000e+00 1.469717e-03 0.000000e+00)
412.85        	5.737938e-07	(0.000000e+00 1.469717e-03 0.000000e+00)
412.9         	5.737938e-07	(0.000000e+00 1.469717e-03 0.000000e+00)
412.95        	5.737938e-07	(0.000000e+00 1.469717e-03 0.000000e+00)
413           	5.737938e-07	(0.000000e+00 1.469717e-03 0.000000e+00)
413.05        	5.737938e-07	(0.000000e+00 1.469717e-03 0.000000e+00)
413.1         	5.737938e-07	(0.000000e+00 1.469717e-03 0.000000e+00)
413.15        	5.737938e-07	(0.000000e+00 1.469717e-03 0.000000e+00)
413.2         	5.737938e-07	(0.000000e+00 1.469717e-03 0.000000e+00)
413.25        	5.737938e-07	(0.000000e+00 1.469717e-03 0.000000e+00)
413.3         	5.737938e-07	(0.000000e+00 1.469717e-03 0.000000e+00)
413.35        	5.737938e-07	(0.000000e+00 1.469717e-03 0.000000e+00)
413.4         	5.737939e-07	(0.000000e+00 1.469717e-03 0.000000e+00)
413.45        	5.737939e-07	(0.000000e+00 1.469717e-03 0.000000e+00)
413.5         	5.737939e-07	(0.000000e+00 1.469717e-03 0.000000e+00)
413.55        	5.737938e-07	(0.000000e+00 1.469717e-03 0.000000e+00)
413.6         	5.737939e-07	(0.000000e+00 1.469717e-03 0.000000e+00)
413.65        	5.737939e-07	(0.000000e+00 1.469717e-03 0.000000e+00)
413.7         	5.737939e-07	(0.000000e+00 1.469717e-03 0.000000e+00)
413.75        	5.737939e-07	(0.000000e+00 1.469717e-03 0.000000e+00)
413.8         	5.737939e-07	(0.000000e+00 1.469717e-03 0.000000e+00)
413.85        	5.737939e-07	(0.000000e+00 1.469717e-03 0.000000e+00)
413.9         	5.737939e-07	(0.000000e+00 1.469717e-03 0.000000e+00)
413.95        	5.737939e-07	(0.000000e+00 1.469717e-03 0.000000e+00)
414           	5.737939e-07	(0.000000e+00 1.469717e-03 0.000000e+00)
414.05        	5.737939e-07	(0.000000e+00 1.469717e-03 0.000000e+00)
414.1         	5.737939e-07	(0.000000e+00 1.469717e-03 0.000000e+00)
414.15        	5.737939e-07	(0.000000e+00 1.469717e-03 0.000000e+00)
414.2         	5.737939e-07	(0.000000e+00 1.469717e-03 0.000000e+00)
414.25        	5.737939e-07	(0.000000e+00 1.469717e-03 0.000000e+00)
414.3         	5.737940e-07	(0.000000e+00 1.469717e-03 0.000000e+00)
414.35        	5.737940e-07	(0.000000e+00 1.469717e-03 0.000000e+00)
414.4         	5.737940e-07	(0.000000e+00 1.469717e-03 0.000000e+00)
414.45        	5.737940e-07	(0.000000e+00 1.469717e-03 0.000000e+00)
414.5         	5.737940e-07	(0.000000e+00 1.469717e-03 0.000000e+00)
414.55        	5.737940e-07	(0.000000e+00 1.469717e-03 0.000000e+00)
414.6         	5.737940e-07	(0.000000e+00 1.469717e-03 0.000000e+00)
414.65        	5.737940e-07	(0.000000e+00 1.469717e-03 0.000000e+00)
414.7         	5.737940e-07	(0.000000e+00 1.469717e-03 0.000000e+00)
414.75        	5.737940e-07	(0.000000e+00 1.469717e-03 0.000000e+00)
414.8         	5.737940e-07	(0.000000e+00 1.469717e-03 0.000000e+00)
414.85        	5.737940e-07	(0.000000e+00 1.469717e-03 0.000000e+00)
414.9         	5.737940e-07	(0.000000e+00 1.469717e-03 0.000000e+00)
414.95        	5.737940e-07	(0.000000e+00 1.469717e-03 0.000000e+00)
415           	5.737940e-07	(0.000000e+00 1.469717e-03 0.000000e+00)
415.05        	5.737940e-07	(0.000000e+00 1.469717e-03 0.000000e+00)
415.1         	5.737940e-07	(0.000000e+00 1.469717e-03 0.000000e+00)
415.15        	5.737940e-07	(0.000000e+00 1.469717e-03 0.000000e+00)
415.2         	5.737940e-07	(0.000000e+00 1.469717e-03 0.000000e+00)
415.25        	5.737941e-07	(0.000000e+00 1.469717e-03 0.000000e+00)
415.3         	5.737941e-07	(0.000000e+00 1.469717e-03 0.000000e+00)
415.35        	5.737941e-07	(0.000000e+00 1.469717e-03 0.000000e+00)
415.4         	5.737941e-07	(0.000000e+00 1.469717e-03 0.000000e+00)
415.45        	5.737941e-07	(0.000000e+00 1.469717e-03 0.000000e+00)
415.5         	5.737941e-07	(0.000000e+00 1.469717e-03 0.000000e+00)
415.55        	5.737941e-07	(0.000000e+00 1.469717e-03 0.000000e+00)
415.6         	5.737941e-07	(0.000000e+00 1.469717e-03 0.000000e+00)
415.65        	5.737941e-07	(0.000000e+00 1.469717e-03 0.000000e+00)
415.7         	5.737941e-07	(0.000000e+00 1.469717e-03 0.000000e+00)
415.75        	5.737941e-07	(0.000000e+00 1.469717e-03 0.000000e+00)
415.8         	5.737941e-07	(0.000000e+00 1.469717e-03 0.000000e+00)
415.85        	5.737941e-07	(0.000000e+00 1.469717e-03 0.000000e+00)
415.9         	5.737941e-07	(0.000000e+00 1.469717e-03 0.000000e+00)
415.95        	5.737941e-07	(0.000000e+00 1.469717e-03 0.000000e+00)
416           	5.737941e-07	(0.000000e+00 1.469717e-03 0.000000e+00)
416.05        	5.737941e-07	(0.000000e+00 1.469717e-03 0.000000e+00)
416.1         	5.737941e-07	(0.000000e+00 1.469717e-03 0.000000e+00)
416.15        	5.737941e-07	(0.000000e+00 1.469717e-03 0.000000e+00)
416.2         	5.737942e-07	(0.000000e+00 1.469717e-03 0.000000e+00)
416.25        	5.737942e-07	(0.000000e+00 1.469717e-03 0.000000e+00)
416.3         	5.737942e-07	(0.000000e+00 1.469717e-03 0.000000e+00)
416.35        	5.737942e-07	(0.000000e+00 1.469717e-03 0.000000e+00)
416.4         	5.737942e-07	(0.000000e+00 1.469717e-03 0.000000e+00)
416.45        	5.737942e-07	(0.000000e+00 1.469717e-03 0.000000e+00)
416.5         	5.737942e-07	(0.000000e+00 1.469717e-03 0.000000e+00)
416.55        	5.737942e-07	(0.000000e+00 1.469717e-03 0.000000e+00)
416.6         	5.737942e-07	(0.000000e+00 1.469717e-03 0.000000e+00)
416.65        	5.737942e-07	(0.000000e+00 1.469717e-03 0.000000e+00)
416.7         	5.737942e-07	(0.000000e+00 1.469717e-03 0.000000e+00)
416.75        	5.737942e-07	(0.000000e+00 1.469717e-03 0.000000e+00)
416.8         	5.737942e-07	(0.000000e+00 1.469717e-03 0.000000e+00)
416.85        	5.737942e-07	(0.000000e+00 1.469717e-03 0.000000e+00)
416.9         	5.737942e-07	(0.000000e+00 1.469717e-03 0.000000e+00)
416.95        	5.737942e-07	(0.000000e+00 1.469717e-03 0.000000e+00)
417           	5.737942e-07	(0.000000e+00 1.469717e-03 0.000000e+00)
417.05        	5.737942e-07	(0.000000e+00 1.469717e-03 0.000000e+00)
417.1         	5.737943e-07	(0.000000e+00 1.469717e-03 0.000000e+00)
417.15        	5.737943e-07	(0.000000e+00 1.469717e-03 0.000000e+00)
417.2         	5.737943e-07	(0.000000e+00 1.469717e-03 0.000000e+00)
417.25        	5.737942e-07	(0.000000e+00 1.469717e-03 0.000000e+00)
417.3         	5.737943e-07	(0.000000e+00 1.469717e-03 0.000000e+00)
417.35        	5.737943e-07	(0.000000e+00 1.469717e-03 0.000000e+00)
417.4         	5.737943e-07	(0.000000e+00 1.469717e-03 0.000000e+00)
417.45        	5.737943e-07	(0.000000e+00 1.469717e-03 0.000000e+00)
417.5         	5.737943e-07	(0.000000e+00 1.469717e-03 0.000000e+00)
417.55        	5.737943e-07	(0.000000e+00 1.469717e-03 0.000000e+00)
417.6         	5.737943e-07	(0.000000e+00 1.469717e-03 0.000000e+00)
417.65        	5.737943e-07	(0.000000e+00 1.469717e-03 0.000000e+00)
417.7         	5.737943e-07	(0.000000e+00 1.469717e-03 0.000000e+00)
417.75        	5.737943e-07	(0.000000e+00 1.469717e-03 0.000000e+00)
417.8         	5.737943e-07	(0.000000e+00 1.469717e-03 0.000000e+00)
417.85        	5.737943e-07	(0.000000e+00 1.469717e-03 0.000000e+00)
417.9         	5.737943e-07	(0.000000e+00 1.469717e-03 0.000000e+00)
417.95        	5.737943e-07	(0.000000e+00 1.469717e-03 0.000000e+00)
418           	5.737943e-07	(0.000000e+00 1.469717e-03 0.000000e+00)
418.05        	5.737943e-07	(0.000000e+00 1.469717e-03 0.000000e+00)
418.1         	5.737943e-07	(0.000000e+00 1.469717e-03 0.000000e+00)
418.15        	5.737944e-07	(0.000000e+00 1.469717e-03 0.000000e+00)
418.2         	5.737944e-07	(0.000000e+00 1.469717e-03 0.000000e+00)
418.25        	5.737944e-07	(0.000000e+00 1.469717e-03 0.000000e+00)
418.3         	5.737944e-07	(0.000000e+00 1.469717e-03 0.000000e+00)
418.35        	5.737944e-07	(0.000000e+00 1.469717e-03 0.000000e+00)
418.4         	5.737944e-07	(0.000000e+00 1.469717e-03 0.000000e+00)
418.45        	5.737944e-07	(0.000000e+00 1.469717e-03 0.000000e+00)
418.5         	5.737944e-07	(0.000000e+00 1.469717e-03 0.000000e+00)
418.55        	5.737944e-07	(0.000000e+00 1.469717e-03 0.000000e+00)
418.6         	5.737944e-07	(0.000000e+00 1.469717e-03 0.000000e+00)
418.65        	5.737944e-07	(0.000000e+00 1.469717e-03 0.000000e+00)
418.7         	5.737944e-07	(0.000000e+00 1.469717e-03 0.000000e+00)
418.75        	5.737944e-07	(0.000000e+00 1.469717e-03 0.000000e+00)
418.8         	5.737944e-07	(0.000000e+00 1.469717e-03 0.000000e+00)
418.85        	5.737944e-07	(0.000000e+00 1.469717e-03 0.000000e+00)
418.9         	5.737944e-07	(0.000000e+00 1.469717e-03 0.000000e+00)
418.95        	5.737944e-07	(0.000000e+00 1.469717e-03 0.000000e+00)
419           	5.737944e-07	(0.000000e+00 1.469717e-03 0.000000e+00)
419.05        	5.737944e-07	(0.000000e+00 1.469717e-03 0.000000e+00)
419.1         	5.737944e-07	(0.000000e+00 1.469717e-03 0.000000e+00)
419.15        	5.737945e-07	(0.000000e+00 1.469717e-03 0.000000e+00)
419.2         	5.737945e-07	(0.000000e+00 1.469717e-03 0.000000e+00)
419.25        	5.737945e-07	(0.000000e+00 1.469717e-03 0.000000e+00)
419.3         	5.737945e-07	(0.000000e+00 1.469717e-03 0.000000e+00)
419.35        	5.737945e-07	(0.000000e+00 1.469717e-03 0.000000e+00)
419.4         	5.737945e-07	(0.000000e+00 1.469717e-03 0.000000e+00)
419.45        	5.737945e-07	(0.000000e+00 1.469717e-03 0.000000e+00)
419.5         	5.737945e-07	(0.000000e+00 1.469717e-03 0.000000e+00)
419.55        	5.737945e-07	(0.000000e+00 1.469717e-03 0.000000e+00)
419.6         	5.737945e-07	(0.000000e+00 1.469717e-03 0.000000e+00)
419.65        	5.737945e-07	(0.000000e+00 1.469717e-03 0.000000e+00)
419.7         	5.737945e-07	(0.000000e+00 1.469717e-03 0.000000e+00)
419.75        	5.737945e-07	(0.000000e+00 1.469717e-03 0.000000e+00)
419.8         	5.737945e-07	(0.000000e+00 1.469717e-03 0.000000e+00)
419.85        	5.737945e-07	(0.000000e+00 1.469717e-03 0.000000e+00)
419.9         	5.737945e-07	(0.000000e+00 1.469717e-03 0.000000e+00)
419.95        	5.737945e-07	(0.000000e+00 1.469717e-03 0.000000e+00)
420           	5.737945e-07	(0.000000e+00 1.469717e-03 0.000000e+00)
420.05        	5.737945e-07	(0.000000e+00 1.469717e-03 0.000000e+00)
420.1         	5.737945e-07	(0.000000e+00 1.469717e-03 0.000000e+00)
420.15        	5.737945e-07	(0.000000e+00 1.469717e-03 0.000000e+00)
420.2         	5.737946e-07	(0.000000e+00 1.469717e-03 0.000000e+00)
420.25        	5.737946e-07	(0.000000e+00 1.469717e-03 0.000000e+00)
420.3         	5.737946e-07	(0.000000e+00 1.469717e-03 0.000000e+00)
420.35        	5.737946e-07	(0.000000e+00 1.469717e-03 0.000000e+00)
420.4         	5.737946e-07	(0.000000e+00 1.469717e-03 0.000000e+00)
420.45        	5.737946e-07	(0.000000e+00 1.469717e-03 0.000000e+00)
420.5         	5.737946e-07	(0.000000e+00 1.469717e-03 0.000000e+00)
420.55        	5.737946e-07	(0.000000e+00 1.469717e-03 0.000000e+00)
420.6         	5.737946e-07	(0.000000e+00 1.469717e-03 0.000000e+00)
420.65        	5.737946e-07	(0.000000e+00 1.469717e-03 0.000000e+00)
420.7         	5.737946e-07	(0.000000e+00 1.469717e-03 0.000000e+00)
420.75        	5.737946e-07	(0.000000e+00 1.469717e-03 0.000000e+00)
420.8         	5.737946e-07	(0.000000e+00 1.469717e-03 0.000000e+00)
420.85        	5.737946e-07	(0.000000e+00 1.469717e-03 0.000000e+00)
420.9         	5.737946e-07	(0.000000e+00 1.469717e-03 0.000000e+00)
420.95        	5.737946e-07	(0.000000e+00 1.469717e-03 0.000000e+00)
421           	5.737946e-07	(0.000000e+00 1.469717e-03 0.000000e+00)
421.05        	5.737946e-07	(0.000000e+00 1.469717e-03 0.000000e+00)
421.1         	5.737946e-07	(0.000000e+00 1.469717e-03 0.000000e+00)
421.15        	5.737946e-07	(0.000000e+00 1.469717e-03 0.000000e+00)
421.2         	5.737946e-07	(0.000000e+00 1.469717e-03 0.000000e+00)
421.25        	5.737946e-07	(0.000000e+00 1.469717e-03 0.000000e+00)
421.3         	5.737947e-07	(0.000000e+00 1.469717e-03 0.000000e+00)
421.35        	5.737947e-07	(0.000000e+00 1.469717e-03 0.000000e+00)
421.4         	5.737947e-07	(0.000000e+00 1.469717e-03 0.000000e+00)
421.45        	5.737947e-07	(0.000000e+00 1.469717e-03 0.000000e+00)
421.5         	5.737947e-07	(0.000000e+00 1.469717e-03 0.000000e+00)
421.55        	5.737947e-07	(0.000000e+00 1.469717e-03 0.000000e+00)
421.6         	5.737947e-07	(0.000000e+00 1.469717e-03 0.000000e+00)
421.65        	5.737947e-07	(0.000000e+00 1.469717e-03 0.000000e+00)
421.7         	5.737947e-07	(0.000000e+00 1.469717e-03 0.000000e+00)
421.75        	5.737947e-07	(0.000000e+00 1.469717e-03 0.000000e+00)
421.8         	5.737947e-07	(0.000000e+00 1.469717e-03 0.000000e+00)
421.85        	5.737947e-07	(0.000000e+00 1.469717e-03 0.000000e+00)
421.9         	5.737947e-07	(0.000000e+00 1.469717e-03 0.000000e+00)
421.95        	5.737947e-07	(0.000000e+00 1.469717e-03 0.000000e+00)
422           	5.737947e-07	(0.000000e+00 1.469717e-03 0.000000e+00)
422.05        	5.737947e-07	(0.000000e+00 1.469717e-03 0.000000e+00)
422.1         	5.737947e-07	(0.000000e+00 1.469717e-03 0.000000e+00)
422.15        	5.737947e-07	(0.000000e+00 1.469717e-03 0.000000e+00)
422.2         	5.737947e-07	(0.000000e+00 1.469717e-03 0.000000e+00)
422.25        	5.737947e-07	(0.000000e+00 1.469717e-03 0.000000e+00)
422.3         	5.737947e-07	(0.000000e+00 1.469717e-03 0.000000e+00)
422.35        	5.737947e-07	(0.000000e+00 1.469717e-03 0.000000e+00)
422.4         	5.737947e-07	(0.000000e+00 1.469717e-03 0.000000e+00)
422.45        	5.737948e-07	(0.000000e+00 1.469717e-03 0.000000e+00)
422.5         	5.737948e-07	(0.000000e+00 1.469717e-03 0.000000e+00)
422.55        	5.737948e-07	(0.000000e+00 1.469717e-03 0.000000e+00)
422.6         	5.737948e-07	(0.000000e+00 1.469717e-03 0.000000e+00)
422.65        	5.737948e-07	(0.000000e+00 1.469717e-03 0.000000e+00)
422.7         	5.737948e-07	(0.000000e+00 1.469717e-03 0.000000e+00)
422.75        	5.737948e-07	(0.000000e+00 1.469717e-03 0.000000e+00)
422.8         	5.737948e-07	(0.000000e+00 1.469717e-03 0.000000e+00)
422.85        	5.737948e-07	(0.000000e+00 1.469717e-03 0.000000e+00)
422.9         	5.737948e-07	(0.000000e+00 1.469717e-03 0.000000e+00)
422.95        	5.737948e-07	(0.000000e+00 1.469717e-03 0.000000e+00)
423           	5.737948e-07	(0.000000e+00 1.469717e-03 0.000000e+00)
423.05        	5.737948e-07	(0.000000e+00 1.469717e-03 0.000000e+00)
423.1         	5.737948e-07	(0.000000e+00 1.469717e-03 0.000000e+00)
423.15        	5.737948e-07	(0.000000e+00 1.469717e-03 0.000000e+00)
423.2         	5.737948e-07	(0.000000e+00 1.469717e-03 0.000000e+00)
423.25        	5.737948e-07	(0.000000e+00 1.469717e-03 0.000000e+00)
423.3         	5.737948e-07	(0.000000e+00 1.469717e-03 0.000000e+00)
423.35        	5.737948e-07	(0.000000e+00 1.469717e-03 0.000000e+00)
423.4         	5.737948e-07	(0.000000e+00 1.469717e-03 0.000000e+00)
423.45        	5.737948e-07	(0.000000e+00 1.469717e-03 0.000000e+00)
423.5         	5.737948e-07	(0.000000e+00 1.469717e-03 0.000000e+00)
423.55        	5.737948e-07	(0.000000e+00 1.469717e-03 0.000000e+00)
423.6         	5.737948e-07	(0.000000e+00 1.469717e-03 0.000000e+00)
423.65        	5.737948e-07	(0.000000e+00 1.469717e-03 0.000000e+00)
423.7         	5.737949e-07	(0.000000e+00 1.469717e-03 0.000000e+00)
423.75        	5.737948e-07	(0.000000e+00 1.469717e-03 0.000000e+00)
423.8         	5.737949e-07	(0.000000e+00 1.469717e-03 0.000000e+00)
423.85        	5.737949e-07	(0.000000e+00 1.469717e-03 0.000000e+00)
423.9         	5.737949e-07	(0.000000e+00 1.469717e-03 0.000000e+00)
423.95        	5.737949e-07	(0.000000e+00 1.469717e-03 0.000000e+00)
424           	5.737949e-07	(0.000000e+00 1.469717e-03 0.000000e+00)
424.05        	5.737949e-07	(0.000000e+00 1.469717e-03 0.000000e+00)
424.1         	5.737949e-07	(0.000000e+00 1.469717e-03 0.000000e+00)
424.15        	5.737949e-07	(0.000000e+00 1.469717e-03 0.000000e+00)
424.2         	5.737949e-07	(0.000000e+00 1.469717e-03 0.000000e+00)
424.25        	5.737949e-07	(0.000000e+00 1.469717e-03 0.000000e+00)
424.3         	5.737949e-07	(0.000000e+00 1.469717e-03 0.000000e+00)
424.35        	5.737949e-07	(0.000000e+00 1.469717e-03 0.000000e+00)
424.4         	5.737949e-07	(0.000000e+00 1.469717e-03 0.000000e+00)
424.45        	5.737949e-07	(0.000000e+00 1.469717e-03 0.000000e+00)
424.5         	5.737949e-07	(0.000000e+00 1.469717e-03 0.000000e+00)
424.55        	5.737949e-07	(0.000000e+00 1.469717e-03 0.000000e+00)
424.6         	5.737949e-07	(0.000000e+00 1.469717e-03 0.000000e+00)
424.65        	5.737949e-07	(0.000000e+00 1.469717e-03 0.000000e+00)
424.7         	5.737949e-07	(0.000000e+00 1.469717e-03 0.000000e+00)
424.75        	5.737949e-07	(0.000000e+00 1.469717e-03 0.000000e+00)
424.8         	5.737950e-07	(0.000000e+00 1.469717e-03 0.000000e+00)
424.85        	5.737949e-07	(0.000000e+00 1.469717e-03 0.000000e+00)
424.9         	5.737950e-07	(0.000000e+00 1.469717e-03 0.000000e+00)
424.95        	5.737950e-07	(0.000000e+00 1.469717e-03 0.000000e+00)
425           	5.737950e-07	(0.000000e+00 1.469717e-03 0.000000e+00)
425.05        	5.737950e-07	(0.000000e+00 1.469717e-03 0.000000e+00)
425.1         	5.737950e-07	(0.000000e+00 1.469717e-03 0.000000e+00)
425.15        	5.737950e-07	(0.000000e+00 1.469717e-03 0.000000e+00)
425.2         	5.737950e-07	(0.000000e+00 1.469717e-03 0.000000e+00)
425.25        	5.737950e-07	(0.000000e+00 1.469717e-03 0.000000e+00)
425.3         	5.737950e-07	(0.000000e+00 1.469717e-03 0.000000e+00)
425.35        	5.737950e-07	(0.000000e+00 1.469717e-03 0.000000e+00)
425.4         	5.737950e-07	(0.000000e+00 1.469717e-03 0.000000e+00)
425.45        	5.737950e-07	(0.000000e+00 1.469717e-03 0.000000e+00)
425.5         	5.737950e-07	(0.000000e+00 1.469717e-03 0.000000e+00)
425.55        	5.737950e-07	(0.000000e+00 1.469717e-03 0.000000e+00)
425.6         	5.737950e-07	(0.000000e+00 1.469717e-03 0.000000e+00)
425.65        	5.737950e-07	(0.000000e+00 1.469717e-03 0.000000e+00)
425.7         	5.737950e-07	(0.000000e+00 1.469717e-03 0.000000e+00)
425.75        	5.737950e-07	(0.000000e+00 1.469717e-03 0.000000e+00)
425.8         	5.737950e-07	(0.000000e+00 1.469717e-03 0.000000e+00)
425.85        	5.737950e-07	(0.000000e+00 1.469717e-03 0.000000e+00)
425.9         	5.737950e-07	(0.000000e+00 1.469717e-03 0.000000e+00)
425.95        	5.737950e-07	(0.000000e+00 1.469717e-03 0.000000e+00)
426           	5.737950e-07	(0.000000e+00 1.469717e-03 0.000000e+00)
426.05        	5.737950e-07	(0.000000e+00 1.469717e-03 0.000000e+00)
426.1         	5.737950e-07	(0.000000e+00 1.469717e-03 0.000000e+00)
426.15        	5.737950e-07	(0.000000e+00 1.469717e-03 0.000000e+00)
426.2         	5.737950e-07	(0.000000e+00 1.469717e-03 0.000000e+00)
426.25        	5.737951e-07	(0.000000e+00 1.469717e-03 0.000000e+00)
426.3         	5.737951e-07	(0.000000e+00 1.469717e-03 0.000000e+00)
426.35        	5.737951e-07	(0.000000e+00 1.469717e-03 0.000000e+00)
426.4         	5.737951e-07	(0.000000e+00 1.469717e-03 0.000000e+00)
426.45        	5.737950e-07	(0.000000e+00 1.469717e-03 0.000000e+00)
426.5         	5.737951e-07	(0.000000e+00 1.469717e-03 0.000000e+00)
426.55        	5.737951e-07	(0.000000e+00 1.469717e-03 0.000000e+00)
426.6         	5.737951e-07	(0.000000e+00 1.469717e-03 0.000000e+00)
426.65        	5.737951e-07	(0.000000e+00 1.469717e-03 0.000000e+00)
426.7         	5.737951e-07	(0.000000e+00 1.469717e-03 0.000000e+00)
426.75        	5.737951e-07	(0.000000e+00 1.469717e-03 0.000000e+00)
426.8         	5.737951e-07	(0.000000e+00 1.469717e-03 0.000000e+00)
426.85        	5.737951e-07	(0.000000e+00 1.469717e-03 0.000000e+00)
426.9         	5.737951e-07	(0.000000e+00 1.469717e-03 0.000000e+00)
426.95        	5.737951e-07	(0.000000e+00 1.469717e-03 0.000000e+00)
427           	5.737951e-07	(0.000000e+00 1.469717e-03 0.000000e+00)
427.05        	5.737951e-07	(0.000000e+00 1.469717e-03 0.000000e+00)
427.1         	5.737951e-07	(0.000000e+00 1.469717e-03 0.000000e+00)
427.15        	5.737951e-07	(0.000000e+00 1.469717e-03 0.000000e+00)
427.2         	5.737951e-07	(0.000000e+00 1.469717e-03 0.000000e+00)
427.25        	5.737951e-07	(0.000000e+00 1.469717e-03 0.000000e+00)
427.3         	5.737951e-07	(0.000000e+00 1.469717e-03 0.000000e+00)
427.35        	5.737951e-07	(0.000000e+00 1.469717e-03 0.000000e+00)
427.4         	5.737952e-07	(0.000000e+00 1.469717e-03 0.000000e+00)
427.45        	5.737951e-07	(0.000000e+00 1.469717e-03 0.000000e+00)
427.5         	5.737951e-07	(0.000000e+00 1.469717e-03 0.000000e+00)
427.55        	5.737952e-07	(0.000000e+00 1.469717e-03 0.000000e+00)
427.6         	5.737952e-07	(0.000000e+00 1.469717e-03 0.000000e+00)
427.65        	5.737952e-07	(0.000000e+00 1.469717e-03 0.000000e+00)
427.7         	5.737952e-07	(0.000000e+00 1.469717e-03 0.000000e+00)
427.75        	5.737952e-07	(0.000000e+00 1.469717e-03 0.000000e+00)
427.8         	5.737952e-07	(0.000000e+00 1.469717e-03 0.000000e+00)
427.85        	5.737952e-07	(0.000000e+00 1.469717e-03 0.000000e+00)
427.9         	5.737952e-07	(0.000000e+00 1.469717e-03 0.000000e+00)
427.95        	5.737952e-07	(0.000000e+00 1.469717e-03 0.000000e+00)
428           	5.737952e-07	(0.000000e+00 1.469717e-03 0.000000e+00)
428.05        	5.737952e-07	(0.000000e+00 1.469717e-03 0.000000e+00)
428.1         	5.737952e-07	(0.000000e+00 1.469717e-03 0.000000e+00)
428.15        	5.737952e-07	(0.000000e+00 1.469717e-03 0.000000e+00)
428.2         	5.737952e-07	(0.000000e+00 1.469717e-03 0.000000e+00)
428.25        	5.737952e-07	(0.000000e+00 1.469717e-03 0.000000e+00)
428.3         	5.737952e-07	(0.000000e+00 1.469717e-03 0.000000e+00)
428.35        	5.737952e-07	(0.000000e+00 1.469717e-03 0.000000e+00)
428.4         	5.737952e-07	(0.000000e+00 1.469717e-03 0.000000e+00)
428.45        	5.737952e-07	(0.000000e+00 1.469717e-03 0.000000e+00)
428.5         	5.737952e-07	(0.000000e+00 1.469717e-03 0.000000e+00)
428.55        	5.737952e-07	(0.000000e+00 1.469717e-03 0.000000e+00)
428.6         	5.737952e-07	(0.000000e+00 1.469717e-03 0.000000e+00)
428.65        	5.737952e-07	(0.000000e+00 1.469717e-03 0.000000e+00)
428.7         	5.737952e-07	(0.000000e+00 1.469717e-03 0.000000e+00)
428.75        	5.737952e-07	(0.000000e+00 1.469717e-03 0.000000e+00)
428.8         	5.737952e-07	(0.000000e+00 1.469717e-03 0.000000e+00)
428.85        	5.737952e-07	(0.000000e+00 1.469717e-03 0.000000e+00)
428.9         	5.737952e-07	(0.000000e+00 1.469717e-03 0.000000e+00)
428.95        	5.737953e-07	(0.000000e+00 1.469717e-03 0.000000e+00)
429           	5.737953e-07	(0.000000e+00 1.469717e-03 0.000000e+00)
429.05        	5.737953e-07	(0.000000e+00 1.469717e-03 0.000000e+00)
429.1         	5.737953e-07	(0.000000e+00 1.469717e-03 0.000000e+00)
429.15        	5.737953e-07	(0.000000e+00 1.469717e-03 0.000000e+00)
429.2         	5.737953e-07	(0.000000e+00 1.469717e-03 0.000000e+00)
429.25        	5.737953e-07	(0.000000e+00 1.469717e-03 0.000000e+00)
429.3         	5.737953e-07	(0.000000e+00 1.469717e-03 0.000000e+00)
429.35        	5.737953e-07	(0.000000e+00 1.469717e-03 0.000000e+00)
429.4         	5.737953e-07	(0.000000e+00 1.469717e-03 0.000000e+00)
429.45        	5.737953e-07	(0.000000e+00 1.469717e-03 0.000000e+00)
429.5         	5.737953e-07	(0.000000e+00 1.469717e-03 0.000000e+00)
429.55        	5.737953e-07	(0.000000e+00 1.469717e-03 0.000000e+00)
429.6         	5.737953e-07	(0.000000e+00 1.469717e-03 0.000000e+00)
429.65        	5.737953e-07	(0.000000e+00 1.469717e-03 0.000000e+00)
429.7         	5.737953e-07	(0.000000e+00 1.469717e-03 0.000000e+00)
429.75        	5.737953e-07	(0.000000e+00 1.469717e-03 0.000000e+00)
429.8         	5.737953e-07	(0.000000e+00 1.469717e-03 0.000000e+00)
429.85        	5.737953e-07	(0.000000e+00 1.469717e-03 0.000000e+00)
429.9         	5.737953e-07	(0.000000e+00 1.469717e-03 0.000000e+00)
429.95        	5.737953e-07	(0.000000e+00 1.469717e-03 0.000000e+00)
430           	5.737953e-07	(0.000000e+00 1.469717e-03 0.000000e+00)
430.05        	5.737953e-07	(0.000000e+00 1.469717e-03 0.000000e+00)
430.1         	5.737953e-07	(0.000000e+00 1.469717e-03 0.000000e+00)
430.15        	5.737953e-07	(0.000000e+00 1.469717e-03 0.000000e+00)
430.2         	5.737953e-07	(0.000000e+00 1.469717e-03 0.000000e+00)
430.25        	5.737953e-07	(0.000000e+00 1.469717e-03 0.000000e+00)
430.3         	5.737953e-07	(0.000000e+00 1.469717e-03 0.000000e+00)
430.35        	5.737953e-07	(0.000000e+00 1.469717e-03 0.000000e+00)
430.4         	5.737953e-07	(0.000000e+00 1.469717e-03 0.000000e+00)
430.45        	5.737953e-07	(0.000000e+00 1.469717e-03 0.000000e+00)
430.5         	5.737954e-07	(0.000000e+00 1.469717e-03 0.000000e+00)
430.55        	5.737954e-07	(0.000000e+00 1.469717e-03 0.000000e+00)
430.6         	5.737954e-07	(0.000000e+00 1.469717e-03 0.000000e+00)
430.65        	5.737954e-07	(0.000000e+00 1.469717e-03 0.000000e+00)
430.7         	5.737954e-07	(0.000000e+00 1.469717e-03 0.000000e+00)
430.75        	5.737954e-07	(0.000000e+00 1.469717e-03 0.000000e+00)
430.8         	5.737954e-07	(0.000000e+00 1.469717e-03 0.000000e+00)
430.85        	5.737954e-07	(0.000000e+00 1.469717e-03 0.000000e+00)
430.9         	5.737954e-07	(0.000000e+00 1.469717e-03 0.000000e+00)
430.95        	5.737954e-07	(0.000000e+00 1.469717e-03 0.000000e+00)
431           	5.737954e-07	(0.000000e+00 1.469717e-03 0.000000e+00)
431.05        	5.737954e-07	(0.000000e+00 1.469717e-03 0.000000e+00)
431.1         	5.737954e-07	(0.000000e+00 1.469717e-03 0.000000e+00)
431.15        	5.737954e-07	(0.000000e+00 1.469717e-03 0.000000e+00)
431.2         	5.737954e-07	(0.000000e+00 1.469717e-03 0.000000e+00)
431.25        	5.737954e-07	(0.000000e+00 1.469717e-03 0.000000e+00)
431.3         	5.737954e-07	(0.000000e+00 1.469717e-03 0.000000e+00)
431.35        	5.737954e-07	(0.000000e+00 1.469717e-03 0.000000e+00)
431.4         	5.737954e-07	(0.000000e+00 1.469717e-03 0.000000e+00)
431.45        	5.737954e-07	(0.000000e+00 1.469717e-03 0.000000e+00)
431.5         	5.737954e-07	(0.000000e+00 1.469717e-03 0.000000e+00)
431.55        	5.737954e-07	(0.000000e+00 1.469717e-03 0.000000e+00)
431.6         	5.737954e-07	(0.000000e+00 1.469717e-03 0.000000e+00)
431.65        	5.737954e-07	(0.000000e+00 1.469717e-03 0.000000e+00)
431.7         	5.737954e-07	(0.000000e+00 1.469717e-03 0.000000e+00)
431.75        	5.737954e-07	(0.000000e+00 1.469717e-03 0.000000e+00)
431.8         	5.737954e-07	(0.000000e+00 1.469717e-03 0.000000e+00)
431.85        	5.737954e-07	(0.000000e+00 1.469717e-03 0.000000e+00)
431.9         	5.737954e-07	(0.000000e+00 1.469717e-03 0.000000e+00)
431.95        	5.737955e-07	(0.000000e+00 1.469717e-03 0.000000e+00)
432           	5.737955e-07	(0.000000e+00 1.469717e-03 0.000000e+00)
432.05        	5.737955e-07	(0.000000e+00 1.469717e-03 0.000000e+00)
432.1         	5.737955e-07	(0.000000e+00 1.469717e-03 0.000000e+00)
432.15        	5.737955e-07	(0.000000e+00 1.469717e-03 0.000000e+00)
432.2         	5.737955e-07	(0.000000e+00 1.469717e-03 0.000000e+00)
432.25        	5.737954e-07	(0.000000e+00 1.469717e-03 0.000000e+00)
432.3         	5.737955e-07	(0.000000e+00 1.469717e-03 0.000000e+00)
432.35        	5.737955e-07	(0.000000e+00 1.469717e-03 0.000000e+00)
432.4         	5.737955e-07	(0.000000e+00 1.469717e-03 0.000000e+00)
432.45        	5.737955e-07	(0.000000e+00 1.469717e-03 0.000000e+00)
432.5         	5.737955e-07	(0.000000e+00 1.469717e-03 0.000000e+00)
432.55        	5.737955e-07	(0.000000e+00 1.469717e-03 0.000000e+00)
432.6         	5.737955e-07	(0.000000e+00 1.469717e-03 0.000000e+00)
432.65        	5.737955e-07	(0.000000e+00 1.469717e-03 0.000000e+00)
432.7         	5.737955e-07	(0.000000e+00 1.469717e-03 0.000000e+00)
432.75        	5.737955e-07	(0.000000e+00 1.469717e-03 0.000000e+00)
432.8         	5.737955e-07	(0.000000e+00 1.469717e-03 0.000000e+00)
432.85        	5.737955e-07	(0.000000e+00 1.469717e-03 0.000000e+00)
432.9         	5.737955e-07	(0.000000e+00 1.469717e-03 0.000000e+00)
432.95        	5.737955e-07	(0.000000e+00 1.469717e-03 0.000000e+00)
433           	5.737955e-07	(0.000000e+00 1.469717e-03 0.000000e+00)
433.05        	5.737955e-07	(0.000000e+00 1.469717e-03 0.000000e+00)
433.1         	5.737955e-07	(0.000000e+00 1.469717e-03 0.000000e+00)
433.15        	5.737955e-07	(0.000000e+00 1.469717e-03 0.000000e+00)
433.2         	5.737955e-07	(0.000000e+00 1.469717e-03 0.000000e+00)
433.25        	5.737955e-07	(0.000000e+00 1.469717e-03 0.000000e+00)
433.3         	5.737955e-07	(0.000000e+00 1.469717e-03 0.000000e+00)
433.35        	5.737955e-07	(0.000000e+00 1.469717e-03 0.000000e+00)
433.4         	5.737955e-07	(0.000000e+00 1.469717e-03 0.000000e+00)
433.45        	5.737955e-07	(0.000000e+00 1.469717e-03 0.000000e+00)
433.5         	5.737955e-07	(0.000000e+00 1.469717e-03 0.000000e+00)
433.55        	5.737955e-07	(0.000000e+00 1.469717e-03 0.000000e+00)
433.6         	5.737955e-07	(0.000000e+00 1.469717e-03 0.000000e+00)
433.65        	5.737956e-07	(0.000000e+00 1.469717e-03 0.000000e+00)
433.7         	5.737956e-07	(0.000000e+00 1.469717e-03 0.000000e+00)
433.75        	5.737956e-07	(0.000000e+00 1.469717e-03 0.000000e+00)
433.8         	5.737956e-07	(0.000000e+00 1.469717e-03 0.000000e+00)
433.85        	5.737955e-07	(0.000000e+00 1.469717e-03 0.000000e+00)
433.9         	5.737956e-07	(0.000000e+00 1.469717e-03 0.000000e+00)
433.95        	5.737956e-07	(0.000000e+00 1.469717e-03 0.000000e+00)
434           	5.737956e-07	(0.000000e+00 1.469717e-03 0.000000e+00)
434.05        	5.737956e-07	(0.000000e+00 1.469717e-03 0.000000e+00)
434.1         	5.737956e-07	(0.000000e+00 1.469717e-03 0.000000e+00)
