# Selection   : patch(inlet)
# Faces       : 1433
# Area        : 1.494412e-02
# Time        	areaAverage(p)	areaAverage(U)
0             	0.000000e+00	(0.000000e+00 5.462653e-03 0.000000e+00)
1             	-5.498433e-03	(0.000000e+00 5.462653e-03 0.000000e+00)
2             	-3.079684e-04	(0.000000e+00 5.462653e-03 0.000000e+00)
3             	-2.379670e-04	(0.000000e+00 5.462653e-03 0.000000e+00)
4             	-1.590482e-04	(0.000000e+00 5.462653e-03 0.000000e+00)
5             	-8.075149e-05	(0.000000e+00 5.462653e-03 0.000000e+00)
6             	-1.640706e-05	(0.000000e+00 5.462653e-03 0.000000e+00)
7             	1.836879e-05	(0.000000e+00 5.462653e-03 0.000000e+00)
8             	3.860305e-05	(0.000000e+00 5.462653e-03 0.000000e+00)
9             	4.409760e-05	(0.000000e+00 5.462653e-03 0.000000e+00)
10            	3.820637e-05	(0.000000e+00 5.462653e-03 0.000000e+00)
11            	1.810343e-05	(0.000000e+00 5.462653e-03 0.000000e+00)
12            	-3.656151e-06	(0.000000e+00 5.462653e-03 0.000000e+00)
13            	-1.306766e-05	(0.000000e+00 5.462653e-03 0.000000e+00)
14            	-1.383184e-05	(0.000000e+00 5.462653e-03 0.000000e+00)
15            	-1.088969e-05	(0.000000e+00 5.462653e-03 0.000000e+00)
16            	-5.180157e-06	(0.000000e+00 5.462653e-03 0.000000e+00)
17            	9.855460e-07	(0.000000e+00 5.462653e-03 0.000000e+00)
18            	5.810178e-06	(0.000000e+00 5.462653e-03 0.000000e+00)
19            	7.866758e-06	(0.000000e+00 5.462653e-03 0.000000e+00)
20            	9.209349e-06	(0.000000e+00 5.462653e-03 0.000000e+00)
21            	9.914096e-06	(0.000000e+00 5.462653e-03 0.000000e+00)
22            	1.013713e-05	(0.000000e+00 5.462653e-03 0.000000e+00)
23            	9.922606e-06	(0.000000e+00 5.462653e-03 0.000000e+00)
24            	9.483412e-06	(0.000000e+00 5.462653e-03 0.000000e+00)
25            	8.975039e-06	(0.000000e+00 5.462653e-03 0.000000e+00)
26            	8.593053e-06	(0.000000e+00 5.462653e-03 0.000000e+00)
27            	8.446450e-06	(0.000000e+00 5.462653e-03 0.000000e+00)
28            	8.544086e-06	(0.000000e+00 5.462653e-03 0.000000e+00)
29            	8.743850e-06	(0.000000e+00 5.462653e-03 0.000000e+00)
30            	8.927270e-06	(0.000000e+00 5.462653e-03 0.000000e+00)
31            	8.979350e-06	(0.000000e+00 5.462653e-03 0.000000e+00)
32            	8.863604e-06	(0.000000e+00 5.462653e-03 0.000000e+00)
33            	8.595384e-06	(0.000000e+00 5.462653e-03 0.000000e+00)
34            	8.295213e-06	(0.000000e+00 5.462653e-03 0.000000e+00)
35            	8.096482e-06	(0.000000e+00 5.462653e-03 0.000000e+00)
36            	8.025868e-06	(0.000000e+00 5.462653e-03 0.000000e+00)
37            	8.010520e-06	(0.000000e+00 5.462653e-03 0.000000e+00)
38            	8.053306e-06	(0.000000e+00 5.462653e-03 0.000000e+00)
39            	8.132279e-06	(0.000000e+00 5.462653e-03 0.000000e+00)
40            	8.173735e-06	(0.000000e+00 5.462653e-03 0.000000e+00)
41            	8.049302e-06	(0.000000e+00 5.462653e-03 0.000000e+00)
42            	7.643985e-06	(0.000000e+00 5.462653e-03 0.000000e+00)
43            	6.970171e-06	(0.000000e+00 5.462653e-03 0.000000e+00)
44            	6.023696e-06	(0.000000e+00 5.462653e-03 0.000000e+00)
45            	4.930527e-06	(0.000000e+00 5.462653e-03 0.000000e+00)
46            	3.827155e-06	(0.000000e+00 5.462653e-03 0.000000e+00)
47            	2.822474e-06	(0.000000e+00 5.462653e-03 0.000000e+00)
48            	2.014598e-06	(0.000000e+00 5.462653e-03 0.000000e+00)
49            	1.525639e-06	(0.000000e+00 5.462653e-03 0.000000e+00)
50            	1.403484e-06	(0.000000e+00 5.462653e-03 0.000000e+00)
51            	1.589841e-06	(0.000000e+00 5.462653e-03 0.000000e+00)
52            	2.093133e-06	(0.000000e+00 5.462653e-03 0.000000e+00)
53            	2.682204e-06	(0.000000e+00 5.462653e-03 0.000000e+00)
54            	3.028629e-06	(0.000000e+00 5.462653e-03 0.000000e+00)
55            	3.112669e-06	(0.000000e+00 5.462653e-03 0.000000e+00)
56            	2.902374e-06	(0.000000e+00 5.462653e-03 0.000000e+00)
57            	2.518993e-06	(0.000000e+00 5.462653e-03 0.000000e+00)
58            	2.069962e-06	(0.000000e+00 5.462653e-03 0.000000e+00)
59            	1.651279e-06	(0.000000e+00 5.462653e-03 0.000000e+00)
60            	1.339177e-06	(0.000000e+00 5.462653e-03 0.000000e+00)
61            	1.117670e-06	(0.000000e+00 5.462653e-03 0.000000e+00)
62            	1.076569e-06	(0.000000e+00 5.462653e-03 0.000000e+00)
63            	1.261033e-06	(0.000000e+00 5.462653e-03 0.000000e+00)
64            	1.687835e-06	(0.000000e+00 5.462653e-03 0.000000e+00)
65            	2.257950e-06	(0.000000e+00 5.462653e-03 0.000000e+00)
66            	2.849599e-06	(0.000000e+00 5.462653e-03 0.000000e+00)
67            	3.359555e-06	(0.000000e+00 5.462653e-03 0.000000e+00)
68            	3.718473e-06	(0.000000e+00 5.462653e-03 0.000000e+00)
69            	3.917021e-06	(0.000000e+00 5.462653e-03 0.000000e+00)
70            	3.933582e-06	(0.000000e+00 5.462653e-03 0.000000e+00)
71            	3.776842e-06	(0.000000e+00 5.462653e-03 0.000000e+00)
72            	3.485215e-06	(0.000000e+00 5.462653e-03 0.000000e+00)
73            	3.141016e-06	(0.000000e+00 5.462653e-03 0.000000e+00)
74            	2.824884e-06	(0.000000e+00 5.462653e-03 0.000000e+00)
75            	2.599473e-06	(0.000000e+00 5.462653e-03 0.000000e+00)
76            	2.510451e-06	(0.000000e+00 5.462653e-03 0.000000e+00)
77            	2.563873e-06	(0.000000e+00 5.462653e-03 0.000000e+00)
78            	2.748085e-06	(0.000000e+00 5.462653e-03 0.000000e+00)
79            	3.046125e-06	(0.000000e+00 5.462653e-03 0.000000e+00)
80            	3.428955e-06	(0.000000e+00 5.462653e-03 0.000000e+00)
81            	3.808085e-06	(0.000000e+00 5.462653e-03 0.000000e+00)
82            	4.052310e-06	(0.000000e+00 5.462653e-03 0.000000e+00)
83            	4.098265e-06	(0.000000e+00 5.462653e-03 0.000000e+00)
84            	3.920099e-06	(0.000000e+00 5.462653e-03 0.000000e+00)
85            	3.562857e-06	(0.000000e+00 5.462653e-03 0.000000e+00)
86            	3.115236e-06	(0.000000e+00 5.462653e-03 0.000000e+00)
87            	2.692336e-06	(0.000000e+00 5.462653e-03 0.000000e+00)
88            	2.356897e-06	(0.000000e+00 5.462653e-03 0.000000e+00)
89            	2.105188e-06	(0.000000e+00 5.462653e-03 0.000000e+00)
90            	1.929522e-06	(0.000000e+00 5.462653e-03 0.000000e+00)
91            	1.787626e-06	(0.000000e+00 5.462653e-03 0.000000e+00)
92            	1.652618e-06	(0.000000e+00 5.462653e-03 0.000000e+00)
93            	1.504320e-06	(0.000000e+00 5.462653e-03 0.000000e+00)
94            	1.357699e-06	(0.000000e+00 5.462653e-03 0.000000e+00)
95            	1.187559e-06	(0.000000e+00 5.462653e-03 0.000000e+00)
96            	1.011850e-06	(0.000000e+00 5.462653e-03 0.000000e+00)
97            	8.630950e-07	(0.000000e+00 5.462653e-03 0.000000e+00)
98            	8.295597e-07	(0.000000e+00 5.462653e-03 0.000000e+00)
99            	1.018556e-06	(0.000000e+00 5.462653e-03 0.000000e+00)
100           	1.356193e-06	(0.000000e+00 5.462653e-03 0.000000e+00)
101           	1.675916e-06	(0.000000e+00 5.462653e-03 0.000000e+00)
102           	1.919438e-06	(0.000000e+00 5.462653e-03 0.000000e+00)
103           	2.099097e-06	(0.000000e+00 5.462653e-03 0.000000e+00)
104           	2.314482e-06	(0.000000e+00 5.462653e-03 0.000000e+00)
105           	2.629084e-06	(0.000000e+00 5.462653e-03 0.000000e+00)
106           	2.993291e-06	(0.000000e+00 5.462653e-03 0.000000e+00)
107           	3.324859e-06	(0.000000e+00 5.462653e-03 0.000000e+00)
108           	3.578493e-06	(0.000000e+00 5.462653e-03 0.000000e+00)
109           	3.731186e-06	(0.000000e+00 5.462653e-03 0.000000e+00)
110           	3.797971e-06	(0.000000e+00 5.462653e-03 0.000000e+00)
111           	3.805140e-06	(0.000000e+00 5.462653e-03 0.000000e+00)
112           	3.844234e-06	(0.000000e+00 5.462653e-03 0.000000e+00)
113           	3.953505e-06	(0.000000e+00 5.462653e-03 0.000000e+00)
114           	4.156177e-06	(0.000000e+00 5.462653e-03 0.000000e+00)
115           	4.447082e-06	(0.000000e+00 5.462653e-03 0.000000e+00)
116           	4.804220e-06	(0.000000e+00 5.462653e-03 0.000000e+00)
117           	5.162326e-06	(0.000000e+00 5.462653e-03 0.000000e+00)
118           	5.461211e-06	(0.000000e+00 5.462653e-03 0.000000e+00)
119           	5.721797e-06	(0.000000e+00 5.462653e-03 0.000000e+00)
120           	5.935023e-06	(0.000000e+00 5.462653e-03 0.000000e+00)
121           	6.077228e-06	(0.000000e+00 5.462653e-03 0.000000e+00)
122           	6.155155e-06	(0.000000e+00 5.462653e-03 0.000000e+00)
123           	6.197353e-06	(0.000000e+00 5.462653e-03 0.000000e+00)
124           	6.225158e-06	(0.000000e+00 5.462653e-03 0.000000e+00)
125           	6.210854e-06	(0.000000e+00 5.462653e-03 0.000000e+00)
126           	6.141311e-06	(0.000000e+00 5.462653e-03 0.000000e+00)
127           	6.024339e-06	(0.000000e+00 5.462653e-03 0.000000e+00)
128           	5.924149e-06	(0.000000e+00 5.462653e-03 0.000000e+00)
129           	5.879895e-06	(0.000000e+00 5.462653e-03 0.000000e+00)
130           	5.912392e-06	(0.000000e+00 5.462653e-03 0.000000e+00)
131           	6.044692e-06	(0.000000e+00 5.462653e-03 0.000000e+00)
132           	6.269786e-06	(0.000000e+00 5.462653e-03 0.000000e+00)
133           	6.574803e-06	(0.000000e+00 5.462653e-03 0.000000e+00)
134           	6.914167e-06	(0.000000e+00 5.462653e-03 0.000000e+00)
135           	7.217715e-06	(0.000000e+00 5.462653e-03 0.000000e+00)
136           	7.418875e-06	(0.000000e+00 5.462653e-03 0.000000e+00)
137           	7.473974e-06	(0.000000e+00 5.462653e-03 0.000000e+00)
138           	7.407295e-06	(0.000000e+00 5.462653e-03 0.000000e+00)
139           	7.278895e-06	(0.000000e+00 5.462653e-03 0.000000e+00)
140           	7.117754e-06	(0.000000e+00 5.462653e-03 0.000000e+00)
141           	6.960161e-06	(0.000000e+00 5.462653e-03 0.000000e+00)
142           	6.836063e-06	(0.000000e+00 5.462653e-03 0.000000e+00)
143           	6.766986e-06	(0.000000e+00 5.462653e-03 0.000000e+00)
144           	6.771038e-06	(0.000000e+00 5.462653e-03 0.000000e+00)
145           	6.858903e-06	(0.000000e+00 5.462653e-03 0.000000e+00)
146           	7.026814e-06	(0.000000e+00 5.462653e-03 0.000000e+00)
147           	7.249949e-06	(0.000000e+00 5.462653e-03 0.000000e+00)
148           	7.504987e-06	(0.000000e+00 5.462653e-03 0.000000e+00)
149           	7.765445e-06	(0.000000e+00 5.462653e-03 0.000000e+00)
150           	8.015680e-06	(0.000000e+00 5.462653e-03 0.000000e+00)
151           	8.224478e-06	(0.000000e+00 5.462653e-03 0.000000e+00)
152           	8.359904e-06	(0.000000e+00 5.462653e-03 0.000000e+00)
153           	8.423993e-06	(0.000000e+00 5.462653e-03 0.000000e+00)
154           	8.413914e-06	(0.000000e+00 5.462653e-03 0.000000e+00)
155           	8.316614e-06	(0.000000e+00 5.462653e-03 0.000000e+00)
156           	8.134948e-06	(0.000000e+00 5.462653e-03 0.000000e+00)
157           	7.893038e-06	(0.000000e+00 5.462653e-03 0.000000e+00)
158           	7.639699e-06	(0.000000e+00 5.462653e-03 0.000000e+00)
159           	7.426919e-06	(0.000000e+00 5.462653e-03 0.000000e+00)
160           	7.275323e-06	(0.000000e+00 5.462653e-03 0.000000e+00)
161           	7.198216e-06	(0.000000e+00 5.462653e-03 0.000000e+00)
162           	7.185196e-06	(0.000000e+00 5.462653e-03 0.000000e+00)
163           	7.200491e-06	(0.000000e+00 5.462653e-03 0.000000e+00)
164           	7.215089e-06	(0.000000e+00 5.462653e-03 0.000000e+00)
165           	7.196069e-06	(0.000000e+00 5.462653e-03 0.000000e+00)
166           	7.116578e-06	(0.000000e+00 5.462653e-03 0.000000e+00)
167           	6.971196e-06	(0.000000e+00 5.462653e-03 0.000000e+00)
168           	6.767791e-06	(0.000000e+00 5.462653e-03 0.000000e+00)
169           	6.517734e-06	(0.000000e+00 5.462653e-03 0.000000e+00)
170           	6.239924e-06	(0.000000e+00 5.462653e-03 0.000000e+00)
171           	5.973587e-06	(0.000000e+00 5.462653e-03 0.000000e+00)
172           	5.754619e-06	(0.000000e+00 5.462653e-03 0.000000e+00)
173           	5.597683e-06	(0.000000e+00 5.462653e-03 0.000000e+00)
174           	5.513620e-06	(0.000000e+00 5.462653e-03 0.000000e+00)
175           	5.492223e-06	(0.000000e+00 5.462653e-03 0.000000e+00)
176           	5.507639e-06	(0.000000e+00 5.462653e-03 0.000000e+00)
177           	5.536941e-06	(0.000000e+00 5.462653e-03 0.000000e+00)
178           	5.558175e-06	(0.000000e+00 5.462653e-03 0.000000e+00)
179           	5.564819e-06	(0.000000e+00 5.462653e-03 0.000000e+00)
180           	5.552788e-06	(0.000000e+00 5.462653e-03 0.000000e+00)
181           	5.519991e-06	(0.000000e+00 5.462653e-03 0.000000e+00)
182           	5.455440e-06	(0.000000e+00 5.462653e-03 0.000000e+00)
183           	5.362645e-06	(0.000000e+00 5.462653e-03 0.000000e+00)
184           	5.247866e-06	(0.000000e+00 5.462653e-03 0.000000e+00)
185           	5.122542e-06	(0.000000e+00 5.462653e-03 0.000000e+00)
186           	4.999621e-06	(0.000000e+00 5.462653e-03 0.000000e+00)
187           	4.890490e-06	(0.000000e+00 5.462653e-03 0.000000e+00)
188           	4.802729e-06	(0.000000e+00 5.462653e-03 0.000000e+00)
189           	4.728152e-06	(0.000000e+00 5.462653e-03 0.000000e+00)
190           	4.662141e-06	(0.000000e+00 5.462653e-03 0.000000e+00)
191           	4.592590e-06	(0.000000e+00 5.462653e-03 0.000000e+00)
192           	4.504664e-06	(0.000000e+00 5.462653e-03 0.000000e+00)
193           	4.384054e-06	(0.000000e+00 5.462653e-03 0.000000e+00)
194           	4.223815e-06	(0.000000e+00 5.462653e-03 0.000000e+00)
195           	4.035033e-06	(0.000000e+00 5.462653e-03 0.000000e+00)
196           	3.847849e-06	(0.000000e+00 5.462653e-03 0.000000e+00)
197           	3.689215e-06	(0.000000e+00 5.462653e-03 0.000000e+00)
198           	3.574739e-06	(0.000000e+00 5.462653e-03 0.000000e+00)
199           	3.504497e-06	(0.000000e+00 5.462653e-03 0.000000e+00)
200           	3.469531e-06	(0.000000e+00 5.462653e-03 0.000000e+00)
201           	3.460735e-06	(0.000000e+00 5.462653e-03 0.000000e+00)
202           	3.467042e-06	(0.000000e+00 5.462653e-03 0.000000e+00)
203           	3.467912e-06	(0.000000e+00 5.462653e-03 0.000000e+00)
204           	3.444493e-06	(0.000000e+00 5.462653e-03 0.000000e+00)
205           	3.386859e-06	(0.000000e+00 5.462653e-03 0.000000e+00)
206           	3.305550e-06	(0.000000e+00 5.462653e-03 0.000000e+00)
207           	3.212207e-06	(0.000000e+00 5.462653e-03 0.000000e+00)
208           	3.114721e-06	(0.000000e+00 5.462653e-03 0.000000e+00)
209           	3.017311e-06	(0.000000e+00 5.462653e-03 0.000000e+00)
210           	2.924971e-06	(0.000000e+00 5.462653e-03 0.000000e+00)
211           	2.846735e-06	(0.000000e+00 5.462653e-03 0.000000e+00)
212           	2.781412e-06	(0.000000e+00 5.462653e-03 0.000000e+00)
213           	2.723681e-06	(0.000000e+00 5.462653e-03 0.000000e+00)
214           	2.664579e-06	(0.000000e+00 5.462653e-03 0.000000e+00)
215           	2.600796e-06	(0.000000e+00 5.462653e-03 0.000000e+00)
216           	2.539296e-06	(0.000000e+00 5.462653e-03 0.000000e+00)
217           	2.482943e-06	(0.000000e+00 5.462653e-03 0.000000e+00)
218           	2.434885e-06	(0.000000e+00 5.462653e-03 0.000000e+00)
219           	2.398733e-06	(0.000000e+00 5.462653e-03 0.000000e+00)
220           	2.370384e-06	(0.000000e+00 5.462653e-03 0.000000e+00)
221           	2.354108e-06	(0.000000e+00 5.462653e-03 0.000000e+00)
222           	2.348751e-06	(0.000000e+00 5.462653e-03 0.000000e+00)
223           	2.348648e-06	(0.000000e+00 5.462653e-03 0.000000e+00)
224           	2.355028e-06	(0.000000e+00 5.462653e-03 0.000000e+00)
225           	2.377022e-06	(0.000000e+00 5.462653e-03 0.000000e+00)
226           	2.414868e-06	(0.000000e+00 5.462653e-03 0.000000e+00)
227           	2.462312e-06	(0.000000e+00 5.462653e-03 0.000000e+00)
228           	2.509507e-06	(0.000000e+00 5.462653e-03 0.000000e+00)
229           	2.549537e-06	(0.000000e+00 5.462653e-03 0.000000e+00)
230           	2.572293e-06	(0.000000e+00 5.462653e-03 0.000000e+00)
231           	2.571945e-06	(0.000000e+00 5.462653e-03 0.000000e+00)
232           	2.549449e-06	(0.000000e+00 5.462653e-03 0.000000e+00)
233           	2.516888e-06	(0.000000e+00 5.462653e-03 0.000000e+00)
234           	2.493965e-06	(0.000000e+00 5.462653e-03 0.000000e+00)
235           	2.500978e-06	(0.000000e+00 5.462653e-03 0.000000e+00)
236           	2.548871e-06	(0.000000e+00 5.462653e-03 0.000000e+00)
237           	2.633990e-06	(0.000000e+00 5.462653e-03 0.000000e+00)
238           	2.741361e-06	(0.000000e+00 5.462653e-03 0.000000e+00)
239           	2.854473e-06	(0.000000e+00 5.462653e-03 0.000000e+00)
240           	2.957607e-06	(0.000000e+00 5.462653e-03 0.000000e+00)
241           	3.038911e-06	(0.000000e+00 5.462653e-03 0.000000e+00)
242           	3.089441e-06	(0.000000e+00 5.462653e-03 0.000000e+00)
243           	3.109914e-06	(0.000000e+00 5.462653e-03 0.000000e+00)
244           	3.111332e-06	(0.000000e+00 5.462653e-03 0.000000e+00)
245           	3.103949e-06	(0.000000e+00 5.462653e-03 0.000000e+00)
246           	3.098837e-06	(0.000000e+00 5.462653e-03 0.000000e+00)
247           	3.106355e-06	(0.000000e+00 5.462653e-03 0.000000e+00)
248           	3.131637e-06	(0.000000e+00 5.462653e-03 0.000000e+00)
249           	3.170407e-06	(0.000000e+00 5.462653e-03 0.000000e+00)
250           	3.223917e-06	(0.000000e+00 5.462653e-03 0.000000e+00)
251           	3.288911e-06	(0.000000e+00 5.462653e-03 0.000000e+00)
252           	3.359704e-06	(0.000000e+00 5.462653e-03 0.000000e+00)
253           	3.431645e-06	(0.000000e+00 5.462653e-03 0.000000e+00)
254           	3.497000e-06	(0.000000e+00 5.462653e-03 0.000000e+00)
255           	3.556318e-06	(0.000000e+00 5.462653e-03 0.000000e+00)
256           	3.603588e-06	(0.000000e+00 5.462653e-03 0.000000e+00)
257           	3.632059e-06	(0.000000e+00 5.462653e-03 0.000000e+00)
258           	3.637486e-06	(0.000000e+00 5.462653e-03 0.000000e+00)
259           	3.616697e-06	(0.000000e+00 5.462653e-03 0.000000e+00)
260           	3.567937e-06	(0.000000e+00 5.462653e-03 0.000000e+00)
261           	3.503493e-06	(0.000000e+00 5.462653e-03 0.000000e+00)
262           	3.434416e-06	(0.000000e+00 5.462653e-03 0.000000e+00)
263           	3.369289e-06	(0.000000e+00 5.462653e-03 0.000000e+00)
264           	3.319012e-06	(0.000000e+00 5.462653e-03 0.000000e+00)
265           	3.291116e-06	(0.000000e+00 5.462653e-03 0.000000e+00)
266           	3.290009e-06	(0.000000e+00 5.462653e-03 0.000000e+00)
267           	3.317234e-06	(0.000000e+00 5.462653e-03 0.000000e+00)
268           	3.374530e-06	(0.000000e+00 5.462653e-03 0.000000e+00)
269           	3.456997e-06	(0.000000e+00 5.462653e-03 0.000000e+00)
270           	3.542969e-06	(0.000000e+00 5.462653e-03 0.000000e+00)
271           	3.617674e-06	(0.000000e+00 5.462653e-03 0.000000e+00)
272           	3.674241e-06	(0.000000e+00 5.462653e-03 0.000000e+00)
273           	3.711654e-06	(0.000000e+00 5.462653e-03 0.000000e+00)
274           	3.737173e-06	(0.000000e+00 5.462653e-03 0.000000e+00)
275           	3.758493e-06	(0.000000e+00 5.462653e-03 0.000000e+00)
276           	3.777111e-06	(0.000000e+00 5.462653e-03 0.000000e+00)
277           	3.789690e-06	(0.000000e+00 5.462653e-03 0.000000e+00)
278           	3.797138e-06	(0.000000e+00 5.462653e-03 0.000000e+00)
279           	3.798553e-06	(0.000000e+00 5.462653e-03 0.000000e+00)
280           	3.798148e-06	(0.000000e+00 5.462653e-03 0.000000e+00)
281           	3.800983e-06	(0.000000e+00 5.462653e-03 0.000000e+00)
282           	3.816211e-06	(0.000000e+00 5.462653e-03 0.000000e+00)
283           	3.852264e-06	(0.000000e+00 5.462653e-03 0.000000e+00)
284           	3.907103e-06	(0.000000e+00 5.462653e-03 0.000000e+00)
285           	3.977842e-06	(0.000000e+00 5.462653e-03 0.000000e+00)
286           	4.060550e-06	(0.000000e+00 5.462653e-03 0.000000e+00)
287           	4.151376e-06	(0.000000e+00 5.462653e-03 0.000000e+00)
288           	4.242868e-06	(0.000000e+00 5.462653e-03 0.000000e+00)
289           	4.328817e-06	(0.000000e+00 5.462653e-03 0.000000e+00)
290           	4.404224e-06	(0.000000e+00 5.462653e-03 0.000000e+00)
291           	4.469092e-06	(0.000000e+00 5.462653e-03 0.000000e+00)
292           	4.521211e-06	(0.000000e+00 5.462653e-03 0.000000e+00)
293           	4.557692e-06	(0.000000e+00 5.462653e-03 0.000000e+00)
294           	4.578360e-06	(0.000000e+00 5.462653e-03 0.000000e+00)
295           	4.589583e-06	(0.000000e+00 5.462653e-03 0.000000e+00)
296           	4.600363e-06	(0.000000e+00 5.462653e-03 0.000000e+00)
297           	4.618286e-06	(0.000000e+00 5.462653e-03 0.000000e+00)
298           	4.647166e-06	(0.000000e+00 5.462653e-03 0.000000e+00)
299           	4.685996e-06	(0.000000e+00 5.462653e-03 0.000000e+00)
300           	4.729875e-06	(0.000000e+00 5.462653e-03 0.000000e+00)
301           	4.773960e-06	(0.000000e+00 5.462653e-03 0.000000e+00)
302           	4.816173e-06	(0.000000e+00 5.462653e-03 0.000000e+00)
303           	4.853106e-06	(0.000000e+00 5.462653e-03 0.000000e+00)
304           	4.889092e-06	(0.000000e+00 5.462653e-03 0.000000e+00)
305           	4.925295e-06	(0.000000e+00 5.462653e-03 0.000000e+00)
306           	4.962134e-06	(0.000000e+00 5.462653e-03 0.000000e+00)
307           	4.997185e-06	(0.000000e+00 5.462653e-03 0.000000e+00)
308           	5.032667e-06	(0.000000e+00 5.462653e-03 0.000000e+00)
309           	5.073720e-06	(0.000000e+00 5.462653e-03 0.000000e+00)
310           	5.119509e-06	(0.000000e+00 5.462653e-03 0.000000e+00)
311           	5.165912e-06	(0.000000e+00 5.462653e-03 0.000000e+00)
312           	5.208645e-06	(0.000000e+00 5.462653e-03 0.000000e+00)
313           	5.244694e-06	(0.000000e+00 5.462653e-03 0.000000e+00)
314           	5.266729e-06	(0.000000e+00 5.462653e-03 0.000000e+00)
315           	5.278588e-06	(0.000000e+00 5.462653e-03 0.000000e+00)
316           	5.284183e-06	(0.000000e+00 5.462653e-03 0.000000e+00)
317           	5.284967e-06	(0.000000e+00 5.462653e-03 0.000000e+00)
318           	5.279677e-06	(0.000000e+00 5.462653e-03 0.000000e+00)
319           	5.269614e-06	(0.000000e+00 5.462653e-03 0.000000e+00)
320           	5.259151e-06	(0.000000e+00 5.462653e-03 0.000000e+00)
321           	5.250602e-06	(0.000000e+00 5.462653e-03 0.000000e+00)
322           	5.245324e-06	(0.000000e+00 5.462653e-03 0.000000e+00)
323           	5.242033e-06	(0.000000e+00 5.462653e-03 0.000000e+00)
324           	5.243551e-06	(0.000000e+00 5.462653e-03 0.000000e+00)
325           	5.249257e-06	(0.000000e+00 5.462653e-03 0.000000e+00)
326           	5.260548e-06	(0.000000e+00 5.462653e-03 0.000000e+00)
327           	5.274236e-06	(0.000000e+00 5.462653e-03 0.000000e+00)
328           	5.286261e-06	(0.000000e+00 5.462653e-03 0.000000e+00)
329           	5.301682e-06	(0.000000e+00 5.462653e-03 0.000000e+00)
330           	5.322362e-06	(0.000000e+00 5.462653e-03 0.000000e+00)
331           	5.346256e-06	(0.000000e+00 5.462653e-03 0.000000e+00)
332           	5.366705e-06	(0.000000e+00 5.462653e-03 0.000000e+00)
333           	5.380503e-06	(0.000000e+00 5.462653e-03 0.000000e+00)
334           	5.386383e-06	(0.000000e+00 5.462653e-03 0.000000e+00)
335           	5.390957e-06	(0.000000e+00 5.462653e-03 0.000000e+00)
336           	5.397504e-06	(0.000000e+00 5.462653e-03 0.000000e+00)
337           	5.409508e-06	(0.000000e+00 5.462653e-03 0.000000e+00)
338           	5.434988e-06	(0.000000e+00 5.462653e-03 0.000000e+00)
339           	5.466434e-06	(0.000000e+00 5.462653e-03 0.000000e+00)
340           	5.499576e-06	(0.000000e+00 5.462653e-03 0.000000e+00)
341           	5.535905e-06	(0.000000e+00 5.462653e-03 0.000000e+00)
342           	5.572834e-06	(0.000000e+00 5.462653e-03 0.000000e+00)
343           	5.604215e-06	(0.000000e+00 5.462653e-03 0.000000e+00)
344           	5.626571e-06	(0.000000e+00 5.462653e-03 0.000000e+00)
345           	5.636992e-06	(0.000000e+00 5.462653e-03 0.000000e+00)
346           	5.637855e-06	(0.000000e+00 5.462653e-03 0.000000e+00)
347           	5.637663e-06	(0.000000e+00 5.462653e-03 0.000000e+00)
348           	5.645172e-06	(0.000000e+00 5.462653e-03 0.000000e+00)
349           	5.663670e-06	(0.000000e+00 5.462653e-03 0.000000e+00)
350           	5.694018e-06	(0.000000e+00 5.462653e-03 0.000000e+00)
351           	5.734622e-06	(0.000000e+00 5.462653e-03 0.000000e+00)
352           	5.781664e-06	(0.000000e+00 5.462653e-03 0.000000e+00)
353           	5.828204e-06	(0.000000e+00 5.462653e-03 0.000000e+00)
354           	5.872540e-06	(0.000000e+00 5.462653e-03 0.000000e+00)
355           	5.911011e-06	(0.000000e+00 5.462653e-03 0.000000e+00)
356           	5.947412e-06	(0.000000e+00 5.462653e-03 0.000000e+00)
357           	5.983487e-06	(0.000000e+00 5.462653e-03 0.000000e+00)
358           	6.022040e-06	(0.000000e+00 5.462653e-03 0.000000e+00)
359           	6.064726e-06	(0.000000e+00 5.462653e-03 0.000000e+00)
360           	6.108578e-06	(0.000000e+00 5.462653e-03 0.000000e+00)
361           	6.152245e-06	(0.000000e+00 5.462653e-03 0.000000e+00)
362           	6.199765e-06	(0.000000e+00 5.462653e-03 0.000000e+00)
363           	6.245419e-06	(0.000000e+00 5.462653e-03 0.000000e+00)
364           	6.286904e-06	(0.000000e+00 5.462653e-03 0.000000e+00)
365           	6.327814e-06	(0.000000e+00 5.462653e-03 0.000000e+00)
366           	6.370314e-06	(0.000000e+00 5.462653e-03 0.000000e+00)
367           	6.415847e-06	(0.000000e+00 5.462653e-03 0.000000e+00)
368           	6.461463e-06	(0.000000e+00 5.462653e-03 0.000000e+00)
369           	6.505316e-06	(0.000000e+00 5.462653e-03 0.000000e+00)
370           	6.544099e-06	(0.000000e+00 5.462653e-03 0.000000e+00)
371           	6.574980e-06	(0.000000e+00 5.462653e-03 0.000000e+00)
372           	6.600477e-06	(0.000000e+00 5.462653e-03 0.000000e+00)
373           	6.624939e-06	(0.000000e+00 5.462653e-03 0.000000e+00)
374           	6.653066e-06	(0.000000e+00 5.462653e-03 0.000000e+00)
375           	6.686262e-06	(0.000000e+00 5.462653e-03 0.000000e+00)
376           	6.724285e-06	(0.000000e+00 5.462653e-03 0.000000e+00)
377           	6.772281e-06	(0.000000e+00 5.462653e-03 0.000000e+00)
378           	6.833235e-06	(0.000000e+00 5.462653e-03 0.000000e+00)
379           	6.906571e-06	(0.000000e+00 5.462653e-03 0.000000e+00)
380           	6.992710e-06	(0.000000e+00 5.462653e-03 0.000000e+00)
381           	7.084632e-06	(0.000000e+00 5.462653e-03 0.000000e+00)
382           	7.171958e-06	(0.000000e+00 5.462653e-03 0.000000e+00)
383           	7.248673e-06	(0.000000e+00 5.462653e-03 0.000000e+00)
384           	7.310150e-06	(0.000000e+00 5.462653e-03 0.000000e+00)
385           	7.358560e-06	(0.000000e+00 5.462653e-03 0.000000e+00)
386           	7.400207e-06	(0.000000e+00 5.462653e-03 0.000000e+00)
387           	7.438215e-06	(0.000000e+00 5.462653e-03 0.000000e+00)
388           	7.474657e-06	(0.000000e+00 5.462653e-03 0.000000e+00)
389           	7.510001e-06	(0.000000e+00 5.462653e-03 0.000000e+00)
390           	7.545582e-06	(0.000000e+00 5.462653e-03 0.000000e+00)
391           	7.578818e-06	(0.000000e+00 5.462653e-03 0.000000e+00)
392           	7.607641e-06	(0.000000e+00 5.462653e-03 0.000000e+00)
393           	7.633862e-06	(0.000000e+00 5.462653e-03 0.000000e+00)
394           	7.659836e-06	(0.000000e+00 5.462653e-03 0.000000e+00)
395           	7.690476e-06	(0.000000e+00 5.462653e-03 0.000000e+00)
396           	7.733704e-06	(0.000000e+00 5.462653e-03 0.000000e+00)
397           	7.794533e-06	(0.000000e+00 5.462653e-03 0.000000e+00)
398           	7.868965e-06	(0.000000e+00 5.462653e-03 0.000000e+00)
399           	7.946418e-06	(0.000000e+00 5.462653e-03 0.000000e+00)
400           	8.022037e-06	(0.000000e+00 5.462653e-03 0.000000e+00)
401           	8.090590e-06	(0.000000e+00 5.462653e-03 0.000000e+00)
402           	8.148919e-06	(0.000000e+00 5.462653e-03 0.000000e+00)
403           	8.194382e-06	(0.000000e+00 5.462653e-03 0.000000e+00)
404           	8.228451e-06	(0.000000e+00 5.462653e-03 0.000000e+00)
405           	8.259963e-06	(0.000000e+00 5.462653e-03 0.000000e+00)
406           	8.303204e-06	(0.000000e+00 5.462653e-03 0.000000e+00)
407           	8.362659e-06	(0.000000e+00 5.462653e-03 0.000000e+00)
408           	8.434091e-06	(0.000000e+00 5.462653e-03 0.000000e+00)
409           	8.507796e-06	(0.000000e+00 5.462653e-03 0.000000e+00)
410           	8.570492e-06	(0.000000e+00 5.462653e-03 0.000000e+00)
411           	8.619949e-06	(0.000000e+00 5.462653e-03 0.000000e+00)
412           	8.657626e-06	(0.000000e+00 5.462653e-03 0.000000e+00)
413           	8.688690e-06	(0.000000e+00 5.462653e-03 0.000000e+00)
414           	8.720714e-06	(0.000000e+00 5.462653e-03 0.000000e+00)
415           	8.758718e-06	(0.000000e+00 5.462653e-03 0.000000e+00)
416           	8.806377e-06	(0.000000e+00 5.462653e-03 0.000000e+00)
417           	8.867666e-06	(0.000000e+00 5.462653e-03 0.000000e+00)
418           	8.944656e-06	(0.000000e+00 5.462653e-03 0.000000e+00)
419           	9.032452e-06	(0.000000e+00 5.462653e-03 0.000000e+00)
420           	9.122067e-06	(0.000000e+00 5.462653e-03 0.000000e+00)
421           	9.206289e-06	(0.000000e+00 5.462653e-03 0.000000e+00)
422           	9.282781e-06	(0.000000e+00 5.462653e-03 0.000000e+00)
423           	9.356623e-06	(0.000000e+00 5.462653e-03 0.000000e+00)
424           	9.433272e-06	(0.000000e+00 5.462653e-03 0.000000e+00)
425           	9.517878e-06	(0.000000e+00 5.462653e-03 0.000000e+00)
426           	9.606267e-06	(0.000000e+00 5.462653e-03 0.000000e+00)
427           	9.690940e-06	(0.000000e+00 5.462653e-03 0.000000e+00)
428           	9.768580e-06	(0.000000e+00 5.462653e-03 0.000000e+00)
429           	9.841603e-06	(0.000000e+00 5.462653e-03 0.000000e+00)
430           	9.912963e-06	(0.000000e+00 5.462653e-03 0.000000e+00)
431           	9.985259e-06	(0.000000e+00 5.462653e-03 0.000000e+00)
432           	1.006498e-05	(0.000000e+00 5.462653e-03 0.000000e+00)
433           	1.015385e-05	(0.000000e+00 5.462653e-03 0.000000e+00)
434           	1.025122e-05	(0.000000e+00 5.462653e-03 0.000000e+00)
435           	1.035489e-05	(0.000000e+00 5.462653e-03 0.000000e+00)
436           	1.045792e-05	(0.000000e+00 5.462653e-03 0.000000e+00)
437           	1.055517e-05	(0.000000e+00 5.462653e-03 0.000000e+00)
438           	1.064128e-05	(0.000000e+00 5.462653e-03 0.000000e+00)
439           	1.071800e-05	(0.000000e+00 5.462653e-03 0.000000e+00)
440           	1.079476e-05	(0.000000e+00 5.462653e-03 0.000000e+00)
441           	1.087728e-05	(0.000000e+00 5.462653e-03 0.000000e+00)
442           	1.096511e-05	(0.000000e+00 5.462653e-03 0.000000e+00)
443           	1.105251e-05	(0.000000e+00 5.462653e-03 0.000000e+00)
444           	1.113697e-05	(0.000000e+00 5.462653e-03 0.000000e+00)
445           	1.122032e-05	(0.000000e+00 5.462653e-03 0.000000e+00)
446           	1.130500e-05	(0.000000e+00 5.462653e-03 0.000000e+00)
447           	1.139572e-05	(0.000000e+00 5.462653e-03 0.000000e+00)
448           	1.148992e-05	(0.000000e+00 5.462653e-03 0.000000e+00)
449           	1.158365e-05	(0.000000e+00 5.462653e-03 0.000000e+00)
450           	1.167173e-05	(0.000000e+00 5.462653e-03 0.000000e+00)
451           	1.175188e-05	(0.000000e+00 5.462653e-03 0.000000e+00)
452           	1.182657e-05	(0.000000e+00 5.462653e-03 0.000000e+00)
453           	1.190225e-05	(0.000000e+00 5.462653e-03 0.000000e+00)
454           	1.198398e-05	(0.000000e+00 5.462653e-03 0.000000e+00)
455           	1.207178e-05	(0.000000e+00 5.462653e-03 0.000000e+00)
456           	1.216349e-05	(0.000000e+00 5.462653e-03 0.000000e+00)
457           	1.225178e-05	(0.000000e+00 5.462653e-03 0.000000e+00)
458           	1.233449e-05	(0.000000e+00 5.462653e-03 0.000000e+00)
459           	1.241634e-05	(0.000000e+00 5.462653e-03 0.000000e+00)
460           	1.249472e-05	(0.000000e+00 5.462653e-03 0.000000e+00)
461           	1.256832e-05	(0.000000e+00 5.462653e-03 0.000000e+00)
462           	1.264258e-05	(0.000000e+00 5.462653e-03 0.000000e+00)
463           	1.272194e-05	(0.000000e+00 5.462653e-03 0.000000e+00)
464           	1.281331e-05	(0.000000e+00 5.462653e-03 0.000000e+00)
465           	1.291438e-05	(0.000000e+00 5.462653e-03 0.000000e+00)
466           	1.301379e-05	(0.000000e+00 5.462653e-03 0.000000e+00)
467           	1.310749e-05	(0.000000e+00 5.462653e-03 0.000000e+00)
468           	1.319285e-05	(0.000000e+00 5.462653e-03 0.000000e+00)
469           	1.327476e-05	(0.000000e+00 5.462653e-03 0.000000e+00)
470           	1.335572e-05	(0.000000e+00 5.462653e-03 0.000000e+00)
471           	1.343435e-05	(0.000000e+00 5.462653e-03 0.000000e+00)
472           	1.351010e-05	(0.000000e+00 5.462653e-03 0.000000e+00)
473           	1.358208e-05	(0.000000e+00 5.462653e-03 0.000000e+00)
474           	1.365137e-05	(0.000000e+00 5.462653e-03 0.000000e+00)
475           	1.371996e-05	(0.000000e+00 5.462653e-03 0.000000e+00)
476           	1.378952e-05	(0.000000e+00 5.462653e-03 0.000000e+00)
477           	1.386175e-05	(0.000000e+00 5.462653e-03 0.000000e+00)
478           	1.393390e-05	(0.000000e+00 5.462653e-03 0.000000e+00)
479           	1.400616e-05	(0.000000e+00 5.462653e-03 0.000000e+00)
480           	1.408053e-05	(0.000000e+00 5.462653e-03 0.000000e+00)
481           	1.415713e-05	(0.000000e+00 5.462653e-03 0.000000e+00)
482           	1.423123e-05	(0.000000e+00 5.462653e-03 0.000000e+00)
483           	1.430297e-05	(0.000000e+00 5.462653e-03 0.000000e+00)
484           	1.437310e-05	(0.000000e+00 5.462653e-03 0.000000e+00)
485           	1.444054e-05	(0.000000e+00 5.462653e-03 0.000000e+00)
486           	1.450826e-05	(0.000000e+00 5.462653e-03 0.000000e+00)
487           	1.457709e-05	(0.000000e+00 5.462653e-03 0.000000e+00)
488           	1.464813e-05	(0.000000e+00 5.462653e-03 0.000000e+00)
489           	1.471630e-05	(0.000000e+00 5.462653e-03 0.000000e+00)
490           	1.478061e-05	(0.000000e+00 5.462653e-03 0.000000e+00)
491           	1.484180e-05	(0.000000e+00 5.462653e-03 0.000000e+00)
492           	1.489890e-05	(0.000000e+00 5.462653e-03 0.000000e+00)
493           	1.495387e-05	(0.000000e+00 5.462653e-03 0.000000e+00)
494           	1.500987e-05	(0.000000e+00 5.462653e-03 0.000000e+00)
495           	1.507029e-05	(0.000000e+00 5.462653e-03 0.000000e+00)
496           	1.513532e-05	(0.000000e+00 5.462653e-03 0.000000e+00)
497           	1.520139e-05	(0.000000e+00 5.462653e-03 0.000000e+00)
498           	1.526448e-05	(0.000000e+00 5.462653e-03 0.000000e+00)
499           	1.532335e-05	(0.000000e+00 5.462653e-03 0.000000e+00)
500           	1.538054e-05	(0.000000e+00 5.462653e-03 0.000000e+00)
501           	1.544136e-05	(0.000000e+00 5.462653e-03 0.000000e+00)
502           	1.550865e-05	(0.000000e+00 5.462653e-03 0.000000e+00)
503           	1.557849e-05	(0.000000e+00 5.462653e-03 0.000000e+00)
504           	1.564351e-05	(0.000000e+00 5.462653e-03 0.000000e+00)
505           	1.570138e-05	(0.000000e+00 5.462653e-03 0.000000e+00)
506           	1.575065e-05	(0.000000e+00 5.462653e-03 0.000000e+00)
507           	1.579165e-05	(0.000000e+00 5.462653e-03 0.000000e+00)
508           	1.582718e-05	(0.000000e+00 5.462653e-03 0.000000e+00)
509           	1.585862e-05	(0.000000e+00 5.462653e-03 0.000000e+00)
510           	1.588960e-05	(0.000000e+00 5.462653e-03 0.000000e+00)
511           	1.592190e-05	(0.000000e+00 5.462653e-03 0.000000e+00)
512           	1.595852e-05	(0.000000e+00 5.462653e-03 0.000000e+00)
513           	1.599670e-05	(0.000000e+00 5.462653e-03 0.000000e+00)
514           	1.603325e-05	(0.000000e+00 5.462653e-03 0.000000e+00)
515           	1.606892e-05	(0.000000e+00 5.462653e-03 0.000000e+00)
516           	1.610476e-05	(0.000000e+00 5.462653e-03 0.000000e+00)
517           	1.614150e-05	(0.000000e+00 5.462653e-03 0.000000e+00)
518           	1.617460e-05	(0.000000e+00 5.462653e-03 0.000000e+00)
519           	1.620291e-05	(0.000000e+00 5.462653e-03 0.000000e+00)
520           	1.622706e-05	(0.000000e+00 5.462653e-03 0.000000e+00)
521           	1.624810e-05	(0.000000e+00 5.462653e-03 0.000000e+00)
522           	1.626659e-05	(0.000000e+00 5.462653e-03 0.000000e+00)
523           	1.628687e-05	(0.000000e+00 5.462653e-03 0.000000e+00)
524           	1.631373e-05	(0.000000e+00 5.462653e-03 0.000000e+00)
525           	1.634670e-05	(0.000000e+00 5.462653e-03 0.000000e+00)
526           	1.638399e-05	(0.000000e+00 5.462653e-03 0.000000e+00)
527           	1.642188e-05	(0.000000e+00 5.462653e-03 0.000000e+00)
528           	1.645677e-05	(0.000000e+00 5.462653e-03 0.000000e+00)
529           	1.648509e-05	(0.000000e+00 5.462653e-03 0.000000e+00)
530           	1.650637e-05	(0.000000e+00 5.462653e-03 0.000000e+00)
531           	1.652241e-05	(0.000000e+00 5.462653e-03 0.000000e+00)
532           	1.653468e-05	(0.000000e+00 5.462653e-03 0.000000e+00)
533           	1.654466e-05	(0.000000e+00 5.462653e-03 0.000000e+00)
534           	1.655454e-05	(0.000000e+00 5.462653e-03 0.000000e+00)
535           	1.656788e-05	(0.000000e+00 5.462653e-03 0.000000e+00)
536           	1.658594e-05	(0.000000e+00 5.462653e-03 0.000000e+00)
537           	1.661027e-05	(0.000000e+00 5.462653e-03 0.000000e+00)
538           	1.663866e-05	(0.000000e+00 5.462653e-03 0.000000e+00)
539           	1.666675e-05	(0.000000e+00 5.462653e-03 0.000000e+00)
540           	1.669076e-05	(0.000000e+00 5.462653e-03 0.000000e+00)
541           	1.671061e-05	(0.000000e+00 5.462653e-03 0.000000e+00)
542           	1.672653e-05	(0.000000e+00 5.462653e-03 0.000000e+00)
543           	1.674037e-05	(0.000000e+00 5.462653e-03 0.000000e+00)
544           	1.675224e-05	(0.000000e+00 5.462653e-03 0.000000e+00)
545           	1.676384e-05	(0.000000e+00 5.462653e-03 0.000000e+00)
546           	1.677795e-05	(0.000000e+00 5.462653e-03 0.000000e+00)
547           	1.679059e-05	(0.000000e+00 5.462653e-03 0.000000e+00)
548           	1.680107e-05	(0.000000e+00 5.462653e-03 0.000000e+00)
549           	1.680829e-05	(0.000000e+00 5.462653e-03 0.000000e+00)
550           	1.681224e-05	(0.000000e+00 5.462653e-03 0.000000e+00)
551           	1.681400e-05	(0.000000e+00 5.462653e-03 0.000000e+00)
552           	1.681428e-05	(0.000000e+00 5.462653e-03 0.000000e+00)
553           	1.681367e-05	(0.000000e+00 5.462653e-03 0.000000e+00)
554           	1.681066e-05	(0.000000e+00 5.462653e-03 0.000000e+00)
555           	1.680628e-05	(0.000000e+00 5.462653e-03 0.000000e+00)
556           	1.680030e-05	(0.000000e+00 5.462653e-03 0.000000e+00)
557           	1.679294e-05	(0.000000e+00 5.462653e-03 0.000000e+00)
558           	1.678430e-05	(0.000000e+00 5.462653e-03 0.000000e+00)
559           	1.677502e-05	(0.000000e+00 5.462653e-03 0.000000e+00)
560           	1.676784e-05	(0.000000e+00 5.462653e-03 0.000000e+00)
561           	1.676352e-05	(0.000000e+00 5.462653e-03 0.000000e+00)
562           	1.676254e-05	(0.000000e+00 5.462653e-03 0.000000e+00)
563           	1.676396e-05	(0.000000e+00 5.462653e-03 0.000000e+00)
564           	1.676573e-05	(0.000000e+00 5.462653e-03 0.000000e+00)
565           	1.676700e-05	(0.000000e+00 5.462653e-03 0.000000e+00)
566           	1.677033e-05	(0.000000e+00 5.462653e-03 0.000000e+00)
567           	1.677622e-05	(0.000000e+00 5.462653e-03 0.000000e+00)
568           	1.678354e-05	(0.000000e+00 5.462653e-03 0.000000e+00)
569           	1.679311e-05	(0.000000e+00 5.462653e-03 0.000000e+00)
570           	1.680379e-05	(0.000000e+00 5.462653e-03 0.000000e+00)
571           	1.681338e-05	(0.000000e+00 5.462653e-03 0.000000e+00)
572           	1.682033e-05	(0.000000e+00 5.462653e-03 0.000000e+00)
573           	1.682422e-05	(0.000000e+00 5.462653e-03 0.000000e+00)
574           	1.682404e-05	(0.000000e+00 5.462653e-03 0.000000e+00)
575           	1.682169e-05	(0.000000e+00 5.462653e-03 0.000000e+00)
576           	1.681822e-05	(0.000000e+00 5.462653e-03 0.000000e+00)
577           	1.681222e-05	(0.000000e+00 5.462653e-03 0.000000e+00)
578           	1.680307e-05	(0.000000e+00 5.462653e-03 0.000000e+00)
579           	1.679003e-05	(0.000000e+00 5.462653e-03 0.000000e+00)
580           	1.677343e-05	(0.000000e+00 5.462653e-03 0.000000e+00)
581           	1.675586e-05	(0.000000e+00 5.462653e-03 0.000000e+00)
582           	1.673873e-05	(0.000000e+00 5.462653e-03 0.000000e+00)
583           	1.672191e-05	(0.000000e+00 5.462653e-03 0.000000e+00)
584           	1.670552e-05	(0.000000e+00 5.462653e-03 0.000000e+00)
585           	1.669010e-05	(0.000000e+00 5.462653e-03 0.000000e+00)
586           	1.667779e-05	(0.000000e+00 5.462653e-03 0.000000e+00)
587           	1.667069e-05	(0.000000e+00 5.462653e-03 0.000000e+00)
588           	1.666757e-05	(0.000000e+00 5.462653e-03 0.000000e+00)
589           	1.666679e-05	(0.000000e+00 5.462653e-03 0.000000e+00)
590           	1.666591e-05	(0.000000e+00 5.462653e-03 0.000000e+00)
591           	1.666334e-05	(0.000000e+00 5.462653e-03 0.000000e+00)
592           	1.665855e-05	(0.000000e+00 5.462653e-03 0.000000e+00)
593           	1.665082e-05	(0.000000e+00 5.462653e-03 0.000000e+00)
594           	1.663960e-05	(0.000000e+00 5.462653e-03 0.000000e+00)
595           	1.662709e-05	(0.000000e+00 5.462653e-03 0.000000e+00)
596           	1.661415e-05	(0.000000e+00 5.462653e-03 0.000000e+00)
597           	1.660043e-05	(0.000000e+00 5.462653e-03 0.000000e+00)
598           	1.658671e-05	(0.000000e+00 5.462653e-03 0.000000e+00)
599           	1.657535e-05	(0.000000e+00 5.462653e-03 0.000000e+00)
600           	1.656605e-05	(0.000000e+00 5.462653e-03 0.000000e+00)
601           	1.655564e-05	(0.000000e+00 5.462653e-03 0.000000e+00)
602           	1.654150e-05	(0.000000e+00 5.462653e-03 0.000000e+00)
603           	1.652231e-05	(0.000000e+00 5.462653e-03 0.000000e+00)
604           	1.649748e-05	(0.000000e+00 5.462653e-03 0.000000e+00)
605           	1.646897e-05	(0.000000e+00 5.462653e-03 0.000000e+00)
606           	1.643787e-05	(0.000000e+00 5.462653e-03 0.000000e+00)
607           	1.640453e-05	(0.000000e+00 5.462653e-03 0.000000e+00)
608           	1.636855e-05	(0.000000e+00 5.462653e-03 0.000000e+00)
609           	1.633116e-05	(0.000000e+00 5.462653e-03 0.000000e+00)
610           	1.629192e-05	(0.000000e+00 5.462653e-03 0.000000e+00)
611           	1.624917e-05	(0.000000e+00 5.462653e-03 0.000000e+00)
612           	1.620280e-05	(0.000000e+00 5.462653e-03 0.000000e+00)
613           	1.615326e-05	(0.000000e+00 5.462653e-03 0.000000e+00)
614           	1.610359e-05	(0.000000e+00 5.462653e-03 0.000000e+00)
615           	1.605775e-05	(0.000000e+00 5.462653e-03 0.000000e+00)
616           	1.601652e-05	(0.000000e+00 5.462653e-03 0.000000e+00)
617           	1.598223e-05	(0.000000e+00 5.462653e-03 0.000000e+00)
618           	1.595318e-05	(0.000000e+00 5.462653e-03 0.000000e+00)
619           	1.592650e-05	(0.000000e+00 5.462653e-03 0.000000e+00)
620           	1.589803e-05	(0.000000e+00 5.462653e-03 0.000000e+00)
621           	1.586660e-05	(0.000000e+00 5.462653e-03 0.000000e+00)
622           	1.583412e-05	(0.000000e+00 5.462653e-03 0.000000e+00)
623           	1.579975e-05	(0.000000e+00 5.462653e-03 0.000000e+00)
624           	1.576274e-05	(0.000000e+00 5.462653e-03 0.000000e+00)
625           	1.572363e-05	(0.000000e+00 5.462653e-03 0.000000e+00)
626           	1.568142e-05	(0.000000e+00 5.462653e-03 0.000000e+00)
627           	1.563674e-05	(0.000000e+00 5.462653e-03 0.000000e+00)
628           	1.559144e-05	(0.000000e+00 5.462653e-03 0.000000e+00)
629           	1.554806e-05	(0.000000e+00 5.462653e-03 0.000000e+00)
630           	1.550526e-05	(0.000000e+00 5.462653e-03 0.000000e+00)
631           	1.546283e-05	(0.000000e+00 5.462653e-03 0.000000e+00)
632           	1.542117e-05	(0.000000e+00 5.462653e-03 0.000000e+00)
633           	1.538297e-05	(0.000000e+00 5.462653e-03 0.000000e+00)
634           	1.535033e-05	(0.000000e+00 5.462653e-03 0.000000e+00)
635           	1.531966e-05	(0.000000e+00 5.462653e-03 0.000000e+00)
636           	1.528694e-05	(0.000000e+00 5.462653e-03 0.000000e+00)
637           	1.525120e-05	(0.000000e+00 5.462653e-03 0.000000e+00)
638           	1.521204e-05	(0.000000e+00 5.462653e-03 0.000000e+00)
639           	1.517039e-05	(0.000000e+00 5.462653e-03 0.000000e+00)
640           	1.512636e-05	(0.000000e+00 5.462653e-03 0.000000e+00)
641           	1.507827e-05	(0.000000e+00 5.462653e-03 0.000000e+00)
642           	1.502957e-05	(0.000000e+00 5.462653e-03 0.000000e+00)
643           	1.498238e-05	(0.000000e+00 5.462653e-03 0.000000e+00)
644           	1.493612e-05	(0.000000e+00 5.462653e-03 0.000000e+00)
645           	1.489113e-05	(0.000000e+00 5.462653e-03 0.000000e+00)
646           	1.484726e-05	(0.000000e+00 5.462653e-03 0.000000e+00)
647           	1.480634e-05	(0.000000e+00 5.462653e-03 0.000000e+00)
648           	1.476642e-05	(0.000000e+00 5.462653e-03 0.000000e+00)
649           	1.472627e-05	(0.000000e+00 5.462653e-03 0.000000e+00)
650           	1.468648e-05	(0.000000e+00 5.462653e-03 0.000000e+00)
651           	1.464566e-05	(0.000000e+00 5.462653e-03 0.000000e+00)
652           	1.460531e-05	(0.000000e+00 5.462653e-03 0.000000e+00)
653           	1.456663e-05	(0.000000e+00 5.462653e-03 0.000000e+00)
654           	1.452994e-05	(0.000000e+00 5.462653e-03 0.000000e+00)
655           	1.449527e-05	(0.000000e+00 5.462653e-03 0.000000e+00)
656           	1.446380e-05	(0.000000e+00 5.462653e-03 0.000000e+00)
657           	1.443412e-05	(0.000000e+00 5.462653e-03 0.000000e+00)
658           	1.440517e-05	(0.000000e+00 5.462653e-03 0.000000e+00)
659           	1.437622e-05	(0.000000e+00 5.462653e-03 0.000000e+00)
660           	1.434579e-05	(0.000000e+00 5.462653e-03 0.000000e+00)
661           	1.431339e-05	(0.000000e+00 5.462653e-03 0.000000e+00)
662           	1.427961e-05	(0.000000e+00 5.462653e-03 0.000000e+00)
663           	1.424312e-05	(0.000000e+00 5.462653e-03 0.000000e+00)
664           	1.420429e-05	(0.000000e+00 5.462653e-03 0.000000e+00)
665           	1.416288e-05	(0.000000e+00 5.462653e-03 0.000000e+00)
666           	1.412120e-05	(0.000000e+00 5.462653e-03 0.000000e+00)
667           	1.408061e-05	(0.000000e+00 5.462653e-03 0.000000e+00)
668           	1.403987e-05	(0.000000e+00 5.462653e-03 0.000000e+00)
669           	1.399362e-05	(0.000000e+00 5.462653e-03 0.000000e+00)
670           	1.394760e-05	(0.000000e+00 5.462653e-03 0.000000e+00)
671           	1.390247e-05	(0.000000e+00 5.462653e-03 0.000000e+00)
672           	1.385598e-05	(0.000000e+00 5.462653e-03 0.000000e+00)
673           	1.381037e-05	(0.000000e+00 5.462653e-03 0.000000e+00)
674           	1.376464e-05	(0.000000e+00 5.462653e-03 0.000000e+00)
675           	1.372015e-05	(0.000000e+00 5.462653e-03 0.000000e+00)
676           	1.367624e-05	(0.000000e+00 5.462653e-03 0.000000e+00)
677           	1.363388e-05	(0.000000e+00 5.462653e-03 0.000000e+00)
678           	1.359379e-05	(0.000000e+00 5.462653e-03 0.000000e+00)
679           	1.355572e-05	(0.000000e+00 5.462653e-03 0.000000e+00)
680           	1.351913e-05	(0.000000e+00 5.462653e-03 0.000000e+00)
681           	1.348368e-05	(0.000000e+00 5.462653e-03 0.000000e+00)
682           	1.344760e-05	(0.000000e+00 5.462653e-03 0.000000e+00)
683           	1.340976e-05	(0.000000e+00 5.462653e-03 0.000000e+00)
684           	1.336975e-05	(0.000000e+00 5.462653e-03 0.000000e+00)
685           	1.332812e-05	(0.000000e+00 5.462653e-03 0.000000e+00)
686           	1.328625e-05	(0.000000e+00 5.462653e-03 0.000000e+00)
687           	1.324524e-05	(0.000000e+00 5.462653e-03 0.000000e+00)
688           	1.320434e-05	(0.000000e+00 5.462653e-03 0.000000e+00)
689           	1.316300e-05	(0.000000e+00 5.462653e-03 0.000000e+00)
690           	1.312251e-05	(0.000000e+00 5.462653e-03 0.000000e+00)
691           	1.308316e-05	(0.000000e+00 5.462653e-03 0.000000e+00)
692           	1.304316e-05	(0.000000e+00 5.462653e-03 0.000000e+00)
693           	1.300231e-05	(0.000000e+00 5.462653e-03 0.000000e+00)
694           	1.296911e-05	(0.000000e+00 5.462653e-03 0.000000e+00)
695           	1.291514e-05	(0.000000e+00 5.462653e-03 0.000000e+00)
696           	1.286091e-05	(0.000000e+00 5.462653e-03 0.000000e+00)
697           	1.282362e-05	(0.000000e+00 5.462653e-03 0.000000e+00)
698           	1.279538e-05	(0.000000e+00 5.462653e-03 0.000000e+00)
699           	1.276240e-05	(0.000000e+00 5.462653e-03 0.000000e+00)
700           	1.265974e-05	(0.000000e+00 5.462653e-03 0.000000e+00)
701           	1.264266e-05	(0.000000e+00 5.462653e-03 0.000000e+00)
702           	1.262414e-05	(0.000000e+00 5.462653e-03 0.000000e+00)
703           	1.263091e-05	(0.000000e+00 5.462653e-03 0.000000e+00)
704           	1.258905e-05	(0.000000e+00 5.462653e-03 0.000000e+00)
705           	1.293559e-05	(0.000000e+00 5.462653e-03 0.000000e+00)
706           	1.319360e-05	(0.000000e+00 5.462653e-03 0.000000e+00)
707           	1.312061e-05	(0.000000e+00 5.462653e-03 0.000000e+00)
708           	1.270733e-05	(0.000000e+00 5.462653e-03 0.000000e+00)
709           	1.202993e-05	(0.000000e+00 5.462653e-03 0.000000e+00)
710           	1.183246e-05	(0.000000e+00 5.462653e-03 0.000000e+00)
711           	1.186192e-05	(0.000000e+00 5.462653e-03 0.000000e+00)
712           	1.202942e-05	(0.000000e+00 5.462653e-03 0.000000e+00)
713           	1.225679e-05	(0.000000e+00 5.462653e-03 0.000000e+00)
714           	1.246976e-05	(0.000000e+00 5.462653e-03 0.000000e+00)
715           	1.255389e-05	(0.000000e+00 5.462653e-03 0.000000e+00)
716           	1.251977e-05	(0.000000e+00 5.462653e-03 0.000000e+00)
717           	1.238378e-05	(0.000000e+00 5.462653e-03 0.000000e+00)
718           	1.226877e-05	(0.000000e+00 5.462653e-03 0.000000e+00)
719           	1.215658e-05	(0.000000e+00 5.462653e-03 0.000000e+00)
720           	1.209178e-05	(0.000000e+00 5.462653e-03 0.000000e+00)
721           	1.204276e-05	(0.000000e+00 5.462653e-03 0.000000e+00)
722           	1.202888e-05	(0.000000e+00 5.462653e-03 0.000000e+00)
723           	1.200248e-05	(0.000000e+00 5.462653e-03 0.000000e+00)
724           	1.196108e-05	(0.000000e+00 5.462653e-03 0.000000e+00)
725           	1.174073e-05	(0.000000e+00 5.462653e-03 0.000000e+00)
726           	1.165499e-05	(0.000000e+00 5.462653e-03 0.000000e+00)
727           	1.172552e-05	(0.000000e+00 5.462653e-03 0.000000e+00)
728           	1.187370e-05	(0.000000e+00 5.462653e-03 0.000000e+00)
729           	1.197561e-05	(0.000000e+00 5.462653e-03 0.000000e+00)
730           	1.207998e-05	(0.000000e+00 5.462653e-03 0.000000e+00)
731           	1.209173e-05	(0.000000e+00 5.462653e-03 0.000000e+00)
732           	1.203755e-05	(0.000000e+00 5.462653e-03 0.000000e+00)
733           	1.194054e-05	(0.000000e+00 5.462653e-03 0.000000e+00)
734           	1.167861e-05	(0.000000e+00 5.462653e-03 0.000000e+00)
735           	1.143650e-05	(0.000000e+00 5.462653e-03 0.000000e+00)
736           	1.131911e-05	(0.000000e+00 5.462653e-03 0.000000e+00)
737           	1.134253e-05	(0.000000e+00 5.462653e-03 0.000000e+00)
738           	1.140093e-05	(0.000000e+00 5.462653e-03 0.000000e+00)
739           	1.155589e-05	(0.000000e+00 5.462653e-03 0.000000e+00)
740           	1.165346e-05	(0.000000e+00 5.462653e-03 0.000000e+00)
741           	1.175990e-05	(0.000000e+00 5.462653e-03 0.000000e+00)
742           	1.176144e-05	(0.000000e+00 5.462653e-03 0.000000e+00)
743           	1.171706e-05	(0.000000e+00 5.462653e-03 0.000000e+00)
744           	1.163926e-05	(0.000000e+00 5.462653e-03 0.000000e+00)
745           	1.155488e-05	(0.000000e+00 5.462653e-03 0.000000e+00)
746           	1.149330e-05	(0.000000e+00 5.462653e-03 0.000000e+00)
747           	1.141893e-05	(0.000000e+00 5.462653e-03 0.000000e+00)
748           	1.136111e-05	(0.000000e+00 5.462653e-03 0.000000e+00)
749           	1.098530e-05	(0.000000e+00 5.462653e-03 0.000000e+00)
750           	1.086702e-05	(0.000000e+00 5.462653e-03 0.000000e+00)
751           	1.075017e-05	(0.000000e+00 5.462653e-03 0.000000e+00)
752           	1.081292e-05	(0.000000e+00 5.462653e-03 0.000000e+00)
753           	1.092320e-05	(0.000000e+00 5.462653e-03 0.000000e+00)
754           	1.103129e-05	(0.000000e+00 5.462653e-03 0.000000e+00)
755           	1.110191e-05	(0.000000e+00 5.462653e-03 0.000000e+00)
756           	1.111739e-05	(0.000000e+00 5.462653e-03 0.000000e+00)
757           	1.109005e-05	(0.000000e+00 5.462653e-03 0.000000e+00)
758           	1.104218e-05	(0.000000e+00 5.462653e-03 0.000000e+00)
759           	1.095542e-05	(0.000000e+00 5.462653e-03 0.000000e+00)
760           	1.084147e-05	(0.000000e+00 5.462653e-03 0.000000e+00)
761           	1.071387e-05	(0.000000e+00 5.462653e-03 0.000000e+00)
762           	1.058474e-05	(0.000000e+00 5.462653e-03 0.000000e+00)
763           	1.037751e-05	(0.000000e+00 5.462653e-03 0.000000e+00)
764           	1.030484e-05	(0.000000e+00 5.462653e-03 0.000000e+00)
765           	1.024979e-05	(0.000000e+00 5.462653e-03 0.000000e+00)
766           	1.021835e-05	(0.000000e+00 5.462653e-03 0.000000e+00)
767           	1.020056e-05	(0.000000e+00 5.462653e-03 0.000000e+00)
768           	1.018847e-05	(0.000000e+00 5.462653e-03 0.000000e+00)
769           	1.017129e-05	(0.000000e+00 5.462653e-03 0.000000e+00)
770           	1.014443e-05	(0.000000e+00 5.462653e-03 0.000000e+00)
771           	1.008889e-05	(0.000000e+00 5.462653e-03 0.000000e+00)
772           	1.003502e-05	(0.000000e+00 5.462653e-03 0.000000e+00)
773           	9.967589e-06	(0.000000e+00 5.462653e-03 0.000000e+00)
774           	9.873838e-06	(0.000000e+00 5.462653e-03 0.000000e+00)
775           	9.811791e-06	(0.000000e+00 5.462653e-03 0.000000e+00)
776           	9.749791e-06	(0.000000e+00 5.462653e-03 0.000000e+00)
777           	9.686492e-06	(0.000000e+00 5.462653e-03 0.000000e+00)
778           	9.622758e-06	(0.000000e+00 5.462653e-03 0.000000e+00)
779           	9.562788e-06	(0.000000e+00 5.462653e-03 0.000000e+00)
780           	9.502272e-06	(0.000000e+00 5.462653e-03 0.000000e+00)
781           	9.439165e-06	(0.000000e+00 5.462653e-03 0.000000e+00)
782           	9.369701e-06	(0.000000e+00 5.462653e-03 0.000000e+00)
783           	9.291860e-06	(0.000000e+00 5.462653e-03 0.000000e+00)
784           	9.208586e-06	(0.000000e+00 5.462653e-03 0.000000e+00)
785           	9.129113e-06	(0.000000e+00 5.462653e-03 0.000000e+00)
786           	9.055014e-06	(0.000000e+00 5.462653e-03 0.000000e+00)
787           	8.992498e-06	(0.000000e+00 5.462653e-03 0.000000e+00)
788           	8.940575e-06	(0.000000e+00 5.462653e-03 0.000000e+00)
789           	8.897045e-06	(0.000000e+00 5.462653e-03 0.000000e+00)
790           	8.856833e-06	(0.000000e+00 5.462653e-03 0.000000e+00)
791           	8.817183e-06	(0.000000e+00 5.462653e-03 0.000000e+00)
792           	8.774824e-06	(0.000000e+00 5.462653e-03 0.000000e+00)
793           	8.727576e-06	(0.000000e+00 5.462653e-03 0.000000e+00)
794           	8.674795e-06	(0.000000e+00 5.462653e-03 0.000000e+00)
795           	8.614357e-06	(0.000000e+00 5.462653e-03 0.000000e+00)
796           	8.551898e-06	(0.000000e+00 5.462653e-03 0.000000e+00)
797           	8.481285e-06	(0.000000e+00 5.462653e-03 0.000000e+00)
798           	8.407128e-06	(0.000000e+00 5.462653e-03 0.000000e+00)
799           	8.339157e-06	(0.000000e+00 5.462653e-03 0.000000e+00)
800           	8.283120e-06	(0.000000e+00 5.462653e-03 0.000000e+00)
801           	8.236413e-06	(0.000000e+00 5.462653e-03 0.000000e+00)
802           	8.194238e-06	(0.000000e+00 5.462653e-03 0.000000e+00)
803           	8.153971e-06	(0.000000e+00 5.462653e-03 0.000000e+00)
804           	8.110387e-06	(0.000000e+00 5.462653e-03 0.000000e+00)
805           	8.062415e-06	(0.000000e+00 5.462653e-03 0.000000e+00)
806           	8.011868e-06	(0.000000e+00 5.462653e-03 0.000000e+00)
807           	7.958031e-06	(0.000000e+00 5.462653e-03 0.000000e+00)
808           	7.902722e-06	(0.000000e+00 5.462653e-03 0.000000e+00)
809           	7.848777e-06	(0.000000e+00 5.462653e-03 0.000000e+00)
810           	7.794636e-06	(0.000000e+00 5.462653e-03 0.000000e+00)
811           	7.745934e-06	(0.000000e+00 5.462653e-03 0.000000e+00)
812           	7.703460e-06	(0.000000e+00 5.462653e-03 0.000000e+00)
813           	7.667934e-06	(0.000000e+00 5.462653e-03 0.000000e+00)
814           	7.639775e-06	(0.000000e+00 5.462653e-03 0.000000e+00)
815           	7.614311e-06	(0.000000e+00 5.462653e-03 0.000000e+00)
816           	7.586202e-06	(0.000000e+00 5.462653e-03 0.000000e+00)
817           	7.550970e-06	(0.000000e+00 5.462653e-03 0.000000e+00)
818           	7.503537e-06	(0.000000e+00 5.462653e-03 0.000000e+00)
819           	7.444871e-06	(0.000000e+00 5.462653e-03 0.000000e+00)
820           	7.382682e-06	(0.000000e+00 5.462653e-03 0.000000e+00)
821           	7.320518e-06	(0.000000e+00 5.462653e-03 0.000000e+00)
822           	7.260016e-06	(0.000000e+00 5.462653e-03 0.000000e+00)
823           	7.202022e-06	(0.000000e+00 5.462653e-03 0.000000e+00)
824           	7.142823e-06	(0.000000e+00 5.462653e-03 0.000000e+00)
825           	7.081637e-06	(0.000000e+00 5.462653e-03 0.000000e+00)
826           	7.011234e-06	(0.000000e+00 5.462653e-03 0.000000e+00)
827           	6.922951e-06	(0.000000e+00 5.462653e-03 0.000000e+00)
828           	6.697605e-06	(0.000000e+00 5.462653e-03 0.000000e+00)
829           	6.666783e-06	(0.000000e+00 5.462653e-03 0.000000e+00)
830           	6.628045e-06	(0.000000e+00 5.462653e-03 0.000000e+00)
831           	6.577006e-06	(0.000000e+00 5.462653e-03 0.000000e+00)
832           	6.513076e-06	(0.000000e+00 5.462653e-03 0.000000e+00)
833           	6.441973e-06	(0.000000e+00 5.462653e-03 0.000000e+00)
834           	6.361004e-06	(0.000000e+00 5.462653e-03 0.000000e+00)
835           	6.277421e-06	(0.000000e+00 5.462653e-03 0.000000e+00)
836           	6.192742e-06	(0.000000e+00 5.462653e-03 0.000000e+00)
837           	6.107195e-06	(0.000000e+00 5.462653e-03 0.000000e+00)
838           	6.023848e-06	(0.000000e+00 5.462653e-03 0.000000e+00)
839           	5.946409e-06	(0.000000e+00 5.462653e-03 0.000000e+00)
840           	5.875317e-06	(0.000000e+00 5.462653e-03 0.000000e+00)
841           	5.811348e-06	(0.000000e+00 5.462653e-03 0.000000e+00)
842           	5.754632e-06	(0.000000e+00 5.462653e-03 0.000000e+00)
843           	5.704118e-06	(0.000000e+00 5.462653e-03 0.000000e+00)
844           	5.657899e-06	(0.000000e+00 5.462653e-03 0.000000e+00)
845           	5.612916e-06	(0.000000e+00 5.462653e-03 0.000000e+00)
846           	5.565842e-06	(0.000000e+00 5.462653e-03 0.000000e+00)
847           	5.513034e-06	(0.000000e+00 5.462653e-03 0.000000e+00)
848           	5.455347e-06	(0.000000e+00 5.462653e-03 0.000000e+00)
849           	5.391696e-06	(0.000000e+00 5.462653e-03 0.000000e+00)
850           	5.320873e-06	(0.000000e+00 5.462653e-03 0.000000e+00)
851           	5.245682e-06	(0.000000e+00 5.462653e-03 0.000000e+00)
852           	5.172149e-06	(0.000000e+00 5.462653e-03 0.000000e+00)
853           	5.103215e-06	(0.000000e+00 5.462653e-03 0.000000e+00)
854           	5.037895e-06	(0.000000e+00 5.462653e-03 0.000000e+00)
855           	4.975415e-06	(0.000000e+00 5.462653e-03 0.000000e+00)
856           	4.915521e-06	(0.000000e+00 5.462653e-03 0.000000e+00)
857           	4.859656e-06	(0.000000e+00 5.462653e-03 0.000000e+00)
858           	4.807051e-06	(0.000000e+00 5.462653e-03 0.000000e+00)
859           	4.758167e-06	(0.000000e+00 5.462653e-03 0.000000e+00)
860           	4.713266e-06	(0.000000e+00 5.462653e-03 0.000000e+00)
861           	4.672254e-06	(0.000000e+00 5.462653e-03 0.000000e+00)
862           	4.632615e-06	(0.000000e+00 5.462653e-03 0.000000e+00)
863           	4.591918e-06	(0.000000e+00 5.462653e-03 0.000000e+00)
864           	4.550623e-06	(0.000000e+00 5.462653e-03 0.000000e+00)
865           	4.510869e-06	(0.000000e+00 5.462653e-03 0.000000e+00)
866           	4.471727e-06	(0.000000e+00 5.462653e-03 0.000000e+00)
867           	4.433539e-06	(0.000000e+00 5.462653e-03 0.000000e+00)
868           	4.397623e-06	(0.000000e+00 5.462653e-03 0.000000e+00)
869           	4.365777e-06	(0.000000e+00 5.462653e-03 0.000000e+00)
870           	4.336815e-06	(0.000000e+00 5.462653e-03 0.000000e+00)
871           	4.311219e-06	(0.000000e+00 5.462653e-03 0.000000e+00)
872           	4.287818e-06	(0.000000e+00 5.462653e-03 0.000000e+00)
873           	4.263772e-06	(0.000000e+00 5.462653e-03 0.000000e+00)
874           	4.234498e-06	(0.000000e+00 5.462653e-03 0.000000e+00)
875           	4.199151e-06	(0.000000e+00 5.462653e-03 0.000000e+00)
876           	4.162795e-06	(0.000000e+00 5.462653e-03 0.000000e+00)
877           	4.128171e-06	(0.000000e+00 5.462653e-03 0.000000e+00)
878           	4.095949e-06	(0.000000e+00 5.462653e-03 0.000000e+00)
879           	4.066022e-06	(0.000000e+00 5.462653e-03 0.000000e+00)
880           	4.036943e-06	(0.000000e+00 5.462653e-03 0.000000e+00)
881           	4.006466e-06	(0.000000e+00 5.462653e-03 0.000000e+00)
882           	3.973556e-06	(0.000000e+00 5.462653e-03 0.000000e+00)
883           	3.937562e-06	(0.000000e+00 5.462653e-03 0.000000e+00)
884           	3.901257e-06	(0.000000e+00 5.462653e-03 0.000000e+00)
885           	3.867659e-06	(0.000000e+00 5.462653e-03 0.000000e+00)
886           	3.837066e-06	(0.000000e+00 5.462653e-03 0.000000e+00)
887           	3.809405e-06	(0.000000e+00 5.462653e-03 0.000000e+00)
888           	3.780624e-06	(0.000000e+00 5.462653e-03 0.000000e+00)
889           	3.750564e-06	(0.000000e+00 5.462653e-03 0.000000e+00)
890           	3.718297e-06	(0.000000e+00 5.462653e-03 0.000000e+00)
891           	3.686510e-06	(0.000000e+00 5.462653e-03 0.000000e+00)
892           	3.657890e-06	(0.000000e+00 5.462653e-03 0.000000e+00)
893           	3.631745e-06	(0.000000e+00 5.462653e-03 0.000000e+00)
894           	3.606272e-06	(0.000000e+00 5.462653e-03 0.000000e+00)
895           	3.581099e-06	(0.000000e+00 5.462653e-03 0.000000e+00)
896           	3.556848e-06	(0.000000e+00 5.462653e-03 0.000000e+00)
897           	3.533546e-06	(0.000000e+00 5.462653e-03 0.000000e+00)
898           	3.511675e-06	(0.000000e+00 5.462653e-03 0.000000e+00)
899           	3.490586e-06	(0.000000e+00 5.462653e-03 0.000000e+00)
900           	3.470582e-06	(0.000000e+00 5.462653e-03 0.000000e+00)
901           	3.451201e-06	(0.000000e+00 5.462653e-03 0.000000e+00)
902           	3.430745e-06	(0.000000e+00 5.462653e-03 0.000000e+00)
903           	3.407188e-06	(0.000000e+00 5.462653e-03 0.000000e+00)
904           	3.380769e-06	(0.000000e+00 5.462653e-03 0.000000e+00)
905           	3.352404e-06	(0.000000e+00 5.462653e-03 0.000000e+00)
906           	3.322905e-06	(0.000000e+00 5.462653e-03 0.000000e+00)
907           	3.294314e-06	(0.000000e+00 5.462653e-03 0.000000e+00)
908           	3.267563e-06	(0.000000e+00 5.462653e-03 0.000000e+00)
909           	3.243452e-06	(0.000000e+00 5.462653e-03 0.000000e+00)
910           	3.223621e-06	(0.000000e+00 5.462653e-03 0.000000e+00)
911           	3.207705e-06	(0.000000e+00 5.462653e-03 0.000000e+00)
912           	3.193297e-06	(0.000000e+00 5.462653e-03 0.000000e+00)
913           	3.178989e-06	(0.000000e+00 5.462653e-03 0.000000e+00)
914           	3.163648e-06	(0.000000e+00 5.462653e-03 0.000000e+00)
915           	3.145476e-06	(0.000000e+00 5.462653e-03 0.000000e+00)
916           	3.125235e-06	(0.000000e+00 5.462653e-03 0.000000e+00)
917           	3.103985e-06	(0.000000e+00 5.462653e-03 0.000000e+00)
918           	3.082394e-06	(0.000000e+00 5.462653e-03 0.000000e+00)
919           	3.061180e-06	(0.000000e+00 5.462653e-03 0.000000e+00)
920           	3.039693e-06	(0.000000e+00 5.462653e-03 0.000000e+00)
921           	3.018626e-06	(0.000000e+00 5.462653e-03 0.000000e+00)
922           	2.999049e-06	(0.000000e+00 5.462653e-03 0.000000e+00)
923           	2.981216e-06	(0.000000e+00 5.462653e-03 0.000000e+00)
924           	2.964232e-06	(0.000000e+00 5.462653e-03 0.000000e+00)
925           	2.948404e-06	(0.000000e+00 5.462653e-03 0.000000e+00)
926           	2.934459e-06	(0.000000e+00 5.462653e-03 0.000000e+00)
927           	2.922429e-06	(0.000000e+00 5.462653e-03 0.000000e+00)
928           	2.911526e-06	(0.000000e+00 5.462653e-03 0.000000e+00)
929           	2.900078e-06	(0.000000e+00 5.462653e-03 0.000000e+00)
930           	2.886655e-06	(0.000000e+00 5.462653e-03 0.000000e+00)
931           	2.873005e-06	(0.000000e+00 5.462653e-03 0.000000e+00)
932           	2.859291e-06	(0.000000e+00 5.462653e-03 0.000000e+00)
933           	2.845928e-06	(0.000000e+00 5.462653e-03 0.000000e+00)
934           	2.833097e-06	(0.000000e+00 5.462653e-03 0.000000e+00)
935           	2.821112e-06	(0.000000e+00 5.462653e-03 0.000000e+00)
936           	2.810722e-06	(0.000000e+00 5.462653e-03 0.000000e+00)
937           	2.803810e-06	(0.000000e+00 5.462653e-03 0.000000e+00)
938           	2.799728e-06	(0.000000e+00 5.462653e-03 0.000000e+00)
939           	2.797154e-06	(0.000000e+00 5.462653e-03 0.000000e+00)
940           	2.792873e-06	(0.000000e+00 5.462653e-03 0.000000e+00)
941           	2.786504e-06	(0.000000e+00 5.462653e-03 0.000000e+00)
942           	2.777757e-06	(0.000000e+00 5.462653e-03 0.000000e+00)
943           	2.767866e-06	(0.000000e+00 5.462653e-03 0.000000e+00)
944           	2.756437e-06	(0.000000e+00 5.462653e-03 0.000000e+00)
945           	2.743303e-06	(0.000000e+00 5.462653e-03 0.000000e+00)
946           	2.727128e-06	(0.000000e+00 5.462653e-03 0.000000e+00)
947           	2.710606e-06	(0.000000e+00 5.462653e-03 0.000000e+00)
948           	2.693835e-06	(0.000000e+00 5.462653e-03 0.000000e+00)
949           	2.677396e-06	(0.000000e+00 5.462653e-03 0.000000e+00)
950           	2.662233e-06	(0.000000e+00 5.462653e-03 0.000000e+00)
951           	2.648031e-06	(0.000000e+00 5.462653e-03 0.000000e+00)
952           	2.636277e-06	(0.000000e+00 5.462653e-03 0.000000e+00)
953           	2.628406e-06	(0.000000e+00 5.462653e-03 0.000000e+00)
954           	2.623865e-06	(0.000000e+00 5.462653e-03 0.000000e+00)
955           	2.620883e-06	(0.000000e+00 5.462653e-03 0.000000e+00)
956           	2.617571e-06	(0.000000e+00 5.462653e-03 0.000000e+00)
957           	2.612988e-06	(0.000000e+00 5.462653e-03 0.000000e+00)
958           	2.607194e-06	(0.000000e+00 5.462653e-03 0.000000e+00)
959           	2.599806e-06	(0.000000e+00 5.462653e-03 0.000000e+00)
960           	2.593289e-06	(0.000000e+00 5.462653e-03 0.000000e+00)
961           	2.579522e-06	(0.000000e+00 5.462653e-03 0.000000e+00)
962           	2.572825e-06	(0.000000e+00 5.462653e-03 0.000000e+00)
963           	2.564725e-06	(0.000000e+00 5.462653e-03 0.000000e+00)
964           	2.554926e-06	(0.000000e+00 5.462653e-03 0.000000e+00)
965           	2.548476e-06	(0.000000e+00 5.462653e-03 0.000000e+00)
966           	2.544329e-06	(0.000000e+00 5.462653e-03 0.000000e+00)
967           	2.540384e-06	(0.000000e+00 5.462653e-03 0.000000e+00)
968           	2.535920e-06	(0.000000e+00 5.462653e-03 0.000000e+00)
969           	2.530619e-06	(0.000000e+00 5.462653e-03 0.000000e+00)
970           	2.523907e-06	(0.000000e+00 5.462653e-03 0.000000e+00)
971           	2.514505e-06	(0.000000e+00 5.462653e-03 0.000000e+00)
972           	2.503098e-06	(0.000000e+00 5.462653e-03 0.000000e+00)
973           	2.491130e-06	(0.000000e+00 5.462653e-03 0.000000e+00)
974           	2.479153e-06	(0.000000e+00 5.462653e-03 0.000000e+00)
975           	2.467069e-06	(0.000000e+00 5.462653e-03 0.000000e+00)
976           	2.454917e-06	(0.000000e+00 5.462653e-03 0.000000e+00)
977           	2.442982e-06	(0.000000e+00 5.462653e-03 0.000000e+00)
978           	2.431967e-06	(0.000000e+00 5.462653e-03 0.000000e+00)
979           	2.421862e-06	(0.000000e+00 5.462653e-03 0.000000e+00)
980           	2.413244e-06	(0.000000e+00 5.462653e-03 0.000000e+00)
981           	2.405422e-06	(0.000000e+00 5.462653e-03 0.000000e+00)
982           	2.398173e-06	(0.000000e+00 5.462653e-03 0.000000e+00)
983           	2.394271e-06	(0.000000e+00 5.462653e-03 0.000000e+00)
984           	2.395716e-06	(0.000000e+00 5.462653e-03 0.000000e+00)
985           	2.397619e-06	(0.000000e+00 5.462653e-03 0.000000e+00)
986           	2.397230e-06	(0.000000e+00 5.462653e-03 0.000000e+00)
987           	2.394596e-06	(0.000000e+00 5.462653e-03 0.000000e+00)
988           	2.390169e-06	(0.000000e+00 5.462653e-03 0.000000e+00)
989           	2.384158e-06	(0.000000e+00 5.462653e-03 0.000000e+00)
990           	2.376794e-06	(0.000000e+00 5.462653e-03 0.000000e+00)
991           	2.368805e-06	(0.000000e+00 5.462653e-03 0.000000e+00)
992           	2.361004e-06	(0.000000e+00 5.462653e-03 0.000000e+00)
993           	2.353140e-06	(0.000000e+00 5.462653e-03 0.000000e+00)
994           	2.345256e-06	(0.000000e+00 5.462653e-03 0.000000e+00)
995           	2.336973e-06	(0.000000e+00 5.462653e-03 0.000000e+00)
996           	2.328848e-06	(0.000000e+00 5.462653e-03 0.000000e+00)
997           	2.320299e-06	(0.000000e+00 5.462653e-03 0.000000e+00)
998           	2.311674e-06	(0.000000e+00 5.462653e-03 0.000000e+00)
999           	2.303172e-06	(0.000000e+00 5.462653e-03 0.000000e+00)
1000          	2.295308e-06	(0.000000e+00 5.462653e-03 0.000000e+00)
1001          	2.288085e-06	(0.000000e+00 5.462653e-03 0.000000e+00)
1002          	2.281143e-06	(0.000000e+00 5.462653e-03 0.000000e+00)
1003          	2.274083e-06	(0.000000e+00 5.462653e-03 0.000000e+00)
1004          	2.269366e-06	(0.000000e+00 5.462653e-03 0.000000e+00)
1005          	2.267649e-06	(0.000000e+00 5.462653e-03 0.000000e+00)
1006          	2.266736e-06	(0.000000e+00 5.462653e-03 0.000000e+00)
1007          	2.264716e-06	(0.000000e+00 5.462653e-03 0.000000e+00)
1008          	2.261190e-06	(0.000000e+00 5.462653e-03 0.000000e+00)
1009          	2.255603e-06	(0.000000e+00 5.462653e-03 0.000000e+00)
1010          	2.247677e-06	(0.000000e+00 5.462653e-03 0.000000e+00)
1011          	2.238153e-06	(0.000000e+00 5.462653e-03 0.000000e+00)
1012          	2.228659e-06	(0.000000e+00 5.462653e-03 0.000000e+00)
1013          	2.220548e-06	(0.000000e+00 5.462653e-03 0.000000e+00)
1014          	2.213971e-06	(0.000000e+00 5.462653e-03 0.000000e+00)
1015          	2.208722e-06	(0.000000e+00 5.462653e-03 0.000000e+00)
1016          	2.203941e-06	(0.000000e+00 5.462653e-03 0.000000e+00)
1017          	2.199229e-06	(0.000000e+00 5.462653e-03 0.000000e+00)
1018          	2.194211e-06	(0.000000e+00 5.462653e-03 0.000000e+00)
1019          	2.189310e-06	(0.000000e+00 5.462653e-03 0.000000e+00)
1020          	2.185322e-06	(0.000000e+00 5.462653e-03 0.000000e+00)
1021          	2.182177e-06	(0.000000e+00 5.462653e-03 0.000000e+00)
1022          	2.179780e-06	(0.000000e+00 5.462653e-03 0.000000e+00)
1023          	2.177813e-06	(0.000000e+00 5.462653e-03 0.000000e+00)
1024          	2.175964e-06	(0.000000e+00 5.462653e-03 0.000000e+00)
1025          	2.174006e-06	(0.000000e+00 5.462653e-03 0.000000e+00)
1026          	2.171810e-06	(0.000000e+00 5.462653e-03 0.000000e+00)
1027          	2.169332e-06	(0.000000e+00 5.462653e-03 0.000000e+00)
1028          	2.166397e-06	(0.000000e+00 5.462653e-03 0.000000e+00)
1029          	2.162829e-06	(0.000000e+00 5.462653e-03 0.000000e+00)
1030          	2.159035e-06	(0.000000e+00 5.462653e-03 0.000000e+00)
1031          	2.155678e-06	(0.000000e+00 5.462653e-03 0.000000e+00)
1032          	2.152136e-06	(0.000000e+00 5.462653e-03 0.000000e+00)
1033          	2.148008e-06	(0.000000e+00 5.462653e-03 0.000000e+00)
1034          	2.142622e-06	(0.000000e+00 5.462653e-03 0.000000e+00)
1035          	2.135715e-06	(0.000000e+00 5.462653e-03 0.000000e+00)
1036          	2.127123e-06	(0.000000e+00 5.462653e-03 0.000000e+00)
1037          	2.117011e-06	(0.000000e+00 5.462653e-03 0.000000e+00)
1038          	2.106477e-06	(0.000000e+00 5.462653e-03 0.000000e+00)
1039          	2.096481e-06	(0.000000e+00 5.462653e-03 0.000000e+00)
1040          	2.087398e-06	(0.000000e+00 5.462653e-03 0.000000e+00)
1041          	2.079162e-06	(0.000000e+00 5.462653e-03 0.000000e+00)
1042          	2.071999e-06	(0.000000e+00 5.462653e-03 0.000000e+00)
1043          	2.065841e-06	(0.000000e+00 5.462653e-03 0.000000e+00)
1044          	2.060131e-06	(0.000000e+00 5.462653e-03 0.000000e+00)
1045          	2.054568e-06	(0.000000e+00 5.462653e-03 0.000000e+00)
1046          	2.048816e-06	(0.000000e+00 5.462653e-03 0.000000e+00)
1047          	2.042351e-06	(0.000000e+00 5.462653e-03 0.000000e+00)
1048          	2.034407e-06	(0.000000e+00 5.462653e-03 0.000000e+00)
1049          	2.024502e-06	(0.000000e+00 5.462653e-03 0.000000e+00)
1050          	2.013598e-06	(0.000000e+00 5.462653e-03 0.000000e+00)
1051          	2.003174e-06	(0.000000e+00 5.462653e-03 0.000000e+00)
1052          	1.993972e-06	(0.000000e+00 5.462653e-03 0.000000e+00)
1053          	1.986263e-06	(0.000000e+00 5.462653e-03 0.000000e+00)
1054          	1.980910e-06	(0.000000e+00 5.462653e-03 0.000000e+00)
1055          	1.977168e-06	(0.000000e+00 5.462653e-03 0.000000e+00)
1056          	1.974002e-06	(0.000000e+00 5.462653e-03 0.000000e+00)
1057          	1.970360e-06	(0.000000e+00 5.462653e-03 0.000000e+00)
1058          	1.965716e-06	(0.000000e+00 5.462653e-03 0.000000e+00)
1059          	1.960903e-06	(0.000000e+00 5.462653e-03 0.000000e+00)
1060          	1.957250e-06	(0.000000e+00 5.462653e-03 0.000000e+00)
1061          	1.955005e-06	(0.000000e+00 5.462653e-03 0.000000e+00)
1062          	1.954067e-06	(0.000000e+00 5.462653e-03 0.000000e+00)
1063          	1.953123e-06	(0.000000e+00 5.462653e-03 0.000000e+00)
1064          	1.950580e-06	(0.000000e+00 5.462653e-03 0.000000e+00)
1065          	1.945783e-06	(0.000000e+00 5.462653e-03 0.000000e+00)
1066          	1.939203e-06	(0.000000e+00 5.462653e-03 0.000000e+00)
1067          	1.931958e-06	(0.000000e+00 5.462653e-03 0.000000e+00)
1068          	1.925651e-06	(0.000000e+00 5.462653e-03 0.000000e+00)
1069          	1.920949e-06	(0.000000e+00 5.462653e-03 0.000000e+00)
1070          	1.917972e-06	(0.000000e+00 5.462653e-03 0.000000e+00)
1071          	1.916634e-06	(0.000000e+00 5.462653e-03 0.000000e+00)
1072          	1.915200e-06	(0.000000e+00 5.462653e-03 0.000000e+00)
1073          	1.912861e-06	(0.000000e+00 5.462653e-03 0.000000e+00)
1074          	1.910173e-06	(0.000000e+00 5.462653e-03 0.000000e+00)
1075          	1.907411e-06	(0.000000e+00 5.462653e-03 0.000000e+00)
1076          	1.905710e-06	(0.000000e+00 5.462653e-03 0.000000e+00)
1077          	1.905298e-06	(0.000000e+00 5.462653e-03 0.000000e+00)
1078          	1.905947e-06	(0.000000e+00 5.462653e-03 0.000000e+00)
1079          	1.907336e-06	(0.000000e+00 5.462653e-03 0.000000e+00)
1080          	1.909059e-06	(0.000000e+00 5.462653e-03 0.000000e+00)
1081          	1.911236e-06	(0.000000e+00 5.462653e-03 0.000000e+00)
1082          	1.914157e-06	(0.000000e+00 5.462653e-03 0.000000e+00)
1083          	1.916735e-06	(0.000000e+00 5.462653e-03 0.000000e+00)
1084          	1.918525e-06	(0.000000e+00 5.462653e-03 0.000000e+00)
1085          	1.919973e-06	(0.000000e+00 5.462653e-03 0.000000e+00)
1086          	1.920383e-06	(0.000000e+00 5.462653e-03 0.000000e+00)
1087          	1.918876e-06	(0.000000e+00 5.462653e-03 0.000000e+00)
1088          	1.915289e-06	(0.000000e+00 5.462653e-03 0.000000e+00)
1089          	1.910513e-06	(0.000000e+00 5.462653e-03 0.000000e+00)
1090          	1.905426e-06	(0.000000e+00 5.462653e-03 0.000000e+00)
1091          	1.900797e-06	(0.000000e+00 5.462653e-03 0.000000e+00)
1092          	1.896949e-06	(0.000000e+00 5.462653e-03 0.000000e+00)
1093          	1.894682e-06	(0.000000e+00 5.462653e-03 0.000000e+00)
1094          	1.893687e-06	(0.000000e+00 5.462653e-03 0.000000e+00)
1095          	1.893744e-06	(0.000000e+00 5.462653e-03 0.000000e+00)
1096          	1.894151e-06	(0.000000e+00 5.462653e-03 0.000000e+00)
1097          	1.894231e-06	(0.000000e+00 5.462653e-03 0.000000e+00)
1098          	1.893734e-06	(0.000000e+00 5.462653e-03 0.000000e+00)
1099          	1.892556e-06	(0.000000e+00 5.462653e-03 0.000000e+00)
1100          	1.890868e-06	(0.000000e+00 5.462653e-03 0.000000e+00)
1101          	1.889040e-06	(0.000000e+00 5.462653e-03 0.000000e+00)
1102          	1.887352e-06	(0.000000e+00 5.462653e-03 0.000000e+00)
1103          	1.886109e-06	(0.000000e+00 5.462653e-03 0.000000e+00)
1104          	1.885441e-06	(0.000000e+00 5.462653e-03 0.000000e+00)
1105          	1.885288e-06	(0.000000e+00 5.462653e-03 0.000000e+00)
1106          	1.885462e-06	(0.000000e+00 5.462653e-03 0.000000e+00)
1107          	1.886096e-06	(0.000000e+00 5.462653e-03 0.000000e+00)
1108          	1.886752e-06	(0.000000e+00 5.462653e-03 0.000000e+00)
1109          	1.887299e-06	(0.000000e+00 5.462653e-03 0.000000e+00)
1110          	1.888446e-06	(0.000000e+00 5.462653e-03 0.000000e+00)
1111          	1.890830e-06	(0.000000e+00 5.462653e-03 0.000000e+00)
1112          	1.891867e-06	(0.000000e+00 5.462653e-03 0.000000e+00)
1113          	1.892314e-06	(0.000000e+00 5.462653e-03 0.000000e+00)
1114          	1.892992e-06	(0.000000e+00 5.462653e-03 0.000000e+00)
1115          	1.894415e-06	(0.000000e+00 5.462653e-03 0.000000e+00)
1116          	1.862727e-06	(0.000000e+00 5.462653e-03 0.000000e+00)
1117          	1.911508e-06	(0.000000e+00 5.462653e-03 0.000000e+00)
1118          	1.875005e-06	(0.000000e+00 5.462653e-03 0.000000e+00)
1119          	1.791664e-06	(0.000000e+00 5.462653e-03 0.000000e+00)
1120          	1.681028e-06	(0.000000e+00 5.462653e-03 0.000000e+00)
1121          	1.799540e-06	(0.000000e+00 5.462653e-03 0.000000e+00)
1122          	1.889917e-06	(0.000000e+00 5.462653e-03 0.000000e+00)
1123          	2.012886e-06	(0.000000e+00 5.462653e-03 0.000000e+00)
1124          	2.097076e-06	(0.000000e+00 5.462653e-03 0.000000e+00)
1125          	2.058113e-06	(0.000000e+00 5.462653e-03 0.000000e+00)
1126          	1.920562e-06	(0.000000e+00 5.462653e-03 0.000000e+00)
1127          	1.744909e-06	(0.000000e+00 5.462653e-03 0.000000e+00)
1128          	1.540635e-06	(0.000000e+00 5.462653e-03 0.000000e+00)
1129          	1.385410e-06	(0.000000e+00 5.462653e-03 0.000000e+00)
1130          	1.393940e-06	(0.000000e+00 5.462653e-03 0.000000e+00)
1131          	1.497153e-06	(0.000000e+00 5.462653e-03 0.000000e+00)
1132          	1.736774e-06	(0.000000e+00 5.462653e-03 0.000000e+00)
1133          	2.017285e-06	(0.000000e+00 5.462653e-03 0.000000e+00)
1134          	2.284015e-06	(0.000000e+00 5.462653e-03 0.000000e+00)
1135          	2.464048e-06	(0.000000e+00 5.462653e-03 0.000000e+00)
1136          	2.510609e-06	(0.000000e+00 5.462653e-03 0.000000e+00)
1137          	2.455988e-06	(0.000000e+00 5.462653e-03 0.000000e+00)
1138          	2.338790e-06	(0.000000e+00 5.462653e-03 0.000000e+00)
1139          	2.131026e-06	(0.000000e+00 5.462653e-03 0.000000e+00)
1140          	1.985871e-06	(0.000000e+00 5.462653e-03 0.000000e+00)
1141          	1.853728e-06	(0.000000e+00 5.462653e-03 0.000000e+00)
1142          	1.709965e-06	(0.000000e+00 5.462653e-03 0.000000e+00)
1143          	1.661238e-06	(0.000000e+00 5.462653e-03 0.000000e+00)
1144          	1.655099e-06	(0.000000e+00 5.462653e-03 0.000000e+00)
1145          	1.712014e-06	(0.000000e+00 5.462653e-03 0.000000e+00)
1146          	1.814127e-06	(0.000000e+00 5.462653e-03 0.000000e+00)
1147          	1.929572e-06	(0.000000e+00 5.462653e-03 0.000000e+00)
1148          	2.018816e-06	(0.000000e+00 5.462653e-03 0.000000e+00)
1149          	2.074503e-06	(0.000000e+00 5.462653e-03 0.000000e+00)
1150          	2.074496e-06	(0.000000e+00 5.462653e-03 0.000000e+00)
1151          	2.037655e-06	(0.000000e+00 5.462653e-03 0.000000e+00)
1152          	1.967745e-06	(0.000000e+00 5.462653e-03 0.000000e+00)
1153          	1.876470e-06	(0.000000e+00 5.462653e-03 0.000000e+00)
1154          	1.751961e-06	(0.000000e+00 5.462653e-03 0.000000e+00)
1155          	1.679656e-06	(0.000000e+00 5.462653e-03 0.000000e+00)
1156          	1.626553e-06	(0.000000e+00 5.462653e-03 0.000000e+00)
1157          	1.600494e-06	(0.000000e+00 5.462653e-03 0.000000e+00)
1158          	1.601119e-06	(0.000000e+00 5.462653e-03 0.000000e+00)
1159          	1.627663e-06	(0.000000e+00 5.462653e-03 0.000000e+00)
1160          	1.650162e-06	(0.000000e+00 5.462653e-03 0.000000e+00)
1161          	1.674791e-06	(0.000000e+00 5.462653e-03 0.000000e+00)
1162          	1.702129e-06	(0.000000e+00 5.462653e-03 0.000000e+00)
1163          	1.721223e-06	(0.000000e+00 5.462653e-03 0.000000e+00)
1164          	1.732176e-06	(0.000000e+00 5.462653e-03 0.000000e+00)
1165          	1.722315e-06	(0.000000e+00 5.462653e-03 0.000000e+00)
1166          	1.702039e-06	(0.000000e+00 5.462653e-03 0.000000e+00)
1167          	1.651034e-06	(0.000000e+00 5.462653e-03 0.000000e+00)
1168          	1.606077e-06	(0.000000e+00 5.462653e-03 0.000000e+00)
1169          	1.527589e-06	(0.000000e+00 5.462653e-03 0.000000e+00)
1170          	1.442699e-06	(0.000000e+00 5.462653e-03 0.000000e+00)
1171          	1.368125e-06	(0.000000e+00 5.462653e-03 0.000000e+00)
1172          	1.328503e-06	(0.000000e+00 5.462653e-03 0.000000e+00)
1173          	1.285617e-06	(0.000000e+00 5.462653e-03 0.000000e+00)
1174          	1.258808e-06	(0.000000e+00 5.462653e-03 0.000000e+00)
1175          	1.242848e-06	(0.000000e+00 5.462653e-03 0.000000e+00)
1176          	1.238359e-06	(0.000000e+00 5.462653e-03 0.000000e+00)
1177          	1.245208e-06	(0.000000e+00 5.462653e-03 0.000000e+00)
1178          	1.250966e-06	(0.000000e+00 5.462653e-03 0.000000e+00)
1179          	1.257294e-06	(0.000000e+00 5.462653e-03 0.000000e+00)
1180          	1.276339e-06	(0.000000e+00 5.462653e-03 0.000000e+00)
1181          	1.309290e-06	(0.000000e+00 5.462653e-03 0.000000e+00)
1182          	1.337086e-06	(0.000000e+00 5.462653e-03 0.000000e+00)
1183          	1.375176e-06	(0.000000e+00 5.462653e-03 0.000000e+00)
1184          	1.410319e-06	(0.000000e+00 5.462653e-03 0.000000e+00)
1185          	1.442524e-06	(0.000000e+00 5.462653e-03 0.000000e+00)
1186          	1.474331e-06	(0.000000e+00 5.462653e-03 0.000000e+00)
1187          	1.524816e-06	(0.000000e+00 5.462653e-03 0.000000e+00)
1188          	1.596903e-06	(0.000000e+00 5.462653e-03 0.000000e+00)
1189          	1.740419e-06	(0.000000e+00 5.462653e-03 0.000000e+00)
1190          	1.845080e-06	(0.000000e+00 5.462653e-03 0.000000e+00)
1191          	1.885092e-06	(0.000000e+00 5.462653e-03 0.000000e+00)
1192          	1.838617e-06	(0.000000e+00 5.462653e-03 0.000000e+00)
1193          	1.794320e-06	(0.000000e+00 5.462653e-03 0.000000e+00)
1194          	1.725478e-06	(0.000000e+00 5.462653e-03 0.000000e+00)
1195          	1.641750e-06	(0.000000e+00 5.462653e-03 0.000000e+00)
1196          	1.551908e-06	(0.000000e+00 5.462653e-03 0.000000e+00)
1197          	1.457697e-06	(0.000000e+00 5.462653e-03 0.000000e+00)
1198          	1.273817e-06	(0.000000e+00 5.462653e-03 0.000000e+00)
1199          	1.168214e-06	(0.000000e+00 5.462653e-03 0.000000e+00)
1200          	1.192602e-06	(0.000000e+00 5.462653e-03 0.000000e+00)
1201          	1.269023e-06	(0.000000e+00 5.462653e-03 0.000000e+00)
1202          	1.415520e-06	(0.000000e+00 5.462653e-03 0.000000e+00)
1203          	1.736707e-06	(0.000000e+00 5.462653e-03 0.000000e+00)
1204          	1.885893e-06	(0.000000e+00 5.462653e-03 0.000000e+00)
1205          	2.049080e-06	(0.000000e+00 5.462653e-03 0.000000e+00)
1206          	2.290549e-06	(0.000000e+00 5.462653e-03 0.000000e+00)
1207          	2.345124e-06	(0.000000e+00 5.462653e-03 0.000000e+00)
1208          	2.359490e-06	(0.000000e+00 5.462653e-03 0.000000e+00)
1209          	2.330911e-06	(0.000000e+00 5.462653e-03 0.000000e+00)
1210          	2.273967e-06	(0.000000e+00 5.462653e-03 0.000000e+00)
1211          	2.208579e-06	(0.000000e+00 5.462653e-03 0.000000e+00)
1212          	2.141461e-06	(0.000000e+00 5.462653e-03 0.000000e+00)
1213          	2.067584e-06	(0.000000e+00 5.462653e-03 0.000000e+00)
1214          	2.010985e-06	(0.000000e+00 5.462653e-03 0.000000e+00)
1215          	2.017069e-06	(0.000000e+00 5.462653e-03 0.000000e+00)
1216          	2.122697e-06	(0.000000e+00 5.462653e-03 0.000000e+00)
1217          	2.311976e-06	(0.000000e+00 5.462653e-03 0.000000e+00)
1218          	2.539840e-06	(0.000000e+00 5.462653e-03 0.000000e+00)
1219          	2.762973e-06	(0.000000e+00 5.462653e-03 0.000000e+00)
1220          	2.957201e-06	(0.000000e+00 5.462653e-03 0.000000e+00)
1221          	3.126337e-06	(0.000000e+00 5.462653e-03 0.000000e+00)
1222          	3.403059e-06	(0.000000e+00 5.462653e-03 0.000000e+00)
1223          	3.457412e-06	(0.000000e+00 5.462653e-03 0.000000e+00)
1224          	3.450508e-06	(0.000000e+00 5.462653e-03 0.000000e+00)
1225          	3.376239e-06	(0.000000e+00 5.462653e-03 0.000000e+00)
1226          	3.267026e-06	(0.000000e+00 5.462653e-03 0.000000e+00)
1227          	3.159172e-06	(0.000000e+00 5.462653e-03 0.000000e+00)
1228          	3.078215e-06	(0.000000e+00 5.462653e-03 0.000000e+00)
1229          	3.020627e-06	(0.000000e+00 5.462653e-03 0.000000e+00)
1230          	3.038796e-06	(0.000000e+00 5.462653e-03 0.000000e+00)
1231          	3.137224e-06	(0.000000e+00 5.462653e-03 0.000000e+00)
1232          	3.317523e-06	(0.000000e+00 5.462653e-03 0.000000e+00)
1233          	3.543802e-06	(0.000000e+00 5.462653e-03 0.000000e+00)
1234          	3.769002e-06	(0.000000e+00 5.462653e-03 0.000000e+00)
1235          	3.965093e-06	(0.000000e+00 5.462653e-03 0.000000e+00)
1236          	4.123120e-06	(0.000000e+00 5.462653e-03 0.000000e+00)
1237          	4.243347e-06	(0.000000e+00 5.462653e-03 0.000000e+00)
1238          	4.332002e-06	(0.000000e+00 5.462653e-03 0.000000e+00)
1239          	4.401235e-06	(0.000000e+00 5.462653e-03 0.000000e+00)
1240          	4.475257e-06	(0.000000e+00 5.462653e-03 0.000000e+00)
1241          	4.561811e-06	(0.000000e+00 5.462653e-03 0.000000e+00)
1242          	4.665948e-06	(0.000000e+00 5.462653e-03 0.000000e+00)
1243          	4.789450e-06	(0.000000e+00 5.462653e-03 0.000000e+00)
1244          	4.927516e-06	(0.000000e+00 5.462653e-03 0.000000e+00)
1245          	5.076606e-06	(0.000000e+00 5.462653e-03 0.000000e+00)
1246          	5.223666e-06	(0.000000e+00 5.462653e-03 0.000000e+00)
1247          	5.358701e-06	(0.000000e+00 5.462653e-03 0.000000e+00)
1248          	5.473589e-06	(0.000000e+00 5.462653e-03 0.000000e+00)
1249          	5.566727e-06	(0.000000e+00 5.462653e-03 0.000000e+00)
1250          	5.640304e-06	(0.000000e+00 5.462653e-03 0.000000e+00)
1251          	5.710773e-06	(0.000000e+00 5.462653e-03 0.000000e+00)
1252          	5.782194e-06	(0.000000e+00 5.462653e-03 0.000000e+00)
1253          	5.842236e-06	(0.000000e+00 5.462653e-03 0.000000e+00)
1254          	5.874391e-06	(0.000000e+00 5.462653e-03 0.000000e+00)
1255          	5.883259e-06	(0.000000e+00 5.462653e-03 0.000000e+00)
1256          	5.879528e-06	(0.000000e+00 5.462653e-03 0.000000e+00)
1257          	5.873029e-06	(0.000000e+00 5.462653e-03 0.000000e+00)
1258          	5.869843e-06	(0.000000e+00 5.462653e-03 0.000000e+00)
1259          	5.869281e-06	(0.000000e+00 5.462653e-03 0.000000e+00)
1260          	5.885736e-06	(0.000000e+00 5.462653e-03 0.000000e+00)
1261          	5.929144e-06	(0.000000e+00 5.462653e-03 0.000000e+00)
1262          	5.996234e-06	(0.000000e+00 5.462653e-03 0.000000e+00)
1263          	6.075086e-06	(0.000000e+00 5.462653e-03 0.000000e+00)
1264          	6.159686e-06	(0.000000e+00 5.462653e-03 0.000000e+00)
1265          	6.226859e-06	(0.000000e+00 5.462653e-03 0.000000e+00)
1266          	6.256142e-06	(0.000000e+00 5.462653e-03 0.000000e+00)
1267          	6.229112e-06	(0.000000e+00 5.462653e-03 0.000000e+00)
1268          	6.147963e-06	(0.000000e+00 5.462653e-03 0.000000e+00)
1269          	6.031789e-06	(0.000000e+00 5.462653e-03 0.000000e+00)
1270          	5.902441e-06	(0.000000e+00 5.462653e-03 0.000000e+00)
1271          	5.781290e-06	(0.000000e+00 5.462653e-03 0.000000e+00)
1272          	5.676676e-06	(0.000000e+00 5.462653e-03 0.000000e+00)
1273          	5.599090e-06	(0.000000e+00 5.462653e-03 0.000000e+00)
1274          	5.550879e-06	(0.000000e+00 5.462653e-03 0.000000e+00)
1275          	5.531215e-06	(0.000000e+00 5.462653e-03 0.000000e+00)
1276          	5.530817e-06	(0.000000e+00 5.462653e-03 0.000000e+00)
1277          	5.539750e-06	(0.000000e+00 5.462653e-03 0.000000e+00)
1278          	5.545024e-06	(0.000000e+00 5.462653e-03 0.000000e+00)
1279          	5.537730e-06	(0.000000e+00 5.462653e-03 0.000000e+00)
1280          	5.511737e-06	(0.000000e+00 5.462653e-03 0.000000e+00)
1281          	5.474606e-06	(0.000000e+00 5.462653e-03 0.000000e+00)
1282          	5.438949e-06	(0.000000e+00 5.462653e-03 0.000000e+00)
1283          	5.384652e-06	(0.000000e+00 5.462653e-03 0.000000e+00)
1284          	5.336311e-06	(0.000000e+00 5.462653e-03 0.000000e+00)
1285          	5.362572e-06	(0.000000e+00 5.462653e-03 0.000000e+00)
1286          	4.632873e-06	(0.000000e+00 5.462653e-03 0.000000e+00)
1287          	4.985929e-06	(0.000000e+00 5.462653e-03 0.000000e+00)
1288          	5.577136e-06	(0.000000e+00 5.462653e-03 0.000000e+00)
1289          	6.087197e-06	(0.000000e+00 5.462653e-03 0.000000e+00)
1290          	6.510936e-06	(0.000000e+00 5.462653e-03 0.000000e+00)
1291          	6.364108e-06	(0.000000e+00 5.462653e-03 0.000000e+00)
1292          	5.965187e-06	(0.000000e+00 5.462653e-03 0.000000e+00)
1293          	5.189658e-06	(0.000000e+00 5.462653e-03 0.000000e+00)
1294          	4.241037e-06	(0.000000e+00 5.462653e-03 0.000000e+00)
1295          	3.658230e-06	(0.000000e+00 5.462653e-03 0.000000e+00)
1296          	3.518487e-06	(0.000000e+00 5.462653e-03 0.000000e+00)
1297          	3.683310e-06	(0.000000e+00 5.462653e-03 0.000000e+00)
1298          	4.238940e-06	(0.000000e+00 5.462653e-03 0.000000e+00)
1299          	4.932701e-06	(0.000000e+00 5.462653e-03 0.000000e+00)
1300          	5.438947e-06	(0.000000e+00 5.462653e-03 0.000000e+00)
1301          	5.606545e-06	(0.000000e+00 5.462653e-03 0.000000e+00)
1302          	5.617130e-06	(0.000000e+00 5.462653e-03 0.000000e+00)
1303          	5.480544e-06	(0.000000e+00 5.462653e-03 0.000000e+00)
1304          	5.246039e-06	(0.000000e+00 5.462653e-03 0.000000e+00)
1305          	4.974860e-06	(0.000000e+00 5.462653e-03 0.000000e+00)
1306          	4.724192e-06	(0.000000e+00 5.462653e-03 0.000000e+00)
1307          	4.497366e-06	(0.000000e+00 5.462653e-03 0.000000e+00)
1308          	4.313874e-06	(0.000000e+00 5.462653e-03 0.000000e+00)
1309          	4.286636e-06	(0.000000e+00 5.462653e-03 0.000000e+00)
1310          	4.327395e-06	(0.000000e+00 5.462653e-03 0.000000e+00)
1311          	4.403807e-06	(0.000000e+00 5.462653e-03 0.000000e+00)
1312          	4.494527e-06	(0.000000e+00 5.462653e-03 0.000000e+00)
1313          	4.593349e-06	(0.000000e+00 5.462653e-03 0.000000e+00)
1314          	4.688895e-06	(0.000000e+00 5.462653e-03 0.000000e+00)
1315          	4.766082e-06	(0.000000e+00 5.462653e-03 0.000000e+00)
1316          	4.795203e-06	(0.000000e+00 5.462653e-03 0.000000e+00)
1317          	4.768193e-06	(0.000000e+00 5.462653e-03 0.000000e+00)
1318          	4.678627e-06	(0.000000e+00 5.462653e-03 0.000000e+00)
1319          	4.562445e-06	(0.000000e+00 5.462653e-03 0.000000e+00)
1320          	4.450073e-06	(0.000000e+00 5.462653e-03 0.000000e+00)
1321          	4.334216e-06	(0.000000e+00 5.462653e-03 0.000000e+00)
1322          	4.170365e-06	(0.000000e+00 5.462653e-03 0.000000e+00)
1323          	3.890952e-06	(0.000000e+00 5.462653e-03 0.000000e+00)
1324          	3.730626e-06	(0.000000e+00 5.462653e-03 0.000000e+00)
1325          	3.669933e-06	(0.000000e+00 5.462653e-03 0.000000e+00)
1326          	3.763033e-06	(0.000000e+00 5.462653e-03 0.000000e+00)
1327          	3.863427e-06	(0.000000e+00 5.462653e-03 0.000000e+00)
1328          	3.980393e-06	(0.000000e+00 5.462653e-03 0.000000e+00)
1329          	4.108923e-06	(0.000000e+00 5.462653e-03 0.000000e+00)
1330          	4.316068e-06	(0.000000e+00 5.462653e-03 0.000000e+00)
1331          	4.513209e-06	(0.000000e+00 5.462653e-03 0.000000e+00)
1332          	4.591330e-06	(0.000000e+00 5.462653e-03 0.000000e+00)
1333          	4.607461e-06	(0.000000e+00 5.462653e-03 0.000000e+00)
1334          	4.558346e-06	(0.000000e+00 5.462653e-03 0.000000e+00)
1335          	4.398306e-06	(0.000000e+00 5.462653e-03 0.000000e+00)
1336          	4.218856e-06	(0.000000e+00 5.462653e-03 0.000000e+00)
1337          	3.962946e-06	(0.000000e+00 5.462653e-03 0.000000e+00)
1338          	3.698736e-06	(0.000000e+00 5.462653e-03 0.000000e+00)
1339          	3.445987e-06	(0.000000e+00 5.462653e-03 0.000000e+00)
1340          	3.033591e-06	(0.000000e+00 5.462653e-03 0.000000e+00)
1341          	2.926266e-06	(0.000000e+00 5.462653e-03 0.000000e+00)
1342          	2.953983e-06	(0.000000e+00 5.462653e-03 0.000000e+00)
1343          	3.213488e-06	(0.000000e+00 5.462653e-03 0.000000e+00)
1344          	3.432630e-06	(0.000000e+00 5.462653e-03 0.000000e+00)
1345          	3.686244e-06	(0.000000e+00 5.462653e-03 0.000000e+00)
1346          	3.940570e-06	(0.000000e+00 5.462653e-03 0.000000e+00)
1347          	4.116111e-06	(0.000000e+00 5.462653e-03 0.000000e+00)
1348          	4.175565e-06	(0.000000e+00 5.462653e-03 0.000000e+00)
1349          	4.104965e-06	(0.000000e+00 5.462653e-03 0.000000e+00)
1350          	3.937394e-06	(0.000000e+00 5.462653e-03 0.000000e+00)
1351          	3.492498e-06	(0.000000e+00 5.462653e-03 0.000000e+00)
1352          	3.337802e-06	(0.000000e+00 5.462653e-03 0.000000e+00)
1353          	3.238420e-06	(0.000000e+00 5.462653e-03 0.000000e+00)
1354          	3.176700e-06	(0.000000e+00 5.462653e-03 0.000000e+00)
1355          	3.165515e-06	(0.000000e+00 5.462653e-03 0.000000e+00)
1356          	3.166247e-06	(0.000000e+00 5.462653e-03 0.000000e+00)
1357          	3.169775e-06	(0.000000e+00 5.462653e-03 0.000000e+00)
1358          	3.163337e-06	(0.000000e+00 5.462653e-03 0.000000e+00)
1359          	3.150160e-06	(0.000000e+00 5.462653e-03 0.000000e+00)
1360          	3.136981e-06	(0.000000e+00 5.462653e-03 0.000000e+00)
1361          	3.125274e-06	(0.000000e+00 5.462653e-03 0.000000e+00)
1362          	3.113139e-06	(0.000000e+00 5.462653e-03 0.000000e+00)
1363          	3.099759e-06	(0.000000e+00 5.462653e-03 0.000000e+00)
1364          	3.086403e-06	(0.000000e+00 5.462653e-03 0.000000e+00)
1365          	3.078419e-06	(0.000000e+00 5.462653e-03 0.000000e+00)
1366          	3.070478e-06	(0.000000e+00 5.462653e-03 0.000000e+00)
1367          	3.066704e-06	(0.000000e+00 5.462653e-03 0.000000e+00)
1368          	3.056617e-06	(0.000000e+00 5.462653e-03 0.000000e+00)
1369          	3.039847e-06	(0.000000e+00 5.462653e-03 0.000000e+00)
1370          	3.010811e-06	(0.000000e+00 5.462653e-03 0.000000e+00)
1371          	2.968485e-06	(0.000000e+00 5.462653e-03 0.000000e+00)
1372          	2.902279e-06	(0.000000e+00 5.462653e-03 0.000000e+00)
1373          	2.813114e-06	(0.000000e+00 5.462653e-03 0.000000e+00)
1374          	2.721903e-06	(0.000000e+00 5.462653e-03 0.000000e+00)
1375          	2.639900e-06	(0.000000e+00 5.462653e-03 0.000000e+00)
1376          	2.580365e-06	(0.000000e+00 5.462653e-03 0.000000e+00)
1377          	2.548940e-06	(0.000000e+00 5.462653e-03 0.000000e+00)
1378          	2.541322e-06	(0.000000e+00 5.462653e-03 0.000000e+00)
1379          	2.549470e-06	(0.000000e+00 5.462653e-03 0.000000e+00)
1380          	2.561895e-06	(0.000000e+00 5.462653e-03 0.000000e+00)
1381          	2.574843e-06	(0.000000e+00 5.462653e-03 0.000000e+00)
1382          	2.584058e-06	(0.000000e+00 5.462653e-03 0.000000e+00)
1383          	2.587309e-06	(0.000000e+00 5.462653e-03 0.000000e+00)
1384          	2.591111e-06	(0.000000e+00 5.462653e-03 0.000000e+00)
1385          	2.604213e-06	(0.000000e+00 5.462653e-03 0.000000e+00)
1386          	2.623733e-06	(0.000000e+00 5.462653e-03 0.000000e+00)
1387          	2.644395e-06	(0.000000e+00 5.462653e-03 0.000000e+00)
1388          	2.661703e-06	(0.000000e+00 5.462653e-03 0.000000e+00)
1389          	2.671121e-06	(0.000000e+00 5.462653e-03 0.000000e+00)
1390          	2.671037e-06	(0.000000e+00 5.462653e-03 0.000000e+00)
1391          	2.666576e-06	(0.000000e+00 5.462653e-03 0.000000e+00)
1392          	2.662453e-06	(0.000000e+00 5.462653e-03 0.000000e+00)
1393          	2.661303e-06	(0.000000e+00 5.462653e-03 0.000000e+00)
1394          	2.664393e-06	(0.000000e+00 5.462653e-03 0.000000e+00)
1395          	2.676769e-06	(0.000000e+00 5.462653e-03 0.000000e+00)
1396          	2.681293e-06	(0.000000e+00 5.462653e-03 0.000000e+00)
1397          	2.688492e-06	(0.000000e+00 5.462653e-03 0.000000e+00)
1398          	2.698920e-06	(0.000000e+00 5.462653e-03 0.000000e+00)
1399          	2.710872e-06	(0.000000e+00 5.462653e-03 0.000000e+00)
1400          	2.726416e-06	(0.000000e+00 5.462653e-03 0.000000e+00)
1401          	2.744775e-06	(0.000000e+00 5.462653e-03 0.000000e+00)
1402          	2.765892e-06	(0.000000e+00 5.462653e-03 0.000000e+00)
1403          	2.786592e-06	(0.000000e+00 5.462653e-03 0.000000e+00)
1404          	2.803936e-06	(0.000000e+00 5.462653e-03 0.000000e+00)
1405          	2.820392e-06	(0.000000e+00 5.462653e-03 0.000000e+00)
1406          	2.835644e-06	(0.000000e+00 5.462653e-03 0.000000e+00)
1407          	2.855482e-06	(0.000000e+00 5.462653e-03 0.000000e+00)
1408          	2.871421e-06	(0.000000e+00 5.462653e-03 0.000000e+00)
1409          	2.897638e-06	(0.000000e+00 5.462653e-03 0.000000e+00)
1410          	2.946469e-06	(0.000000e+00 5.462653e-03 0.000000e+00)
1411          	3.016881e-06	(0.000000e+00 5.462653e-03 0.000000e+00)
1412          	3.078961e-06	(0.000000e+00 5.462653e-03 0.000000e+00)
1413          	3.170768e-06	(0.000000e+00 5.462653e-03 0.000000e+00)
1414          	3.235548e-06	(0.000000e+00 5.462653e-03 0.000000e+00)
1415          	3.312520e-06	(0.000000e+00 5.462653e-03 0.000000e+00)
1416          	3.387689e-06	(0.000000e+00 5.462653e-03 0.000000e+00)
1417          	3.444633e-06	(0.000000e+00 5.462653e-03 0.000000e+00)
1418          	3.477673e-06	(0.000000e+00 5.462653e-03 0.000000e+00)
1419          	3.484878e-06	(0.000000e+00 5.462653e-03 0.000000e+00)
1420          	3.471372e-06	(0.000000e+00 5.462653e-03 0.000000e+00)
1421          	3.448002e-06	(0.000000e+00 5.462653e-03 0.000000e+00)
1422          	3.423751e-06	(0.000000e+00 5.462653e-03 0.000000e+00)
1423          	3.407505e-06	(0.000000e+00 5.462653e-03 0.000000e+00)
1424          	3.408672e-06	(0.000000e+00 5.462653e-03 0.000000e+00)
1425          	3.432312e-06	(0.000000e+00 5.462653e-03 0.000000e+00)
1426          	3.475882e-06	(0.000000e+00 5.462653e-03 0.000000e+00)
1427          	3.531985e-06	(0.000000e+00 5.462653e-03 0.000000e+00)
1428          	3.592688e-06	(0.000000e+00 5.462653e-03 0.000000e+00)
1429          	3.649954e-06	(0.000000e+00 5.462653e-03 0.000000e+00)
1430          	3.696121e-06	(0.000000e+00 5.462653e-03 0.000000e+00)
1431          	3.722950e-06	(0.000000e+00 5.462653e-03 0.000000e+00)
1432          	3.728637e-06	(0.000000e+00 5.462653e-03 0.000000e+00)
1433          	3.716178e-06	(0.000000e+00 5.462653e-03 0.000000e+00)
1434          	3.695389e-06	(0.000000e+00 5.462653e-03 0.000000e+00)
1435          	3.676256e-06	(0.000000e+00 5.462653e-03 0.000000e+00)
1436          	3.665809e-06	(0.000000e+00 5.462653e-03 0.000000e+00)
1437          	3.666467e-06	(0.000000e+00 5.462653e-03 0.000000e+00)
1438          	3.676359e-06	(0.000000e+00 5.462653e-03 0.000000e+00)
1439          	3.690838e-06	(0.000000e+00 5.462653e-03 0.000000e+00)
1440          	3.705371e-06	(0.000000e+00 5.462653e-03 0.000000e+00)
1441          	3.714481e-06	(0.000000e+00 5.462653e-03 0.000000e+00)
1442          	3.717025e-06	(0.000000e+00 5.462653e-03 0.000000e+00)
1443          	3.714544e-06	(0.000000e+00 5.462653e-03 0.000000e+00)
1444          	3.707676e-06	(0.000000e+00 5.462653e-03 0.000000e+00)
1445          	3.697211e-06	(0.000000e+00 5.462653e-03 0.000000e+00)
1446          	3.681526e-06	(0.000000e+00 5.462653e-03 0.000000e+00)
1447          	3.660323e-06	(0.000000e+00 5.462653e-03 0.000000e+00)
1448          	3.635968e-06	(0.000000e+00 5.462653e-03 0.000000e+00)
1449          	3.611183e-06	(0.000000e+00 5.462653e-03 0.000000e+00)
1450          	3.588060e-06	(0.000000e+00 5.462653e-03 0.000000e+00)
1451          	3.571085e-06	(0.000000e+00 5.462653e-03 0.000000e+00)
1452          	3.559466e-06	(0.000000e+00 5.462653e-03 0.000000e+00)
1453          	3.550078e-06	(0.000000e+00 5.462653e-03 0.000000e+00)
1454          	3.543044e-06	(0.000000e+00 5.462653e-03 0.000000e+00)
1455          	3.538549e-06	(0.000000e+00 5.462653e-03 0.000000e+00)
1456          	3.536792e-06	(0.000000e+00 5.462653e-03 0.000000e+00)
1457          	3.535276e-06	(0.000000e+00 5.462653e-03 0.000000e+00)
1458          	3.534959e-06	(0.000000e+00 5.462653e-03 0.000000e+00)
1459          	3.535623e-06	(0.000000e+00 5.462653e-03 0.000000e+00)
1460          	3.537620e-06	(0.000000e+00 5.462653e-03 0.000000e+00)
1461          	3.542745e-06	(0.000000e+00 5.462653e-03 0.000000e+00)
1462          	3.551174e-06	(0.000000e+00 5.462653e-03 0.000000e+00)
1463          	3.560934e-06	(0.000000e+00 5.462653e-03 0.000000e+00)
1464          	3.568317e-06	(0.000000e+00 5.462653e-03 0.000000e+00)
1465          	3.575864e-06	(0.000000e+00 5.462653e-03 0.000000e+00)
1466          	3.581732e-06	(0.000000e+00 5.462653e-03 0.000000e+00)
1467          	3.585414e-06	(0.000000e+00 5.462653e-03 0.000000e+00)
1468          	3.588574e-06	(0.000000e+00 5.462653e-03 0.000000e+00)
1469          	3.592740e-06	(0.000000e+00 5.462653e-03 0.000000e+00)
1470          	3.593913e-06	(0.000000e+00 5.462653e-03 0.000000e+00)
1471          	3.592841e-06	(0.000000e+00 5.462653e-03 0.000000e+00)
1472          	3.586550e-06	(0.000000e+00 5.462653e-03 0.000000e+00)
1473          	3.575019e-06	(0.000000e+00 5.462653e-03 0.000000e+00)
1474          	3.562497e-06	(0.000000e+00 5.462653e-03 0.000000e+00)
1475          	3.541131e-06	(0.000000e+00 5.462653e-03 0.000000e+00)
1476          	3.518576e-06	(0.000000e+00 5.462653e-03 0.000000e+00)
1477          	3.491050e-06	(0.000000e+00 5.462653e-03 0.000000e+00)
1478          	3.462499e-06	(0.000000e+00 5.462653e-03 0.000000e+00)
1479          	3.437398e-06	(0.000000e+00 5.462653e-03 0.000000e+00)
1480          	3.420292e-06	(0.000000e+00 5.462653e-03 0.000000e+00)
1481          	3.410084e-06	(0.000000e+00 5.462653e-03 0.000000e+00)
1482          	3.413866e-06	(0.000000e+00 5.462653e-03 0.000000e+00)
1483          	3.426512e-06	(0.000000e+00 5.462653e-03 0.000000e+00)
1484          	3.443312e-06	(0.000000e+00 5.462653e-03 0.000000e+00)
1485          	3.459443e-06	(0.000000e+00 5.462653e-03 0.000000e+00)
1486          	3.473979e-06	(0.000000e+00 5.462653e-03 0.000000e+00)
1487          	3.480885e-06	(0.000000e+00 5.462653e-03 0.000000e+00)
1488          	3.477277e-06	(0.000000e+00 5.462653e-03 0.000000e+00)
1489          	3.467181e-06	(0.000000e+00 5.462653e-03 0.000000e+00)
1490          	3.449046e-06	(0.000000e+00 5.462653e-03 0.000000e+00)
1491          	3.426275e-06	(0.000000e+00 5.462653e-03 0.000000e+00)
1492          	3.404254e-06	(0.000000e+00 5.462653e-03 0.000000e+00)
1493          	3.386922e-06	(0.000000e+00 5.462653e-03 0.000000e+00)
1494          	3.376749e-06	(0.000000e+00 5.462653e-03 0.000000e+00)
1495          	3.373401e-06	(0.000000e+00 5.462653e-03 0.000000e+00)
1496          	3.372218e-06	(0.000000e+00 5.462653e-03 0.000000e+00)
1497          	3.373363e-06	(0.000000e+00 5.462653e-03 0.000000e+00)
1498          	3.373837e-06	(0.000000e+00 5.462653e-03 0.000000e+00)
1499          	3.375453e-06	(0.000000e+00 5.462653e-03 0.000000e+00)
1500          	3.376625e-06	(0.000000e+00 5.462653e-03 0.000000e+00)
1501          	3.381890e-06	(0.000000e+00 5.462653e-03 0.000000e+00)
1502          	3.382798e-06	(0.000000e+00 5.462653e-03 0.000000e+00)
1503          	3.387477e-06	(0.000000e+00 5.462653e-03 0.000000e+00)
1504          	3.391849e-06	(0.000000e+00 5.462653e-03 0.000000e+00)
1505          	3.402215e-06	(0.000000e+00 5.462653e-03 0.000000e+00)
1506          	3.413943e-06	(0.000000e+00 5.462653e-03 0.000000e+00)
1507          	3.423000e-06	(0.000000e+00 5.462653e-03 0.000000e+00)
1508          	3.424189e-06	(0.000000e+00 5.462653e-03 0.000000e+00)
1509          	3.417857e-06	(0.000000e+00 5.462653e-03 0.000000e+00)
1510          	3.402379e-06	(0.000000e+00 5.462653e-03 0.000000e+00)
1511          	3.380111e-06	(0.000000e+00 5.462653e-03 0.000000e+00)
1512          	3.363233e-06	(0.000000e+00 5.462653e-03 0.000000e+00)
1513          	3.346382e-06	(0.000000e+00 5.462653e-03 0.000000e+00)
1514          	3.327479e-06	(0.000000e+00 5.462653e-03 0.000000e+00)
1515          	3.313706e-06	(0.000000e+00 5.462653e-03 0.000000e+00)
1516          	3.311399e-06	(0.000000e+00 5.462653e-03 0.000000e+00)
1517          	3.311538e-06	(0.000000e+00 5.462653e-03 0.000000e+00)
1518          	3.317242e-06	(0.000000e+00 5.462653e-03 0.000000e+00)
1519          	3.324033e-06	(0.000000e+00 5.462653e-03 0.000000e+00)
1520          	3.325643e-06	(0.000000e+00 5.462653e-03 0.000000e+00)
1521          	3.312314e-06	(0.000000e+00 5.462653e-03 0.000000e+00)
1522          	3.296533e-06	(0.000000e+00 5.462653e-03 0.000000e+00)
1523          	3.273109e-06	(0.000000e+00 5.462653e-03 0.000000e+00)
1524          	3.231807e-06	(0.000000e+00 5.462653e-03 0.000000e+00)
1525          	3.197684e-06	(0.000000e+00 5.462653e-03 0.000000e+00)
1526          	3.180435e-06	(0.000000e+00 5.462653e-03 0.000000e+00)
1527          	3.178099e-06	(0.000000e+00 5.462653e-03 0.000000e+00)
1528          	3.180734e-06	(0.000000e+00 5.462653e-03 0.000000e+00)
1529          	3.183486e-06	(0.000000e+00 5.462653e-03 0.000000e+00)
1530          	3.177565e-06	(0.000000e+00 5.462653e-03 0.000000e+00)
1531          	3.173551e-06	(0.000000e+00 5.462653e-03 0.000000e+00)
1532          	3.154352e-06	(0.000000e+00 5.462653e-03 0.000000e+00)
1533          	3.123834e-06	(0.000000e+00 5.462653e-03 0.000000e+00)
1534          	3.080700e-06	(0.000000e+00 5.462653e-03 0.000000e+00)
1535          	3.012460e-06	(0.000000e+00 5.462653e-03 0.000000e+00)
1536          	2.946888e-06	(0.000000e+00 5.462653e-03 0.000000e+00)
1537          	2.917298e-06	(0.000000e+00 5.462653e-03 0.000000e+00)
1538          	2.896388e-06	(0.000000e+00 5.462653e-03 0.000000e+00)
1539          	2.888279e-06	(0.000000e+00 5.462653e-03 0.000000e+00)
1540          	2.891126e-06	(0.000000e+00 5.462653e-03 0.000000e+00)
1541          	2.898638e-06	(0.000000e+00 5.462653e-03 0.000000e+00)
1542          	2.906113e-06	(0.000000e+00 5.462653e-03 0.000000e+00)
1543          	2.908221e-06	(0.000000e+00 5.462653e-03 0.000000e+00)
1544          	2.903292e-06	(0.000000e+00 5.462653e-03 0.000000e+00)
1545          	2.891675e-06	(0.000000e+00 5.462653e-03 0.000000e+00)
1546          	2.871561e-06	(0.000000e+00 5.462653e-03 0.000000e+00)
1547          	2.843598e-06	(0.000000e+00 5.462653e-03 0.000000e+00)
1548          	2.808722e-06	(0.000000e+00 5.462653e-03 0.000000e+00)
1549          	2.771518e-06	(0.000000e+00 5.462653e-03 0.000000e+00)
1550          	2.735996e-06	(0.000000e+00 5.462653e-03 0.000000e+00)
1551          	2.703059e-06	(0.000000e+00 5.462653e-03 0.000000e+00)
1552          	2.673430e-06	(0.000000e+00 5.462653e-03 0.000000e+00)
1553          	2.647710e-06	(0.000000e+00 5.462653e-03 0.000000e+00)
1554          	2.627468e-06	(0.000000e+00 5.462653e-03 0.000000e+00)
1555          	2.613950e-06	(0.000000e+00 5.462653e-03 0.000000e+00)
1556          	2.607826e-06	(0.000000e+00 5.462653e-03 0.000000e+00)
1557          	2.603867e-06	(0.000000e+00 5.462653e-03 0.000000e+00)
1558          	2.600000e-06	(0.000000e+00 5.462653e-03 0.000000e+00)
1559          	2.596358e-06	(0.000000e+00 5.462653e-03 0.000000e+00)
1560          	2.585229e-06	(0.000000e+00 5.462653e-03 0.000000e+00)
1561          	2.582134e-06	(0.000000e+00 5.462653e-03 0.000000e+00)
1562          	2.559245e-06	(0.000000e+00 5.462653e-03 0.000000e+00)
1563          	2.546638e-06	(0.000000e+00 5.462653e-03 0.000000e+00)
1564          	2.538334e-06	(0.000000e+00 5.462653e-03 0.000000e+00)
1565          	2.524733e-06	(0.000000e+00 5.462653e-03 0.000000e+00)
1566          	2.514861e-06	(0.000000e+00 5.462653e-03 0.000000e+00)
1567          	2.506161e-06	(0.000000e+00 5.462653e-03 0.000000e+00)
1568          	2.481822e-06	(0.000000e+00 5.462653e-03 0.000000e+00)
1569          	2.443201e-06	(0.000000e+00 5.462653e-03 0.000000e+00)
1570          	2.396152e-06	(0.000000e+00 5.462653e-03 0.000000e+00)
1571          	2.376460e-06	(0.000000e+00 5.462653e-03 0.000000e+00)
1572          	2.374110e-06	(0.000000e+00 5.462653e-03 0.000000e+00)
1573          	2.390141e-06	(0.000000e+00 5.462653e-03 0.000000e+00)
1574          	2.406964e-06	(0.000000e+00 5.462653e-03 0.000000e+00)
1575          	2.438806e-06	(0.000000e+00 5.462653e-03 0.000000e+00)
1576          	2.461630e-06	(0.000000e+00 5.462653e-03 0.000000e+00)
1577          	2.468350e-06	(0.000000e+00 5.462653e-03 0.000000e+00)
1578          	2.459215e-06	(0.000000e+00 5.462653e-03 0.000000e+00)
1579          	2.438650e-06	(0.000000e+00 5.462653e-03 0.000000e+00)
1580          	2.413349e-06	(0.000000e+00 5.462653e-03 0.000000e+00)
1581          	2.386096e-06	(0.000000e+00 5.462653e-03 0.000000e+00)
1582          	2.359860e-06	(0.000000e+00 5.462653e-03 0.000000e+00)
1583          	2.338008e-06	(0.000000e+00 5.462653e-03 0.000000e+00)
1584          	2.323204e-06	(0.000000e+00 5.462653e-03 0.000000e+00)
1585          	2.317342e-06	(0.000000e+00 5.462653e-03 0.000000e+00)
1586          	2.321004e-06	(0.000000e+00 5.462653e-03 0.000000e+00)
1587          	2.332673e-06	(0.000000e+00 5.462653e-03 0.000000e+00)
1588          	2.348670e-06	(0.000000e+00 5.462653e-03 0.000000e+00)
1589          	2.363640e-06	(0.000000e+00 5.462653e-03 0.000000e+00)
1590          	2.374580e-06	(0.000000e+00 5.462653e-03 0.000000e+00)
1591          	2.378413e-06	(0.000000e+00 5.462653e-03 0.000000e+00)
1592          	2.374638e-06	(0.000000e+00 5.462653e-03 0.000000e+00)
1593          	2.364928e-06	(0.000000e+00 5.462653e-03 0.000000e+00)
1594          	2.351675e-06	(0.000000e+00 5.462653e-03 0.000000e+00)
1595          	2.338370e-06	(0.000000e+00 5.462653e-03 0.000000e+00)
1596          	2.328814e-06	(0.000000e+00 5.462653e-03 0.000000e+00)
1597          	2.322973e-06	(0.000000e+00 5.462653e-03 0.000000e+00)
1598          	2.321345e-06	(0.000000e+00 5.462653e-03 0.000000e+00)
1599          	2.322038e-06	(0.000000e+00 5.462653e-03 0.000000e+00)
1600          	2.322852e-06	(0.000000e+00 5.462653e-03 0.000000e+00)
1601          	2.322197e-06	(0.000000e+00 5.462653e-03 0.000000e+00)
1602          	2.320356e-06	(0.000000e+00 5.462653e-03 0.000000e+00)
1603          	2.317590e-06	(0.000000e+00 5.462653e-03 0.000000e+00)
1604          	2.313997e-06	(0.000000e+00 5.462653e-03 0.000000e+00)
1605          	2.310359e-06	(0.000000e+00 5.462653e-03 0.000000e+00)
1606          	2.306400e-06	(0.000000e+00 5.462653e-03 0.000000e+00)
1607          	2.314851e-06	(0.000000e+00 5.462653e-03 0.000000e+00)
1608          	2.314882e-06	(0.000000e+00 5.462653e-03 0.000000e+00)
1609          	2.313552e-06	(0.000000e+00 5.462653e-03 0.000000e+00)
1610          	2.305701e-06	(0.000000e+00 5.462653e-03 0.000000e+00)
1611          	2.289728e-06	(0.000000e+00 5.462653e-03 0.000000e+00)
1612          	2.278657e-06	(0.000000e+00 5.462653e-03 0.000000e+00)
1613          	2.262476e-06	(0.000000e+00 5.462653e-03 0.000000e+00)
1614          	2.265846e-06	(0.000000e+00 5.462653e-03 0.000000e+00)
1615          	2.280888e-06	(0.000000e+00 5.462653e-03 0.000000e+00)
1616          	2.301670e-06	(0.000000e+00 5.462653e-03 0.000000e+00)
1617          	2.322650e-06	(0.000000e+00 5.462653e-03 0.000000e+00)
1618          	2.337034e-06	(0.000000e+00 5.462653e-03 0.000000e+00)
1619          	2.339894e-06	(0.000000e+00 5.462653e-03 0.000000e+00)
1620          	2.333305e-06	(0.000000e+00 5.462653e-03 0.000000e+00)
1621          	2.317335e-06	(0.000000e+00 5.462653e-03 0.000000e+00)
1622          	2.296745e-06	(0.000000e+00 5.462653e-03 0.000000e+00)
1623          	2.276229e-06	(0.000000e+00 5.462653e-03 0.000000e+00)
1624          	2.257345e-06	(0.000000e+00 5.462653e-03 0.000000e+00)
1625          	2.242116e-06	(0.000000e+00 5.462653e-03 0.000000e+00)
1626          	2.233458e-06	(0.000000e+00 5.462653e-03 0.000000e+00)
1627          	2.231528e-06	(0.000000e+00 5.462653e-03 0.000000e+00)
1628          	2.235524e-06	(0.000000e+00 5.462653e-03 0.000000e+00)
1629          	2.243340e-06	(0.000000e+00 5.462653e-03 0.000000e+00)
1630          	2.252586e-06	(0.000000e+00 5.462653e-03 0.000000e+00)
1631          	2.261616e-06	(0.000000e+00 5.462653e-03 0.000000e+00)
1632          	2.268737e-06	(0.000000e+00 5.462653e-03 0.000000e+00)
1633          	2.271885e-06	(0.000000e+00 5.462653e-03 0.000000e+00)
1634          	2.271335e-06	(0.000000e+00 5.462653e-03 0.000000e+00)
1635          	2.267105e-06	(0.000000e+00 5.462653e-03 0.000000e+00)
1636          	2.259443e-06	(0.000000e+00 5.462653e-03 0.000000e+00)
1637          	2.247464e-06	(0.000000e+00 5.462653e-03 0.000000e+00)
1638          	2.232004e-06	(0.000000e+00 5.462653e-03 0.000000e+00)
1639          	2.215371e-06	(0.000000e+00 5.462653e-03 0.000000e+00)
1640          	2.200240e-06	(0.000000e+00 5.462653e-03 0.000000e+00)
1641          	2.189517e-06	(0.000000e+00 5.462653e-03 0.000000e+00)
1642          	2.184856e-06	(0.000000e+00 5.462653e-03 0.000000e+00)
1643          	2.185359e-06	(0.000000e+00 5.462653e-03 0.000000e+00)
1644          	2.190374e-06	(0.000000e+00 5.462653e-03 0.000000e+00)
1645          	2.198358e-06	(0.000000e+00 5.462653e-03 0.000000e+00)
1646          	2.207487e-06	(0.000000e+00 5.462653e-03 0.000000e+00)
1647          	2.215750e-06	(0.000000e+00 5.462653e-03 0.000000e+00)
1648          	2.222079e-06	(0.000000e+00 5.462653e-03 0.000000e+00)
1649          	2.225265e-06	(0.000000e+00 5.462653e-03 0.000000e+00)
1650          	2.223665e-06	(0.000000e+00 5.462653e-03 0.000000e+00)
1651          	2.219185e-06	(0.000000e+00 5.462653e-03 0.000000e+00)
1652          	2.211423e-06	(0.000000e+00 5.462653e-03 0.000000e+00)
1653          	2.201296e-06	(0.000000e+00 5.462653e-03 0.000000e+00)
1654          	2.190330e-06	(0.000000e+00 5.462653e-03 0.000000e+00)
1655          	2.180390e-06	(0.000000e+00 5.462653e-03 0.000000e+00)
1656          	2.172982e-06	(0.000000e+00 5.462653e-03 0.000000e+00)
1657          	2.169035e-06	(0.000000e+00 5.462653e-03 0.000000e+00)
1658          	2.168959e-06	(0.000000e+00 5.462653e-03 0.000000e+00)
1659          	2.171986e-06	(0.000000e+00 5.462653e-03 0.000000e+00)
1660          	2.176770e-06	(0.000000e+00 5.462653e-03 0.000000e+00)
1661          	2.181675e-06	(0.000000e+00 5.462653e-03 0.000000e+00)
1662          	2.185570e-06	(0.000000e+00 5.462653e-03 0.000000e+00)
1663          	2.187647e-06	(0.000000e+00 5.462653e-03 0.000000e+00)
1664          	2.188116e-06	(0.000000e+00 5.462653e-03 0.000000e+00)
1665          	2.187541e-06	(0.000000e+00 5.462653e-03 0.000000e+00)
1666          	2.186056e-06	(0.000000e+00 5.462653e-03 0.000000e+00)
1667          	2.184678e-06	(0.000000e+00 5.462653e-03 0.000000e+00)
1668          	2.185047e-06	(0.000000e+00 5.462653e-03 0.000000e+00)
1669          	2.186961e-06	(0.000000e+00 5.462653e-03 0.000000e+00)
1670          	2.190764e-06	(0.000000e+00 5.462653e-03 0.000000e+00)
1671          	2.195565e-06	(0.000000e+00 5.462653e-03 0.000000e+00)
1672          	2.201004e-06	(0.000000e+00 5.462653e-03 0.000000e+00)
1673          	2.206448e-06	(0.000000e+00 5.462653e-03 0.000000e+00)
1674          	2.211403e-06	(0.000000e+00 5.462653e-03 0.000000e+00)
1675          	2.216537e-06	(0.000000e+00 5.462653e-03 0.000000e+00)
1676          	2.220619e-06	(0.000000e+00 5.462653e-03 0.000000e+00)
1677          	2.224546e-06	(0.000000e+00 5.462653e-03 0.000000e+00)
1678          	2.227397e-06	(0.000000e+00 5.462653e-03 0.000000e+00)
1679          	2.229859e-06	(0.000000e+00 5.462653e-03 0.000000e+00)
1680          	2.232752e-06	(0.000000e+00 5.462653e-03 0.000000e+00)
1681          	2.236119e-06	(0.000000e+00 5.462653e-03 0.000000e+00)
1682          	2.240032e-06	(0.000000e+00 5.462653e-03 0.000000e+00)
1683          	2.245227e-06	(0.000000e+00 5.462653e-03 0.000000e+00)
1684          	2.251168e-06	(0.000000e+00 5.462653e-03 0.000000e+00)
1685          	2.257245e-06	(0.000000e+00 5.462653e-03 0.000000e+00)
1686          	2.262960e-06	(0.000000e+00 5.462653e-03 0.000000e+00)
1687          	2.268483e-06	(0.000000e+00 5.462653e-03 0.000000e+00)
1688          	2.273566e-06	(0.000000e+00 5.462653e-03 0.000000e+00)
1689          	2.278138e-06	(0.000000e+00 5.462653e-03 0.000000e+00)
1690          	2.282733e-06	(0.000000e+00 5.462653e-03 0.000000e+00)
1691          	2.287260e-06	(0.000000e+00 5.462653e-03 0.000000e+00)
1692          	2.291269e-06	(0.000000e+00 5.462653e-03 0.000000e+00)
1693          	2.294979e-06	(0.000000e+00 5.462653e-03 0.000000e+00)
1694          	2.298477e-06	(0.000000e+00 5.462653e-03 0.000000e+00)
1695          	2.301891e-06	(0.000000e+00 5.462653e-03 0.000000e+00)
1696          	2.304997e-06	(0.000000e+00 5.462653e-03 0.000000e+00)
1697          	2.307924e-06	(0.000000e+00 5.462653e-03 0.000000e+00)
1698          	2.310092e-06	(0.000000e+00 5.462653e-03 0.000000e+00)
1699          	2.311799e-06	(0.000000e+00 5.462653e-03 0.000000e+00)
1700          	2.312691e-06	(0.000000e+00 5.462653e-03 0.000000e+00)
1701          	2.313633e-06	(0.000000e+00 5.462653e-03 0.000000e+00)
1702          	2.315282e-06	(0.000000e+00 5.462653e-03 0.000000e+00)
1703          	2.318040e-06	(0.000000e+00 5.462653e-03 0.000000e+00)
1704          	2.321743e-06	(0.000000e+00 5.462653e-03 0.000000e+00)
1705          	2.325932e-06	(0.000000e+00 5.462653e-03 0.000000e+00)
1706          	2.330200e-06	(0.000000e+00 5.462653e-03 0.000000e+00)
1707          	2.334605e-06	(0.000000e+00 5.462653e-03 0.000000e+00)
1708          	2.337063e-06	(0.000000e+00 5.462653e-03 0.000000e+00)
1709          	2.338921e-06	(0.000000e+00 5.462653e-03 0.000000e+00)
1710          	2.339831e-06	(0.000000e+00 5.462653e-03 0.000000e+00)
1711          	2.340343e-06	(0.000000e+00 5.462653e-03 0.000000e+00)
1712          	2.340933e-06	(0.000000e+00 5.462653e-03 0.000000e+00)
1713          	2.341761e-06	(0.000000e+00 5.462653e-03 0.000000e+00)
1714          	2.342577e-06	(0.000000e+00 5.462653e-03 0.000000e+00)
1715          	2.343097e-06	(0.000000e+00 5.462653e-03 0.000000e+00)
1716          	2.343249e-06	(0.000000e+00 5.462653e-03 0.000000e+00)
1717          	2.343148e-06	(0.000000e+00 5.462653e-03 0.000000e+00)
1718          	2.342843e-06	(0.000000e+00 5.462653e-03 0.000000e+00)
1719          	2.343886e-06	(0.000000e+00 5.462653e-03 0.000000e+00)
1720          	2.344863e-06	(0.000000e+00 5.462653e-03 0.000000e+00)
1721          	2.345901e-06	(0.000000e+00 5.462653e-03 0.000000e+00)
1722          	2.344462e-06	(0.000000e+00 5.462653e-03 0.000000e+00)
1723          	2.343323e-06	(0.000000e+00 5.462653e-03 0.000000e+00)
1724          	2.341302e-06	(0.000000e+00 5.462653e-03 0.000000e+00)
1725          	2.342885e-06	(0.000000e+00 5.462653e-03 0.000000e+00)
1726          	2.345388e-06	(0.000000e+00 5.462653e-03 0.000000e+00)
1727          	2.347596e-06	(0.000000e+00 5.462653e-03 0.000000e+00)
1728          	2.348398e-06	(0.000000e+00 5.462653e-03 0.000000e+00)
1729          	2.347079e-06	(0.000000e+00 5.462653e-03 0.000000e+00)
1730          	2.343526e-06	(0.000000e+00 5.462653e-03 0.000000e+00)
1731          	2.338762e-06	(0.000000e+00 5.462653e-03 0.000000e+00)
1732          	2.334310e-06	(0.000000e+00 5.462653e-03 0.000000e+00)
1733          	2.330351e-06	(0.000000e+00 5.462653e-03 0.000000e+00)
1734          	2.328315e-06	(0.000000e+00 5.462653e-03 0.000000e+00)
1735          	2.328335e-06	(0.000000e+00 5.462653e-03 0.000000e+00)
1736          	2.330035e-06	(0.000000e+00 5.462653e-03 0.000000e+00)
1737          	2.332208e-06	(0.000000e+00 5.462653e-03 0.000000e+00)
1738          	2.334707e-06	(0.000000e+00 5.462653e-03 0.000000e+00)
1739          	2.336258e-06	(0.000000e+00 5.462653e-03 0.000000e+00)
1740          	2.336794e-06	(0.000000e+00 5.462653e-03 0.000000e+00)
1741          	2.337998e-06	(0.000000e+00 5.462653e-03 0.000000e+00)
1742          	2.339460e-06	(0.000000e+00 5.462653e-03 0.000000e+00)
1743          	2.341968e-06	(0.000000e+00 5.462653e-03 0.000000e+00)
1744          	2.345321e-06	(0.000000e+00 5.462653e-03 0.000000e+00)
1745          	2.348934e-06	(0.000000e+00 5.462653e-03 0.000000e+00)
1746          	2.352679e-06	(0.000000e+00 5.462653e-03 0.000000e+00)
1747          	2.355436e-06	(0.000000e+00 5.462653e-03 0.000000e+00)
1748          	2.357125e-06	(0.000000e+00 5.462653e-03 0.000000e+00)
1749          	2.357671e-06	(0.000000e+00 5.462653e-03 0.000000e+00)
1750          	2.357249e-06	(0.000000e+00 5.462653e-03 0.000000e+00)
1751          	2.355966e-06	(0.000000e+00 5.462653e-03 0.000000e+00)
1752          	2.354678e-06	(0.000000e+00 5.462653e-03 0.000000e+00)
1753          	2.353579e-06	(0.000000e+00 5.462653e-03 0.000000e+00)
1754          	2.353354e-06	(0.000000e+00 5.462653e-03 0.000000e+00)
1755          	2.352590e-06	(0.000000e+00 5.462653e-03 0.000000e+00)
1756          	2.351302e-06	(0.000000e+00 5.462653e-03 0.000000e+00)
1757          	2.349779e-06	(0.000000e+00 5.462653e-03 0.000000e+00)
1758          	2.348587e-06	(0.000000e+00 5.462653e-03 0.000000e+00)
1759          	2.347563e-06	(0.000000e+00 5.462653e-03 0.000000e+00)
1760          	2.346648e-06	(0.000000e+00 5.462653e-03 0.000000e+00)
1761          	2.346269e-06	(0.000000e+00 5.462653e-03 0.000000e+00)
1762          	2.345792e-06	(0.000000e+00 5.462653e-03 0.000000e+00)
1763          	2.344979e-06	(0.000000e+00 5.462653e-03 0.000000e+00)
1764          	2.343502e-06	(0.000000e+00 5.462653e-03 0.000000e+00)
1765          	2.341205e-06	(0.000000e+00 5.462653e-03 0.000000e+00)
1766          	2.337737e-06	(0.000000e+00 5.462653e-03 0.000000e+00)
1767          	2.333191e-06	(0.000000e+00 5.462653e-03 0.000000e+00)
1768          	2.329033e-06	(0.000000e+00 5.462653e-03 0.000000e+00)
1769          	2.325871e-06	(0.000000e+00 5.462653e-03 0.000000e+00)
1770          	2.324736e-06	(0.000000e+00 5.462653e-03 0.000000e+00)
1771          	2.325855e-06	(0.000000e+00 5.462653e-03 0.000000e+00)
1772          	2.329633e-06	(0.000000e+00 5.462653e-03 0.000000e+00)
1773          	2.334027e-06	(0.000000e+00 5.462653e-03 0.000000e+00)
1774          	2.336076e-06	(0.000000e+00 5.462653e-03 0.000000e+00)
1775          	2.333035e-06	(0.000000e+00 5.462653e-03 0.000000e+00)
1776          	2.325124e-06	(0.000000e+00 5.462653e-03 0.000000e+00)
1777          	2.314288e-06	(0.000000e+00 5.462653e-03 0.000000e+00)
1778          	2.303961e-06	(0.000000e+00 5.462653e-03 0.000000e+00)
1779          	2.296544e-06	(0.000000e+00 5.462653e-03 0.000000e+00)
1780          	2.293433e-06	(0.000000e+00 5.462653e-03 0.000000e+00)
1781          	2.294056e-06	(0.000000e+00 5.462653e-03 0.000000e+00)
1782          	2.296959e-06	(0.000000e+00 5.462653e-03 0.000000e+00)
1783          	2.300208e-06	(0.000000e+00 5.462653e-03 0.000000e+00)
1784          	2.303505e-06	(0.000000e+00 5.462653e-03 0.000000e+00)
1785          	2.304932e-06	(0.000000e+00 5.462653e-03 0.000000e+00)
1786          	2.304116e-06	(0.000000e+00 5.462653e-03 0.000000e+00)
1787          	2.300976e-06	(0.000000e+00 5.462653e-03 0.000000e+00)
1788          	2.297344e-06	(0.000000e+00 5.462653e-03 0.000000e+00)
1789          	2.293635e-06	(0.000000e+00 5.462653e-03 0.000000e+00)
1790          	2.289592e-06	(0.000000e+00 5.462653e-03 0.000000e+00)
1791          	2.285200e-06	(0.000000e+00 5.462653e-03 0.000000e+00)
1792          	2.281703e-06	(0.000000e+00 5.462653e-03 0.000000e+00)
1793          	2.280575e-06	(0.000000e+00 5.462653e-03 0.000000e+00)
1794          	2.282542e-06	(0.000000e+00 5.462653e-03 0.000000e+00)
1795          	2.287308e-06	(0.000000e+00 5.462653e-03 0.000000e+00)
1796          	2.294495e-06	(0.000000e+00 5.462653e-03 0.000000e+00)
1797          	2.301051e-06	(0.000000e+00 5.462653e-03 0.000000e+00)
1798          	2.307112e-06	(0.000000e+00 5.462653e-03 0.000000e+00)
1799          	2.310602e-06	(0.000000e+00 5.462653e-03 0.000000e+00)
1800          	2.310778e-06	(0.000000e+00 5.462653e-03 0.000000e+00)
1801          	2.306693e-06	(0.000000e+00 5.462653e-03 0.000000e+00)
1802          	2.299111e-06	(0.000000e+00 5.462653e-03 0.000000e+00)
1803          	2.290759e-06	(0.000000e+00 5.462653e-03 0.000000e+00)
1804          	2.285889e-06	(0.000000e+00 5.462653e-03 0.000000e+00)
1805          	2.286239e-06	(0.000000e+00 5.462653e-03 0.000000e+00)
1806          	2.290889e-06	(0.000000e+00 5.462653e-03 0.000000e+00)
1807          	2.298127e-06	(0.000000e+00 5.462653e-03 0.000000e+00)
1808          	2.306285e-06	(0.000000e+00 5.462653e-03 0.000000e+00)
1809          	2.314212e-06	(0.000000e+00 5.462653e-03 0.000000e+00)
1810          	2.321826e-06	(0.000000e+00 5.462653e-03 0.000000e+00)
1811          	2.328159e-06	(0.000000e+00 5.462653e-03 0.000000e+00)
1812          	2.332698e-06	(0.000000e+00 5.462653e-03 0.000000e+00)
1813          	2.335332e-06	(0.000000e+00 5.462653e-03 0.000000e+00)
1814          	2.335004e-06	(0.000000e+00 5.462653e-03 0.000000e+00)
1815          	2.331937e-06	(0.000000e+00 5.462653e-03 0.000000e+00)
1816          	2.328493e-06	(0.000000e+00 5.462653e-03 0.000000e+00)
1817          	2.325992e-06	(0.000000e+00 5.462653e-03 0.000000e+00)
1818          	2.325740e-06	(0.000000e+00 5.462653e-03 0.000000e+00)
1819          	2.328451e-06	(0.000000e+00 5.462653e-03 0.000000e+00)
1820          	2.333936e-06	(0.000000e+00 5.462653e-03 0.000000e+00)
1821          	2.341538e-06	(0.000000e+00 5.462653e-03 0.000000e+00)
1822          	2.350325e-06	(0.000000e+00 5.462653e-03 0.000000e+00)
1823          	2.359067e-06	(0.000000e+00 5.462653e-03 0.000000e+00)
1824          	2.366111e-06	(0.000000e+00 5.462653e-03 0.000000e+00)
1825          	2.371774e-06	(0.000000e+00 5.462653e-03 0.000000e+00)
1826          	2.375968e-06	(0.000000e+00 5.462653e-03 0.000000e+00)
1827          	2.379513e-06	(0.000000e+00 5.462653e-03 0.000000e+00)
1828          	2.383249e-06	(0.000000e+00 5.462653e-03 0.000000e+00)
1829          	2.387053e-06	(0.000000e+00 5.462653e-03 0.000000e+00)
1830          	2.390765e-06	(0.000000e+00 5.462653e-03 0.000000e+00)
1831          	2.393874e-06	(0.000000e+00 5.462653e-03 0.000000e+00)
1832          	2.396355e-06	(0.000000e+00 5.462653e-03 0.000000e+00)
1833          	2.398751e-06	(0.000000e+00 5.462653e-03 0.000000e+00)
1834          	2.400752e-06	(0.000000e+00 5.462653e-03 0.000000e+00)
1835          	2.402529e-06	(0.000000e+00 5.462653e-03 0.000000e+00)
1836          	2.404734e-06	(0.000000e+00 5.462653e-03 0.000000e+00)
1837          	2.407828e-06	(0.000000e+00 5.462653e-03 0.000000e+00)
1838          	2.412657e-06	(0.000000e+00 5.462653e-03 0.000000e+00)
1839          	2.419170e-06	(0.000000e+00 5.462653e-03 0.000000e+00)
1840          	2.425979e-06	(0.000000e+00 5.462653e-03 0.000000e+00)
1841          	2.433138e-06	(0.000000e+00 5.462653e-03 0.000000e+00)
1842          	2.440137e-06	(0.000000e+00 5.462653e-03 0.000000e+00)
1843          	2.446805e-06	(0.000000e+00 5.462653e-03 0.000000e+00)
1844          	2.452455e-06	(0.000000e+00 5.462653e-03 0.000000e+00)
1845          	2.456503e-06	(0.000000e+00 5.462653e-03 0.000000e+00)
1846          	2.458568e-06	(0.000000e+00 5.462653e-03 0.000000e+00)
1847          	2.459014e-06	(0.000000e+00 5.462653e-03 0.000000e+00)
1848          	2.458312e-06	(0.000000e+00 5.462653e-03 0.000000e+00)
1849          	2.457076e-06	(0.000000e+00 5.462653e-03 0.000000e+00)
1850          	2.455791e-06	(0.000000e+00 5.462653e-03 0.000000e+00)
1851          	2.455129e-06	(0.000000e+00 5.462653e-03 0.000000e+00)
1852          	2.454988e-06	(0.000000e+00 5.462653e-03 0.000000e+00)
1853          	2.455314e-06	(0.000000e+00 5.462653e-03 0.000000e+00)
1854          	2.456463e-06	(0.000000e+00 5.462653e-03 0.000000e+00)
1855          	2.458984e-06	(0.000000e+00 5.462653e-03 0.000000e+00)
1856          	2.463121e-06	(0.000000e+00 5.462653e-03 0.000000e+00)
1857          	2.468432e-06	(0.000000e+00 5.462653e-03 0.000000e+00)
1858          	2.473822e-06	(0.000000e+00 5.462653e-03 0.000000e+00)
1859          	2.478714e-06	(0.000000e+00 5.462653e-03 0.000000e+00)
1860          	2.482285e-06	(0.000000e+00 5.462653e-03 0.000000e+00)
1861          	2.484359e-06	(0.000000e+00 5.462653e-03 0.000000e+00)
1862          	2.485359e-06	(0.000000e+00 5.462653e-03 0.000000e+00)
1863          	2.485863e-06	(0.000000e+00 5.462653e-03 0.000000e+00)
1864          	2.486059e-06	(0.000000e+00 5.462653e-03 0.000000e+00)
1865          	2.486314e-06	(0.000000e+00 5.462653e-03 0.000000e+00)
1866          	2.486671e-06	(0.000000e+00 5.462653e-03 0.000000e+00)
1867          	2.487009e-06	(0.000000e+00 5.462653e-03 0.000000e+00)
1868          	2.487118e-06	(0.000000e+00 5.462653e-03 0.000000e+00)
1869          	2.486790e-06	(0.000000e+00 5.462653e-03 0.000000e+00)
1870          	2.486426e-06	(0.000000e+00 5.462653e-03 0.000000e+00)
1871          	2.485784e-06	(0.000000e+00 5.462653e-03 0.000000e+00)
1872          	2.484648e-06	(0.000000e+00 5.462653e-03 0.000000e+00)
1873          	2.483337e-06	(0.000000e+00 5.462653e-03 0.000000e+00)
1874          	2.482097e-06	(0.000000e+00 5.462653e-03 0.000000e+00)
1875          	2.481004e-06	(0.000000e+00 5.462653e-03 0.000000e+00)
1876          	2.479744e-06	(0.000000e+00 5.462653e-03 0.000000e+00)
1877          	2.478356e-06	(0.000000e+00 5.462653e-03 0.000000e+00)
1878          	2.476486e-06	(0.000000e+00 5.462653e-03 0.000000e+00)
1879          	2.474498e-06	(0.000000e+00 5.462653e-03 0.000000e+00)
1880          	2.472441e-06	(0.000000e+00 5.462653e-03 0.000000e+00)
1881          	2.470723e-06	(0.000000e+00 5.462653e-03 0.000000e+00)
1882          	2.469859e-06	(0.000000e+00 5.462653e-03 0.000000e+00)
1883          	2.469869e-06	(0.000000e+00 5.462653e-03 0.000000e+00)
1884          	2.470972e-06	(0.000000e+00 5.462653e-03 0.000000e+00)
1885          	2.473128e-06	(0.000000e+00 5.462653e-03 0.000000e+00)
1886          	2.476457e-06	(0.000000e+00 5.462653e-03 0.000000e+00)
1887          	2.480669e-06	(0.000000e+00 5.462653e-03 0.000000e+00)
1888          	2.485907e-06	(0.000000e+00 5.462653e-03 0.000000e+00)
1889          	2.492548e-06	(0.000000e+00 5.462653e-03 0.000000e+00)
1890          	2.499856e-06	(0.000000e+00 5.462653e-03 0.000000e+00)
1891          	2.506983e-06	(0.000000e+00 5.462653e-03 0.000000e+00)
1892          	2.513307e-06	(0.000000e+00 5.462653e-03 0.000000e+00)
1893          	2.518177e-06	(0.000000e+00 5.462653e-03 0.000000e+00)
1894          	2.521533e-06	(0.000000e+00 5.462653e-03 0.000000e+00)
1895          	2.523811e-06	(0.000000e+00 5.462653e-03 0.000000e+00)
1896          	2.525967e-06	(0.000000e+00 5.462653e-03 0.000000e+00)
1897          	2.529294e-06	(0.000000e+00 5.462653e-03 0.000000e+00)
1898          	2.534890e-06	(0.000000e+00 5.462653e-03 0.000000e+00)
1899          	2.542939e-06	(0.000000e+00 5.462653e-03 0.000000e+00)
1900          	2.552615e-06	(0.000000e+00 5.462653e-03 0.000000e+00)
1901          	2.562879e-06	(0.000000e+00 5.462653e-03 0.000000e+00)
1902          	2.572534e-06	(0.000000e+00 5.462653e-03 0.000000e+00)
1903          	2.581327e-06	(0.000000e+00 5.462653e-03 0.000000e+00)
1904          	2.589750e-06	(0.000000e+00 5.462653e-03 0.000000e+00)
1905          	2.598128e-06	(0.000000e+00 5.462653e-03 0.000000e+00)
1906          	2.607412e-06	(0.000000e+00 5.462653e-03 0.000000e+00)
1907          	2.617653e-06	(0.000000e+00 5.462653e-03 0.000000e+00)
1908          	2.628444e-06	(0.000000e+00 5.462653e-03 0.000000e+00)
1909          	2.639950e-06	(0.000000e+00 5.462653e-03 0.000000e+00)
1910          	2.651260e-06	(0.000000e+00 5.462653e-03 0.000000e+00)
1911          	2.662299e-06	(0.000000e+00 5.462653e-03 0.000000e+00)
1912          	2.672254e-06	(0.000000e+00 5.462653e-03 0.000000e+00)
1913          	2.680759e-06	(0.000000e+00 5.462653e-03 0.000000e+00)
1914          	2.687564e-06	(0.000000e+00 5.462653e-03 0.000000e+00)
1915          	2.693153e-06	(0.000000e+00 5.462653e-03 0.000000e+00)
1916          	2.698155e-06	(0.000000e+00 5.462653e-03 0.000000e+00)
1917          	2.703685e-06	(0.000000e+00 5.462653e-03 0.000000e+00)
1918          	2.709503e-06	(0.000000e+00 5.462653e-03 0.000000e+00)
1919          	2.715265e-06	(0.000000e+00 5.462653e-03 0.000000e+00)
1920          	2.721297e-06	(0.000000e+00 5.462653e-03 0.000000e+00)
1921          	2.727389e-06	(0.000000e+00 5.462653e-03 0.000000e+00)
1922          	2.733648e-06	(0.000000e+00 5.462653e-03 0.000000e+00)
1923          	2.739561e-06	(0.000000e+00 5.462653e-03 0.000000e+00)
1924          	2.744908e-06	(0.000000e+00 5.462653e-03 0.000000e+00)
1925          	2.749222e-06	(0.000000e+00 5.462653e-03 0.000000e+00)
1926          	2.751865e-06	(0.000000e+00 5.462653e-03 0.000000e+00)
1927          	2.752956e-06	(0.000000e+00 5.462653e-03 0.000000e+00)
1928          	2.752799e-06	(0.000000e+00 5.462653e-03 0.000000e+00)
1929          	2.752172e-06	(0.000000e+00 5.462653e-03 0.000000e+00)
1930          	2.751659e-06	(0.000000e+00 5.462653e-03 0.000000e+00)
1931          	2.751661e-06	(0.000000e+00 5.462653e-03 0.000000e+00)
1932          	2.752553e-06	(0.000000e+00 5.462653e-03 0.000000e+00)
1933          	2.753913e-06	(0.000000e+00 5.462653e-03 0.000000e+00)
1934          	2.755156e-06	(0.000000e+00 5.462653e-03 0.000000e+00)
1935          	2.755727e-06	(0.000000e+00 5.462653e-03 0.000000e+00)
1936          	2.755253e-06	(0.000000e+00 5.462653e-03 0.000000e+00)
1937          	2.753704e-06	(0.000000e+00 5.462653e-03 0.000000e+00)
1938          	2.751464e-06	(0.000000e+00 5.462653e-03 0.000000e+00)
1939          	2.748805e-06	(0.000000e+00 5.462653e-03 0.000000e+00)
1940          	2.745645e-06	(0.000000e+00 5.462653e-03 0.000000e+00)
1941          	2.742287e-06	(0.000000e+00 5.462653e-03 0.000000e+00)
1942          	2.738567e-06	(0.000000e+00 5.462653e-03 0.000000e+00)
1943          	2.734414e-06	(0.000000e+00 5.462653e-03 0.000000e+00)
1944          	2.730032e-06	(0.000000e+00 5.462653e-03 0.000000e+00)
1945          	2.725163e-06	(0.000000e+00 5.462653e-03 0.000000e+00)
1946          	2.720043e-06	(0.000000e+00 5.462653e-03 0.000000e+00)
1947          	2.714631e-06	(0.000000e+00 5.462653e-03 0.000000e+00)
1948          	2.708730e-06	(0.000000e+00 5.462653e-03 0.000000e+00)
1949          	2.702197e-06	(0.000000e+00 5.462653e-03 0.000000e+00)
1950          	2.694980e-06	(0.000000e+00 5.462653e-03 0.000000e+00)
1951          	2.687439e-06	(0.000000e+00 5.462653e-03 0.000000e+00)
1952          	2.679708e-06	(0.000000e+00 5.462653e-03 0.000000e+00)
1953          	2.671845e-06	(0.000000e+00 5.462653e-03 0.000000e+00)
1954          	2.663899e-06	(0.000000e+00 5.462653e-03 0.000000e+00)
1955          	2.655903e-06	(0.000000e+00 5.462653e-03 0.000000e+00)
1956          	2.647694e-06	(0.000000e+00 5.462653e-03 0.000000e+00)
1957          	2.638667e-06	(0.000000e+00 5.462653e-03 0.000000e+00)
1958          	2.628822e-06	(0.000000e+00 5.462653e-03 0.000000e+00)
1959          	2.618877e-06	(0.000000e+00 5.462653e-03 0.000000e+00)
1960          	2.609084e-06	(0.000000e+00 5.462653e-03 0.000000e+00)
1961          	2.599505e-06	(0.000000e+00 5.462653e-03 0.000000e+00)
1962          	2.589921e-06	(0.000000e+00 5.462653e-03 0.000000e+00)
1963          	2.579901e-06	(0.000000e+00 5.462653e-03 0.000000e+00)
1964          	2.569252e-06	(0.000000e+00 5.462653e-03 0.000000e+00)
1965          	2.557961e-06	(0.000000e+00 5.462653e-03 0.000000e+00)
1966          	2.546277e-06	(0.000000e+00 5.462653e-03 0.000000e+00)
1967          	2.534835e-06	(0.000000e+00 5.462653e-03 0.000000e+00)
1968          	2.523821e-06	(0.000000e+00 5.462653e-03 0.000000e+00)
1969          	2.513416e-06	(0.000000e+00 5.462653e-03 0.000000e+00)
1970          	2.503357e-06	(0.000000e+00 5.462653e-03 0.000000e+00)
1971          	2.493316e-06	(0.000000e+00 5.462653e-03 0.000000e+00)
1972          	2.483230e-06	(0.000000e+00 5.462653e-03 0.000000e+00)
1973          	2.473074e-06	(0.000000e+00 5.462653e-03 0.000000e+00)
1974          	2.463661e-06	(0.000000e+00 5.462653e-03 0.000000e+00)
1975          	2.454685e-06	(0.000000e+00 5.462653e-03 0.000000e+00)
1976          	2.446014e-06	(0.000000e+00 5.462653e-03 0.000000e+00)
1977          	2.437486e-06	(0.000000e+00 5.462653e-03 0.000000e+00)
1978          	2.429167e-06	(0.000000e+00 5.462653e-03 0.000000e+00)
1979          	2.421192e-06	(0.000000e+00 5.462653e-03 0.000000e+00)
1980          	2.413675e-06	(0.000000e+00 5.462653e-03 0.000000e+00)
1981          	2.406216e-06	(0.000000e+00 5.462653e-03 0.000000e+00)
1982          	2.399020e-06	(0.000000e+00 5.462653e-03 0.000000e+00)
1983          	2.391981e-06	(0.000000e+00 5.462653e-03 0.000000e+00)
1984          	2.384865e-06	(0.000000e+00 5.462653e-03 0.000000e+00)
1985          	2.377439e-06	(0.000000e+00 5.462653e-03 0.000000e+00)
1986          	2.369600e-06	(0.000000e+00 5.462653e-03 0.000000e+00)
1987          	2.361627e-06	(0.000000e+00 5.462653e-03 0.000000e+00)
1988          	2.353340e-06	(0.000000e+00 5.462653e-03 0.000000e+00)
1989          	2.344723e-06	(0.000000e+00 5.462653e-03 0.000000e+00)
1990          	2.336304e-06	(0.000000e+00 5.462653e-03 0.000000e+00)
1991          	2.328028e-06	(0.000000e+00 5.462653e-03 0.000000e+00)
1992          	2.320193e-06	(0.000000e+00 5.462653e-03 0.000000e+00)
1993          	2.312629e-06	(0.000000e+00 5.462653e-03 0.000000e+00)
1994          	2.305450e-06	(0.000000e+00 5.462653e-03 0.000000e+00)
1995          	2.298353e-06	(0.000000e+00 5.462653e-03 0.000000e+00)
1996          	2.291260e-06	(0.000000e+00 5.462653e-03 0.000000e+00)
1997          	2.283497e-06	(0.000000e+00 5.462653e-03 0.000000e+00)
1998          	2.274591e-06	(0.000000e+00 5.462653e-03 0.000000e+00)
1999          	2.265440e-06	(0.000000e+00 5.462653e-03 0.000000e+00)
2000          	2.256291e-06	(0.000000e+00 5.462653e-03 0.000000e+00)
2001          	2.247580e-06	(0.000000e+00 5.462653e-03 0.000000e+00)
2002          	2.239092e-06	(0.000000e+00 5.462653e-03 0.000000e+00)
2003          	2.231237e-06	(0.000000e+00 5.462653e-03 0.000000e+00)
2004          	2.223398e-06	(0.000000e+00 5.462653e-03 0.000000e+00)
2005          	2.215904e-06	(0.000000e+00 5.462653e-03 0.000000e+00)
2006          	2.208710e-06	(0.000000e+00 5.462653e-03 0.000000e+00)
2007          	2.201861e-06	(0.000000e+00 5.462653e-03 0.000000e+00)
2008          	2.195596e-06	(0.000000e+00 5.462653e-03 0.000000e+00)
2009          	2.189615e-06	(0.000000e+00 5.462653e-03 0.000000e+00)
2010          	2.184404e-06	(0.000000e+00 5.462653e-03 0.000000e+00)
2011          	2.180101e-06	(0.000000e+00 5.462653e-03 0.000000e+00)
2012          	2.176596e-06	(0.000000e+00 5.462653e-03 0.000000e+00)
2013          	2.174001e-06	(0.000000e+00 5.462653e-03 0.000000e+00)
2014          	2.172063e-06	(0.000000e+00 5.462653e-03 0.000000e+00)
2015          	2.170588e-06	(0.000000e+00 5.462653e-03 0.000000e+00)
2016          	2.169753e-06	(0.000000e+00 5.462653e-03 0.000000e+00)
2017          	2.169438e-06	(0.000000e+00 5.462653e-03 0.000000e+00)
2018          	2.169540e-06	(0.000000e+00 5.462653e-03 0.000000e+00)
2019          	2.169764e-06	(0.000000e+00 5.462653e-03 0.000000e+00)
2020          	2.169340e-06	(0.000000e+00 5.462653e-03 0.000000e+00)
2021          	2.167069e-06	(0.000000e+00 5.462653e-03 0.000000e+00)
2022          	2.163385e-06	(0.000000e+00 5.462653e-03 0.000000e+00)
2023          	2.158261e-06	(0.000000e+00 5.462653e-03 0.000000e+00)
2024          	2.152446e-06	(0.000000e+00 5.462653e-03 0.000000e+00)
2025          	2.146767e-06	(0.000000e+00 5.462653e-03 0.000000e+00)
2026          	2.141590e-06	(0.000000e+00 5.462653e-03 0.000000e+00)
2027          	2.137581e-06	(0.000000e+00 5.462653e-03 0.000000e+00)
2028          	2.134837e-06	(0.000000e+00 5.462653e-03 0.000000e+00)
2029          	2.132640e-06	(0.000000e+00 5.462653e-03 0.000000e+00)
2030          	2.130317e-06	(0.000000e+00 5.462653e-03 0.000000e+00)
2031          	2.127441e-06	(0.000000e+00 5.462653e-03 0.000000e+00)
2032          	2.123966e-06	(0.000000e+00 5.462653e-03 0.000000e+00)
2033          	2.120081e-06	(0.000000e+00 5.462653e-03 0.000000e+00)
2034          	2.116373e-06	(0.000000e+00 5.462653e-03 0.000000e+00)
2035          	2.113110e-06	(0.000000e+00 5.462653e-03 0.000000e+00)
2036          	2.109755e-06	(0.000000e+00 5.462653e-03 0.000000e+00)
2037          	2.105578e-06	(0.000000e+00 5.462653e-03 0.000000e+00)
2038          	2.100578e-06	(0.000000e+00 5.462653e-03 0.000000e+00)
2039          	2.095232e-06	(0.000000e+00 5.462653e-03 0.000000e+00)
2040          	2.089790e-06	(0.000000e+00 5.462653e-03 0.000000e+00)
2041          	2.084601e-06	(0.000000e+00 5.462653e-03 0.000000e+00)
2042          	2.079827e-06	(0.000000e+00 5.462653e-03 0.000000e+00)
2043          	2.075085e-06	(0.000000e+00 5.462653e-03 0.000000e+00)
2044          	2.070585e-06	(0.000000e+00 5.462653e-03 0.000000e+00)
2045          	2.066679e-06	(0.000000e+00 5.462653e-03 0.000000e+00)
2046          	2.063741e-06	(0.000000e+00 5.462653e-03 0.000000e+00)
2047          	2.061945e-06	(0.000000e+00 5.462653e-03 0.000000e+00)
2048          	2.060874e-06	(0.000000e+00 5.462653e-03 0.000000e+00)
2049          	2.060483e-06	(0.000000e+00 5.462653e-03 0.000000e+00)
2050          	2.060649e-06	(0.000000e+00 5.462653e-03 0.000000e+00)
2051          	2.060987e-06	(0.000000e+00 5.462653e-03 0.000000e+00)
2052          	2.061497e-06	(0.000000e+00 5.462653e-03 0.000000e+00)
2053          	2.061368e-06	(0.000000e+00 5.462653e-03 0.000000e+00)
2054          	2.060766e-06	(0.000000e+00 5.462653e-03 0.000000e+00)
2055          	2.059899e-06	(0.000000e+00 5.462653e-03 0.000000e+00)
2056          	2.058766e-06	(0.000000e+00 5.462653e-03 0.000000e+00)
2057          	2.057416e-06	(0.000000e+00 5.462653e-03 0.000000e+00)
2058          	2.056327e-06	(0.000000e+00 5.462653e-03 0.000000e+00)
2059          	2.055206e-06	(0.000000e+00 5.462653e-03 0.000000e+00)
2060          	2.053918e-06	(0.000000e+00 5.462653e-03 0.000000e+00)
2061          	2.052534e-06	(0.000000e+00 5.462653e-03 0.000000e+00)
2062          	2.050982e-06	(0.000000e+00 5.462653e-03 0.000000e+00)
2063          	2.049092e-06	(0.000000e+00 5.462653e-03 0.000000e+00)
2064          	2.046584e-06	(0.000000e+00 5.462653e-03 0.000000e+00)
2065          	2.044217e-06	(0.000000e+00 5.462653e-03 0.000000e+00)
2066          	2.041351e-06	(0.000000e+00 5.462653e-03 0.000000e+00)
2067          	2.037590e-06	(0.000000e+00 5.462653e-03 0.000000e+00)
2068          	2.033318e-06	(0.000000e+00 5.462653e-03 0.000000e+00)
2069          	2.028960e-06	(0.000000e+00 5.462653e-03 0.000000e+00)
2070          	2.025399e-06	(0.000000e+00 5.462653e-03 0.000000e+00)
2071          	2.022788e-06	(0.000000e+00 5.462653e-03 0.000000e+00)
2072          	2.020735e-06	(0.000000e+00 5.462653e-03 0.000000e+00)
2073          	2.019007e-06	(0.000000e+00 5.462653e-03 0.000000e+00)
2074          	2.017410e-06	(0.000000e+00 5.462653e-03 0.000000e+00)
2075          	2.015301e-06	(0.000000e+00 5.462653e-03 0.000000e+00)
2076          	2.012595e-06	(0.000000e+00 5.462653e-03 0.000000e+00)
2077          	2.009217e-06	(0.000000e+00 5.462653e-03 0.000000e+00)
2078          	2.005095e-06	(0.000000e+00 5.462653e-03 0.000000e+00)
2079          	2.000231e-06	(0.000000e+00 5.462653e-03 0.000000e+00)
2080          	1.994914e-06	(0.000000e+00 5.462653e-03 0.000000e+00)
2081          	1.989730e-06	(0.000000e+00 5.462653e-03 0.000000e+00)
2082          	1.984842e-06	(0.000000e+00 5.462653e-03 0.000000e+00)
2083          	1.980121e-06	(0.000000e+00 5.462653e-03 0.000000e+00)
2084          	1.975166e-06	(0.000000e+00 5.462653e-03 0.000000e+00)
2085          	1.969854e-06	(0.000000e+00 5.462653e-03 0.000000e+00)
2086          	1.964436e-06	(0.000000e+00 5.462653e-03 0.000000e+00)
2087          	1.959448e-06	(0.000000e+00 5.462653e-03 0.000000e+00)
2088          	1.954749e-06	(0.000000e+00 5.462653e-03 0.000000e+00)
2089          	1.949712e-06	(0.000000e+00 5.462653e-03 0.000000e+00)
2090          	1.944426e-06	(0.000000e+00 5.462653e-03 0.000000e+00)
2091          	1.939392e-06	(0.000000e+00 5.462653e-03 0.000000e+00)
2092          	1.934896e-06	(0.000000e+00 5.462653e-03 0.000000e+00)
2093          	1.931720e-06	(0.000000e+00 5.462653e-03 0.000000e+00)
2094          	1.929807e-06	(0.000000e+00 5.462653e-03 0.000000e+00)
2095          	1.928327e-06	(0.000000e+00 5.462653e-03 0.000000e+00)
2096          	1.926544e-06	(0.000000e+00 5.462653e-03 0.000000e+00)
2097          	1.924208e-06	(0.000000e+00 5.462653e-03 0.000000e+00)
2098          	1.921510e-06	(0.000000e+00 5.462653e-03 0.000000e+00)
2099          	1.918672e-06	(0.000000e+00 5.462653e-03 0.000000e+00)
2100          	1.916153e-06	(0.000000e+00 5.462653e-03 0.000000e+00)
2101          	1.914884e-06	(0.000000e+00 5.462653e-03 0.000000e+00)
2102          	1.915188e-06	(0.000000e+00 5.462653e-03 0.000000e+00)
2103          	1.916677e-06	(0.000000e+00 5.462653e-03 0.000000e+00)
2104          	1.918568e-06	(0.000000e+00 5.462653e-03 0.000000e+00)
2105          	1.919746e-06	(0.000000e+00 5.462653e-03 0.000000e+00)
2106          	1.919608e-06	(0.000000e+00 5.462653e-03 0.000000e+00)
2107          	1.917842e-06	(0.000000e+00 5.462653e-03 0.000000e+00)
2108          	1.914566e-06	(0.000000e+00 5.462653e-03 0.000000e+00)
2109          	1.909984e-06	(0.000000e+00 5.462653e-03 0.000000e+00)
2110          	1.904723e-06	(0.000000e+00 5.462653e-03 0.000000e+00)
2111          	1.899215e-06	(0.000000e+00 5.462653e-03 0.000000e+00)
2112          	1.893543e-06	(0.000000e+00 5.462653e-03 0.000000e+00)
2113          	1.887760e-06	(0.000000e+00 5.462653e-03 0.000000e+00)
2114          	1.881695e-06	(0.000000e+00 5.462653e-03 0.000000e+00)
2115          	1.875635e-06	(0.000000e+00 5.462653e-03 0.000000e+00)
2116          	1.870243e-06	(0.000000e+00 5.462653e-03 0.000000e+00)
2117          	1.865391e-06	(0.000000e+00 5.462653e-03 0.000000e+00)
2118          	1.860428e-06	(0.000000e+00 5.462653e-03 0.000000e+00)
2119          	1.854741e-06	(0.000000e+00 5.462653e-03 0.000000e+00)
2120          	1.847998e-06	(0.000000e+00 5.462653e-03 0.000000e+00)
2121          	1.841017e-06	(0.000000e+00 5.462653e-03 0.000000e+00)
2122          	1.834226e-06	(0.000000e+00 5.462653e-03 0.000000e+00)
2123          	1.827672e-06	(0.000000e+00 5.462653e-03 0.000000e+00)
2124          	1.821905e-06	(0.000000e+00 5.462653e-03 0.000000e+00)
2125          	1.817224e-06	(0.000000e+00 5.462653e-03 0.000000e+00)
2126          	1.815304e-06	(0.000000e+00 5.462653e-03 0.000000e+00)
2127          	1.815605e-06	(0.000000e+00 5.462653e-03 0.000000e+00)
2128          	1.816761e-06	(0.000000e+00 5.462653e-03 0.000000e+00)
2129          	1.817524e-06	(0.000000e+00 5.462653e-03 0.000000e+00)
2130          	1.817219e-06	(0.000000e+00 5.462653e-03 0.000000e+00)
2131          	1.816018e-06	(0.000000e+00 5.462653e-03 0.000000e+00)
2132          	1.814258e-06	(0.000000e+00 5.462653e-03 0.000000e+00)
2133          	1.812151e-06	(0.000000e+00 5.462653e-03 0.000000e+00)
2134          	1.810337e-06	(0.000000e+00 5.462653e-03 0.000000e+00)
2135          	1.809620e-06	(0.000000e+00 5.462653e-03 0.000000e+00)
2136          	1.810014e-06	(0.000000e+00 5.462653e-03 0.000000e+00)
2137          	1.810973e-06	(0.000000e+00 5.462653e-03 0.000000e+00)
2138          	1.811831e-06	(0.000000e+00 5.462653e-03 0.000000e+00)
2139          	1.812500e-06	(0.000000e+00 5.462653e-03 0.000000e+00)
2140          	1.813001e-06	(0.000000e+00 5.462653e-03 0.000000e+00)
2141          	1.813468e-06	(0.000000e+00 5.462653e-03 0.000000e+00)
2142          	1.814097e-06	(0.000000e+00 5.462653e-03 0.000000e+00)
2143          	1.814976e-06	(0.000000e+00 5.462653e-03 0.000000e+00)
2144          	1.815963e-06	(0.000000e+00 5.462653e-03 0.000000e+00)
2145          	1.816932e-06	(0.000000e+00 5.462653e-03 0.000000e+00)
2146          	1.818061e-06	(0.000000e+00 5.462653e-03 0.000000e+00)
2147          	1.819361e-06	(0.000000e+00 5.462653e-03 0.000000e+00)
2148          	1.820761e-06	(0.000000e+00 5.462653e-03 0.000000e+00)
2149          	1.822265e-06	(0.000000e+00 5.462653e-03 0.000000e+00)
2150          	1.824006e-06	(0.000000e+00 5.462653e-03 0.000000e+00)
2151          	1.825836e-06	(0.000000e+00 5.462653e-03 0.000000e+00)
2152          	1.827472e-06	(0.000000e+00 5.462653e-03 0.000000e+00)
2153          	1.828796e-06	(0.000000e+00 5.462653e-03 0.000000e+00)
2154          	1.830189e-06	(0.000000e+00 5.462653e-03 0.000000e+00)
2155          	1.831991e-06	(0.000000e+00 5.462653e-03 0.000000e+00)
2156          	1.833858e-06	(0.000000e+00 5.462653e-03 0.000000e+00)
2157          	1.835628e-06	(0.000000e+00 5.462653e-03 0.000000e+00)
2158          	1.836967e-06	(0.000000e+00 5.462653e-03 0.000000e+00)
2159          	1.837565e-06	(0.000000e+00 5.462653e-03 0.000000e+00)
2160          	1.837243e-06	(0.000000e+00 5.462653e-03 0.000000e+00)
2161          	1.836006e-06	(0.000000e+00 5.462653e-03 0.000000e+00)
2162          	1.834051e-06	(0.000000e+00 5.462653e-03 0.000000e+00)
2163          	1.831470e-06	(0.000000e+00 5.462653e-03 0.000000e+00)
2164          	1.828614e-06	(0.000000e+00 5.462653e-03 0.000000e+00)
2165          	1.825546e-06	(0.000000e+00 5.462653e-03 0.000000e+00)
2166          	1.822469e-06	(0.000000e+00 5.462653e-03 0.000000e+00)
2167          	1.819599e-06	(0.000000e+00 5.462653e-03 0.000000e+00)
2168          	1.816944e-06	(0.000000e+00 5.462653e-03 0.000000e+00)
2169          	1.814380e-06	(0.000000e+00 5.462653e-03 0.000000e+00)
2170          	1.811963e-06	(0.000000e+00 5.462653e-03 0.000000e+00)
2171          	1.809743e-06	(0.000000e+00 5.462653e-03 0.000000e+00)
2172          	1.807325e-06	(0.000000e+00 5.462653e-03 0.000000e+00)
2173          	1.804567e-06	(0.000000e+00 5.462653e-03 0.000000e+00)
2174          	1.801576e-06	(0.000000e+00 5.462653e-03 0.000000e+00)
2175          	1.798808e-06	(0.000000e+00 5.462653e-03 0.000000e+00)
2176          	1.796410e-06	(0.000000e+00 5.462653e-03 0.000000e+00)
2177          	1.793859e-06	(0.000000e+00 5.462653e-03 0.000000e+00)
2178          	1.790802e-06	(0.000000e+00 5.462653e-03 0.000000e+00)
2179          	1.787266e-06	(0.000000e+00 5.462653e-03 0.000000e+00)
2180          	1.783579e-06	(0.000000e+00 5.462653e-03 0.000000e+00)
2181          	1.779970e-06	(0.000000e+00 5.462653e-03 0.000000e+00)
2182          	1.776437e-06	(0.000000e+00 5.462653e-03 0.000000e+00)
2183          	1.773131e-06	(0.000000e+00 5.462653e-03 0.000000e+00)
2184          	1.770106e-06	(0.000000e+00 5.462653e-03 0.000000e+00)
2185          	1.767680e-06	(0.000000e+00 5.462653e-03 0.000000e+00)
2186          	1.765808e-06	(0.000000e+00 5.462653e-03 0.000000e+00)
2187          	1.763946e-06	(0.000000e+00 5.462653e-03 0.000000e+00)
2188          	1.762033e-06	(0.000000e+00 5.462653e-03 0.000000e+00)
2189          	1.760416e-06	(0.000000e+00 5.462653e-03 0.000000e+00)
2190          	1.759307e-06	(0.000000e+00 5.462653e-03 0.000000e+00)
2191          	1.758610e-06	(0.000000e+00 5.462653e-03 0.000000e+00)
2192          	1.757999e-06	(0.000000e+00 5.462653e-03 0.000000e+00)
2193          	1.757530e-06	(0.000000e+00 5.462653e-03 0.000000e+00)
2194          	1.756977e-06	(0.000000e+00 5.462653e-03 0.000000e+00)
2195          	1.756112e-06	(0.000000e+00 5.462653e-03 0.000000e+00)
2196          	1.754949e-06	(0.000000e+00 5.462653e-03 0.000000e+00)
2197          	1.753835e-06	(0.000000e+00 5.462653e-03 0.000000e+00)
2198          	1.752899e-06	(0.000000e+00 5.462653e-03 0.000000e+00)
2199          	1.752242e-06	(0.000000e+00 5.462653e-03 0.000000e+00)
2200          	1.751920e-06	(0.000000e+00 5.462653e-03 0.000000e+00)
2201          	1.751600e-06	(0.000000e+00 5.462653e-03 0.000000e+00)
2202          	1.751435e-06	(0.000000e+00 5.462653e-03 0.000000e+00)
2203          	1.751312e-06	(0.000000e+00 5.462653e-03 0.000000e+00)
2204          	1.751231e-06	(0.000000e+00 5.462653e-03 0.000000e+00)
2205          	1.751281e-06	(0.000000e+00 5.462653e-03 0.000000e+00)
2206          	1.751635e-06	(0.000000e+00 5.462653e-03 0.000000e+00)
2207          	1.752329e-06	(0.000000e+00 5.462653e-03 0.000000e+00)
2208          	1.753481e-06	(0.000000e+00 5.462653e-03 0.000000e+00)
2209          	1.754759e-06	(0.000000e+00 5.462653e-03 0.000000e+00)
2210          	1.756219e-06	(0.000000e+00 5.462653e-03 0.000000e+00)
2211          	1.757735e-06	(0.000000e+00 5.462653e-03 0.000000e+00)
2212          	1.759014e-06	(0.000000e+00 5.462653e-03 0.000000e+00)
2213          	1.760081e-06	(0.000000e+00 5.462653e-03 0.000000e+00)
2214          	1.761029e-06	(0.000000e+00 5.462653e-03 0.000000e+00)
2215          	1.761998e-06	(0.000000e+00 5.462653e-03 0.000000e+00)
2216          	1.762959e-06	(0.000000e+00 5.462653e-03 0.000000e+00)
2217          	1.763830e-06	(0.000000e+00 5.462653e-03 0.000000e+00)
2218          	1.764563e-06	(0.000000e+00 5.462653e-03 0.000000e+00)
2219          	1.765182e-06	(0.000000e+00 5.462653e-03 0.000000e+00)
2220          	1.765652e-06	(0.000000e+00 5.462653e-03 0.000000e+00)
2221          	1.765881e-06	(0.000000e+00 5.462653e-03 0.000000e+00)
2222          	1.766013e-06	(0.000000e+00 5.462653e-03 0.000000e+00)
2223          	1.766222e-06	(0.000000e+00 5.462653e-03 0.000000e+00)
2224          	1.766673e-06	(0.000000e+00 5.462653e-03 0.000000e+00)
2225          	1.767417e-06	(0.000000e+00 5.462653e-03 0.000000e+00)
2226          	1.768400e-06	(0.000000e+00 5.462653e-03 0.000000e+00)
2227          	1.769442e-06	(0.000000e+00 5.462653e-03 0.000000e+00)
2228          	1.770387e-06	(0.000000e+00 5.462653e-03 0.000000e+00)
2229          	1.771262e-06	(0.000000e+00 5.462653e-03 0.000000e+00)
2230          	1.772067e-06	(0.000000e+00 5.462653e-03 0.000000e+00)
2231          	1.772822e-06	(0.000000e+00 5.462653e-03 0.000000e+00)
2232          	1.773611e-06	(0.000000e+00 5.462653e-03 0.000000e+00)
2233          	1.774509e-06	(0.000000e+00 5.462653e-03 0.000000e+00)
2234          	1.775538e-06	(0.000000e+00 5.462653e-03 0.000000e+00)
2235          	1.776730e-06	(0.000000e+00 5.462653e-03 0.000000e+00)
2236          	1.778063e-06	(0.000000e+00 5.462653e-03 0.000000e+00)
2237          	1.779430e-06	(0.000000e+00 5.462653e-03 0.000000e+00)
2238          	1.780856e-06	(0.000000e+00 5.462653e-03 0.000000e+00)
2239          	1.782329e-06	(0.000000e+00 5.462653e-03 0.000000e+00)
2240          	1.783722e-06	(0.000000e+00 5.462653e-03 0.000000e+00)
2241          	1.785124e-06	(0.000000e+00 5.462653e-03 0.000000e+00)
2242          	1.786438e-06	(0.000000e+00 5.462653e-03 0.000000e+00)
2243          	1.787685e-06	(0.000000e+00 5.462653e-03 0.000000e+00)
2244          	1.788816e-06	(0.000000e+00 5.462653e-03 0.000000e+00)
2245          	1.789901e-06	(0.000000e+00 5.462653e-03 0.000000e+00)
2246          	1.790950e-06	(0.000000e+00 5.462653e-03 0.000000e+00)
2247          	1.791959e-06	(0.000000e+00 5.462653e-03 0.000000e+00)
2248          	1.792927e-06	(0.000000e+00 5.462653e-03 0.000000e+00)
2249          	1.793763e-06	(0.000000e+00 5.462653e-03 0.000000e+00)
2250          	1.794537e-06	(0.000000e+00 5.462653e-03 0.000000e+00)
2251          	1.795288e-06	(0.000000e+00 5.462653e-03 0.000000e+00)
2252          	1.796062e-06	(0.000000e+00 5.462653e-03 0.000000e+00)
2253          	1.796810e-06	(0.000000e+00 5.462653e-03 0.000000e+00)
2254          	1.797552e-06	(0.000000e+00 5.462653e-03 0.000000e+00)
2255          	1.798270e-06	(0.000000e+00 5.462653e-03 0.000000e+00)
2256          	1.798944e-06	(0.000000e+00 5.462653e-03 0.000000e+00)
2257          	1.799535e-06	(0.000000e+00 5.462653e-03 0.000000e+00)
2258          	1.800047e-06	(0.000000e+00 5.462653e-03 0.000000e+00)
2259          	1.800444e-06	(0.000000e+00 5.462653e-03 0.000000e+00)
2260          	1.800764e-06	(0.000000e+00 5.462653e-03 0.000000e+00)
2261          	1.801014e-06	(0.000000e+00 5.462653e-03 0.000000e+00)
2262          	1.801226e-06	(0.000000e+00 5.462653e-03 0.000000e+00)
2263          	1.801391e-06	(0.000000e+00 5.462653e-03 0.000000e+00)
2264          	1.801441e-06	(0.000000e+00 5.462653e-03 0.000000e+00)
2265          	1.801359e-06	(0.000000e+00 5.462653e-03 0.000000e+00)
2266          	1.801156e-06	(0.000000e+00 5.462653e-03 0.000000e+00)
2267          	1.800932e-06	(0.000000e+00 5.462653e-03 0.000000e+00)
2268          	1.800884e-06	(0.000000e+00 5.462653e-03 0.000000e+00)
2269          	1.800986e-06	(0.000000e+00 5.462653e-03 0.000000e+00)
2270          	1.801235e-06	(0.000000e+00 5.462653e-03 0.000000e+00)
2271          	1.801553e-06	(0.000000e+00 5.462653e-03 0.000000e+00)
2272          	1.802005e-06	(0.000000e+00 5.462653e-03 0.000000e+00)
2273          	1.802586e-06	(0.000000e+00 5.462653e-03 0.000000e+00)
2274          	1.803307e-06	(0.000000e+00 5.462653e-03 0.000000e+00)
2275          	1.803966e-06	(0.000000e+00 5.462653e-03 0.000000e+00)
2276          	1.804548e-06	(0.000000e+00 5.462653e-03 0.000000e+00)
2277          	1.805106e-06	(0.000000e+00 5.462653e-03 0.000000e+00)
2278          	1.805760e-06	(0.000000e+00 5.462653e-03 0.000000e+00)
2279          	1.806549e-06	(0.000000e+00 5.462653e-03 0.000000e+00)
2280          	1.807523e-06	(0.000000e+00 5.462653e-03 0.000000e+00)
2281          	1.808493e-06	(0.000000e+00 5.462653e-03 0.000000e+00)
2282          	1.809415e-06	(0.000000e+00 5.462653e-03 0.000000e+00)
2283          	1.810232e-06	(0.000000e+00 5.462653e-03 0.000000e+00)
2284          	1.811157e-06	(0.000000e+00 5.462653e-03 0.000000e+00)
2285          	1.812025e-06	(0.000000e+00 5.462653e-03 0.000000e+00)
2286          	1.812812e-06	(0.000000e+00 5.462653e-03 0.000000e+00)
2287          	1.813531e-06	(0.000000e+00 5.462653e-03 0.000000e+00)
2288          	1.814204e-06	(0.000000e+00 5.462653e-03 0.000000e+00)
2289          	1.814884e-06	(0.000000e+00 5.462653e-03 0.000000e+00)
2290          	1.815679e-06	(0.000000e+00 5.462653e-03 0.000000e+00)
2291          	1.816595e-06	(0.000000e+00 5.462653e-03 0.000000e+00)
2292          	1.817599e-06	(0.000000e+00 5.462653e-03 0.000000e+00)
2293          	1.818383e-06	(0.000000e+00 5.462653e-03 0.000000e+00)
2294          	1.819078e-06	(0.000000e+00 5.462653e-03 0.000000e+00)
2295          	1.819687e-06	(0.000000e+00 5.462653e-03 0.000000e+00)
2296          	1.820454e-06	(0.000000e+00 5.462653e-03 0.000000e+00)
2297          	1.821423e-06	(0.000000e+00 5.462653e-03 0.000000e+00)
2298          	1.822395e-06	(0.000000e+00 5.462653e-03 0.000000e+00)
2299          	1.823287e-06	(0.000000e+00 5.462653e-03 0.000000e+00)
2300          	1.824056e-06	(0.000000e+00 5.462653e-03 0.000000e+00)
2301          	1.824825e-06	(0.000000e+00 5.462653e-03 0.000000e+00)
2302          	1.825638e-06	(0.000000e+00 5.462653e-03 0.000000e+00)
2303          	1.826523e-06	(0.000000e+00 5.462653e-03 0.000000e+00)
2304          	1.827403e-06	(0.000000e+00 5.462653e-03 0.000000e+00)
2305          	1.828291e-06	(0.000000e+00 5.462653e-03 0.000000e+00)
2306          	1.829169e-06	(0.000000e+00 5.462653e-03 0.000000e+00)
2307          	1.830036e-06	(0.000000e+00 5.462653e-03 0.000000e+00)
2308          	1.830911e-06	(0.000000e+00 5.462653e-03 0.000000e+00)
2309          	1.831780e-06	(0.000000e+00 5.462653e-03 0.000000e+00)
2310          	1.832633e-06	(0.000000e+00 5.462653e-03 0.000000e+00)
2311          	1.833439e-06	(0.000000e+00 5.462653e-03 0.000000e+00)
2312          	1.834227e-06	(0.000000e+00 5.462653e-03 0.000000e+00)
2313          	1.835039e-06	(0.000000e+00 5.462653e-03 0.000000e+00)
2314          	1.835932e-06	(0.000000e+00 5.462653e-03 0.000000e+00)
2315          	1.836846e-06	(0.000000e+00 5.462653e-03 0.000000e+00)
2316          	1.837735e-06	(0.000000e+00 5.462653e-03 0.000000e+00)
2317          	1.838649e-06	(0.000000e+00 5.462653e-03 0.000000e+00)
2318          	1.839637e-06	(0.000000e+00 5.462653e-03 0.000000e+00)
2319          	1.840665e-06	(0.000000e+00 5.462653e-03 0.000000e+00)
2320          	1.841756e-06	(0.000000e+00 5.462653e-03 0.000000e+00)
2321          	1.842914e-06	(0.000000e+00 5.462653e-03 0.000000e+00)
2322          	1.844130e-06	(0.000000e+00 5.462653e-03 0.000000e+00)
2323          	1.845362e-06	(0.000000e+00 5.462653e-03 0.000000e+00)
2324          	1.846614e-06	(0.000000e+00 5.462653e-03 0.000000e+00)
2325          	1.847889e-06	(0.000000e+00 5.462653e-03 0.000000e+00)
2326          	1.849186e-06	(0.000000e+00 5.462653e-03 0.000000e+00)
2327          	1.850565e-06	(0.000000e+00 5.462653e-03 0.000000e+00)
2328          	1.852015e-06	(0.000000e+00 5.462653e-03 0.000000e+00)
2329          	1.853491e-06	(0.000000e+00 5.462653e-03 0.000000e+00)
2330          	1.854949e-06	(0.000000e+00 5.462653e-03 0.000000e+00)
2331          	1.856443e-06	(0.000000e+00 5.462653e-03 0.000000e+00)
2332          	1.857980e-06	(0.000000e+00 5.462653e-03 0.000000e+00)
2333          	1.859545e-06	(0.000000e+00 5.462653e-03 0.000000e+00)
2334          	1.861166e-06	(0.000000e+00 5.462653e-03 0.000000e+00)
2335          	1.862851e-06	(0.000000e+00 5.462653e-03 0.000000e+00)
2336          	1.864616e-06	(0.000000e+00 5.462653e-03 0.000000e+00)
2337          	1.866434e-06	(0.000000e+00 5.462653e-03 0.000000e+00)
2338          	1.868290e-06	(0.000000e+00 5.462653e-03 0.000000e+00)
2339          	1.870165e-06	(0.000000e+00 5.462653e-03 0.000000e+00)
2340          	1.872048e-06	(0.000000e+00 5.462653e-03 0.000000e+00)
2341          	1.873939e-06	(0.000000e+00 5.462653e-03 0.000000e+00)
2342          	1.875851e-06	(0.000000e+00 5.462653e-03 0.000000e+00)
2343          	1.877723e-06	(0.000000e+00 5.462653e-03 0.000000e+00)
2344          	1.879606e-06	(0.000000e+00 5.462653e-03 0.000000e+00)
2345          	1.881497e-06	(0.000000e+00 5.462653e-03 0.000000e+00)
2346          	1.883373e-06	(0.000000e+00 5.462653e-03 0.000000e+00)
2347          	1.885282e-06	(0.000000e+00 5.462653e-03 0.000000e+00)
2348          	1.887251e-06	(0.000000e+00 5.462653e-03 0.000000e+00)
2349          	1.889208e-06	(0.000000e+00 5.462653e-03 0.000000e+00)
2350          	1.891179e-06	(0.000000e+00 5.462653e-03 0.000000e+00)
2351          	1.893181e-06	(0.000000e+00 5.462653e-03 0.000000e+00)
2352          	1.895281e-06	(0.000000e+00 5.462653e-03 0.000000e+00)
2353          	1.897324e-06	(0.000000e+00 5.462653e-03 0.000000e+00)
2354          	1.899343e-06	(0.000000e+00 5.462653e-03 0.000000e+00)
2355          	1.901355e-06	(0.000000e+00 5.462653e-03 0.000000e+00)
2356          	1.903351e-06	(0.000000e+00 5.462653e-03 0.000000e+00)
2357          	1.905396e-06	(0.000000e+00 5.462653e-03 0.000000e+00)
2358          	1.907445e-06	(0.000000e+00 5.462653e-03 0.000000e+00)
2359          	1.909459e-06	(0.000000e+00 5.462653e-03 0.000000e+00)
2360          	1.911409e-06	(0.000000e+00 5.462653e-03 0.000000e+00)
2361          	1.913338e-06	(0.000000e+00 5.462653e-03 0.000000e+00)
2362          	1.915264e-06	(0.000000e+00 5.462653e-03 0.000000e+00)
2363          	1.917207e-06	(0.000000e+00 5.462653e-03 0.000000e+00)
2364          	1.919140e-06	(0.000000e+00 5.462653e-03 0.000000e+00)
2365          	1.921049e-06	(0.000000e+00 5.462653e-03 0.000000e+00)
2366          	1.922928e-06	(0.000000e+00 5.462653e-03 0.000000e+00)
2367          	1.924738e-06	(0.000000e+00 5.462653e-03 0.000000e+00)
2368          	1.926548e-06	(0.000000e+00 5.462653e-03 0.000000e+00)
2369          	1.928377e-06	(0.000000e+00 5.462653e-03 0.000000e+00)
2370          	1.930200e-06	(0.000000e+00 5.462653e-03 0.000000e+00)
2371          	1.932023e-06	(0.000000e+00 5.462653e-03 0.000000e+00)
2372          	1.933811e-06	(0.000000e+00 5.462653e-03 0.000000e+00)
2373          	1.935561e-06	(0.000000e+00 5.462653e-03 0.000000e+00)
2374          	1.937242e-06	(0.000000e+00 5.462653e-03 0.000000e+00)
2375          	1.938879e-06	(0.000000e+00 5.462653e-03 0.000000e+00)
2376          	1.940491e-06	(0.000000e+00 5.462653e-03 0.000000e+00)
2377          	1.941834e-06	(0.000000e+00 5.462653e-03 0.000000e+00)
2378          	1.943379e-06	(0.000000e+00 5.462653e-03 0.000000e+00)
2379          	1.945085e-06	(0.000000e+00 5.462653e-03 0.000000e+00)
2380          	1.946789e-06	(0.000000e+00 5.462653e-03 0.000000e+00)
2381          	1.948185e-06	(0.000000e+00 5.462653e-03 0.000000e+00)
2382          	1.949531e-06	(0.000000e+00 5.462653e-03 0.000000e+00)
2383          	1.950883e-06	(0.000000e+00 5.462653e-03 0.000000e+00)
2384          	1.952230e-06	(0.000000e+00 5.462653e-03 0.000000e+00)
2385          	1.953557e-06	(0.000000e+00 5.462653e-03 0.000000e+00)
2386          	1.954845e-06	(0.000000e+00 5.462653e-03 0.000000e+00)
2387          	1.956130e-06	(0.000000e+00 5.462653e-03 0.000000e+00)
2388          	1.957380e-06	(0.000000e+00 5.462653e-03 0.000000e+00)
2389          	1.958567e-06	(0.000000e+00 5.462653e-03 0.000000e+00)
2390          	1.959708e-06	(0.000000e+00 5.462653e-03 0.000000e+00)
2391          	1.960798e-06	(0.000000e+00 5.462653e-03 0.000000e+00)
2392          	1.961827e-06	(0.000000e+00 5.462653e-03 0.000000e+00)
2393          	1.962796e-06	(0.000000e+00 5.462653e-03 0.000000e+00)
2394          	1.963728e-06	(0.000000e+00 5.462653e-03 0.000000e+00)
2395          	1.964596e-06	(0.000000e+00 5.462653e-03 0.000000e+00)
2396          	1.965400e-06	(0.000000e+00 5.462653e-03 0.000000e+00)
2397          	1.966148e-06	(0.000000e+00 5.462653e-03 0.000000e+00)
2398          	1.966862e-06	(0.000000e+00 5.462653e-03 0.000000e+00)
2399          	1.967554e-06	(0.000000e+00 5.462653e-03 0.000000e+00)
2400          	1.968216e-06	(0.000000e+00 5.462653e-03 0.000000e+00)
2401          	1.968873e-06	(0.000000e+00 5.462653e-03 0.000000e+00)
2402          	1.969482e-06	(0.000000e+00 5.462653e-03 0.000000e+00)
2403          	1.970076e-06	(0.000000e+00 5.462653e-03 0.000000e+00)
2404          	1.970619e-06	(0.000000e+00 5.462653e-03 0.000000e+00)
2405          	1.971062e-06	(0.000000e+00 5.462653e-03 0.000000e+00)
2406          	1.971426e-06	(0.000000e+00 5.462653e-03 0.000000e+00)
2407          	1.971764e-06	(0.000000e+00 5.462653e-03 0.000000e+00)
2408          	1.972098e-06	(0.000000e+00 5.462653e-03 0.000000e+00)
2409          	1.972424e-06	(0.000000e+00 5.462653e-03 0.000000e+00)
2410          	1.972714e-06	(0.000000e+00 5.462653e-03 0.000000e+00)
2411          	1.972938e-06	(0.000000e+00 5.462653e-03 0.000000e+00)
2412          	1.973103e-06	(0.000000e+00 5.462653e-03 0.000000e+00)
2413          	1.973208e-06	(0.000000e+00 5.462653e-03 0.000000e+00)
2414          	1.973270e-06	(0.000000e+00 5.462653e-03 0.000000e+00)
2415          	1.973293e-06	(0.000000e+00 5.462653e-03 0.000000e+00)
2416          	1.973275e-06	(0.000000e+00 5.462653e-03 0.000000e+00)
2417          	1.973211e-06	(0.000000e+00 5.462653e-03 0.000000e+00)
2418          	1.973093e-06	(0.000000e+00 5.462653e-03 0.000000e+00)
2419          	1.972927e-06	(0.000000e+00 5.462653e-03 0.000000e+00)
2420          	1.972723e-06	(0.000000e+00 5.462653e-03 0.000000e+00)
2421          	1.972493e-06	(0.000000e+00 5.462653e-03 0.000000e+00)
2422          	1.972228e-06	(0.000000e+00 5.462653e-03 0.000000e+00)
2423          	1.971945e-06	(0.000000e+00 5.462653e-03 0.000000e+00)
2424          	1.971578e-06	(0.000000e+00 5.462653e-03 0.000000e+00)
2425          	1.971154e-06	(0.000000e+00 5.462653e-03 0.000000e+00)
2426          	1.970684e-06	(0.000000e+00 5.462653e-03 0.000000e+00)
2427          	1.970205e-06	(0.000000e+00 5.462653e-03 0.000000e+00)
2428          	1.969734e-06	(0.000000e+00 5.462653e-03 0.000000e+00)
2429          	1.969251e-06	(0.000000e+00 5.462653e-03 0.000000e+00)
2430          	1.968752e-06	(0.000000e+00 5.462653e-03 0.000000e+00)
2431          	1.968236e-06	(0.000000e+00 5.462653e-03 0.000000e+00)
2432          	1.967700e-06	(0.000000e+00 5.462653e-03 0.000000e+00)
2433          	1.967123e-06	(0.000000e+00 5.462653e-03 0.000000e+00)
2434          	1.966529e-06	(0.000000e+00 5.462653e-03 0.000000e+00)
2435          	1.965926e-06	(0.000000e+00 5.462653e-03 0.000000e+00)
2436          	1.965314e-06	(0.000000e+00 5.462653e-03 0.000000e+00)
2437          	1.964695e-06	(0.000000e+00 5.462653e-03 0.000000e+00)
2438          	1.964063e-06	(0.000000e+00 5.462653e-03 0.000000e+00)
2439          	1.963400e-06	(0.000000e+00 5.462653e-03 0.000000e+00)
2440          	1.962721e-06	(0.000000e+00 5.462653e-03 0.000000e+00)
2441          	1.962031e-06	(0.000000e+00 5.462653e-03 0.000000e+00)
2442          	1.961315e-06	(0.000000e+00 5.462653e-03 0.000000e+00)
2443          	1.960564e-06	(0.000000e+00 5.462653e-03 0.000000e+00)
2444          	1.959801e-06	(0.000000e+00 5.462653e-03 0.000000e+00)
2445          	1.959042e-06	(0.000000e+00 5.462653e-03 0.000000e+00)
2446          	1.958297e-06	(0.000000e+00 5.462653e-03 0.000000e+00)
2447          	1.957568e-06	(0.000000e+00 5.462653e-03 0.000000e+00)
2448          	1.956847e-06	(0.000000e+00 5.462653e-03 0.000000e+00)
2449          	1.956131e-06	(0.000000e+00 5.462653e-03 0.000000e+00)
2450          	1.955411e-06	(0.000000e+00 5.462653e-03 0.000000e+00)
2451          	1.954671e-06	(0.000000e+00 5.462653e-03 0.000000e+00)
2452          	1.953910e-06	(0.000000e+00 5.462653e-03 0.000000e+00)
2453          	1.953118e-06	(0.000000e+00 5.462653e-03 0.000000e+00)
2454          	1.952324e-06	(0.000000e+00 5.462653e-03 0.000000e+00)
2455          	1.951526e-06	(0.000000e+00 5.462653e-03 0.000000e+00)
2456          	1.950739e-06	(0.000000e+00 5.462653e-03 0.000000e+00)
2457          	1.949964e-06	(0.000000e+00 5.462653e-03 0.000000e+00)
