# Selection   : patch(inlet)
# Faces       : 46
# Area        : 1.446005e-02
# Time        	areaAverage(p)	areaAverage(U)
170           	1.054302e-07	(0.000000e+00 1.471111e-03 0.000000e+00)
170.05        	1.053091e-07	(0.000000e+00 1.471111e-03 0.000000e+00)
170.1         	1.058033e-07	(0.000000e+00 1.471111e-03 0.000000e+00)
170.15        	1.057384e-07	(0.000000e+00 1.471111e-03 0.000000e+00)
170.2         	1.057059e-07	(0.000000e+00 1.471111e-03 0.000000e+00)
170.25        	1.057422e-07	(0.000000e+00 1.471111e-03 0.000000e+00)
170.3         	1.058320e-07	(0.000000e+00 1.471111e-03 0.000000e+00)
170.35        	1.058347e-07	(0.000000e+00 1.471111e-03 0.000000e+00)
170.4         	1.058451e-07	(0.000000e+00 1.471111e-03 0.000000e+00)
170.45        	1.058634e-07	(0.000000e+00 1.471111e-03 0.000000e+00)
170.5         	1.058867e-07	(0.000000e+00 1.471111e-03 0.000000e+00)
170.55        	1.059144e-07	(0.000000e+00 1.471111e-03 0.000000e+00)
170.6         	1.059443e-07	(0.000000e+00 1.471111e-03 0.000000e+00)
170.65        	1.059762e-07	(0.000000e+00 1.471111e-03 0.000000e+00)
170.7         	1.060112e-07	(0.000000e+00 1.471111e-03 0.000000e+00)
170.75        	1.060485e-07	(0.000000e+00 1.471111e-03 0.000000e+00)
170.8         	1.060858e-07	(0.000000e+00 1.471111e-03 0.000000e+00)
170.85        	1.061233e-07	(0.000000e+00 1.471111e-03 0.000000e+00)
170.9         	1.061619e-07	(0.000000e+00 1.471111e-03 0.000000e+00)
170.95        	1.062011e-07	(0.000000e+00 1.471111e-03 0.000000e+00)
171           	1.062409e-07	(0.000000e+00 1.471111e-03 0.000000e+00)
171.05        	1.062812e-07	(0.000000e+00 1.471111e-03 0.000000e+00)
171.1         	1.063220e-07	(0.000000e+00 1.471111e-03 0.000000e+00)
171.15        	1.063632e-07	(0.000000e+00 1.471111e-03 0.000000e+00)
171.2         	1.064048e-07	(0.000000e+00 1.471111e-03 0.000000e+00)
171.25        	1.064467e-07	(0.000000e+00 1.471111e-03 0.000000e+00)
171.3         	1.064889e-07	(0.000000e+00 1.471111e-03 0.000000e+00)
171.35        	1.065315e-07	(0.000000e+00 1.471111e-03 0.000000e+00)
171.4         	1.065743e-07	(0.000000e+00 1.471111e-03 0.000000e+00)
171.45        	1.066173e-07	(0.000000e+00 1.471111e-03 0.000000e+00)
171.5         	1.066604e-07	(0.000000e+00 1.471111e-03 0.000000e+00)
171.55        	1.067038e-07	(0.000000e+00 1.471111e-03 0.000000e+00)
171.6         	1.067473e-07	(0.000000e+00 1.471111e-03 0.000000e+00)
171.65        	1.067910e-07	(0.000000e+00 1.471111e-03 0.000000e+00)
171.7         	1.068348e-07	(0.000000e+00 1.471111e-03 0.000000e+00)
171.75        	1.068788e-07	(0.000000e+00 1.471111e-03 0.000000e+00)
171.8         	1.069230e-07	(0.000000e+00 1.471111e-03 0.000000e+00)
171.85        	1.069671e-07	(0.000000e+00 1.471111e-03 0.000000e+00)
171.9         	1.070114e-07	(0.000000e+00 1.471111e-03 0.000000e+00)
171.95        	1.070557e-07	(0.000000e+00 1.471111e-03 0.000000e+00)
172           	1.071002e-07	(0.000000e+00 1.471111e-03 0.000000e+00)
172.05        	1.071447e-07	(0.000000e+00 1.471111e-03 0.000000e+00)
172.1         	1.071893e-07	(0.000000e+00 1.471111e-03 0.000000e+00)
172.15        	1.072339e-07	(0.000000e+00 1.471111e-03 0.000000e+00)
172.2         	1.072786e-07	(0.000000e+00 1.471111e-03 0.000000e+00)
172.25        	1.073233e-07	(0.000000e+00 1.471111e-03 0.000000e+00)
172.3         	1.073681e-07	(0.000000e+00 1.471111e-03 0.000000e+00)
172.35        	1.074130e-07	(0.000000e+00 1.471111e-03 0.000000e+00)
172.4         	1.074578e-07	(0.000000e+00 1.471111e-03 0.000000e+00)
172.45        	1.075027e-07	(0.000000e+00 1.471111e-03 0.000000e+00)
172.5         	1.075475e-07	(0.000000e+00 1.471111e-03 0.000000e+00)
172.55        	1.075903e-07	(0.000000e+00 1.471111e-03 0.000000e+00)
172.6         	1.076384e-07	(0.000000e+00 1.471111e-03 0.000000e+00)
172.65        	1.076844e-07	(0.000000e+00 1.471111e-03 0.000000e+00)
172.7         	1.077293e-07	(0.000000e+00 1.471111e-03 0.000000e+00)
172.75        	1.077734e-07	(0.000000e+00 1.471111e-03 0.000000e+00)
172.8         	1.078188e-07	(0.000000e+00 1.471111e-03 0.000000e+00)
172.85        	1.078635e-07	(0.000000e+00 1.471111e-03 0.000000e+00)
172.9         	1.079088e-07	(0.000000e+00 1.471111e-03 0.000000e+00)
172.95        	1.079540e-07	(0.000000e+00 1.471111e-03 0.000000e+00)
173           	1.079992e-07	(0.000000e+00 1.471111e-03 0.000000e+00)
173.05        	1.080445e-07	(0.000000e+00 1.471111e-03 0.000000e+00)
173.1         	1.080898e-07	(0.000000e+00 1.471111e-03 0.000000e+00)
173.15        	1.081351e-07	(0.000000e+00 1.471111e-03 0.000000e+00)
173.2         	1.081803e-07	(0.000000e+00 1.471111e-03 0.000000e+00)
173.25        	1.082256e-07	(0.000000e+00 1.471111e-03 0.000000e+00)
173.3         	1.082709e-07	(0.000000e+00 1.471111e-03 0.000000e+00)
173.35        	1.083162e-07	(0.000000e+00 1.471111e-03 0.000000e+00)
173.4         	1.083615e-07	(0.000000e+00 1.471111e-03 0.000000e+00)
173.45        	1.084069e-07	(0.000000e+00 1.471111e-03 0.000000e+00)
173.5         	1.084522e-07	(0.000000e+00 1.471111e-03 0.000000e+00)
173.55        	1.084975e-07	(0.000000e+00 1.471111e-03 0.000000e+00)
173.6         	1.085428e-07	(0.000000e+00 1.471111e-03 0.000000e+00)
173.65        	1.085882e-07	(0.000000e+00 1.471111e-03 0.000000e+00)
173.7         	1.086336e-07	(0.000000e+00 1.471111e-03 0.000000e+00)
173.75        	1.086788e-07	(0.000000e+00 1.471111e-03 0.000000e+00)
173.8         	1.087239e-07	(0.000000e+00 1.471111e-03 0.000000e+00)
173.85        	1.087694e-07	(0.000000e+00 1.471111e-03 0.000000e+00)
173.9         	1.088149e-07	(0.000000e+00 1.471111e-03 0.000000e+00)
173.95        	1.088604e-07	(0.000000e+00 1.471111e-03 0.000000e+00)
174           	1.089056e-07	(0.000000e+00 1.471111e-03 0.000000e+00)
174.05        	1.089509e-07	(0.000000e+00 1.471111e-03 0.000000e+00)
174.1         	1.089962e-07	(0.000000e+00 1.471111e-03 0.000000e+00)
174.15        	1.090417e-07	(0.000000e+00 1.471111e-03 0.000000e+00)
174.2         	1.090872e-07	(0.000000e+00 1.471111e-03 0.000000e+00)
174.25        	1.091311e-07	(0.000000e+00 1.471111e-03 0.000000e+00)
174.3         	1.091760e-07	(0.000000e+00 1.471111e-03 0.000000e+00)
174.35        	1.092229e-07	(0.000000e+00 1.471111e-03 0.000000e+00)
174.4         	1.092704e-07	(0.000000e+00 1.471111e-03 0.000000e+00)
174.45        	1.093148e-07	(0.000000e+00 1.471111e-03 0.000000e+00)
174.5         	1.093600e-07	(0.000000e+00 1.471111e-03 0.000000e+00)
174.55        	1.094055e-07	(0.000000e+00 1.471111e-03 0.000000e+00)
174.6         	1.094511e-07	(0.000000e+00 1.471111e-03 0.000000e+00)
174.65        	1.094966e-07	(0.000000e+00 1.471111e-03 0.000000e+00)
174.7         	1.095420e-07	(0.000000e+00 1.471111e-03 0.000000e+00)
174.75        	1.095874e-07	(0.000000e+00 1.471111e-03 0.000000e+00)
174.8         	1.096328e-07	(0.000000e+00 1.471111e-03 0.000000e+00)
174.85        	1.096782e-07	(0.000000e+00 1.471111e-03 0.000000e+00)
174.9         	1.097237e-07	(0.000000e+00 1.471111e-03 0.000000e+00)
174.95        	1.097692e-07	(0.000000e+00 1.471111e-03 0.000000e+00)
175           	1.098146e-07	(0.000000e+00 1.471111e-03 0.000000e+00)
175.05        	1.098601e-07	(0.000000e+00 1.471111e-03 0.000000e+00)
175.1         	1.099054e-07	(0.000000e+00 1.471111e-03 0.000000e+00)
175.15        	1.099514e-07	(0.000000e+00 1.471111e-03 0.000000e+00)
175.2         	1.099974e-07	(0.000000e+00 1.471111e-03 0.000000e+00)
175.25        	1.100426e-07	(0.000000e+00 1.471111e-03 0.000000e+00)
175.3         	1.100880e-07	(0.000000e+00 1.471111e-03 0.000000e+00)
175.35        	1.101335e-07	(0.000000e+00 1.471111e-03 0.000000e+00)
175.4         	1.101790e-07	(0.000000e+00 1.471111e-03 0.000000e+00)
175.45        	1.102246e-07	(0.000000e+00 1.471111e-03 0.000000e+00)
175.5         	1.102701e-07	(0.000000e+00 1.471111e-03 0.000000e+00)
175.55        	1.103157e-07	(0.000000e+00 1.471111e-03 0.000000e+00)
175.6         	1.103612e-07	(0.000000e+00 1.471111e-03 0.000000e+00)
175.65        	1.104066e-07	(0.000000e+00 1.471111e-03 0.000000e+00)
175.7         	1.104527e-07	(0.000000e+00 1.471111e-03 0.000000e+00)
175.75        	1.104991e-07	(0.000000e+00 1.471111e-03 0.000000e+00)
175.8         	1.105446e-07	(0.000000e+00 1.471111e-03 0.000000e+00)
175.85        	1.105896e-07	(0.000000e+00 1.471111e-03 0.000000e+00)
175.9         	1.106350e-07	(0.000000e+00 1.471111e-03 0.000000e+00)
175.95        	1.106806e-07	(0.000000e+00 1.471111e-03 0.000000e+00)
176           	1.107263e-07	(0.000000e+00 1.471111e-03 0.000000e+00)
176.05        	1.107717e-07	(0.000000e+00 1.471111e-03 0.000000e+00)
176.1         	1.108172e-07	(0.000000e+00 1.471111e-03 0.000000e+00)
176.15        	1.108626e-07	(0.000000e+00 1.471111e-03 0.000000e+00)
176.2         	1.109082e-07	(0.000000e+00 1.471111e-03 0.000000e+00)
176.25        	1.109536e-07	(0.000000e+00 1.471111e-03 0.000000e+00)
176.3         	1.109989e-07	(0.000000e+00 1.471111e-03 0.000000e+00)
176.35        	1.110445e-07	(0.000000e+00 1.471111e-03 0.000000e+00)
176.4         	1.110898e-07	(0.000000e+00 1.471111e-03 0.000000e+00)
176.45        	1.111352e-07	(0.000000e+00 1.471111e-03 0.000000e+00)
176.5         	1.111806e-07	(0.000000e+00 1.471111e-03 0.000000e+00)
176.55        	1.112260e-07	(0.000000e+00 1.471111e-03 0.000000e+00)
176.6         	1.112713e-07	(0.000000e+00 1.471111e-03 0.000000e+00)
176.65        	1.113166e-07	(0.000000e+00 1.471111e-03 0.000000e+00)
176.7         	1.113620e-07	(0.000000e+00 1.471111e-03 0.000000e+00)
176.75        	1.114073e-07	(0.000000e+00 1.471111e-03 0.000000e+00)
176.8         	1.114526e-07	(0.000000e+00 1.471111e-03 0.000000e+00)
176.85        	1.114979e-07	(0.000000e+00 1.471111e-03 0.000000e+00)
176.9         	1.115432e-07	(0.000000e+00 1.471111e-03 0.000000e+00)
176.95        	1.115885e-07	(0.000000e+00 1.471111e-03 0.000000e+00)
177           	1.116338e-07	(0.000000e+00 1.471111e-03 0.000000e+00)
177.05        	1.116791e-07	(0.000000e+00 1.471111e-03 0.000000e+00)
177.1         	1.117243e-07	(0.000000e+00 1.471111e-03 0.000000e+00)
177.15        	1.117695e-07	(0.000000e+00 1.471111e-03 0.000000e+00)
177.2         	1.118147e-07	(0.000000e+00 1.471111e-03 0.000000e+00)
177.25        	1.118597e-07	(0.000000e+00 1.471111e-03 0.000000e+00)
177.3         	1.119047e-07	(0.000000e+00 1.471111e-03 0.000000e+00)
177.35        	1.119501e-07	(0.000000e+00 1.471111e-03 0.000000e+00)
177.4         	1.119957e-07	(0.000000e+00 1.471111e-03 0.000000e+00)
177.45        	1.120413e-07	(0.000000e+00 1.471111e-03 0.000000e+00)
177.5         	1.120867e-07	(0.000000e+00 1.471111e-03 0.000000e+00)
177.55        	1.121319e-07	(0.000000e+00 1.471111e-03 0.000000e+00)
177.6         	1.121772e-07	(0.000000e+00 1.471111e-03 0.000000e+00)
177.65        	1.122224e-07	(0.000000e+00 1.471111e-03 0.000000e+00)
177.7         	1.122676e-07	(0.000000e+00 1.471111e-03 0.000000e+00)
177.75        	1.123129e-07	(0.000000e+00 1.471111e-03 0.000000e+00)
177.8         	1.123581e-07	(0.000000e+00 1.471111e-03 0.000000e+00)
177.85        	1.124032e-07	(0.000000e+00 1.471111e-03 0.000000e+00)
177.9         	1.124484e-07	(0.000000e+00 1.471111e-03 0.000000e+00)
177.95        	1.124938e-07	(0.000000e+00 1.471111e-03 0.000000e+00)
178           	1.125391e-07	(0.000000e+00 1.471111e-03 0.000000e+00)
178.05        	1.125843e-07	(0.000000e+00 1.471111e-03 0.000000e+00)
178.1         	1.126294e-07	(0.000000e+00 1.471111e-03 0.000000e+00)
178.15        	1.126745e-07	(0.000000e+00 1.471111e-03 0.000000e+00)
178.2         	1.127197e-07	(0.000000e+00 1.471111e-03 0.000000e+00)
178.25        	1.127647e-07	(0.000000e+00 1.471111e-03 0.000000e+00)
178.3         	1.128094e-07	(0.000000e+00 1.471111e-03 0.000000e+00)
178.35        	1.128545e-07	(0.000000e+00 1.471111e-03 0.000000e+00)
178.4         	1.128996e-07	(0.000000e+00 1.471111e-03 0.000000e+00)
178.45        	1.129447e-07	(0.000000e+00 1.471111e-03 0.000000e+00)
178.5         	1.129898e-07	(0.000000e+00 1.471111e-03 0.000000e+00)
178.55        	1.130349e-07	(0.000000e+00 1.471111e-03 0.000000e+00)
178.6         	1.130801e-07	(0.000000e+00 1.471111e-03 0.000000e+00)
178.65        	1.131251e-07	(0.000000e+00 1.471111e-03 0.000000e+00)
178.7         	1.131690e-07	(0.000000e+00 1.471111e-03 0.000000e+00)
178.75        	1.132133e-07	(0.000000e+00 1.471111e-03 0.000000e+00)
178.8         	1.132577e-07	(0.000000e+00 1.471111e-03 0.000000e+00)
178.85        	1.133018e-07	(0.000000e+00 1.471111e-03 0.000000e+00)
178.9         	1.133481e-07	(0.000000e+00 1.471111e-03 0.000000e+00)
178.95        	1.133933e-07	(0.000000e+00 1.471111e-03 0.000000e+00)
179           	1.134388e-07	(0.000000e+00 1.471111e-03 0.000000e+00)
179.05        	1.134838e-07	(0.000000e+00 1.471111e-03 0.000000e+00)
179.1         	1.135285e-07	(0.000000e+00 1.471111e-03 0.000000e+00)
179.15        	1.135733e-07	(0.000000e+00 1.471111e-03 0.000000e+00)
179.2         	1.136180e-07	(0.000000e+00 1.471111e-03 0.000000e+00)
179.25        	1.136623e-07	(0.000000e+00 1.471111e-03 0.000000e+00)
179.3         	1.137063e-07	(0.000000e+00 1.471111e-03 0.000000e+00)
179.35        	1.137516e-07	(0.000000e+00 1.471111e-03 0.000000e+00)
179.4         	1.137968e-07	(0.000000e+00 1.471111e-03 0.000000e+00)
179.45        	1.138416e-07	(0.000000e+00 1.471111e-03 0.000000e+00)
179.5         	1.138865e-07	(0.000000e+00 1.471111e-03 0.000000e+00)
179.55        	1.139313e-07	(0.000000e+00 1.471111e-03 0.000000e+00)
179.6         	1.139760e-07	(0.000000e+00 1.471111e-03 0.000000e+00)
179.65        	1.140207e-07	(0.000000e+00 1.471111e-03 0.000000e+00)
179.7         	1.140653e-07	(0.000000e+00 1.471111e-03 0.000000e+00)
179.75        	1.141101e-07	(0.000000e+00 1.471111e-03 0.000000e+00)
179.8         	1.141547e-07	(0.000000e+00 1.471111e-03 0.000000e+00)
179.85        	1.141994e-07	(0.000000e+00 1.471111e-03 0.000000e+00)
179.9         	1.142440e-07	(0.000000e+00 1.471111e-03 0.000000e+00)
179.95        	1.142887e-07	(0.000000e+00 1.471111e-03 0.000000e+00)
180           	1.143333e-07	(0.000000e+00 1.471111e-03 0.000000e+00)
180.05        	1.143779e-07	(0.000000e+00 1.471111e-03 0.000000e+00)
180.1         	1.144224e-07	(0.000000e+00 1.471111e-03 0.000000e+00)
180.15        	1.144670e-07	(0.000000e+00 1.471111e-03 0.000000e+00)
180.2         	1.145116e-07	(0.000000e+00 1.471111e-03 0.000000e+00)
180.25        	1.145561e-07	(0.000000e+00 1.471111e-03 0.000000e+00)
180.3         	1.146001e-07	(0.000000e+00 1.471111e-03 0.000000e+00)
180.35        	1.146442e-07	(0.000000e+00 1.471111e-03 0.000000e+00)
180.4         	1.146897e-07	(0.000000e+00 1.471111e-03 0.000000e+00)
180.45        	1.147339e-07	(0.000000e+00 1.471111e-03 0.000000e+00)
180.5         	1.147787e-07	(0.000000e+00 1.471111e-03 0.000000e+00)
180.55        	1.148230e-07	(0.000000e+00 1.471111e-03 0.000000e+00)
180.6         	1.148676e-07	(0.000000e+00 1.471111e-03 0.000000e+00)
180.65        	1.149121e-07	(0.000000e+00 1.471111e-03 0.000000e+00)
180.7         	1.149567e-07	(0.000000e+00 1.471111e-03 0.000000e+00)
180.75        	1.150008e-07	(0.000000e+00 1.471111e-03 0.000000e+00)
180.8         	1.150441e-07	(0.000000e+00 1.471111e-03 0.000000e+00)
180.85        	1.150879e-07	(0.000000e+00 1.471111e-03 0.000000e+00)
180.9         	1.151320e-07	(0.000000e+00 1.471111e-03 0.000000e+00)
180.95        	1.151765e-07	(0.000000e+00 1.471111e-03 0.000000e+00)
181           	1.152208e-07	(0.000000e+00 1.471111e-03 0.000000e+00)
181.05        	1.152650e-07	(0.000000e+00 1.471111e-03 0.000000e+00)
181.1         	1.153088e-07	(0.000000e+00 1.471111e-03 0.000000e+00)
181.15        	1.153521e-07	(0.000000e+00 1.471111e-03 0.000000e+00)
181.2         	1.153960e-07	(0.000000e+00 1.471111e-03 0.000000e+00)
181.25        	1.154406e-07	(0.000000e+00 1.471111e-03 0.000000e+00)
181.3         	1.154851e-07	(0.000000e+00 1.471111e-03 0.000000e+00)
181.35        	1.155294e-07	(0.000000e+00 1.471111e-03 0.000000e+00)
181.4         	1.155736e-07	(0.000000e+00 1.471111e-03 0.000000e+00)
181.45        	1.156176e-07	(0.000000e+00 1.471111e-03 0.000000e+00)
181.5         	1.156619e-07	(0.000000e+00 1.471111e-03 0.000000e+00)
181.55        	1.157058e-07	(0.000000e+00 1.471111e-03 0.000000e+00)
181.6         	1.157497e-07	(0.000000e+00 1.471111e-03 0.000000e+00)
181.65        	1.157936e-07	(0.000000e+00 1.471111e-03 0.000000e+00)
181.7         	1.158377e-07	(0.000000e+00 1.471111e-03 0.000000e+00)
181.75        	1.158816e-07	(0.000000e+00 1.471111e-03 0.000000e+00)
181.8         	1.159255e-07	(0.000000e+00 1.471111e-03 0.000000e+00)
181.85        	1.159695e-07	(0.000000e+00 1.471111e-03 0.000000e+00)
181.9         	1.160134e-07	(0.000000e+00 1.471111e-03 0.000000e+00)
181.95        	1.160570e-07	(0.000000e+00 1.471111e-03 0.000000e+00)
182           	1.161007e-07	(0.000000e+00 1.471111e-03 0.000000e+00)
182.05        	1.161444e-07	(0.000000e+00 1.471111e-03 0.000000e+00)
182.1         	1.161883e-07	(0.000000e+00 1.471111e-03 0.000000e+00)
182.15        	1.162320e-07	(0.000000e+00 1.471111e-03 0.000000e+00)
182.2         	1.162753e-07	(0.000000e+00 1.471111e-03 0.000000e+00)
182.25        	1.163193e-07	(0.000000e+00 1.471111e-03 0.000000e+00)
182.3         	1.163631e-07	(0.000000e+00 1.471111e-03 0.000000e+00)
182.35        	1.164066e-07	(0.000000e+00 1.471111e-03 0.000000e+00)
182.4         	1.164503e-07	(0.000000e+00 1.471111e-03 0.000000e+00)
182.45        	1.164938e-07	(0.000000e+00 1.471111e-03 0.000000e+00)
182.5         	1.165371e-07	(0.000000e+00 1.471111e-03 0.000000e+00)
182.55        	1.165804e-07	(0.000000e+00 1.471111e-03 0.000000e+00)
182.6         	1.166238e-07	(0.000000e+00 1.471111e-03 0.000000e+00)
182.65        	1.166672e-07	(0.000000e+00 1.471111e-03 0.000000e+00)
182.7         	1.167105e-07	(0.000000e+00 1.471111e-03 0.000000e+00)
182.75        	1.167540e-07	(0.000000e+00 1.471111e-03 0.000000e+00)
182.8         	1.167974e-07	(0.000000e+00 1.471111e-03 0.000000e+00)
182.85        	1.168408e-07	(0.000000e+00 1.471111e-03 0.000000e+00)
182.9         	1.168840e-07	(0.000000e+00 1.471111e-03 0.000000e+00)
182.95        	1.169272e-07	(0.000000e+00 1.471111e-03 0.000000e+00)
183           	1.169704e-07	(0.000000e+00 1.471111e-03 0.000000e+00)
183.05        	1.170136e-07	(0.000000e+00 1.471111e-03 0.000000e+00)
183.1         	1.170568e-07	(0.000000e+00 1.471111e-03 0.000000e+00)
183.15        	1.171000e-07	(0.000000e+00 1.471111e-03 0.000000e+00)
183.2         	1.171432e-07	(0.000000e+00 1.471111e-03 0.000000e+00)
183.25        	1.171862e-07	(0.000000e+00 1.471111e-03 0.000000e+00)
183.3         	1.172293e-07	(0.000000e+00 1.471111e-03 0.000000e+00)
183.35        	1.172724e-07	(0.000000e+00 1.471111e-03 0.000000e+00)
183.4         	1.173154e-07	(0.000000e+00 1.471111e-03 0.000000e+00)
183.45        	1.173583e-07	(0.000000e+00 1.471111e-03 0.000000e+00)
183.5         	1.174011e-07	(0.000000e+00 1.471111e-03 0.000000e+00)
183.55        	1.174439e-07	(0.000000e+00 1.471111e-03 0.000000e+00)
183.6         	1.174867e-07	(0.000000e+00 1.471111e-03 0.000000e+00)
183.65        	1.175296e-07	(0.000000e+00 1.471111e-03 0.000000e+00)
183.7         	1.175722e-07	(0.000000e+00 1.471111e-03 0.000000e+00)
183.75        	1.176149e-07	(0.000000e+00 1.471111e-03 0.000000e+00)
183.8         	1.176575e-07	(0.000000e+00 1.471111e-03 0.000000e+00)
183.85        	1.177002e-07	(0.000000e+00 1.471111e-03 0.000000e+00)
183.9         	1.177429e-07	(0.000000e+00 1.471111e-03 0.000000e+00)
183.95        	1.177856e-07	(0.000000e+00 1.471111e-03 0.000000e+00)
184           	1.178281e-07	(0.000000e+00 1.471111e-03 0.000000e+00)
184.05        	1.178707e-07	(0.000000e+00 1.471111e-03 0.000000e+00)
184.1         	1.179130e-07	(0.000000e+00 1.471111e-03 0.000000e+00)
184.15        	1.179555e-07	(0.000000e+00 1.471111e-03 0.000000e+00)
184.2         	1.179978e-07	(0.000000e+00 1.471111e-03 0.000000e+00)
184.25        	1.180403e-07	(0.000000e+00 1.471111e-03 0.000000e+00)
184.3         	1.180827e-07	(0.000000e+00 1.471111e-03 0.000000e+00)
184.35        	1.181250e-07	(0.000000e+00 1.471111e-03 0.000000e+00)
184.4         	1.181672e-07	(0.000000e+00 1.471111e-03 0.000000e+00)
184.45        	1.182095e-07	(0.000000e+00 1.471111e-03 0.000000e+00)
184.5         	1.182518e-07	(0.000000e+00 1.471111e-03 0.000000e+00)
184.55        	1.182941e-07	(0.000000e+00 1.471111e-03 0.000000e+00)
184.6         	1.183362e-07	(0.000000e+00 1.471111e-03 0.000000e+00)
184.65        	1.183783e-07	(0.000000e+00 1.471111e-03 0.000000e+00)
184.7         	1.184205e-07	(0.000000e+00 1.471111e-03 0.000000e+00)
184.75        	1.184627e-07	(0.000000e+00 1.471111e-03 0.000000e+00)
184.8         	1.185050e-07	(0.000000e+00 1.471111e-03 0.000000e+00)
184.85        	1.185466e-07	(0.000000e+00 1.471111e-03 0.000000e+00)
184.9         	1.185882e-07	(0.000000e+00 1.471111e-03 0.000000e+00)
184.95        	1.186296e-07	(0.000000e+00 1.471111e-03 0.000000e+00)
185           	1.186719e-07	(0.000000e+00 1.471111e-03 0.000000e+00)
185.05        	1.187137e-07	(0.000000e+00 1.471111e-03 0.000000e+00)
185.1         	1.187555e-07	(0.000000e+00 1.471111e-03 0.000000e+00)
185.15        	1.187973e-07	(0.000000e+00 1.471111e-03 0.000000e+00)
185.2         	1.188391e-07	(0.000000e+00 1.471111e-03 0.000000e+00)
185.25        	1.188807e-07	(0.000000e+00 1.471111e-03 0.000000e+00)
185.3         	1.189224e-07	(0.000000e+00 1.471111e-03 0.000000e+00)
185.35        	1.189640e-07	(0.000000e+00 1.471111e-03 0.000000e+00)
185.4         	1.190055e-07	(0.000000e+00 1.471111e-03 0.000000e+00)
185.45        	1.190470e-07	(0.000000e+00 1.471111e-03 0.000000e+00)
185.5         	1.190886e-07	(0.000000e+00 1.471111e-03 0.000000e+00)
185.55        	1.191300e-07	(0.000000e+00 1.471111e-03 0.000000e+00)
185.6         	1.191713e-07	(0.000000e+00 1.471111e-03 0.000000e+00)
185.65        	1.192126e-07	(0.000000e+00 1.471111e-03 0.000000e+00)
185.7         	1.192540e-07	(0.000000e+00 1.471111e-03 0.000000e+00)
185.75        	1.192954e-07	(0.000000e+00 1.471111e-03 0.000000e+00)
185.8         	1.193367e-07	(0.000000e+00 1.471111e-03 0.000000e+00)
185.85        	1.193780e-07	(0.000000e+00 1.471111e-03 0.000000e+00)
185.9         	1.194192e-07	(0.000000e+00 1.471111e-03 0.000000e+00)
185.95        	1.194603e-07	(0.000000e+00 1.471111e-03 0.000000e+00)
186           	1.195014e-07	(0.000000e+00 1.471111e-03 0.000000e+00)
186.05        	1.195425e-07	(0.000000e+00 1.471111e-03 0.000000e+00)
186.1         	1.195836e-07	(0.000000e+00 1.471111e-03 0.000000e+00)
186.15        	1.196246e-07	(0.000000e+00 1.471111e-03 0.000000e+00)
186.2         	1.196654e-07	(0.000000e+00 1.471111e-03 0.000000e+00)
186.25        	1.197063e-07	(0.000000e+00 1.471111e-03 0.000000e+00)
186.3         	1.197470e-07	(0.000000e+00 1.471111e-03 0.000000e+00)
186.35        	1.197882e-07	(0.000000e+00 1.471111e-03 0.000000e+00)
186.4         	1.198290e-07	(0.000000e+00 1.471111e-03 0.000000e+00)
186.45        	1.198697e-07	(0.000000e+00 1.471111e-03 0.000000e+00)
186.5         	1.199104e-07	(0.000000e+00 1.471111e-03 0.000000e+00)
186.55        	1.199512e-07	(0.000000e+00 1.471111e-03 0.000000e+00)
186.6         	1.199921e-07	(0.000000e+00 1.471111e-03 0.000000e+00)
186.65        	1.200326e-07	(0.000000e+00 1.471111e-03 0.000000e+00)
186.7         	1.200732e-07	(0.000000e+00 1.471111e-03 0.000000e+00)
186.75        	1.201138e-07	(0.000000e+00 1.471111e-03 0.000000e+00)
186.8         	1.201542e-07	(0.000000e+00 1.471111e-03 0.000000e+00)
186.85        	1.201947e-07	(0.000000e+00 1.471111e-03 0.000000e+00)
186.9         	1.202351e-07	(0.000000e+00 1.471111e-03 0.000000e+00)
186.95        	1.202754e-07	(0.000000e+00 1.471111e-03 0.000000e+00)
187           	1.203157e-07	(0.000000e+00 1.471111e-03 0.000000e+00)
187.05        	1.203559e-07	(0.000000e+00 1.471111e-03 0.000000e+00)
187.1         	1.203962e-07	(0.000000e+00 1.471111e-03 0.000000e+00)
187.15        	1.204364e-07	(0.000000e+00 1.471111e-03 0.000000e+00)
187.2         	1.204765e-07	(0.000000e+00 1.471111e-03 0.000000e+00)
187.25        	1.205166e-07	(0.000000e+00 1.471111e-03 0.000000e+00)
187.3         	1.205566e-07	(0.000000e+00 1.471111e-03 0.000000e+00)
187.35        	1.205967e-07	(0.000000e+00 1.471111e-03 0.000000e+00)
187.4         	1.206366e-07	(0.000000e+00 1.471111e-03 0.000000e+00)
187.45        	1.206766e-07	(0.000000e+00 1.471111e-03 0.000000e+00)
187.5         	1.207165e-07	(0.000000e+00 1.471111e-03 0.000000e+00)
187.55        	1.207563e-07	(0.000000e+00 1.471111e-03 0.000000e+00)
187.6         	1.207962e-07	(0.000000e+00 1.471111e-03 0.000000e+00)
187.65        	1.208360e-07	(0.000000e+00 1.471111e-03 0.000000e+00)
187.7         	1.208756e-07	(0.000000e+00 1.471111e-03 0.000000e+00)
187.75        	1.209154e-07	(0.000000e+00 1.471111e-03 0.000000e+00)
187.8         	1.209550e-07	(0.000000e+00 1.471111e-03 0.000000e+00)
187.85        	1.209946e-07	(0.000000e+00 1.471111e-03 0.000000e+00)
187.9         	1.210341e-07	(0.000000e+00 1.471111e-03 0.000000e+00)
187.95        	1.210736e-07	(0.000000e+00 1.471111e-03 0.000000e+00)
188           	1.211131e-07	(0.000000e+00 1.471111e-03 0.000000e+00)
188.05        	1.211525e-07	(0.000000e+00 1.471111e-03 0.000000e+00)
188.1         	1.211918e-07	(0.000000e+00 1.471111e-03 0.000000e+00)
188.15        	1.212311e-07	(0.000000e+00 1.471111e-03 0.000000e+00)
188.2         	1.212704e-07	(0.000000e+00 1.471111e-03 0.000000e+00)
188.25        	1.213096e-07	(0.000000e+00 1.471111e-03 0.000000e+00)
188.3         	1.213488e-07	(0.000000e+00 1.471111e-03 0.000000e+00)
188.35        	1.213879e-07	(0.000000e+00 1.471111e-03 0.000000e+00)
188.4         	1.214270e-07	(0.000000e+00 1.471111e-03 0.000000e+00)
188.45        	1.214659e-07	(0.000000e+00 1.471111e-03 0.000000e+00)
188.5         	1.215050e-07	(0.000000e+00 1.471111e-03 0.000000e+00)
188.55        	1.215438e-07	(0.000000e+00 1.471111e-03 0.000000e+00)
188.6         	1.215829e-07	(0.000000e+00 1.471111e-03 0.000000e+00)
188.65        	1.216217e-07	(0.000000e+00 1.471111e-03 0.000000e+00)
188.7         	1.216605e-07	(0.000000e+00 1.471111e-03 0.000000e+00)
188.75        	1.216992e-07	(0.000000e+00 1.471111e-03 0.000000e+00)
188.8         	1.217381e-07	(0.000000e+00 1.471111e-03 0.000000e+00)
188.85        	1.217767e-07	(0.000000e+00 1.471111e-03 0.000000e+00)
188.9         	1.218154e-07	(0.000000e+00 1.471111e-03 0.000000e+00)
188.95        	1.218540e-07	(0.000000e+00 1.471111e-03 0.000000e+00)
189           	1.218926e-07	(0.000000e+00 1.471111e-03 0.000000e+00)
189.05        	1.219312e-07	(0.000000e+00 1.471111e-03 0.000000e+00)
189.1         	1.219696e-07	(0.000000e+00 1.471111e-03 0.000000e+00)
189.15        	1.220080e-07	(0.000000e+00 1.471111e-03 0.000000e+00)
189.2         	1.220463e-07	(0.000000e+00 1.471111e-03 0.000000e+00)
189.25        	1.220846e-07	(0.000000e+00 1.471111e-03 0.000000e+00)
189.3         	1.221228e-07	(0.000000e+00 1.471111e-03 0.000000e+00)
189.35        	1.221611e-07	(0.000000e+00 1.471111e-03 0.000000e+00)
189.4         	1.221992e-07	(0.000000e+00 1.471111e-03 0.000000e+00)
189.45        	1.222374e-07	(0.000000e+00 1.471111e-03 0.000000e+00)
189.5         	1.222755e-07	(0.000000e+00 1.471111e-03 0.000000e+00)
189.55        	1.223136e-07	(0.000000e+00 1.471111e-03 0.000000e+00)
189.6         	1.223516e-07	(0.000000e+00 1.471111e-03 0.000000e+00)
189.65        	1.223895e-07	(0.000000e+00 1.471111e-03 0.000000e+00)
189.7         	1.224274e-07	(0.000000e+00 1.471111e-03 0.000000e+00)
189.75        	1.224652e-07	(0.000000e+00 1.471111e-03 0.000000e+00)
189.8         	1.225030e-07	(0.000000e+00 1.471111e-03 0.000000e+00)
189.85        	1.225408e-07	(0.000000e+00 1.471111e-03 0.000000e+00)
189.9         	1.225785e-07	(0.000000e+00 1.471111e-03 0.000000e+00)
189.95        	1.226161e-07	(0.000000e+00 1.471111e-03 0.000000e+00)
190           	1.226537e-07	(0.000000e+00 1.471111e-03 0.000000e+00)
190.05        	1.226912e-07	(0.000000e+00 1.471111e-03 0.000000e+00)
190.1         	1.227288e-07	(0.000000e+00 1.471111e-03 0.000000e+00)
190.15        	1.227662e-07	(0.000000e+00 1.471111e-03 0.000000e+00)
190.2         	1.228036e-07	(0.000000e+00 1.471111e-03 0.000000e+00)
190.25        	1.228411e-07	(0.000000e+00 1.471111e-03 0.000000e+00)
190.3         	1.228788e-07	(0.000000e+00 1.471111e-03 0.000000e+00)
190.35        	1.229157e-07	(0.000000e+00 1.471111e-03 0.000000e+00)
190.4         	1.229525e-07	(0.000000e+00 1.471111e-03 0.000000e+00)
190.45        	1.229899e-07	(0.000000e+00 1.471111e-03 0.000000e+00)
190.5         	1.230272e-07	(0.000000e+00 1.471111e-03 0.000000e+00)
190.55        	1.230642e-07	(0.000000e+00 1.471111e-03 0.000000e+00)
190.6         	1.231012e-07	(0.000000e+00 1.471111e-03 0.000000e+00)
190.65        	1.231382e-07	(0.000000e+00 1.471111e-03 0.000000e+00)
190.7         	1.231751e-07	(0.000000e+00 1.471111e-03 0.000000e+00)
190.75        	1.232120e-07	(0.000000e+00 1.471111e-03 0.000000e+00)
190.8         	1.232490e-07	(0.000000e+00 1.471111e-03 0.000000e+00)
190.85        	1.232857e-07	(0.000000e+00 1.471111e-03 0.000000e+00)
190.9         	1.233223e-07	(0.000000e+00 1.471111e-03 0.000000e+00)
190.95        	1.233590e-07	(0.000000e+00 1.471111e-03 0.000000e+00)
191           	1.233956e-07	(0.000000e+00 1.471111e-03 0.000000e+00)
191.05        	1.234321e-07	(0.000000e+00 1.471111e-03 0.000000e+00)
191.1         	1.234687e-07	(0.000000e+00 1.471111e-03 0.000000e+00)
191.15        	1.235046e-07	(0.000000e+00 1.471111e-03 0.000000e+00)
191.2         	1.235417e-07	(0.000000e+00 1.471111e-03 0.000000e+00)
191.25        	1.235781e-07	(0.000000e+00 1.471111e-03 0.000000e+00)
191.3         	1.236144e-07	(0.000000e+00 1.471111e-03 0.000000e+00)
191.35        	1.236507e-07	(0.000000e+00 1.471111e-03 0.000000e+00)
191.4         	1.236870e-07	(0.000000e+00 1.471111e-03 0.000000e+00)
191.45        	1.237232e-07	(0.000000e+00 1.471111e-03 0.000000e+00)
191.5         	1.237593e-07	(0.000000e+00 1.471111e-03 0.000000e+00)
191.55        	1.237954e-07	(0.000000e+00 1.471111e-03 0.000000e+00)
191.6         	1.238314e-07	(0.000000e+00 1.471111e-03 0.000000e+00)
191.65        	1.238674e-07	(0.000000e+00 1.471111e-03 0.000000e+00)
191.7         	1.239034e-07	(0.000000e+00 1.471111e-03 0.000000e+00)
191.75        	1.239392e-07	(0.000000e+00 1.471111e-03 0.000000e+00)
191.8         	1.239751e-07	(0.000000e+00 1.471111e-03 0.000000e+00)
191.85        	1.240109e-07	(0.000000e+00 1.471111e-03 0.000000e+00)
191.9         	1.240466e-07	(0.000000e+00 1.471111e-03 0.000000e+00)
191.95        	1.240823e-07	(0.000000e+00 1.471111e-03 0.000000e+00)
192           	1.241179e-07	(0.000000e+00 1.471111e-03 0.000000e+00)
192.05        	1.241535e-07	(0.000000e+00 1.471111e-03 0.000000e+00)
192.1         	1.241892e-07	(0.000000e+00 1.471111e-03 0.000000e+00)
192.15        	1.242247e-07	(0.000000e+00 1.471111e-03 0.000000e+00)
192.2         	1.242602e-07	(0.000000e+00 1.471111e-03 0.000000e+00)
192.25        	1.242954e-07	(0.000000e+00 1.471111e-03 0.000000e+00)
192.3         	1.243309e-07	(0.000000e+00 1.471111e-03 0.000000e+00)
192.35        	1.243661e-07	(0.000000e+00 1.471111e-03 0.000000e+00)
192.4         	1.244014e-07	(0.000000e+00 1.471111e-03 0.000000e+00)
192.45        	1.244366e-07	(0.000000e+00 1.471111e-03 0.000000e+00)
192.5         	1.244717e-07	(0.000000e+00 1.471111e-03 0.000000e+00)
192.55        	1.245065e-07	(0.000000e+00 1.471111e-03 0.000000e+00)
192.6         	1.245420e-07	(0.000000e+00 1.471111e-03 0.000000e+00)
192.65        	1.245764e-07	(0.000000e+00 1.471111e-03 0.000000e+00)
192.7         	1.246110e-07	(0.000000e+00 1.471111e-03 0.000000e+00)
192.75        	1.246460e-07	(0.000000e+00 1.471111e-03 0.000000e+00)
192.8         	1.246825e-07	(0.000000e+00 1.471111e-03 0.000000e+00)
192.85        	1.247176e-07	(0.000000e+00 1.471111e-03 0.000000e+00)
192.9         	1.247514e-07	(0.000000e+00 1.471111e-03 0.000000e+00)
192.95        	1.247855e-07	(0.000000e+00 1.471111e-03 0.000000e+00)
193           	1.248201e-07	(0.000000e+00 1.471111e-03 0.000000e+00)
193.05        	1.248547e-07	(0.000000e+00 1.471111e-03 0.000000e+00)
193.1         	1.248893e-07	(0.000000e+00 1.471111e-03 0.000000e+00)
193.15        	1.249237e-07	(0.000000e+00 1.471111e-03 0.000000e+00)
193.2         	1.249581e-07	(0.000000e+00 1.471111e-03 0.000000e+00)
193.25        	1.249924e-07	(0.000000e+00 1.471111e-03 0.000000e+00)
193.3         	1.250268e-07	(0.000000e+00 1.471111e-03 0.000000e+00)
193.35        	1.250611e-07	(0.000000e+00 1.471111e-03 0.000000e+00)
193.4         	1.250952e-07	(0.000000e+00 1.471111e-03 0.000000e+00)
193.45        	1.251293e-07	(0.000000e+00 1.471111e-03 0.000000e+00)
193.5         	1.251633e-07	(0.000000e+00 1.471111e-03 0.000000e+00)
193.55        	1.251972e-07	(0.000000e+00 1.471111e-03 0.000000e+00)
193.6         	1.252313e-07	(0.000000e+00 1.471111e-03 0.000000e+00)
193.65        	1.252654e-07	(0.000000e+00 1.471111e-03 0.000000e+00)
193.7         	1.252993e-07	(0.000000e+00 1.471111e-03 0.000000e+00)
193.75        	1.253332e-07	(0.000000e+00 1.471111e-03 0.000000e+00)
193.8         	1.253670e-07	(0.000000e+00 1.471111e-03 0.000000e+00)
193.85        	1.254008e-07	(0.000000e+00 1.471111e-03 0.000000e+00)
193.9         	1.254344e-07	(0.000000e+00 1.471111e-03 0.000000e+00)
193.95        	1.254681e-07	(0.000000e+00 1.471111e-03 0.000000e+00)
194           	1.255017e-07	(0.000000e+00 1.471111e-03 0.000000e+00)
194.05        	1.255353e-07	(0.000000e+00 1.471111e-03 0.000000e+00)
194.1         	1.255688e-07	(0.000000e+00 1.471111e-03 0.000000e+00)
194.15        	1.256022e-07	(0.000000e+00 1.471111e-03 0.000000e+00)
194.2         	1.256356e-07	(0.000000e+00 1.471111e-03 0.000000e+00)
194.25        	1.256690e-07	(0.000000e+00 1.471111e-03 0.000000e+00)
194.3         	1.257023e-07	(0.000000e+00 1.471111e-03 0.000000e+00)
194.35        	1.257355e-07	(0.000000e+00 1.471111e-03 0.000000e+00)
194.4         	1.257687e-07	(0.000000e+00 1.471111e-03 0.000000e+00)
194.45        	1.258018e-07	(0.000000e+00 1.471111e-03 0.000000e+00)
194.5         	1.258349e-07	(0.000000e+00 1.471111e-03 0.000000e+00)
194.55        	1.258679e-07	(0.000000e+00 1.471111e-03 0.000000e+00)
194.6         	1.259009e-07	(0.000000e+00 1.471111e-03 0.000000e+00)
194.65        	1.259338e-07	(0.000000e+00 1.471111e-03 0.000000e+00)
194.7         	1.259666e-07	(0.000000e+00 1.471111e-03 0.000000e+00)
194.75        	1.259994e-07	(0.000000e+00 1.471111e-03 0.000000e+00)
194.8         	1.260322e-07	(0.000000e+00 1.471111e-03 0.000000e+00)
194.85        	1.260648e-07	(0.000000e+00 1.471111e-03 0.000000e+00)
194.9         	1.260975e-07	(0.000000e+00 1.471111e-03 0.000000e+00)
194.95        	1.261300e-07	(0.000000e+00 1.471111e-03 0.000000e+00)
195           	1.261626e-07	(0.000000e+00 1.471111e-03 0.000000e+00)
195.05        	1.261950e-07	(0.000000e+00 1.471111e-03 0.000000e+00)
195.1         	1.262274e-07	(0.000000e+00 1.471111e-03 0.000000e+00)
195.15        	1.262597e-07	(0.000000e+00 1.471111e-03 0.000000e+00)
195.2         	1.262921e-07	(0.000000e+00 1.471111e-03 0.000000e+00)
195.25        	1.263243e-07	(0.000000e+00 1.471111e-03 0.000000e+00)
195.3         	1.263565e-07	(0.000000e+00 1.471111e-03 0.000000e+00)
195.35        	1.263887e-07	(0.000000e+00 1.471111e-03 0.000000e+00)
195.4         	1.264209e-07	(0.000000e+00 1.471111e-03 0.000000e+00)
195.45        	1.264529e-07	(0.000000e+00 1.471111e-03 0.000000e+00)
195.5         	1.264848e-07	(0.000000e+00 1.471111e-03 0.000000e+00)
195.55        	1.265168e-07	(0.000000e+00 1.471111e-03 0.000000e+00)
195.6         	1.265488e-07	(0.000000e+00 1.471111e-03 0.000000e+00)
195.65        	1.265805e-07	(0.000000e+00 1.471111e-03 0.000000e+00)
195.7         	1.266123e-07	(0.000000e+00 1.471111e-03 0.000000e+00)
195.75        	1.266440e-07	(0.000000e+00 1.471111e-03 0.000000e+00)
195.8         	1.266757e-07	(0.000000e+00 1.471111e-03 0.000000e+00)
195.85        	1.267074e-07	(0.000000e+00 1.471111e-03 0.000000e+00)
195.9         	1.267390e-07	(0.000000e+00 1.471111e-03 0.000000e+00)
195.95        	1.267705e-07	(0.000000e+00 1.471111e-03 0.000000e+00)
196           	1.268019e-07	(0.000000e+00 1.471111e-03 0.000000e+00)
196.05        	1.268333e-07	(0.000000e+00 1.471111e-03 0.000000e+00)
196.1         	1.268647e-07	(0.000000e+00 1.471111e-03 0.000000e+00)
196.15        	1.268961e-07	(0.000000e+00 1.471111e-03 0.000000e+00)
196.2         	1.269273e-07	(0.000000e+00 1.471111e-03 0.000000e+00)
196.25        	1.269586e-07	(0.000000e+00 1.471111e-03 0.000000e+00)
196.3         	1.269897e-07	(0.000000e+00 1.471111e-03 0.000000e+00)
196.35        	1.270208e-07	(0.000000e+00 1.471111e-03 0.000000e+00)
196.4         	1.270518e-07	(0.000000e+00 1.471111e-03 0.000000e+00)
196.45        	1.270829e-07	(0.000000e+00 1.471111e-03 0.000000e+00)
196.5         	1.271138e-07	(0.000000e+00 1.471111e-03 0.000000e+00)
196.55        	1.271448e-07	(0.000000e+00 1.471111e-03 0.000000e+00)
196.6         	1.271756e-07	(0.000000e+00 1.471111e-03 0.000000e+00)
196.65        	1.272064e-07	(0.000000e+00 1.471111e-03 0.000000e+00)
196.7         	1.272372e-07	(0.000000e+00 1.471111e-03 0.000000e+00)
196.75        	1.272678e-07	(0.000000e+00 1.471111e-03 0.000000e+00)
196.8         	1.272985e-07	(0.000000e+00 1.471111e-03 0.000000e+00)
196.85        	1.273291e-07	(0.000000e+00 1.471111e-03 0.000000e+00)
196.9         	1.273597e-07	(0.000000e+00 1.471111e-03 0.000000e+00)
196.95        	1.273902e-07	(0.000000e+00 1.471111e-03 0.000000e+00)
197           	1.274206e-07	(0.000000e+00 1.471111e-03 0.000000e+00)
197.05        	1.274510e-07	(0.000000e+00 1.471111e-03 0.000000e+00)
197.1         	1.274815e-07	(0.000000e+00 1.471111e-03 0.000000e+00)
197.15        	1.275119e-07	(0.000000e+00 1.471111e-03 0.000000e+00)
197.2         	1.275423e-07	(0.000000e+00 1.471111e-03 0.000000e+00)
197.25        	1.275726e-07	(0.000000e+00 1.471111e-03 0.000000e+00)
197.3         	1.276030e-07	(0.000000e+00 1.471111e-03 0.000000e+00)
197.35        	1.276334e-07	(0.000000e+00 1.471111e-03 0.000000e+00)
197.4         	1.276639e-07	(0.000000e+00 1.471111e-03 0.000000e+00)
197.45        	1.276944e-07	(0.000000e+00 1.471111e-03 0.000000e+00)
197.5         	1.277250e-07	(0.000000e+00 1.471111e-03 0.000000e+00)
197.55        	1.277559e-07	(0.000000e+00 1.471111e-03 0.000000e+00)
197.6         	1.277873e-07	(0.000000e+00 1.471111e-03 0.000000e+00)
197.65        	1.278197e-07	(0.000000e+00 1.471111e-03 0.000000e+00)
197.7         	1.278547e-07	(0.000000e+00 1.471111e-03 0.000000e+00)
197.75        	1.278466e-07	(0.000000e+00 1.471111e-03 0.000000e+00)
197.8         	1.278790e-07	(0.000000e+00 1.471111e-03 0.000000e+00)
197.85        	1.279145e-07	(0.000000e+00 1.471111e-03 0.000000e+00)
197.9         	1.279482e-07	(0.000000e+00 1.471111e-03 0.000000e+00)
197.95        	1.279807e-07	(0.000000e+00 1.471111e-03 0.000000e+00)
198           	1.280120e-07	(0.000000e+00 1.471111e-03 0.000000e+00)
198.05        	1.280320e-07	(0.000000e+00 1.471111e-03 0.000000e+00)
198.1         	1.280479e-07	(0.000000e+00 1.471111e-03 0.000000e+00)
198.15        	1.281006e-07	(0.000000e+00 1.471111e-03 0.000000e+00)
198.2         	1.281304e-07	(0.000000e+00 1.471111e-03 0.000000e+00)
198.25        	1.281639e-07	(0.000000e+00 1.471111e-03 0.000000e+00)
198.3         	1.281954e-07	(0.000000e+00 1.471111e-03 0.000000e+00)
198.35        	1.282256e-07	(0.000000e+00 1.471111e-03 0.000000e+00)
198.4         	1.282556e-07	(0.000000e+00 1.471111e-03 0.000000e+00)
198.45        	1.282854e-07	(0.000000e+00 1.471111e-03 0.000000e+00)
198.5         	1.283146e-07	(0.000000e+00 1.471111e-03 0.000000e+00)
198.55        	1.283435e-07	(0.000000e+00 1.471111e-03 0.000000e+00)
198.6         	1.283722e-07	(0.000000e+00 1.471111e-03 0.000000e+00)
198.65        	1.284006e-07	(0.000000e+00 1.471111e-03 0.000000e+00)
198.7         	1.284289e-07	(0.000000e+00 1.471111e-03 0.000000e+00)
198.75        	1.284572e-07	(0.000000e+00 1.471111e-03 0.000000e+00)
198.8         	1.284855e-07	(0.000000e+00 1.471111e-03 0.000000e+00)
198.85        	1.285134e-07	(0.000000e+00 1.471111e-03 0.000000e+00)
198.9         	1.285414e-07	(0.000000e+00 1.471111e-03 0.000000e+00)
198.95        	1.285693e-07	(0.000000e+00 1.471111e-03 0.000000e+00)
199           	1.285972e-07	(0.000000e+00 1.471111e-03 0.000000e+00)
199.05        	1.286251e-07	(0.000000e+00 1.471111e-03 0.000000e+00)
199.1         	1.286529e-07	(0.000000e+00 1.471111e-03 0.000000e+00)
199.15        	1.286807e-07	(0.000000e+00 1.471111e-03 0.000000e+00)
199.2         	1.287085e-07	(0.000000e+00 1.471111e-03 0.000000e+00)
199.25        	1.287362e-07	(0.000000e+00 1.471111e-03 0.000000e+00)
199.3         	1.287639e-07	(0.000000e+00 1.471111e-03 0.000000e+00)
199.35        	1.287915e-07	(0.000000e+00 1.471111e-03 0.000000e+00)
199.4         	1.288191e-07	(0.000000e+00 1.471111e-03 0.000000e+00)
199.45        	1.288466e-07	(0.000000e+00 1.471111e-03 0.000000e+00)
199.5         	1.288742e-07	(0.000000e+00 1.471111e-03 0.000000e+00)
199.55        	1.289017e-07	(0.000000e+00 1.471111e-03 0.000000e+00)
199.6         	1.289291e-07	(0.000000e+00 1.471111e-03 0.000000e+00)
199.65        	1.289565e-07	(0.000000e+00 1.471111e-03 0.000000e+00)
199.7         	1.289839e-07	(0.000000e+00 1.471111e-03 0.000000e+00)
199.75        	1.290113e-07	(0.000000e+00 1.471111e-03 0.000000e+00)
199.8         	1.290385e-07	(0.000000e+00 1.471111e-03 0.000000e+00)
199.85        	1.290656e-07	(0.000000e+00 1.471111e-03 0.000000e+00)
199.9         	1.290928e-07	(0.000000e+00 1.471111e-03 0.000000e+00)
199.95        	1.291199e-07	(0.000000e+00 1.471111e-03 0.000000e+00)
200           	1.291471e-07	(0.000000e+00 1.471111e-03 0.000000e+00)
200.05        	1.291742e-07	(0.000000e+00 1.471111e-03 0.000000e+00)
200.1         	1.292011e-07	(0.000000e+00 1.471111e-03 0.000000e+00)
200.15        	1.292281e-07	(0.000000e+00 1.471111e-03 0.000000e+00)
200.2         	1.292550e-07	(0.000000e+00 1.471111e-03 0.000000e+00)
200.25        	1.292820e-07	(0.000000e+00 1.471111e-03 0.000000e+00)
200.3         	1.293088e-07	(0.000000e+00 1.471111e-03 0.000000e+00)
200.35        	1.293356e-07	(0.000000e+00 1.471111e-03 0.000000e+00)
200.4         	1.293623e-07	(0.000000e+00 1.471111e-03 0.000000e+00)
200.45        	1.293890e-07	(0.000000e+00 1.471111e-03 0.000000e+00)
200.5         	1.294156e-07	(0.000000e+00 1.471111e-03 0.000000e+00)
200.55        	1.294422e-07	(0.000000e+00 1.471111e-03 0.000000e+00)
200.6         	1.294688e-07	(0.000000e+00 1.471111e-03 0.000000e+00)
200.65        	1.294952e-07	(0.000000e+00 1.471111e-03 0.000000e+00)
200.7         	1.295216e-07	(0.000000e+00 1.471111e-03 0.000000e+00)
200.75        	1.295480e-07	(0.000000e+00 1.471111e-03 0.000000e+00)
200.8         	1.295743e-07	(0.000000e+00 1.471111e-03 0.000000e+00)
200.85        	1.296007e-07	(0.000000e+00 1.471111e-03 0.000000e+00)
200.9         	1.296270e-07	(0.000000e+00 1.471111e-03 0.000000e+00)
200.95        	1.296530e-07	(0.000000e+00 1.471111e-03 0.000000e+00)
201           	1.296792e-07	(0.000000e+00 1.471111e-03 0.000000e+00)
201.05        	1.297053e-07	(0.000000e+00 1.471111e-03 0.000000e+00)
201.1         	1.297314e-07	(0.000000e+00 1.471111e-03 0.000000e+00)
201.15        	1.297574e-07	(0.000000e+00 1.471111e-03 0.000000e+00)
201.2         	1.297833e-07	(0.000000e+00 1.471111e-03 0.000000e+00)
201.25        	1.298092e-07	(0.000000e+00 1.471111e-03 0.000000e+00)
201.3         	1.298351e-07	(0.000000e+00 1.471111e-03 0.000000e+00)
201.35        	1.298610e-07	(0.000000e+00 1.471111e-03 0.000000e+00)
201.4         	1.298865e-07	(0.000000e+00 1.471111e-03 0.000000e+00)
201.45        	1.299122e-07	(0.000000e+00 1.471111e-03 0.000000e+00)
201.5         	1.299380e-07	(0.000000e+00 1.471111e-03 0.000000e+00)
201.55        	1.299636e-07	(0.000000e+00 1.471111e-03 0.000000e+00)
201.6         	1.299892e-07	(0.000000e+00 1.471111e-03 0.000000e+00)
201.65        	1.300147e-07	(0.000000e+00 1.471111e-03 0.000000e+00)
201.7         	1.300401e-07	(0.000000e+00 1.471111e-03 0.000000e+00)
201.75        	1.300655e-07	(0.000000e+00 1.471111e-03 0.000000e+00)
201.8         	1.300909e-07	(0.000000e+00 1.471111e-03 0.000000e+00)
201.85        	1.301162e-07	(0.000000e+00 1.471111e-03 0.000000e+00)
201.9         	1.301414e-07	(0.000000e+00 1.471111e-03 0.000000e+00)
201.95        	1.301667e-07	(0.000000e+00 1.471111e-03 0.000000e+00)
202           	1.301918e-07	(0.000000e+00 1.471111e-03 0.000000e+00)
202.05        	1.302169e-07	(0.000000e+00 1.471111e-03 0.000000e+00)
202.1         	1.302420e-07	(0.000000e+00 1.471111e-03 0.000000e+00)
202.15        	1.302670e-07	(0.000000e+00 1.471111e-03 0.000000e+00)
202.2         	1.302920e-07	(0.000000e+00 1.471111e-03 0.000000e+00)
202.25        	1.303169e-07	(0.000000e+00 1.471111e-03 0.000000e+00)
202.3         	1.303417e-07	(0.000000e+00 1.471111e-03 0.000000e+00)
202.35        	1.303664e-07	(0.000000e+00 1.471111e-03 0.000000e+00)
202.4         	1.303911e-07	(0.000000e+00 1.471111e-03 0.000000e+00)
202.45        	1.304158e-07	(0.000000e+00 1.471111e-03 0.000000e+00)
202.5         	1.304404e-07	(0.000000e+00 1.471111e-03 0.000000e+00)
202.55        	1.304648e-07	(0.000000e+00 1.471111e-03 0.000000e+00)
202.6         	1.304893e-07	(0.000000e+00 1.471111e-03 0.000000e+00)
202.65        	1.305137e-07	(0.000000e+00 1.471111e-03 0.000000e+00)
202.7         	1.305381e-07	(0.000000e+00 1.471111e-03 0.000000e+00)
202.75        	1.305624e-07	(0.000000e+00 1.471111e-03 0.000000e+00)
202.8         	1.305867e-07	(0.000000e+00 1.471111e-03 0.000000e+00)
202.85        	1.306109e-07	(0.000000e+00 1.471111e-03 0.000000e+00)
202.9         	1.306352e-07	(0.000000e+00 1.471111e-03 0.000000e+00)
202.95        	1.306593e-07	(0.000000e+00 1.471111e-03 0.000000e+00)
203           	1.306835e-07	(0.000000e+00 1.471111e-03 0.000000e+00)
203.05        	1.307075e-07	(0.000000e+00 1.471111e-03 0.000000e+00)
203.1         	1.307315e-07	(0.000000e+00 1.471111e-03 0.000000e+00)
203.15        	1.307554e-07	(0.000000e+00 1.471111e-03 0.000000e+00)
203.2         	1.307793e-07	(0.000000e+00 1.471111e-03 0.000000e+00)
203.25        	1.308032e-07	(0.000000e+00 1.471111e-03 0.000000e+00)
203.3         	1.308270e-07	(0.000000e+00 1.471111e-03 0.000000e+00)
203.35        	1.308507e-07	(0.000000e+00 1.471111e-03 0.000000e+00)
203.4         	1.308745e-07	(0.000000e+00 1.471111e-03 0.000000e+00)
203.45        	1.308982e-07	(0.000000e+00 1.471111e-03 0.000000e+00)
203.5         	1.309218e-07	(0.000000e+00 1.471111e-03 0.000000e+00)
203.55        	1.309454e-07	(0.000000e+00 1.471111e-03 0.000000e+00)
203.6         	1.309689e-07	(0.000000e+00 1.471111e-03 0.000000e+00)
203.65        	1.309923e-07	(0.000000e+00 1.471111e-03 0.000000e+00)
203.7         	1.310157e-07	(0.000000e+00 1.471111e-03 0.000000e+00)
203.75        	1.310391e-07	(0.000000e+00 1.471111e-03 0.000000e+00)
203.8         	1.310624e-07	(0.000000e+00 1.471111e-03 0.000000e+00)
203.85        	1.310856e-07	(0.000000e+00 1.471111e-03 0.000000e+00)
203.9         	1.311087e-07	(0.000000e+00 1.471111e-03 0.000000e+00)
203.95        	1.311319e-07	(0.000000e+00 1.471111e-03 0.000000e+00)
204           	1.311550e-07	(0.000000e+00 1.471111e-03 0.000000e+00)
204.05        	1.311780e-07	(0.000000e+00 1.471111e-03 0.000000e+00)
204.1         	1.312011e-07	(0.000000e+00 1.471111e-03 0.000000e+00)
204.15        	1.312239e-07	(0.000000e+00 1.471111e-03 0.000000e+00)
204.2         	1.312468e-07	(0.000000e+00 1.471111e-03 0.000000e+00)
204.25        	1.312698e-07	(0.000000e+00 1.471111e-03 0.000000e+00)
204.3         	1.312927e-07	(0.000000e+00 1.471111e-03 0.000000e+00)
204.35        	1.313154e-07	(0.000000e+00 1.471111e-03 0.000000e+00)
204.4         	1.313381e-07	(0.000000e+00 1.471111e-03 0.000000e+00)
204.45        	1.313610e-07	(0.000000e+00 1.471111e-03 0.000000e+00)
204.5         	1.313838e-07	(0.000000e+00 1.471111e-03 0.000000e+00)
204.55        	1.314063e-07	(0.000000e+00 1.471111e-03 0.000000e+00)
204.6         	1.314289e-07	(0.000000e+00 1.471111e-03 0.000000e+00)
204.65        	1.314514e-07	(0.000000e+00 1.471111e-03 0.000000e+00)
204.7         	1.314738e-07	(0.000000e+00 1.471111e-03 0.000000e+00)
204.75        	1.314960e-07	(0.000000e+00 1.471111e-03 0.000000e+00)
204.8         	1.315184e-07	(0.000000e+00 1.471111e-03 0.000000e+00)
204.85        	1.315407e-07	(0.000000e+00 1.471111e-03 0.000000e+00)
204.9         	1.315629e-07	(0.000000e+00 1.471111e-03 0.000000e+00)
204.95        	1.315849e-07	(0.000000e+00 1.471111e-03 0.000000e+00)
205           	1.316071e-07	(0.000000e+00 1.471111e-03 0.000000e+00)
205.05        	1.316292e-07	(0.000000e+00 1.471111e-03 0.000000e+00)
205.1         	1.316512e-07	(0.000000e+00 1.471111e-03 0.000000e+00)
205.15        	1.316731e-07	(0.000000e+00 1.471111e-03 0.000000e+00)
205.2         	1.316950e-07	(0.000000e+00 1.471111e-03 0.000000e+00)
205.25        	1.317169e-07	(0.000000e+00 1.471111e-03 0.000000e+00)
205.3         	1.317387e-07	(0.000000e+00 1.471111e-03 0.000000e+00)
205.35        	1.317605e-07	(0.000000e+00 1.471111e-03 0.000000e+00)
205.4         	1.317822e-07	(0.000000e+00 1.471111e-03 0.000000e+00)
205.45        	1.318039e-07	(0.000000e+00 1.471111e-03 0.000000e+00)
205.5         	1.318255e-07	(0.000000e+00 1.471111e-03 0.000000e+00)
205.55        	1.318471e-07	(0.000000e+00 1.471111e-03 0.000000e+00)
205.6         	1.318686e-07	(0.000000e+00 1.471111e-03 0.000000e+00)
205.65        	1.318901e-07	(0.000000e+00 1.471111e-03 0.000000e+00)
205.7         	1.319115e-07	(0.000000e+00 1.471111e-03 0.000000e+00)
205.75        	1.319328e-07	(0.000000e+00 1.471111e-03 0.000000e+00)
205.8         	1.319542e-07	(0.000000e+00 1.471111e-03 0.000000e+00)
205.85        	1.319756e-07	(0.000000e+00 1.471111e-03 0.000000e+00)
205.9         	1.319969e-07	(0.000000e+00 1.471111e-03 0.000000e+00)
205.95        	1.320182e-07	(0.000000e+00 1.471111e-03 0.000000e+00)
206           	1.320393e-07	(0.000000e+00 1.471111e-03 0.000000e+00)
206.05        	1.320604e-07	(0.000000e+00 1.471111e-03 0.000000e+00)
206.1         	1.320815e-07	(0.000000e+00 1.471111e-03 0.000000e+00)
206.15        	1.321025e-07	(0.000000e+00 1.471111e-03 0.000000e+00)
206.2         	1.321234e-07	(0.000000e+00 1.471111e-03 0.000000e+00)
206.25        	1.321443e-07	(0.000000e+00 1.471111e-03 0.000000e+00)
206.3         	1.321652e-07	(0.000000e+00 1.471111e-03 0.000000e+00)
206.35        	1.321860e-07	(0.000000e+00 1.471111e-03 0.000000e+00)
206.4         	1.322068e-07	(0.000000e+00 1.471111e-03 0.000000e+00)
206.45        	1.322275e-07	(0.000000e+00 1.471111e-03 0.000000e+00)
206.5         	1.322482e-07	(0.000000e+00 1.471111e-03 0.000000e+00)
206.55        	1.322689e-07	(0.000000e+00 1.471111e-03 0.000000e+00)
206.6         	1.322895e-07	(0.000000e+00 1.471111e-03 0.000000e+00)
206.65        	1.323101e-07	(0.000000e+00 1.471111e-03 0.000000e+00)
206.7         	1.323306e-07	(0.000000e+00 1.471111e-03 0.000000e+00)
206.75        	1.323511e-07	(0.000000e+00 1.471111e-03 0.000000e+00)
206.8         	1.323715e-07	(0.000000e+00 1.471111e-03 0.000000e+00)
206.85        	1.323919e-07	(0.000000e+00 1.471111e-03 0.000000e+00)
206.9         	1.324122e-07	(0.000000e+00 1.471111e-03 0.000000e+00)
206.95        	1.324325e-07	(0.000000e+00 1.471111e-03 0.000000e+00)
207           	1.324527e-07	(0.000000e+00 1.471111e-03 0.000000e+00)
207.05        	1.324729e-07	(0.000000e+00 1.471111e-03 0.000000e+00)
207.1         	1.324930e-07	(0.000000e+00 1.471111e-03 0.000000e+00)
207.15        	1.325131e-07	(0.000000e+00 1.471111e-03 0.000000e+00)
207.2         	1.325332e-07	(0.000000e+00 1.471111e-03 0.000000e+00)
207.25        	1.325532e-07	(0.000000e+00 1.471111e-03 0.000000e+00)
207.3         	1.325731e-07	(0.000000e+00 1.471111e-03 0.000000e+00)
207.35        	1.325931e-07	(0.000000e+00 1.471111e-03 0.000000e+00)
207.4         	1.326129e-07	(0.000000e+00 1.471111e-03 0.000000e+00)
207.45        	1.326327e-07	(0.000000e+00 1.471111e-03 0.000000e+00)
207.5         	1.326525e-07	(0.000000e+00 1.471111e-03 0.000000e+00)
207.55        	1.326723e-07	(0.000000e+00 1.471111e-03 0.000000e+00)
207.6         	1.326920e-07	(0.000000e+00 1.471111e-03 0.000000e+00)
207.65        	1.327116e-07	(0.000000e+00 1.471111e-03 0.000000e+00)
207.7         	1.327312e-07	(0.000000e+00 1.471111e-03 0.000000e+00)
207.75        	1.327508e-07	(0.000000e+00 1.471111e-03 0.000000e+00)
207.8         	1.327703e-07	(0.000000e+00 1.471111e-03 0.000000e+00)
207.85        	1.327897e-07	(0.000000e+00 1.471111e-03 0.000000e+00)
207.9         	1.328092e-07	(0.000000e+00 1.471111e-03 0.000000e+00)
207.95        	1.328286e-07	(0.000000e+00 1.471111e-03 0.000000e+00)
208           	1.328479e-07	(0.000000e+00 1.471111e-03 0.000000e+00)
208.05        	1.328673e-07	(0.000000e+00 1.471111e-03 0.000000e+00)
208.1         	1.328865e-07	(0.000000e+00 1.471111e-03 0.000000e+00)
208.15        	1.329058e-07	(0.000000e+00 1.471111e-03 0.000000e+00)
208.2         	1.329249e-07	(0.000000e+00 1.471111e-03 0.000000e+00)
208.25        	1.329441e-07	(0.000000e+00 1.471111e-03 0.000000e+00)
208.3         	1.329632e-07	(0.000000e+00 1.471111e-03 0.000000e+00)
208.35        	1.329823e-07	(0.000000e+00 1.471111e-03 0.000000e+00)
208.4         	1.330014e-07	(0.000000e+00 1.471111e-03 0.000000e+00)
208.45        	1.330204e-07	(0.000000e+00 1.471111e-03 0.000000e+00)
208.5         	1.330396e-07	(0.000000e+00 1.471111e-03 0.000000e+00)
208.55        	1.330591e-07	(0.000000e+00 1.471111e-03 0.000000e+00)
208.6         	1.330783e-07	(0.000000e+00 1.471111e-03 0.000000e+00)
208.65        	1.330954e-07	(0.000000e+00 1.471111e-03 0.000000e+00)
208.7         	1.331123e-07	(0.000000e+00 1.471111e-03 0.000000e+00)
208.75        	1.331318e-07	(0.000000e+00 1.471111e-03 0.000000e+00)
208.8         	1.331511e-07	(0.000000e+00 1.471111e-03 0.000000e+00)
208.85        	1.331696e-07	(0.000000e+00 1.471111e-03 0.000000e+00)
208.9         	1.331882e-07	(0.000000e+00 1.471111e-03 0.000000e+00)
208.95        	1.332068e-07	(0.000000e+00 1.471111e-03 0.000000e+00)
209           	1.332251e-07	(0.000000e+00 1.471111e-03 0.000000e+00)
209.05        	1.332435e-07	(0.000000e+00 1.471111e-03 0.000000e+00)
209.1         	1.332620e-07	(0.000000e+00 1.471111e-03 0.000000e+00)
209.15        	1.332801e-07	(0.000000e+00 1.471111e-03 0.000000e+00)
209.2         	1.332984e-07	(0.000000e+00 1.471111e-03 0.000000e+00)
209.25        	1.333165e-07	(0.000000e+00 1.471111e-03 0.000000e+00)
209.3         	1.333352e-07	(0.000000e+00 1.471111e-03 0.000000e+00)
209.35        	1.333531e-07	(0.000000e+00 1.471111e-03 0.000000e+00)
209.4         	1.333711e-07	(0.000000e+00 1.471111e-03 0.000000e+00)
209.45        	1.333892e-07	(0.000000e+00 1.471111e-03 0.000000e+00)
209.5         	1.334074e-07	(0.000000e+00 1.471111e-03 0.000000e+00)
209.55        	1.334254e-07	(0.000000e+00 1.471111e-03 0.000000e+00)
209.6         	1.334434e-07	(0.000000e+00 1.471111e-03 0.000000e+00)
209.65        	1.334614e-07	(0.000000e+00 1.471111e-03 0.000000e+00)
209.7         	1.334793e-07	(0.000000e+00 1.471111e-03 0.000000e+00)
209.75        	1.334972e-07	(0.000000e+00 1.471111e-03 0.000000e+00)
209.8         	1.335150e-07	(0.000000e+00 1.471111e-03 0.000000e+00)
209.85        	1.335329e-07	(0.000000e+00 1.471111e-03 0.000000e+00)
209.9         	1.335507e-07	(0.000000e+00 1.471111e-03 0.000000e+00)
209.95        	1.335684e-07	(0.000000e+00 1.471111e-03 0.000000e+00)
210           	1.335862e-07	(0.000000e+00 1.471111e-03 0.000000e+00)
210.05        	1.336039e-07	(0.000000e+00 1.471111e-03 0.000000e+00)
210.1         	1.336217e-07	(0.000000e+00 1.471111e-03 0.000000e+00)
210.15        	1.336395e-07	(0.000000e+00 1.471111e-03 0.000000e+00)
210.2         	1.336571e-07	(0.000000e+00 1.471111e-03 0.000000e+00)
210.25        	1.336726e-07	(0.000000e+00 1.471111e-03 0.000000e+00)
210.3         	1.336888e-07	(0.000000e+00 1.471111e-03 0.000000e+00)
210.35        	1.337068e-07	(0.000000e+00 1.471111e-03 0.000000e+00)
210.4         	1.337248e-07	(0.000000e+00 1.471111e-03 0.000000e+00)
210.45        	1.337422e-07	(0.000000e+00 1.471111e-03 0.000000e+00)
210.5         	1.337595e-07	(0.000000e+00 1.471111e-03 0.000000e+00)
210.55        	1.337768e-07	(0.000000e+00 1.471111e-03 0.000000e+00)
210.6         	1.337940e-07	(0.000000e+00 1.471111e-03 0.000000e+00)
210.65        	1.338110e-07	(0.000000e+00 1.471111e-03 0.000000e+00)
210.7         	1.338256e-07	(0.000000e+00 1.471111e-03 0.000000e+00)
210.75        	1.338435e-07	(0.000000e+00 1.471111e-03 0.000000e+00)
210.8         	1.338613e-07	(0.000000e+00 1.471111e-03 0.000000e+00)
210.85        	1.338784e-07	(0.000000e+00 1.471111e-03 0.000000e+00)
210.9         	1.338953e-07	(0.000000e+00 1.471111e-03 0.000000e+00)
210.95        	1.339122e-07	(0.000000e+00 1.471111e-03 0.000000e+00)
211           	1.339291e-07	(0.000000e+00 1.471111e-03 0.000000e+00)
211.05        	1.339460e-07	(0.000000e+00 1.471111e-03 0.000000e+00)
211.1         	1.339628e-07	(0.000000e+00 1.471111e-03 0.000000e+00)
211.15        	1.339796e-07	(0.000000e+00 1.471111e-03 0.000000e+00)
211.2         	1.339963e-07	(0.000000e+00 1.471111e-03 0.000000e+00)
211.25        	1.340130e-07	(0.000000e+00 1.471111e-03 0.000000e+00)
211.3         	1.340297e-07	(0.000000e+00 1.471111e-03 0.000000e+00)
211.35        	1.340463e-07	(0.000000e+00 1.471111e-03 0.000000e+00)
211.4         	1.340628e-07	(0.000000e+00 1.471111e-03 0.000000e+00)
211.45        	1.340794e-07	(0.000000e+00 1.471111e-03 0.000000e+00)
211.5         	1.340959e-07	(0.000000e+00 1.471111e-03 0.000000e+00)
211.55        	1.341123e-07	(0.000000e+00 1.471111e-03 0.000000e+00)
211.6         	1.341288e-07	(0.000000e+00 1.471111e-03 0.000000e+00)
211.65        	1.341451e-07	(0.000000e+00 1.471111e-03 0.000000e+00)
211.7         	1.341615e-07	(0.000000e+00 1.471111e-03 0.000000e+00)
211.75        	1.341778e-07	(0.000000e+00 1.471111e-03 0.000000e+00)
211.8         	1.341941e-07	(0.000000e+00 1.471111e-03 0.000000e+00)
211.85        	1.342104e-07	(0.000000e+00 1.471111e-03 0.000000e+00)
211.9         	1.342266e-07	(0.000000e+00 1.471111e-03 0.000000e+00)
211.95        	1.342427e-07	(0.000000e+00 1.471111e-03 0.000000e+00)
212           	1.342589e-07	(0.000000e+00 1.471111e-03 0.000000e+00)
212.05        	1.342750e-07	(0.000000e+00 1.471111e-03 0.000000e+00)
212.1         	1.342911e-07	(0.000000e+00 1.471111e-03 0.000000e+00)
212.15        	1.343071e-07	(0.000000e+00 1.471111e-03 0.000000e+00)
212.2         	1.343232e-07	(0.000000e+00 1.471111e-03 0.000000e+00)
212.25        	1.343392e-07	(0.000000e+00 1.471111e-03 0.000000e+00)
212.3         	1.343551e-07	(0.000000e+00 1.471111e-03 0.000000e+00)
212.35        	1.343711e-07	(0.000000e+00 1.471111e-03 0.000000e+00)
212.4         	1.343869e-07	(0.000000e+00 1.471111e-03 0.000000e+00)
212.45        	1.344028e-07	(0.000000e+00 1.471111e-03 0.000000e+00)
212.5         	1.344186e-07	(0.000000e+00 1.471111e-03 0.000000e+00)
212.55        	1.344344e-07	(0.000000e+00 1.471111e-03 0.000000e+00)
212.6         	1.344502e-07	(0.000000e+00 1.471111e-03 0.000000e+00)
212.65        	1.344659e-07	(0.000000e+00 1.471111e-03 0.000000e+00)
212.7         	1.344816e-07	(0.000000e+00 1.471111e-03 0.000000e+00)
212.75        	1.344972e-07	(0.000000e+00 1.471111e-03 0.000000e+00)
212.8         	1.345130e-07	(0.000000e+00 1.471111e-03 0.000000e+00)
212.85        	1.345286e-07	(0.000000e+00 1.471111e-03 0.000000e+00)
212.9         	1.345443e-07	(0.000000e+00 1.471111e-03 0.000000e+00)
212.95        	1.345598e-07	(0.000000e+00 1.471111e-03 0.000000e+00)
213           	1.345753e-07	(0.000000e+00 1.471111e-03 0.000000e+00)
213.05        	1.345908e-07	(0.000000e+00 1.471111e-03 0.000000e+00)
213.1         	1.346063e-07	(0.000000e+00 1.471111e-03 0.000000e+00)
213.15        	1.346218e-07	(0.000000e+00 1.471111e-03 0.000000e+00)
213.2         	1.346372e-07	(0.000000e+00 1.471111e-03 0.000000e+00)
213.25        	1.346526e-07	(0.000000e+00 1.471111e-03 0.000000e+00)
213.3         	1.346679e-07	(0.000000e+00 1.471111e-03 0.000000e+00)
213.35        	1.346833e-07	(0.000000e+00 1.471111e-03 0.000000e+00)
213.4         	1.346987e-07	(0.000000e+00 1.471111e-03 0.000000e+00)
213.45        	1.347140e-07	(0.000000e+00 1.471111e-03 0.000000e+00)
213.5         	1.347287e-07	(0.000000e+00 1.471111e-03 0.000000e+00)
213.55        	1.347445e-07	(0.000000e+00 1.471111e-03 0.000000e+00)
213.6         	1.347594e-07	(0.000000e+00 1.471111e-03 0.000000e+00)
213.65        	1.347747e-07	(0.000000e+00 1.471111e-03 0.000000e+00)
213.7         	1.347898e-07	(0.000000e+00 1.471111e-03 0.000000e+00)
213.75        	1.348052e-07	(0.000000e+00 1.471111e-03 0.000000e+00)
213.8         	1.348204e-07	(0.000000e+00 1.471111e-03 0.000000e+00)
213.85        	1.348356e-07	(0.000000e+00 1.471111e-03 0.000000e+00)
213.9         	1.348509e-07	(0.000000e+00 1.471111e-03 0.000000e+00)
213.95        	1.348661e-07	(0.000000e+00 1.471111e-03 0.000000e+00)
214           	1.348814e-07	(0.000000e+00 1.471111e-03 0.000000e+00)
214.05        	1.348966e-07	(0.000000e+00 1.471111e-03 0.000000e+00)
214.1         	1.349119e-07	(0.000000e+00 1.471111e-03 0.000000e+00)
214.15        	1.349272e-07	(0.000000e+00 1.471111e-03 0.000000e+00)
214.2         	1.349425e-07	(0.000000e+00 1.471111e-03 0.000000e+00)
214.25        	1.349578e-07	(0.000000e+00 1.471111e-03 0.000000e+00)
214.3         	1.349732e-07	(0.000000e+00 1.471111e-03 0.000000e+00)
214.35        	1.349886e-07	(0.000000e+00 1.471111e-03 0.000000e+00)
214.4         	1.350040e-07	(0.000000e+00 1.471111e-03 0.000000e+00)
214.45        	1.350194e-07	(0.000000e+00 1.471111e-03 0.000000e+00)
214.5         	1.350198e-07	(0.000000e+00 1.471111e-03 0.000000e+00)
214.55        	1.350251e-07	(0.000000e+00 1.471111e-03 0.000000e+00)
214.6         	1.350337e-07	(0.000000e+00 1.471111e-03 0.000000e+00)
214.65        	1.350433e-07	(0.000000e+00 1.471111e-03 0.000000e+00)
214.7         	1.350535e-07	(0.000000e+00 1.471111e-03 0.000000e+00)
214.75        	1.350640e-07	(0.000000e+00 1.471111e-03 0.000000e+00)
214.8         	1.350747e-07	(0.000000e+00 1.471111e-03 0.000000e+00)
214.85        	1.350858e-07	(0.000000e+00 1.471111e-03 0.000000e+00)
214.9         	1.350971e-07	(0.000000e+00 1.471111e-03 0.000000e+00)
214.95        	1.351089e-07	(0.000000e+00 1.471111e-03 0.000000e+00)
215           	1.351212e-07	(0.000000e+00 1.471111e-03 0.000000e+00)
215.05        	1.351335e-07	(0.000000e+00 1.471111e-03 0.000000e+00)
215.1         	1.351456e-07	(0.000000e+00 1.471111e-03 0.000000e+00)
215.15        	1.351579e-07	(0.000000e+00 1.471111e-03 0.000000e+00)
215.2         	1.351704e-07	(0.000000e+00 1.471111e-03 0.000000e+00)
215.25        	1.351835e-07	(0.000000e+00 1.471111e-03 0.000000e+00)
215.3         	1.351963e-07	(0.000000e+00 1.471111e-03 0.000000e+00)
215.35        	1.352087e-07	(0.000000e+00 1.471111e-03 0.000000e+00)
215.4         	1.352212e-07	(0.000000e+00 1.471111e-03 0.000000e+00)
215.45        	1.352339e-07	(0.000000e+00 1.471111e-03 0.000000e+00)
215.5         	1.352468e-07	(0.000000e+00 1.471111e-03 0.000000e+00)
215.55        	1.352597e-07	(0.000000e+00 1.471111e-03 0.000000e+00)
215.6         	1.352726e-07	(0.000000e+00 1.471111e-03 0.000000e+00)
215.65        	1.352855e-07	(0.000000e+00 1.471111e-03 0.000000e+00)
215.7         	1.352985e-07	(0.000000e+00 1.471111e-03 0.000000e+00)
215.75        	1.353115e-07	(0.000000e+00 1.471111e-03 0.000000e+00)
215.8         	1.353244e-07	(0.000000e+00 1.471111e-03 0.000000e+00)
215.85        	1.353374e-07	(0.000000e+00 1.471111e-03 0.000000e+00)
215.9         	1.353503e-07	(0.000000e+00 1.471111e-03 0.000000e+00)
215.95        	1.353632e-07	(0.000000e+00 1.471111e-03 0.000000e+00)
216           	1.353761e-07	(0.000000e+00 1.471111e-03 0.000000e+00)
216.05        	1.353890e-07	(0.000000e+00 1.471111e-03 0.000000e+00)
216.1         	1.354019e-07	(0.000000e+00 1.471111e-03 0.000000e+00)
216.15        	1.354147e-07	(0.000000e+00 1.471111e-03 0.000000e+00)
216.2         	1.354275e-07	(0.000000e+00 1.471111e-03 0.000000e+00)
216.25        	1.354405e-07	(0.000000e+00 1.471111e-03 0.000000e+00)
216.3         	1.354533e-07	(0.000000e+00 1.471111e-03 0.000000e+00)
216.35        	1.354661e-07	(0.000000e+00 1.471111e-03 0.000000e+00)
216.4         	1.354789e-07	(0.000000e+00 1.471111e-03 0.000000e+00)
216.45        	1.354916e-07	(0.000000e+00 1.471111e-03 0.000000e+00)
216.5         	1.355043e-07	(0.000000e+00 1.471111e-03 0.000000e+00)
216.55        	1.355170e-07	(0.000000e+00 1.471111e-03 0.000000e+00)
216.6         	1.355297e-07	(0.000000e+00 1.471111e-03 0.000000e+00)
216.65        	1.355424e-07	(0.000000e+00 1.471111e-03 0.000000e+00)
216.7         	1.355549e-07	(0.000000e+00 1.471111e-03 0.000000e+00)
216.75        	1.355675e-07	(0.000000e+00 1.471111e-03 0.000000e+00)
216.8         	1.355800e-07	(0.000000e+00 1.471111e-03 0.000000e+00)
216.85        	1.355925e-07	(0.000000e+00 1.471111e-03 0.000000e+00)
216.9         	1.356050e-07	(0.000000e+00 1.471111e-03 0.000000e+00)
216.95        	1.356175e-07	(0.000000e+00 1.471111e-03 0.000000e+00)
217           	1.356300e-07	(0.000000e+00 1.471111e-03 0.000000e+00)
217.05        	1.356423e-07	(0.000000e+00 1.471111e-03 0.000000e+00)
217.1         	1.356548e-07	(0.000000e+00 1.471111e-03 0.000000e+00)
217.15        	1.356671e-07	(0.000000e+00 1.471111e-03 0.000000e+00)
217.2         	1.356795e-07	(0.000000e+00 1.471111e-03 0.000000e+00)
217.25        	1.356918e-07	(0.000000e+00 1.471111e-03 0.000000e+00)
217.3         	1.357041e-07	(0.000000e+00 1.471111e-03 0.000000e+00)
217.35        	1.357163e-07	(0.000000e+00 1.471111e-03 0.000000e+00)
217.4         	1.357286e-07	(0.000000e+00 1.471111e-03 0.000000e+00)
217.45        	1.357407e-07	(0.000000e+00 1.471111e-03 0.000000e+00)
217.5         	1.357530e-07	(0.000000e+00 1.471111e-03 0.000000e+00)
217.55        	1.357651e-07	(0.000000e+00 1.471111e-03 0.000000e+00)
217.6         	1.357773e-07	(0.000000e+00 1.471111e-03 0.000000e+00)
217.65        	1.357894e-07	(0.000000e+00 1.471111e-03 0.000000e+00)
217.7         	1.358014e-07	(0.000000e+00 1.471111e-03 0.000000e+00)
217.75        	1.358130e-07	(0.000000e+00 1.471111e-03 0.000000e+00)
217.8         	1.358245e-07	(0.000000e+00 1.471111e-03 0.000000e+00)
217.85        	1.358365e-07	(0.000000e+00 1.471111e-03 0.000000e+00)
217.9         	1.358486e-07	(0.000000e+00 1.471111e-03 0.000000e+00)
217.95        	1.358605e-07	(0.000000e+00 1.471111e-03 0.000000e+00)
218           	1.358724e-07	(0.000000e+00 1.471111e-03 0.000000e+00)
218.05        	1.358842e-07	(0.000000e+00 1.471111e-03 0.000000e+00)
218.1         	1.358960e-07	(0.000000e+00 1.471111e-03 0.000000e+00)
218.15        	1.359078e-07	(0.000000e+00 1.471111e-03 0.000000e+00)
218.2         	1.359195e-07	(0.000000e+00 1.471111e-03 0.000000e+00)
218.25        	1.359312e-07	(0.000000e+00 1.471111e-03 0.000000e+00)
218.3         	1.359429e-07	(0.000000e+00 1.471111e-03 0.000000e+00)
218.35        	1.359545e-07	(0.000000e+00 1.471111e-03 0.000000e+00)
218.4         	1.359658e-07	(0.000000e+00 1.471111e-03 0.000000e+00)
218.45        	1.359772e-07	(0.000000e+00 1.471111e-03 0.000000e+00)
218.5         	1.359888e-07	(0.000000e+00 1.471111e-03 0.000000e+00)
218.55        	1.360005e-07	(0.000000e+00 1.471111e-03 0.000000e+00)
218.6         	1.360121e-07	(0.000000e+00 1.471111e-03 0.000000e+00)
218.65        	1.360235e-07	(0.000000e+00 1.471111e-03 0.000000e+00)
218.7         	1.360350e-07	(0.000000e+00 1.471111e-03 0.000000e+00)
218.75        	1.360465e-07	(0.000000e+00 1.471111e-03 0.000000e+00)
218.8         	1.360579e-07	(0.000000e+00 1.471111e-03 0.000000e+00)
218.85        	1.360693e-07	(0.000000e+00 1.471111e-03 0.000000e+00)
218.9         	1.360806e-07	(0.000000e+00 1.471111e-03 0.000000e+00)
218.95        	1.360799e-07	(0.000000e+00 1.471111e-03 0.000000e+00)
219           	1.360893e-07	(0.000000e+00 1.471111e-03 0.000000e+00)
219.05        	1.360981e-07	(0.000000e+00 1.471111e-03 0.000000e+00)
219.1         	1.361074e-07	(0.000000e+00 1.471111e-03 0.000000e+00)
219.15        	1.361168e-07	(0.000000e+00 1.471111e-03 0.000000e+00)
219.2         	1.361265e-07	(0.000000e+00 1.471111e-03 0.000000e+00)
219.25        	1.361363e-07	(0.000000e+00 1.471111e-03 0.000000e+00)
219.3         	1.361462e-07	(0.000000e+00 1.471111e-03 0.000000e+00)
219.35        	1.361564e-07	(0.000000e+00 1.471111e-03 0.000000e+00)
219.4         	1.361668e-07	(0.000000e+00 1.471111e-03 0.000000e+00)
219.45        	1.361772e-07	(0.000000e+00 1.471111e-03 0.000000e+00)
219.5         	1.361877e-07	(0.000000e+00 1.471111e-03 0.000000e+00)
219.55        	1.361983e-07	(0.000000e+00 1.471111e-03 0.000000e+00)
219.6         	1.362090e-07	(0.000000e+00 1.471111e-03 0.000000e+00)
219.65        	1.362197e-07	(0.000000e+00 1.471111e-03 0.000000e+00)
219.7         	1.362305e-07	(0.000000e+00 1.471111e-03 0.000000e+00)
219.75        	1.362413e-07	(0.000000e+00 1.471111e-03 0.000000e+00)
219.8         	1.362521e-07	(0.000000e+00 1.471111e-03 0.000000e+00)
219.85        	1.362630e-07	(0.000000e+00 1.471111e-03 0.000000e+00)
219.9         	1.362738e-07	(0.000000e+00 1.471111e-03 0.000000e+00)
219.95        	1.362846e-07	(0.000000e+00 1.471111e-03 0.000000e+00)
220           	1.362958e-07	(0.000000e+00 1.471111e-03 0.000000e+00)
220.05        	1.363069e-07	(0.000000e+00 1.471111e-03 0.000000e+00)
220.1         	1.363178e-07	(0.000000e+00 1.471111e-03 0.000000e+00)
220.15        	1.363287e-07	(0.000000e+00 1.471111e-03 0.000000e+00)
220.2         	1.363396e-07	(0.000000e+00 1.471111e-03 0.000000e+00)
220.25        	1.363505e-07	(0.000000e+00 1.471111e-03 0.000000e+00)
220.3         	1.363613e-07	(0.000000e+00 1.471111e-03 0.000000e+00)
220.35        	1.363722e-07	(0.000000e+00 1.471111e-03 0.000000e+00)
220.4         	1.363831e-07	(0.000000e+00 1.471111e-03 0.000000e+00)
220.45        	1.363942e-07	(0.000000e+00 1.471111e-03 0.000000e+00)
220.5         	1.364051e-07	(0.000000e+00 1.471111e-03 0.000000e+00)
220.55        	1.364158e-07	(0.000000e+00 1.471111e-03 0.000000e+00)
220.6         	1.364266e-07	(0.000000e+00 1.471111e-03 0.000000e+00)
220.65        	1.364375e-07	(0.000000e+00 1.471111e-03 0.000000e+00)
220.7         	1.364483e-07	(0.000000e+00 1.471111e-03 0.000000e+00)
220.75        	1.364591e-07	(0.000000e+00 1.471111e-03 0.000000e+00)
220.8         	1.364700e-07	(0.000000e+00 1.471111e-03 0.000000e+00)
220.85        	1.364809e-07	(0.000000e+00 1.471111e-03 0.000000e+00)
220.9         	1.364917e-07	(0.000000e+00 1.471111e-03 0.000000e+00)
220.95        	1.365003e-07	(0.000000e+00 1.471111e-03 0.000000e+00)
221           	1.365085e-07	(0.000000e+00 1.471111e-03 0.000000e+00)
221.05        	1.365190e-07	(0.000000e+00 1.471111e-03 0.000000e+00)
221.1         	1.365300e-07	(0.000000e+00 1.471111e-03 0.000000e+00)
221.15        	1.365407e-07	(0.000000e+00 1.471111e-03 0.000000e+00)
221.2         	1.365511e-07	(0.000000e+00 1.471111e-03 0.000000e+00)
221.25        	1.365616e-07	(0.000000e+00 1.471111e-03 0.000000e+00)
221.3         	1.365720e-07	(0.000000e+00 1.471111e-03 0.000000e+00)
221.35        	1.365824e-07	(0.000000e+00 1.471111e-03 0.000000e+00)
221.4         	1.365928e-07	(0.000000e+00 1.471111e-03 0.000000e+00)
221.45        	1.366031e-07	(0.000000e+00 1.471111e-03 0.000000e+00)
221.5         	1.366133e-07	(0.000000e+00 1.471111e-03 0.000000e+00)
221.55        	1.366236e-07	(0.000000e+00 1.471111e-03 0.000000e+00)
221.6         	1.366338e-07	(0.000000e+00 1.471111e-03 0.000000e+00)
221.65        	1.366425e-07	(0.000000e+00 1.471111e-03 0.000000e+00)
221.7         	1.366510e-07	(0.000000e+00 1.471111e-03 0.000000e+00)
221.75        	1.366618e-07	(0.000000e+00 1.471111e-03 0.000000e+00)
221.8         	1.366726e-07	(0.000000e+00 1.471111e-03 0.000000e+00)
221.85        	1.366830e-07	(0.000000e+00 1.471111e-03 0.000000e+00)
221.9         	1.366931e-07	(0.000000e+00 1.471111e-03 0.000000e+00)
221.95        	1.367033e-07	(0.000000e+00 1.471111e-03 0.000000e+00)
222           	1.367134e-07	(0.000000e+00 1.471111e-03 0.000000e+00)
222.05        	1.367235e-07	(0.000000e+00 1.471111e-03 0.000000e+00)
222.1         	1.367335e-07	(0.000000e+00 1.471111e-03 0.000000e+00)
222.15        	1.367435e-07	(0.000000e+00 1.471111e-03 0.000000e+00)
222.2         	1.367534e-07	(0.000000e+00 1.471111e-03 0.000000e+00)
222.25        	1.367634e-07	(0.000000e+00 1.471111e-03 0.000000e+00)
222.3         	1.367732e-07	(0.000000e+00 1.471111e-03 0.000000e+00)
222.35        	1.367831e-07	(0.000000e+00 1.471111e-03 0.000000e+00)
222.4         	1.367929e-07	(0.000000e+00 1.471111e-03 0.000000e+00)
222.45        	1.368028e-07	(0.000000e+00 1.471111e-03 0.000000e+00)
222.5         	1.368125e-07	(0.000000e+00 1.471111e-03 0.000000e+00)
222.55        	1.368223e-07	(0.000000e+00 1.471111e-03 0.000000e+00)
222.6         	1.368320e-07	(0.000000e+00 1.471111e-03 0.000000e+00)
222.65        	1.368417e-07	(0.000000e+00 1.471111e-03 0.000000e+00)
222.7         	1.368514e-07	(0.000000e+00 1.471111e-03 0.000000e+00)
222.75        	1.368610e-07	(0.000000e+00 1.471111e-03 0.000000e+00)
222.8         	1.368707e-07	(0.000000e+00 1.471111e-03 0.000000e+00)
222.85        	1.368803e-07	(0.000000e+00 1.471111e-03 0.000000e+00)
222.9         	1.368898e-07	(0.000000e+00 1.471111e-03 0.000000e+00)
222.95        	1.368993e-07	(0.000000e+00 1.471111e-03 0.000000e+00)
223           	1.369088e-07	(0.000000e+00 1.471111e-03 0.000000e+00)
223.05        	1.369183e-07	(0.000000e+00 1.471111e-03 0.000000e+00)
223.1         	1.369277e-07	(0.000000e+00 1.471111e-03 0.000000e+00)
223.15        	1.369371e-07	(0.000000e+00 1.471111e-03 0.000000e+00)
223.2         	1.369465e-07	(0.000000e+00 1.471111e-03 0.000000e+00)
223.25        	1.369559e-07	(0.000000e+00 1.471111e-03 0.000000e+00)
223.3         	1.369653e-07	(0.000000e+00 1.471111e-03 0.000000e+00)
223.35        	1.369746e-07	(0.000000e+00 1.471111e-03 0.000000e+00)
223.4         	1.369839e-07	(0.000000e+00 1.471111e-03 0.000000e+00)
223.45        	1.369932e-07	(0.000000e+00 1.471111e-03 0.000000e+00)
223.5         	1.370025e-07	(0.000000e+00 1.471111e-03 0.000000e+00)
223.55        	1.370117e-07	(0.000000e+00 1.471111e-03 0.000000e+00)
223.6         	1.370209e-07	(0.000000e+00 1.471111e-03 0.000000e+00)
223.65        	1.370301e-07	(0.000000e+00 1.471111e-03 0.000000e+00)
223.7         	1.370392e-07	(0.000000e+00 1.471111e-03 0.000000e+00)
223.75        	1.370483e-07	(0.000000e+00 1.471111e-03 0.000000e+00)
223.8         	1.370575e-07	(0.000000e+00 1.471111e-03 0.000000e+00)
223.85        	1.370666e-07	(0.000000e+00 1.471111e-03 0.000000e+00)
223.9         	1.370756e-07	(0.000000e+00 1.471111e-03 0.000000e+00)
223.95        	1.370847e-07	(0.000000e+00 1.471111e-03 0.000000e+00)
224           	1.370939e-07	(0.000000e+00 1.471111e-03 0.000000e+00)
224.05        	1.371030e-07	(0.000000e+00 1.471111e-03 0.000000e+00)
224.1         	1.371120e-07	(0.000000e+00 1.471111e-03 0.000000e+00)
224.15        	1.371210e-07	(0.000000e+00 1.471111e-03 0.000000e+00)
224.2         	1.371300e-07	(0.000000e+00 1.471111e-03 0.000000e+00)
224.25        	1.371389e-07	(0.000000e+00 1.471111e-03 0.000000e+00)
224.3         	1.371479e-07	(0.000000e+00 1.471111e-03 0.000000e+00)
224.35        	1.371568e-07	(0.000000e+00 1.471111e-03 0.000000e+00)
224.4         	1.371657e-07	(0.000000e+00 1.471111e-03 0.000000e+00)
224.45        	1.371747e-07	(0.000000e+00 1.471111e-03 0.000000e+00)
224.5         	1.371835e-07	(0.000000e+00 1.471111e-03 0.000000e+00)
224.55        	1.371923e-07	(0.000000e+00 1.471111e-03 0.000000e+00)
224.6         	1.372011e-07	(0.000000e+00 1.471111e-03 0.000000e+00)
224.65        	1.372099e-07	(0.000000e+00 1.471111e-03 0.000000e+00)
224.7         	1.372186e-07	(0.000000e+00 1.471111e-03 0.000000e+00)
224.75        	1.372273e-07	(0.000000e+00 1.471111e-03 0.000000e+00)
224.8         	1.372361e-07	(0.000000e+00 1.471111e-03 0.000000e+00)
224.85        	1.372448e-07	(0.000000e+00 1.471111e-03 0.000000e+00)
224.9         	1.372534e-07	(0.000000e+00 1.471111e-03 0.000000e+00)
224.95        	1.372621e-07	(0.000000e+00 1.471111e-03 0.000000e+00)
225           	1.372707e-07	(0.000000e+00 1.471111e-03 0.000000e+00)
225.05        	1.372793e-07	(0.000000e+00 1.471111e-03 0.000000e+00)
225.1         	1.372879e-07	(0.000000e+00 1.471111e-03 0.000000e+00)
225.15        	1.372965e-07	(0.000000e+00 1.471111e-03 0.000000e+00)
225.2         	1.373051e-07	(0.000000e+00 1.471111e-03 0.000000e+00)
225.25        	1.373136e-07	(0.000000e+00 1.471111e-03 0.000000e+00)
225.3         	1.373221e-07	(0.000000e+00 1.471111e-03 0.000000e+00)
225.35        	1.373306e-07	(0.000000e+00 1.471111e-03 0.000000e+00)
225.4         	1.373391e-07	(0.000000e+00 1.471111e-03 0.000000e+00)
225.45        	1.373476e-07	(0.000000e+00 1.471111e-03 0.000000e+00)
225.5         	1.373560e-07	(0.000000e+00 1.471111e-03 0.000000e+00)
225.55        	1.373644e-07	(0.000000e+00 1.471111e-03 0.000000e+00)
225.6         	1.373728e-07	(0.000000e+00 1.471111e-03 0.000000e+00)
225.65        	1.373811e-07	(0.000000e+00 1.471111e-03 0.000000e+00)
225.7         	1.373895e-07	(0.000000e+00 1.471111e-03 0.000000e+00)
225.75        	1.373978e-07	(0.000000e+00 1.471111e-03 0.000000e+00)
225.8         	1.374061e-07	(0.000000e+00 1.471111e-03 0.000000e+00)
225.85        	1.374144e-07	(0.000000e+00 1.471111e-03 0.000000e+00)
225.9         	1.374226e-07	(0.000000e+00 1.471111e-03 0.000000e+00)
225.95        	1.374309e-07	(0.000000e+00 1.471111e-03 0.000000e+00)
226           	1.374391e-07	(0.000000e+00 1.471111e-03 0.000000e+00)
226.05        	1.374473e-07	(0.000000e+00 1.471111e-03 0.000000e+00)
226.1         	1.374555e-07	(0.000000e+00 1.471111e-03 0.000000e+00)
226.15        	1.374637e-07	(0.000000e+00 1.471111e-03 0.000000e+00)
226.2         	1.374719e-07	(0.000000e+00 1.471111e-03 0.000000e+00)
226.25        	1.374800e-07	(0.000000e+00 1.471111e-03 0.000000e+00)
226.3         	1.374882e-07	(0.000000e+00 1.471111e-03 0.000000e+00)
226.35        	1.374963e-07	(0.000000e+00 1.471111e-03 0.000000e+00)
226.4         	1.375044e-07	(0.000000e+00 1.471111e-03 0.000000e+00)
226.45        	1.375125e-07	(0.000000e+00 1.471111e-03 0.000000e+00)
226.5         	1.375205e-07	(0.000000e+00 1.471111e-03 0.000000e+00)
226.55        	1.375286e-07	(0.000000e+00 1.471111e-03 0.000000e+00)
226.6         	1.375366e-07	(0.000000e+00 1.471111e-03 0.000000e+00)
226.65        	1.375446e-07	(0.000000e+00 1.471111e-03 0.000000e+00)
226.7         	1.375526e-07	(0.000000e+00 1.471111e-03 0.000000e+00)
226.75        	1.375606e-07	(0.000000e+00 1.471111e-03 0.000000e+00)
226.8         	1.375685e-07	(0.000000e+00 1.471111e-03 0.000000e+00)
226.85        	1.375765e-07	(0.000000e+00 1.471111e-03 0.000000e+00)
226.9         	1.375844e-07	(0.000000e+00 1.471111e-03 0.000000e+00)
226.95        	1.375923e-07	(0.000000e+00 1.471111e-03 0.000000e+00)
227           	1.376002e-07	(0.000000e+00 1.471111e-03 0.000000e+00)
227.05        	1.376081e-07	(0.000000e+00 1.471111e-03 0.000000e+00)
227.1         	1.376159e-07	(0.000000e+00 1.471111e-03 0.000000e+00)
227.15        	1.376238e-07	(0.000000e+00 1.471111e-03 0.000000e+00)
227.2         	1.376316e-07	(0.000000e+00 1.471111e-03 0.000000e+00)
227.25        	1.376394e-07	(0.000000e+00 1.471111e-03 0.000000e+00)
227.3         	1.376472e-07	(0.000000e+00 1.471111e-03 0.000000e+00)
227.35        	1.376550e-07	(0.000000e+00 1.471111e-03 0.000000e+00)
227.4         	1.376628e-07	(0.000000e+00 1.471111e-03 0.000000e+00)
227.45        	1.376705e-07	(0.000000e+00 1.471111e-03 0.000000e+00)
227.5         	1.376783e-07	(0.000000e+00 1.471111e-03 0.000000e+00)
227.55        	1.376860e-07	(0.000000e+00 1.471111e-03 0.000000e+00)
227.6         	1.376937e-07	(0.000000e+00 1.471111e-03 0.000000e+00)
227.65        	1.377015e-07	(0.000000e+00 1.471111e-03 0.000000e+00)
227.7         	1.377091e-07	(0.000000e+00 1.471111e-03 0.000000e+00)
227.75        	1.377167e-07	(0.000000e+00 1.471111e-03 0.000000e+00)
227.8         	1.377242e-07	(0.000000e+00 1.471111e-03 0.000000e+00)
227.85        	1.377319e-07	(0.000000e+00 1.471111e-03 0.000000e+00)
227.9         	1.377394e-07	(0.000000e+00 1.471111e-03 0.000000e+00)
227.95        	1.377471e-07	(0.000000e+00 1.471111e-03 0.000000e+00)
228           	1.377545e-07	(0.000000e+00 1.471111e-03 0.000000e+00)
228.05        	1.377620e-07	(0.000000e+00 1.471111e-03 0.000000e+00)
228.1         	1.377696e-07	(0.000000e+00 1.471111e-03 0.000000e+00)
228.15        	1.377771e-07	(0.000000e+00 1.471111e-03 0.000000e+00)
228.2         	1.377846e-07	(0.000000e+00 1.471111e-03 0.000000e+00)
228.25        	1.377920e-07	(0.000000e+00 1.471111e-03 0.000000e+00)
228.3         	1.377995e-07	(0.000000e+00 1.471111e-03 0.000000e+00)
228.35        	1.378070e-07	(0.000000e+00 1.471111e-03 0.000000e+00)
228.4         	1.378144e-07	(0.000000e+00 1.471111e-03 0.000000e+00)
228.45        	1.378218e-07	(0.000000e+00 1.471111e-03 0.000000e+00)
228.5         	1.378292e-07	(0.000000e+00 1.471111e-03 0.000000e+00)
228.55        	1.378366e-07	(0.000000e+00 1.471111e-03 0.000000e+00)
228.6         	1.378440e-07	(0.000000e+00 1.471111e-03 0.000000e+00)
228.65        	1.378514e-07	(0.000000e+00 1.471111e-03 0.000000e+00)
228.7         	1.378587e-07	(0.000000e+00 1.471111e-03 0.000000e+00)
228.75        	1.378661e-07	(0.000000e+00 1.471111e-03 0.000000e+00)
228.8         	1.378733e-07	(0.000000e+00 1.471111e-03 0.000000e+00)
228.85        	1.378806e-07	(0.000000e+00 1.471111e-03 0.000000e+00)
228.9         	1.378879e-07	(0.000000e+00 1.471111e-03 0.000000e+00)
228.95        	1.378952e-07	(0.000000e+00 1.471111e-03 0.000000e+00)
229           	1.379024e-07	(0.000000e+00 1.471111e-03 0.000000e+00)
229.05        	1.379097e-07	(0.000000e+00 1.471111e-03 0.000000e+00)
229.1         	1.379169e-07	(0.000000e+00 1.471111e-03 0.000000e+00)
229.15        	1.379241e-07	(0.000000e+00 1.471111e-03 0.000000e+00)
229.2         	1.379313e-07	(0.000000e+00 1.471111e-03 0.000000e+00)
229.25        	1.379386e-07	(0.000000e+00 1.471111e-03 0.000000e+00)
229.3         	1.379458e-07	(0.000000e+00 1.471111e-03 0.000000e+00)
229.35        	1.379530e-07	(0.000000e+00 1.471111e-03 0.000000e+00)
229.4         	1.379601e-07	(0.000000e+00 1.471111e-03 0.000000e+00)
229.45        	1.379673e-07	(0.000000e+00 1.471111e-03 0.000000e+00)
229.5         	1.379744e-07	(0.000000e+00 1.471111e-03 0.000000e+00)
229.55        	1.379815e-07	(0.000000e+00 1.471111e-03 0.000000e+00)
229.6         	1.379886e-07	(0.000000e+00 1.471111e-03 0.000000e+00)
229.65        	1.379956e-07	(0.000000e+00 1.471111e-03 0.000000e+00)
229.7         	1.380027e-07	(0.000000e+00 1.471111e-03 0.000000e+00)
229.75        	1.380098e-07	(0.000000e+00 1.471111e-03 0.000000e+00)
229.8         	1.380168e-07	(0.000000e+00 1.471111e-03 0.000000e+00)
229.85        	1.380238e-07	(0.000000e+00 1.471111e-03 0.000000e+00)
229.9         	1.380308e-07	(0.000000e+00 1.471111e-03 0.000000e+00)
229.95        	1.380378e-07	(0.000000e+00 1.471111e-03 0.000000e+00)
230           	1.380448e-07	(0.000000e+00 1.471111e-03 0.000000e+00)
230.05        	1.380517e-07	(0.000000e+00 1.471111e-03 0.000000e+00)
230.1         	1.380586e-07	(0.000000e+00 1.471111e-03 0.000000e+00)
230.15        	1.380656e-07	(0.000000e+00 1.471111e-03 0.000000e+00)
230.2         	1.380725e-07	(0.000000e+00 1.471111e-03 0.000000e+00)
230.25        	1.380794e-07	(0.000000e+00 1.471111e-03 0.000000e+00)
230.3         	1.380863e-07	(0.000000e+00 1.471111e-03 0.000000e+00)
230.35        	1.380932e-07	(0.000000e+00 1.471111e-03 0.000000e+00)
230.4         	1.381000e-07	(0.000000e+00 1.471111e-03 0.000000e+00)
230.45        	1.381069e-07	(0.000000e+00 1.471111e-03 0.000000e+00)
230.5         	1.381137e-07	(0.000000e+00 1.471111e-03 0.000000e+00)
230.55        	1.381206e-07	(0.000000e+00 1.471111e-03 0.000000e+00)
230.6         	1.381274e-07	(0.000000e+00 1.471111e-03 0.000000e+00)
230.65        	1.381341e-07	(0.000000e+00 1.471111e-03 0.000000e+00)
230.7         	1.381410e-07	(0.000000e+00 1.471111e-03 0.000000e+00)
230.75        	1.381478e-07	(0.000000e+00 1.471111e-03 0.000000e+00)
230.8         	1.381545e-07	(0.000000e+00 1.471111e-03 0.000000e+00)
230.85        	1.381613e-07	(0.000000e+00 1.471111e-03 0.000000e+00)
230.9         	1.381680e-07	(0.000000e+00 1.471111e-03 0.000000e+00)
230.95        	1.381748e-07	(0.000000e+00 1.471111e-03 0.000000e+00)
231           	1.381815e-07	(0.000000e+00 1.471111e-03 0.000000e+00)
231.05        	1.381883e-07	(0.000000e+00 1.471111e-03 0.000000e+00)
231.1         	1.381950e-07	(0.000000e+00 1.471111e-03 0.000000e+00)
231.15        	1.382017e-07	(0.000000e+00 1.471111e-03 0.000000e+00)
231.2         	1.382082e-07	(0.000000e+00 1.471111e-03 0.000000e+00)
231.25        	1.382148e-07	(0.000000e+00 1.471111e-03 0.000000e+00)
231.3         	1.382215e-07	(0.000000e+00 1.471111e-03 0.000000e+00)
231.35        	1.382282e-07	(0.000000e+00 1.471111e-03 0.000000e+00)
231.4         	1.382349e-07	(0.000000e+00 1.471111e-03 0.000000e+00)
231.45        	1.382415e-07	(0.000000e+00 1.471111e-03 0.000000e+00)
231.5         	1.382482e-07	(0.000000e+00 1.471111e-03 0.000000e+00)
231.55        	1.382548e-07	(0.000000e+00 1.471111e-03 0.000000e+00)
231.6         	1.382614e-07	(0.000000e+00 1.471111e-03 0.000000e+00)
231.65        	1.382680e-07	(0.000000e+00 1.471111e-03 0.000000e+00)
231.7         	1.382746e-07	(0.000000e+00 1.471111e-03 0.000000e+00)
231.75        	1.382811e-07	(0.000000e+00 1.471111e-03 0.000000e+00)
231.8         	1.382877e-07	(0.000000e+00 1.471111e-03 0.000000e+00)
231.85        	1.382942e-07	(0.000000e+00 1.471111e-03 0.000000e+00)
231.9         	1.383007e-07	(0.000000e+00 1.471111e-03 0.000000e+00)
231.95        	1.383073e-07	(0.000000e+00 1.471111e-03 0.000000e+00)
232           	1.383136e-07	(0.000000e+00 1.471111e-03 0.000000e+00)
232.05        	1.383202e-07	(0.000000e+00 1.471111e-03 0.000000e+00)
232.1         	1.383268e-07	(0.000000e+00 1.471111e-03 0.000000e+00)
232.15        	1.383332e-07	(0.000000e+00 1.471111e-03 0.000000e+00)
232.2         	1.383395e-07	(0.000000e+00 1.471111e-03 0.000000e+00)
232.25        	1.383464e-07	(0.000000e+00 1.471111e-03 0.000000e+00)
232.3         	1.383527e-07	(0.000000e+00 1.471111e-03 0.000000e+00)
232.35        	1.383590e-07	(0.000000e+00 1.471111e-03 0.000000e+00)
232.4         	1.383654e-07	(0.000000e+00 1.471111e-03 0.000000e+00)
232.45        	1.383718e-07	(0.000000e+00 1.471111e-03 0.000000e+00)
232.5         	1.383782e-07	(0.000000e+00 1.471111e-03 0.000000e+00)
232.55        	1.383846e-07	(0.000000e+00 1.471111e-03 0.000000e+00)
232.6         	1.383909e-07	(0.000000e+00 1.471111e-03 0.000000e+00)
232.65        	1.383973e-07	(0.000000e+00 1.471111e-03 0.000000e+00)
232.7         	1.384036e-07	(0.000000e+00 1.471111e-03 0.000000e+00)
232.75        	1.384099e-07	(0.000000e+00 1.471111e-03 0.000000e+00)
232.8         	1.384162e-07	(0.000000e+00 1.471111e-03 0.000000e+00)
232.85        	1.384224e-07	(0.000000e+00 1.471111e-03 0.000000e+00)
232.9         	1.384286e-07	(0.000000e+00 1.471111e-03 0.000000e+00)
232.95        	1.384351e-07	(0.000000e+00 1.471111e-03 0.000000e+00)
233           	1.384415e-07	(0.000000e+00 1.471111e-03 0.000000e+00)
233.05        	1.384476e-07	(0.000000e+00 1.471111e-03 0.000000e+00)
233.1         	1.384538e-07	(0.000000e+00 1.471111e-03 0.000000e+00)
233.15        	1.384601e-07	(0.000000e+00 1.471111e-03 0.000000e+00)
233.2         	1.384665e-07	(0.000000e+00 1.471111e-03 0.000000e+00)
233.25        	1.384728e-07	(0.000000e+00 1.471111e-03 0.000000e+00)
233.3         	1.384790e-07	(0.000000e+00 1.471111e-03 0.000000e+00)
233.35        	1.384852e-07	(0.000000e+00 1.471111e-03 0.000000e+00)
233.4         	1.384915e-07	(0.000000e+00 1.471111e-03 0.000000e+00)
233.45        	1.384977e-07	(0.000000e+00 1.471111e-03 0.000000e+00)
233.5         	1.385039e-07	(0.000000e+00 1.471111e-03 0.000000e+00)
233.55        	1.385100e-07	(0.000000e+00 1.471111e-03 0.000000e+00)
233.6         	1.385162e-07	(0.000000e+00 1.471111e-03 0.000000e+00)
233.65        	1.385224e-07	(0.000000e+00 1.471111e-03 0.000000e+00)
233.7         	1.385285e-07	(0.000000e+00 1.471111e-03 0.000000e+00)
233.75        	1.385346e-07	(0.000000e+00 1.471111e-03 0.000000e+00)
233.8         	1.385408e-07	(0.000000e+00 1.471111e-03 0.000000e+00)
233.85        	1.385469e-07	(0.000000e+00 1.471111e-03 0.000000e+00)
233.9         	1.385530e-07	(0.000000e+00 1.471111e-03 0.000000e+00)
233.95        	1.385591e-07	(0.000000e+00 1.471111e-03 0.000000e+00)
234           	1.385651e-07	(0.000000e+00 1.471111e-03 0.000000e+00)
234.05        	1.385711e-07	(0.000000e+00 1.471111e-03 0.000000e+00)
234.1         	1.385771e-07	(0.000000e+00 1.471111e-03 0.000000e+00)
234.15        	1.385832e-07	(0.000000e+00 1.471111e-03 0.000000e+00)
234.2         	1.385893e-07	(0.000000e+00 1.471111e-03 0.000000e+00)
234.25        	1.385954e-07	(0.000000e+00 1.471111e-03 0.000000e+00)
234.3         	1.386013e-07	(0.000000e+00 1.471111e-03 0.000000e+00)
234.35        	1.386065e-07	(0.000000e+00 1.471111e-03 0.000000e+00)
234.4         	1.386118e-07	(0.000000e+00 1.471111e-03 0.000000e+00)
234.45        	1.386181e-07	(0.000000e+00 1.471111e-03 0.000000e+00)
234.5         	1.386243e-07	(0.000000e+00 1.471111e-03 0.000000e+00)
234.55        	1.386304e-07	(0.000000e+00 1.471111e-03 0.000000e+00)
234.6         	1.386364e-07	(0.000000e+00 1.471111e-03 0.000000e+00)
234.65        	1.386424e-07	(0.000000e+00 1.471111e-03 0.000000e+00)
234.7         	1.386483e-07	(0.000000e+00 1.471111e-03 0.000000e+00)
234.75        	1.386542e-07	(0.000000e+00 1.471111e-03 0.000000e+00)
234.8         	1.386601e-07	(0.000000e+00 1.471111e-03 0.000000e+00)
234.85        	1.386661e-07	(0.000000e+00 1.471111e-03 0.000000e+00)
234.9         	1.386719e-07	(0.000000e+00 1.471111e-03 0.000000e+00)
234.95        	1.386779e-07	(0.000000e+00 1.471111e-03 0.000000e+00)
235           	1.386838e-07	(0.000000e+00 1.471111e-03 0.000000e+00)
235.05        	1.386896e-07	(0.000000e+00 1.471111e-03 0.000000e+00)
235.1         	1.386942e-07	(0.000000e+00 1.471111e-03 0.000000e+00)
235.15        	1.386988e-07	(0.000000e+00 1.471111e-03 0.000000e+00)
235.2         	1.387058e-07	(0.000000e+00 1.471111e-03 0.000000e+00)
235.25        	1.387123e-07	(0.000000e+00 1.471111e-03 0.000000e+00)
235.3         	1.387183e-07	(0.000000e+00 1.471111e-03 0.000000e+00)
235.35        	1.387241e-07	(0.000000e+00 1.471111e-03 0.000000e+00)
235.4         	1.387300e-07	(0.000000e+00 1.471111e-03 0.000000e+00)
235.45        	1.387359e-07	(0.000000e+00 1.471111e-03 0.000000e+00)
235.5         	1.387417e-07	(0.000000e+00 1.471111e-03 0.000000e+00)
235.55        	1.387476e-07	(0.000000e+00 1.471111e-03 0.000000e+00)
235.6         	1.387534e-07	(0.000000e+00 1.471111e-03 0.000000e+00)
235.65        	1.387592e-07	(0.000000e+00 1.471111e-03 0.000000e+00)
235.7         	1.387650e-07	(0.000000e+00 1.471111e-03 0.000000e+00)
235.75        	1.387707e-07	(0.000000e+00 1.471111e-03 0.000000e+00)
235.8         	1.387765e-07	(0.000000e+00 1.471111e-03 0.000000e+00)
235.85        	1.387823e-07	(0.000000e+00 1.471111e-03 0.000000e+00)
235.9         	1.387880e-07	(0.000000e+00 1.471111e-03 0.000000e+00)
235.95        	1.387938e-07	(0.000000e+00 1.471111e-03 0.000000e+00)
236           	1.387995e-07	(0.000000e+00 1.471111e-03 0.000000e+00)
236.05        	1.388052e-07	(0.000000e+00 1.471111e-03 0.000000e+00)
236.1         	1.388110e-07	(0.000000e+00 1.471111e-03 0.000000e+00)
236.15        	1.388167e-07	(0.000000e+00 1.471111e-03 0.000000e+00)
236.2         	1.388224e-07	(0.000000e+00 1.471111e-03 0.000000e+00)
236.25        	1.388281e-07	(0.000000e+00 1.471111e-03 0.000000e+00)
236.3         	1.388338e-07	(0.000000e+00 1.471111e-03 0.000000e+00)
236.35        	1.388395e-07	(0.000000e+00 1.471111e-03 0.000000e+00)
236.4         	1.388451e-07	(0.000000e+00 1.471111e-03 0.000000e+00)
236.45        	1.388508e-07	(0.000000e+00 1.471111e-03 0.000000e+00)
236.5         	1.388565e-07	(0.000000e+00 1.471111e-03 0.000000e+00)
236.55        	1.388621e-07	(0.000000e+00 1.471111e-03 0.000000e+00)
236.6         	1.388678e-07	(0.000000e+00 1.471111e-03 0.000000e+00)
236.65        	1.388734e-07	(0.000000e+00 1.471111e-03 0.000000e+00)
236.7         	1.388790e-07	(0.000000e+00 1.471111e-03 0.000000e+00)
236.75        	1.388847e-07	(0.000000e+00 1.471111e-03 0.000000e+00)
236.8         	1.388903e-07	(0.000000e+00 1.471111e-03 0.000000e+00)
236.85        	1.388959e-07	(0.000000e+00 1.471111e-03 0.000000e+00)
236.9         	1.389015e-07	(0.000000e+00 1.471111e-03 0.000000e+00)
236.95        	1.389071e-07	(0.000000e+00 1.471111e-03 0.000000e+00)
237           	1.389127e-07	(0.000000e+00 1.471111e-03 0.000000e+00)
237.05        	1.389183e-07	(0.000000e+00 1.471111e-03 0.000000e+00)
237.1         	1.389239e-07	(0.000000e+00 1.471111e-03 0.000000e+00)
237.15        	1.389294e-07	(0.000000e+00 1.471111e-03 0.000000e+00)
237.2         	1.389350e-07	(0.000000e+00 1.471111e-03 0.000000e+00)
237.25        	1.389405e-07	(0.000000e+00 1.471111e-03 0.000000e+00)
237.3         	1.389461e-07	(0.000000e+00 1.471111e-03 0.000000e+00)
237.35        	1.389516e-07	(0.000000e+00 1.471111e-03 0.000000e+00)
237.4         	1.389571e-07	(0.000000e+00 1.471111e-03 0.000000e+00)
237.45        	1.389627e-07	(0.000000e+00 1.471111e-03 0.000000e+00)
237.5         	1.389682e-07	(0.000000e+00 1.471111e-03 0.000000e+00)
237.55        	1.389736e-07	(0.000000e+00 1.471111e-03 0.000000e+00)
237.6         	1.389791e-07	(0.000000e+00 1.471111e-03 0.000000e+00)
237.65        	1.389847e-07	(0.000000e+00 1.471111e-03 0.000000e+00)
237.7         	1.389902e-07	(0.000000e+00 1.471111e-03 0.000000e+00)
237.75        	1.389957e-07	(0.000000e+00 1.471111e-03 0.000000e+00)
237.8         	1.390010e-07	(0.000000e+00 1.471111e-03 0.000000e+00)
237.85        	1.390065e-07	(0.000000e+00 1.471111e-03 0.000000e+00)
237.9         	1.390120e-07	(0.000000e+00 1.471111e-03 0.000000e+00)
237.95        	1.390175e-07	(0.000000e+00 1.471111e-03 0.000000e+00)
238           	1.390230e-07	(0.000000e+00 1.471111e-03 0.000000e+00)
238.05        	1.390284e-07	(0.000000e+00 1.471111e-03 0.000000e+00)
238.1         	1.390339e-07	(0.000000e+00 1.471111e-03 0.000000e+00)
238.15        	1.390393e-07	(0.000000e+00 1.471111e-03 0.000000e+00)
238.2         	1.390448e-07	(0.000000e+00 1.471111e-03 0.000000e+00)
238.25        	1.390502e-07	(0.000000e+00 1.471111e-03 0.000000e+00)
238.3         	1.390556e-07	(0.000000e+00 1.471111e-03 0.000000e+00)
238.35        	1.390610e-07	(0.000000e+00 1.471111e-03 0.000000e+00)
238.4         	1.390664e-07	(0.000000e+00 1.471111e-03 0.000000e+00)
238.45        	1.390717e-07	(0.000000e+00 1.471111e-03 0.000000e+00)
238.5         	1.390771e-07	(0.000000e+00 1.471111e-03 0.000000e+00)
238.55        	1.390826e-07	(0.000000e+00 1.471111e-03 0.000000e+00)
238.6         	1.390878e-07	(0.000000e+00 1.471111e-03 0.000000e+00)
238.65        	1.390932e-07	(0.000000e+00 1.471111e-03 0.000000e+00)
238.7         	1.390987e-07	(0.000000e+00 1.471111e-03 0.000000e+00)
238.75        	1.391039e-07	(0.000000e+00 1.471111e-03 0.000000e+00)
238.8         	1.391093e-07	(0.000000e+00 1.471111e-03 0.000000e+00)
238.85        	1.391147e-07	(0.000000e+00 1.471111e-03 0.000000e+00)
238.9         	1.391201e-07	(0.000000e+00 1.471111e-03 0.000000e+00)
238.95        	1.391255e-07	(0.000000e+00 1.471111e-03 0.000000e+00)
239           	1.391309e-07	(0.000000e+00 1.471111e-03 0.000000e+00)
239.05        	1.391363e-07	(0.000000e+00 1.471111e-03 0.000000e+00)
239.1         	1.391415e-07	(0.000000e+00 1.471111e-03 0.000000e+00)
239.15        	1.391467e-07	(0.000000e+00 1.471111e-03 0.000000e+00)
239.2         	1.391520e-07	(0.000000e+00 1.471111e-03 0.000000e+00)
239.25        	1.391574e-07	(0.000000e+00 1.471111e-03 0.000000e+00)
239.3         	1.391627e-07	(0.000000e+00 1.471111e-03 0.000000e+00)
239.35        	1.391680e-07	(0.000000e+00 1.471111e-03 0.000000e+00)
239.4         	1.391733e-07	(0.000000e+00 1.471111e-03 0.000000e+00)
239.45        	1.391784e-07	(0.000000e+00 1.471111e-03 0.000000e+00)
239.5         	1.391838e-07	(0.000000e+00 1.471111e-03 0.000000e+00)
239.55        	1.391891e-07	(0.000000e+00 1.471111e-03 0.000000e+00)
239.6         	1.391943e-07	(0.000000e+00 1.471111e-03 0.000000e+00)
239.65        	1.391995e-07	(0.000000e+00 1.471111e-03 0.000000e+00)
239.7         	1.392048e-07	(0.000000e+00 1.471111e-03 0.000000e+00)
239.75        	1.392101e-07	(0.000000e+00 1.471111e-03 0.000000e+00)
239.8         	1.392153e-07	(0.000000e+00 1.471111e-03 0.000000e+00)
239.85        	1.392206e-07	(0.000000e+00 1.471111e-03 0.000000e+00)
239.9         	1.392258e-07	(0.000000e+00 1.471111e-03 0.000000e+00)
239.95        	1.392310e-07	(0.000000e+00 1.471111e-03 0.000000e+00)
240           	1.392362e-07	(0.000000e+00 1.471111e-03 0.000000e+00)
240.05        	1.392414e-07	(0.000000e+00 1.471111e-03 0.000000e+00)
240.1         	1.392467e-07	(0.000000e+00 1.471111e-03 0.000000e+00)
240.15        	1.392519e-07	(0.000000e+00 1.471111e-03 0.000000e+00)
240.2         	1.392571e-07	(0.000000e+00 1.471111e-03 0.000000e+00)
240.25        	1.392623e-07	(0.000000e+00 1.471111e-03 0.000000e+00)
240.3         	1.392675e-07	(0.000000e+00 1.471111e-03 0.000000e+00)
240.35        	1.392727e-07	(0.000000e+00 1.471111e-03 0.000000e+00)
240.4         	1.392779e-07	(0.000000e+00 1.471111e-03 0.000000e+00)
240.45        	1.392831e-07	(0.000000e+00 1.471111e-03 0.000000e+00)
240.5         	1.392883e-07	(0.000000e+00 1.471111e-03 0.000000e+00)
240.55        	1.392934e-07	(0.000000e+00 1.471111e-03 0.000000e+00)
240.6         	1.392986e-07	(0.000000e+00 1.471111e-03 0.000000e+00)
240.65        	1.393037e-07	(0.000000e+00 1.471111e-03 0.000000e+00)
240.7         	1.393089e-07	(0.000000e+00 1.471111e-03 0.000000e+00)
240.75        	1.393140e-07	(0.000000e+00 1.471111e-03 0.000000e+00)
240.8         	1.393191e-07	(0.000000e+00 1.471111e-03 0.000000e+00)
240.85        	1.393243e-07	(0.000000e+00 1.471111e-03 0.000000e+00)
240.9         	1.393295e-07	(0.000000e+00 1.471111e-03 0.000000e+00)
240.95        	1.393346e-07	(0.000000e+00 1.471111e-03 0.000000e+00)
241           	1.393397e-07	(0.000000e+00 1.471111e-03 0.000000e+00)
241.05        	1.393449e-07	(0.000000e+00 1.471111e-03 0.000000e+00)
241.1         	1.393500e-07	(0.000000e+00 1.471111e-03 0.000000e+00)
241.15        	1.393551e-07	(0.000000e+00 1.471111e-03 0.000000e+00)
241.2         	1.393602e-07	(0.000000e+00 1.471111e-03 0.000000e+00)
241.25        	1.393653e-07	(0.000000e+00 1.471111e-03 0.000000e+00)
241.3         	1.393704e-07	(0.000000e+00 1.471111e-03 0.000000e+00)
241.35        	1.393755e-07	(0.000000e+00 1.471111e-03 0.000000e+00)
241.4         	1.393806e-07	(0.000000e+00 1.471111e-03 0.000000e+00)
241.45        	1.393856e-07	(0.000000e+00 1.471111e-03 0.000000e+00)
241.5         	1.393907e-07	(0.000000e+00 1.471111e-03 0.000000e+00)
241.55        	1.393958e-07	(0.000000e+00 1.471111e-03 0.000000e+00)
241.6         	1.394009e-07	(0.000000e+00 1.471111e-03 0.000000e+00)
241.65        	1.394057e-07	(0.000000e+00 1.471111e-03 0.000000e+00)
241.7         	1.394110e-07	(0.000000e+00 1.471111e-03 0.000000e+00)
241.75        	1.394162e-07	(0.000000e+00 1.471111e-03 0.000000e+00)
241.8         	1.394213e-07	(0.000000e+00 1.471111e-03 0.000000e+00)
241.85        	1.394263e-07	(0.000000e+00 1.471111e-03 0.000000e+00)
241.9         	1.394314e-07	(0.000000e+00 1.471111e-03 0.000000e+00)
241.95        	1.394365e-07	(0.000000e+00 1.471111e-03 0.000000e+00)
242           	1.394415e-07	(0.000000e+00 1.471111e-03 0.000000e+00)
242.05        	1.394465e-07	(0.000000e+00 1.471111e-03 0.000000e+00)
242.1         	1.394516e-07	(0.000000e+00 1.471111e-03 0.000000e+00)
242.15        	1.394566e-07	(0.000000e+00 1.471111e-03 0.000000e+00)
242.2         	1.394617e-07	(0.000000e+00 1.471111e-03 0.000000e+00)
242.25        	1.394667e-07	(0.000000e+00 1.471111e-03 0.000000e+00)
242.3         	1.394717e-07	(0.000000e+00 1.471111e-03 0.000000e+00)
242.35        	1.394768e-07	(0.000000e+00 1.471111e-03 0.000000e+00)
242.4         	1.394818e-07	(0.000000e+00 1.471111e-03 0.000000e+00)
242.45        	1.394868e-07	(0.000000e+00 1.471111e-03 0.000000e+00)
242.5         	1.394918e-07	(0.000000e+00 1.471111e-03 0.000000e+00)
242.55        	1.394968e-07	(0.000000e+00 1.471111e-03 0.000000e+00)
242.6         	1.395018e-07	(0.000000e+00 1.471111e-03 0.000000e+00)
242.65        	1.395068e-07	(0.000000e+00 1.471111e-03 0.000000e+00)
242.7         	1.395118e-07	(0.000000e+00 1.471111e-03 0.000000e+00)
242.75        	1.395169e-07	(0.000000e+00 1.471111e-03 0.000000e+00)
242.8         	1.395219e-07	(0.000000e+00 1.471111e-03 0.000000e+00)
242.85        	1.395269e-07	(0.000000e+00 1.471111e-03 0.000000e+00)
242.9         	1.395319e-07	(0.000000e+00 1.471111e-03 0.000000e+00)
242.95        	1.395369e-07	(0.000000e+00 1.471111e-03 0.000000e+00)
243           	1.395419e-07	(0.000000e+00 1.471111e-03 0.000000e+00)
243.05        	1.395468e-07	(0.000000e+00 1.471111e-03 0.000000e+00)
243.1         	1.395518e-07	(0.000000e+00 1.471111e-03 0.000000e+00)
243.15        	1.395568e-07	(0.000000e+00 1.471111e-03 0.000000e+00)
243.2         	1.395618e-07	(0.000000e+00 1.471111e-03 0.000000e+00)
243.25        	1.395668e-07	(0.000000e+00 1.471111e-03 0.000000e+00)
243.3         	1.395718e-07	(0.000000e+00 1.471111e-03 0.000000e+00)
243.35        	1.395767e-07	(0.000000e+00 1.471111e-03 0.000000e+00)
243.4         	1.395817e-07	(0.000000e+00 1.471111e-03 0.000000e+00)
243.45        	1.395867e-07	(0.000000e+00 1.471111e-03 0.000000e+00)
243.5         	1.395916e-07	(0.000000e+00 1.471111e-03 0.000000e+00)
243.55        	1.395964e-07	(0.000000e+00 1.471111e-03 0.000000e+00)
243.6         	1.396014e-07	(0.000000e+00 1.471111e-03 0.000000e+00)
243.65        	1.396063e-07	(0.000000e+00 1.471111e-03 0.000000e+00)
243.7         	1.396112e-07	(0.000000e+00 1.471111e-03 0.000000e+00)
243.75        	1.396162e-07	(0.000000e+00 1.471111e-03 0.000000e+00)
243.8         	1.396211e-07	(0.000000e+00 1.471111e-03 0.000000e+00)
243.85        	1.396260e-07	(0.000000e+00 1.471111e-03 0.000000e+00)
243.9         	1.396310e-07	(0.000000e+00 1.471111e-03 0.000000e+00)
243.95        	1.396359e-07	(0.000000e+00 1.471111e-03 0.000000e+00)
244           	1.396409e-07	(0.000000e+00 1.471111e-03 0.000000e+00)
244.05        	1.396458e-07	(0.000000e+00 1.471111e-03 0.000000e+00)
244.1         	1.396507e-07	(0.000000e+00 1.471111e-03 0.000000e+00)
244.15        	1.396556e-07	(0.000000e+00 1.471111e-03 0.000000e+00)
244.2         	1.396605e-07	(0.000000e+00 1.471111e-03 0.000000e+00)
244.25        	1.396654e-07	(0.000000e+00 1.471111e-03 0.000000e+00)
244.3         	1.396703e-07	(0.000000e+00 1.471111e-03 0.000000e+00)
244.35        	1.396752e-07	(0.000000e+00 1.471111e-03 0.000000e+00)
244.4         	1.396801e-07	(0.000000e+00 1.471111e-03 0.000000e+00)
244.45        	1.396850e-07	(0.000000e+00 1.471111e-03 0.000000e+00)
244.5         	1.396899e-07	(0.000000e+00 1.471111e-03 0.000000e+00)
244.55        	1.396948e-07	(0.000000e+00 1.471111e-03 0.000000e+00)
244.6         	1.396997e-07	(0.000000e+00 1.471111e-03 0.000000e+00)
244.65        	1.397045e-07	(0.000000e+00 1.471111e-03 0.000000e+00)
244.7         	1.397094e-07	(0.000000e+00 1.471111e-03 0.000000e+00)
244.75        	1.397145e-07	(0.000000e+00 1.471111e-03 0.000000e+00)
244.8         	1.397194e-07	(0.000000e+00 1.471111e-03 0.000000e+00)
244.85        	1.397243e-07	(0.000000e+00 1.471111e-03 0.000000e+00)
244.9         	1.397292e-07	(0.000000e+00 1.471111e-03 0.000000e+00)
244.95        	1.397341e-07	(0.000000e+00 1.471111e-03 0.000000e+00)
245           	1.397390e-07	(0.000000e+00 1.471111e-03 0.000000e+00)
245.05        	1.397438e-07	(0.000000e+00 1.471111e-03 0.000000e+00)
245.1         	1.397486e-07	(0.000000e+00 1.471111e-03 0.000000e+00)
245.15        	1.397533e-07	(0.000000e+00 1.471111e-03 0.000000e+00)
245.2         	1.397582e-07	(0.000000e+00 1.471111e-03 0.000000e+00)
245.25        	1.397629e-07	(0.000000e+00 1.471111e-03 0.000000e+00)
245.3         	1.397677e-07	(0.000000e+00 1.471111e-03 0.000000e+00)
245.35        	1.397725e-07	(0.000000e+00 1.471111e-03 0.000000e+00)
245.4         	1.397773e-07	(0.000000e+00 1.471111e-03 0.000000e+00)
245.45        	1.397821e-07	(0.000000e+00 1.471111e-03 0.000000e+00)
245.5         	1.397868e-07	(0.000000e+00 1.471111e-03 0.000000e+00)
245.55        	1.397916e-07	(0.000000e+00 1.471111e-03 0.000000e+00)
245.6         	1.397964e-07	(0.000000e+00 1.471111e-03 0.000000e+00)
245.65        	1.398012e-07	(0.000000e+00 1.471111e-03 0.000000e+00)
245.7         	1.398060e-07	(0.000000e+00 1.471111e-03 0.000000e+00)
245.75        	1.398107e-07	(0.000000e+00 1.471111e-03 0.000000e+00)
245.8         	1.398155e-07	(0.000000e+00 1.471111e-03 0.000000e+00)
245.85        	1.398202e-07	(0.000000e+00 1.471111e-03 0.000000e+00)
245.9         	1.398251e-07	(0.000000e+00 1.471111e-03 0.000000e+00)
245.95        	1.398302e-07	(0.000000e+00 1.471111e-03 0.000000e+00)
246           	1.398347e-07	(0.000000e+00 1.471111e-03 0.000000e+00)
246.05        	1.398396e-07	(0.000000e+00 1.471111e-03 0.000000e+00)
246.1         	1.398443e-07	(0.000000e+00 1.471111e-03 0.000000e+00)
246.15        	1.398490e-07	(0.000000e+00 1.471111e-03 0.000000e+00)
246.2         	1.398534e-07	(0.000000e+00 1.471111e-03 0.000000e+00)
246.25        	1.398577e-07	(0.000000e+00 1.471111e-03 0.000000e+00)
246.3         	1.398626e-07	(0.000000e+00 1.471111e-03 0.000000e+00)
246.35        	1.398675e-07	(0.000000e+00 1.471111e-03 0.000000e+00)
246.4         	1.398723e-07	(0.000000e+00 1.471111e-03 0.000000e+00)
246.45        	1.398770e-07	(0.000000e+00 1.471111e-03 0.000000e+00)
246.5         	1.398817e-07	(0.000000e+00 1.471111e-03 0.000000e+00)
246.55        	1.398865e-07	(0.000000e+00 1.471111e-03 0.000000e+00)
246.6         	1.398912e-07	(0.000000e+00 1.471111e-03 0.000000e+00)
246.65        	1.398959e-07	(0.000000e+00 1.471111e-03 0.000000e+00)
246.7         	1.399002e-07	(0.000000e+00 1.471111e-03 0.000000e+00)
246.75        	1.399054e-07	(0.000000e+00 1.471111e-03 0.000000e+00)
246.8         	1.399102e-07	(0.000000e+00 1.471111e-03 0.000000e+00)
246.85        	1.399150e-07	(0.000000e+00 1.471111e-03 0.000000e+00)
246.9         	1.399197e-07	(0.000000e+00 1.471111e-03 0.000000e+00)
246.95        	1.399244e-07	(0.000000e+00 1.471111e-03 0.000000e+00)
247           	1.399292e-07	(0.000000e+00 1.471111e-03 0.000000e+00)
247.05        	1.399338e-07	(0.000000e+00 1.471111e-03 0.000000e+00)
247.1         	1.399385e-07	(0.000000e+00 1.471111e-03 0.000000e+00)
247.15        	1.399433e-07	(0.000000e+00 1.471111e-03 0.000000e+00)
247.2         	1.399480e-07	(0.000000e+00 1.471111e-03 0.000000e+00)
247.25        	1.399528e-07	(0.000000e+00 1.471111e-03 0.000000e+00)
247.3         	1.399575e-07	(0.000000e+00 1.471111e-03 0.000000e+00)
247.35        	1.399622e-07	(0.000000e+00 1.471111e-03 0.000000e+00)
247.4         	1.399669e-07	(0.000000e+00 1.471111e-03 0.000000e+00)
247.45        	1.399716e-07	(0.000000e+00 1.471111e-03 0.000000e+00)
247.5         	1.399763e-07	(0.000000e+00 1.471111e-03 0.000000e+00)
247.55        	1.399811e-07	(0.000000e+00 1.471111e-03 0.000000e+00)
247.6         	1.399858e-07	(0.000000e+00 1.471111e-03 0.000000e+00)
247.65        	1.399904e-07	(0.000000e+00 1.471111e-03 0.000000e+00)
247.7         	1.399951e-07	(0.000000e+00 1.471111e-03 0.000000e+00)
247.75        	1.399998e-07	(0.000000e+00 1.471111e-03 0.000000e+00)
247.8         	1.400045e-07	(0.000000e+00 1.471111e-03 0.000000e+00)
247.85        	1.400092e-07	(0.000000e+00 1.471111e-03 0.000000e+00)
247.9         	1.400139e-07	(0.000000e+00 1.471111e-03 0.000000e+00)
247.95        	1.400186e-07	(0.000000e+00 1.471111e-03 0.000000e+00)
248           	1.400233e-07	(0.000000e+00 1.471111e-03 0.000000e+00)
248.05        	1.400280e-07	(0.000000e+00 1.471111e-03 0.000000e+00)
248.1         	1.400327e-07	(0.000000e+00 1.471111e-03 0.000000e+00)
248.15        	1.400374e-07	(0.000000e+00 1.471111e-03 0.000000e+00)
248.2         	1.400420e-07	(0.000000e+00 1.471111e-03 0.000000e+00)
248.25        	1.400468e-07	(0.000000e+00 1.471111e-03 0.000000e+00)
248.3         	1.400515e-07	(0.000000e+00 1.471111e-03 0.000000e+00)
248.35        	1.400561e-07	(0.000000e+00 1.471111e-03 0.000000e+00)
248.4         	1.400608e-07	(0.000000e+00 1.471111e-03 0.000000e+00)
248.45        	1.400655e-07	(0.000000e+00 1.471111e-03 0.000000e+00)
248.5         	1.400702e-07	(0.000000e+00 1.471111e-03 0.000000e+00)
248.55        	1.400748e-07	(0.000000e+00 1.471111e-03 0.000000e+00)
248.6         	1.400795e-07	(0.000000e+00 1.471111e-03 0.000000e+00)
248.65        	1.400842e-07	(0.000000e+00 1.471111e-03 0.000000e+00)
248.7         	1.400889e-07	(0.000000e+00 1.471111e-03 0.000000e+00)
248.75        	1.400935e-07	(0.000000e+00 1.471111e-03 0.000000e+00)
248.8         	1.400982e-07	(0.000000e+00 1.471111e-03 0.000000e+00)
248.85        	1.401029e-07	(0.000000e+00 1.471111e-03 0.000000e+00)
248.9         	1.401076e-07	(0.000000e+00 1.471111e-03 0.000000e+00)
248.95        	1.401122e-07	(0.000000e+00 1.471111e-03 0.000000e+00)
249           	1.401169e-07	(0.000000e+00 1.471111e-03 0.000000e+00)
249.05        	1.401215e-07	(0.000000e+00 1.471111e-03 0.000000e+00)
249.1         	1.401262e-07	(0.000000e+00 1.471111e-03 0.000000e+00)
249.15        	1.401309e-07	(0.000000e+00 1.471111e-03 0.000000e+00)
249.2         	1.401355e-07	(0.000000e+00 1.471111e-03 0.000000e+00)
249.25        	1.401402e-07	(0.000000e+00 1.471111e-03 0.000000e+00)
249.3         	1.401448e-07	(0.000000e+00 1.471111e-03 0.000000e+00)
249.35        	1.401495e-07	(0.000000e+00 1.471111e-03 0.000000e+00)
249.4         	1.401541e-07	(0.000000e+00 1.471111e-03 0.000000e+00)
249.45        	1.401588e-07	(0.000000e+00 1.471111e-03 0.000000e+00)
249.5         	1.401634e-07	(0.000000e+00 1.471111e-03 0.000000e+00)
249.55        	1.401681e-07	(0.000000e+00 1.471111e-03 0.000000e+00)
249.6         	1.401727e-07	(0.000000e+00 1.471111e-03 0.000000e+00)
249.65        	1.401774e-07	(0.000000e+00 1.471111e-03 0.000000e+00)
249.7         	1.401820e-07	(0.000000e+00 1.471111e-03 0.000000e+00)
249.75        	1.401867e-07	(0.000000e+00 1.471111e-03 0.000000e+00)
249.8         	1.401913e-07	(0.000000e+00 1.471111e-03 0.000000e+00)
249.85        	1.401959e-07	(0.000000e+00 1.471111e-03 0.000000e+00)
249.9         	1.402006e-07	(0.000000e+00 1.471111e-03 0.000000e+00)
249.95        	1.402052e-07	(0.000000e+00 1.471111e-03 0.000000e+00)
250           	1.402098e-07	(0.000000e+00 1.471111e-03 0.000000e+00)
250.05        	1.402145e-07	(0.000000e+00 1.471111e-03 0.000000e+00)
250.1         	1.402191e-07	(0.000000e+00 1.471111e-03 0.000000e+00)
250.15        	1.402237e-07	(0.000000e+00 1.471111e-03 0.000000e+00)
250.2         	1.402284e-07	(0.000000e+00 1.471111e-03 0.000000e+00)
250.25        	1.402330e-07	(0.000000e+00 1.471111e-03 0.000000e+00)
250.3         	1.402376e-07	(0.000000e+00 1.471111e-03 0.000000e+00)
250.35        	1.402422e-07	(0.000000e+00 1.471111e-03 0.000000e+00)
250.4         	1.402469e-07	(0.000000e+00 1.471111e-03 0.000000e+00)
250.45        	1.402515e-07	(0.000000e+00 1.471111e-03 0.000000e+00)
250.5         	1.402561e-07	(0.000000e+00 1.471111e-03 0.000000e+00)
250.55        	1.402607e-07	(0.000000e+00 1.471111e-03 0.000000e+00)
250.6         	1.402653e-07	(0.000000e+00 1.471111e-03 0.000000e+00)
250.65        	1.402700e-07	(0.000000e+00 1.471111e-03 0.000000e+00)
250.7         	1.402746e-07	(0.000000e+00 1.471111e-03 0.000000e+00)
250.75        	1.402792e-07	(0.000000e+00 1.471111e-03 0.000000e+00)
250.8         	1.402838e-07	(0.000000e+00 1.471111e-03 0.000000e+00)
250.85        	1.402884e-07	(0.000000e+00 1.471111e-03 0.000000e+00)
250.9         	1.402930e-07	(0.000000e+00 1.471111e-03 0.000000e+00)
250.95        	1.402977e-07	(0.000000e+00 1.471111e-03 0.000000e+00)
251           	1.403023e-07	(0.000000e+00 1.471111e-03 0.000000e+00)
251.05        	1.403069e-07	(0.000000e+00 1.471111e-03 0.000000e+00)
251.1         	1.403114e-07	(0.000000e+00 1.471111e-03 0.000000e+00)
251.15        	1.403159e-07	(0.000000e+00 1.471111e-03 0.000000e+00)
251.2         	1.403206e-07	(0.000000e+00 1.471111e-03 0.000000e+00)
251.25        	1.403252e-07	(0.000000e+00 1.471111e-03 0.000000e+00)
251.3         	1.403297e-07	(0.000000e+00 1.471111e-03 0.000000e+00)
251.35        	1.403343e-07	(0.000000e+00 1.471111e-03 0.000000e+00)
251.4         	1.403389e-07	(0.000000e+00 1.471111e-03 0.000000e+00)
251.45        	1.403435e-07	(0.000000e+00 1.471111e-03 0.000000e+00)
251.5         	1.403481e-07	(0.000000e+00 1.471111e-03 0.000000e+00)
251.55        	1.403527e-07	(0.000000e+00 1.471111e-03 0.000000e+00)
251.6         	1.403573e-07	(0.000000e+00 1.471111e-03 0.000000e+00)
251.65        	1.403620e-07	(0.000000e+00 1.471111e-03 0.000000e+00)
251.7         	1.403665e-07	(0.000000e+00 1.471111e-03 0.000000e+00)
251.75        	1.403711e-07	(0.000000e+00 1.471111e-03 0.000000e+00)
251.8         	1.403757e-07	(0.000000e+00 1.471111e-03 0.000000e+00)
251.85        	1.403803e-07	(0.000000e+00 1.471111e-03 0.000000e+00)
251.9         	1.403849e-07	(0.000000e+00 1.471111e-03 0.000000e+00)
251.95        	1.403895e-07	(0.000000e+00 1.471111e-03 0.000000e+00)
252           	1.403940e-07	(0.000000e+00 1.471111e-03 0.000000e+00)
252.05        	1.403985e-07	(0.000000e+00 1.471111e-03 0.000000e+00)
252.1         	1.404031e-07	(0.000000e+00 1.471111e-03 0.000000e+00)
252.15        	1.404077e-07	(0.000000e+00 1.471111e-03 0.000000e+00)
252.2         	1.404122e-07	(0.000000e+00 1.471111e-03 0.000000e+00)
252.25        	1.404168e-07	(0.000000e+00 1.471111e-03 0.000000e+00)
252.3         	1.404213e-07	(0.000000e+00 1.471111e-03 0.000000e+00)
252.35        	1.404259e-07	(0.000000e+00 1.471111e-03 0.000000e+00)
252.4         	1.404305e-07	(0.000000e+00 1.471111e-03 0.000000e+00)
252.45        	1.404351e-07	(0.000000e+00 1.471111e-03 0.000000e+00)
252.5         	1.404397e-07	(0.000000e+00 1.471111e-03 0.000000e+00)
252.55        	1.404442e-07	(0.000000e+00 1.471111e-03 0.000000e+00)
252.6         	1.404486e-07	(0.000000e+00 1.471111e-03 0.000000e+00)
252.65        	1.404533e-07	(0.000000e+00 1.471111e-03 0.000000e+00)
252.7         	1.404580e-07	(0.000000e+00 1.471111e-03 0.000000e+00)
252.75        	1.404625e-07	(0.000000e+00 1.471111e-03 0.000000e+00)
252.8         	1.404670e-07	(0.000000e+00 1.471111e-03 0.000000e+00)
252.85        	1.404716e-07	(0.000000e+00 1.471111e-03 0.000000e+00)
252.9         	1.404761e-07	(0.000000e+00 1.471111e-03 0.000000e+00)
252.95        	1.404806e-07	(0.000000e+00 1.471111e-03 0.000000e+00)
253           	1.404854e-07	(0.000000e+00 1.471111e-03 0.000000e+00)
253.05        	1.404899e-07	(0.000000e+00 1.471111e-03 0.000000e+00)
253.1         	1.404944e-07	(0.000000e+00 1.471111e-03 0.000000e+00)
253.15        	1.404989e-07	(0.000000e+00 1.471111e-03 0.000000e+00)
253.2         	1.405035e-07	(0.000000e+00 1.471111e-03 0.000000e+00)
253.25        	1.405080e-07	(0.000000e+00 1.471111e-03 0.000000e+00)
253.3         	1.405126e-07	(0.000000e+00 1.471111e-03 0.000000e+00)
253.35        	1.405172e-07	(0.000000e+00 1.471111e-03 0.000000e+00)
253.4         	1.405217e-07	(0.000000e+00 1.471111e-03 0.000000e+00)
253.45        	1.405263e-07	(0.000000e+00 1.471111e-03 0.000000e+00)
253.5         	1.405308e-07	(0.000000e+00 1.471111e-03 0.000000e+00)
253.55        	1.405353e-07	(0.000000e+00 1.471111e-03 0.000000e+00)
253.6         	1.405399e-07	(0.000000e+00 1.471111e-03 0.000000e+00)
253.65        	1.405445e-07	(0.000000e+00 1.471111e-03 0.000000e+00)
253.7         	1.405490e-07	(0.000000e+00 1.471111e-03 0.000000e+00)
253.75        	1.405535e-07	(0.000000e+00 1.471111e-03 0.000000e+00)
253.8         	1.405581e-07	(0.000000e+00 1.471111e-03 0.000000e+00)
253.85        	1.405626e-07	(0.000000e+00 1.471111e-03 0.000000e+00)
253.9         	1.405672e-07	(0.000000e+00 1.471111e-03 0.000000e+00)
253.95        	1.405717e-07	(0.000000e+00 1.471111e-03 0.000000e+00)
254           	1.405762e-07	(0.000000e+00 1.471111e-03 0.000000e+00)
254.05        	1.405808e-07	(0.000000e+00 1.471111e-03 0.000000e+00)
254.1         	1.405853e-07	(0.000000e+00 1.471111e-03 0.000000e+00)
254.15        	1.405899e-07	(0.000000e+00 1.471111e-03 0.000000e+00)
254.2         	1.405944e-07	(0.000000e+00 1.471111e-03 0.000000e+00)
254.25        	1.405989e-07	(0.000000e+00 1.471111e-03 0.000000e+00)
254.3         	1.406033e-07	(0.000000e+00 1.471111e-03 0.000000e+00)
254.35        	1.406079e-07	(0.000000e+00 1.471111e-03 0.000000e+00)
254.4         	1.406125e-07	(0.000000e+00 1.471111e-03 0.000000e+00)
254.45        	1.406170e-07	(0.000000e+00 1.471111e-03 0.000000e+00)
254.5         	1.406215e-07	(0.000000e+00 1.471111e-03 0.000000e+00)
254.55        	1.406261e-07	(0.000000e+00 1.471111e-03 0.000000e+00)
254.6         	1.406306e-07	(0.000000e+00 1.471111e-03 0.000000e+00)
254.65        	1.406351e-07	(0.000000e+00 1.471111e-03 0.000000e+00)
254.7         	1.406396e-07	(0.000000e+00 1.471111e-03 0.000000e+00)
254.75        	1.406442e-07	(0.000000e+00 1.471111e-03 0.000000e+00)
254.8         	1.406487e-07	(0.000000e+00 1.471111e-03 0.000000e+00)
254.85        	1.406532e-07	(0.000000e+00 1.471111e-03 0.000000e+00)
254.9         	1.406578e-07	(0.000000e+00 1.471111e-03 0.000000e+00)
254.95        	1.406623e-07	(0.000000e+00 1.471111e-03 0.000000e+00)
255           	1.406668e-07	(0.000000e+00 1.471111e-03 0.000000e+00)
255.05        	1.406713e-07	(0.000000e+00 1.471111e-03 0.000000e+00)
255.1         	1.406758e-07	(0.000000e+00 1.471111e-03 0.000000e+00)
255.15        	1.406804e-07	(0.000000e+00 1.471111e-03 0.000000e+00)
255.2         	1.406849e-07	(0.000000e+00 1.471111e-03 0.000000e+00)
255.25        	1.406894e-07	(0.000000e+00 1.471111e-03 0.000000e+00)
255.3         	1.406939e-07	(0.000000e+00 1.471111e-03 0.000000e+00)
255.35        	1.406984e-07	(0.000000e+00 1.471111e-03 0.000000e+00)
255.4         	1.407030e-07	(0.000000e+00 1.471111e-03 0.000000e+00)
255.45        	1.407074e-07	(0.000000e+00 1.471111e-03 0.000000e+00)
255.5         	1.407119e-07	(0.000000e+00 1.471111e-03 0.000000e+00)
255.55        	1.407165e-07	(0.000000e+00 1.471111e-03 0.000000e+00)
255.6         	1.407210e-07	(0.000000e+00 1.471111e-03 0.000000e+00)
255.65        	1.407255e-07	(0.000000e+00 1.471111e-03 0.000000e+00)
255.7         	1.407300e-07	(0.000000e+00 1.471111e-03 0.000000e+00)
255.75        	1.407345e-07	(0.000000e+00 1.471111e-03 0.000000e+00)
255.8         	1.407390e-07	(0.000000e+00 1.471111e-03 0.000000e+00)
255.85        	1.407435e-07	(0.000000e+00 1.471111e-03 0.000000e+00)
255.9         	1.407480e-07	(0.000000e+00 1.471111e-03 0.000000e+00)
255.95        	1.407525e-07	(0.000000e+00 1.471111e-03 0.000000e+00)
256           	1.407570e-07	(0.000000e+00 1.471111e-03 0.000000e+00)
256.05        	1.407615e-07	(0.000000e+00 1.471111e-03 0.000000e+00)
256.1         	1.407661e-07	(0.000000e+00 1.471111e-03 0.000000e+00)
256.15        	1.407706e-07	(0.000000e+00 1.471111e-03 0.000000e+00)
256.2         	1.407751e-07	(0.000000e+00 1.471111e-03 0.000000e+00)
256.25        	1.407796e-07	(0.000000e+00 1.471111e-03 0.000000e+00)
256.3         	1.407841e-07	(0.000000e+00 1.471111e-03 0.000000e+00)
256.35        	1.407886e-07	(0.000000e+00 1.471111e-03 0.000000e+00)
256.4         	1.407930e-07	(0.000000e+00 1.471111e-03 0.000000e+00)
256.45        	1.407976e-07	(0.000000e+00 1.471111e-03 0.000000e+00)
256.5         	1.408021e-07	(0.000000e+00 1.471111e-03 0.000000e+00)
256.55        	1.408066e-07	(0.000000e+00 1.471111e-03 0.000000e+00)
256.6         	1.408111e-07	(0.000000e+00 1.471111e-03 0.000000e+00)
256.65        	1.408157e-07	(0.000000e+00 1.471111e-03 0.000000e+00)
256.7         	1.408202e-07	(0.000000e+00 1.471111e-03 0.000000e+00)
256.75        	1.408247e-07	(0.000000e+00 1.471111e-03 0.000000e+00)
256.8         	1.408292e-07	(0.000000e+00 1.471111e-03 0.000000e+00)
256.85        	1.408337e-07	(0.000000e+00 1.471111e-03 0.000000e+00)
256.9         	1.408382e-07	(0.000000e+00 1.471111e-03 0.000000e+00)
256.95        	1.408427e-07	(0.000000e+00 1.471111e-03 0.000000e+00)
257           	1.408472e-07	(0.000000e+00 1.471111e-03 0.000000e+00)
257.05        	1.408517e-07	(0.000000e+00 1.471111e-03 0.000000e+00)
257.1         	1.408562e-07	(0.000000e+00 1.471111e-03 0.000000e+00)
257.15        	1.408607e-07	(0.000000e+00 1.471111e-03 0.000000e+00)
257.2         	1.408652e-07	(0.000000e+00 1.471111e-03 0.000000e+00)
257.25        	1.408697e-07	(0.000000e+00 1.471111e-03 0.000000e+00)
257.3         	1.408741e-07	(0.000000e+00 1.471111e-03 0.000000e+00)
257.35        	1.408787e-07	(0.000000e+00 1.471111e-03 0.000000e+00)
257.4         	1.408831e-07	(0.000000e+00 1.471111e-03 0.000000e+00)
257.45        	1.408876e-07	(0.000000e+00 1.471111e-03 0.000000e+00)
257.5         	1.408921e-07	(0.000000e+00 1.471111e-03 0.000000e+00)
257.55        	1.408966e-07	(0.000000e+00 1.471111e-03 0.000000e+00)
257.6         	1.409011e-07	(0.000000e+00 1.471111e-03 0.000000e+00)
257.65        	1.409056e-07	(0.000000e+00 1.471111e-03 0.000000e+00)
257.7         	1.409101e-07	(0.000000e+00 1.471111e-03 0.000000e+00)
257.75        	1.409146e-07	(0.000000e+00 1.471111e-03 0.000000e+00)
257.8         	1.409191e-07	(0.000000e+00 1.471111e-03 0.000000e+00)
257.85        	1.409236e-07	(0.000000e+00 1.471111e-03 0.000000e+00)
257.9         	1.409281e-07	(0.000000e+00 1.471111e-03 0.000000e+00)
257.95        	1.409326e-07	(0.000000e+00 1.471111e-03 0.000000e+00)
258           	1.409371e-07	(0.000000e+00 1.471111e-03 0.000000e+00)
258.05        	1.409416e-07	(0.000000e+00 1.471111e-03 0.000000e+00)
258.1         	1.409461e-07	(0.000000e+00 1.471111e-03 0.000000e+00)
258.15        	1.409507e-07	(0.000000e+00 1.471111e-03 0.000000e+00)
258.2         	1.409552e-07	(0.000000e+00 1.471111e-03 0.000000e+00)
258.25        	1.409598e-07	(0.000000e+00 1.471111e-03 0.000000e+00)
258.3         	1.409643e-07	(0.000000e+00 1.471111e-03 0.000000e+00)
258.35        	1.409690e-07	(0.000000e+00 1.471111e-03 0.000000e+00)
258.4         	1.409737e-07	(0.000000e+00 1.471111e-03 0.000000e+00)
258.45        	1.409785e-07	(0.000000e+00 1.471111e-03 0.000000e+00)
258.5         	1.409830e-07	(0.000000e+00 1.471111e-03 0.000000e+00)
258.55        	1.409857e-07	(0.000000e+00 1.471111e-03 0.000000e+00)
258.6         	1.409902e-07	(0.000000e+00 1.471111e-03 0.000000e+00)
258.65        	1.409950e-07	(0.000000e+00 1.471111e-03 0.000000e+00)
258.7         	1.409987e-07	(0.000000e+00 1.471111e-03 0.000000e+00)
258.75        	1.410031e-07	(0.000000e+00 1.471111e-03 0.000000e+00)
258.8         	1.410082e-07	(0.000000e+00 1.471111e-03 0.000000e+00)
258.85        	1.410128e-07	(0.000000e+00 1.471111e-03 0.000000e+00)
258.9         	1.410172e-07	(0.000000e+00 1.471111e-03 0.000000e+00)
258.95        	1.410217e-07	(0.000000e+00 1.471111e-03 0.000000e+00)
259           	1.410262e-07	(0.000000e+00 1.471111e-03 0.000000e+00)
259.05        	1.410307e-07	(0.000000e+00 1.471111e-03 0.000000e+00)
259.1         	1.410352e-07	(0.000000e+00 1.471111e-03 0.000000e+00)
259.15        	1.410397e-07	(0.000000e+00 1.471111e-03 0.000000e+00)
259.2         	1.410442e-07	(0.000000e+00 1.471111e-03 0.000000e+00)
259.25        	1.410486e-07	(0.000000e+00 1.471111e-03 0.000000e+00)
259.3         	1.410531e-07	(0.000000e+00 1.471111e-03 0.000000e+00)
259.35        	1.410576e-07	(0.000000e+00 1.471111e-03 0.000000e+00)
259.4         	1.410621e-07	(0.000000e+00 1.471111e-03 0.000000e+00)
259.45        	1.410666e-07	(0.000000e+00 1.471111e-03 0.000000e+00)
259.5         	1.410711e-07	(0.000000e+00 1.471111e-03 0.000000e+00)
259.55        	1.410756e-07	(0.000000e+00 1.471111e-03 0.000000e+00)
259.6         	1.410801e-07	(0.000000e+00 1.471111e-03 0.000000e+00)
259.65        	1.410846e-07	(0.000000e+00 1.471111e-03 0.000000e+00)
259.7         	1.410891e-07	(0.000000e+00 1.471111e-03 0.000000e+00)
259.75        	1.410935e-07	(0.000000e+00 1.471111e-03 0.000000e+00)
259.8         	1.410980e-07	(0.000000e+00 1.471111e-03 0.000000e+00)
259.85        	1.411025e-07	(0.000000e+00 1.471111e-03 0.000000e+00)
259.9         	1.411070e-07	(0.000000e+00 1.471111e-03 0.000000e+00)
259.95        	1.411114e-07	(0.000000e+00 1.471111e-03 0.000000e+00)
260           	1.411159e-07	(0.000000e+00 1.471111e-03 0.000000e+00)
260.05        	1.411204e-07	(0.000000e+00 1.471111e-03 0.000000e+00)
260.1         	1.411249e-07	(0.000000e+00 1.471111e-03 0.000000e+00)
260.15        	1.411294e-07	(0.000000e+00 1.471111e-03 0.000000e+00)
260.2         	1.411338e-07	(0.000000e+00 1.471111e-03 0.000000e+00)
260.25        	1.411383e-07	(0.000000e+00 1.471111e-03 0.000000e+00)
260.3         	1.411428e-07	(0.000000e+00 1.471111e-03 0.000000e+00)
260.35        	1.411473e-07	(0.000000e+00 1.471111e-03 0.000000e+00)
260.4         	1.411517e-07	(0.000000e+00 1.471111e-03 0.000000e+00)
260.45        	1.411562e-07	(0.000000e+00 1.471111e-03 0.000000e+00)
260.5         	1.411607e-07	(0.000000e+00 1.471111e-03 0.000000e+00)
260.55        	1.411651e-07	(0.000000e+00 1.471111e-03 0.000000e+00)
260.6         	1.411696e-07	(0.000000e+00 1.471111e-03 0.000000e+00)
260.65        	1.411741e-07	(0.000000e+00 1.471111e-03 0.000000e+00)
260.7         	1.411786e-07	(0.000000e+00 1.471111e-03 0.000000e+00)
260.75        	1.411830e-07	(0.000000e+00 1.471111e-03 0.000000e+00)
260.8         	1.411875e-07	(0.000000e+00 1.471111e-03 0.000000e+00)
260.85        	1.411920e-07	(0.000000e+00 1.471111e-03 0.000000e+00)
260.9         	1.411964e-07	(0.000000e+00 1.471111e-03 0.000000e+00)
260.95        	1.412009e-07	(0.000000e+00 1.471111e-03 0.000000e+00)
261           	1.412053e-07	(0.000000e+00 1.471111e-03 0.000000e+00)
261.05        	1.412098e-07	(0.000000e+00 1.471111e-03 0.000000e+00)
261.1         	1.412142e-07	(0.000000e+00 1.471111e-03 0.000000e+00)
261.15        	1.412187e-07	(0.000000e+00 1.471111e-03 0.000000e+00)
261.2         	1.412232e-07	(0.000000e+00 1.471111e-03 0.000000e+00)
261.25        	1.412276e-07	(0.000000e+00 1.471111e-03 0.000000e+00)
261.3         	1.412321e-07	(0.000000e+00 1.471111e-03 0.000000e+00)
261.35        	1.412366e-07	(0.000000e+00 1.471111e-03 0.000000e+00)
261.4         	1.412410e-07	(0.000000e+00 1.471111e-03 0.000000e+00)
261.45        	1.412455e-07	(0.000000e+00 1.471111e-03 0.000000e+00)
261.5         	1.412499e-07	(0.000000e+00 1.471111e-03 0.000000e+00)
261.55        	1.412544e-07	(0.000000e+00 1.471111e-03 0.000000e+00)
261.6         	1.412589e-07	(0.000000e+00 1.471111e-03 0.000000e+00)
261.65        	1.412633e-07	(0.000000e+00 1.471111e-03 0.000000e+00)
261.7         	1.412678e-07	(0.000000e+00 1.471111e-03 0.000000e+00)
261.75        	1.412722e-07	(0.000000e+00 1.471111e-03 0.000000e+00)
261.8         	1.412767e-07	(0.000000e+00 1.471111e-03 0.000000e+00)
261.85        	1.412811e-07	(0.000000e+00 1.471111e-03 0.000000e+00)
261.9         	1.412856e-07	(0.000000e+00 1.471111e-03 0.000000e+00)
261.95        	1.412900e-07	(0.000000e+00 1.471111e-03 0.000000e+00)
262           	1.412945e-07	(0.000000e+00 1.471111e-03 0.000000e+00)
262.05        	1.412990e-07	(0.000000e+00 1.471111e-03 0.000000e+00)
262.1         	1.413034e-07	(0.000000e+00 1.471111e-03 0.000000e+00)
262.15        	1.413079e-07	(0.000000e+00 1.471111e-03 0.000000e+00)
262.2         	1.413123e-07	(0.000000e+00 1.471111e-03 0.000000e+00)
262.25        	1.413167e-07	(0.000000e+00 1.471111e-03 0.000000e+00)
262.3         	1.413212e-07	(0.000000e+00 1.471111e-03 0.000000e+00)
262.35        	1.413257e-07	(0.000000e+00 1.471111e-03 0.000000e+00)
262.4         	1.413301e-07	(0.000000e+00 1.471111e-03 0.000000e+00)
262.45        	1.413346e-07	(0.000000e+00 1.471111e-03 0.000000e+00)
262.5         	1.413390e-07	(0.000000e+00 1.471111e-03 0.000000e+00)
262.55        	1.413436e-07	(0.000000e+00 1.471111e-03 0.000000e+00)
262.6         	1.413480e-07	(0.000000e+00 1.471111e-03 0.000000e+00)
262.65        	1.413524e-07	(0.000000e+00 1.471111e-03 0.000000e+00)
262.7         	1.413568e-07	(0.000000e+00 1.471111e-03 0.000000e+00)
262.75        	1.413613e-07	(0.000000e+00 1.471111e-03 0.000000e+00)
262.8         	1.413658e-07	(0.000000e+00 1.471111e-03 0.000000e+00)
262.85        	1.413702e-07	(0.000000e+00 1.471111e-03 0.000000e+00)
262.9         	1.413746e-07	(0.000000e+00 1.471111e-03 0.000000e+00)
262.95        	1.413791e-07	(0.000000e+00 1.471111e-03 0.000000e+00)
263           	1.413835e-07	(0.000000e+00 1.471111e-03 0.000000e+00)
263.05        	1.413879e-07	(0.000000e+00 1.471111e-03 0.000000e+00)
263.1         	1.413925e-07	(0.000000e+00 1.471111e-03 0.000000e+00)
263.15        	1.413969e-07	(0.000000e+00 1.471111e-03 0.000000e+00)
263.2         	1.414014e-07	(0.000000e+00 1.471111e-03 0.000000e+00)
263.25        	1.414059e-07	(0.000000e+00 1.471111e-03 0.000000e+00)
263.3         	1.414103e-07	(0.000000e+00 1.471111e-03 0.000000e+00)
263.35        	1.414148e-07	(0.000000e+00 1.471111e-03 0.000000e+00)
263.4         	1.414193e-07	(0.000000e+00 1.471111e-03 0.000000e+00)
263.45        	1.414237e-07	(0.000000e+00 1.471111e-03 0.000000e+00)
263.5         	1.414282e-07	(0.000000e+00 1.471111e-03 0.000000e+00)
263.55        	1.414327e-07	(0.000000e+00 1.471111e-03 0.000000e+00)
263.6         	1.414371e-07	(0.000000e+00 1.471111e-03 0.000000e+00)
263.65        	1.414416e-07	(0.000000e+00 1.471111e-03 0.000000e+00)
263.7         	1.414460e-07	(0.000000e+00 1.471111e-03 0.000000e+00)
263.75        	1.414505e-07	(0.000000e+00 1.471111e-03 0.000000e+00)
263.8         	1.414550e-07	(0.000000e+00 1.471111e-03 0.000000e+00)
263.85        	1.414594e-07	(0.000000e+00 1.471111e-03 0.000000e+00)
263.9         	1.414639e-07	(0.000000e+00 1.471111e-03 0.000000e+00)
263.95        	1.414683e-07	(0.000000e+00 1.471111e-03 0.000000e+00)
264           	1.414728e-07	(0.000000e+00 1.471111e-03 0.000000e+00)
264.05        	1.414773e-07	(0.000000e+00 1.471111e-03 0.000000e+00)
264.1         	1.414817e-07	(0.000000e+00 1.471111e-03 0.000000e+00)
264.15        	1.414862e-07	(0.000000e+00 1.471111e-03 0.000000e+00)
264.2         	1.414907e-07	(0.000000e+00 1.471111e-03 0.000000e+00)
264.25        	1.414951e-07	(0.000000e+00 1.471111e-03 0.000000e+00)
264.3         	1.414995e-07	(0.000000e+00 1.471111e-03 0.000000e+00)
264.35        	1.415040e-07	(0.000000e+00 1.471111e-03 0.000000e+00)
264.4         	1.415085e-07	(0.000000e+00 1.471111e-03 0.000000e+00)
264.45        	1.415131e-07	(0.000000e+00 1.471111e-03 0.000000e+00)
264.5         	1.415175e-07	(0.000000e+00 1.471111e-03 0.000000e+00)
264.55        	1.415220e-07	(0.000000e+00 1.471111e-03 0.000000e+00)
264.6         	1.415265e-07	(0.000000e+00 1.471111e-03 0.000000e+00)
264.65        	1.415309e-07	(0.000000e+00 1.471111e-03 0.000000e+00)
264.7         	1.415354e-07	(0.000000e+00 1.471111e-03 0.000000e+00)
264.75        	1.415399e-07	(0.000000e+00 1.471111e-03 0.000000e+00)
264.8         	1.415444e-07	(0.000000e+00 1.471111e-03 0.000000e+00)
264.85        	1.415488e-07	(0.000000e+00 1.471111e-03 0.000000e+00)
264.9         	1.415533e-07	(0.000000e+00 1.471111e-03 0.000000e+00)
264.95        	1.415578e-07	(0.000000e+00 1.471111e-03 0.000000e+00)
265           	1.415622e-07	(0.000000e+00 1.471111e-03 0.000000e+00)
265.05        	1.415667e-07	(0.000000e+00 1.471111e-03 0.000000e+00)
265.1         	1.415712e-07	(0.000000e+00 1.471111e-03 0.000000e+00)
265.15        	1.415756e-07	(0.000000e+00 1.471111e-03 0.000000e+00)
265.2         	1.415801e-07	(0.000000e+00 1.471111e-03 0.000000e+00)
265.25        	1.415845e-07	(0.000000e+00 1.471111e-03 0.000000e+00)
265.3         	1.415890e-07	(0.000000e+00 1.471111e-03 0.000000e+00)
265.35        	1.415935e-07	(0.000000e+00 1.471111e-03 0.000000e+00)
265.4         	1.415979e-07	(0.000000e+00 1.471111e-03 0.000000e+00)
265.45        	1.416024e-07	(0.000000e+00 1.471111e-03 0.000000e+00)
265.5         	1.416069e-07	(0.000000e+00 1.471111e-03 0.000000e+00)
265.55        	1.416113e-07	(0.000000e+00 1.471111e-03 0.000000e+00)
265.6         	1.416158e-07	(0.000000e+00 1.471111e-03 0.000000e+00)
265.65        	1.416202e-07	(0.000000e+00 1.471111e-03 0.000000e+00)
265.7         	1.416247e-07	(0.000000e+00 1.471111e-03 0.000000e+00)
265.75        	1.416293e-07	(0.000000e+00 1.471111e-03 0.000000e+00)
265.8         	1.416338e-07	(0.000000e+00 1.471111e-03 0.000000e+00)
265.85        	1.416382e-07	(0.000000e+00 1.471111e-03 0.000000e+00)
265.9         	1.416427e-07	(0.000000e+00 1.471111e-03 0.000000e+00)
265.95        	1.416471e-07	(0.000000e+00 1.471111e-03 0.000000e+00)
266           	1.416518e-07	(0.000000e+00 1.471111e-03 0.000000e+00)
266.05        	1.416563e-07	(0.000000e+00 1.471111e-03 0.000000e+00)
266.1         	1.416607e-07	(0.000000e+00 1.471111e-03 0.000000e+00)
266.15        	1.416651e-07	(0.000000e+00 1.471111e-03 0.000000e+00)
266.2         	1.416697e-07	(0.000000e+00 1.471111e-03 0.000000e+00)
266.25        	1.416742e-07	(0.000000e+00 1.471111e-03 0.000000e+00)
266.3         	1.416786e-07	(0.000000e+00 1.471111e-03 0.000000e+00)
266.35        	1.416830e-07	(0.000000e+00 1.471111e-03 0.000000e+00)
266.4         	1.416875e-07	(0.000000e+00 1.471111e-03 0.000000e+00)
266.45        	1.416920e-07	(0.000000e+00 1.471111e-03 0.000000e+00)
266.5         	1.416964e-07	(0.000000e+00 1.471111e-03 0.000000e+00)
266.55        	1.417009e-07	(0.000000e+00 1.471111e-03 0.000000e+00)
266.6         	1.417054e-07	(0.000000e+00 1.471111e-03 0.000000e+00)
266.65        	1.417099e-07	(0.000000e+00 1.471111e-03 0.000000e+00)
266.7         	1.417144e-07	(0.000000e+00 1.471111e-03 0.000000e+00)
266.75        	1.417189e-07	(0.000000e+00 1.471111e-03 0.000000e+00)
266.8         	1.417234e-07	(0.000000e+00 1.471111e-03 0.000000e+00)
266.85        	1.417280e-07	(0.000000e+00 1.471111e-03 0.000000e+00)
266.9         	1.417325e-07	(0.000000e+00 1.471111e-03 0.000000e+00)
266.95        	1.417371e-07	(0.000000e+00 1.471111e-03 0.000000e+00)
267           	1.417416e-07	(0.000000e+00 1.471111e-03 0.000000e+00)
267.05        	1.417462e-07	(0.000000e+00 1.471111e-03 0.000000e+00)
267.1         	1.417508e-07	(0.000000e+00 1.471111e-03 0.000000e+00)
267.15        	1.417554e-07	(0.000000e+00 1.471111e-03 0.000000e+00)
267.2         	1.417600e-07	(0.000000e+00 1.471111e-03 0.000000e+00)
267.25        	1.417646e-07	(0.000000e+00 1.471111e-03 0.000000e+00)
267.3         	1.417693e-07	(0.000000e+00 1.471111e-03 0.000000e+00)
267.35        	1.417740e-07	(0.000000e+00 1.471111e-03 0.000000e+00)
267.4         	1.417788e-07	(0.000000e+00 1.471111e-03 0.000000e+00)
267.45        	1.417836e-07	(0.000000e+00 1.471111e-03 0.000000e+00)
267.5         	1.417885e-07	(0.000000e+00 1.471111e-03 0.000000e+00)
267.55        	1.417935e-07	(0.000000e+00 1.471111e-03 0.000000e+00)
267.6         	1.417987e-07	(0.000000e+00 1.471111e-03 0.000000e+00)
267.65        	1.418041e-07	(0.000000e+00 1.471111e-03 0.000000e+00)
267.7         	1.418097e-07	(0.000000e+00 1.471111e-03 0.000000e+00)
267.75        	1.418092e-07	(0.000000e+00 1.471111e-03 0.000000e+00)
267.8         	1.418144e-07	(0.000000e+00 1.471111e-03 0.000000e+00)
267.85        	1.418186e-07	(0.000000e+00 1.471111e-03 0.000000e+00)
267.9         	1.418233e-07	(0.000000e+00 1.471111e-03 0.000000e+00)
267.95        	1.418293e-07	(0.000000e+00 1.471111e-03 0.000000e+00)
268           	1.418411e-07	(0.000000e+00 1.471111e-03 0.000000e+00)
268.05        	1.418537e-07	(0.000000e+00 1.471111e-03 0.000000e+00)
268.1         	1.418085e-07	(0.000000e+00 1.471111e-03 0.000000e+00)
268.15        	1.418276e-07	(0.000000e+00 1.471111e-03 0.000000e+00)
268.2         	1.418381e-07	(0.000000e+00 1.471111e-03 0.000000e+00)
268.25        	1.418454e-07	(0.000000e+00 1.471111e-03 0.000000e+00)
268.3         	1.418456e-07	(0.000000e+00 1.471111e-03 0.000000e+00)
268.35        	1.418554e-07	(0.000000e+00 1.471111e-03 0.000000e+00)
268.4         	1.418582e-07	(0.000000e+00 1.471111e-03 0.000000e+00)
268.45        	1.418633e-07	(0.000000e+00 1.471111e-03 0.000000e+00)
268.5         	1.418677e-07	(0.000000e+00 1.471111e-03 0.000000e+00)
268.55        	1.418721e-07	(0.000000e+00 1.471111e-03 0.000000e+00)
268.6         	1.418765e-07	(0.000000e+00 1.471111e-03 0.000000e+00)
268.65        	1.418808e-07	(0.000000e+00 1.471111e-03 0.000000e+00)
268.7         	1.418852e-07	(0.000000e+00 1.471111e-03 0.000000e+00)
268.75        	1.418895e-07	(0.000000e+00 1.471111e-03 0.000000e+00)
268.8         	1.418940e-07	(0.000000e+00 1.471111e-03 0.000000e+00)
268.85        	1.418984e-07	(0.000000e+00 1.471111e-03 0.000000e+00)
268.9         	1.419028e-07	(0.000000e+00 1.471111e-03 0.000000e+00)
268.95        	1.419072e-07	(0.000000e+00 1.471111e-03 0.000000e+00)
269           	1.419116e-07	(0.000000e+00 1.471111e-03 0.000000e+00)
269.05        	1.419160e-07	(0.000000e+00 1.471111e-03 0.000000e+00)
269.1         	1.419205e-07	(0.000000e+00 1.471111e-03 0.000000e+00)
269.15        	1.419249e-07	(0.000000e+00 1.471111e-03 0.000000e+00)
269.2         	1.419294e-07	(0.000000e+00 1.471111e-03 0.000000e+00)
269.25        	1.419338e-07	(0.000000e+00 1.471111e-03 0.000000e+00)
269.3         	1.419382e-07	(0.000000e+00 1.471111e-03 0.000000e+00)
269.35        	1.419427e-07	(0.000000e+00 1.471111e-03 0.000000e+00)
269.4         	1.419471e-07	(0.000000e+00 1.471111e-03 0.000000e+00)
269.45        	1.419516e-07	(0.000000e+00 1.471111e-03 0.000000e+00)
269.5         	1.419561e-07	(0.000000e+00 1.471111e-03 0.000000e+00)
269.55        	1.419606e-07	(0.000000e+00 1.471111e-03 0.000000e+00)
269.6         	1.419650e-07	(0.000000e+00 1.471111e-03 0.000000e+00)
269.65        	1.419695e-07	(0.000000e+00 1.471111e-03 0.000000e+00)
269.7         	1.419740e-07	(0.000000e+00 1.471111e-03 0.000000e+00)
269.75        	1.419786e-07	(0.000000e+00 1.471111e-03 0.000000e+00)
269.8         	1.419829e-07	(0.000000e+00 1.471111e-03 0.000000e+00)
269.85        	1.419875e-07	(0.000000e+00 1.471111e-03 0.000000e+00)
269.9         	1.419919e-07	(0.000000e+00 1.471111e-03 0.000000e+00)
269.95        	1.419964e-07	(0.000000e+00 1.471111e-03 0.000000e+00)
270           	1.420009e-07	(0.000000e+00 1.471111e-03 0.000000e+00)
270.05        	1.420054e-07	(0.000000e+00 1.471111e-03 0.000000e+00)
270.1         	1.420098e-07	(0.000000e+00 1.471111e-03 0.000000e+00)
270.15        	1.420143e-07	(0.000000e+00 1.471111e-03 0.000000e+00)
270.2         	1.420188e-07	(0.000000e+00 1.471111e-03 0.000000e+00)
270.25        	1.420233e-07	(0.000000e+00 1.471111e-03 0.000000e+00)
270.3         	1.420277e-07	(0.000000e+00 1.471111e-03 0.000000e+00)
270.35        	1.420322e-07	(0.000000e+00 1.471111e-03 0.000000e+00)
270.4         	1.420367e-07	(0.000000e+00 1.471111e-03 0.000000e+00)
270.45        	1.420412e-07	(0.000000e+00 1.471111e-03 0.000000e+00)
270.5         	1.420456e-07	(0.000000e+00 1.471111e-03 0.000000e+00)
270.55        	1.420501e-07	(0.000000e+00 1.471111e-03 0.000000e+00)
270.6         	1.420546e-07	(0.000000e+00 1.471111e-03 0.000000e+00)
270.65        	1.420591e-07	(0.000000e+00 1.471111e-03 0.000000e+00)
270.7         	1.420635e-07	(0.000000e+00 1.471111e-03 0.000000e+00)
270.75        	1.420680e-07	(0.000000e+00 1.471111e-03 0.000000e+00)
270.8         	1.420725e-07	(0.000000e+00 1.471111e-03 0.000000e+00)
270.85        	1.420769e-07	(0.000000e+00 1.471111e-03 0.000000e+00)
270.9         	1.420814e-07	(0.000000e+00 1.471111e-03 0.000000e+00)
270.95        	1.420859e-07	(0.000000e+00 1.471111e-03 0.000000e+00)
271           	1.420904e-07	(0.000000e+00 1.471111e-03 0.000000e+00)
271.05        	1.420948e-07	(0.000000e+00 1.471111e-03 0.000000e+00)
271.1         	1.420993e-07	(0.000000e+00 1.471111e-03 0.000000e+00)
271.15        	1.421037e-07	(0.000000e+00 1.471111e-03 0.000000e+00)
271.2         	1.421082e-07	(0.000000e+00 1.471111e-03 0.000000e+00)
271.25        	1.421127e-07	(0.000000e+00 1.471111e-03 0.000000e+00)
271.3         	1.421172e-07	(0.000000e+00 1.471111e-03 0.000000e+00)
271.35        	1.421216e-07	(0.000000e+00 1.471111e-03 0.000000e+00)
271.4         	1.421261e-07	(0.000000e+00 1.471111e-03 0.000000e+00)
271.45        	1.421306e-07	(0.000000e+00 1.471111e-03 0.000000e+00)
271.5         	1.421350e-07	(0.000000e+00 1.471111e-03 0.000000e+00)
271.55        	1.421395e-07	(0.000000e+00 1.471111e-03 0.000000e+00)
271.6         	1.421440e-07	(0.000000e+00 1.471111e-03 0.000000e+00)
271.65        	1.421484e-07	(0.000000e+00 1.471111e-03 0.000000e+00)
271.7         	1.421529e-07	(0.000000e+00 1.471111e-03 0.000000e+00)
271.75        	1.421574e-07	(0.000000e+00 1.471111e-03 0.000000e+00)
271.8         	1.421619e-07	(0.000000e+00 1.471111e-03 0.000000e+00)
271.85        	1.421663e-07	(0.000000e+00 1.471111e-03 0.000000e+00)
271.9         	1.421708e-07	(0.000000e+00 1.471111e-03 0.000000e+00)
271.95        	1.421753e-07	(0.000000e+00 1.471111e-03 0.000000e+00)
272           	1.421797e-07	(0.000000e+00 1.471111e-03 0.000000e+00)
272.05        	1.421842e-07	(0.000000e+00 1.471111e-03 0.000000e+00)
272.1         	1.421887e-07	(0.000000e+00 1.471111e-03 0.000000e+00)
272.15        	1.421931e-07	(0.000000e+00 1.471111e-03 0.000000e+00)
272.2         	1.421976e-07	(0.000000e+00 1.471111e-03 0.000000e+00)
272.25        	1.422021e-07	(0.000000e+00 1.471111e-03 0.000000e+00)
272.3         	1.422065e-07	(0.000000e+00 1.471111e-03 0.000000e+00)
272.35        	1.422110e-07	(0.000000e+00 1.471111e-03 0.000000e+00)
272.4         	1.422155e-07	(0.000000e+00 1.471111e-03 0.000000e+00)
272.45        	1.422199e-07	(0.000000e+00 1.471111e-03 0.000000e+00)
272.5         	1.422244e-07	(0.000000e+00 1.471111e-03 0.000000e+00)
272.55        	1.422289e-07	(0.000000e+00 1.471111e-03 0.000000e+00)
272.6         	1.422334e-07	(0.000000e+00 1.471111e-03 0.000000e+00)
272.65        	1.422378e-07	(0.000000e+00 1.471111e-03 0.000000e+00)
272.7         	1.422423e-07	(0.000000e+00 1.471111e-03 0.000000e+00)
272.75        	1.422468e-07	(0.000000e+00 1.471111e-03 0.000000e+00)
272.8         	1.422512e-07	(0.000000e+00 1.471111e-03 0.000000e+00)
272.85        	1.422557e-07	(0.000000e+00 1.471111e-03 0.000000e+00)
272.9         	1.422602e-07	(0.000000e+00 1.471111e-03 0.000000e+00)
272.95        	1.422646e-07	(0.000000e+00 1.471111e-03 0.000000e+00)
273           	1.422691e-07	(0.000000e+00 1.471111e-03 0.000000e+00)
273.05        	1.422736e-07	(0.000000e+00 1.471111e-03 0.000000e+00)
273.1         	1.422781e-07	(0.000000e+00 1.471111e-03 0.000000e+00)
273.15        	1.422826e-07	(0.000000e+00 1.471111e-03 0.000000e+00)
273.2         	1.422871e-07	(0.000000e+00 1.471111e-03 0.000000e+00)
273.25        	1.422915e-07	(0.000000e+00 1.471111e-03 0.000000e+00)
273.3         	1.422960e-07	(0.000000e+00 1.471111e-03 0.000000e+00)
273.35        	1.423005e-07	(0.000000e+00 1.471111e-03 0.000000e+00)
273.4         	1.423050e-07	(0.000000e+00 1.471111e-03 0.000000e+00)
273.45        	1.423095e-07	(0.000000e+00 1.471111e-03 0.000000e+00)
273.5         	1.423139e-07	(0.000000e+00 1.471111e-03 0.000000e+00)
273.55        	1.423184e-07	(0.000000e+00 1.471111e-03 0.000000e+00)
273.6         	1.423229e-07	(0.000000e+00 1.471111e-03 0.000000e+00)
273.65        	1.423274e-07	(0.000000e+00 1.471111e-03 0.000000e+00)
273.7         	1.423320e-07	(0.000000e+00 1.471111e-03 0.000000e+00)
273.75        	1.423364e-07	(0.000000e+00 1.471111e-03 0.000000e+00)
273.8         	1.423409e-07	(0.000000e+00 1.471111e-03 0.000000e+00)
273.85        	1.423454e-07	(0.000000e+00 1.471111e-03 0.000000e+00)
273.9         	1.423499e-07	(0.000000e+00 1.471111e-03 0.000000e+00)
273.95        	1.423544e-07	(0.000000e+00 1.471111e-03 0.000000e+00)
274           	1.423588e-07	(0.000000e+00 1.471111e-03 0.000000e+00)
274.05        	1.423633e-07	(0.000000e+00 1.471111e-03 0.000000e+00)
274.1         	1.423678e-07	(0.000000e+00 1.471111e-03 0.000000e+00)
274.15        	1.423723e-07	(0.000000e+00 1.471111e-03 0.000000e+00)
274.2         	1.423768e-07	(0.000000e+00 1.471111e-03 0.000000e+00)
274.25        	1.423813e-07	(0.000000e+00 1.471111e-03 0.000000e+00)
274.3         	1.423858e-07	(0.000000e+00 1.471111e-03 0.000000e+00)
274.35        	1.423903e-07	(0.000000e+00 1.471111e-03 0.000000e+00)
274.4         	1.423947e-07	(0.000000e+00 1.471111e-03 0.000000e+00)
274.45        	1.423992e-07	(0.000000e+00 1.471111e-03 0.000000e+00)
274.5         	1.424037e-07	(0.000000e+00 1.471111e-03 0.000000e+00)
274.55        	1.424082e-07	(0.000000e+00 1.471111e-03 0.000000e+00)
274.6         	1.424127e-07	(0.000000e+00 1.471111e-03 0.000000e+00)
274.65        	1.424172e-07	(0.000000e+00 1.471111e-03 0.000000e+00)
274.7         	1.424217e-07	(0.000000e+00 1.471111e-03 0.000000e+00)
274.75        	1.424261e-07	(0.000000e+00 1.471111e-03 0.000000e+00)
274.8         	1.424307e-07	(0.000000e+00 1.471111e-03 0.000000e+00)
274.85        	1.424352e-07	(0.000000e+00 1.471111e-03 0.000000e+00)
274.9         	1.424396e-07	(0.000000e+00 1.471111e-03 0.000000e+00)
274.95        	1.424441e-07	(0.000000e+00 1.471111e-03 0.000000e+00)
275           	1.424487e-07	(0.000000e+00 1.471111e-03 0.000000e+00)
275.05        	1.424532e-07	(0.000000e+00 1.471111e-03 0.000000e+00)
275.1         	1.424577e-07	(0.000000e+00 1.471111e-03 0.000000e+00)
275.15        	1.424622e-07	(0.000000e+00 1.471111e-03 0.000000e+00)
275.2         	1.424667e-07	(0.000000e+00 1.471111e-03 0.000000e+00)
275.25        	1.424712e-07	(0.000000e+00 1.471111e-03 0.000000e+00)
275.3         	1.424757e-07	(0.000000e+00 1.471111e-03 0.000000e+00)
275.35        	1.424802e-07	(0.000000e+00 1.471111e-03 0.000000e+00)
275.4         	1.424847e-07	(0.000000e+00 1.471111e-03 0.000000e+00)
275.45        	1.424892e-07	(0.000000e+00 1.471111e-03 0.000000e+00)
275.5         	1.424937e-07	(0.000000e+00 1.471111e-03 0.000000e+00)
275.55        	1.424982e-07	(0.000000e+00 1.471111e-03 0.000000e+00)
275.6         	1.425027e-07	(0.000000e+00 1.471111e-03 0.000000e+00)
275.65        	1.425072e-07	(0.000000e+00 1.471111e-03 0.000000e+00)
275.7         	1.425118e-07	(0.000000e+00 1.471111e-03 0.000000e+00)
275.75        	1.425163e-07	(0.000000e+00 1.471111e-03 0.000000e+00)
275.8         	1.425208e-07	(0.000000e+00 1.471111e-03 0.000000e+00)
275.85        	1.425253e-07	(0.000000e+00 1.471111e-03 0.000000e+00)
275.9         	1.425298e-07	(0.000000e+00 1.471111e-03 0.000000e+00)
275.95        	1.425344e-07	(0.000000e+00 1.471111e-03 0.000000e+00)
276           	1.425389e-07	(0.000000e+00 1.471111e-03 0.000000e+00)
276.05        	1.425434e-07	(0.000000e+00 1.471111e-03 0.000000e+00)
276.1         	1.425479e-07	(0.000000e+00 1.471111e-03 0.000000e+00)
276.15        	1.425524e-07	(0.000000e+00 1.471111e-03 0.000000e+00)
276.2         	1.425569e-07	(0.000000e+00 1.471111e-03 0.000000e+00)
276.25        	1.425614e-07	(0.000000e+00 1.471111e-03 0.000000e+00)
276.3         	1.425660e-07	(0.000000e+00 1.471111e-03 0.000000e+00)
276.35        	1.425705e-07	(0.000000e+00 1.471111e-03 0.000000e+00)
276.4         	1.425750e-07	(0.000000e+00 1.471111e-03 0.000000e+00)
276.45        	1.425795e-07	(0.000000e+00 1.471111e-03 0.000000e+00)
276.5         	1.425840e-07	(0.000000e+00 1.471111e-03 0.000000e+00)
276.55        	1.425886e-07	(0.000000e+00 1.471111e-03 0.000000e+00)
276.6         	1.425931e-07	(0.000000e+00 1.471111e-03 0.000000e+00)
276.65        	1.425976e-07	(0.000000e+00 1.471111e-03 0.000000e+00)
276.7         	1.426021e-07	(0.000000e+00 1.471111e-03 0.000000e+00)
276.75        	1.426066e-07	(0.000000e+00 1.471111e-03 0.000000e+00)
276.8         	1.426111e-07	(0.000000e+00 1.471111e-03 0.000000e+00)
276.85        	1.426156e-07	(0.000000e+00 1.471111e-03 0.000000e+00)
276.9         	1.426201e-07	(0.000000e+00 1.471111e-03 0.000000e+00)
276.95        	1.426246e-07	(0.000000e+00 1.471111e-03 0.000000e+00)
277           	1.426292e-07	(0.000000e+00 1.471111e-03 0.000000e+00)
277.05        	1.426337e-07	(0.000000e+00 1.471111e-03 0.000000e+00)
277.1         	1.426382e-07	(0.000000e+00 1.471111e-03 0.000000e+00)
277.15        	1.426427e-07	(0.000000e+00 1.471111e-03 0.000000e+00)
277.2         	1.426472e-07	(0.000000e+00 1.471111e-03 0.000000e+00)
277.25        	1.426518e-07	(0.000000e+00 1.471111e-03 0.000000e+00)
277.3         	1.426563e-07	(0.000000e+00 1.471111e-03 0.000000e+00)
277.35        	1.426608e-07	(0.000000e+00 1.471111e-03 0.000000e+00)
277.4         	1.426653e-07	(0.000000e+00 1.471111e-03 0.000000e+00)
277.45        	1.426698e-07	(0.000000e+00 1.471111e-03 0.000000e+00)
277.5         	1.426743e-07	(0.000000e+00 1.471111e-03 0.000000e+00)
277.55        	1.426788e-07	(0.000000e+00 1.471111e-03 0.000000e+00)
277.6         	1.426833e-07	(0.000000e+00 1.471111e-03 0.000000e+00)
277.65        	1.426878e-07	(0.000000e+00 1.471111e-03 0.000000e+00)
277.7         	1.426924e-07	(0.000000e+00 1.471111e-03 0.000000e+00)
277.75        	1.426969e-07	(0.000000e+00 1.471111e-03 0.000000e+00)
277.8         	1.427014e-07	(0.000000e+00 1.471111e-03 0.000000e+00)
277.85        	1.427060e-07	(0.000000e+00 1.471111e-03 0.000000e+00)
277.9         	1.427105e-07	(0.000000e+00 1.471111e-03 0.000000e+00)
277.95        	1.427150e-07	(0.000000e+00 1.471111e-03 0.000000e+00)
278           	1.427195e-07	(0.000000e+00 1.471111e-03 0.000000e+00)
278.05        	1.427240e-07	(0.000000e+00 1.471111e-03 0.000000e+00)
278.1         	1.427285e-07	(0.000000e+00 1.471111e-03 0.000000e+00)
278.15        	1.427330e-07	(0.000000e+00 1.471111e-03 0.000000e+00)
278.2         	1.427377e-07	(0.000000e+00 1.471111e-03 0.000000e+00)
278.25        	1.427421e-07	(0.000000e+00 1.471111e-03 0.000000e+00)
278.3         	1.427466e-07	(0.000000e+00 1.471111e-03 0.000000e+00)
278.35        	1.427512e-07	(0.000000e+00 1.471111e-03 0.000000e+00)
278.4         	1.427558e-07	(0.000000e+00 1.471111e-03 0.000000e+00)
278.45        	1.427604e-07	(0.000000e+00 1.471111e-03 0.000000e+00)
278.5         	1.427649e-07	(0.000000e+00 1.471111e-03 0.000000e+00)
278.55        	1.427695e-07	(0.000000e+00 1.471111e-03 0.000000e+00)
278.6         	1.427740e-07	(0.000000e+00 1.471111e-03 0.000000e+00)
278.65        	1.427786e-07	(0.000000e+00 1.471111e-03 0.000000e+00)
278.7         	1.427831e-07	(0.000000e+00 1.471111e-03 0.000000e+00)
278.75        	1.427877e-07	(0.000000e+00 1.471111e-03 0.000000e+00)
278.8         	1.427922e-07	(0.000000e+00 1.471111e-03 0.000000e+00)
278.85        	1.427968e-07	(0.000000e+00 1.471111e-03 0.000000e+00)
278.9         	1.428014e-07	(0.000000e+00 1.471111e-03 0.000000e+00)
278.95        	1.428059e-07	(0.000000e+00 1.471111e-03 0.000000e+00)
279           	1.428104e-07	(0.000000e+00 1.471111e-03 0.000000e+00)
279.05        	1.428151e-07	(0.000000e+00 1.471111e-03 0.000000e+00)
279.1         	1.428197e-07	(0.000000e+00 1.471111e-03 0.000000e+00)
279.15        	1.428242e-07	(0.000000e+00 1.471111e-03 0.000000e+00)
279.2         	1.428288e-07	(0.000000e+00 1.471111e-03 0.000000e+00)
279.25        	1.428334e-07	(0.000000e+00 1.471111e-03 0.000000e+00)
279.3         	1.428379e-07	(0.000000e+00 1.471111e-03 0.000000e+00)
279.35        	1.428425e-07	(0.000000e+00 1.471111e-03 0.000000e+00)
279.4         	1.428470e-07	(0.000000e+00 1.471111e-03 0.000000e+00)
279.45        	1.428516e-07	(0.000000e+00 1.471111e-03 0.000000e+00)
279.5         	1.428561e-07	(0.000000e+00 1.471111e-03 0.000000e+00)
279.55        	1.428607e-07	(0.000000e+00 1.471111e-03 0.000000e+00)
279.6         	1.428651e-07	(0.000000e+00 1.471111e-03 0.000000e+00)
279.65        	1.428697e-07	(0.000000e+00 1.471111e-03 0.000000e+00)
279.7         	1.428744e-07	(0.000000e+00 1.471111e-03 0.000000e+00)
279.75        	1.428789e-07	(0.000000e+00 1.471111e-03 0.000000e+00)
279.8         	1.428834e-07	(0.000000e+00 1.471111e-03 0.000000e+00)
279.85        	1.428879e-07	(0.000000e+00 1.471111e-03 0.000000e+00)
279.9         	1.428925e-07	(0.000000e+00 1.471111e-03 0.000000e+00)
279.95        	1.428971e-07	(0.000000e+00 1.471111e-03 0.000000e+00)
280           	1.429017e-07	(0.000000e+00 1.471111e-03 0.000000e+00)
280.05        	1.429061e-07	(0.000000e+00 1.471111e-03 0.000000e+00)
280.1         	1.429106e-07	(0.000000e+00 1.471111e-03 0.000000e+00)
280.15        	1.429152e-07	(0.000000e+00 1.471111e-03 0.000000e+00)
280.2         	1.429198e-07	(0.000000e+00 1.471111e-03 0.000000e+00)
280.25        	1.429243e-07	(0.000000e+00 1.471111e-03 0.000000e+00)
280.3         	1.429288e-07	(0.000000e+00 1.471111e-03 0.000000e+00)
280.35        	1.429334e-07	(0.000000e+00 1.471111e-03 0.000000e+00)
280.4         	1.429379e-07	(0.000000e+00 1.471111e-03 0.000000e+00)
280.45        	1.429424e-07	(0.000000e+00 1.471111e-03 0.000000e+00)
280.5         	1.429469e-07	(0.000000e+00 1.471111e-03 0.000000e+00)
280.55        	1.429515e-07	(0.000000e+00 1.471111e-03 0.000000e+00)
280.6         	1.429561e-07	(0.000000e+00 1.471111e-03 0.000000e+00)
280.65        	1.429607e-07	(0.000000e+00 1.471111e-03 0.000000e+00)
280.7         	1.429653e-07	(0.000000e+00 1.471111e-03 0.000000e+00)
280.75        	1.429697e-07	(0.000000e+00 1.471111e-03 0.000000e+00)
280.8         	1.429743e-07	(0.000000e+00 1.471111e-03 0.000000e+00)
280.85        	1.429788e-07	(0.000000e+00 1.471111e-03 0.000000e+00)
280.9         	1.429834e-07	(0.000000e+00 1.471111e-03 0.000000e+00)
280.95        	1.429879e-07	(0.000000e+00 1.471111e-03 0.000000e+00)
281           	1.429925e-07	(0.000000e+00 1.471111e-03 0.000000e+00)
281.05        	1.429970e-07	(0.000000e+00 1.471111e-03 0.000000e+00)
281.1         	1.430016e-07	(0.000000e+00 1.471111e-03 0.000000e+00)
281.15        	1.430061e-07	(0.000000e+00 1.471111e-03 0.000000e+00)
281.2         	1.430106e-07	(0.000000e+00 1.471111e-03 0.000000e+00)
281.25        	1.430152e-07	(0.000000e+00 1.471111e-03 0.000000e+00)
281.3         	1.430197e-07	(0.000000e+00 1.471111e-03 0.000000e+00)
281.35        	1.430243e-07	(0.000000e+00 1.471111e-03 0.000000e+00)
281.4         	1.430288e-07	(0.000000e+00 1.471111e-03 0.000000e+00)
281.45        	1.430334e-07	(0.000000e+00 1.471111e-03 0.000000e+00)
281.5         	1.430379e-07	(0.000000e+00 1.471111e-03 0.000000e+00)
281.55        	1.430425e-07	(0.000000e+00 1.471111e-03 0.000000e+00)
281.6         	1.430470e-07	(0.000000e+00 1.471111e-03 0.000000e+00)
281.65        	1.430516e-07	(0.000000e+00 1.471111e-03 0.000000e+00)
281.7         	1.430561e-07	(0.000000e+00 1.471111e-03 0.000000e+00)
281.75        	1.430607e-07	(0.000000e+00 1.471111e-03 0.000000e+00)
281.8         	1.430652e-07	(0.000000e+00 1.471111e-03 0.000000e+00)
281.85        	1.430698e-07	(0.000000e+00 1.471111e-03 0.000000e+00)
281.9         	1.430743e-07	(0.000000e+00 1.471111e-03 0.000000e+00)
281.95        	1.430789e-07	(0.000000e+00 1.471111e-03 0.000000e+00)
282           	1.430834e-07	(0.000000e+00 1.471111e-03 0.000000e+00)
282.05        	1.430880e-07	(0.000000e+00 1.471111e-03 0.000000e+00)
282.1         	1.430925e-07	(0.000000e+00 1.471111e-03 0.000000e+00)
282.15        	1.430970e-07	(0.000000e+00 1.471111e-03 0.000000e+00)
282.2         	1.431016e-07	(0.000000e+00 1.471111e-03 0.000000e+00)
282.25        	1.431062e-07	(0.000000e+00 1.471111e-03 0.000000e+00)
282.3         	1.431107e-07	(0.000000e+00 1.471111e-03 0.000000e+00)
282.35        	1.431153e-07	(0.000000e+00 1.471111e-03 0.000000e+00)
282.4         	1.431198e-07	(0.000000e+00 1.471111e-03 0.000000e+00)
282.45        	1.431244e-07	(0.000000e+00 1.471111e-03 0.000000e+00)
282.5         	1.431289e-07	(0.000000e+00 1.471111e-03 0.000000e+00)
282.55        	1.431335e-07	(0.000000e+00 1.471111e-03 0.000000e+00)
282.6         	1.431380e-07	(0.000000e+00 1.471111e-03 0.000000e+00)
282.65        	1.431426e-07	(0.000000e+00 1.471111e-03 0.000000e+00)
282.7         	1.431471e-07	(0.000000e+00 1.471111e-03 0.000000e+00)
282.75        	1.431517e-07	(0.000000e+00 1.471111e-03 0.000000e+00)
282.8         	1.431563e-07	(0.000000e+00 1.471111e-03 0.000000e+00)
282.85        	1.431593e-07	(0.000000e+00 1.471111e-03 0.000000e+00)
282.9         	1.431652e-07	(0.000000e+00 1.471111e-03 0.000000e+00)
282.95        	1.431703e-07	(0.000000e+00 1.471111e-03 0.000000e+00)
283           	1.431748e-07	(0.000000e+00 1.471111e-03 0.000000e+00)
283.05        	1.431792e-07	(0.000000e+00 1.471111e-03 0.000000e+00)
283.1         	1.431838e-07	(0.000000e+00 1.471111e-03 0.000000e+00)
283.15        	1.431883e-07	(0.000000e+00 1.471111e-03 0.000000e+00)
283.2         	1.431929e-07	(0.000000e+00 1.471111e-03 0.000000e+00)
283.25        	1.431974e-07	(0.000000e+00 1.471111e-03 0.000000e+00)
283.3         	1.432019e-07	(0.000000e+00 1.471111e-03 0.000000e+00)
283.35        	1.432065e-07	(0.000000e+00 1.471111e-03 0.000000e+00)
283.4         	1.432110e-07	(0.000000e+00 1.471111e-03 0.000000e+00)
283.45        	1.432156e-07	(0.000000e+00 1.471111e-03 0.000000e+00)
283.5         	1.432202e-07	(0.000000e+00 1.471111e-03 0.000000e+00)
283.55        	1.432247e-07	(0.000000e+00 1.471111e-03 0.000000e+00)
283.6         	1.432293e-07	(0.000000e+00 1.471111e-03 0.000000e+00)
283.65        	1.432338e-07	(0.000000e+00 1.471111e-03 0.000000e+00)
283.7         	1.432384e-07	(0.000000e+00 1.471111e-03 0.000000e+00)
283.75        	1.432429e-07	(0.000000e+00 1.471111e-03 0.000000e+00)
283.8         	1.432475e-07	(0.000000e+00 1.471111e-03 0.000000e+00)
283.85        	1.432520e-07	(0.000000e+00 1.471111e-03 0.000000e+00)
283.9         	1.432566e-07	(0.000000e+00 1.471111e-03 0.000000e+00)
283.95        	1.432612e-07	(0.000000e+00 1.471111e-03 0.000000e+00)
284           	1.432657e-07	(0.000000e+00 1.471111e-03 0.000000e+00)
284.05        	1.432703e-07	(0.000000e+00 1.471111e-03 0.000000e+00)
284.1         	1.432748e-07	(0.000000e+00 1.471111e-03 0.000000e+00)
284.15        	1.432794e-07	(0.000000e+00 1.471111e-03 0.000000e+00)
284.2         	1.432840e-07	(0.000000e+00 1.471111e-03 0.000000e+00)
284.25        	1.432885e-07	(0.000000e+00 1.471111e-03 0.000000e+00)
284.3         	1.432931e-07	(0.000000e+00 1.471111e-03 0.000000e+00)
284.35        	1.432976e-07	(0.000000e+00 1.471111e-03 0.000000e+00)
284.4         	1.433022e-07	(0.000000e+00 1.471111e-03 0.000000e+00)
284.45        	1.433067e-07	(0.000000e+00 1.471111e-03 0.000000e+00)
284.5         	1.433113e-07	(0.000000e+00 1.471111e-03 0.000000e+00)
284.55        	1.433158e-07	(0.000000e+00 1.471111e-03 0.000000e+00)
284.6         	1.433204e-07	(0.000000e+00 1.471111e-03 0.000000e+00)
284.65        	1.433250e-07	(0.000000e+00 1.471111e-03 0.000000e+00)
284.7         	1.433295e-07	(0.000000e+00 1.471111e-03 0.000000e+00)
284.75        	1.433341e-07	(0.000000e+00 1.471111e-03 0.000000e+00)
284.8         	1.433386e-07	(0.000000e+00 1.471111e-03 0.000000e+00)
284.85        	1.433432e-07	(0.000000e+00 1.471111e-03 0.000000e+00)
284.9         	1.433477e-07	(0.000000e+00 1.471111e-03 0.000000e+00)
284.95        	1.433523e-07	(0.000000e+00 1.471111e-03 0.000000e+00)
285           	1.433569e-07	(0.000000e+00 1.471111e-03 0.000000e+00)
285.05        	1.433614e-07	(0.000000e+00 1.471111e-03 0.000000e+00)
285.1         	1.433660e-07	(0.000000e+00 1.471111e-03 0.000000e+00)
285.15        	1.433706e-07	(0.000000e+00 1.471111e-03 0.000000e+00)
285.2         	1.433751e-07	(0.000000e+00 1.471111e-03 0.000000e+00)
285.25        	1.433797e-07	(0.000000e+00 1.471111e-03 0.000000e+00)
285.3         	1.433842e-07	(0.000000e+00 1.471111e-03 0.000000e+00)
285.35        	1.433888e-07	(0.000000e+00 1.471111e-03 0.000000e+00)
285.4         	1.433933e-07	(0.000000e+00 1.471111e-03 0.000000e+00)
285.45        	1.433979e-07	(0.000000e+00 1.471111e-03 0.000000e+00)
285.5         	1.434024e-07	(0.000000e+00 1.471111e-03 0.000000e+00)
285.55        	1.434070e-07	(0.000000e+00 1.471111e-03 0.000000e+00)
285.6         	1.434116e-07	(0.000000e+00 1.471111e-03 0.000000e+00)
285.65        	1.434162e-07	(0.000000e+00 1.471111e-03 0.000000e+00)
285.7         	1.434207e-07	(0.000000e+00 1.471111e-03 0.000000e+00)
285.75        	1.434253e-07	(0.000000e+00 1.471111e-03 0.000000e+00)
285.8         	1.434299e-07	(0.000000e+00 1.471111e-03 0.000000e+00)
285.85        	1.434344e-07	(0.000000e+00 1.471111e-03 0.000000e+00)
285.9         	1.434390e-07	(0.000000e+00 1.471111e-03 0.000000e+00)
285.95        	1.434436e-07	(0.000000e+00 1.471111e-03 0.000000e+00)
286           	1.434481e-07	(0.000000e+00 1.471111e-03 0.000000e+00)
286.05        	1.434527e-07	(0.000000e+00 1.471111e-03 0.000000e+00)
286.1         	1.434572e-07	(0.000000e+00 1.471111e-03 0.000000e+00)
286.15        	1.434618e-07	(0.000000e+00 1.471111e-03 0.000000e+00)
286.2         	1.434664e-07	(0.000000e+00 1.471111e-03 0.000000e+00)
286.25        	1.434709e-07	(0.000000e+00 1.471111e-03 0.000000e+00)
286.3         	1.434755e-07	(0.000000e+00 1.471111e-03 0.000000e+00)
286.35        	1.434800e-07	(0.000000e+00 1.471111e-03 0.000000e+00)
286.4         	1.434847e-07	(0.000000e+00 1.471111e-03 0.000000e+00)
286.45        	1.434892e-07	(0.000000e+00 1.471111e-03 0.000000e+00)
286.5         	1.434938e-07	(0.000000e+00 1.471111e-03 0.000000e+00)
286.55        	1.434984e-07	(0.000000e+00 1.471111e-03 0.000000e+00)
286.6         	1.435029e-07	(0.000000e+00 1.471111e-03 0.000000e+00)
286.65        	1.435074e-07	(0.000000e+00 1.471111e-03 0.000000e+00)
286.7         	1.435120e-07	(0.000000e+00 1.471111e-03 0.000000e+00)
286.75        	1.435165e-07	(0.000000e+00 1.471111e-03 0.000000e+00)
286.8         	1.435211e-07	(0.000000e+00 1.471111e-03 0.000000e+00)
286.85        	1.435257e-07	(0.000000e+00 1.471111e-03 0.000000e+00)
286.9         	1.435302e-07	(0.000000e+00 1.471111e-03 0.000000e+00)
286.95        	1.435348e-07	(0.000000e+00 1.471111e-03 0.000000e+00)
287           	1.435393e-07	(0.000000e+00 1.471111e-03 0.000000e+00)
287.05        	1.435439e-07	(0.000000e+00 1.471111e-03 0.000000e+00)
287.1         	1.435485e-07	(0.000000e+00 1.471111e-03 0.000000e+00)
287.15        	1.435530e-07	(0.000000e+00 1.471111e-03 0.000000e+00)
287.2         	1.435576e-07	(0.000000e+00 1.471111e-03 0.000000e+00)
287.25        	1.435621e-07	(0.000000e+00 1.471111e-03 0.000000e+00)
287.3         	1.435667e-07	(0.000000e+00 1.471111e-03 0.000000e+00)
287.35        	1.435712e-07	(0.000000e+00 1.471111e-03 0.000000e+00)
287.4         	1.435758e-07	(0.000000e+00 1.471111e-03 0.000000e+00)
287.45        	1.435803e-07	(0.000000e+00 1.471111e-03 0.000000e+00)
287.5         	1.435849e-07	(0.000000e+00 1.471111e-03 0.000000e+00)
287.55        	1.435894e-07	(0.000000e+00 1.471111e-03 0.000000e+00)
287.6         	1.435940e-07	(0.000000e+00 1.471111e-03 0.000000e+00)
287.65        	1.435986e-07	(0.000000e+00 1.471111e-03 0.000000e+00)
287.7         	1.436031e-07	(0.000000e+00 1.471111e-03 0.000000e+00)
287.75        	1.436077e-07	(0.000000e+00 1.471111e-03 0.000000e+00)
287.8         	1.436122e-07	(0.000000e+00 1.471111e-03 0.000000e+00)
287.85        	1.436168e-07	(0.000000e+00 1.471111e-03 0.000000e+00)
287.9         	1.436213e-07	(0.000000e+00 1.471111e-03 0.000000e+00)
287.95        	1.436259e-07	(0.000000e+00 1.471111e-03 0.000000e+00)
288           	1.436305e-07	(0.000000e+00 1.471111e-03 0.000000e+00)
288.05        	1.436350e-07	(0.000000e+00 1.471111e-03 0.000000e+00)
288.1         	1.436396e-07	(0.000000e+00 1.471111e-03 0.000000e+00)
288.15        	1.436441e-07	(0.000000e+00 1.471111e-03 0.000000e+00)
288.2         	1.436487e-07	(0.000000e+00 1.471111e-03 0.000000e+00)
288.25        	1.436532e-07	(0.000000e+00 1.471111e-03 0.000000e+00)
288.3         	1.436578e-07	(0.000000e+00 1.471111e-03 0.000000e+00)
288.35        	1.436623e-07	(0.000000e+00 1.471111e-03 0.000000e+00)
288.4         	1.436669e-07	(0.000000e+00 1.471111e-03 0.000000e+00)
288.45        	1.436714e-07	(0.000000e+00 1.471111e-03 0.000000e+00)
288.5         	1.436760e-07	(0.000000e+00 1.471111e-03 0.000000e+00)
288.55        	1.436806e-07	(0.000000e+00 1.471111e-03 0.000000e+00)
288.6         	1.436851e-07	(0.000000e+00 1.471111e-03 0.000000e+00)
288.65        	1.436897e-07	(0.000000e+00 1.471111e-03 0.000000e+00)
288.7         	1.436942e-07	(0.000000e+00 1.471111e-03 0.000000e+00)
288.75        	1.436988e-07	(0.000000e+00 1.471111e-03 0.000000e+00)
288.8         	1.437034e-07	(0.000000e+00 1.471111e-03 0.000000e+00)
288.85        	1.437079e-07	(0.000000e+00 1.471111e-03 0.000000e+00)
288.9         	1.437125e-07	(0.000000e+00 1.471111e-03 0.000000e+00)
288.95        	1.437170e-07	(0.000000e+00 1.471111e-03 0.000000e+00)
289           	1.437216e-07	(0.000000e+00 1.471111e-03 0.000000e+00)
289.05        	1.437261e-07	(0.000000e+00 1.471111e-03 0.000000e+00)
289.1         	1.437307e-07	(0.000000e+00 1.471111e-03 0.000000e+00)
289.15        	1.437353e-07	(0.000000e+00 1.471111e-03 0.000000e+00)
289.2         	1.437399e-07	(0.000000e+00 1.471111e-03 0.000000e+00)
289.25        	1.437444e-07	(0.000000e+00 1.471111e-03 0.000000e+00)
289.3         	1.437490e-07	(0.000000e+00 1.471111e-03 0.000000e+00)
289.35        	1.437530e-07	(0.000000e+00 1.471111e-03 0.000000e+00)
289.4         	1.437570e-07	(0.000000e+00 1.471111e-03 0.000000e+00)
289.45        	1.437614e-07	(0.000000e+00 1.471111e-03 0.000000e+00)
289.5         	1.437660e-07	(0.000000e+00 1.471111e-03 0.000000e+00)
289.55        	1.437706e-07	(0.000000e+00 1.471111e-03 0.000000e+00)
289.6         	1.437752e-07	(0.000000e+00 1.471111e-03 0.000000e+00)
289.65        	1.437798e-07	(0.000000e+00 1.471111e-03 0.000000e+00)
289.7         	1.437844e-07	(0.000000e+00 1.471111e-03 0.000000e+00)
289.75        	1.437889e-07	(0.000000e+00 1.471111e-03 0.000000e+00)
289.8         	1.437935e-07	(0.000000e+00 1.471111e-03 0.000000e+00)
289.85        	1.437981e-07	(0.000000e+00 1.471111e-03 0.000000e+00)
289.9         	1.438026e-07	(0.000000e+00 1.471111e-03 0.000000e+00)
289.95        	1.438072e-07	(0.000000e+00 1.471111e-03 0.000000e+00)
290           	1.438117e-07	(0.000000e+00 1.471111e-03 0.000000e+00)
290.05        	1.438163e-07	(0.000000e+00 1.471111e-03 0.000000e+00)
290.1         	1.438208e-07	(0.000000e+00 1.471111e-03 0.000000e+00)
290.15        	1.438254e-07	(0.000000e+00 1.471111e-03 0.000000e+00)
290.2         	1.438299e-07	(0.000000e+00 1.471111e-03 0.000000e+00)
290.25        	1.438345e-07	(0.000000e+00 1.471111e-03 0.000000e+00)
290.3         	1.438390e-07	(0.000000e+00 1.471111e-03 0.000000e+00)
290.35        	1.438435e-07	(0.000000e+00 1.471111e-03 0.000000e+00)
290.4         	1.438481e-07	(0.000000e+00 1.471111e-03 0.000000e+00)
290.45        	1.438526e-07	(0.000000e+00 1.471111e-03 0.000000e+00)
290.5         	1.438572e-07	(0.000000e+00 1.471111e-03 0.000000e+00)
290.55        	1.438617e-07	(0.000000e+00 1.471111e-03 0.000000e+00)
290.6         	1.438662e-07	(0.000000e+00 1.471111e-03 0.000000e+00)
290.65        	1.438708e-07	(0.000000e+00 1.471111e-03 0.000000e+00)
290.7         	1.438753e-07	(0.000000e+00 1.471111e-03 0.000000e+00)
290.75        	1.438798e-07	(0.000000e+00 1.471111e-03 0.000000e+00)
290.8         	1.438843e-07	(0.000000e+00 1.471111e-03 0.000000e+00)
290.85        	1.438889e-07	(0.000000e+00 1.471111e-03 0.000000e+00)
290.9         	1.438934e-07	(0.000000e+00 1.471111e-03 0.000000e+00)
290.95        	1.438980e-07	(0.000000e+00 1.471111e-03 0.000000e+00)
291           	1.439024e-07	(0.000000e+00 1.471111e-03 0.000000e+00)
291.05        	1.439056e-07	(0.000000e+00 1.471111e-03 0.000000e+00)
291.1         	1.439096e-07	(0.000000e+00 1.471111e-03 0.000000e+00)
291.15        	1.439146e-07	(0.000000e+00 1.471111e-03 0.000000e+00)
291.2         	1.439193e-07	(0.000000e+00 1.471111e-03 0.000000e+00)
291.25        	1.439240e-07	(0.000000e+00 1.471111e-03 0.000000e+00)
291.3         	1.439286e-07	(0.000000e+00 1.471111e-03 0.000000e+00)
291.35        	1.439332e-07	(0.000000e+00 1.471111e-03 0.000000e+00)
291.4         	1.439378e-07	(0.000000e+00 1.471111e-03 0.000000e+00)
291.45        	1.439424e-07	(0.000000e+00 1.471111e-03 0.000000e+00)
291.5         	1.439470e-07	(0.000000e+00 1.471111e-03 0.000000e+00)
291.55        	1.439516e-07	(0.000000e+00 1.471111e-03 0.000000e+00)
291.6         	1.439562e-07	(0.000000e+00 1.471111e-03 0.000000e+00)
291.65        	1.439607e-07	(0.000000e+00 1.471111e-03 0.000000e+00)
291.7         	1.439653e-07	(0.000000e+00 1.471111e-03 0.000000e+00)
291.75        	1.439698e-07	(0.000000e+00 1.471111e-03 0.000000e+00)
291.8         	1.439744e-07	(0.000000e+00 1.471111e-03 0.000000e+00)
291.85        	1.439789e-07	(0.000000e+00 1.471111e-03 0.000000e+00)
291.9         	1.439835e-07	(0.000000e+00 1.471111e-03 0.000000e+00)
291.95        	1.439880e-07	(0.000000e+00 1.471111e-03 0.000000e+00)
292           	1.439925e-07	(0.000000e+00 1.471111e-03 0.000000e+00)
292.05        	1.439971e-07	(0.000000e+00 1.471111e-03 0.000000e+00)
292.1         	1.440016e-07	(0.000000e+00 1.471111e-03 0.000000e+00)
292.15        	1.440062e-07	(0.000000e+00 1.471111e-03 0.000000e+00)
292.2         	1.440107e-07	(0.000000e+00 1.471111e-03 0.000000e+00)
292.25        	1.440152e-07	(0.000000e+00 1.471111e-03 0.000000e+00)
292.3         	1.440197e-07	(0.000000e+00 1.471111e-03 0.000000e+00)
292.35        	1.440243e-07	(0.000000e+00 1.471111e-03 0.000000e+00)
292.4         	1.440288e-07	(0.000000e+00 1.471111e-03 0.000000e+00)
292.45        	1.440333e-07	(0.000000e+00 1.471111e-03 0.000000e+00)
292.5         	1.440379e-07	(0.000000e+00 1.471111e-03 0.000000e+00)
292.55        	1.440424e-07	(0.000000e+00 1.471111e-03 0.000000e+00)
292.6         	1.440469e-07	(0.000000e+00 1.471111e-03 0.000000e+00)
292.65        	1.440514e-07	(0.000000e+00 1.471111e-03 0.000000e+00)
292.7         	1.440560e-07	(0.000000e+00 1.471111e-03 0.000000e+00)
292.75        	1.440605e-07	(0.000000e+00 1.471111e-03 0.000000e+00)
292.8         	1.440650e-07	(0.000000e+00 1.471111e-03 0.000000e+00)
292.85        	1.440696e-07	(0.000000e+00 1.471111e-03 0.000000e+00)
292.9         	1.440741e-07	(0.000000e+00 1.471111e-03 0.000000e+00)
292.95        	1.440786e-07	(0.000000e+00 1.471111e-03 0.000000e+00)
293           	1.440831e-07	(0.000000e+00 1.471111e-03 0.000000e+00)
293.05        	1.440877e-07	(0.000000e+00 1.471111e-03 0.000000e+00)
293.1         	1.440922e-07	(0.000000e+00 1.471111e-03 0.000000e+00)
293.15        	1.440967e-07	(0.000000e+00 1.471111e-03 0.000000e+00)
293.2         	1.441012e-07	(0.000000e+00 1.471111e-03 0.000000e+00)
293.25        	1.441057e-07	(0.000000e+00 1.471111e-03 0.000000e+00)
293.3         	1.441103e-07	(0.000000e+00 1.471111e-03 0.000000e+00)
293.35        	1.441148e-07	(0.000000e+00 1.471111e-03 0.000000e+00)
293.4         	1.441193e-07	(0.000000e+00 1.471111e-03 0.000000e+00)
293.45        	1.441238e-07	(0.000000e+00 1.471111e-03 0.000000e+00)
293.5         	1.441284e-07	(0.000000e+00 1.471111e-03 0.000000e+00)
293.55        	1.441329e-07	(0.000000e+00 1.471111e-03 0.000000e+00)
293.6         	1.441374e-07	(0.000000e+00 1.471111e-03 0.000000e+00)
293.65        	1.441419e-07	(0.000000e+00 1.471111e-03 0.000000e+00)
293.7         	1.441464e-07	(0.000000e+00 1.471111e-03 0.000000e+00)
293.75        	1.441510e-07	(0.000000e+00 1.471111e-03 0.000000e+00)
293.8         	1.441555e-07	(0.000000e+00 1.471111e-03 0.000000e+00)
293.85        	1.441600e-07	(0.000000e+00 1.471111e-03 0.000000e+00)
293.9         	1.441645e-07	(0.000000e+00 1.471111e-03 0.000000e+00)
293.95        	1.441690e-07	(0.000000e+00 1.471111e-03 0.000000e+00)
294           	1.441735e-07	(0.000000e+00 1.471111e-03 0.000000e+00)
294.05        	1.441780e-07	(0.000000e+00 1.471111e-03 0.000000e+00)
294.1         	1.441825e-07	(0.000000e+00 1.471111e-03 0.000000e+00)
294.15        	1.441870e-07	(0.000000e+00 1.471111e-03 0.000000e+00)
294.2         	1.441916e-07	(0.000000e+00 1.471111e-03 0.000000e+00)
294.25        	1.441961e-07	(0.000000e+00 1.471111e-03 0.000000e+00)
294.3         	1.442006e-07	(0.000000e+00 1.471111e-03 0.000000e+00)
294.35        	1.442051e-07	(0.000000e+00 1.471111e-03 0.000000e+00)
294.4         	1.442096e-07	(0.000000e+00 1.471111e-03 0.000000e+00)
294.45        	1.442141e-07	(0.000000e+00 1.471111e-03 0.000000e+00)
294.5         	1.442186e-07	(0.000000e+00 1.471111e-03 0.000000e+00)
294.55        	1.442231e-07	(0.000000e+00 1.471111e-03 0.000000e+00)
294.6         	1.442276e-07	(0.000000e+00 1.471111e-03 0.000000e+00)
294.65        	1.442321e-07	(0.000000e+00 1.471111e-03 0.000000e+00)
294.7         	1.442366e-07	(0.000000e+00 1.471111e-03 0.000000e+00)
294.75        	1.442411e-07	(0.000000e+00 1.471111e-03 0.000000e+00)
294.8         	1.442456e-07	(0.000000e+00 1.471111e-03 0.000000e+00)
294.85        	1.442501e-07	(0.000000e+00 1.471111e-03 0.000000e+00)
294.9         	1.442546e-07	(0.000000e+00 1.471111e-03 0.000000e+00)
294.95        	1.442590e-07	(0.000000e+00 1.471111e-03 0.000000e+00)
295           	1.442635e-07	(0.000000e+00 1.471111e-03 0.000000e+00)
295.05        	1.442680e-07	(0.000000e+00 1.471111e-03 0.000000e+00)
295.1         	1.442725e-07	(0.000000e+00 1.471111e-03 0.000000e+00)
295.15        	1.442771e-07	(0.000000e+00 1.471111e-03 0.000000e+00)
295.2         	1.442816e-07	(0.000000e+00 1.471111e-03 0.000000e+00)
295.25        	1.442861e-07	(0.000000e+00 1.471111e-03 0.000000e+00)
295.3         	1.442906e-07	(0.000000e+00 1.471111e-03 0.000000e+00)
295.35        	1.442951e-07	(0.000000e+00 1.471111e-03 0.000000e+00)
295.4         	1.442996e-07	(0.000000e+00 1.471111e-03 0.000000e+00)
295.45        	1.443041e-07	(0.000000e+00 1.471111e-03 0.000000e+00)
295.5         	1.443086e-07	(0.000000e+00 1.471111e-03 0.000000e+00)
295.55        	1.443131e-07	(0.000000e+00 1.471111e-03 0.000000e+00)
295.6         	1.443176e-07	(0.000000e+00 1.471111e-03 0.000000e+00)
295.65        	1.443221e-07	(0.000000e+00 1.471111e-03 0.000000e+00)
295.7         	1.443266e-07	(0.000000e+00 1.471111e-03 0.000000e+00)
295.75        	1.443311e-07	(0.000000e+00 1.471111e-03 0.000000e+00)
295.8         	1.443356e-07	(0.000000e+00 1.471111e-03 0.000000e+00)
295.85        	1.443401e-07	(0.000000e+00 1.471111e-03 0.000000e+00)
295.9         	1.443445e-07	(0.000000e+00 1.471111e-03 0.000000e+00)
295.95        	1.443490e-07	(0.000000e+00 1.471111e-03 0.000000e+00)
296           	1.443534e-07	(0.000000e+00 1.471111e-03 0.000000e+00)
296.05        	1.443579e-07	(0.000000e+00 1.471111e-03 0.000000e+00)
296.1         	1.443625e-07	(0.000000e+00 1.471111e-03 0.000000e+00)
296.15        	1.443670e-07	(0.000000e+00 1.471111e-03 0.000000e+00)
296.2         	1.443715e-07	(0.000000e+00 1.471111e-03 0.000000e+00)
296.25        	1.443760e-07	(0.000000e+00 1.471111e-03 0.000000e+00)
296.3         	1.443805e-07	(0.000000e+00 1.471111e-03 0.000000e+00)
296.35        	1.443850e-07	(0.000000e+00 1.471111e-03 0.000000e+00)
296.4         	1.443895e-07	(0.000000e+00 1.471111e-03 0.000000e+00)
296.45        	1.443940e-07	(0.000000e+00 1.471111e-03 0.000000e+00)
296.5         	1.443985e-07	(0.000000e+00 1.471111e-03 0.000000e+00)
296.55        	1.444030e-07	(0.000000e+00 1.471111e-03 0.000000e+00)
296.6         	1.444075e-07	(0.000000e+00 1.471111e-03 0.000000e+00)
296.65        	1.444119e-07	(0.000000e+00 1.471111e-03 0.000000e+00)
296.7         	1.444164e-07	(0.000000e+00 1.471111e-03 0.000000e+00)
296.75        	1.444210e-07	(0.000000e+00 1.471111e-03 0.000000e+00)
296.8         	1.444255e-07	(0.000000e+00 1.471111e-03 0.000000e+00)
296.85        	1.444300e-07	(0.000000e+00 1.471111e-03 0.000000e+00)
296.9         	1.444345e-07	(0.000000e+00 1.471111e-03 0.000000e+00)
296.95        	1.444389e-07	(0.000000e+00 1.471111e-03 0.000000e+00)
297           	1.444434e-07	(0.000000e+00 1.471111e-03 0.000000e+00)
297.05        	1.444479e-07	(0.000000e+00 1.471111e-03 0.000000e+00)
297.1         	1.444523e-07	(0.000000e+00 1.471111e-03 0.000000e+00)
297.15        	1.444568e-07	(0.000000e+00 1.471111e-03 0.000000e+00)
297.2         	1.444613e-07	(0.000000e+00 1.471111e-03 0.000000e+00)
297.25        	1.444658e-07	(0.000000e+00 1.471111e-03 0.000000e+00)
297.3         	1.444702e-07	(0.000000e+00 1.471111e-03 0.000000e+00)
297.35        	1.444747e-07	(0.000000e+00 1.471111e-03 0.000000e+00)
297.4         	1.444792e-07	(0.000000e+00 1.471111e-03 0.000000e+00)
297.45        	1.444836e-07	(0.000000e+00 1.471111e-03 0.000000e+00)
297.5         	1.444881e-07	(0.000000e+00 1.471111e-03 0.000000e+00)
297.55        	1.444926e-07	(0.000000e+00 1.471111e-03 0.000000e+00)
297.6         	1.444970e-07	(0.000000e+00 1.471111e-03 0.000000e+00)
297.65        	1.445015e-07	(0.000000e+00 1.471111e-03 0.000000e+00)
297.7         	1.445060e-07	(0.000000e+00 1.471111e-03 0.000000e+00)
297.75        	1.445104e-07	(0.000000e+00 1.471111e-03 0.000000e+00)
297.8         	1.445149e-07	(0.000000e+00 1.471111e-03 0.000000e+00)
297.85        	1.445194e-07	(0.000000e+00 1.471111e-03 0.000000e+00)
297.9         	1.445238e-07	(0.000000e+00 1.471111e-03 0.000000e+00)
297.95        	1.445284e-07	(0.000000e+00 1.471111e-03 0.000000e+00)
298           	1.445329e-07	(0.000000e+00 1.471111e-03 0.000000e+00)
298.05        	1.445373e-07	(0.000000e+00 1.471111e-03 0.000000e+00)
298.1         	1.445418e-07	(0.000000e+00 1.471111e-03 0.000000e+00)
298.15        	1.445463e-07	(0.000000e+00 1.471111e-03 0.000000e+00)
298.2         	1.445508e-07	(0.000000e+00 1.471111e-03 0.000000e+00)
298.25        	1.445552e-07	(0.000000e+00 1.471111e-03 0.000000e+00)
298.3         	1.445597e-07	(0.000000e+00 1.471111e-03 0.000000e+00)
298.35        	1.445642e-07	(0.000000e+00 1.471111e-03 0.000000e+00)
298.4         	1.445686e-07	(0.000000e+00 1.471111e-03 0.000000e+00)
298.45        	1.445731e-07	(0.000000e+00 1.471111e-03 0.000000e+00)
298.5         	1.445775e-07	(0.000000e+00 1.471111e-03 0.000000e+00)
298.55        	1.445821e-07	(0.000000e+00 1.471111e-03 0.000000e+00)
298.6         	1.445866e-07	(0.000000e+00 1.471111e-03 0.000000e+00)
298.65        	1.445911e-07	(0.000000e+00 1.471111e-03 0.000000e+00)
298.7         	1.445955e-07	(0.000000e+00 1.471111e-03 0.000000e+00)
298.75        	1.446000e-07	(0.000000e+00 1.471111e-03 0.000000e+00)
298.8         	1.446045e-07	(0.000000e+00 1.471111e-03 0.000000e+00)
298.85        	1.446089e-07	(0.000000e+00 1.471111e-03 0.000000e+00)
298.9         	1.446134e-07	(0.000000e+00 1.471111e-03 0.000000e+00)
298.95        	1.446178e-07	(0.000000e+00 1.471111e-03 0.000000e+00)
299           	1.446223e-07	(0.000000e+00 1.471111e-03 0.000000e+00)
299.05        	1.446267e-07	(0.000000e+00 1.471111e-03 0.000000e+00)
299.1         	1.446312e-07	(0.000000e+00 1.471111e-03 0.000000e+00)
299.15        	1.446356e-07	(0.000000e+00 1.471111e-03 0.000000e+00)
299.2         	1.446401e-07	(0.000000e+00 1.471111e-03 0.000000e+00)
299.25        	1.446445e-07	(0.000000e+00 1.471111e-03 0.000000e+00)
299.3         	1.446489e-07	(0.000000e+00 1.471111e-03 0.000000e+00)
299.35        	1.446533e-07	(0.000000e+00 1.471111e-03 0.000000e+00)
299.4         	1.446578e-07	(0.000000e+00 1.471111e-03 0.000000e+00)
299.45        	1.446622e-07	(0.000000e+00 1.471111e-03 0.000000e+00)
299.5         	1.446667e-07	(0.000000e+00 1.471111e-03 0.000000e+00)
299.55        	1.446711e-07	(0.000000e+00 1.471111e-03 0.000000e+00)
299.6         	1.446756e-07	(0.000000e+00 1.471111e-03 0.000000e+00)
299.65        	1.446801e-07	(0.000000e+00 1.471111e-03 0.000000e+00)
299.7         	1.446845e-07	(0.000000e+00 1.471111e-03 0.000000e+00)
299.75        	1.446890e-07	(0.000000e+00 1.471111e-03 0.000000e+00)
299.8         	1.446934e-07	(0.000000e+00 1.471111e-03 0.000000e+00)
299.85        	1.446979e-07	(0.000000e+00 1.471111e-03 0.000000e+00)
299.9         	1.447023e-07	(0.000000e+00 1.471111e-03 0.000000e+00)
299.95        	1.447068e-07	(0.000000e+00 1.471111e-03 0.000000e+00)
300           	1.447112e-07	(0.000000e+00 1.471111e-03 0.000000e+00)
300.05        	1.447156e-07	(0.000000e+00 1.471111e-03 0.000000e+00)
300.1         	1.447201e-07	(0.000000e+00 1.471111e-03 0.000000e+00)
300.15        	1.447245e-07	(0.000000e+00 1.471111e-03 0.000000e+00)
300.2         	1.447290e-07	(0.000000e+00 1.471111e-03 0.000000e+00)
300.25        	1.447334e-07	(0.000000e+00 1.471111e-03 0.000000e+00)
300.3         	1.447379e-07	(0.000000e+00 1.471111e-03 0.000000e+00)
300.35        	1.447423e-07	(0.000000e+00 1.471111e-03 0.000000e+00)
300.4         	1.447467e-07	(0.000000e+00 1.471111e-03 0.000000e+00)
300.45        	1.447512e-07	(0.000000e+00 1.471111e-03 0.000000e+00)
300.5         	1.447556e-07	(0.000000e+00 1.471111e-03 0.000000e+00)
300.55        	1.447601e-07	(0.000000e+00 1.471111e-03 0.000000e+00)
300.6         	1.447645e-07	(0.000000e+00 1.471111e-03 0.000000e+00)
300.65        	1.447689e-07	(0.000000e+00 1.471111e-03 0.000000e+00)
300.7         	1.447734e-07	(0.000000e+00 1.471111e-03 0.000000e+00)
300.75        	1.447778e-07	(0.000000e+00 1.471111e-03 0.000000e+00)
300.8         	1.447822e-07	(0.000000e+00 1.471111e-03 0.000000e+00)
300.85        	1.447867e-07	(0.000000e+00 1.471111e-03 0.000000e+00)
300.9         	1.447912e-07	(0.000000e+00 1.471111e-03 0.000000e+00)
300.95        	1.447956e-07	(0.000000e+00 1.471111e-03 0.000000e+00)
301           	1.448000e-07	(0.000000e+00 1.471111e-03 0.000000e+00)
