ISO-10303-21;
HEADER;
/* Generated by software containing ST-Developer
 * from STEP Tools, Inc. (www.steptools.com) 
 */

FILE_DESCRIPTION(
/* description */ (''),
/* implementation_level */ '2;1');

FILE_NAME(
/* name */ 'breeder_with_probe_surface.step',
/* time_stamp */ '2025-10-20T14:29:45-04:00',
/* author */ (''),
/* organization */ (''),
/* preprocessor_version */ 'ST-DEVELOPER v20.1',
/* originating_system */ 'Autodesk Translation Framework v14.17.0.0',
/* authorisation */ '');

FILE_SCHEMA (('AUTOMOTIVE_DESIGN { 1 0 10303 214 3 1 1 }'));
ENDSEC;

DATA;
#10=MECHANICAL_DESIGN_GEOMETRIC_PRESENTATION_REPRESENTATION('',(#38,#39,
#40,#41,#42),#5405);
#11=ITEM_DEFINED_TRANSFORMATION($,$,#192,#212);
#12=(
REPRESENTATION_RELATIONSHIP($,$,#5415,#5414)
REPRESENTATION_RELATIONSHIP_WITH_TRANSFORMATION(#11)
SHAPE_REPRESENTATION_RELATIONSHIP()
);
#13=CONTEXT_DEPENDENT_SHAPE_REPRESENTATION(#12,#5413);
#14=NEXT_ASSEMBLY_USAGE_OCCURRENCE('vacuum:1','vacuum:1','vacuum:1',#5417,
#5418,'vacuum:1');
#15=ORIENTED_CLOSED_SHELL('',*,#178,.F.);
#16=LINE('',#4237,#17);
#17=VECTOR('',#247,0.065);
#18=CYLINDRICAL_SURFACE('',#207,0.067);
#19=BREP_WITH_VOIDS('breeder',#177,(#15));
#20=OPEN_SHELL('',(#167));
#21=OPEN_SHELL('',(#168));
#22=SHELL_BASED_SURFACE_MODEL('coil cap 1',(#20));
#23=SHELL_BASED_SURFACE_MODEL('coil cap 2',(#21));
#24=FACE_BOUND('',#70,.T.);
#25=FACE_BOUND('',#72,.T.);
#26=CIRCLE('',#195,0.001);
#27=CIRCLE('',#196,0.001);
#28=CIRCLE('',#200,0.001);
#29=CIRCLE('',#202,0.001);
#30=CIRCLE('',#204,0.067);
#31=CIRCLE('',#206,0.067);
#32=CIRCLE('',#209,0.001);
#33=CIRCLE('',#211,0.001);
#34=SHAPE_REPRESENTATION_RELATIONSHIP('SRR','None',#5415,#36);
#35=SHAPE_REPRESENTATION_RELATIONSHIP('SRR','None',#5414,#37);
#36=ADVANCED_BREP_SHAPE_REPRESENTATION('',(#43),#5404);
#37=ADVANCED_BREP_SHAPE_REPRESENTATION('',(#44,#19),#5403);
#38=STYLED_ITEM('',(#5429),#43);
#39=STYLED_ITEM('',(#5428),#44);
#40=STYLED_ITEM('',(#5428),#22);
#41=STYLED_ITEM('',(#5428),#23);
#42=STYLED_ITEM('',(#5428),#19);
#43=MANIFOLD_SOLID_BREP('Body1',#175);
#44=MANIFOLD_SOLID_BREP('coil',#176);
#45=B_SPLINE_SURFACE_WITH_KNOTS('',3,3,((#335,#336,#337,#338,#339,#340,
#341,#342,#343,#344,#345,#346,#347,#348,#349,#350,#351,#352,#353,#354,#355,
#356,#357,#358,#359,#360,#361,#362,#363,#364,#365,#366,#367,#368,#369,#370,
#371,#372,#373,#374,#375,#376,#377,#378,#379,#380,#381,#382,#383,#384,#385,
#386,#387,#388,#389,#390,#391,#392,#393,#394,#395,#396,#397,#398,#399,#400,
#401,#402,#403,#404,#405,#406,#407,#408,#409,#410,#411,#412,#413,#414,#415,
#416,#417,#418,#419,#420,#421,#422,#423,#424,#425,#426,#427,#428,#429,#430,
#431,#432,#433,#434,#435,#436,#437,#438,#439,#440,#441,#442,#443,#444,#445,
#446,#447,#448),(#449,#450,#451,#452,#453,#454,#455,#456,#457,#458,#459,
#460,#461,#462,#463,#464,#465,#466,#467,#468,#469,#470,#471,#472,#473,#474,
#475,#476,#477,#478,#479,#480,#481,#482,#483,#484,#485,#486,#487,#488,#489,
#490,#491,#492,#493,#494,#495,#496,#497,#498,#499,#500,#501,#502,#503,#504,
#505,#506,#507,#508,#509,#510,#511,#512,#513,#514,#515,#516,#517,#518,#519,
#520,#521,#522,#523,#524,#525,#526,#527,#528,#529,#530,#531,#532,#533,#534,
#535,#536,#537,#538,#539,#540,#541,#542,#543,#544,#545,#546,#547,#548,#549,
#550,#551,#552,#553,#554,#555,#556,#557,#558,#559,#560,#561,#562),(#563,
#564,#565,#566,#567,#568,#569,#570,#571,#572,#573,#574,#575,#576,#577,#578,
#579,#580,#581,#582,#583,#584,#585,#586,#587,#588,#589,#590,#591,#592,#593,
#594,#595,#596,#597,#598,#599,#600,#601,#602,#603,#604,#605,#606,#607,#608,
#609,#610,#611,#612,#613,#614,#615,#616,#617,#618,#619,#620,#621,#622,#623,
#624,#625,#626,#627,#628,#629,#630,#631,#632,#633,#634,#635,#636,#637,#638,
#639,#640,#641,#642,#643,#644,#645,#646,#647,#648,#649,#650,#651,#652,#653,
#654,#655,#656,#657,#658,#659,#660,#661,#662,#663,#664,#665,#666,#667,#668,
#669,#670,#671,#672,#673,#674,#675,#676),(#677,#678,#679,#680,#681,#682,
#683,#684,#685,#686,#687,#688,#689,#690,#691,#692,#693,#694,#695,#696,#697,
#698,#699,#700,#701,#702,#703,#704,#705,#706,#707,#708,#709,#710,#711,#712,
#713,#714,#715,#716,#717,#718,#719,#720,#721,#722,#723,#724,#725,#726,#727,
#728,#729,#730,#731,#732,#733,#734,#735,#736,#737,#738,#739,#740,#741,#742,
#743,#744,#745,#746,#747,#748,#749,#750,#751,#752,#753,#754,#755,#756,#757,
#758,#759,#760,#761,#762,#763,#764,#765,#766,#767,#768,#769,#770,#771,#772,
#773,#774,#775,#776,#777,#778,#779,#780,#781,#782,#783,#784,#785,#786,#787,
#788,#789,#790),(#791,#792,#793,#794,#795,#796,#797,#798,#799,#800,#801,
#802,#803,#804,#805,#806,#807,#808,#809,#810,#811,#812,#813,#814,#815,#816,
#817,#818,#819,#820,#821,#822,#823,#824,#825,#826,#827,#828,#829,#830,#831,
#832,#833,#834,#835,#836,#837,#838,#839,#840,#841,#842,#843,#844,#845,#846,
#847,#848,#849,#850,#851,#852,#853,#854,#855,#856,#857,#858,#859,#860,#861,
#862,#863,#864,#865,#866,#867,#868,#869,#870,#871,#872,#873,#874,#875,#876,
#877,#878,#879,#880,#881,#882,#883,#884,#885,#886,#887,#888,#889,#890,#891,
#892,#893,#894,#895,#896,#897,#898,#899,#900,#901,#902,#903,#904),(#905,
#906,#907,#908,#909,#910,#911,#912,#913,#914,#915,#916,#917,#918,#919,#920,
#921,#922,#923,#924,#925,#926,#927,#928,#929,#930,#931,#932,#933,#934,#935,
#936,#937,#938,#939,#940,#941,#942,#943,#944,#945,#946,#947,#948,#949,#950,
#951,#952,#953,#954,#955,#956,#957,#958,#959,#960,#961,#962,#963,#964,#965,
#966,#967,#968,#969,#970,#971,#972,#973,#974,#975,#976,#977,#978,#979,#980,
#981,#982,#983,#984,#985,#986,#987,#988,#989,#990,#991,#992,#993,#994,#995,
#996,#997,#998,#999,#1000,#1001,#1002,#1003,#1004,#1005,#1006,#1007,#1008,
#1009,#1010,#1011,#1012,#1013,#1014,#1015,#1016,#1017,#1018),(#1019,#1020,
#1021,#1022,#1023,#1024,#1025,#1026,#1027,#1028,#1029,#1030,#1031,#1032,
#1033,#1034,#1035,#1036,#1037,#1038,#1039,#1040,#1041,#1042,#1043,#1044,
#1045,#1046,#1047,#1048,#1049,#1050,#1051,#1052,#1053,#1054,#1055,#1056,
#1057,#1058,#1059,#1060,#1061,#1062,#1063,#1064,#1065,#1066,#1067,#1068,
#1069,#1070,#1071,#1072,#1073,#1074,#1075,#1076,#1077,#1078,#1079,#1080,
#1081,#1082,#1083,#1084,#1085,#1086,#1087,#1088,#1089,#1090,#1091,#1092,
#1093,#1094,#1095,#1096,#1097,#1098,#1099,#1100,#1101,#1102,#1103,#1104,
#1105,#1106,#1107,#1108,#1109,#1110,#1111,#1112,#1113,#1114,#1115,#1116,
#1117,#1118,#1119,#1120,#1121,#1122,#1123,#1124,#1125,#1126,#1127,#1128,
#1129,#1130,#1131,#1132),(#1133,#1134,#1135,#1136,#1137,#1138,#1139,#1140,
#1141,#1142,#1143,#1144,#1145,#1146,#1147,#1148,#1149,#1150,#1151,#1152,
#1153,#1154,#1155,#1156,#1157,#1158,#1159,#1160,#1161,#1162,#1163,#1164,
#1165,#1166,#1167,#1168,#1169,#1170,#1171,#1172,#1173,#1174,#1175,#1176,
#1177,#1178,#1179,#1180,#1181,#1182,#1183,#1184,#1185,#1186,#1187,#1188,
#1189,#1190,#1191,#1192,#1193,#1194,#1195,#1196,#1197,#1198,#1199,#1200,
#1201,#1202,#1203,#1204,#1205,#1206,#1207,#1208,#1209,#1210,#1211,#1212,
#1213,#1214,#1215,#1216,#1217,#1218,#1219,#1220,#1221,#1222,#1223,#1224,
#1225,#1226,#1227,#1228,#1229,#1230,#1231,#1232,#1233,#1234,#1235,#1236,
#1237,#1238,#1239,#1240,#1241,#1242,#1243,#1244,#1245,#1246),(#1247,#1248,
#1249,#1250,#1251,#1252,#1253,#1254,#1255,#1256,#1257,#1258,#1259,#1260,
#1261,#1262,#1263,#1264,#1265,#1266,#1267,#1268,#1269,#1270,#1271,#1272,
#1273,#1274,#1275,#1276,#1277,#1278,#1279,#1280,#1281,#1282,#1283,#1284,
#1285,#1286,#1287,#1288,#1289,#1290,#1291,#1292,#1293,#1294,#1295,#1296,
#1297,#1298,#1299,#1300,#1301,#1302,#1303,#1304,#1305,#1306,#1307,#1308,
#1309,#1310,#1311,#1312,#1313,#1314,#1315,#1316,#1317,#1318,#1319,#1320,
#1321,#1322,#1323,#1324,#1325,#1326,#1327,#1328,#1329,#1330,#1331,#1332,
#1333,#1334,#1335,#1336,#1337,#1338,#1339,#1340,#1341,#1342,#1343,#1344,
#1345,#1346,#1347,#1348,#1349,#1350,#1351,#1352,#1353,#1354,#1355,#1356,
#1357,#1358,#1359,#1360),(#1361,#1362,#1363,#1364,#1365,#1366,#1367,#1368,
#1369,#1370,#1371,#1372,#1373,#1374,#1375,#1376,#1377,#1378,#1379,#1380,
#1381,#1382,#1383,#1384,#1385,#1386,#1387,#1388,#1389,#1390,#1391,#1392,
#1393,#1394,#1395,#1396,#1397,#1398,#1399,#1400,#1401,#1402,#1403,#1404,
#1405,#1406,#1407,#1408,#1409,#1410,#1411,#1412,#1413,#1414,#1415,#1416,
#1417,#1418,#1419,#1420,#1421,#1422,#1423,#1424,#1425,#1426,#1427,#1428,
#1429,#1430,#1431,#1432,#1433,#1434,#1435,#1436,#1437,#1438,#1439,#1440,
#1441,#1442,#1443,#1444,#1445,#1446,#1447,#1448,#1449,#1450,#1451,#1452,
#1453,#1454,#1455,#1456,#1457,#1458,#1459,#1460,#1461,#1462,#1463,#1464,
#1465,#1466,#1467,#1468,#1469,#1470,#1471,#1472,#1473,#1474)),
 .UNSPECIFIED.,.T.,.F.,.F.,(4,1,1,1,1,1,1,4),(4,1,1,1,1,1,1,1,1,1,1,1,1,
1,1,1,1,1,1,1,1,1,1,1,1,1,1,1,1,1,1,1,1,1,1,1,1,1,1,1,1,1,1,1,1,1,1,1,1,
1,1,1,1,1,1,1,1,1,1,1,1,1,1,1,1,1,1,1,1,1,1,1,1,1,1,1,1,1,1,1,1,1,1,1,1,
1,1,1,1,1,1,1,1,1,1,1,1,1,1,1,1,1,1,1,1,1,1,1,1,1,1,4),(-3.14159265358979,
-2.24399475256414,-1.34639685153848,-0.448798950512828,0.448798950512828,
1.34639685153848,2.24399475256414,3.14159265358979),(-0.00168109151438544,
0.447147897809112,0.89597688713261,1.34480587645611,1.7936348657796,2.2424638551031,
2.6912928444266,3.1401218337501,3.5889508230736,4.03777981239709,4.48660880172059,
4.93543779104409,5.38426678036759,5.83309576969108,6.28192475901458,6.73075374833808,
7.17958273766158,7.77802139009291,8.37646004252424,8.97489869495557,9.5733373473869,
10.1717759998182,10.3712555506287,10.7702146522496,11.1691737538704,11.5681328554913,
11.9670919571122,12.3660510587331,12.765010160354,13.1639692619749,13.5629283635958,
13.9618874652167,14.3608465668375,14.7598056684584,15.1587647700793,15.5577238717002,
15.9566829733211,16.355642074942,16.7546011765629,17.3530398289942,17.9514784814255,
18.400307470749,18.8491364600725,19.297965449396,19.7467944387195,20.195623428043,
20.6444524173665,21.09328140669,21.5421103960135,21.990939385337,22.4397683746605,
22.888597363984,23.3374263533075,23.786255342631,24.2350843319545,24.683913321278,
25.1327423106015,25.7311809630328,26.0304002892485,26.3296196154641,26.9280582678955,
27.5264969203268,28.1249355727581,28.7233742251895,29.1223333268103,29.5212924284312,
29.9202515300521,30.319210631673,30.7181697332939,31.1171288349148,31.5160879365357,
31.9150470381566,32.3140061397774,32.7129652413983,33.1119243430192,33.5108834446401,
33.8101027708558,34.1093220970714,34.7077607495028,35.3061994019341,35.9046380543654,
36.5030767067967,37.1015153592281,37.6999540116594,38.2983926640907,38.6973517657116,
39.0963108673325,39.4952699689534,39.8942290705743,40.2931881721952,40.6921472738161,
40.9913666000317,41.2905859262474,41.8890245786787,42.4874632311101,43.0859018835414,
43.5347308728649,43.9835598621884,44.4323888515119,44.8812178408354,45.3300468301589,
45.7788758194824,46.2277048088059,46.6765337981294,47.1253627874529,47.5741917767764,
48.0230207660999,48.4718497554233,48.9206787447469,49.3695077340703,49.8183367233938,
50.2671657127173),.UNSPECIFIED.);
#46=B_SPLINE_SURFACE_WITH_KNOTS('',3,3,((#1664,#1665,#1666,#1667,#1668,
#1669,#1670,#1671,#1672,#1673,#1674,#1675,#1676,#1677,#1678,#1679,#1680,
#1681,#1682,#1683,#1684,#1685,#1686,#1687,#1688,#1689,#1690,#1691,#1692,
#1693,#1694,#1695,#1696,#1697,#1698,#1699,#1700,#1701,#1702,#1703,#1704,
#1705,#1706,#1707,#1708,#1709,#1710,#1711,#1712,#1713,#1714,#1715,#1716,
#1717,#1718,#1719,#1720,#1721,#1722,#1723,#1724,#1725,#1726,#1727,#1728,
#1729,#1730,#1731,#1732,#1733,#1734,#1735,#1736,#1737,#1738,#1739,#1740,
#1741,#1742,#1743,#1744,#1745,#1746,#1747,#1748,#1749,#1750,#1751,#1752,
#1753,#1754,#1755,#1756,#1757,#1758,#1759,#1760,#1761,#1762,#1763,#1764,
#1765,#1766,#1767,#1768,#1769,#1770,#1771,#1772,#1773,#1774,#1775,#1776,
#1777),(#1778,#1779,#1780,#1781,#1782,#1783,#1784,#1785,#1786,#1787,#1788,
#1789,#1790,#1791,#1792,#1793,#1794,#1795,#1796,#1797,#1798,#1799,#1800,
#1801,#1802,#1803,#1804,#1805,#1806,#1807,#1808,#1809,#1810,#1811,#1812,
#1813,#1814,#1815,#1816,#1817,#1818,#1819,#1820,#1821,#1822,#1823,#1824,
#1825,#1826,#1827,#1828,#1829,#1830,#1831,#1832,#1833,#1834,#1835,#1836,
#1837,#1838,#1839,#1840,#1841,#1842,#1843,#1844,#1845,#1846,#1847,#1848,
#1849,#1850,#1851,#1852,#1853,#1854,#1855,#1856,#1857,#1858,#1859,#1860,
#1861,#1862,#1863,#1864,#1865,#1866,#1867,#1868,#1869,#1870,#1871,#1872,
#1873,#1874,#1875,#1876,#1877,#1878,#1879,#1880,#1881,#1882,#1883,#1884,
#1885,#1886,#1887,#1888,#1889,#1890,#1891),(#1892,#1893,#1894,#1895,#1896,
#1897,#1898,#1899,#1900,#1901,#1902,#1903,#1904,#1905,#1906,#1907,#1908,
#1909,#1910,#1911,#1912,#1913,#1914,#1915,#1916,#1917,#1918,#1919,#1920,
#1921,#1922,#1923,#1924,#1925,#1926,#1927,#1928,#1929,#1930,#1931,#1932,
#1933,#1934,#1935,#1936,#1937,#1938,#1939,#1940,#1941,#1942,#1943,#1944,
#1945,#1946,#1947,#1948,#1949,#1950,#1951,#1952,#1953,#1954,#1955,#1956,
#1957,#1958,#1959,#1960,#1961,#1962,#1963,#1964,#1965,#1966,#1967,#1968,
#1969,#1970,#1971,#1972,#1973,#1974,#1975,#1976,#1977,#1978,#1979,#1980,
#1981,#1982,#1983,#1984,#1985,#1986,#1987,#1988,#1989,#1990,#1991,#1992,
#1993,#1994,#1995,#1996,#1997,#1998,#1999,#2000,#2001,#2002,#2003,#2004,
#2005),(#2006,#2007,#2008,#2009,#2010,#2011,#2012,#2013,#2014,#2015,#2016,
#2017,#2018,#2019,#2020,#2021,#2022,#2023,#2024,#2025,#2026,#2027,#2028,
#2029,#2030,#2031,#2032,#2033,#2034,#2035,#2036,#2037,#2038,#2039,#2040,
#2041,#2042,#2043,#2044,#2045,#2046,#2047,#2048,#2049,#2050,#2051,#2052,
#2053,#2054,#2055,#2056,#2057,#2058,#2059,#2060,#2061,#2062,#2063,#2064,
#2065,#2066,#2067,#2068,#2069,#2070,#2071,#2072,#2073,#2074,#2075,#2076,
#2077,#2078,#2079,#2080,#2081,#2082,#2083,#2084,#2085,#2086,#2087,#2088,
#2089,#2090,#2091,#2092,#2093,#2094,#2095,#2096,#2097,#2098,#2099,#2100,
#2101,#2102,#2103,#2104,#2105,#2106,#2107,#2108,#2109,#2110,#2111,#2112,
#2113,#2114,#2115,#2116,#2117,#2118,#2119),(#2120,#2121,#2122,#2123,#2124,
#2125,#2126,#2127,#2128,#2129,#2130,#2131,#2132,#2133,#2134,#2135,#2136,
#2137,#2138,#2139,#2140,#2141,#2142,#2143,#2144,#2145,#2146,#2147,#2148,
#2149,#2150,#2151,#2152,#2153,#2154,#2155,#2156,#2157,#2158,#2159,#2160,
#2161,#2162,#2163,#2164,#2165,#2166,#2167,#2168,#2169,#2170,#2171,#2172,
#2173,#2174,#2175,#2176,#2177,#2178,#2179,#2180,#2181,#2182,#2183,#2184,
#2185,#2186,#2187,#2188,#2189,#2190,#2191,#2192,#2193,#2194,#2195,#2196,
#2197,#2198,#2199,#2200,#2201,#2202,#2203,#2204,#2205,#2206,#2207,#2208,
#2209,#2210,#2211,#2212,#2213,#2214,#2215,#2216,#2217,#2218,#2219,#2220,
#2221,#2222,#2223,#2224,#2225,#2226,#2227,#2228,#2229,#2230,#2231,#2232,
#2233),(#2234,#2235,#2236,#2237,#2238,#2239,#2240,#2241,#2242,#2243,#2244,
#2245,#2246,#2247,#2248,#2249,#2250,#2251,#2252,#2253,#2254,#2255,#2256,
#2257,#2258,#2259,#2260,#2261,#2262,#2263,#2264,#2265,#2266,#2267,#2268,
#2269,#2270,#2271,#2272,#2273,#2274,#2275,#2276,#2277,#2278,#2279,#2280,
#2281,#2282,#2283,#2284,#2285,#2286,#2287,#2288,#2289,#2290,#2291,#2292,
#2293,#2294,#2295,#2296,#2297,#2298,#2299,#2300,#2301,#2302,#2303,#2304,
#2305,#2306,#2307,#2308,#2309,#2310,#2311,#2312,#2313,#2314,#2315,#2316,
#2317,#2318,#2319,#2320,#2321,#2322,#2323,#2324,#2325,#2326,#2327,#2328,
#2329,#2330,#2331,#2332,#2333,#2334,#2335,#2336,#2337,#2338,#2339,#2340,
#2341,#2342,#2343,#2344,#2345,#2346,#2347),(#2348,#2349,#2350,#2351,#2352,
#2353,#2354,#2355,#2356,#2357,#2358,#2359,#2360,#2361,#2362,#2363,#2364,
#2365,#2366,#2367,#2368,#2369,#2370,#2371,#2372,#2373,#2374,#2375,#2376,
#2377,#2378,#2379,#2380,#2381,#2382,#2383,#2384,#2385,#2386,#2387,#2388,
#2389,#2390,#2391,#2392,#2393,#2394,#2395,#2396,#2397,#2398,#2399,#2400,
#2401,#2402,#2403,#2404,#2405,#2406,#2407,#2408,#2409,#2410,#2411,#2412,
#2413,#2414,#2415,#2416,#2417,#2418,#2419,#2420,#2421,#2422,#2423,#2424,
#2425,#2426,#2427,#2428,#2429,#2430,#2431,#2432,#2433,#2434,#2435,#2436,
#2437,#2438,#2439,#2440,#2441,#2442,#2443,#2444,#2445,#2446,#2447,#2448,
#2449,#2450,#2451,#2452,#2453,#2454,#2455,#2456,#2457,#2458,#2459,#2460,
#2461),(#2462,#2463,#2464,#2465,#2466,#2467,#2468,#2469,#2470,#2471,#2472,
#2473,#2474,#2475,#2476,#2477,#2478,#2479,#2480,#2481,#2482,#2483,#2484,
#2485,#2486,#2487,#2488,#2489,#2490,#2491,#2492,#2493,#2494,#2495,#2496,
#2497,#2498,#2499,#2500,#2501,#2502,#2503,#2504,#2505,#2506,#2507,#2508,
#2509,#2510,#2511,#2512,#2513,#2514,#2515,#2516,#2517,#2518,#2519,#2520,
#2521,#2522,#2523,#2524,#2525,#2526,#2527,#2528,#2529,#2530,#2531,#2532,
#2533,#2534,#2535,#2536,#2537,#2538,#2539,#2540,#2541,#2542,#2543,#2544,
#2545,#2546,#2547,#2548,#2549,#2550,#2551,#2552,#2553,#2554,#2555,#2556,
#2557,#2558,#2559,#2560,#2561,#2562,#2563,#2564,#2565,#2566,#2567,#2568,
#2569,#2570,#2571,#2572,#2573,#2574,#2575),(#2576,#2577,#2578,#2579,#2580,
#2581,#2582,#2583,#2584,#2585,#2586,#2587,#2588,#2589,#2590,#2591,#2592,
#2593,#2594,#2595,#2596,#2597,#2598,#2599,#2600,#2601,#2602,#2603,#2604,
#2605,#2606,#2607,#2608,#2609,#2610,#2611,#2612,#2613,#2614,#2615,#2616,
#2617,#2618,#2619,#2620,#2621,#2622,#2623,#2624,#2625,#2626,#2627,#2628,
#2629,#2630,#2631,#2632,#2633,#2634,#2635,#2636,#2637,#2638,#2639,#2640,
#2641,#2642,#2643,#2644,#2645,#2646,#2647,#2648,#2649,#2650,#2651,#2652,
#2653,#2654,#2655,#2656,#2657,#2658,#2659,#2660,#2661,#2662,#2663,#2664,
#2665,#2666,#2667,#2668,#2669,#2670,#2671,#2672,#2673,#2674,#2675,#2676,
#2677,#2678,#2679,#2680,#2681,#2682,#2683,#2684,#2685,#2686,#2687,#2688,
#2689),(#2690,#2691,#2692,#2693,#2694,#2695,#2696,#2697,#2698,#2699,#2700,
#2701,#2702,#2703,#2704,#2705,#2706,#2707,#2708,#2709,#2710,#2711,#2712,
#2713,#2714,#2715,#2716,#2717,#2718,#2719,#2720,#2721,#2722,#2723,#2724,
#2725,#2726,#2727,#2728,#2729,#2730,#2731,#2732,#2733,#2734,#2735,#2736,
#2737,#2738,#2739,#2740,#2741,#2742,#2743,#2744,#2745,#2746,#2747,#2748,
#2749,#2750,#2751,#2752,#2753,#2754,#2755,#2756,#2757,#2758,#2759,#2760,
#2761,#2762,#2763,#2764,#2765,#2766,#2767,#2768,#2769,#2770,#2771,#2772,
#2773,#2774,#2775,#2776,#2777,#2778,#2779,#2780,#2781,#2782,#2783,#2784,
#2785,#2786,#2787,#2788,#2789,#2790,#2791,#2792,#2793,#2794,#2795,#2796,
#2797,#2798,#2799,#2800,#2801,#2802,#2803)),.UNSPECIFIED.,.T.,.F.,.F.,(4,
1,1,1,1,1,1,4),(4,1,1,1,1,1,1,1,1,1,1,1,1,1,1,1,1,1,1,1,1,1,1,1,1,1,1,1,
1,1,1,1,1,1,1,1,1,1,1,1,1,1,1,1,1,1,1,1,1,1,1,1,1,1,1,1,1,1,1,1,1,1,1,1,
1,1,1,1,1,1,1,1,1,1,1,1,1,1,1,1,1,1,1,1,1,1,1,1,1,1,1,1,1,1,1,1,1,1,1,1,
1,1,1,1,1,1,1,1,1,1,1,4),(-3.14159265358979,-2.24399475256414,-1.34639685153848,
-0.448798950512828,0.448798950512828,1.34639685153848,2.24399475256414,
3.14159265358979),(-0.00168109151438544,0.447147897809112,0.89597688713261,
1.34480587645611,1.7936348657796,2.2424638551031,2.6912928444266,3.1401218337501,
3.5889508230736,4.03777981239709,4.48660880172059,4.93543779104409,5.38426678036759,
5.83309576969108,6.28192475901458,6.73075374833808,7.17958273766158,7.77802139009291,
8.37646004252424,8.97489869495557,9.5733373473869,10.1717759998182,10.3712555506287,
10.7702146522496,11.1691737538704,11.5681328554913,11.9670919571122,12.3660510587331,
12.765010160354,13.1639692619749,13.5629283635958,13.9618874652167,14.3608465668375,
14.7598056684584,15.1587647700793,15.5577238717002,15.9566829733211,16.355642074942,
16.7546011765629,17.3530398289942,17.9514784814255,18.400307470749,18.8491364600725,
19.297965449396,19.7467944387195,20.195623428043,20.6444524173665,21.09328140669,
21.5421103960135,21.990939385337,22.4397683746605,22.888597363984,23.3374263533075,
23.786255342631,24.2350843319545,24.683913321278,25.1327423106015,25.7311809630328,
26.0304002892485,26.3296196154641,26.9280582678955,27.5264969203268,28.1249355727581,
28.7233742251895,29.1223333268103,29.5212924284312,29.9202515300521,30.319210631673,
30.7181697332939,31.1171288349148,31.5160879365357,31.9150470381566,32.3140061397774,
32.7129652413983,33.1119243430192,33.5108834446401,33.8101027708558,34.1093220970714,
34.7077607495028,35.3061994019341,35.9046380543654,36.5030767067967,37.1015153592281,
37.6999540116594,38.2983926640907,38.6973517657116,39.0963108673325,39.4952699689534,
39.8942290705743,40.2931881721952,40.6921472738161,40.9913666000317,41.2905859262474,
41.8890245786787,42.4874632311101,43.0859018835414,43.5347308728649,43.9835598621884,
44.4323888515119,44.8812178408354,45.3300468301589,45.7788758194824,46.2277048088059,
46.6765337981294,47.1253627874529,47.5741917767764,48.0230207660999,48.4718497554233,
48.9206787447469,49.3695077340703,49.8183367233938,50.2671657127173),
 .UNSPECIFIED.);
#47=B_SPLINE_SURFACE_WITH_KNOTS('',3,3,((#3063,#3064,#3065,#3066,#3067,
#3068,#3069,#3070,#3071,#3072,#3073,#3074,#3075,#3076,#3077,#3078,#3079,
#3080,#3081,#3082,#3083,#3084,#3085,#3086,#3087,#3088,#3089,#3090,#3091,
#3092,#3093,#3094,#3095,#3096,#3097,#3098,#3099,#3100,#3101,#3102,#3103,
#3104,#3105,#3106,#3107,#3108,#3109,#3110,#3111,#3112,#3113,#3114,#3115,
#3116,#3117,#3118,#3119,#3120,#3121,#3122,#3123,#3124,#3125,#3126,#3127,
#3128,#3129,#3130,#3131,#3132,#3133,#3134,#3135,#3136,#3137,#3138,#3139,
#3140,#3141,#3142,#3143,#3144,#3145,#3146,#3147,#3148,#3149,#3150,#3151,
#3152,#3153,#3154,#3155,#3156,#3157,#3158,#3159,#3160,#3161,#3162,#3163,
#3164,#3165,#3166,#3167),(#3168,#3169,#3170,#3171,#3172,#3173,#3174,#3175,
#3176,#3177,#3178,#3179,#3180,#3181,#3182,#3183,#3184,#3185,#3186,#3187,
#3188,#3189,#3190,#3191,#3192,#3193,#3194,#3195,#3196,#3197,#3198,#3199,
#3200,#3201,#3202,#3203,#3204,#3205,#3206,#3207,#3208,#3209,#3210,#3211,
#3212,#3213,#3214,#3215,#3216,#3217,#3218,#3219,#3220,#3221,#3222,#3223,
#3224,#3225,#3226,#3227,#3228,#3229,#3230,#3231,#3232,#3233,#3234,#3235,
#3236,#3237,#3238,#3239,#3240,#3241,#3242,#3243,#3244,#3245,#3246,#3247,
#3248,#3249,#3250,#3251,#3252,#3253,#3254,#3255,#3256,#3257,#3258,#3259,
#3260,#3261,#3262,#3263,#3264,#3265,#3266,#3267,#3268,#3269,#3270,#3271,
#3272),(#3273,#3274,#3275,#3276,#3277,#3278,#3279,#3280,#3281,#3282,#3283,
#3284,#3285,#3286,#3287,#3288,#3289,#3290,#3291,#3292,#3293,#3294,#3295,
#3296,#3297,#3298,#3299,#3300,#3301,#3302,#3303,#3304,#3305,#3306,#3307,
#3308,#3309,#3310,#3311,#3312,#3313,#3314,#3315,#3316,#3317,#3318,#3319,
#3320,#3321,#3322,#3323,#3324,#3325,#3326,#3327,#3328,#3329,#3330,#3331,
#3332,#3333,#3334,#3335,#3336,#3337,#3338,#3339,#3340,#3341,#3342,#3343,
#3344,#3345,#3346,#3347,#3348,#3349,#3350,#3351,#3352,#3353,#3354,#3355,
#3356,#3357,#3358,#3359,#3360,#3361,#3362,#3363,#3364,#3365,#3366,#3367,
#3368,#3369,#3370,#3371,#3372,#3373,#3374,#3375,#3376,#3377),(#3378,#3379,
#3380,#3381,#3382,#3383,#3384,#3385,#3386,#3387,#3388,#3389,#3390,#3391,
#3392,#3393,#3394,#3395,#3396,#3397,#3398,#3399,#3400,#3401,#3402,#3403,
#3404,#3405,#3406,#3407,#3408,#3409,#3410,#3411,#3412,#3413,#3414,#3415,
#3416,#3417,#3418,#3419,#3420,#3421,#3422,#3423,#3424,#3425,#3426,#3427,
#3428,#3429,#3430,#3431,#3432,#3433,#3434,#3435,#3436,#3437,#3438,#3439,
#3440,#3441,#3442,#3443,#3444,#3445,#3446,#3447,#3448,#3449,#3450,#3451,
#3452,#3453,#3454,#3455,#3456,#3457,#3458,#3459,#3460,#3461,#3462,#3463,
#3464,#3465,#3466,#3467,#3468,#3469,#3470,#3471,#3472,#3473,#3474,#3475,
#3476,#3477,#3478,#3479,#3480,#3481,#3482),(#3483,#3484,#3485,#3486,#3487,
#3488,#3489,#3490,#3491,#3492,#3493,#3494,#3495,#3496,#3497,#3498,#3499,
#3500,#3501,#3502,#3503,#3504,#3505,#3506,#3507,#3508,#3509,#3510,#3511,
#3512,#3513,#3514,#3515,#3516,#3517,#3518,#3519,#3520,#3521,#3522,#3523,
#3524,#3525,#3526,#3527,#3528,#3529,#3530,#3531,#3532,#3533,#3534,#3535,
#3536,#3537,#3538,#3539,#3540,#3541,#3542,#3543,#3544,#3545,#3546,#3547,
#3548,#3549,#3550,#3551,#3552,#3553,#3554,#3555,#3556,#3557,#3558,#3559,
#3560,#3561,#3562,#3563,#3564,#3565,#3566,#3567,#3568,#3569,#3570,#3571,
#3572,#3573,#3574,#3575,#3576,#3577,#3578,#3579,#3580,#3581,#3582,#3583,
#3584,#3585,#3586,#3587),(#3588,#3589,#3590,#3591,#3592,#3593,#3594,#3595,
#3596,#3597,#3598,#3599,#3600,#3601,#3602,#3603,#3604,#3605,#3606,#3607,
#3608,#3609,#3610,#3611,#3612,#3613,#3614,#3615,#3616,#3617,#3618,#3619,
#3620,#3621,#3622,#3623,#3624,#3625,#3626,#3627,#3628,#3629,#3630,#3631,
#3632,#3633,#3634,#3635,#3636,#3637,#3638,#3639,#3640,#3641,#3642,#3643,
#3644,#3645,#3646,#3647,#3648,#3649,#3650,#3651,#3652,#3653,#3654,#3655,
#3656,#3657,#3658,#3659,#3660,#3661,#3662,#3663,#3664,#3665,#3666,#3667,
#3668,#3669,#3670,#3671,#3672,#3673,#3674,#3675,#3676,#3677,#3678,#3679,
#3680,#3681,#3682,#3683,#3684,#3685,#3686,#3687,#3688,#3689,#3690,#3691,
#3692),(#3693,#3694,#3695,#3696,#3697,#3698,#3699,#3700,#3701,#3702,#3703,
#3704,#3705,#3706,#3707,#3708,#3709,#3710,#3711,#3712,#3713,#3714,#3715,
#3716,#3717,#3718,#3719,#3720,#3721,#3722,#3723,#3724,#3725,#3726,#3727,
#3728,#3729,#3730,#3731,#3732,#3733,#3734,#3735,#3736,#3737,#3738,#3739,
#3740,#3741,#3742,#3743,#3744,#3745,#3746,#3747,#3748,#3749,#3750,#3751,
#3752,#3753,#3754,#3755,#3756,#3757,#3758,#3759,#3760,#3761,#3762,#3763,
#3764,#3765,#3766,#3767,#3768,#3769,#3770,#3771,#3772,#3773,#3774,#3775,
#3776,#3777,#3778,#3779,#3780,#3781,#3782,#3783,#3784,#3785,#3786,#3787,
#3788,#3789,#3790,#3791,#3792,#3793,#3794,#3795,#3796,#3797),(#3798,#3799,
#3800,#3801,#3802,#3803,#3804,#3805,#3806,#3807,#3808,#3809,#3810,#3811,
#3812,#3813,#3814,#3815,#3816,#3817,#3818,#3819,#3820,#3821,#3822,#3823,
#3824,#3825,#3826,#3827,#3828,#3829,#3830,#3831,#3832,#3833,#3834,#3835,
#3836,#3837,#3838,#3839,#3840,#3841,#3842,#3843,#3844,#3845,#3846,#3847,
#3848,#3849,#3850,#3851,#3852,#3853,#3854,#3855,#3856,#3857,#3858,#3859,
#3860,#3861,#3862,#3863,#3864,#3865,#3866,#3867,#3868,#3869,#3870,#3871,
#3872,#3873,#3874,#3875,#3876,#3877,#3878,#3879,#3880,#3881,#3882,#3883,
#3884,#3885,#3886,#3887,#3888,#3889,#3890,#3891,#3892,#3893,#3894,#3895,
#3896,#3897,#3898,#3899,#3900,#3901,#3902),(#3903,#3904,#3905,#3906,#3907,
#3908,#3909,#3910,#3911,#3912,#3913,#3914,#3915,#3916,#3917,#3918,#3919,
#3920,#3921,#3922,#3923,#3924,#3925,#3926,#3927,#3928,#3929,#3930,#3931,
#3932,#3933,#3934,#3935,#3936,#3937,#3938,#3939,#3940,#3941,#3942,#3943,
#3944,#3945,#3946,#3947,#3948,#3949,#3950,#3951,#3952,#3953,#3954,#3955,
#3956,#3957,#3958,#3959,#3960,#3961,#3962,#3963,#3964,#3965,#3966,#3967,
#3968,#3969,#3970,#3971,#3972,#3973,#3974,#3975,#3976,#3977,#3978,#3979,
#3980,#3981,#3982,#3983,#3984,#3985,#3986,#3987,#3988,#3989,#3990,#3991,
#3992,#3993,#3994,#3995,#3996,#3997,#3998,#3999,#4000,#4001,#4002,#4003,
#4004,#4005,#4006,#4007),(#4008,#4009,#4010,#4011,#4012,#4013,#4014,#4015,
#4016,#4017,#4018,#4019,#4020,#4021,#4022,#4023,#4024,#4025,#4026,#4027,
#4028,#4029,#4030,#4031,#4032,#4033,#4034,#4035,#4036,#4037,#4038,#4039,
#4040,#4041,#4042,#4043,#4044,#4045,#4046,#4047,#4048,#4049,#4050,#4051,
#4052,#4053,#4054,#4055,#4056,#4057,#4058,#4059,#4060,#4061,#4062,#4063,
#4064,#4065,#4066,#4067,#4068,#4069,#4070,#4071,#4072,#4073,#4074,#4075,
#4076,#4077,#4078,#4079,#4080,#4081,#4082,#4083,#4084,#4085,#4086,#4087,
#4088,#4089,#4090,#4091,#4092,#4093,#4094,#4095,#4096,#4097,#4098,#4099,
#4100,#4101,#4102,#4103,#4104,#4105,#4106,#4107,#4108,#4109,#4110,#4111,
#4112)),.UNSPECIFIED.,.T.,.F.,.F.,(4,1,1,1,1,1,1,4),(4,1,1,1,1,1,1,1,1,
1,1,1,1,1,1,1,1,1,1,1,1,1,1,1,1,1,1,1,1,1,1,1,1,1,1,1,1,1,1,1,1,1,1,1,1,
1,1,1,1,1,1,1,1,1,1,1,1,1,1,1,1,1,1,1,1,1,1,1,1,1,1,1,1,1,1,1,1,1,1,1,1,
1,1,1,1,1,1,1,1,1,1,1,1,1,1,1,1,1,1,1,1,1,4),(-3.14159265358979,-2.24399475256414,
-1.34639685153848,-0.448798950512828,0.448798950512828,1.34639685153848,
2.24399475256414,3.14159265358979),(0.,0.492798847621928,0.985597695243857,
1.47839654286579,1.97119539048771,2.46399423810964,2.95679308573157,3.4495919333535,
3.94239078097543,4.43518962859735,4.92798847621928,5.42078732384121,5.91358617146314,
6.40638501908507,6.899183866707,7.39198271432893,7.88478156195085,8.37758040957278,
8.87037925719471,9.36317810481664,9.85597695243857,10.3487758000605,10.8415746476824,
11.3343734953044,11.8271723429263,12.3199711905482,12.8127700381701,13.3055688857921,
13.798367733414,14.2911665810359,14.7839654286578,15.2767642762798,15.7695631239017,
16.2623619715236,16.7551608191456,17.2479596667675,17.7407585143894,18.2335573620113,
18.7263562096333,19.2191550572552,19.7119539048771,20.2047527524991,20.697551600121,
21.1903504477429,21.6831492953648,22.1759481429868,22.6687469906087,23.1615458382306,
23.6543446858526,24.1471435334745,24.6399423810964,25.1327412287183,25.6255400763403,
26.1183389239622,26.6111377715841,27.1039366192061,27.596735466828,28.0895343144499,
28.5823331620718,29.0751320096938,29.5679308573157,30.0607297049376,30.5535285525596,
31.0463274001815,31.5391262478034,32.0319250954253,32.5247239430473,33.0175227906692,
33.5103216382911,34.0031204859131,34.495919333535,34.9887181811569,35.4815170287788,
35.9743158764008,36.4671147240227,36.9599135716446,37.4527124192666,37.9455112668885,
38.4383101145104,38.9311089621323,39.4239078097543,39.9167066573762,40.4095055049981,
40.90230435262,41.395103200242,41.8879020478639,42.3807008954858,42.8734997431078,
43.3662985907297,43.8590974383516,44.3518962859736,44.8446951335955,45.3374939812174,
45.8302928288393,46.3230916764613,46.8158905240832,47.3086893717051,47.801488219327,
48.294287066949,48.7870859145709,49.2798847621928,49.7726836098148,50.2654824574367),
 .UNSPECIFIED.);
#48=B_SPLINE_SURFACE_WITH_KNOTS('',3,3,((#4244,#4245,#4246,#4247,#4248,
#4249,#4250,#4251,#4252,#4253,#4254,#4255,#4256,#4257,#4258,#4259,#4260,
#4261,#4262,#4263,#4264,#4265,#4266,#4267,#4268,#4269,#4270,#4271,#4272,
#4273,#4274,#4275,#4276,#4277,#4278,#4279,#4280,#4281,#4282,#4283,#4284,
#4285,#4286,#4287,#4288,#4289,#4290,#4291,#4292,#4293,#4294,#4295,#4296,
#4297,#4298,#4299,#4300,#4301,#4302,#4303,#4304,#4305,#4306,#4307,#4308,
#4309,#4310,#4311,#4312,#4313,#4314,#4315,#4316,#4317,#4318,#4319,#4320,
#4321,#4322,#4323,#4324,#4325,#4326,#4327,#4328,#4329,#4330,#4331,#4332,
#4333,#4334,#4335,#4336,#4337,#4338,#4339,#4340,#4341,#4342,#4343,#4344,
#4345,#4346,#4347,#4348),(#4349,#4350,#4351,#4352,#4353,#4354,#4355,#4356,
#4357,#4358,#4359,#4360,#4361,#4362,#4363,#4364,#4365,#4366,#4367,#4368,
#4369,#4370,#4371,#4372,#4373,#4374,#4375,#4376,#4377,#4378,#4379,#4380,
#4381,#4382,#4383,#4384,#4385,#4386,#4387,#4388,#4389,#4390,#4391,#4392,
#4393,#4394,#4395,#4396,#4397,#4398,#4399,#4400,#4401,#4402,#4403,#4404,
#4405,#4406,#4407,#4408,#4409,#4410,#4411,#4412,#4413,#4414,#4415,#4416,
#4417,#4418,#4419,#4420,#4421,#4422,#4423,#4424,#4425,#4426,#4427,#4428,
#4429,#4430,#4431,#4432,#4433,#4434,#4435,#4436,#4437,#4438,#4439,#4440,
#4441,#4442,#4443,#4444,#4445,#4446,#4447,#4448,#4449,#4450,#4451,#4452,
#4453),(#4454,#4455,#4456,#4457,#4458,#4459,#4460,#4461,#4462,#4463,#4464,
#4465,#4466,#4467,#4468,#4469,#4470,#4471,#4472,#4473,#4474,#4475,#4476,
#4477,#4478,#4479,#4480,#4481,#4482,#4483,#4484,#4485,#4486,#4487,#4488,
#4489,#4490,#4491,#4492,#4493,#4494,#4495,#4496,#4497,#4498,#4499,#4500,
#4501,#4502,#4503,#4504,#4505,#4506,#4507,#4508,#4509,#4510,#4511,#4512,
#4513,#4514,#4515,#4516,#4517,#4518,#4519,#4520,#4521,#4522,#4523,#4524,
#4525,#4526,#4527,#4528,#4529,#4530,#4531,#4532,#4533,#4534,#4535,#4536,
#4537,#4538,#4539,#4540,#4541,#4542,#4543,#4544,#4545,#4546,#4547,#4548,
#4549,#4550,#4551,#4552,#4553,#4554,#4555,#4556,#4557,#4558),(#4559,#4560,
#4561,#4562,#4563,#4564,#4565,#4566,#4567,#4568,#4569,#4570,#4571,#4572,
#4573,#4574,#4575,#4576,#4577,#4578,#4579,#4580,#4581,#4582,#4583,#4584,
#4585,#4586,#4587,#4588,#4589,#4590,#4591,#4592,#4593,#4594,#4595,#4596,
#4597,#4598,#4599,#4600,#4601,#4602,#4603,#4604,#4605,#4606,#4607,#4608,
#4609,#4610,#4611,#4612,#4613,#4614,#4615,#4616,#4617,#4618,#4619,#4620,
#4621,#4622,#4623,#4624,#4625,#4626,#4627,#4628,#4629,#4630,#4631,#4632,
#4633,#4634,#4635,#4636,#4637,#4638,#4639,#4640,#4641,#4642,#4643,#4644,
#4645,#4646,#4647,#4648,#4649,#4650,#4651,#4652,#4653,#4654,#4655,#4656,
#4657,#4658,#4659,#4660,#4661,#4662,#4663),(#4664,#4665,#4666,#4667,#4668,
#4669,#4670,#4671,#4672,#4673,#4674,#4675,#4676,#4677,#4678,#4679,#4680,
#4681,#4682,#4683,#4684,#4685,#4686,#4687,#4688,#4689,#4690,#4691,#4692,
#4693,#4694,#4695,#4696,#4697,#4698,#4699,#4700,#4701,#4702,#4703,#4704,
#4705,#4706,#4707,#4708,#4709,#4710,#4711,#4712,#4713,#4714,#4715,#4716,
#4717,#4718,#4719,#4720,#4721,#4722,#4723,#4724,#4725,#4726,#4727,#4728,
#4729,#4730,#4731,#4732,#4733,#4734,#4735,#4736,#4737,#4738,#4739,#4740,
#4741,#4742,#4743,#4744,#4745,#4746,#4747,#4748,#4749,#4750,#4751,#4752,
#4753,#4754,#4755,#4756,#4757,#4758,#4759,#4760,#4761,#4762,#4763,#4764,
#4765,#4766,#4767,#4768),(#4769,#4770,#4771,#4772,#4773,#4774,#4775,#4776,
#4777,#4778,#4779,#4780,#4781,#4782,#4783,#4784,#4785,#4786,#4787,#4788,
#4789,#4790,#4791,#4792,#4793,#4794,#4795,#4796,#4797,#4798,#4799,#4800,
#4801,#4802,#4803,#4804,#4805,#4806,#4807,#4808,#4809,#4810,#4811,#4812,
#4813,#4814,#4815,#4816,#4817,#4818,#4819,#4820,#4821,#4822,#4823,#4824,
#4825,#4826,#4827,#4828,#4829,#4830,#4831,#4832,#4833,#4834,#4835,#4836,
#4837,#4838,#4839,#4840,#4841,#4842,#4843,#4844,#4845,#4846,#4847,#4848,
#4849,#4850,#4851,#4852,#4853,#4854,#4855,#4856,#4857,#4858,#4859,#4860,
#4861,#4862,#4863,#4864,#4865,#4866,#4867,#4868,#4869,#4870,#4871,#4872,
#4873),(#4874,#4875,#4876,#4877,#4878,#4879,#4880,#4881,#4882,#4883,#4884,
#4885,#4886,#4887,#4888,#4889,#4890,#4891,#4892,#4893,#4894,#4895,#4896,
#4897,#4898,#4899,#4900,#4901,#4902,#4903,#4904,#4905,#4906,#4907,#4908,
#4909,#4910,#4911,#4912,#4913,#4914,#4915,#4916,#4917,#4918,#4919,#4920,
#4921,#4922,#4923,#4924,#4925,#4926,#4927,#4928,#4929,#4930,#4931,#4932,
#4933,#4934,#4935,#4936,#4937,#4938,#4939,#4940,#4941,#4942,#4943,#4944,
#4945,#4946,#4947,#4948,#4949,#4950,#4951,#4952,#4953,#4954,#4955,#4956,
#4957,#4958,#4959,#4960,#4961,#4962,#4963,#4964,#4965,#4966,#4967,#4968,
#4969,#4970,#4971,#4972,#4973,#4974,#4975,#4976,#4977,#4978),(#4979,#4980,
#4981,#4982,#4983,#4984,#4985,#4986,#4987,#4988,#4989,#4990,#4991,#4992,
#4993,#4994,#4995,#4996,#4997,#4998,#4999,#5000,#5001,#5002,#5003,#5004,
#5005,#5006,#5007,#5008,#5009,#5010,#5011,#5012,#5013,#5014,#5015,#5016,
#5017,#5018,#5019,#5020,#5021,#5022,#5023,#5024,#5025,#5026,#5027,#5028,
#5029,#5030,#5031,#5032,#5033,#5034,#5035,#5036,#5037,#5038,#5039,#5040,
#5041,#5042,#5043,#5044,#5045,#5046,#5047,#5048,#5049,#5050,#5051,#5052,
#5053,#5054,#5055,#5056,#5057,#5058,#5059,#5060,#5061,#5062,#5063,#5064,
#5065,#5066,#5067,#5068,#5069,#5070,#5071,#5072,#5073,#5074,#5075,#5076,
#5077,#5078,#5079,#5080,#5081,#5082,#5083),(#5084,#5085,#5086,#5087,#5088,
#5089,#5090,#5091,#5092,#5093,#5094,#5095,#5096,#5097,#5098,#5099,#5100,
#5101,#5102,#5103,#5104,#5105,#5106,#5107,#5108,#5109,#5110,#5111,#5112,
#5113,#5114,#5115,#5116,#5117,#5118,#5119,#5120,#5121,#5122,#5123,#5124,
#5125,#5126,#5127,#5128,#5129,#5130,#5131,#5132,#5133,#5134,#5135,#5136,
#5137,#5138,#5139,#5140,#5141,#5142,#5143,#5144,#5145,#5146,#5147,#5148,
#5149,#5150,#5151,#5152,#5153,#5154,#5155,#5156,#5157,#5158,#5159,#5160,
#5161,#5162,#5163,#5164,#5165,#5166,#5167,#5168,#5169,#5170,#5171,#5172,
#5173,#5174,#5175,#5176,#5177,#5178,#5179,#5180,#5181,#5182,#5183,#5184,
#5185,#5186,#5187,#5188),(#5189,#5190,#5191,#5192,#5193,#5194,#5195,#5196,
#5197,#5198,#5199,#5200,#5201,#5202,#5203,#5204,#5205,#5206,#5207,#5208,
#5209,#5210,#5211,#5212,#5213,#5214,#5215,#5216,#5217,#5218,#5219,#5220,
#5221,#5222,#5223,#5224,#5225,#5226,#5227,#5228,#5229,#5230,#5231,#5232,
#5233,#5234,#5235,#5236,#5237,#5238,#5239,#5240,#5241,#5242,#5243,#5244,
#5245,#5246,#5247,#5248,#5249,#5250,#5251,#5252,#5253,#5254,#5255,#5256,
#5257,#5258,#5259,#5260,#5261,#5262,#5263,#5264,#5265,#5266,#5267,#5268,
#5269,#5270,#5271,#5272,#5273,#5274,#5275,#5276,#5277,#5278,#5279,#5280,
#5281,#5282,#5283,#5284,#5285,#5286,#5287,#5288,#5289,#5290,#5291,#5292,
#5293)),.UNSPECIFIED.,.T.,.F.,.F.,(4,1,1,1,1,1,1,4),(4,1,1,1,1,1,1,1,1,
1,1,1,1,1,1,1,1,1,1,1,1,1,1,1,1,1,1,1,1,1,1,1,1,1,1,1,1,1,1,1,1,1,1,1,1,
1,1,1,1,1,1,1,1,1,1,1,1,1,1,1,1,1,1,1,1,1,1,1,1,1,1,1,1,1,1,1,1,1,1,1,1,
1,1,1,1,1,1,1,1,1,1,1,1,1,1,1,1,1,1,1,1,1,4),(-3.14159265358979,-2.24399475256414,
-1.34639685153848,-0.448798950512828,0.448798950512828,1.34639685153848,
2.24399475256414,3.14159265358979),(0.,0.492798847621928,0.985597695243857,
1.47839654286579,1.97119539048771,2.46399423810964,2.95679308573157,3.4495919333535,
3.94239078097543,4.43518962859735,4.92798847621928,5.42078732384121,5.91358617146314,
6.40638501908507,6.899183866707,7.39198271432893,7.88478156195085,8.37758040957278,
8.87037925719471,9.36317810481664,9.85597695243857,10.3487758000605,10.8415746476824,
11.3343734953044,11.8271723429263,12.3199711905482,12.8127700381701,13.3055688857921,
13.798367733414,14.2911665810359,14.7839654286578,15.2767642762798,15.7695631239017,
16.2623619715236,16.7551608191456,17.2479596667675,17.7407585143894,18.2335573620113,
18.7263562096333,19.2191550572552,19.7119539048771,20.2047527524991,20.697551600121,
21.1903504477429,21.6831492953648,22.1759481429868,22.6687469906087,23.1615458382306,
23.6543446858526,24.1471435334745,24.6399423810964,25.1327412287183,25.6255400763403,
26.1183389239622,26.6111377715841,27.1039366192061,27.596735466828,28.0895343144499,
28.5823331620718,29.0751320096938,29.5679308573157,30.0607297049376,30.5535285525596,
31.0463274001815,31.5391262478034,32.0319250954253,32.5247239430473,33.0175227906692,
33.5103216382911,34.0031204859131,34.495919333535,34.9887181811569,35.4815170287788,
35.9743158764008,36.4671147240227,36.9599135716446,37.4527124192666,37.9455112668885,
38.4383101145104,38.9311089621323,39.4239078097543,39.9167066573762,40.4095055049981,
40.90230435262,41.395103200242,41.8879020478639,42.3807008954858,42.8734997431078,
43.3662985907297,43.8590974383516,44.3518962859736,44.8446951335955,45.3374939812174,
45.8302928288393,46.3230916764613,46.8158905240832,47.3086893717051,47.801488219327,
48.294287066949,48.7870859145709,49.2798847621928,49.7726836098148,50.2654824574367),
 .UNSPECIFIED.);
#49=FACE_OUTER_BOUND('',#64,.T.);
#50=FACE_OUTER_BOUND('',#65,.T.);
#51=FACE_OUTER_BOUND('',#66,.T.);
#52=FACE_OUTER_BOUND('',#67,.T.);
#53=FACE_OUTER_BOUND('',#68,.T.);
#54=FACE_OUTER_BOUND('',#69,.T.);
#55=FACE_OUTER_BOUND('',#71,.T.);
#56=FACE_OUTER_BOUND('',#73,.T.);
#57=FACE_OUTER_BOUND('',#74,.T.);
#58=FACE_OUTER_BOUND('',#75,.T.);
#59=FACE_OUTER_BOUND('',#76,.T.);
#60=FACE_OUTER_BOUND('',#77,.T.);
#61=FACE_OUTER_BOUND('',#78,.T.);
#62=FACE_OUTER_BOUND('',#79,.T.);
#63=FACE_OUTER_BOUND('',#80,.T.);
#64=EDGE_LOOP('',(#118));
#65=EDGE_LOOP('',(#119,#120,#121,#122));
#66=EDGE_LOOP('',(#123));
#67=EDGE_LOOP('',(#124,#125,#126,#127));
#68=EDGE_LOOP('',(#128,#129,#130,#131));
#69=EDGE_LOOP('',(#132));
#70=EDGE_LOOP('',(#133));
#71=EDGE_LOOP('',(#134));
#72=EDGE_LOOP('',(#135));
#73=EDGE_LOOP('',(#136));
#74=EDGE_LOOP('',(#137));
#75=EDGE_LOOP('',(#138));
#76=EDGE_LOOP('',(#139));
#77=EDGE_LOOP('',(#140,#141,#142,#143));
#78=EDGE_LOOP('',(#144));
#79=EDGE_LOOP('',(#145));
#80=EDGE_LOOP('',(#146,#147,#148,#149));
#81=B_SPLINE_CURVE_WITH_KNOTS('',3,(#262,#263,#264,#265,#266,#267,#268,
#269,#270,#271,#272,#273,#274,#275,#276,#277,#278,#279,#280,#281,#282,#283,
#284,#285,#286,#287,#288,#289,#290,#291,#292,#293,#294,#295,#296,#297,#298,
#299,#300,#301,#302,#303,#304,#305,#306,#307,#308,#309,#310,#311,#312,#313,
#314,#315,#316,#317,#318,#319,#320,#321,#322,#323,#324,#325,#326,#327,#328,
#329,#330,#331,#332,#333,#334),.UNSPECIFIED.,.T.,.F.,(4,3,3,3,3,3,3,3,3,
3,3,3,3,3,3,3,3,3,3,3,3,3,3,3,4),(0.00844996027339788,0.0311867021450453,
0.0623899045899126,0.0803897221320041,0.0936236476699258,0.124889820119887,
0.152478246575725,0.156173935536324,0.187446950640109,0.218678800871851,
0.224481116316255,0.249862633116988,0.281028088058968,0.296341746829662,
0.312221931172706,0.343468887355695,0.368371819113136,0.374753982549406,
0.406040447314681,0.437298393246708,0.440440098347747,0.468518974555374,
0.486182911514619,0.503840310442485,0.512290270715883),.UNSPECIFIED.);
#82=B_SPLINE_CURVE_WITH_KNOTS('',3,(#1476,#1477,#1478,#1479,#1480,#1481,
#1482,#1483,#1484,#1485,#1486,#1487,#1488,#1489,#1490,#1491,#1492,#1493,
#1494,#1495,#1496,#1497,#1498,#1499,#1500,#1501,#1502,#1503,#1504,#1505,
#1506,#1507,#1508,#1509,#1510,#1511,#1512,#1513,#1514,#1515,#1516,#1517,
#1518,#1519,#1520,#1521,#1522,#1523,#1524,#1525,#1526,#1527,#1528,#1529,
#1530,#1531,#1532,#1533,#1534,#1535,#1536,#1537,#1538,#1539,#1540,#1541,
#1542,#1543,#1544,#1545,#1546,#1547,#1548),.UNSPECIFIED.,.T.,.F.,(4,3,3,
3,3,3,3,3,3,3,3,3,3,3,3,3,3,3,3,3,3,3,3,3,4),(0.411015236550002,0.437271731567367,
0.468478662833909,0.482924183519074,0.486160847677464,0.503855164053431,
0.535128959176828,0.554970958542161,0.566414553893253,0.597680778818774,
0.626992326642112,0.628901014144939,0.66007725519326,0.691246547946855,
0.698831941247456,0.722453682691498,0.753713694877805,0.770865826239221,
0.785003534364374,0.816285785723371,0.842958784383171,0.847535177503712,
0.878748221521677,0.909938443798645,0.914870400603433),.UNSPECIFIED.);
#83=B_SPLINE_CURVE_WITH_KNOTS('',3,(#1549,#1550,#1551,#1552,#1553,#1554,
#1555,#1556,#1557,#1558,#1559,#1560,#1561,#1562,#1563,#1564,#1565,#1566,
#1567,#1568,#1569,#1570,#1571,#1572,#1573,#1574,#1575,#1576,#1577,#1578,
#1579,#1580,#1581,#1582,#1583,#1584,#1585,#1586,#1587,#1588,#1589,#1590,
#1591,#1592,#1593,#1594,#1595,#1596,#1597,#1598,#1599,#1600,#1601,#1602,
#1603,#1604,#1605,#1606,#1607,#1608,#1609,#1610,#1611,#1612,#1613,#1614,
#1615,#1616,#1617,#1618,#1619,#1620,#1621,#1622,#1623,#1624,#1625,#1626,
#1627,#1628,#1629,#1630,#1631,#1632,#1633,#1634,#1635,#1636,#1637,#1638,
#1639,#1640,#1641,#1642,#1643,#1644,#1645,#1646,#1647,#1648,#1649,#1650,
#1651,#1652,#1653,#1654,#1655,#1656,#1657,#1658,#1659,#1660,#1661,#1662),
 .UNSPECIFIED.,.F.,.F.,(4,1,1,1,1,1,1,1,1,1,1,1,1,1,1,1,1,1,1,1,1,1,1,1,
1,1,1,1,1,1,1,1,1,1,1,1,1,1,1,1,1,1,1,1,1,1,1,1,1,1,1,1,1,1,1,1,1,1,1,1,
1,1,1,1,1,1,1,1,1,1,1,1,1,1,1,1,1,1,1,1,1,1,1,1,1,1,1,1,1,1,1,1,1,1,1,1,
1,1,1,1,1,1,1,1,1,1,1,1,1,1,1,4),(0.,0.447147897809112,0.89597688713261,
1.34480587645611,1.7936348657796,2.2424638551031,2.6912928444266,3.1401218337501,
3.5889508230736,4.03777981239709,4.48660880172059,4.93543779104409,5.38426678036759,
5.83309576969108,6.28192475901458,6.73075374833808,7.17958273766158,7.77802139009291,
8.37646004252424,8.97489869495557,9.5733373473869,10.1717759998182,10.3712555506287,
10.7702146522496,11.1691737538704,11.5681328554913,11.9670919571122,12.3660510587331,
12.765010160354,13.1639692619749,13.5629283635958,13.9618874652167,14.3608465668375,
14.7598056684584,15.1587647700793,15.5577238717002,15.9566829733211,16.355642074942,
16.7546011765629,17.3530398289942,17.9514784814255,18.400307470749,18.8491364600725,
19.297965449396,19.7467944387195,20.195623428043,20.6444524173665,21.09328140669,
21.5421103960135,21.990939385337,22.4397683746605,22.888597363984,23.3374263533075,
23.786255342631,24.2350843319545,24.683913321278,25.1327423106015,25.7311809630328,
26.0304002892485,26.3296196154641,26.9280582678955,27.5264969203268,28.1249355727581,
28.7233742251895,29.1223333268103,29.5212924284312,29.9202515300521,30.319210631673,
30.7181697332939,31.1171288349148,31.5160879365357,31.9150470381566,32.3140061397774,
32.7129652413983,33.1119243430192,33.5108834446401,33.8101027708558,34.1093220970714,
34.7077607495028,35.3061994019341,35.9046380543654,36.5030767067967,37.1015153592281,
37.6999540116594,38.2983926640907,38.6973517657116,39.0963108673325,39.4952699689534,
39.8942290705743,40.2931881721952,40.6921472738161,40.9913666000317,41.2905859262474,
41.8890245786787,42.4874632311101,43.0859018835414,43.5347308728649,43.9835598621884,
44.4323888515119,44.8812178408354,45.3300468301589,45.7788758194824,46.2277048088059,
46.6765337981294,47.1253627874529,47.5741917767764,48.0230207660999,48.4718497554233,
48.9206787447469,49.3695077340703,49.8183367233938,50.2654824574367),
 .UNSPECIFIED.);
#84=B_SPLINE_CURVE_WITH_KNOTS('',3,(#2805,#2806,#2807,#2808,#2809,#2810,
#2811,#2812,#2813,#2814,#2815,#2816,#2817,#2818,#2819,#2820,#2821,#2822,
#2823,#2824,#2825,#2826,#2827,#2828,#2829,#2830,#2831,#2832,#2833,#2834,
#2835,#2836,#2837,#2838,#2839,#2840,#2841,#2842,#2843,#2844,#2845,#2846,
#2847,#2848,#2849,#2850,#2851,#2852,#2853,#2854,#2855,#2856,#2857,#2858,
#2859,#2860,#2861,#2862,#2863,#2864,#2865,#2866,#2867,#2868,#2869,#2870,
#2871,#2872,#2873,#2874),.UNSPECIFIED.,.T.,.F.,(4,3,3,3,3,3,3,3,3,3,3,3,
3,3,3,3,3,3,3,3,3,3,3,4),(0.,0.0311892891418576,0.0623997741184526,0.071919044511951,
0.0936427296300741,0.124915893293266,0.14401670234469,0.156200263425118,
0.187464524205925,0.216037858293725,0.218682468902216,0.249856971386349,
0.281025696768318,0.287873589589518,0.312233109955619,0.343493283112079,
0.359904338569786,0.374782476137515,0.40606330694795,0.431996950316161,
0.437310980232432,0.468522503068589,0.486183311985467,0.503839572267087),
 .UNSPECIFIED.);
#85=B_SPLINE_CURVE_WITH_KNOTS('',3,(#2876,#2877,#2878,#2879,#2880,#2881,
#2882,#2883,#2884,#2885,#2886,#2887,#2888,#2889,#2890,#2891,#2892,#2893,
#2894,#2895,#2896,#2897,#2898,#2899,#2900,#2901,#2902,#2903,#2904,#2905,
#2906,#2907,#2908,#2909,#2910,#2911,#2912,#2913,#2914,#2915,#2916,#2917,
#2918,#2919,#2920,#2921,#2922,#2923,#2924,#2925,#2926,#2927,#2928,#2929,
#2930,#2931,#2932,#2933,#2934,#2935,#2936,#2937,#2938,#2939,#2940,#2941,
#2942,#2943,#2944,#2945,#2946,#2947,#2948,#2949,#2950,#2951,#2952,#2953,
#2954,#2955,#2956,#2957,#2958,#2959,#2960,#2961,#2962,#2963,#2964,#2965,
#2966,#2967,#2968,#2969,#2970,#2971,#2972,#2973,#2974,#2975,#2976,#2977,
#2978,#2979,#2980,#2981,#2982,#2983,#2984,#2985,#2986,#2987,#2988,#2989),
 .UNSPECIFIED.,.F.,.F.,(4,1,1,1,1,1,1,1,1,1,1,1,1,1,1,1,1,1,1,1,1,1,1,1,
1,1,1,1,1,1,1,1,1,1,1,1,1,1,1,1,1,1,1,1,1,1,1,1,1,1,1,1,1,1,1,1,1,1,1,1,
1,1,1,1,1,1,1,1,1,1,1,1,1,1,1,1,1,1,1,1,1,1,1,1,1,1,1,1,1,1,1,1,1,1,1,1,
1,1,1,1,1,1,1,1,1,1,1,1,1,1,1,4),(0.,0.447147897809112,0.89597688713261,
1.34480587645611,1.7936348657796,2.2424638551031,2.6912928444266,3.1401218337501,
3.5889508230736,4.03777981239709,4.48660880172059,4.93543779104409,5.38426678036759,
5.83309576969108,6.28192475901458,6.73075374833808,7.17958273766158,7.77802139009291,
8.37646004252424,8.97489869495557,9.5733373473869,10.1717759998182,10.3712555506287,
10.7702146522496,11.1691737538704,11.5681328554913,11.9670919571122,12.3660510587331,
12.765010160354,13.1639692619749,13.5629283635958,13.9618874652167,14.3608465668375,
14.7598056684584,15.1587647700793,15.5577238717002,15.9566829733211,16.355642074942,
16.7546011765629,17.3530398289942,17.9514784814255,18.400307470749,18.8491364600725,
19.297965449396,19.7467944387195,20.195623428043,20.6444524173665,21.09328140669,
21.5421103960135,21.990939385337,22.4397683746605,22.888597363984,23.3374263533075,
23.786255342631,24.2350843319545,24.683913321278,25.1327423106015,25.7311809630328,
26.0304002892485,26.3296196154641,26.9280582678955,27.5264969203268,28.1249355727581,
28.7233742251895,29.1223333268103,29.5212924284312,29.9202515300521,30.319210631673,
30.7181697332939,31.1171288349148,31.5160879365357,31.9150470381566,32.3140061397774,
32.7129652413983,33.1119243430192,33.5108834446401,33.8101027708558,34.1093220970714,
34.7077607495028,35.3061994019341,35.9046380543654,36.5030767067967,37.1015153592281,
37.6999540116594,38.2983926640907,38.6973517657116,39.0963108673325,39.4952699689534,
39.8942290705743,40.2931881721952,40.6921472738161,40.9913666000317,41.2905859262474,
41.8890245786787,42.4874632311101,43.0859018835414,43.5347308728649,43.9835598621884,
44.4323888515119,44.8812178408354,45.3300468301589,45.7788758194824,46.2277048088059,
46.6765337981294,47.1253627874529,47.5741917767764,48.0230207660999,48.4718497554233,
48.9206787447469,49.3695077340703,49.8183367233938,50.2654824574367),
 .UNSPECIFIED.);
#86=B_SPLINE_CURVE_WITH_KNOTS('',3,(#2990,#2991,#2992,#2993,#2994,#2995,
#2996,#2997,#2998,#2999,#3000,#3001,#3002,#3003,#3004,#3005,#3006,#3007,
#3008,#3009,#3010,#3011,#3012,#3013,#3014,#3015,#3016,#3017,#3018,#3019,
#3020,#3021,#3022,#3023,#3024,#3025,#3026,#3027,#3028,#3029,#3030,#3031,
#3032,#3033,#3034,#3035,#3036,#3037,#3038,#3039,#3040,#3041,#3042,#3043,
#3044,#3045,#3046,#3047,#3048,#3049,#3050,#3051,#3052,#3053,#3054,#3055,
#3056,#3057,#3058,#3059,#3060,#3061,#3062),.UNSPECIFIED.,.T.,.F.,(4,3,3,
3,3,3,3,3,3,3,3,3,3,3,3,3,3,3,3,3,3,3,3,3,4),(0.00844996027339788,0.0311867021450453,
0.0623899045899126,0.0803897221320043,0.0936236476699258,0.124889820119887,
0.152478246575725,0.156173935536324,0.187446950640109,0.218678800871851,
0.224481116316255,0.249862633116988,0.281028088058968,0.296341746829662,
0.312221931172706,0.343468887355695,0.368371819113136,0.374753982549406,
0.406040447314681,0.437298393246708,0.440440098347745,0.468518974555374,
0.486182911514619,0.503840310442485,0.512290270715883),.UNSPECIFIED.);
#87=B_SPLINE_CURVE_WITH_KNOTS('',3,(#4116,#4117,#4118,#4119,#4120,#4121,
#4122,#4123,#4124,#4125,#4126,#4127,#4128,#4129,#4130,#4131,#4132,#4133,
#4134,#4135,#4136,#4137,#4138,#4139,#4140,#4141,#4142,#4143,#4144,#4145,
#4146,#4147,#4148,#4149,#4150,#4151,#4152,#4153,#4154,#4155,#4156,#4157,
#4158,#4159,#4160,#4161,#4162,#4163,#4164,#4165,#4166,#4167,#4168,#4169,
#4170,#4171,#4172,#4173,#4174,#4175,#4176,#4177,#4178,#4179,#4180,#4181,
#4182,#4183,#4184,#4185,#4186,#4187,#4188,#4189,#4190,#4191,#4192,#4193,
#4194,#4195,#4196,#4197,#4198,#4199,#4200,#4201,#4202,#4203,#4204,#4205,
#4206,#4207,#4208,#4209,#4210,#4211,#4212,#4213,#4214,#4215,#4216,#4217,
#4218,#4219,#4220),.UNSPECIFIED.,.F.,.F.,(4,1,1,1,1,1,1,1,1,1,1,1,1,1,1,
1,1,1,1,1,1,1,1,1,1,1,1,1,1,1,1,1,1,1,1,1,1,1,1,1,1,1,1,1,1,1,1,1,1,1,1,
1,1,1,1,1,1,1,1,1,1,1,1,1,1,1,1,1,1,1,1,1,1,1,1,1,1,1,1,1,1,1,1,1,1,1,1,
1,1,1,1,1,1,1,1,1,1,1,1,1,1,1,4),(0.,0.492798847621928,0.985597695243857,
1.47839654286579,1.97119539048771,2.46399423810964,2.95679308573157,3.4495919333535,
3.94239078097543,4.43518962859735,4.92798847621928,5.42078732384121,5.91358617146314,
6.40638501908507,6.899183866707,7.39198271432893,7.88478156195085,8.37758040957278,
8.87037925719471,9.36317810481664,9.85597695243857,10.3487758000605,10.8415746476824,
11.3343734953044,11.8271723429263,12.3199711905482,12.8127700381701,13.3055688857921,
13.798367733414,14.2911665810359,14.7839654286578,15.2767642762798,15.7695631239017,
16.2623619715236,16.7551608191456,17.2479596667675,17.7407585143894,18.2335573620113,
18.7263562096333,19.2191550572552,19.7119539048771,20.2047527524991,20.697551600121,
21.1903504477429,21.6831492953648,22.1759481429868,22.6687469906087,23.1615458382306,
23.6543446858526,24.1471435334745,24.6399423810964,25.1327412287183,25.6255400763403,
26.1183389239622,26.6111377715841,27.1039366192061,27.596735466828,28.0895343144499,
28.5823331620718,29.0751320096938,29.5679308573157,30.0607297049376,30.5535285525596,
31.0463274001815,31.5391262478034,32.0319250954253,32.5247239430473,33.0175227906692,
33.5103216382911,34.0031204859131,34.495919333535,34.9887181811569,35.4815170287788,
35.9743158764008,36.4671147240227,36.9599135716446,37.4527124192666,37.9455112668885,
38.4383101145104,38.9311089621323,39.4239078097543,39.9167066573762,40.4095055049981,
40.90230435262,41.395103200242,41.8879020478639,42.3807008954858,42.8734997431078,
43.3662985907297,43.8590974383516,44.3518962859736,44.8446951335955,45.3374939812174,
45.8302928288393,46.3230916764613,46.8158905240832,47.3086893717051,47.801488219327,
48.294287066949,48.7870859145709,49.2798847621928,49.7726836098148,50.2654824574367),
 .UNSPECIFIED.);
#88=B_SPLINE_CURVE_WITH_KNOTS('',3,(#5294,#5295,#5296,#5297,#5298,#5299,
#5300,#5301,#5302,#5303,#5304,#5305,#5306,#5307,#5308,#5309,#5310,#5311,
#5312,#5313,#5314,#5315,#5316,#5317,#5318,#5319,#5320,#5321,#5322,#5323,
#5324,#5325,#5326,#5327,#5328,#5329,#5330,#5331,#5332,#5333,#5334,#5335,
#5336,#5337,#5338,#5339,#5340,#5341,#5342,#5343,#5344,#5345,#5346,#5347,
#5348,#5349,#5350,#5351,#5352,#5353,#5354,#5355,#5356,#5357,#5358,#5359,
#5360,#5361,#5362,#5363,#5364,#5365,#5366,#5367,#5368,#5369,#5370,#5371,
#5372,#5373,#5374,#5375,#5376,#5377,#5378,#5379,#5380,#5381,#5382,#5383,
#5384,#5385,#5386,#5387,#5388,#5389,#5390,#5391,#5392,#5393,#5394,#5395,
#5396,#5397,#5398),.UNSPECIFIED.,.F.,.F.,(4,1,1,1,1,1,1,1,1,1,1,1,1,1,1,
1,1,1,1,1,1,1,1,1,1,1,1,1,1,1,1,1,1,1,1,1,1,1,1,1,1,1,1,1,1,1,1,1,1,1,1,
1,1,1,1,1,1,1,1,1,1,1,1,1,1,1,1,1,1,1,1,1,1,1,1,1,1,1,1,1,1,1,1,1,1,1,1,
1,1,1,1,1,1,1,1,1,1,1,1,1,1,1,4),(0.,0.492798847621928,0.985597695243857,
1.47839654286579,1.97119539048771,2.46399423810964,2.95679308573157,3.4495919333535,
3.94239078097543,4.43518962859735,4.92798847621928,5.42078732384121,5.91358617146314,
6.40638501908507,6.899183866707,7.39198271432893,7.88478156195085,8.37758040957278,
8.87037925719471,9.36317810481664,9.85597695243857,10.3487758000605,10.8415746476824,
11.3343734953044,11.8271723429263,12.3199711905482,12.8127700381701,13.3055688857921,
13.798367733414,14.2911665810359,14.7839654286578,15.2767642762798,15.7695631239017,
16.2623619715236,16.7551608191456,17.2479596667675,17.7407585143894,18.2335573620113,
18.7263562096333,19.2191550572552,19.7119539048771,20.2047527524991,20.697551600121,
21.1903504477429,21.6831492953648,22.1759481429868,22.6687469906087,23.1615458382306,
23.6543446858526,24.1471435334745,24.6399423810964,25.1327412287183,25.6255400763403,
26.1183389239622,26.6111377715841,27.1039366192061,27.596735466828,28.0895343144499,
28.5823331620718,29.0751320096938,29.5679308573157,30.0607297049376,30.5535285525596,
31.0463274001815,31.5391262478034,32.0319250954253,32.5247239430473,33.0175227906692,
33.5103216382911,34.0031204859131,34.495919333535,34.9887181811569,35.4815170287788,
35.9743158764008,36.4671147240227,36.9599135716446,37.4527124192666,37.9455112668885,
38.4383101145104,38.9311089621323,39.4239078097543,39.9167066573762,40.4095055049981,
40.90230435262,41.395103200242,41.8879020478639,42.3807008954858,42.8734997431078,
43.3662985907297,43.8590974383516,44.3518962859736,44.8446951335955,45.3374939812174,
45.8302928288393,46.3230916764613,46.8158905240832,47.3086893717051,47.801488219327,
48.294287066949,48.7870859145709,49.2798847621928,49.7726836098148,50.2654824574367),
 .UNSPECIFIED.);
#89=VERTEX_POINT('',#261);
#90=VERTEX_POINT('',#1475);
#91=VERTEX_POINT('',#2804);
#92=VERTEX_POINT('',#2875);
#93=VERTEX_POINT('',#4113);
#94=VERTEX_POINT('',#4115);
#95=VERTEX_POINT('',#4225);
#96=VERTEX_POINT('',#4228);
#97=VERTEX_POINT('',#4231);
#98=VERTEX_POINT('',#4234);
#99=VERTEX_POINT('',#4239);
#100=VERTEX_POINT('',#4242);
#101=EDGE_CURVE('',#89,#89,#81,.T.);
#102=EDGE_CURVE('',#90,#90,#82,.T.);
#103=EDGE_CURVE('',#90,#89,#83,.T.);
#104=EDGE_CURVE('',#91,#91,#84,.T.);
#105=EDGE_CURVE('',#91,#92,#85,.T.);
#106=EDGE_CURVE('',#92,#92,#86,.T.);
#107=EDGE_CURVE('',#93,#93,#26,.T.);
#108=EDGE_CURVE('',#93,#94,#87,.T.);
#109=EDGE_CURVE('',#94,#94,#27,.T.);
#110=EDGE_CURVE('',#95,#95,#28,.T.);
#111=EDGE_CURVE('',#96,#96,#29,.T.);
#112=EDGE_CURVE('',#97,#97,#30,.F.);
#113=EDGE_CURVE('',#98,#98,#31,.F.);
#114=EDGE_CURVE('',#98,#97,#16,.T.);
#115=EDGE_CURVE('',#99,#99,#32,.T.);
#116=EDGE_CURVE('',#100,#100,#33,.T.);
#117=EDGE_CURVE('',#100,#99,#88,.T.);
#118=ORIENTED_EDGE('',*,*,#101,.F.);
#119=ORIENTED_EDGE('',*,*,#102,.T.);
#120=ORIENTED_EDGE('',*,*,#103,.T.);
#121=ORIENTED_EDGE('',*,*,#101,.T.);
#122=ORIENTED_EDGE('',*,*,#103,.F.);
#123=ORIENTED_EDGE('',*,*,#102,.F.);
#124=ORIENTED_EDGE('',*,*,#104,.F.);
#125=ORIENTED_EDGE('',*,*,#105,.T.);
#126=ORIENTED_EDGE('',*,*,#106,.F.);
#127=ORIENTED_EDGE('',*,*,#105,.F.);
#128=ORIENTED_EDGE('',*,*,#107,.F.);
#129=ORIENTED_EDGE('',*,*,#108,.T.);
#130=ORIENTED_EDGE('',*,*,#109,.F.);
#131=ORIENTED_EDGE('',*,*,#108,.F.);
#132=ORIENTED_EDGE('',*,*,#109,.T.);
#133=ORIENTED_EDGE('',*,*,#106,.T.);
#134=ORIENTED_EDGE('',*,*,#107,.T.);
#135=ORIENTED_EDGE('',*,*,#104,.T.);
#136=ORIENTED_EDGE('',*,*,#110,.F.);
#137=ORIENTED_EDGE('',*,*,#111,.F.);
#138=ORIENTED_EDGE('',*,*,#112,.F.);
#139=ORIENTED_EDGE('',*,*,#113,.T.);
#140=ORIENTED_EDGE('',*,*,#113,.F.);
#141=ORIENTED_EDGE('',*,*,#114,.T.);
#142=ORIENTED_EDGE('',*,*,#112,.T.);
#143=ORIENTED_EDGE('',*,*,#114,.F.);
#144=ORIENTED_EDGE('',*,*,#115,.F.);
#145=ORIENTED_EDGE('',*,*,#116,.F.);
#146=ORIENTED_EDGE('',*,*,#116,.T.);
#147=ORIENTED_EDGE('',*,*,#117,.T.);
#148=ORIENTED_EDGE('',*,*,#115,.T.);
#149=ORIENTED_EDGE('',*,*,#117,.F.);
#150=PLANE('',#193);
#151=PLANE('',#194);
#152=PLANE('',#197);
#153=PLANE('',#198);
#154=PLANE('',#199);
#155=PLANE('',#201);
#156=PLANE('',#203);
#157=PLANE('',#205);
#158=PLANE('',#208);
#159=PLANE('',#210);
#160=ADVANCED_FACE('',(#49),#150,.F.);
#161=ADVANCED_FACE('',(#50),#45,.F.);
#162=ADVANCED_FACE('',(#51),#151,.F.);
#163=ADVANCED_FACE('',(#52),#46,.T.);
#164=ADVANCED_FACE('',(#53),#47,.F.);
#165=ADVANCED_FACE('',(#54,#24),#152,.F.);
#166=ADVANCED_FACE('',(#55,#25),#153,.T.);
#167=ADVANCED_FACE('',(#56),#154,.T.);
#168=ADVANCED_FACE('',(#57),#155,.T.);
#169=ADVANCED_FACE('',(#58),#156,.F.);
#170=ADVANCED_FACE('',(#59),#157,.T.);
#171=ADVANCED_FACE('',(#60),#18,.T.);
#172=ADVANCED_FACE('',(#61),#158,.T.);
#173=ADVANCED_FACE('',(#62),#159,.T.);
#174=ADVANCED_FACE('',(#63),#48,.T.);
#175=CLOSED_SHELL('',(#160,#161,#162));
#176=CLOSED_SHELL('',(#163,#164,#165,#166));
#177=CLOSED_SHELL('',(#169,#170,#171));
#178=CLOSED_SHELL('',(#172,#173,#174));
#179=DERIVED_UNIT_ELEMENT(#181,1.);
#180=DERIVED_UNIT_ELEMENT(#5406,-3.);
#181=(
MASS_UNIT()
NAMED_UNIT(*)
SI_UNIT(.KILO.,.GRAM.)
);
#182=DERIVED_UNIT((#179,#180));
#183=MEASURE_REPRESENTATION_ITEM('density measure',
POSITIVE_RATIO_MEASURE(7850.),#182);
#184=PROPERTY_DEFINITION_REPRESENTATION(#189,#186);
#185=PROPERTY_DEFINITION_REPRESENTATION(#190,#187);
#186=REPRESENTATION('material name',(#188),#5404);
#187=REPRESENTATION('density',(#183),#5404);
#188=DESCRIPTIVE_REPRESENTATION_ITEM('Steel','Steel');
#189=PROPERTY_DEFINITION('material property','material name',#5418);
#190=PROPERTY_DEFINITION('material property','density of part',#5418);
#191=AXIS2_PLACEMENT_3D('',#258,#213,#214);
#192=AXIS2_PLACEMENT_3D('',#259,#215,#216);
#193=AXIS2_PLACEMENT_3D('',#260,#217,#218);
#194=AXIS2_PLACEMENT_3D('',#1663,#219,#220);
#195=AXIS2_PLACEMENT_3D('',#4114,#221,#222);
#196=AXIS2_PLACEMENT_3D('',#4221,#223,#224);
#197=AXIS2_PLACEMENT_3D('',#4222,#225,#226);
#198=AXIS2_PLACEMENT_3D('',#4223,#227,#228);
#199=AXIS2_PLACEMENT_3D('',#4224,#229,#230);
#200=AXIS2_PLACEMENT_3D('',#4226,#231,#232);
#201=AXIS2_PLACEMENT_3D('',#4227,#233,#234);
#202=AXIS2_PLACEMENT_3D('',#4229,#235,#236);
#203=AXIS2_PLACEMENT_3D('',#4230,#237,#238);
#204=AXIS2_PLACEMENT_3D('',#4232,#239,#240);
#205=AXIS2_PLACEMENT_3D('',#4233,#241,#242);
#206=AXIS2_PLACEMENT_3D('',#4235,#243,#244);
#207=AXIS2_PLACEMENT_3D('',#4236,#245,#246);
#208=AXIS2_PLACEMENT_3D('',#4238,#248,#249);
#209=AXIS2_PLACEMENT_3D('',#4240,#250,#251);
#210=AXIS2_PLACEMENT_3D('',#4241,#252,#253);
#211=AXIS2_PLACEMENT_3D('',#4243,#254,#255);
#212=AXIS2_PLACEMENT_3D('',#5399,#256,#257);
#213=DIRECTION('axis',(0.,0.,1.));
#214=DIRECTION('refdir',(1.,0.,0.));
#215=DIRECTION('axis',(0.,0.,1.));
#216=DIRECTION('refdir',(1.,0.,0.));
#217=DIRECTION('center_axis',(-4.93646694802543E-16,1.,4.37687650985005E-15));
#218=DIRECTION('ref_axis',(0.,-4.37687650985005E-15,1.));
#219=DIRECTION('center_axis',(-2.2898366906116E-19,-1.,-2.19126774924043E-18));
#220=DIRECTION('ref_axis',(0.,2.19126774924043E-18,-1.));
#221=DIRECTION('center_axis',(0.,1.,0.));
#222=DIRECTION('ref_axis',(-1.,0.,0.));
#223=DIRECTION('center_axis',(1.95943487863577E-15,-1.,0.));
#224=DIRECTION('ref_axis',(-1.,-1.95943487863577E-15,0.));
#225=DIRECTION('center_axis',(-1.95943487863577E-15,1.,0.));
#226=DIRECTION('ref_axis',(0.,0.,1.));
#227=DIRECTION('center_axis',(0.,1.,0.));
#228=DIRECTION('ref_axis',(0.,0.,1.));
#229=DIRECTION('center_axis',(-4.93646694802543E-16,1.,4.37687650985005E-15));
#230=DIRECTION('ref_axis',(0.,-4.37687650985005E-15,1.));
#231=DIRECTION('center_axis',(1.95943487863577E-15,-1.,0.));
#232=DIRECTION('ref_axis',(-1.,-1.95943487863577E-15,0.));
#233=DIRECTION('center_axis',(-2.2898366906116E-19,-1.,-2.19126774924043E-18));
#234=DIRECTION('ref_axis',(0.,2.19126774924043E-18,-1.));
#235=DIRECTION('center_axis',(0.,1.,0.));
#236=DIRECTION('ref_axis',(-1.,0.,0.));
#237=DIRECTION('center_axis',(0.,1.,0.));
#238=DIRECTION('ref_axis',(0.,0.,1.));
#239=DIRECTION('center_axis',(0.,-1.,0.));
#240=DIRECTION('ref_axis',(1.,0.,0.));
#241=DIRECTION('center_axis',(0.,1.,0.));
#242=DIRECTION('ref_axis',(0.,0.,1.));
#243=DIRECTION('center_axis',(0.,-1.,0.));
#244=DIRECTION('ref_axis',(1.,0.,0.));
#245=DIRECTION('center_axis',(0.,1.,0.));
#246=DIRECTION('ref_axis',(1.,0.,0.));
#247=DIRECTION('',(0.,-1.,0.));
#248=DIRECTION('center_axis',(-4.93646694802543E-16,1.,4.37687650985005E-15));
#249=DIRECTION('ref_axis',(0.,-4.37687650985005E-15,1.));
#250=DIRECTION('center_axis',(1.95943487863577E-15,-1.,0.));
#251=DIRECTION('ref_axis',(-1.,-1.95943487863577E-15,0.));
#252=DIRECTION('center_axis',(-2.2898366906116E-19,-1.,-2.19126774924043E-18));
#253=DIRECTION('ref_axis',(0.,2.19126774924043E-18,-1.));
#254=DIRECTION('center_axis',(0.,1.,0.));
#255=DIRECTION('ref_axis',(-1.,0.,0.));
#256=DIRECTION('',(0.,0.,1.));
#257=DIRECTION('',(1.,0.,0.));
#258=CARTESIAN_POINT('',(0.,0.,0.));
#259=CARTESIAN_POINT('',(0.,0.,0.));
#260=CARTESIAN_POINT('Origin',(0.012072655665834,2.44422537765132E-17,0.0599999668908211));
#261=CARTESIAN_POINT('',(0.0128,2.50754278452447E-17,0.06));
#262=CARTESIAN_POINT('Ctrl Pts',(0.0127999997173216,-2.58700057986121E-11,
0.0599999999999995));
#263=CARTESIAN_POINT('Ctrl Pts',(0.0127999997506598,1.00815344256091E-9,
0.0599244942104752));
#264=CARTESIAN_POINT('Ctrl Pts',(0.0127886654663491,9.04772577199608E-11,
0.0598492749935218));
#265=CARTESIAN_POINT('Ctrl Pts',(0.0127671013021211,-6.75929233790937E-10,
0.0597764493912069));
#266=CARTESIAN_POINT('Ctrl Pts',(0.0127375073090256,-1.72772179257124E-9,
0.0596765057834099));
#267=CARTESIAN_POINT('Ctrl Pts',(0.0126893091275745,-2.25623163634552E-9,
0.0595829097940491));
#268=CARTESIAN_POINT('Ctrl Pts',(0.0126250999859793,-2.75688954113045E-9,
0.0595012325990031));
#269=CARTESIAN_POINT('Ctrl Pts',(0.0125880604277708,-3.04569808626696E-9,
0.059454116454089));
#270=CARTESIAN_POINT('Ctrl Pts',(0.0125460506876315,-4.37146936265159E-9,
0.0594115085078148));
#271=CARTESIAN_POINT('Ctrl Pts',(0.0124995403498246,-5.93177872868465E-9,
0.0593744606045634));
#272=CARTESIAN_POINT('Ctrl Pts',(0.0124653447616837,-7.07895802143188E-9,
0.0593472220399603));
#273=CARTESIAN_POINT('Ctrl Pts',(0.012428708748071,-8.4169373925636E-9,
0.0593229916882365));
#274=CARTESIAN_POINT('Ctrl Pts',(0.0123900893253718,-9.63358466755205E-9,
0.0593018622850418));
#275=CARTESIAN_POINT('Ctrl Pts',(0.0122988479528423,-1.25080079237182E-8,
0.0592519424360781));
#276=CARTESIAN_POINT('Ctrl Pts',(0.0121983450758953,-8.61840484860119E-9,
0.0592200820078159));
#277=CARTESIAN_POINT('Ctrl Pts',(0.0120947155360151,1.4770122924398E-9,
0.0592074272703047));
#278=CARTESIAN_POINT('Ctrl Pts',(0.0120032756277815,1.03849357087843E-8,
0.0591962610715734));
#279=CARTESIAN_POINT('Ctrl Pts',(0.0119108767990734,2.43715521452212E-8,
0.059200267520536));
#280=CARTESIAN_POINT('Ctrl Pts',(0.0118216285418045,1.28759459561579E-8,
0.0592206516230175));
#281=CARTESIAN_POINT('Ctrl Pts',(0.0118096730285146,1.13360181538909E-8,
0.0592233822355312));
#282=CARTESIAN_POINT('Ctrl Pts',(0.0117977743549932,9.25963807103922E-9,
0.059226409565128));
#283=CARTESIAN_POINT('Ctrl Pts',(0.0117859403983578,6.8165582416735E-9,
0.0592297276971488));
#284=CARTESIAN_POINT('Ctrl Pts',(0.0116858011527281,-1.38568461462889E-8,
0.0592578058157109));
#285=CARTESIAN_POINT('Ctrl Pts',(0.0115920724078316,-5.06844552551764E-8,
0.0593059411837022));
#286=CARTESIAN_POINT('Ctrl Pts',(0.0115094429972496,-4.62991597353657E-8,
0.0593699697323751));
#287=CARTESIAN_POINT('Ctrl Pts',(0.0114269223522951,-4.19196366058179E-8,
0.0594339139998553));
#288=CARTESIAN_POINT('Ctrl Pts',(0.011356977207153,4.3711127038105E-9,0.0595125484655757));
#289=CARTESIAN_POINT('Ctrl Pts',(0.0113048295690269,3.69793999929215E-8,
0.0596022941639934));
#290=CARTESIAN_POINT('Ctrl Pts',(0.0112951414767799,4.30374326589901E-8,
0.0596189672988905));
#291=CARTESIAN_POINT('Ctrl Pts',(0.0112861090136262,4.84831287196827E-8,
0.0596359700269844));
#292=CARTESIAN_POINT('Ctrl Pts',(0.0112777627615208,5.23608434394702E-8,
0.0596532777619908));
#293=CARTESIAN_POINT('Ctrl Pts',(0.0112412531060108,6.93234305746644E-8,
0.0597289883246201));
#294=CARTESIAN_POINT('Ctrl Pts',(0.0112177728529582,5.67312714864959E-8,
0.0598105052167584));
#295=CARTESIAN_POINT('Ctrl Pts',(0.0112071261595334,4.29398322594689E-8,
0.059894521877569));
#296=CARTESIAN_POINT('Ctrl Pts',(0.0111940532984111,2.60056008822285E-8,
0.0599976842487317));
#297=CARTESIAN_POINT('Ctrl Pts',(0.011200499465828,1.18637651934052E-9,
0.0601026651625821));
#298=CARTESIAN_POINT('Ctrl Pts',(0.0112264712458759,-1.26692964976579E-8,
0.0602033032234567));
#299=CARTESIAN_POINT('Ctrl Pts',(0.0112392329070826,-1.94775093428135E-8,
0.0602527533895605));
#300=CARTESIAN_POINT('Ctrl Pts',(0.0112566330108419,-2.47450013752242E-8,
0.0603006858871683));
#301=CARTESIAN_POINT('Ctrl Pts',(0.0112786628348012,-1.89663618741735E-8,
0.060346390305532));
#302=CARTESIAN_POINT('Ctrl Pts',(0.0113015076474456,-1.29739428252852E-8,
0.0603937855492015));
#303=CARTESIAN_POINT('Ctrl Pts',(0.0113293322833944,4.82894002826195E-9,
0.0604387907678529));
#304=CARTESIAN_POINT('Ctrl Pts',(0.0113614980085453,1.85123635518079E-8,
0.0604809019722282));
#305=CARTESIAN_POINT('Ctrl Pts',(0.0114247895285097,4.54368202417597E-8,
0.0605637629094506));
#306=CARTESIAN_POINT('Ctrl Pts',(0.0115035523167964,5.39160263086726E-8,
0.0606339783207566));
#307=CARTESIAN_POINT('Ctrl Pts',(0.0115929078254994,2.9647280259666E-8,
0.0606876777226866));
#308=CARTESIAN_POINT('Ctrl Pts',(0.0116641216142073,1.03057826201559E-8,
0.0607304746125292));
#309=CARTESIAN_POINT('Ctrl Pts',(0.0117410472252098,-2.70850620463714E-8,
0.0607621070185413));
#310=CARTESIAN_POINT('Ctrl Pts',(0.0118214000062172,-3.96580686992112E-8,
0.0607804391670622));
#311=CARTESIAN_POINT('Ctrl Pts',(0.0118419929462751,-4.28802990834666E-8,
0.0607851373595938));
#312=CARTESIAN_POINT('Ctrl Pts',(0.0118628134689526,-4.43200719659443E-8,
0.0607889558766991));
#313=CARTESIAN_POINT('Ctrl Pts',(0.0118838111829033,-4.46213222499419E-8,
0.0607919068458322));
#314=CARTESIAN_POINT('Ctrl Pts',(0.0119867455944441,-4.6098102901664E-8,
0.0608063730049538));
#315=CARTESIAN_POINT('Ctrl Pts',(0.0120919981651163,-2.37766431401269E-8,
0.0607999716724205));
#316=CARTESIAN_POINT('Ctrl Pts',(0.0121934843937915,-1.15788631173294E-8,
0.0607745576617051));
#317=CARTESIAN_POINT('Ctrl Pts',(0.0122948781138099,6.07798163378399E-10,
0.0607491668168521));
#318=CARTESIAN_POINT('Ctrl Pts',(0.0123906638930333,4.23326707700131E-9,
0.0607052584474482));
#319=CARTESIAN_POINT('Ctrl Pts',(0.0124745317231318,5.47527903782367E-9,
0.0606439286066434));
#320=CARTESIAN_POINT('Ctrl Pts',(0.0124829611954397,5.60011243088847E-9,
0.0606377644052553));
#321=CARTESIAN_POINT('Ctrl Pts',(0.012491252864528,5.7656651223391E-9,0.060631433692145));
#322=CARTESIAN_POINT('Ctrl Pts',(0.0124994007077366,5.96736827382805E-9,
0.0606249381029805));
#323=CARTESIAN_POINT('Ctrl Pts',(0.0125722217630096,7.77008292706169E-9,
0.060566884008729));
#324=CARTESIAN_POINT('Ctrl Pts',(0.0126336749345026,9.30926066303408E-9,
0.0604957751061311));
#325=CARTESIAN_POINT('Ctrl Pts',(0.0126821037472133,9.22356047353481E-9,
0.0604156531259521));
#326=CARTESIAN_POINT('Ctrl Pts',(0.0127125694784059,9.16964783114937E-9,
0.0603652497694764));
#327=CARTESIAN_POINT('Ctrl Pts',(0.012737594035827,8.33984265597007E-9,
0.0603116789686175));
#328=CARTESIAN_POINT('Ctrl Pts',(0.0127566958101178,6.93253057949123E-9,
0.060255919909069));
#329=CARTESIAN_POINT('Ctrl Pts',(0.0127757905141842,5.52573928692155E-9,
0.0602001814878688));
#330=CARTESIAN_POINT('Ctrl Pts',(0.0127888511415902,3.54431897902894E-9,
0.0601425948046362));
#331=CARTESIAN_POINT('Ctrl Pts',(0.0127953269158461,1.89895140135675E-9,
0.0600841190667269));
#332=CARTESIAN_POINT('Ctrl Pts',(0.0127984259020233,1.111559662242E-9,0.0600561354625557));
#333=CARTESIAN_POINT('Ctrl Pts',(0.0127999997049928,4.15743225759642E-10,
0.0600280612290663));
#334=CARTESIAN_POINT('Ctrl Pts',(0.0127999997173216,-2.58700152294157E-11,
0.06));
#335=CARTESIAN_POINT('Ctrl Pts',(0.0127999819131647,2.15179612489242E-5,
-2.00665518228221E-6));
#336=CARTESIAN_POINT('Ctrl Pts',(0.0128032012080979,-0.001893483020566,
0.000176576725452153));
#337=CARTESIAN_POINT('Ctrl Pts',(0.0119366272977165,-0.00572369361466153,
0.000533743486721024));
#338=CARTESIAN_POINT('Ctrl Pts',(0.00827020324031673,-0.0103364229579213,
0.00106949362862433));
#339=CARTESIAN_POINT('Ctrl Pts',(0.00296628892890147,-0.0129010930569357,
0.00160524377052764));
#340=CARTESIAN_POINT('Ctrl Pts',(-0.00292556906802989,-0.0129104695945448,
0.00214099391243094));
#341=CARTESIAN_POINT('Ctrl Pts',(-0.00823773190820167,-0.0103623002208263,
0.00267674405433425));
#342=CARTESIAN_POINT('Ctrl Pts',(-0.0119181789840306,-0.00576155121976579,
0.00321249419623755));
#343=CARTESIAN_POINT('Ctrl Pts',(-0.0132377397445211,-1.9459893872821E-5,
0.00374824433814086));
#344=CARTESIAN_POINT('Ctrl Pts',(-0.0119350616678678,0.00572644111591038,
0.00428399448004416));
#345=CARTESIAN_POINT('Ctrl Pts',(-0.00826821386070171,0.0103380680115261,
0.00481974462194748));
#346=CARTESIAN_POINT('Ctrl Pts',(-0.00296345926896342,0.0129017208700078,
0.00535549476385078));
#347=CARTESIAN_POINT('Ctrl Pts',(0.00292817262152396,0.0129099363604748,
0.00589124490575409));
#348=CARTESIAN_POINT('Ctrl Pts',(0.00824007299638446,0.01036035690653,0.00642699504765739));
#349=CARTESIAN_POINT('Ctrl Pts',(0.0119190933136956,0.00575949282465513,
0.00696274518956069));
#350=CARTESIAN_POINT('Ctrl Pts',(0.0132383269247621,1.57619537953989E-5,
0.007498495331464));
#351=CARTESIAN_POINT('Ctrl Pts',(0.0119326914417952,-0.00572709723399039,
0.00803424547336731));
#352=CARTESIAN_POINT('Ctrl Pts',(0.00786116401227676,-0.0108565089388281,
0.00862952340881542));
#353=CARTESIAN_POINT('Ctrl Pts',(0.00103316672876529,-0.0135520425655296,
0.00928432913780836));
#354=CARTESIAN_POINT('Ctrl Pts',(-0.00678284026204724,-0.0117752220843501,
0.0099986626603461));
#355=CARTESIAN_POINT('Ctrl Pts',(-0.0122361555372453,-0.0059110555933427,
0.0107129961828838));
#356=CARTESIAN_POINT('Ctrl Pts',(-0.0134416754109804,0.00201399804478182,
0.0114273297054216));
#357=CARTESIAN_POINT('Ctrl Pts',(-0.0107402491506769,0.00762473855812301,
0.0119829224451732));
#358=CARTESIAN_POINT('Ctrl Pts',(-0.00688966432541523,0.0110203267561809,
0.0124591447935317));
#359=CARTESIAN_POINT('Ctrl Pts',(-0.00293856949691092,0.0128132080244926,
0.0128559967504971));
#360=CARTESIAN_POINT('Ctrl Pts',(0.00227121449371651,0.0129465675714389,
0.0133322190988556));
#361=CARTESIAN_POINT('Ctrl Pts',(0.00712110214415986,0.0110484258091512,
0.013808441447214));
#362=CARTESIAN_POINT('Ctrl Pts',(0.0108542528771938,0.00741401858986118,
0.0142846637955726));
#363=CARTESIAN_POINT('Ctrl Pts',(0.0128814739184782,0.00261562520577524,
0.014760886143931));
#364=CARTESIAN_POINT('Ctrl Pts',(0.0128863707251493,-0.00259400606730696,
0.0152371084922896));
#365=CARTESIAN_POINT('Ctrl Pts',(0.0108662865213204,-0.00739582753562615,
0.015713330840648));
#366=CARTESIAN_POINT('Ctrl Pts',(0.00714009191791414,-0.011036090570641,
0.0161895531890065));
#367=CARTESIAN_POINT('Ctrl Pts',(0.00229213816373751,-0.0129434994919063,
0.016665775537365));
#368=CARTESIAN_POINT('Ctrl Pts',(-0.00291559730540786,-0.0128166755792406,
0.0171419978857235));
#369=CARTESIAN_POINT('Ctrl Pts',(-0.0076658605621409,-0.0106784101182186,
0.017618220234082));
#370=CARTESIAN_POINT('Ctrl Pts',(-0.0112115202738244,-0.00686108896522097,
0.0180944425824405));
#371=CARTESIAN_POINT('Ctrl Pts',(-0.0129960665338641,-0.00196800745614731,
0.018570664930799));
#372=CARTESIAN_POINT('Ctrl Pts',(-0.0127409838126841,0.00323687090571686,
0.0190468872791575));
#373=CARTESIAN_POINT('Ctrl Pts',(-0.0104812606367852,0.00792874312197833,
0.019523109627516));
#374=CARTESIAN_POINT('Ctrl Pts',(-0.00593118597277026,0.0119596021527295,
0.0200787023672676));
#375=CARTESIAN_POINT('Ctrl Pts',(0.0010085306479604,0.013555493617325,0.0207136654984122));
#376=CARTESIAN_POINT('Ctrl Pts',(0.00784374957311773,0.0108689243801207,
0.0213684712274052));
#377=CARTESIAN_POINT('Ctrl Pts',(0.0119226686204254,0.00574749306716014,
0.0219637491628532));
#378=CARTESIAN_POINT('Ctrl Pts',(0.0132385272453524,6.3000011931725E-6,
0.0224994993047566));
#379=CARTESIAN_POINT('Ctrl Pts',(0.0119286563174568,-0.00573937164203112,
0.0230352494466599));
#380=CARTESIAN_POINT('Ctrl Pts',(0.00825751574604077,-0.0103465433961952,
0.0235709995885632));
#381=CARTESIAN_POINT('Ctrl Pts',(0.00294983064850028,-0.0129049758431723,
0.0241067497304665));
#382=CARTESIAN_POINT('Ctrl Pts',(-0.00294176201109302,-0.0129066944422752,
0.0246424998723698));
#383=CARTESIAN_POINT('Ctrl Pts',(-0.00825085290525633,-0.0103519340162834,
0.0251782500142731));
#384=CARTESIAN_POINT('Ctrl Pts',(-0.0119253952891937,-0.00574649622630768,
0.0257140001561764));
#385=CARTESIAN_POINT('Ctrl Pts',(-0.0132378080272661,-2.75912052942344E-6,
0.0262497502980797));
#386=CARTESIAN_POINT('Ctrl Pts',(-0.0119277343175288,0.00574148103212232,
0.026785500439983));
#387=CARTESIAN_POINT('Ctrl Pts',(-0.00825534439335016,0.010348524630369,
0.0273212505818863));
#388=CARTESIAN_POINT('Ctrl Pts',(-0.00294682082191209,0.0129053785660839,
0.0278570007237896));
#389=CARTESIAN_POINT('Ctrl Pts',(0.00294373608209082,0.0129063763365764,
0.028392750865693));
#390=CARTESIAN_POINT('Ctrl Pts',(0.00825459045808494,0.0103496607259726,
0.0289285010075962));
#391=CARTESIAN_POINT('Ctrl Pts',(0.0119234401787088,0.00574503648451011,
0.0294642511494996));
#392=CARTESIAN_POINT('Ctrl Pts',(0.0133904929290093,-0.000640606921807868,
0.0300595290849477));
#393=CARTESIAN_POINT('Ctrl Pts',(0.0116216088242912,-0.00637724678196775,
0.030595279226851));
#394=CARTESIAN_POINT('Ctrl Pts',(0.00809636186952972,-0.0101553331839268,
0.0310715015752095));
#395=CARTESIAN_POINT('Ctrl Pts',(0.00363206291208106,-0.0127479976674244,
0.031547723923568));
#396=CARTESIAN_POINT('Ctrl Pts',(-0.00302604334819636,-0.0132486237243258,
0.0321430018590161));
#397=CARTESIAN_POINT('Ctrl Pts',(-0.00996292037866263,-0.00924254250241649,
0.0328573353815538));
#398=CARTESIAN_POINT('Ctrl Pts',(-0.013439713006083,-0.00202110839081087,
0.0335716689040916));
#399=CARTESIAN_POINT('Ctrl Pts',(-0.0123719697181246,0.00501614992169345,
0.0342066320352362));
#400=CARTESIAN_POINT('Ctrl Pts',(-0.00869246043091777,0.00985700411432446,
0.0347622247749878));
#401=CARTESIAN_POINT('Ctrl Pts',(-0.00418387191472604,0.012461705597692,
0.0352384471233463));
#402=CARTESIAN_POINT('Ctrl Pts',(0.000987013974256558,0.0131071674242997,
0.0357146694717048));
#403=CARTESIAN_POINT('Ctrl Pts',(0.00600049810232717,0.0116950172174414,
0.0361908918200633));
#404=CARTESIAN_POINT('Ctrl Pts',(0.0100727407117066,0.00844542648733849,
0.0366671141684218));
#405=CARTESIAN_POINT('Ctrl Pts',(0.0125620011146315,0.00386936868439966,
0.0371433365167803));
#406=CARTESIAN_POINT('Ctrl Pts',(0.0130785421350663,-0.00131438144604086,
0.0376195588651388));
#407=CARTESIAN_POINT('Ctrl Pts',(0.0115411905972191,-0.00629174149543234,
0.0380957812134973));
#408=CARTESIAN_POINT('Ctrl Pts',(0.00819037208923722,-0.0102806245030298,
0.0385720035618558));
#409=CARTESIAN_POINT('Ctrl Pts',(0.00355369273351123,-0.0126552975187606,
0.0390482259102143));
#410=CARTESIAN_POINT('Ctrl Pts',(-0.00164116191205465,-0.0130415882402448,
0.0395244482585728));
#411=CARTESIAN_POINT('Ctrl Pts',(-0.00616786299841108,-0.0115181870478607,
0.0399609854112347));
#412=CARTESIAN_POINT('Ctrl Pts',(-0.00952706491145879,-0.00883042501200894,
0.0403578373682001));
#413=CARTESIAN_POINT('Ctrl Pts',(-0.0124426934431517,-0.00456592169466566,
0.0408340597165586));
#414=CARTESIAN_POINT('Ctrl Pts',(-0.0134381221503793,0.00203265520556946,
0.0414293376520067));
#415=CARTESIAN_POINT('Ctrl Pts',(-0.00995465532625999,0.00925063984987435,
0.0421436711745445));
#416=CARTESIAN_POINT('Ctrl Pts',(-0.00301499383372881,0.0132508831153507,
0.0428580046970822));
#417=CARTESIAN_POINT('Ctrl Pts',(0.00497506127862218,0.0126461193295998,
0.04357233821962));
#418=CARTESIAN_POINT('Ctrl Pts',(0.0112334679586809,0.00764704094561849,
0.0442866717421577));
#419=CARTESIAN_POINT('Ctrl Pts',(0.0135911910833424,-1.31549116267543E-5,
0.0450010052646954));
#420=CARTESIAN_POINT('Ctrl Pts',(0.0114816247012609,-0.00681148021138886,
0.0456359683958401));
#421=CARTESIAN_POINT('Ctrl Pts',(0.00711928949143016,-0.011046990299367,
0.0461915611355917));
#422=CARTESIAN_POINT('Ctrl Pts',(0.00227141237076123,-0.0129475769739027,
0.0466677834839502));
#423=CARTESIAN_POINT('Ctrl Pts',(-0.00293755887059587,-0.0128117479993185,
0.0471440058323087));
#424=CARTESIAN_POINT('Ctrl Pts',(-0.00768374939395795,-0.010665321827628,
0.0476202281806671));
#425=CARTESIAN_POINT('Ctrl Pts',(-0.011222809792356,-0.00684273817373805,
0.0480964505290257));
#426=CARTESIAN_POINT('Ctrl Pts',(-0.0128520264129434,-0.00235290003731712,
0.0485329876816876));
#427=CARTESIAN_POINT('Ctrl Pts',(-0.0128428847921197,0.00194870666391404,
0.048929839638653));
#428=CARTESIAN_POINT('Ctrl Pts',(-0.0113243311992923,0.00688751525594157,
0.0494060619870115));
#429=CARTESIAN_POINT('Ctrl Pts',(-0.00678527828063194,0.0117764786443325,
0.0500013399224596));
#430=CARTESIAN_POINT('Ctrl Pts',(0.00103450993593155,0.0135513551383589,
0.0507156734449974));
#431=CARTESIAN_POINT('Ctrl Pts',(0.00786058454552154,0.0108568084252074,
0.0513704791739903));
#432=CARTESIAN_POINT('Ctrl Pts',(0.0119329820906824,0.00572692522270497,
0.0519657571094383));
#433=CARTESIAN_POINT('Ctrl Pts',(0.0132381876821455,-1.57174523445174E-5,
0.0525015072513418));
#434=CARTESIAN_POINT('Ctrl Pts',(0.0119191499695573,-0.00575955493296228,
0.053037257393245));
#435=CARTESIAN_POINT('Ctrl Pts',(0.00824001630321896,-0.0103603567258171,
0.0535730075351483));
#436=CARTESIAN_POINT('Ctrl Pts',(0.00292816168208076,-0.0129099516262087,
0.0541087576770517));
#437=CARTESIAN_POINT('Ctrl Pts',(-0.00296349561137875,-0.0129017100302204,
0.0546445078189549));
#438=CARTESIAN_POINT('Ctrl Pts',(-0.00826823205210444,-0.0103380523162247,
0.0551802579608583));
#439=CARTESIAN_POINT('Ctrl Pts',(-0.0119350761298877,-0.00572641420280747,
0.0557160081027615));
#440=CARTESIAN_POINT('Ctrl Pts',(-0.0132377386753609,1.94879975957173E-5,
0.0562517582446649));
#441=CARTESIAN_POINT('Ctrl Pts',(-0.0119181670266032,0.0057615772754931,
0.0567875083865681));
#442=CARTESIAN_POINT('Ctrl Pts',(-0.00823770923400564,0.010362317912609,
0.0573232585284715));
#443=CARTESIAN_POINT('Ctrl Pts',(-0.00292554125819889,0.0129104759906616,
0.0578590086703748));
#444=CARTESIAN_POINT('Ctrl Pts',(0.00296631690639395,0.0129010866056828,
0.0583947588122781));
#445=CARTESIAN_POINT('Ctrl Pts',(0.00827022557415484,0.0103364050797913,
0.0589305089541814));
#446=CARTESIAN_POINT('Ctrl Pts',(0.01193663969956,0.00572366777757236,0.0594662590960847));
#447=CARTESIAN_POINT('Ctrl Pts',(0.0128032053051226,0.00189345531742671,
0.0598234258573536));
#448=CARTESIAN_POINT('Ctrl Pts',(0.0127999818665749,-2.15456574179428E-5,
0.060002009237988));
#449=CARTESIAN_POINT('Ctrl Pts',(0.0127999726764025,2.70124589795066E-5,
-0.000241366095455791));
#450=CARTESIAN_POINT('Ctrl Pts',(0.0128040184821411,-0.00188827861711762,
-6.27827148213549E-5));
#451=CARTESIAN_POINT('Ctrl Pts',(0.0119391275218874,-0.0057184154564288,
0.000294384046447516));
#452=CARTESIAN_POINT('Ctrl Pts',(0.00827465489251218,-0.010332977404215,
0.000830134188350821));
#453=CARTESIAN_POINT('Ctrl Pts',(0.00297183775967425,-0.0128998129856608,
0.00136588433025413));
#454=CARTESIAN_POINT('Ctrl Pts',(-0.00292003552976173,-0.0129117769284325,
0.00190163447215743));
#455=CARTESIAN_POINT('Ctrl Pts',(-0.00823330321973997,-0.010365852909932,
0.00243738461406074));
#456=CARTESIAN_POINT('Ctrl Pts',(-0.01191573569103,-0.00576668670073513,
0.00297313475596404));
#457=CARTESIAN_POINT('Ctrl Pts',(-0.0132377641755349,-2.51404381346472E-5,
0.00350888489786735));
#458=CARTESIAN_POINT('Ctrl Pts',(-0.0119375498788819,0.00572133055278161,
0.00404463503977066));
#459=CARTESIAN_POINT('Ctrl Pts',(-0.0082726723753057,0.010334544965561,
0.00458038518167396));
#460=CARTESIAN_POINT('Ctrl Pts',(-0.00296900549657365,0.012900480371783,
0.00511613532357727));
#461=CARTESIAN_POINT('Ctrl Pts',(0.00292263821338321,0.0129112260905854,
0.00565188546548058));
#462=CARTESIAN_POINT('Ctrl Pts',(0.00823564506331873,0.0103639193223606,
0.00618763560738389));
#463=CARTESIAN_POINT('Ctrl Pts',(0.011916652226066,0.00576462548358958,
0.00672338574928719));
#464=CARTESIAN_POINT('Ctrl Pts',(0.0132383496855007,2.14420603292876E-5,
0.0072591358911905));
#465=CARTESIAN_POINT('Ctrl Pts',(0.0119351870462956,-0.00572198261948254,
0.00779488603309381));
#466=CARTESIAN_POINT('Ctrl Pts',(0.00786581701065665,-0.0108531828275707,
0.00839016396854191));
#467=CARTESIAN_POINT('Ctrl Pts',(0.00103899982165147,-0.0135516254695006,
0.00904496969753486));
#468=CARTESIAN_POINT('Ctrl Pts',(-0.00677780902282204,-0.0117781633785947,
0.00975930322007258));
#469=CARTESIAN_POINT('Ctrl Pts',(-0.0122336443285569,-0.00591633097142489,
0.0104736367426103));
#470=CARTESIAN_POINT('Ctrl Pts',(-0.0134425698444412,0.00200826623607418,
0.0111879702651481));
#471=CARTESIAN_POINT('Ctrl Pts',(-0.0107436260201567,0.00762002457848383,
0.0117435630048997));
#472=CARTESIAN_POINT('Ctrl Pts',(-0.00689431828744909,0.0110174940439129,
0.0122197853532581));
#473=CARTESIAN_POINT('Ctrl Pts',(-0.00294417513849035,0.0128119131211031,
0.0126166373102236));
#474=CARTESIAN_POINT('Ctrl Pts',(0.00226577222447367,0.0129476129151968,
0.013092859658582));
#475=CARTESIAN_POINT('Ctrl Pts',(0.0071163218300003,0.0110514849724003,
0.0135690820069405));
#476=CARTESIAN_POINT('Ctrl Pts',(0.0108511293255983,0.00741872343151071,
0.0140453043552991));
#477=CARTESIAN_POINT('Ctrl Pts',(0.0128803572530733,0.00262111979892224,
0.0145215267036575));
#478=CARTESIAN_POINT('Ctrl Pts',(0.0128875511586866,-0.00258839895510176,
0.014997749052016));
#479=CARTESIAN_POINT('Ctrl Pts',(0.0108694627591559,-0.00739123280498231,
0.0154739714003745));
#480=CARTESIAN_POINT('Ctrl Pts',(0.00714481658151937,-0.0110330374620061,
0.015950193748733));
#481=CARTESIAN_POINT('Ctrl Pts',(0.00229778264807416,-0.0129425727909489,
0.0164264160970915));
#482=CARTESIAN_POINT('Ctrl Pts',(-0.00291012286287276,-0.0128179220253621,
0.01690263844545));
#483=CARTESIAN_POINT('Ctrl Pts',(-0.00766130747651371,-0.010681762985667,
0.0173788607938085));
#484=CARTESIAN_POINT('Ctrl Pts',(-0.0112086018212135,-0.00686588707872033,
0.017855083142167));
#485=CARTESIAN_POINT('Ctrl Pts',(-0.0129952553378271,-0.00197356642065194,
0.0183313054905255));
#486=CARTESIAN_POINT('Ctrl Pts',(-0.0127424322165425,0.00323135065389395,
0.018807527838884));
#487=CARTESIAN_POINT('Ctrl Pts',(-0.010484687032997,0.00792425280368183,
0.0192837501872425));
#488=CARTESIAN_POINT('Ctrl Pts',(-0.00593625362827603,0.0119571660763437,
0.019839342926994));
#489=CARTESIAN_POINT('Ctrl Pts',(0.00100267980263993,0.0135559081459526,
0.0204743060581387));
#490=CARTESIAN_POINT('Ctrl Pts',(0.00783909637800229,0.0108723597846924,
0.0211291117871317));
#491=CARTESIAN_POINT('Ctrl Pts',(0.0119202287572264,0.00575261031667609,
0.0217243897225797));
#492=CARTESIAN_POINT('Ctrl Pts',(0.0132385588183452,1.19908107523775E-5,
0.0222601398644831));
#493=CARTESIAN_POINT('Ctrl Pts',(0.0119311492660264,-0.00573426883033894,
0.0227958900063863));
#494=CARTESIAN_POINT('Ctrl Pts',(0.00826197835022151,-0.0103430224255366,
0.0233316401482897));
#495=CARTESIAN_POINT('Ctrl Pts',(0.00295537783838362,-0.0129037426132705,
0.023867390290193));
#496=CARTESIAN_POINT('Ctrl Pts',(-0.00293622849870267,-0.0129079889947172,
0.0244031404320963));
#497=CARTESIAN_POINT('Ctrl Pts',(-0.00824642954534111,-0.0103555021506725,
0.0249388905739996));
#498=CARTESIAN_POINT('Ctrl Pts',(-0.0119229579869902,-0.00575162976689738,
0.0254746407159029));
#499=CARTESIAN_POINT('Ctrl Pts',(-0.0132378400139714,-8.4423798138398E-6,
0.0260103908578062));
#500=CARTESIAN_POINT('Ctrl Pts',(-0.0119302284870567,0.00573637550434944,
0.0265461409997095));
#501=CARTESIAN_POINT('Ctrl Pts',(-0.00825980818426911,0.0103450052082894,
0.0270818911416128));
#502=CARTESIAN_POINT('Ctrl Pts',(-0.00295236699904197,0.0129041482092371,
0.0276176412835161));
#503=CARTESIAN_POINT('Ctrl Pts',(0.00293820009332013,0.0129076671553531,
0.0281533914254194));
#504=CARTESIAN_POINT('Ctrl Pts',(0.00825017346844625,0.0103532403744304,
0.0286891415673227));
#505=CARTESIAN_POINT('Ctrl Pts',(0.0119209927833459,0.00575014911371654,
0.029224891709226));
#506=CARTESIAN_POINT('Ctrl Pts',(0.0133908229671177,-0.000634814185037933,
0.0298201696446742));
#507=CARTESIAN_POINT('Ctrl Pts',(0.0116243669529268,-0.00637226180356293,
0.0303559197865775));
#508=CARTESIAN_POINT('Ctrl Pts',(0.00810074081707565,-0.0101518948443963,
0.030832142134936));
#509=CARTESIAN_POINT('Ctrl Pts',(0.00363746296360471,-0.012746500302334,
0.0313083644832945));
#510=CARTESIAN_POINT('Ctrl Pts',(-0.00302026947472837,-0.0132499439276678,
0.0319036424187426));
#511=CARTESIAN_POINT('Ctrl Pts',(-0.00995907501635255,-0.0092468307112727,
0.0326179759412803));
#512=CARTESIAN_POINT('Ctrl Pts',(-0.0134388171371327,-0.00202687529241135,
0.0333323094638181));
#513=CARTESIAN_POINT('Ctrl Pts',(-0.0123741996439312,0.00501081262002131,
0.0339672725949627));
#514=CARTESIAN_POINT('Ctrl Pts',(-0.00869669682755494,0.00985330228882419,
0.0345228653347143));
#515=CARTESIAN_POINT('Ctrl Pts',(-0.00418924118943875,0.0124599420378204,
0.0349990876830728));
#516=CARTESIAN_POINT('Ctrl Pts',(0.000981350283742241,0.013107618773612,
0.0354753100314313));
#517=CARTESIAN_POINT('Ctrl Pts',(0.00599550420011359,0.0116976269294939,
0.0359515323797898));
#518=CARTESIAN_POINT('Ctrl Pts',(0.0100691720443688,0.0084497363324768,
0.0364277547281483));
#519=CARTESIAN_POINT('Ctrl Pts',(0.0125603606016519,0.00387477962424576,
0.0369039770765068));
#520=CARTESIAN_POINT('Ctrl Pts',(0.013079142531408,-0.00130871366606252,
0.0373801994248652));
#521=CARTESIAN_POINT('Ctrl Pts',(0.0115438982079045,-0.00628688961388692,
0.0378564217732238));
#522=CARTESIAN_POINT('Ctrl Pts',(0.00819485399459448,-0.0102770555772967,
0.0383326441215822));
#523=CARTESIAN_POINT('Ctrl Pts',(0.0035590610671093,-0.0126538715661338,
0.0388088664699407));
#524=CARTESIAN_POINT('Ctrl Pts',(-0.00163553966607291,-0.0130422880371157,
0.0392850888182993));
#525=CARTESIAN_POINT('Ctrl Pts',(-0.00616291805766257,-0.0115208926197528,
0.0397216259709612));
#526=CARTESIAN_POINT('Ctrl Pts',(-0.0095232915628914,-0.00883453501732553,
0.0401184779279266));
#527=CARTESIAN_POINT('Ctrl Pts',(-0.0124408064535667,-0.00457120086625233,
0.0405947002762851));
#528=CARTESIAN_POINT('Ctrl Pts',(-0.0134390072340663,0.00202685469340294,
0.0411899782117332));
#529=CARTESIAN_POINT('Ctrl Pts',(-0.00995866213515199,0.00924640643111108,
0.0419043117342709));
#530=CARTESIAN_POINT('Ctrl Pts',(-0.00302068316866817,0.013249614814183,
0.0426186452568087));
#531=CARTESIAN_POINT('Ctrl Pts',(0.00496963889612863,0.0126482871622929,
0.0433329787793464));
#532=CARTESIAN_POINT('Ctrl Pts',(0.0112302211568094,0.00765188813577934,
0.0440473123018842));
#533=CARTESIAN_POINT('Ctrl Pts',(0.0135912160098655,-7.3357075513574E-6,
0.0447616458244219));
#534=CARTESIAN_POINT('Ctrl Pts',(0.0114846083856171,-0.00680653247664828,
0.0453966089555666));
#535=CARTESIAN_POINT('Ctrl Pts',(0.00712403908597379,-0.0110439608663384,
0.0459522016953181));
#536=CARTESIAN_POINT('Ctrl Pts',(0.00227698601524024,-0.0129466506758165,
0.0464284240436767));
#537=CARTESIAN_POINT('Ctrl Pts',(-0.00293203408196786,-0.0128130140029976,
0.0469046463920352));
#538=CARTESIAN_POINT('Ctrl Pts',(-0.00767921305314118,-0.010668688516148,
0.0473808687403936));
#539=CARTESIAN_POINT('Ctrl Pts',(-0.0112198913909117,-0.00684752137247811,
0.0478570910887522));
#540=CARTESIAN_POINT('Ctrl Pts',(-0.0128510561257541,-0.00235845638399013,
0.0482936282414141));
#541=CARTESIAN_POINT('Ctrl Pts',(-0.0128437574134782,0.00194319434575953,
0.0486904801983795));
#542=CARTESIAN_POINT('Ctrl Pts',(-0.0113272919277121,0.00688269128303683,
0.049166702546738));
#543=CARTESIAN_POINT('Ctrl Pts',(-0.00679033358987419,0.0117736296574918,
0.0497619804821861));
#544=CARTESIAN_POINT('Ctrl Pts',(0.00102869367193935,0.0135518062699203,
0.0504763140047238));
#545=CARTESIAN_POINT('Ctrl Pts',(0.00785592229074056,0.0108602399855523,
0.0511311197337168));
#546=CARTESIAN_POINT('Ctrl Pts',(0.0119305576443268,0.00573205190779236,
0.0517263976691649));
#547=CARTESIAN_POINT('Ctrl Pts',(0.0132382254238985,-1.00293611702367E-5,
0.0522621478110682));
#548=CARTESIAN_POINT('Ctrl Pts',(0.0119216531931245,-0.00575445502539025,
0.0527978979529715));
#549=CARTESIAN_POINT('Ctrl Pts',(0.00824448397398887,-0.0103568438646519,
0.0533336480948748));
#550=CARTESIAN_POINT('Ctrl Pts',(0.00293371137937971,-0.0129087275245657,
0.0538693982367781));
#551=CARTESIAN_POINT('Ctrl Pts',(-0.00295796454198294,-0.0129030138061441,
0.0544051483786814));
#552=CARTESIAN_POINT('Ctrl Pts',(-0.00826381449438847,-0.0103416282998182,
0.0549408985205847));
#553=CARTESIAN_POINT('Ctrl Pts',(-0.0119326477274453,-0.005731550880354,
0.055476648662488));
#554=CARTESIAN_POINT('Ctrl Pts',(-0.0132377797731757,1.38028120433324E-5,
0.0560123988043914));
#555=CARTESIAN_POINT('Ctrl Pts',(-0.0119206706485537,0.00575647999041617,
0.0565481489462946));
#556=CARTESIAN_POINT('Ctrl Pts',(-0.00824217720796679,0.0103587978412634,
0.057083899088198));
#557=CARTESIAN_POINT('Ctrl Pts',(-0.00293109297919714,0.0129092714402249,
0.0576196492301013));
#558=CARTESIAN_POINT('Ctrl Pts',(0.00296079011935844,0.0129023534551613,
0.0581553993720045));
#559=CARTESIAN_POINT('Ctrl Pts',(0.00826580037865334,0.0103400600040547,
0.0586911495139079));
#560=CARTESIAN_POINT('Ctrl Pts',(0.011934230256145,0.0057286386583721,0.0592268996558111));
#561=CARTESIAN_POINT('Ctrl Pts',(0.0128023890236218,0.00189924268844147,
0.0595840664170801));
#562=CARTESIAN_POINT('Ctrl Pts',(0.0127999911152259,-1.60511597073594E-5,
0.0597626497977145));
#563=CARTESIAN_POINT('Ctrl Pts',(0.0125717059577218,3.75904894975297E-5,
-0.000718922193123259));
#564=CARTESIAN_POINT('Ctrl Pts',(0.0125773251823862,-0.00184319233158023,
-0.000540338812488824));
#565=CARTESIAN_POINT('Ctrl Pts',(0.0117311250672492,-0.00560631832013651,
-0.000183172051219952));
#566=CARTESIAN_POINT('Ctrl Pts',(0.00813601395740746,-0.0101414486613064,
0.000352578090683353));
#567=CARTESIAN_POINT('Ctrl Pts',(0.00292997813400545,-0.0126672298328232,
0.00088832823258666));
#568=CARTESIAN_POINT('Ctrl Pts',(-0.00285680101316762,-0.0126840005833492,
0.00142407837448997));
#569=CARTESIAN_POINT('Ctrl Pts',(-0.00807751088348988,-0.0101881072891776,
0.00195982851639327));
#570=CARTESIAN_POINT('Ctrl Pts',(-0.01169824110643,-0.00567412944431975,
0.00249557865829658));
#571=CARTESIAN_POINT('Ctrl Pts',(-0.0130016529322797,-3.61319324917041E-5,
0.00303132880019989));
#572=CARTESIAN_POINT('Ctrl Pts',(-0.0117295917745627,0.00560898091934675,
0.00356707894210319));
#573=CARTESIAN_POINT('Ctrl Pts',(-0.00813406175913598,0.0101430847363582,
0.0041028290840065));
#574=CARTESIAN_POINT('Ctrl Pts',(-0.00292719990728954,0.0126678413764392,
0.00463857922590981));
#575=CARTESIAN_POINT('Ctrl Pts',(0.00285935883914639,0.0126834844534589,
0.0051743293678131));
#576=CARTESIAN_POINT('Ctrl Pts',(0.00807981285138821,0.0101861996659508,
0.00571007950971642));
#577=CARTESIAN_POINT('Ctrl Pts',(0.0116991414388436,0.00567210964033141,
0.00624582965161972));
#578=CARTESIAN_POINT('Ctrl Pts',(0.0130022351243784,3.25008856528859E-5,
0.00678157979352304));
#579=CARTESIAN_POINT('Ctrl Pts',(0.0117272631127924,-0.00560962962071009,
0.00731732993542633));
#580=CARTESIAN_POINT('Ctrl Pts',(0.00773494299141374,-0.010652798811553,
0.00791260787087445));
#581=CARTESIAN_POINT('Ctrl Pts',(0.00103216259932463,-0.0133090495280623,
0.00856741359986738));
#582=CARTESIAN_POINT('Ctrl Pts',(-0.00664674550668529,-0.011573960545089,
0.00928174712240513));
#583=CARTESIAN_POINT('Ctrl Pts',(-0.0120103562053111,-0.00582137594970739,
0.00999608064494287));
#584=CARTESIAN_POINT('Ctrl Pts',(-0.0132045665337639,0.00196079511056313,
0.0107104141674806));
#585=CARTESIAN_POINT('Ctrl Pts',(-0.0105585103679629,0.00747499140557603,
0.0112660069072322));
#586=CARTESIAN_POINT('Ctrl Pts',(-0.00678099235162531,0.0108149262996434,
0.0117422292555907));
#587=CARTESIAN_POINT('Ctrl Pts',(-0.00290261895679187,0.0125809548308676,
0.0121390812125561));
#588=CARTESIAN_POINT('Ctrl Pts',(0.00221404451867662,0.0127186079803944,
0.0126153035609146));
#589=CARTESIAN_POINT('Ctrl Pts',(0.00697992339828115,0.0108605662792955,
0.0130915259092731));
#590=CARTESIAN_POINT('Ctrl Pts',(0.010651156111907,0.00729575605245013,
0.0135677482576316));
#591=CARTESIAN_POINT('Ctrl Pts',(0.0126484078813659,0.00258555239726532,
0.0140439706059901));
#592=CARTESIAN_POINT('Ctrl Pts',(0.0126599027360509,-0.00253120057606071,
0.0145201929543486));
#593=CARTESIAN_POINT('Ctrl Pts',(0.0106820269282159,-0.00724995977126963,
0.014996415302707));
#594=CARTESIAN_POINT('Ctrl Pts',(0.00702696156254003,-0.0108301133934393,
0.0154726376510655));
#595=CARTESIAN_POINT('Ctrl Pts',(0.00226788497072907,-0.0127097332985952,
0.0159488599994241));
#596=CARTESIAN_POINT('Ctrl Pts',(-0.00284712268083367,-0.0125918788427682,
0.0164250823477825));
#597=CARTESIAN_POINT('Ctrl Pts',(-0.00751542871679741,-0.0104978346462319,
0.016901304696141));
#598=CARTESIAN_POINT('Ctrl Pts',(-0.0110027701548523,-0.00675315954175903,
0.0173775270444995));
#599=CARTESIAN_POINT('Ctrl Pts',(-0.0127617836731475,-0.00194962646380477,
0.017853749392858));
#600=CARTESIAN_POINT('Ctrl Pts',(-0.0125179363466879,0.00316278318317268,
0.0183299717412165));
#601=CARTESIAN_POINT('Ctrl Pts',(-0.0103045478602476,0.00777388148999533,
0.018806194089575));
#602=CARTESIAN_POINT('Ctrl Pts',(-0.00584081089654278,0.0117386883520366,
0.0193617868293266));
#603=CARTESIAN_POINT('Ctrl Pts',(0.000973126067830124,0.0133150742748798,
0.0199967499604712));
#604=CARTESIAN_POINT('Ctrl Pts',(0.00768990491445081,0.0106851792078373,
0.0206515556894642));
#605=CARTESIAN_POINT('Ctrl Pts',(0.0117026690936519,0.00566033234005215,
0.0212468336249123));
#606=CARTESIAN_POINT('Ctrl Pts',(0.0130024430964468,2.32054542714266E-5,
0.0217825837668156));
#607=CARTESIAN_POINT('Ctrl Pts',(0.0117233173889738,-0.00562168796275133,
0.0223183339087189));
#608=CARTESIAN_POINT('Ctrl Pts',(0.00812356523828118,-0.0101514233175745,
0.0228540840506222));
#609=CARTESIAN_POINT('Ctrl Pts',(0.00291381857663884,-0.0126710555025161,
0.0233898341925255));
#610=CARTESIAN_POINT('Ctrl Pts',(-0.00287271017118074,-0.0126803180509396,
0.0239255843344288));
#611=CARTESIAN_POINT('Ctrl Pts',(-0.0080904111597275,-0.0101779405723261,
0.0244613344763321));
#612=CARTESIAN_POINT('Ctrl Pts',(-0.0117053481297628,-0.0056593533334199,
0.0249970846182355));
#613=CARTESIAN_POINT('Ctrl Pts',(-0.0130017414149482,-1.97284415053036E-5,
0.0255328347601387));
#614=CARTESIAN_POINT('Ctrl Pts',(-0.0117224145097452,0.00562376163155257,
0.0260685849020421));
#615=CARTESIAN_POINT('Ctrl Pts',(-0.00812143506834067,0.0101533718789012,
0.0266043350439453));
#616=CARTESIAN_POINT('Ctrl Pts',(-0.0029108631871133,0.0126714545411594,
0.0271400851858487));
#617=CARTESIAN_POINT('Ctrl Pts',(0.00287464998312032,0.0126800092246387,
0.027675835327752));
#618=CARTESIAN_POINT('Ctrl Pts',(0.00809408389180227,0.0101757103150923,
0.0282115854696553));
#619=CARTESIAN_POINT('Ctrl Pts',(0.0117034319318445,0.0056579217828019,
0.0287473356115586));
#620=CARTESIAN_POINT('Ctrl Pts',(0.013152526394518,-0.000611979061296402,
0.0293426135470067));
#621=CARTESIAN_POINT('Ctrl Pts',(0.0114225673523503,-0.00624858636770532,
0.02987836368891));
#622=CARTESIAN_POINT('Ctrl Pts',(0.00796503940468064,-0.00996382687471093,
0.0303545860372685));
#623=CARTESIAN_POINT('Ctrl Pts',(0.00358370118739621,-0.0125159919430116,
0.030830808385627));
#624=CARTESIAN_POINT('Ctrl Pts',(-0.00295507004574865,-0.0130162619893434,
0.0314260863210751));
#625=CARTESIAN_POINT('Ctrl Pts',(-0.00977335225337433,-0.0090905348325122,
0.0321404198436129));
#626=CARTESIAN_POINT('Ctrl Pts',(-0.0131974650227928,-0.00200234769825176,
0.0328547533661506));
#627=CARTESIAN_POINT('Ctrl Pts',(-0.0121577856808284,0.00491080332469135,
0.0334897164972953));
#628=CARTESIAN_POINT('Ctrl Pts',(-0.00855012821031395,0.00967005275310581,
0.0340453092370468));
#629=CARTESIAN_POINT('Ctrl Pts',(-0.00412528183731636,0.0122341033714566,
0.0345215315854054));
#630=CARTESIAN_POINT('Ctrl Pts',(0.000952571242073764,0.0128747045861819,
0.0349977539337638));
#631=CARTESIAN_POINT('Ctrl Pts',(0.00587845652254777,0.011494179074145,
0.0354739762821223));
#632=CARTESIAN_POINT('Ctrl Pts',(0.0098822535759093,0.00830778071032478,
0.0359501986304808));
#633=CARTESIAN_POINT('Ctrl Pts',(0.0123330174529364,0.00381651621287139,
0.0364264209788393));
#634=CARTESIAN_POINT('Ctrl Pts',(0.0128470088975461,-0.00127414173566529,
0.0369026433271978));
#635=CARTESIAN_POINT('Ctrl Pts',(0.0113434750934426,-0.00616468672378188,
0.0373788656755564));
#636=CARTESIAN_POINT('Ctrl Pts',(0.00805752433242625,-0.0100867841719951,
0.0378550880239148));
#637=CARTESIAN_POINT('Ctrl Pts',(0.00350660701940577,-0.0124250371305274,
0.0383313103722733));
#638=CARTESIAN_POINT('Ctrl Pts',(-0.0015951353623803,-0.0128111429575331,
0.0388075327206318));
#639=CARTESIAN_POINT('Ctrl Pts',(-0.00604307071779361,-0.0113207122045744,
0.0392440698732937));
#640=CARTESIAN_POINT('Ctrl Pts',(-0.00934582260088649,-0.00868520514084069,
0.0396409218302592));
#641=CARTESIAN_POINT('Ctrl Pts',(-0.0122149288541262,-0.00450051251666415,
0.0401171441786176));
#642=CARTESIAN_POINT('Ctrl Pts',(-0.0132011054297967,0.00197913981328063,
0.0407124221140658));
#643=CARTESIAN_POINT('Ctrl Pts',(-0.00978902910218212,0.00907287647009817,
0.0414267556366035));
#644=CARTESIAN_POINT('Ctrl Pts',(-0.0029782660138718,0.0130107123323033,
0.0421410891591412));
#645=CARTESIAN_POINT('Ctrl Pts',(0.00487008697970093,0.0124270034978051,
0.042855422681679));
#646=CARTESIAN_POINT('Ctrl Pts',(0.0110233144713581,0.00752511562096711,
0.0435697562042167));
#647=CARTESIAN_POINT('Ctrl Pts',(0.0133488463755995,4.5562488563943E-6,
0.0442840897267545));
#648=CARTESIAN_POINT('Ctrl Pts',(0.0112856291156496,-0.00667526220939383,
0.0449190528578991));
#649=CARTESIAN_POINT('Ctrl Pts',(0.00700653933044801,-0.0108408424226843,
0.0454746455976507));
#650=CARTESIAN_POINT('Ctrl Pts',(0.00224755052639186,-0.0127137657263946,
0.0459508679460092));
#651=CARTESIAN_POINT('Ctrl Pts',(-0.00286871095757316,-0.0125870657336456,
0.0464270902943677));
#652=CARTESIAN_POINT('Ctrl Pts',(-0.00753301294372903,-0.010485001214644,
0.0469033126427262));
#653=CARTESIAN_POINT('Ctrl Pts',(-0.0110138834740343,-0.00673515506248419,
0.0473795349910847));
#654=CARTESIAN_POINT('Ctrl Pts',(-0.0126198165873734,-0.0023274570155199,
0.0478160721437466));
#655=CARTESIAN_POINT('Ctrl Pts',(-0.0126163686275636,0.00189744640318238,
0.048212924100712));
#656=CARTESIAN_POINT('Ctrl Pts',(-0.0111312500815093,0.00675013020669478,
0.0486891464490706));
#657=CARTESIAN_POINT('Ctrl Pts',(-0.0066794232584803,0.0115577435297512,
0.0492844243845186));
#658=CARTESIAN_POINT('Ctrl Pts',(0.000998640315495009,0.0133110368241956,
0.0499987579070564));
#659=CARTESIAN_POINT('Ctrl Pts',(0.00770645835019728,0.0106733036307482,
0.0506535636360493));
#660=CARTESIAN_POINT('Ctrl Pts',(0.0117128236706749,0.0056401433036587,
0.0512488415714974));
#661=CARTESIAN_POINT('Ctrl Pts',(0.0130021386050541,1.58080084819396E-6,
0.0517845917134008));
#662=CARTESIAN_POINT('Ctrl Pts',(0.0117140061564481,-0.00564152385495054,
0.0523203418553041));
#663=CARTESIAN_POINT('Ctrl Pts',(0.00810639579088182,-0.0101650126810041,
0.0528560919972073));
#664=CARTESIAN_POINT('Ctrl Pts',(0.00289254232479454,-0.0126759704602463,
0.0533918421391107));
#665=CARTESIAN_POINT('Ctrl Pts',(-0.00289406255781251,-0.0126754504823634,
0.053927592281014));
#666=CARTESIAN_POINT('Ctrl Pts',(-0.00810749829022628,-0.0101643286670561,
0.0544633424229173));
#667=CARTESIAN_POINT('Ctrl Pts',(-0.0117148820848156,-0.00563964208403058,
0.0549990925648206));
#668=CARTESIAN_POINT('Ctrl Pts',(-0.0130017020254146,2.12249380565149E-6,
0.0555348427067239));
#669=CARTESIAN_POINT('Ctrl Pts',(-0.0117130434198684,0.00564351089530046,
0.0560705928486272));
#670=CARTESIAN_POINT('Ctrl Pts',(-0.00810413260741473,0.0101669437102204,
0.0566063429905305));
#671=CARTESIAN_POINT('Ctrl Pts',(-0.00288996866391204,0.0126764846979944,
0.0571420931324338));
#672=CARTESIAN_POINT('Ctrl Pts',(0.00289683295794513,0.0126748503776494,
0.0576778432743371));
#673=CARTESIAN_POINT('Ctrl Pts',(0.00810946125032156,0.0101626958099982,
0.0582135934162405));
#674=CARTESIAN_POINT('Ctrl Pts',(0.0117164151907176,0.00563698407258381,
0.0587493435581437));
#675=CARTESIAN_POINT('Ctrl Pts',(0.0125724696773525,0.00187608585984266,
0.0591065103194126));
#676=CARTESIAN_POINT('Ctrl Pts',(0.012571761276496,-4.70522210008378E-6,
0.059285093700047));
#677=CARTESIAN_POINT('Ctrl Pts',(0.0117960055527142,4.24362895492964E-5,
-0.000895449104916087));
#678=CARTESIAN_POINT('Ctrl Pts',(0.0118023588762723,-0.00172234116316167,
-0.000716865724281651));
#679=CARTESIAN_POINT('Ctrl Pts',(0.0110105075572042,-0.00525369634971757,
-0.000359698963012781));
#680=CARTESIAN_POINT('Ctrl Pts',(0.00763980398423991,-0.00951109540180635,
0.000176051178890526));
#681=CARTESIAN_POINT('Ctrl Pts',(0.00275641839352541,-0.011883985769271,
0.000711801320793832));
#682=CARTESIAN_POINT('Ctrl Pts',(-0.00267330595427272,-0.0119030290232832,
0.00124755146269714));
#683=CARTESIAN_POINT('Ctrl Pts',(-0.00757332118888268,-0.0095641039473732,
0.00178330160460045));
#684=CARTESIAN_POINT('Ctrl Pts',(-0.0109732251671197,-0.00533070456597661,
0.00231905174650375));
#685=CARTESIAN_POINT('Ctrl Pts',(-0.0121994303540303,-4.13134194812254E-5,
0.00285480188840706));
#686=CARTESIAN_POINT('Ctrl Pts',(-0.0110090731431224,0.00525622051745796,
0.00339055203031036));
#687=CARTESIAN_POINT('Ctrl Pts',(-0.00763797187083221,0.00951261992049661,
0.00392630217221367));
#688=CARTESIAN_POINT('Ctrl Pts',(-0.00275381258981597,0.0118845668992382,
0.00446205231411697));
#689=CARTESIAN_POINT('Ctrl Pts',(0.00267570662087354,0.0119025434059132,
0.00499780245602028));
#690=CARTESIAN_POINT('Ctrl Pts',(0.00757548195448449,0.00956231662068368,
0.00553355259792359));
#691=CARTESIAN_POINT('Ctrl Pts',(0.0109740713852355,0.00532880946115768,
0.0060693027398269));
#692=CARTESIAN_POINT('Ctrl Pts',(0.0121999782333551,3.7906547984892E-5,
0.0066050528817302));
#693=CARTESIAN_POINT('Ctrl Pts',(0.0110068894359978,-0.00525682957340945,
0.00714080302363351));
#694=CARTESIAN_POINT('Ctrl Pts',(0.00726376587744887,-0.0099911159840491,
0.00773608095908162));
#695=CARTESIAN_POINT('Ctrl Pts',(0.000976066237588407,-0.01248729134654,
0.00839088668807456));
#696=CARTESIAN_POINT('Ctrl Pts',(-0.00623004493054384,-0.0108636361298843,
0.00910522021061229));
#697=CARTESIAN_POINT('Ctrl Pts',(-0.0112659980780084,-0.00546904419059963,
0.00981955373315004));
#698=CARTESIAN_POINT('Ctrl Pts',(-0.0123909628410096,0.00183229225436252,
0.0105338872556878));
#699=CARTESIAN_POINT('Ctrl Pts',(-0.00991131902107443,0.00700774568214724,
0.0110894799954394));
#700=CARTESIAN_POINT('Ctrl Pts',(-0.00636875868081004,0.0101437970539216,
0.0115657023437978));
#701=CARTESIAN_POINT('Ctrl Pts',(-0.00273071129899466,0.0118030429576047,
0.0119625543007633));
#702=CARTESIAN_POINT('Ctrl Pts',(0.00207020325890397,0.0119351405892592,
0.0124387766491217));
#703=CARTESIAN_POINT('Ctrl Pts',(0.00654306398370438,0.0101944427017235,
0.0129149989974803));
#704=CARTESIAN_POINT('Ctrl Pts',(0.00998982502881018,0.00685168408551227,
0.0133912213458387));
#705=CARTESIAN_POINT('Ctrl Pts',(0.011866524631171,0.00243322673564555,
0.0138674436941972));
#706=CARTESIAN_POINT('Ctrl Pts',(0.0118802323592808,-0.00236779611579254,
0.0143436660425557));
#707=CARTESIAN_POINT('Ctrl Pts',(0.0100270760997041,-0.00679655662407021,
0.0148198883909142));
#708=CARTESIAN_POINT('Ctrl Pts',(0.00659956639996315,-0.0101578884668878,
0.0152961107392727));
#709=CARTESIAN_POINT('Ctrl Pts',(0.00213521407082289,-0.011924251361153,
0.0157723330876312));
#710=CARTESIAN_POINT('Ctrl Pts',(-0.00266428165334113,-0.0118165778984359,
0.0162485554359897));
#711=CARTESIAN_POINT('Ctrl Pts',(-0.00704574355552205,-0.00985440770450045,
0.0167247777843482));
#712=CARTESIAN_POINT('Ctrl Pts',(-0.0103200505400713,-0.00634275661710936,
0.0172010001327067));
#713=CARTESIAN_POINT('Ctrl Pts',(-0.011973271157569,-0.00183660530054944,
0.0176772224810652));
#714=CARTESIAN_POINT('Ctrl Pts',(-0.0117473848267376,0.00296049458079654,
0.0181534448294237));
#715=CARTESIAN_POINT('Ctrl Pts',(-0.00967318767772068,0.00728835774256154,
0.0186296671777822));
#716=CARTESIAN_POINT('Ctrl Pts',(-0.00548711439711876,0.0110110960125547,
0.0191852599175338));
#717=CARTESIAN_POINT('Ctrl Pts',(0.000905490794589469,0.0124940802021656,
0.0198202230486784));
#718=CARTESIAN_POINT('Ctrl Pts',(0.00720934485466349,0.0100302928719557,
0.0204750287776714));
#719=CARTESIAN_POINT('Ctrl Pts',(0.0109773879931767,0.00531775822693374,
0.0210703067131195));
#720=CARTESIAN_POINT('Ctrl Pts',(0.0122001790726199,2.91864656159296E-5,
0.0216060568550228));
#721=CARTESIAN_POINT('Ctrl Pts',(0.0110031931527894,-0.00526814786778312,
0.0221418069969261));
#722=CARTESIAN_POINT('Ctrl Pts',(0.00762812773743161,-0.00952044960678814,
0.0226775571388294));
#723=CARTESIAN_POINT('Ctrl Pts',(0.00274125869998198,-0.0118875905604138,
0.0232133072807327));
#724=CARTESIAN_POINT('Ctrl Pts',(-0.00268823593074882,-0.0118995798181055,
0.023749057422636));
#725=CARTESIAN_POINT('Ctrl Pts',(-0.00758543116084842,-0.00955457334448588,
0.0242848075645393));
#726=CARTESIAN_POINT('Ctrl Pts',(-0.0109799021783293,-0.00531684344131224,
0.0248205577064426));
#727=CARTESIAN_POINT('Ctrl Pts',(-0.0121995227077019,-2.59224872795468E-5,
0.0253563078483459));
#728=CARTESIAN_POINT('Ctrl Pts',(-0.0110023471222866,0.00527009363741907,
0.0258920579902493));
#729=CARTESIAN_POINT('Ctrl Pts',(-0.0076261301772784,0.00952227923663299,
0.0264278081321525));
#730=CARTESIAN_POINT('Ctrl Pts',(-0.00273848575628169,0.0118879669290831,
0.0269635582740558));
#731=CARTESIAN_POINT('Ctrl Pts',(0.00269005597541572,0.0118992904031938,
0.0274993084159592));
#732=CARTESIAN_POINT('Ctrl Pts',(0.00758887907121069,0.00955248440093982,
0.0280350585578624));
#733=CARTESIAN_POINT('Ctrl Pts',(0.010978104011516,0.00531549586500543,
0.0285708086997658));
#734=CARTESIAN_POINT('Ctrl Pts',(0.0123413662224032,-0.000566715393558382,
0.0291660866352138));
#735=CARTESIAN_POINT('Ctrl Pts',(0.0107213551363057,-0.00585653599969163,
0.0297018367771172));
#736=CARTESIAN_POINT('Ctrl Pts',(0.00747927623446042,-0.00934452031330819,
0.0301780591254756));
#737=CARTESIAN_POINT('Ctrl Pts',(0.00336970997678366,-0.0117417191659337,
0.0306542814738342));
#738=CARTESIAN_POINT('Ctrl Pts',(-0.00276530920235878,-0.0122148386421369,
0.0312495594092823));
#739=CARTESIAN_POINT('Ctrl Pts',(-0.00916516933730917,-0.0085352208049418,
0.03196389293182));
#740=CARTESIAN_POINT('Ctrl Pts',(-0.0123820311416986,-0.00188632276500614,
0.0326782264543578));
#741=CARTESIAN_POINT('Ctrl Pts',(-0.0114104551711045,0.00460086960668452,
0.0333131895855024));
#742=CARTESIAN_POINT('Ctrl Pts',(-0.00802809505636431,0.00906853798542082,
0.033868782325254));
#743=CARTESIAN_POINT('Ctrl Pts',(-0.00387772699006249,0.0114769076380794,
0.0343450046736126));
#744=CARTESIAN_POINT('Ctrl Pts',(0.000886453117284079,0.012080876413912,
0.0348212270219709));
#745=CARTESIAN_POINT('Ctrl Pts',(0.00550920544539259,0.0107883400328765,
0.0352974493703295));
#746=CARTESIAN_POINT('Ctrl Pts',(0.00926778859873538,0.00780081936994592,
0.0357736717186879));
#747=CARTESIAN_POINT('Ctrl Pts',(0.0115698929387584,0.00358806815470095,
0.0362498940670465));
#748=CARTESIAN_POINT('Ctrl Pts',(0.0120550736312974,-0.00118819572137206,
0.0367261164154049));
#749=CARTESIAN_POINT('Ctrl Pts',(0.0106470958213945,-0.00577787299378341,
0.0372023387637635));
#750=CARTESIAN_POINT('Ctrl Pts',(0.00756612959383985,-0.00945982370192702,
0.037678561112122));
#751=CARTESIAN_POINT('Ctrl Pts',(0.00329732296294711,-0.0116564255793424,
0.0381547834604805));
#752=CARTESIAN_POINT('Ctrl Pts',(-0.0014894098872452,-0.012021598391623,
0.0386310058088389));
#753=CARTESIAN_POINT('Ctrl Pts',(-0.0056637571007423,-0.0106256727364942,
0.0390675429615009));
#754=CARTESIAN_POINT('Ctrl Pts',(-0.00876423372693503,-0.00815465479685384,
0.0394643949184663));
#755=CARTESIAN_POINT('Ctrl Pts',(-0.0114587106238281,-0.00422978393044965,
0.0399406172668249));
#756=CARTESIAN_POINT('Ctrl Pts',(-0.0123877212071623,0.00184949719097003,
0.0405358952022728));
#757=CARTESIAN_POINT('Ctrl Pts',(-0.00919021975481208,0.00850750224249157,
0.0412502287248107));
#758=CARTESIAN_POINT('Ctrl Pts',(-0.00280192215661787,0.0122062528368467,
0.0419645622473484));
#759=CARTESIAN_POINT('Ctrl Pts',(0.0045625180945104,0.0116630333065148,
0.0426788957698861));
#760=CARTESIAN_POINT('Ctrl Pts',(0.010338887507966,0.00706710052521479,
0.0433932292924239));
#761=CARTESIAN_POINT('Ctrl Pts',(0.0125252182048999,1.18815417852839E-5,
0.0441075628149616));
#762=CARTESIAN_POINT('Ctrl Pts',(0.0105931143497508,-0.0062569593580242,
0.0447425259461063));
#763=CARTESIAN_POINT('Ctrl Pts',(0.00658041374289499,-0.0101679687538649,
0.0452981186858579));
#764=CARTESIAN_POINT('Ctrl Pts',(0.00211612562771487,-0.0119280473683761,
0.0457743410342164));
#765=CARTESIAN_POINT('Ctrl Pts',(-0.0026845326497588,-0.0118120740798901,
0.0462505633825749));
#766=CARTESIAN_POINT('Ctrl Pts',(-0.00706225161056771,-0.00984237734124302,
0.0467267857309333));
#767=CARTESIAN_POINT('Ctrl Pts',(-0.0103304878276727,-0.0063258662215224,
0.0472030080792918));
#768=CARTESIAN_POINT('Ctrl Pts',(-0.011839847388301,-0.00219105155343495,
0.0476395452319538));
#769=CARTESIAN_POINT('Ctrl Pts',(-0.0118390207202266,0.00177318171526037,
0.0480363971889192));
#770=CARTESIAN_POINT('Ctrl Pts',(-0.0104482966191018,0.00632730581542517,
0.0485126195372777));
#771=CARTESIAN_POINT('Ctrl Pts',(-0.00627388939731665,0.0108408289041169,
0.0491078974727259));
#772=CARTESIAN_POINT('Ctrl Pts',(0.000929437223748966,0.0124903110810443,
0.0498222309952636));
#773=CARTESIAN_POINT('Ctrl Pts',(0.00722488191521236,0.0100191574233502,
0.0504770367242565));
#774=CARTESIAN_POINT('Ctrl Pts',(0.0109869283656555,0.00529882157303354,
0.0510723146597046));
#775=CARTESIAN_POINT('Ctrl Pts',(0.0121999052818517,8.89541621138798E-6,
0.0516080648016079));
#776=CARTESIAN_POINT('Ctrl Pts',(0.0109944679364911,-0.0052867649660331,
0.0521438149435113));
#777=CARTESIAN_POINT('Ctrl Pts',(0.00761202528617269,-0.00953321039939567,
0.0526795650854145));
#778=CARTESIAN_POINT('Ctrl Pts',(0.00272129805199727,-0.011892214353629,
0.0532153152273178));
#779=CARTESIAN_POINT('Ctrl Pts',(-0.00270827368904198,-0.0118950247429098,
0.0537510653692211));
#780=CARTESIAN_POINT('Ctrl Pts',(-0.00760147173292993,-0.009541811090505,
0.0542868155111244));
#781=CARTESIAN_POINT('Ctrl Pts',(-0.0109888591889217,-0.00529835367493099,
0.0548225656530278));
#782=CARTESIAN_POINT('Ctrl Pts',(-0.0121994980825398,-5.420016426405E-6,
0.0553583157949311));
#783=CARTESIAN_POINT('Ctrl Pts',(-0.0109935657263502,0.00528863029156905,
0.0558940659368343));
#784=CARTESIAN_POINT('Ctrl Pts',(-0.00760990253219313,0.0095350223795846,
0.0564298160787377));
#785=CARTESIAN_POINT('Ctrl Pts',(-0.00271888426412589,0.0118927009951673,
0.056965566220641));
#786=CARTESIAN_POINT('Ctrl Pts',(0.0027108751623664,0.0118944577349898,
0.0575013163625443));
#787=CARTESIAN_POINT('Ctrl Pts',(0.00760331107902977,0.00954029137575773,
0.0580370665044476));
#788=CARTESIAN_POINT('Ctrl Pts',(0.0109903065257924,0.00529583649893612,
0.0585728166463509));
#789=CARTESIAN_POINT('Ctrl Pts',(0.01179566558898,0.00176753911063205,0.0589299834076198));
#790=CARTESIAN_POINT('Ctrl Pts',(0.0117960815644156,2.7502707756433E-6,
0.0591085667882542));
#791=CARTESIAN_POINT('Ctrl Pts',(0.011173646089651,2.9976944819429E-5,-0.000399325992634621));
#792=CARTESIAN_POINT('Ctrl Pts',(0.0111781284776464,-0.00164184177603319,
-0.000220742612000185));
#793=CARTESIAN_POINT('Ctrl Pts',(0.0104250321053464,-0.0049859550269168,
0.000136424149268686));
#794=CARTESIAN_POINT('Ctrl Pts',(0.00722846647373945,-0.00901593247079221,
0.000672174291171991));
#795=CARTESIAN_POINT('Ctrl Pts',(0.00260069003331381,-0.0112593324500025,
0.0012079244330753));
#796=CARTESIAN_POINT('Ctrl Pts',(-0.00254257243075478,-0.011272696127385,
0.0017436745749786));
#797=CARTESIAN_POINT('Ctrl Pts',(-0.0071820248227797,-0.00905291655573583,
0.00227942471688191));
#798=CARTESIAN_POINT('Ctrl Pts',(-0.0103988762683326,-0.00503994077278396,
0.00281517485878521));
#799=CARTESIAN_POINT('Ctrl Pts',(-0.011555800831879,-2.85618075223753E-5,
0.00335092500068852));
#800=CARTESIAN_POINT('Ctrl Pts',(-0.0104236591936828,0.00498843090169178,
0.00388667514259183));
#801=CARTESIAN_POINT('Ctrl Pts',(-0.00722673531922139,0.0090173345352544,
0.00442242528449513));
#802=CARTESIAN_POINT('Ctrl Pts',(-0.00259821854290449,0.0112599004579838,
0.00495817542639844));
#803=CARTESIAN_POINT('Ctrl Pts',(0.00254484486164639,0.0112722243807116,
0.00549392556830174));
#804=CARTESIAN_POINT('Ctrl Pts',(0.00718407025920141,0.00905122618640231,
0.00602967571020506));
#805=CARTESIAN_POINT('Ctrl Pts',(0.0103996767812291,0.0050381432193991,
0.00656542585210835));
#806=CARTESIAN_POINT('Ctrl Pts',(0.011556315141287,2.53339621290371E-5,
0.00710117599401167));
#807=CARTESIAN_POINT('Ctrl Pts',(0.0104215940221265,-0.00498900352157231,
0.00763692613591497));
#808=CARTESIAN_POINT('Ctrl Pts',(0.00687184385909155,-0.00947026999231605,
0.00823220407136309));
#809=CARTESIAN_POINT('Ctrl Pts',(0.000913753908647161,-0.01182928044771,
0.00888700980035602));
#810=CARTESIAN_POINT('Ctrl Pts',(-0.00591075265317976,-0.010285051648975,
0.00960134332289376));
#811=CARTESIAN_POINT('Ctrl Pts',(-0.0106763195391707,-0.00517072935791977,
0.0103156768454315));
#812=CARTESIAN_POINT('Ctrl Pts',(-0.0117356014956628,0.00174637090576778,
0.0110300103679692));
#813=CARTESIAN_POINT('Ctrl Pts',(-0.00938235050691069,0.00664653068179817,
0.0115856031077208));
#814=CARTESIAN_POINT('Ctrl Pts',(-0.00602388959749971,0.00961415710869626,
0.0120618254560793));
#815=CARTESIAN_POINT('Ctrl Pts',(-0.00257645929786446,0.0111826272366443,
0.0124586774130447));
#816=CARTESIAN_POINT('Ctrl Pts',(0.00197137518373424,0.0113036424194436,
0.0129348997614032));
#817=CARTESIAN_POINT('Ctrl Pts',(0.00620664348626661,0.00965088358733971,
0.0134111221097617));
#818=CARTESIAN_POINT('Ctrl Pts',(0.00946869725362354,0.00648153303474685,
0.0138873444581202));
#819=CARTESIAN_POINT('Ctrl Pts',(0.0112425178632062,0.00229454201291846,
0.0143635668064787));
#820=CARTESIAN_POINT('Ctrl Pts',(0.0112513775790482,-0.0022531195185302,
0.0148397891548372));
#821=CARTESIAN_POINT('Ctrl Pts',(0.00949212441029435,-0.00644667166211502,
0.0153160115031957));
#822=CARTESIAN_POINT('Ctrl Pts',(0.00624254356333318,-0.00962764843088104,
0.0157922338515542));
#823=CARTESIAN_POINT('Ctrl Pts',(0.00201226579416449,-0.0112969708390384,
0.0162684561999127));
#824=CARTESIAN_POINT('Ctrl Pts',(-0.00253395739504628,-0.0111907843388014,
0.0167446785482712));
#825=CARTESIAN_POINT('Ctrl Pts',(-0.00668254271923635,-0.00932838335269926,
0.0172209008966297));
#826=CARTESIAN_POINT('Ctrl Pts',(-0.00978103945602883,-0.00599914199162217,
0.0176971232449881));
#827=CARTESIAN_POINT('Ctrl Pts',(-0.0113431298796282,-0.00172931483138223,
0.0181733455933467));
#828=CARTESIAN_POINT('Ctrl Pts',(-0.0111250211021189,0.00281444258300968,
0.0186495679417051));
#829=CARTESIAN_POINT('Ctrl Pts',(-0.00915649518020173,0.00691218622001414,
0.0191257902900636));
#830=CARTESIAN_POINT('Ctrl Pts',(-0.00518801823809615,0.0104349232883239,
0.0196813830298153));
#831=CARTESIAN_POINT('Ctrl Pts',(0.000868522020225134,0.0118340581678018,
0.0203163461609599));
#832=CARTESIAN_POINT('Ctrl Pts',(0.00683765495104672,0.0094948502589597,
0.0209711518899528));
#833=CARTESIAN_POINT('Ctrl Pts',(0.0104028062599612,0.0050276635478743,
0.0215664298254009));
#834=CARTESIAN_POINT('Ctrl Pts',(0.0115565006192324,1.70791637547181E-5,
0.0221021799673043));
#835=CARTESIAN_POINT('Ctrl Pts',(0.0104180785410348,-0.00499972639917906,
0.0226379301092075));
#836=CARTESIAN_POINT('Ctrl Pts',(0.00721740412283701,-0.0090247412813355,
0.0231736802511108));
#837=CARTESIAN_POINT('Ctrl Pts',(0.00258632414872956,-0.0112627544256836,
0.0237094303930142));
#838=CARTESIAN_POINT('Ctrl Pts',(-0.00255671022772012,-0.0112694057971273,
0.0242451805349175));
#839=CARTESIAN_POINT('Ctrl Pts',(-0.00719348833379506,-0.00904388338702812,
0.0247809306768207));
#840=CARTESIAN_POINT('Ctrl Pts',(-0.010405188568705,-0.005026802624392,
0.0253166808187241));
#841=CARTESIAN_POINT('Ctrl Pts',(-0.0115558752611478,-1.39842521971765E-5,
0.0258524309606274));
#842=CARTESIAN_POINT('Ctrl Pts',(-0.0104172757237195,0.00500156716697552,
0.0263881811025307));
#843=CARTESIAN_POINT('Ctrl Pts',(-0.00721551053063573,0.00902647297315541,
0.026923931244434));
#844=CARTESIAN_POINT('Ctrl Pts',(-0.0025836965250945,0.01126310931645,0.0274596813863373));
#845=CARTESIAN_POINT('Ctrl Pts',(0.00255843249391207,0.0112691277814525,
0.0279954315282406));
#846=CARTESIAN_POINT('Ctrl Pts',(0.00719675561390996,0.00904190664675811,
0.0285311816701439));
#847=CARTESIAN_POINT('Ctrl Pts',(0.0104034779339977,0.00502551763337106,
0.0290669318120472));
#848=CARTESIAN_POINT('Ctrl Pts',(0.0116897338726919,-0.000547484888694678,
0.0296622097474953));
#849=CARTESIAN_POINT('Ctrl Pts',(0.0101505973954367,-0.00555681753062491,
0.0301979598893986));
#850=CARTESIAN_POINT('Ctrl Pts',(0.00707655771154778,-0.00885797255785712,
0.0306741822377571));
#851=CARTESIAN_POINT('Ctrl Pts',(0.00318170040983049,-0.0111251366150642,
0.0311504045861157));
#852=CARTESIAN_POINT('Ctrl Pts',(-0.00262994116056975,-0.0115679611786406,
0.0317456825215637));
#853=CARTESIAN_POINT('Ctrl Pts',(-0.00868904342938174,-0.0080769357032289,
0.0324600160441015));
#854=CARTESIAN_POINT('Ctrl Pts',(-0.0117303338719203,-0.00177606586432236,
0.0331743495666392));
#855=CARTESIAN_POINT('Ctrl Pts',(-0.0108044561639665,0.00436798735546302,
0.0338093126977839));
#856=CARTESIAN_POINT('Ctrl Pts',(-0.00759665087711218,0.008597023085043,
0.0343649054375355));
#857=CARTESIAN_POINT('Ctrl Pts',(-0.00366319086738844,0.0108747252141967,
0.0348411277858939));
#858=CARTESIAN_POINT('Ctrl Pts',(0.000850129505048982,0.0114426969128661,
0.0353173501342524));
#859=CARTESIAN_POINT('Ctrl Pts',(0.00522788344223514,0.0102143550815934,
0.0357935724826109));
#860=CARTESIAN_POINT('Ctrl Pts',(0.00878557712889961,0.00738118360266455,
0.0362697948309695));
#861=CARTESIAN_POINT('Ctrl Pts',(0.0109625470961564,0.00338873447510744,
0.0367460171793279));
#862=CARTESIAN_POINT('Ctrl Pts',(0.0114179990591712,-0.00113592058884978,
0.0372222395276865));
#863=CARTESIAN_POINT('Ctrl Pts',(0.0100803141959602,-0.00548229138537683,
0.0376984618760449));
#864=CARTESIAN_POINT('Ctrl Pts',(0.00715875678147731,-0.0089672221484912,
0.0381746842244034));
#865=CARTESIAN_POINT('Ctrl Pts',(0.00311320969346113,-0.0110443005144074,
0.0386509065727619));
#866=CARTESIAN_POINT('Ctrl Pts',(-0.00142122681710144,-0.0113860069998234,
0.0391271289211204));
#867=CARTESIAN_POINT('Ctrl Pts',(-0.00537412627632267,-0.0100601500267586,
0.0395636660737823));
#868=CARTESIAN_POINT('Ctrl Pts',(-0.00830887867171982,-0.00771680484193427,
0.0399605180307478));
#869=CARTESIAN_POINT('Ctrl Pts',(-0.0108578118645871,-0.00399664415099406,
0.0404367403791063));
#870=CARTESIAN_POINT('Ctrl Pts',(-0.0117325091640079,0.00176262829848888,
0.0410320183145544));
#871=CARTESIAN_POINT('Ctrl Pts',(-0.00869795972803694,0.00806660257065239,
0.0417463518370921));
#872=CARTESIAN_POINT('Ctrl Pts',(-0.00264350763945777,0.0115646517108941,
0.0424606853596299));
#873=CARTESIAN_POINT('Ctrl Pts',(0.00433189376236502,0.0110437166161293,
0.0431750188821676));
#874=CARTESIAN_POINT('Ctrl Pts',(0.00979951601233189,0.00668527108143405,
0.0438893524047054));
#875=CARTESIAN_POINT('Ctrl Pts',(0.0118643661340678,3.94229736694604E-7,
0.0446036859272431));
#876=CARTESIAN_POINT('Ctrl Pts',(0.01002879708935,-0.00593599148449037,
0.0452386490583877));
#877=CARTESIAN_POINT('Ctrl Pts',(0.00622440277423017,-0.0096371885249085,
0.0457942417981393));
#878=CARTESIAN_POINT('Ctrl Pts',(0.00199414385966256,-0.0113005433722725,
0.0462704641464978));
#879=CARTESIAN_POINT('Ctrl Pts',(-0.00255310909427411,-0.0111865074831055,
0.0467466864948563));
#880=CARTESIAN_POINT('Ctrl Pts',(-0.00669817528965786,-0.00931697628902363,
0.0472229088432148));
#881=CARTESIAN_POINT('Ctrl Pts',(-0.00979090673600523,-0.00598312374281153,
0.0476991311915733));
#882=CARTESIAN_POINT('Ctrl Pts',(-0.0112170580931214,-0.00206520543879101,
0.0481356683442353));
#883=CARTESIAN_POINT('Ctrl Pts',(-0.0112128372609686,0.00168988174842997,
0.0485325203012006));
#884=CARTESIAN_POINT('Ctrl Pts',(-0.00989152891140956,0.00600252819934426,
0.0490087426495592));
#885=CARTESIAN_POINT('Ctrl Pts',(-0.00593346369423384,0.010274299761305,
0.0496040205850072));
#886=CARTESIAN_POINT('Ctrl Pts',(0.00089121948464714,0.0118304793522329,
0.050318354107545));
#887=CARTESIAN_POINT('Ctrl Pts',(0.00685235484174405,0.00948428359266169,
0.050973159836538));
#888=CARTESIAN_POINT('Ctrl Pts',(0.010411830413989,0.00500972018159755,
0.051568437771986));
#889=CARTESIAN_POINT('Ctrl Pts',(0.0115562219128374,-2.14225801035445E-6,
0.0521041879138894));
#890=CARTESIAN_POINT('Ctrl Pts',(0.0104097984374344,-0.00501735307790597,
0.0526399380557927));
#891=CARTESIAN_POINT('Ctrl Pts',(0.00720213976811355,-0.00903681510414571,
0.053175688197696));
#892=CARTESIAN_POINT('Ctrl Pts',(0.0025674128823195,-0.0112671168796505,
0.0537114383395993));
#893=CARTESIAN_POINT('Ctrl Pts',(-0.00257568693510274,-0.01126507363744,
0.0542471884815026));
#894=CARTESIAN_POINT('Ctrl Pts',(-0.00720867142565938,-0.00903178082045079,
0.0547829386234059));
#895=CARTESIAN_POINT('Ctrl Pts',(-0.0104136570713515,-0.00500928014193896,
0.0553186887653092));
#896=CARTESIAN_POINT('Ctrl Pts',(-0.0115558340045864,5.4353915624245E-6,
0.0558544389072125));
#897=CARTESIAN_POINT('Ctrl Pts',(-0.0104089419032401,0.00501912032737763,
0.0563901890491158));
#898=CARTESIAN_POINT('Ctrl Pts',(-0.00720012742171948,0.0090385253709172,
0.0569259391910191));
#899=CARTESIAN_POINT('Ctrl Pts',(-0.00256512639562616,0.0112675853616661,
0.0574616893329224));
#900=CARTESIAN_POINT('Ctrl Pts',(0.00257815155839603,0.0112645143965051,
0.0579974394748257));
#901=CARTESIAN_POINT('Ctrl Pts',(0.00721041049034132,0.00903038043784719,
0.058533189616729));
#902=CARTESIAN_POINT('Ctrl Pts',(0.0104150299377211,0.00500680767257366,
0.0590689397586324));
#903=CARTESIAN_POINT('Ctrl Pts',(0.0111748259107789,0.00166420916529867,
0.0594261065199012));
#904=CARTESIAN_POINT('Ctrl Pts',(0.0111736837060619,-7.61517432672868E-6,
0.0596046899005356));
#905=CARTESIAN_POINT('Ctrl Pts',(0.0111757734656298,7.64710956845301E-6,
0.00039446043730661));
#906=CARTESIAN_POINT('Ctrl Pts',(0.0111769143578199,-0.00166421314970951,
0.000573043817941046));
#907=CARTESIAN_POINT('Ctrl Pts',(0.0104169513584632,-0.00500786240753759,
0.000930210579209915));
#908=CARTESIAN_POINT('Ctrl Pts',(0.00721176914084344,-0.00903195052043932,
0.00146596072111322));
#909=CARTESIAN_POINT('Ctrl Pts',(0.00257865411044076,-0.0112666206487915,
0.00200171086301653));
#910=CARTESIAN_POINT('Ctrl Pts',(-0.00256556762731208,-0.0112696506849472,
0.00253746100491984));
#911=CARTESIAN_POINT('Ctrl Pts',(-0.00720143124728885,-0.0090402197356923,
0.00307321114682314));
#912=CARTESIAN_POINT('Ctrl Pts',(-0.0104108462387517,-0.00502006851494823,
0.00360896128872645));
#913=CARTESIAN_POINT('Ctrl Pts',(-0.011557964990935,-5.47000399108763E-6,
0.00414471143062976));
#914=CARTESIAN_POINT('Ctrl Pts',(-0.0104155879343535,0.00501017770681035,
0.00468046157253306));
#915=CARTESIAN_POINT('Ctrl Pts',(-0.00721002800214468,0.00903342367822519,
0.00521621171443637));
#916=CARTESIAN_POINT('Ctrl Pts',(-0.00257618425230709,0.0112671474450844,
0.00575196185633967));
#917=CARTESIAN_POINT('Ctrl Pts',(0.00256784082178174,0.0112691920665361,
0.00628771199824298));
#918=CARTESIAN_POINT('Ctrl Pts',(0.00720347364480792,0.00903851668425216,
0.00682346214014629));
#919=CARTESIAN_POINT('Ctrl Pts',(0.0104116420935295,0.00501827209750117,
0.00735921228204958));
#920=CARTESIAN_POINT('Ctrl Pts',(0.0115584760447028,2.2411458002079E-6,
0.0078949624239529));
#921=CARTESIAN_POINT('Ctrl Pts',(0.0104135144189555,-0.00501075102401899,
0.0084307125658562));
#922=CARTESIAN_POINT('Ctrl Pts',(0.00685419241541465,-0.00948571282189607,
0.00902599050130432));
#923=CARTESIAN_POINT('Ctrl Pts',(0.000890262403469538,-0.0118332704816462,
0.00968079623029725));
#924=CARTESIAN_POINT('Ctrl Pts',(-0.00593238288426902,-0.0102751115871439,
0.010395129752835));
#925=CARTESIAN_POINT('Ctrl Pts',(-0.0106886057884687,-0.0051503234299427,
0.0111094632753727));
#926=CARTESIAN_POINT('Ctrl Pts',(-0.0117342541509281,0.00177011613370774,
0.0118237967979105));
#927=CARTESIAN_POINT('Ctrl Pts',(-0.00937070057557431,0.00666661222238365,
0.012379389537662));
#928=CARTESIAN_POINT('Ctrl Pts',(-0.0060058604682211,0.00962785995459138,
0.0128556118860205));
#929=CARTESIAN_POINT('Ctrl Pts',(-0.00255448212977494,0.0111898769555347,
0.013252463842986));
#930=CARTESIAN_POINT('Ctrl Pts',(0.00199422495450954,0.0113017279356814,
0.0137286861913445));
#931=CARTESIAN_POINT('Ctrl Pts',(0.0062271191233157,0.00964025987380289,
0.014204908539703));
#932=CARTESIAN_POINT('Ctrl Pts',(0.00948334882053994,0.00646376251941185,
0.0146811308880615));
#933=CARTESIAN_POINT('Ctrl Pts',(0.0112491793483009,0.00227252671530697,
0.0151573532364199));
#934=CARTESIAN_POINT('Ctrl Pts',(0.0112488910561625,-0.0022760980072741,
0.0156335755847785));
#935=CARTESIAN_POINT('Ctrl Pts',(0.00948099372564531,-0.00646677241949544,
0.0161097979331369));
#936=CARTESIAN_POINT('Ctrl Pts',(0.00622446576408331,-0.00964189719257203,
0.0165860202814954));
#937=CARTESIAN_POINT('Ctrl Pts',(0.00198997306570592,-0.0113030280336714,
0.0170622426298539));
#938=CARTESIAN_POINT('Ctrl Pts',(-0.00255677011711746,-0.0111877949431284,
0.0175384649782124));
#939=CARTESIAN_POINT('Ctrl Pts',(-0.00670239604909766,-0.00931669273651287,
0.0180146873265709));
#940=CARTESIAN_POINT('Ctrl Pts',(-0.00979481594322694,-0.0059807144914005,
0.0184909096749294));
#941=CARTESIAN_POINT('Ctrl Pts',(-0.0113486538507059,-0.00170697977807915,
0.0189671320232879));
#942=CARTESIAN_POINT('Ctrl Pts',(-0.0111213970490977,0.00283724924625198,
0.0194433543716464));
#943=CARTESIAN_POINT('Ctrl Pts',(-0.00914435075616801,0.00693175971039562,
0.0199195767200049));
#944=CARTESIAN_POINT('Ctrl Pts',(-0.0051681836290113,0.0104471210606851,
0.0204751694597565));
#945=CARTESIAN_POINT('Ctrl Pts',(0.000892368876971191,0.0118345287424534,
0.0211101325909011));
#946=CARTESIAN_POINT('Ctrl Pts',(0.00685788705783792,0.00948287428332869,
0.0217649383198941));
#947=CARTESIAN_POINT('Ctrl Pts',(0.0104147551506003,0.00500780026546005,
0.0223602162553422));
#948=CARTESIAN_POINT('Ctrl Pts',(0.011558640408551,-6.02556782354145E-6,
0.0228959663972455));
#949=CARTESIAN_POINT('Ctrl Pts',(0.0104099845068629,-0.00502145940118952,
0.0234317165391488));
#950=CARTESIAN_POINT('Ctrl Pts',(0.00720067981238111,-0.00904081552581091,
0.0239674666810521));
#951=CARTESIAN_POINT('Ctrl Pts',(0.00256428238373527,-0.0112699768241588,
0.0245032168229554));
#952=CARTESIAN_POINT('Ctrl Pts',(-0.00257970323299085,-0.0112663501966788,
0.0250389669648587));
#953=CARTESIAN_POINT('Ctrl Pts',(-0.00721287786107546,-0.00903115267669093,
0.025574717106762));
#954=CARTESIAN_POINT('Ctrl Pts',(-0.0104171339579665,-0.00500692009423953,
0.0261104672486653));
#955=CARTESIAN_POINT('Ctrl Pts',(-0.0115580098923979,9.11294192388851E-6,
0.0266462173905686));
#956=CARTESIAN_POINT('Ctrl Pts',(-0.0104091775215404,0.00502330185480222,
0.0271819675324719));
#957=CARTESIAN_POINT('Ctrl Pts',(-0.00719878209704626,0.00904254316326064,
0.0277177176743752));
#958=CARTESIAN_POINT('Ctrl Pts',(-0.00256165471055196,0.0112703250426289,
0.0282534678162785));
#959=CARTESIAN_POINT('Ctrl Pts',(0.00258142780205013,0.0112660730017507,
0.0287892179581818));
#960=CARTESIAN_POINT('Ctrl Pts',(0.00721613654474905,0.00902915970231838,
0.0293249681000851));
#961=CARTESIAN_POINT('Ctrl Pts',(0.0104154308750067,0.00500565720027592,
0.0298607182419884));
#962=CARTESIAN_POINT('Ctrl Pts',(0.0116907495896518,-0.000570994970434569,
0.0304559961774366));
#963=CARTESIAN_POINT('Ctrl Pts',(0.0101413482949939,-0.00557813230699339,
0.0309917463193399));
#964=CARTESIAN_POINT('Ctrl Pts',(0.00706014237277149,-0.00887372165060351,
0.0314679686676984));
#965=CARTESIAN_POINT('Ctrl Pts',(0.00316011997962602,-0.0111334974407589,
0.0319441910160569));
#966=CARTESIAN_POINT('Ctrl Pts',(-0.00265363348552784,-0.0115648232148662,
0.032539468951505));
#967=CARTESIAN_POINT('Ctrl Pts',(-0.00870668038441399,-0.00806105197636804,
0.0332538024740427));
#968=CARTESIAN_POINT('Ctrl Pts',(-0.0117360814540422,-0.00175294805170002,
0.0339681359965805));
#969=CARTESIAN_POINT('Ctrl Pts',(-0.010797650830276,0.00439041714837025,
0.0346030991277251));
#970=CARTESIAN_POINT('Ctrl Pts',(-0.00758086704902385,0.00861377093466596,
0.0351586918674767));
#971=CARTESIAN_POINT('Ctrl Pts',(-0.00364211225591329,0.0108840288176965,
0.0356349142158352));
#972=CARTESIAN_POINT('Ctrl Pts',(0.000873195079957518,0.0114430880489181,
0.0361111365641937));
#973=CARTESIAN_POINT('Ctrl Pts',(0.00524924318853859,0.010205762957664,
0.0365873589125522));
#974=CARTESIAN_POINT('Ctrl Pts',(0.00880190366835417,0.00736500153864461,
0.0370635812609107));
#975=CARTESIAN_POINT('Ctrl Pts',(0.0109713296971391,0.00336743069293906,
0.0375398036092692));
#976=CARTESIAN_POINT('Ctrl Pts',(0.0114178060454411,-0.0011590051103584,
0.0380160259576276));
#977=CARTESIAN_POINT('Ctrl Pts',(0.0100712154573789,-0.00550335848094858,
0.0384922483059862));
#978=CARTESIAN_POINT('Ctrl Pts',(0.00714209041542787,-0.0089832407848212,
0.0389684706543447));
#979=CARTESIAN_POINT('Ctrl Pts',(0.00309177100180486,-0.0110524735132785,
0.0394446930027032));
#980=CARTESIAN_POINT('Ctrl Pts',(-0.00144427254227791,-0.011385276944016,
0.0399209153510616));
#981=CARTESIAN_POINT('Ctrl Pts',(-0.00539523010267873,-0.0100512138912943,
0.0403574525037236));
#982=CARTESIAN_POINT('Ctrl Pts',(-0.00832582486519379,-0.00770160460258493,
0.040754304460689));
#983=CARTESIAN_POINT('Ctrl Pts',(-0.0108677414419044,-0.00397573936130673,
0.0412305268090475));
#984=CARTESIAN_POINT('Ctrl Pts',(-0.0117311443164301,0.00178643724683155,
0.0418258047444956));
#985=CARTESIAN_POINT('Ctrl Pts',(-0.00868341094004897,0.00808544362562867,
0.0425401382670333));
#986=CARTESIAN_POINT('Ctrl Pts',(-0.00262087890731002,0.011572051097094,
0.0432544717895711));
#987=CARTESIAN_POINT('Ctrl Pts',(0.00435476477245572,0.01103707032631,0.0439688053121088));
#988=CARTESIAN_POINT('Ctrl Pts',(0.00981465836079513,0.00666689607408119,
0.0446831388346466));
#989=CARTESIAN_POINT('Ctrl Pts',(0.0118665440712601,-2.33073627631313E-5,
0.0453974723571843));
#990=CARTESIAN_POINT('Ctrl Pts',(0.0100187300396736,-0.00595715412756655,
0.046032435488329));
#991=CARTESIAN_POINT('Ctrl Pts',(0.00620628351439744,-0.00965138852823301,
0.0465880282280805));
#992=CARTESIAN_POINT('Ctrl Pts',(0.00197190943662141,-0.0113065740089657,
0.0470642505764391));
#993=CARTESIAN_POINT('Ctrl Pts',(-0.00257596648096779,-0.0111834687152648,
0.0475404729247976));
#994=CARTESIAN_POINT('Ctrl Pts',(-0.00671799806783207,-0.00930524662740626,
0.048016695273156));
#995=CARTESIAN_POINT('Ctrl Pts',(-0.00980466071535372,-0.00596469221215965,
0.0484929176215145));
#996=CARTESIAN_POINT('Ctrl Pts',(-0.0112232235751593,-0.0020431284132209,
0.0489294547741765));
#997=CARTESIAN_POINT('Ctrl Pts',(-0.0112114997204374,0.00171260711410706,
0.0493263067311419));
#998=CARTESIAN_POINT('Ctrl Pts',(-0.00988135696681216,0.00602337609438197,
0.0498025290795004));
#999=CARTESIAN_POINT('Ctrl Pts',(-0.00591402458776083,0.0102880009875145,
0.0503978070149486));
#1000=CARTESIAN_POINT('Ctrl Pts',(0.000915031915135536,0.0118308801590209,
0.0511121405374862));
#1001=CARTESIAN_POINT('Ctrl Pts',(0.00687258222766856,0.00947228660216515,
0.0517669462664793));
#1002=CARTESIAN_POINT('Ctrl Pts',(0.0104237387878004,0.00498983087144999,
0.0523622242019273));
#1003=CARTESIAN_POINT('Ctrl Pts',(0.0115583263776339,-2.52475894148634E-5,
0.0528979743438306));
#1004=CARTESIAN_POINT('Ctrl Pts',(0.0104016660918838,-0.00503907388598467,
0.0534337244857339));
#1005=CARTESIAN_POINT('Ctrl Pts',(0.00718538932543551,-0.00905286051398672,
0.0539694746276373));
#1006=CARTESIAN_POINT('Ctrl Pts',(0.00254535854299056,-0.0112743024426471,
0.0545052247695406));
#1007=CARTESIAN_POINT('Ctrl Pts',(-0.00259867450528312,-0.0112619794066451,
0.0550409749114439));
#1008=CARTESIAN_POINT('Ctrl Pts',(-0.00722803971367003,-0.00901901714941084,
0.0555767250533471));
#1009=CARTESIAN_POINT('Ctrl Pts',(-0.0104255687492494,-0.00498937841224145,
0.0561124751952504));
#1010=CARTESIAN_POINT('Ctrl Pts',(-0.0115579302006332,2.853795898786E-5,
0.0566482253371538));
#1011=CARTESIAN_POINT('Ctrl Pts',(-0.0104008063410679,0.00504083766739551,
0.057183975479057));
#1012=CARTESIAN_POINT('Ctrl Pts',(-0.00718337359288512,0.00905457486641931,
0.0577197256209604));
#1013=CARTESIAN_POINT('Ctrl Pts',(-0.00254306922854687,0.0112747489252575,
0.0582554757628637));
#1014=CARTESIAN_POINT('Ctrl Pts',(0.00260113515060133,0.0112614513917787,
0.0587912259047669));
#1015=CARTESIAN_POINT('Ctrl Pts',(0.00722978320898258,0.00901753879683942,
0.0593269760466704));
#1016=CARTESIAN_POINT('Ctrl Pts',(0.0104269222097016,0.00498706100041316,
0.0598627261885735));
#1017=CARTESIAN_POINT('Ctrl Pts',(0.011180219766194,0.00164190259546507,
0.0602198929498425));
#1018=CARTESIAN_POINT('Ctrl Pts',(0.0111757359448331,-2.99520404210808E-5,
0.0603984763304769));
#1019=CARTESIAN_POINT('Ctrl Pts',(0.0117952155568396,-2.83507622628889E-6,
0.000893704815237684));
#1020=CARTESIAN_POINT('Ctrl Pts',(0.0117947942695084,-0.00176763514714873,
0.00107228819587212));
#1021=CARTESIAN_POINT('Ctrl Pts',(0.0109894796738611,-0.00529545159364952,
0.00142945495714099));
#1022=CARTESIAN_POINT('Ctrl Pts',(0.00760269312579167,-0.00953969601333274,
0.0019652050990443));
#1023=CARTESIAN_POINT('Ctrl Pts',(0.00271059553609634,-0.0118936006248618,
0.0025009552409476));
#1024=CARTESIAN_POINT('Ctrl Pts',(-0.00271877338299287,-0.0118918333052502,
0.00303670538285091));
#1025=CARTESIAN_POINT('Ctrl Pts',(-0.00760942189844379,-0.00953427602269117,
0.00357245552475421));
#1026=CARTESIAN_POINT('Ctrl Pts',(-0.0109928103980783,-0.00528817252815299,
0.00410820566665752));
#1027=CARTESIAN_POINT('Ctrl Pts',(-0.0121986192662638,5.50735364590698E-6,
0.00464395580856083));
#1028=CARTESIAN_POINT('Ctrl Pts',(-0.0109880271356679,0.00529805047489392,
0.00517970595046413));
#1029=CARTESIAN_POINT('Ctrl Pts',(-0.0076008593072304,0.00954117563103615,
0.00571545609236744));
#1030=CARTESIAN_POINT('Ctrl Pts',(-0.00270798582397032,0.0118941901907631,
0.00625120623427074));
#1031=CARTESIAN_POINT('Ctrl Pts',(0.00272117121666722,0.0118913294896173,
0.00678695637617405));
#1032=CARTESIAN_POINT('Ctrl Pts',(0.00761157570657759,0.00953248476042992,
0.00732270651807736));
#1033=CARTESIAN_POINT('Ctrl Pts',(0.0109936498713922,0.00528627275965687,
0.00785845665998066));
#1034=CARTESIAN_POINT('Ctrl Pts',(0.0121991524453448,-8.91634289498554E-6,
0.00839420680188397));
#1035=CARTESIAN_POINT('Ctrl Pts',(0.0109858447677298,-0.00529864874721158,
0.00892995694378727));
#1036=CARTESIAN_POINT('Ctrl Pts',(0.00722483344224266,-0.0100182073573578,
0.0095252348792354));
#1037=CARTESIAN_POINT('Ctrl Pts',(0.00092807386899302,-0.0124900413286619,
0.0101800406082283));
#1038=CARTESIAN_POINT('Ctrl Pts',(-0.00627124326793479,-0.0108388644300295,
0.0108943741307661));
#1039=CARTESIAN_POINT('Ctrl Pts',(-0.0112860887857957,-0.00542537913502407,
0.0116087076533038));
#1040=CARTESIAN_POINT('Ctrl Pts',(-0.0123829443350316,0.00187971417893802,
0.0123230411758415));
#1041=CARTESIAN_POINT('Ctrl Pts',(-0.00988367724867068,0.00704516626658902,
0.0128786339155931));
#1042=CARTESIAN_POINT('Ctrl Pts',(-0.00632927813205563,0.0101674774141506,
0.0133548562639516));
#1043=CARTESIAN_POINT('Ctrl Pts',(-0.00268524713553808,0.0118125540292162,
0.013751708220917));
#1044=CARTESIAN_POINT('Ctrl Pts',(0.00211589443049808,0.011926264450406,
0.0142279305692755));
#1045=CARTESIAN_POINT('Ctrl Pts',(0.006581639125033,0.0101685114282892,
0.014704152917634));
#1046=CARTESIAN_POINT('Ctrl Pts',(0.0100153409336318,0.00681281525113425,
0.0151803752659925));
#1047=CARTESIAN_POINT('Ctrl Pts',(0.0118749062479502,0.00238747470338505,
0.015656597614351));
#1048=CARTESIAN_POINT('Ctrl Pts',(0.0118702194423146,-0.00241316042285183,
0.0161328199627095));
#1049=CARTESIAN_POINT('Ctrl Pts',(0.0100001837341189,-0.00683452085240508,
0.016609042311068));
#1050=CARTESIAN_POINT('Ctrl Pts',(0.00656004547673682,-0.0101823997547336,
0.0170852646594265));
#1051=CARTESIAN_POINT('Ctrl Pts',(0.00208932342858203,-0.0119315109592503,
0.017561487007785));
#1052=CARTESIAN_POINT('Ctrl Pts',(-0.00270942640216127,-0.0118053962172147,
0.0180377093561435));
#1053=CARTESIAN_POINT('Ctrl Pts',(-0.00708300699194168,-0.009826602840822,
0.018513931704502));
#1054=CARTESIAN_POINT('Ctrl Pts',(-0.0103435703705204,-0.00630263304042623,
0.0189901540528604));
#1055=CARTESIAN_POINT('Ctrl Pts',(-0.011979368041927,-0.00179049878556366,
0.019466376401219));
#1056=CARTESIAN_POINT('Ctrl Pts',(-0.0117351039468528,0.0030053129018291,
0.0199425987495774));
#1057=CARTESIAN_POINT('Ctrl Pts',(-0.00964444770811984,0.00732489506845095,
0.020418821097936));
#1058=CARTESIAN_POINT('Ctrl Pts',(-0.00544438201308401,0.0110313159397223,
0.0209744138376875));
#1059=CARTESIAN_POINT('Ctrl Pts',(0.000953348787010618,0.0124895876252599,
0.0216093769688322));
#1060=CARTESIAN_POINT('Ctrl Pts',(0.00724726127737155,0.0100018491922508,
0.0222641826978251));
#1061=CARTESIAN_POINT('Ctrl Pts',(0.0109969216840964,0.0052752015607275,
0.0228594606332732));
#1062=CARTESIAN_POINT('Ctrl Pts',(0.0121993222371169,-1.7631427588722E-5,
0.0233952107751765));
#1063=CARTESIAN_POINT('Ctrl Pts',(0.0109821013903621,-0.00530995670131806,
0.0239309609170799));
#1064=CARTESIAN_POINT('Ctrl Pts',(0.00759098617297733,-0.0095489656980265,
0.0244667110589831));
#1065=CARTESIAN_POINT('Ctrl Pts',(0.00269542111615105,-0.0118971661103444,
0.0250024612008865));
#1066=CARTESIAN_POINT('Ctrl Pts',(-0.00273368788885533,-0.011888317577497,
0.0255382113427897));
#1067=CARTESIAN_POINT('Ctrl Pts',(-0.00762149487055363,-0.00952470444331536,
0.0260739614846931));
#1068=CARTESIAN_POINT('Ctrl Pts',(-0.0109994333833249,-0.00527428447336566,
0.0266097116265964));
#1069=CARTESIAN_POINT('Ctrl Pts',(-0.0121986527706374,2.08961053552002E-5,
0.0271454617684997));
#1070=CARTESIAN_POINT('Ctrl Pts',(-0.0109812481542142,0.00531189756872773,
0.027681211910403));
#1071=CARTESIAN_POINT('Ctrl Pts',(-0.00758898190715601,0.00955078781637672,
0.0282169620523063));
#1072=CARTESIAN_POINT('Ctrl Pts',(-0.00269264635896935,0.0118975325551266,
0.0287527121942096));
#1073=CARTESIAN_POINT('Ctrl Pts',(0.00273550535433978,0.0118880190237584,
0.0292884623361129));
#1074=CARTESIAN_POINT('Ctrl Pts',(0.00762493722015696,0.00952260715100859,
0.0298242124780162));
#1075=CARTESIAN_POINT('Ctrl Pts',(0.0109976247520019,0.00527293435539533,
0.0303599626199195));
#1076=CARTESIAN_POINT('Ctrl Pts',(0.0123382216808048,-0.000614009521016794,
0.0309552405553676));
#1077=CARTESIAN_POINT('Ctrl Pts',(0.0106980241767285,-0.00589720887549464,
0.0314909906972709));
#1078=CARTESIAN_POINT('Ctrl Pts',(0.00744282089596395,-0.0093724858638259,
0.0319672130456294));
#1079=CARTESIAN_POINT('Ctrl Pts',(0.00332434253638626,-0.0117537310443183,
0.0324434353939879));
#1080=CARTESIAN_POINT('Ctrl Pts',(-0.00281191943796858,-0.0122032513034042,
0.033038713329436));
#1081=CARTESIAN_POINT('Ctrl Pts',(-0.00919724255741481,-0.00849936339743823,
0.0337530468519738));
#1082=CARTESIAN_POINT('Ctrl Pts',(-0.0123882561538035,-0.00183865284902595,
0.0344673803745115));
#1083=CARTESIAN_POINT('Ctrl Pts',(-0.0113919147115502,0.00464427451794372,
0.0351023435056563));
#1084=CARTESIAN_POINT('Ctrl Pts',(-0.007992647588981,0.0090986280950947,
0.0356579362454077));
#1085=CARTESIAN_POINT('Ctrl Pts',(-0.00383337960469364,0.011490877501092,
0.0361341585937663));
#1086=CARTESIAN_POINT('Ctrl Pts',(0.000932724998076622,0.0120765125794258,
0.0366103809421248));
#1087=CARTESIAN_POINT('Ctrl Pts',(0.00555017451626931,0.0107663426949624,
0.0370866032904833));
#1088=CARTESIAN_POINT('Ctrl Pts',(0.00929700327034661,0.00776461601927295,
0.0375628256388417));
#1089=CARTESIAN_POINT('Ctrl Pts',(0.0115827379151666,0.00354338681648368,
0.0380390479872003));
#1090=CARTESIAN_POINT('Ctrl Pts',(0.0120495582530343,-0.0012343364125994,
0.0385152703355587));
#1091=CARTESIAN_POINT('Ctrl Pts',(0.0106240647753304,-0.00581831466339536,
0.0389914926839173));
#1092=CARTESIAN_POINT('Ctrl Pts',(0.00752924967886251,-0.0094880703212181,
0.0394677150322757));
#1093=CARTESIAN_POINT('Ctrl Pts',(0.00325229209384836,-0.0116681849002468,
0.0399439373806342));
#1094=CARTESIAN_POINT('Ctrl Pts',(-0.00153541157517204,-0.0120149096659539,
0.0404201597289927));
#1095=CARTESIAN_POINT('Ctrl Pts',(-0.00570407674583134,-0.0106031073848872,
0.0408566968816546));
#1096=CARTESIAN_POINT('Ctrl Pts',(-0.00879482835895415,-0.00812037241180687,
0.0412535488386201));
#1097=CARTESIAN_POINT('Ctrl Pts',(-0.01147405151359,-0.00418543784478737,
0.0417297711869785));
#1098=CARTESIAN_POINT('Ctrl Pts',(-0.0123796294755537,0.00189687115052911,
0.0423250491224267));
#1099=CARTESIAN_POINT('Ctrl Pts',(-0.00915684611409545,0.00854210273341051,
0.0430393826449644));
#1100=CARTESIAN_POINT('Ctrl Pts',(-0.00275485381785973,0.0122160319353973,
0.0437537161675022));
#1101=CARTESIAN_POINT('Ctrl Pts',(0.00460691054732883,0.0116445977301515,
0.0444680496900399));
#1102=CARTESIAN_POINT('Ctrl Pts',(0.0103651904109098,0.00702686517854647,
0.0451823832125777));
#1103=CARTESIAN_POINT('Ctrl Pts',(0.0125242611629059,-3.61932160078224E-5,
0.0458967167351153));
#1104=CARTESIAN_POINT('Ctrl Pts',(0.0105682763034964,-0.00629709723818998,
0.0465316798662601));
#1105=CARTESIAN_POINT('Ctrl Pts',(0.00654086526834928,-0.0101924131125549,
0.0470872726060116));
#1106=CARTESIAN_POINT('Ctrl Pts',(0.00207018702272641,-0.0119352283560602,
0.0475634949543702));
#1107=CARTESIAN_POINT('Ctrl Pts',(-0.00272963328195517,-0.0118008206254397,
0.0480397173027286));
#1108=CARTESIAN_POINT('Ctrl Pts',(-0.00709947299874156,-0.0098145129186363,
0.0485159396510871));
#1109=CARTESIAN_POINT('Ctrl Pts',(-0.0103539379599123,-0.00628569451675783,
0.0489921619994456));
#1110=CARTESIAN_POINT('Ctrl Pts',(-0.0118473189937279,-0.00214545693883646,
0.0494286991521076));
#1111=CARTESIAN_POINT('Ctrl Pts',(-0.0118312771309006,0.00181847225436784,
0.0498255511090729));
#1112=CARTESIAN_POINT('Ctrl Pts',(-0.0104231727334975,0.00636690869367772,
0.0503017734574315));
#1113=CARTESIAN_POINT('Ctrl Pts',(-0.00623177946887642,0.0108640604047575,
0.0508970513928795));
#1114=CARTESIAN_POINT('Ctrl Pts',(0.000977294989547067,0.0124857387719126,
0.0516113849154173));
#1115=CARTESIAN_POINT('Ctrl Pts',(0.00726274731970264,0.00999064985995787,
0.0522661906444103));
#1116=CARTESIAN_POINT('Ctrl Pts',(0.0110063918616259,0.00525623215669157,
0.0528614685798583));
#1117=CARTESIAN_POINT('Ctrl Pts',(0.0121989689817583,-3.79209864382864E-5,
0.0533972187217617));
#1118=CARTESIAN_POINT('Ctrl Pts',(0.0109733062278344,-0.00532853826515186,
0.0539329688636649));
#1119=CARTESIAN_POINT('Ctrl Pts',(0.00757483562761072,-0.0095616639429531,
0.0544687190055683));
#1120=CARTESIAN_POINT('Ctrl Pts',(0.00267544451807036,-0.011901712850954,
0.0550044691474716));
#1121=CARTESIAN_POINT('Ctrl Pts',(-0.00275370669325995,-0.011883685918974,
0.0555402192893749));
#1122=CARTESIAN_POINT('Ctrl Pts',(-0.00763748510040649,-0.0095118818533935,
0.0560759694312782));
#1123=CARTESIAN_POINT('Ctrl Pts',(-0.011008318836285,-0.00525576133195311,
0.0566117195731815));
#1124=CARTESIAN_POINT('Ctrl Pts',(-0.0121985492816976,4.1395875413762E-5,
0.0571474697150848));
#1125=CARTESIAN_POINT('Ctrl Pts',(-0.010972396676682,0.0053304010340623,
0.0576832198569881));
#1126=CARTESIAN_POINT('Ctrl Pts',(-0.00757270593870505,0.00956346366411084,
0.0582189699988914));
#1127=CARTESIAN_POINT('Ctrl Pts',(-0.00267302968502681,0.0119021991103567,
0.0587547201407948));
#1128=CARTESIAN_POINT('Ctrl Pts',(0.00275630722003543,0.0118830905072657,
0.059290470282698));
#1129=CARTESIAN_POINT('Ctrl Pts',(0.00763931545828996,0.00951039301332579,
0.0598262204246013));
#1130=CARTESIAN_POINT('Ctrl Pts',(0.011009762803421,0.00525315819755394,
0.0603619705665046));
#1131=CARTESIAN_POINT('Ctrl Pts',(0.0118014979379335,0.00172227048486677,
0.0607191373277735));
#1132=CARTESIAN_POINT('Ctrl Pts',(0.0117951392647249,-4.25181809756765E-5,
0.060897720708408));
#1133=CARTESIAN_POINT('Ctrl Pts',(0.0125717706505923,4.6951449506992E-6,
0.000713229692898482));
#1134=CARTESIAN_POINT('Ctrl Pts',(0.0125724732354084,-0.00187602948828967,
0.000891813073532917));
#1135=CARTESIAN_POINT('Ctrl Pts',(0.0117164110316883,-0.0056370340989011,
0.00124897983480179));
#1136=CARTESIAN_POINT('Ctrl Pts',(0.00810945459203974,-0.01016268569146,
0.00178472997670509));
#1137=CARTESIAN_POINT('Ctrl Pts',(0.00289682242167231,-0.0126748638785184,
0.0023204801186084));
#1138=CARTESIAN_POINT('Ctrl Pts',(-0.00288997948207751,-0.0126764796715835,
0.00285623026051171));
#1139=CARTESIAN_POINT('Ctrl Pts',(-0.00810414271194618,-0.0101669408402953,
0.00339198040241501));
#1140=CARTESIAN_POINT('Ctrl Pts',(-0.0117130494266674,-0.00564350057067752,
0.00392773054431832));
#1141=CARTESIAN_POINT('Ctrl Pts',(-0.013001705071476,-2.1126621795777E-6,
0.00446348068622163));
#1142=CARTESIAN_POINT('Ctrl Pts',(-0.011714877102451,0.00563965412763731,
0.00499923082812493));
#1143=CARTESIAN_POINT('Ctrl Pts',(-0.00810749515704083,0.0101643347489523,
0.00553498097002824));
#1144=CARTESIAN_POINT('Ctrl Pts',(-0.00289404401904047,0.012675459288887,
0.00607073111193155));
#1145=CARTESIAN_POINT('Ctrl Pts',(0.00289253657168333,0.0126759611814303,
0.00660648125383484));
#1146=CARTESIAN_POINT('Ctrl Pts',(0.00810643953020283,0.0101650251695082,
0.00714223139573816));
#1147=CARTESIAN_POINT('Ctrl Pts',(0.0117139442270841,0.0056414791894492,
0.00767798153764145));
#1148=CARTESIAN_POINT('Ctrl Pts',(0.013002278531841,-1.51980153822752E-6,
0.00821373167954477));
#1149=CARTESIAN_POINT('Ctrl Pts',(0.0117125449970788,-0.00564029777368751,
0.00874948182144808));
#1150=CARTESIAN_POINT('Ctrl Pts',(0.00770705069318707,-0.0106729985064987,
0.00934475975689619));
#1151=CARTESIAN_POINT('Ctrl Pts',(0.000997332100919153,-0.0133117082074967,
0.00999956548588913));
#1152=CARTESIAN_POINT('Ctrl Pts',(-0.00667700622687598,-0.0115565311637924,
0.0107138990084269));
#1153=CARTESIAN_POINT('Ctrl Pts',(-0.0120255497793215,-0.00578992913423054,
0.0114282325309646));
#1154=CARTESIAN_POINT('Ctrl Pts',(-0.0131993943284833,0.00199533160077928,
0.0121425660535024));
#1155=CARTESIAN_POINT('Ctrl Pts',(-0.0105388967828386,0.00750262095239845,
0.0126981587932539));
#1156=CARTESIAN_POINT('Ctrl Pts',(-0.00675269600002928,0.0108326130415718,
0.0131743811416124));
#1157=CARTESIAN_POINT('Ctrl Pts',(-0.00286966656453596,0.0125885218883613,
0.0135712330985778));
#1158=CARTESIAN_POINT('Ctrl Pts',(0.00224729007169538,0.012712766509705,
0.0140474554469363));
#1159=CARTESIAN_POINT('Ctrl Pts',(0.00700833128153103,0.0108422721746476,
0.0145236777952948));
#1160=CARTESIAN_POINT('Ctrl Pts',(0.0106702031306257,0.00726785715749291,
0.0149999001436533));
#1161=CARTESIAN_POINT('Ctrl Pts',(0.0126551386497097,0.00255245776049326,
0.0154761224920118));
#1162=CARTESIAN_POINT('Ctrl Pts',(0.0126532286330664,-0.00256433607179521,
0.0159523448403703));
#1163=CARTESIAN_POINT('Ctrl Pts',(0.0106630290173531,-0.0072778748105451,
0.0164285671887288));
#1164=CARTESIAN_POINT('Ctrl Pts',(0.00699860774467818,-0.0108484687001024,
0.0169047895370873));
#1165=CARTESIAN_POINT('Ctrl Pts',(0.00223460305894201,-0.0127156184027221,
0.0173810118854458));
#1166=CARTESIAN_POINT('Ctrl Pts',(-0.00288005685549196,-0.0125843970307995,
0.0178572342338043));
#1167=CARTESIAN_POINT('Ctrl Pts',(-0.00754286896835417,-0.0104781277224424,
0.0183334565821628));
#1168=CARTESIAN_POINT('Ctrl Pts',(-0.0110204051401603,-0.00672435540380694,
0.0188096789305213));
#1169=CARTESIAN_POINT('Ctrl Pts',(-0.0127668434840756,-0.00191623387664795,
0.0192859012788798));
#1170=CARTESIAN_POINT('Ctrl Pts',(-0.0125096123527296,0.00319553998790233,
0.0197621236272383));
#1171=CARTESIAN_POINT('Ctrl Pts',(-0.0102841738980417,0.00780082114354948,
0.0202383459755967));
#1172=CARTESIAN_POINT('Ctrl Pts',(-0.00581009720771193,0.011753915768151,
0.0207939387153483));
#1173=CARTESIAN_POINT('Ctrl Pts',(0.00100797161799704,0.0133124959769966,
0.021428901846493));
#1174=CARTESIAN_POINT('Ctrl Pts',(0.00771783904727391,0.0106650134523256,
0.0220837075754859));
#1175=CARTESIAN_POINT('Ctrl Pts',(0.011717442299589,0.00562969655299198,
0.022678985510934));
#1176=CARTESIAN_POINT('Ctrl Pts',(0.0130024608690436,-1.08181278694977E-5,
0.0232147356528374));
#1177=CARTESIAN_POINT('Ctrl Pts',(0.01170856977097,-0.00565234357235216,
0.0237504857947406));
#1178=CARTESIAN_POINT('Ctrl Pts',(0.00809697669138328,-0.0101726464189082,
0.024286235936644));
#1179=CARTESIAN_POINT('Ctrl Pts',(0.00288065444292486,-0.0126786380714252,
0.0248219860785473));
#1180=CARTESIAN_POINT('Ctrl Pts',(-0.00290587971775205,-0.0126727600775473,
0.0253577362204506));
#1181=CARTESIAN_POINT('Ctrl Pts',(-0.0081170159554054,-0.0101567381313661,
0.0258934863623539));
#1182=CARTESIAN_POINT('Ctrl Pts',(-0.0117201179756874,-0.00562870706515669,
0.0264292365042572));
#1183=CARTESIAN_POINT('Ctrl Pts',(-0.0130017504900245,1.42916332686084E-5,
0.0269649866461604));
#1184=CARTESIAN_POINT('Ctrl Pts',(-0.0117076613340711,0.00565441559045156,
0.0275007367880639));
#1185=CARTESIAN_POINT('Ctrl Pts',(-0.00809484136237757,0.0101745892512928,
0.0280364869299671));
#1186=CARTESIAN_POINT('Ctrl Pts',(-0.0028776983237081,0.0126790290314587,
0.0285722370718704));
#1187=CARTESIAN_POINT('Ctrl Pts',(0.00290781941335756,0.0126724471904017,
0.0291079872137737));
#1188=CARTESIAN_POINT('Ctrl Pts',(0.00812068139426317,0.010154496071363,
0.029643737355677));
#1189=CARTESIAN_POINT('Ctrl Pts',(0.0117182009212931,0.00562728498970004,
0.0301794874975803));
#1190=CARTESIAN_POINT('Ctrl Pts',(0.0131508761888789,-0.000646401777528209,
0.0307747654330285));
#1191=CARTESIAN_POINT('Ctrl Pts',(0.0114061819259049,-0.0062784567694947,
0.0313105155749318));
#1192=CARTESIAN_POINT('Ctrl Pts',(0.00793894277851599,-0.00998463258093671,
0.0317867379232902));
#1193=CARTESIAN_POINT('Ctrl Pts',(0.00355096010374601,-0.0125253226285216,
0.0322629602716487));
#1194=CARTESIAN_POINT('Ctrl Pts',(-0.00298914036951323,-0.0130084882330745,
0.0328582382070969));
#1195=CARTESIAN_POINT('Ctrl Pts',(-0.00979708385202,-0.00906493714269887,
0.0335725717296346));
#1196=CARTESIAN_POINT('Ctrl Pts',(-0.0132026756627868,-0.00196780968557833,
0.0342869052521723));
#1197=CARTESIAN_POINT('Ctrl Pts',(-0.012144885117504,0.00494260702078797,
0.034921868383317));
#1198=CARTESIAN_POINT('Ctrl Pts',(-0.00852480192994531,0.00969239224614635,
0.0354774611230686));
#1199=CARTESIAN_POINT('Ctrl Pts',(-0.0040932549063499,0.0122448569365525,
0.0359536834714271));
#1200=CARTESIAN_POINT('Ctrl Pts',(0.000986264903156088,0.0128721704401758,
0.0364299058197856));
#1201=CARTESIAN_POINT('Ctrl Pts',(0.00590850978418548,0.0114787592886009,
0.0369061281681441));
#1202=CARTESIAN_POINT('Ctrl Pts',(0.0099039524414518,0.00828190481594029,
0.0373823505165026));
#1203=CARTESIAN_POINT('Ctrl Pts',(0.0123429656409693,0.00378423137841514,
0.0378585728648611));
#1204=CARTESIAN_POINT('Ctrl Pts',(0.012843631100285,-0.00130776570801082,
0.0383347952132195));
#1205=CARTESIAN_POINT('Ctrl Pts',(0.011327314547796,-0.00619432774776505,
0.038811017561578));
#1206=CARTESIAN_POINT('Ctrl Pts',(0.00803109253254113,-0.0101078515641883,
0.0392872399099366));
#1207=CARTESIAN_POINT('Ctrl Pts',(0.00347410299564434,-0.0124341573949454,
0.039763462258295));
#1208=CARTESIAN_POINT('Ctrl Pts',(-0.00162865852754632,-0.0128069354234259,
0.0402396846066536));
#1209=CARTESIAN_POINT('Ctrl Pts',(-0.00607267543907747,-0.0113048560425743,
0.0406762217593154));
#1210=CARTESIAN_POINT('Ctrl Pts',(-0.0093685189681054,-0.00866072309951091,
0.0410730737162809));
#1211=CARTESIAN_POINT('Ctrl Pts',(-0.0122266564706227,-0.00446855459630806,
0.0415492960646394));
#1212=CARTESIAN_POINT('Ctrl Pts',(-0.0131958878974522,0.00201368386481084,
0.0421445740000875));
#1213=CARTESIAN_POINT('Ctrl Pts',(-0.00976525514315225,0.00909845630790271,
0.0428589075226252));
#1214=CARTESIAN_POINT('Ctrl Pts',(-0.0029442142933764,0.0130184643997327,
0.043573241045163));
#1215=CARTESIAN_POINT('Ctrl Pts',(0.00490258851128341,0.012414219724507,
0.0442875745677008));
#1216=CARTESIAN_POINT('Ctrl Pts',(0.0110429664361538,0.00749624661581303,
0.0450019080902384));
#1217=CARTESIAN_POINT('Ctrl Pts',(0.0133488183585986,-3.03686333158049E-5,
0.0457162416127763));
#1218=CARTESIAN_POINT('Ctrl Pts',(0.0112681180619152,-0.00670477770166449,
0.0463512047439209));
#1219=CARTESIAN_POINT('Ctrl Pts',(0.00697815307297207,-0.0108591404398145,
0.0469067974836724));
#1220=CARTESIAN_POINT('Ctrl Pts',(0.00221427482883232,-0.0127196010045054,
0.047383019832031));
#1221=CARTESIAN_POINT('Ctrl Pts',(-0.00290164447962762,-0.0125795240669211,
0.0478592421803894));
#1222=CARTESIAN_POINT('Ctrl Pts',(-0.00756041686131847,-0.0104652471033888,
0.0483354645287479));
#1223=CARTESIAN_POINT('Ctrl Pts',(-0.0110314735242419,-0.00670632633505105,
0.0488116868771064));
#1224=CARTESIAN_POINT('Ctrl Pts',(-0.0126258628328127,-0.00229442124191011,
0.0492482240297684));
#1225=CARTESIAN_POINT('Ctrl Pts',(-0.0126113615783235,0.00193045258664991,
0.0496450759867338));
#1226=CARTESIAN_POINT('Ctrl Pts',(-0.0111135575645138,0.00677922955820983,
0.0501212983350923));
#1227=CARTESIAN_POINT('Ctrl Pts',(-0.00664916447669772,0.0115751752185914,
0.0507165762705404));
#1228=CARTESIAN_POINT('Ctrl Pts',(0.00103346710899167,0.0133083864995334,
0.0514309097930782));
#1229=CARTESIAN_POINT('Ctrl Pts',(0.00773436489661169,0.0106530968886401,
0.0520857155220711));
#1230=CARTESIAN_POINT('Ctrl Pts',(0.0117275423931434,0.00560947996429126,
0.0526809934575192));
#1231=CARTESIAN_POINT('Ctrl Pts',(0.0130021006085717,-3.24413926110772E-5,
0.0532167435994225));
#1232=CARTESIAN_POINT('Ctrl Pts',(0.0116992062630395,-0.0056721552896603,
0.0537524937413258));
#1233=CARTESIAN_POINT('Ctrl Pts',(0.00807977194419721,-0.0101861906980904,
0.0542882438832291));
#1234=CARTESIAN_POINT('Ctrl Pts',(0.00285936529777252,-0.0126834973773961,
0.0548239940251324));
#1235=CARTESIAN_POINT('Ctrl Pts',(-0.0029272192422056,-0.0126678366816832,
0.0553597441670357));
#1236=CARTESIAN_POINT('Ctrl Pts',(-0.00813406745192665,-0.0101430814586888,
0.055895494308939));
#1237=CARTESIAN_POINT('Ctrl Pts',(-0.0117296002835003,-0.00560897116419797,
0.0564312444508424));
#1238=CARTESIAN_POINT('Ctrl Pts',(-0.0130016539890269,3.61428703311422E-5,
0.0569669945927456));
#1239=CARTESIAN_POINT('Ctrl Pts',(-0.0116982384819035,0.00567413930313407,
0.057502744734649));
#1240=CARTESIAN_POINT('Ctrl Pts',(-0.00807750367916678,0.0101881177173689,
0.0580384948765523));
#1241=CARTESIAN_POINT('Ctrl Pts',(-0.00285679023982186,0.0126840005603327,
0.0585742450184556));
#1242=CARTESIAN_POINT('Ctrl Pts',(0.00292998787588894,0.0126672382747161,
0.0591099951603588));
#1243=CARTESIAN_POINT('Ctrl Pts',(0.00813602654978255,0.010141425152359,
0.0596457453022622));
#1244=CARTESIAN_POINT('Ctrl Pts',(0.0117311255467499,0.00560634819856179,
0.0601814954441655));
#1245=CARTESIAN_POINT('Ctrl Pts',(0.0125773401149781,0.0018431157550568,
0.0605386622054343));
#1246=CARTESIAN_POINT('Ctrl Pts',(0.0125717152978622,-3.76005981275352E-5,
0.0607172455860688));
#1247=CARTESIAN_POINT('Ctrl Pts',(0.0127999911499269,1.60234635183418E-5,
0.000237352785091226));
#1248=CARTESIAN_POINT('Ctrl Pts',(0.0128023861890698,-0.00189931638710417,
0.000415936165725662));
#1249=CARTESIAN_POINT('Ctrl Pts',(0.0119342243747222,-0.00572864005769992,
0.000773102926994533));
#1250=CARTESIAN_POINT('Ctrl Pts',(0.00826578055361019,-0.0103400943375312,
0.00130885306889784));
#1251=CARTESIAN_POINT('Ctrl Pts',(0.00296076385183408,-0.0129023588059568,
0.00184460321080114));
#1252=CARTESIAN_POINT('Ctrl Pts',(-0.00293112201127832,-0.0129092731766861,
0.00238035335270445));
#1253=CARTESIAN_POINT('Ctrl Pts',(-0.00824220290382322,-0.0103587827975138,
0.00291610349460775));
#1254=CARTESIAN_POINT('Ctrl Pts',(-0.0119206872819238,-0.00575645705848281,
0.00345185363651107));
#1255=CARTESIAN_POINT('Ctrl Pts',(-0.0132377859970815,-1.37744930422004E-5,
0.00398760377841437));
#1256=CARTESIAN_POINT('Ctrl Pts',(-0.0119326380507397,0.00573157975867503,
0.00452335392031768));
#1257=CARTESIAN_POINT('Ctrl Pts',(-0.00826379958583012,0.0103416480108739,
0.00505910406222098));
#1258=CARTESIAN_POINT('Ctrl Pts',(-0.00295792962195195,0.0129030297297514,
0.0055948542041243));
#1259=CARTESIAN_POINT('Ctrl Pts',(0.00293372358800856,0.0129087171836606,
0.00613060434602759));
#1260=CARTESIAN_POINT('Ctrl Pts',(0.00824454328842416,0.0103568485754442,
0.00666635448793091));
#1261=CARTESIAN_POINT('Ctrl Pts',(0.0119216021761812,0.00575439451658883,
0.0072021046298342));
#1262=CARTESIAN_POINT('Ctrl Pts',(0.0132383678018044,1.0075585360139E-5,
0.00773785477173752));
#1263=CARTESIAN_POINT('Ctrl Pts',(0.0119302759036186,-0.00573222917320026,
0.00827360491364082));
#1264=CARTESIAN_POINT('Ctrl Pts',(0.00785649414780444,-0.0108599391967812,
0.00886888284908894));
#1265=CARTESIAN_POINT('Ctrl Pts',(0.00102736698109713,-0.0135525170180389,
0.00952368857808187));
#1266=CARTESIAN_POINT('Ctrl Pts',(-0.00678792268067045,-0.0117723442813864,
0.0102380221006196));
#1267=CARTESIAN_POINT('Ctrl Pts',(-0.0122387237690942,-0.00590582897201716,
0.0109523556231574));
#1268=CARTESIAN_POINT('Ctrl Pts',(-0.0134408445334276,0.00201981290238849,
0.0116666891456951));
#1269=CARTESIAN_POINT('Ctrl Pts',(-0.0107370990504428,0.00762923158193387,
0.0122222818854467));
#1270=CARTESIAN_POINT('Ctrl Pts',(-0.00688484192099438,0.0110234266270964,
0.0126985042338052));
#1271=CARTESIAN_POINT('Ctrl Pts',(-0.00293319224713262,0.0128144333387371,
0.0130953561907706));
#1272=CARTESIAN_POINT('Ctrl Pts',(0.00227690698870483,0.0129456711981899,
0.0135715785391291));
#1273=CARTESIAN_POINT('Ctrl Pts',(0.00712580121177374,0.0110453727206122,
0.0140478008874876));
#1274=CARTESIAN_POINT('Ctrl Pts',(0.0108575048281679,0.00740941055138493,
0.0145240232358461));
#1275=CARTESIAN_POINT('Ctrl Pts',(0.0128826028858971,0.00261005519255839,
0.0150002455842045));
#1276=CARTESIAN_POINT('Ctrl Pts',(0.0128853366222907,-0.00259945192553743,
0.015476467932563));
#1277=CARTESIAN_POINT('Ctrl Pts',(0.0108631117855322,-0.00740057270681061,
0.0159526902809215));
#1278=CARTESIAN_POINT('Ctrl Pts',(0.00713533961995792,-0.0110391688899563,
0.01642891262928));
#1279=CARTESIAN_POINT('Ctrl Pts',(0.00228668290201531,-0.0129445518866305,
0.0169051349776385));
#1280=CARTESIAN_POINT('Ctrl Pts',(-0.00292113034679616,-0.0128154174420271,
0.017381357325997));
#1281=CARTESIAN_POINT('Ctrl Pts',(-0.00767048148590394,-0.0106751907365612,
0.0178575796743555));
#1282=CARTESIAN_POINT('Ctrl Pts',(-0.0112144960182586,-0.006856258837115,
0.018333802022714));
#1283=CARTESIAN_POINT('Ctrl Pts',(-0.012996949692365,-0.00196240512650274,
0.0188100243710725));
#1284=CARTESIAN_POINT('Ctrl Pts',(-0.0127396638909767,0.00324228245448282,
0.019286246719431));
#1285=CARTESIAN_POINT('Ctrl Pts',(-0.0104778834600187,0.00793325311493491,
0.0197624690677895));
#1286=CARTESIAN_POINT('Ctrl Pts',(-0.00592597290838766,0.0119622737268493,
0.0203180618075411));
#1287=CARTESIAN_POINT('Ctrl Pts',(0.00101431190485785,0.0135550402245164,
0.0209530249386857));
#1288=CARTESIAN_POINT('Ctrl Pts',(0.00784843121785531,0.0108656362536812,
0.0216078306676787));
#1289=CARTESIAN_POINT('Ctrl Pts',(0.0119251673561721,0.00574237371198934,
0.0222031086031267));
#1290=CARTESIAN_POINT('Ctrl Pts',(0.0132385698294481,6.25714787787614E-7,
0.0227388587450301));
#1291=CARTESIAN_POINT('Ctrl Pts',(0.0119262260816019,-0.00574451330407225,
0.0232746088869334));
#1292=CARTESIAN_POINT('Ctrl Pts',(0.00825309841958104,-0.0103501159014956,
0.0238103590288367));
#1293=CARTESIAN_POINT('Ctrl Pts',(0.00294429906476206,-0.0129062804830852,
0.02434610917074));
#1294=CARTESIAN_POINT('Ctrl Pts',(-0.00294731098629615,-0.0129054682744881,
0.0248818593126433));
#1295=CARTESIAN_POINT('Ctrl Pts',(-0.00825532071778522,-0.0103484222964988,
0.0254176094545466));
#1296=CARTESIAN_POINT('Ctrl Pts',(-0.0119278964505337,-0.0057413931480177,
0.02595335959645));
#1297=CARTESIAN_POINT('Ctrl Pts',(-0.013237847626825,2.92321083484382E-6,
0.0264891097383532));
#1298=CARTESIAN_POINT('Ctrl Pts',(-0.0119253036204979,0.00574661870455065,
0.0270248598802566));
#1299=CARTESIAN_POINT('Ctrl Pts',(-0.00825092658997986,0.0103520969257352,
0.0275606100221598));
#1300=CARTESIAN_POINT('Ctrl Pts',(-0.00294128765277732,0.0129066837138745,
0.0280963601640631));
#1301=CARTESIAN_POINT('Ctrl Pts',(0.00294928177987807,0.0129051440854516,
0.0286321103059665));
#1302=CARTESIAN_POINT('Ctrl Pts',(0.00825906379066398,0.0103461587347364,
0.0291678604478697));
#1303=CARTESIAN_POINT('Ctrl Pts',(0.0119259277952734,0.0057399112853139,
0.0297036105897731));
#1304=CARTESIAN_POINT('Ctrl Pts',(0.0133902828024068,-0.000646304496294686,
0.0302988885252212));
#1305=CARTESIAN_POINT('Ctrl Pts',(0.011618895138028,-0.00638224025275952,
0.0308346386671245));
#1306=CARTESIAN_POINT('Ctrl Pts',(0.00809202445291686,-0.010158852045553,
0.031310861015483));
#1307=CARTESIAN_POINT('Ctrl Pts',(0.00362650566967307,-0.0127496263737657,
0.0317870833638415));
#1308=CARTESIAN_POINT('Ctrl Pts',(-0.0030316305103232,-0.0132473515726936,
0.0323823612992896));
#1309=CARTESIAN_POINT('Ctrl Pts',(-0.0099670294073349,-0.00923827609314785,
0.0330966948218274));
#1310=CARTESIAN_POINT('Ctrl Pts',(-0.0134405477810318,-0.00201533744935707,
0.0338110283443651));
#1311=CARTESIAN_POINT('Ctrl Pts',(-0.0123699059489984,0.00502143193273116,
0.0344459914755098));
#1312=CARTESIAN_POINT('Ctrl Pts',(-0.00868823449548379,0.00986076968429721,
0.0350015842152613));
#1313=CARTESIAN_POINT('Ctrl Pts',(-0.00417854493267707,0.0124635395711035,
0.0354778065636199));
#1314=CARTESIAN_POINT('Ctrl Pts',(0.000992597828324999,0.0131067767114575,
0.0359540289119783));
#1315=CARTESIAN_POINT('Ctrl Pts',(0.00600554956667045,0.0116924800803369,
0.0364302512603368));
#1316=CARTESIAN_POINT('Ctrl Pts',(0.0100764311398326,0.0084410850806865,
0.0369064736086953));
#1317=CARTESIAN_POINT('Ctrl Pts',(0.0125636862107795,0.00386399734768966,
0.0373826959570538));
#1318=CARTESIAN_POINT('Ctrl Pts',(0.0130780211772298,-0.00131993427328299,
0.0378589183054123));
#1319=CARTESIAN_POINT('Ctrl Pts',(0.0115384951186814,-0.00629681419361007,
0.0383351406537708));
#1320=CARTESIAN_POINT('Ctrl Pts',(0.00818604010369211,-0.0102840805301691,
0.0388113630021293));
#1321=CARTESIAN_POINT('Ctrl Pts',(0.00354818366867093,-0.0126569365084139,
0.0392875853504878));
#1322=CARTESIAN_POINT('Ctrl Pts',(-0.00164673218049683,-0.013040878946039,
0.0397638076988463));
#1323=CARTESIAN_POINT('Ctrl Pts',(-0.00617280798061862,-0.0115156065520748,
0.0402003448515082));
#1324=CARTESIAN_POINT('Ctrl Pts',(-0.00953087585383306,-0.00882635865569662,
0.0405971968084736));
#1325=CARTESIAN_POINT('Ctrl Pts',(-0.0124447362871066,-0.00456050699723871,
0.0410734191568321));
#1326=CARTESIAN_POINT('Ctrl Pts',(-0.0134372649581668,0.00203838680932015,
0.0416686970922802));
#1327=CARTESIAN_POINT('Ctrl Pts',(-0.00995072495102571,0.00925495983076293,
0.042383030614818));
#1328=CARTESIAN_POINT('Ctrl Pts',(-0.00300930661041179,0.0132522073485792,
0.0430973641373558));
#1329=CARTESIAN_POINT('Ctrl Pts',(0.00498049757361739,0.0126440209135144,
0.0438116976598934));
#1330=CARTESIAN_POINT('Ctrl Pts',(0.0112367925364611,0.00764224706643506,
0.0445260311824312));
#1331=CARTESIAN_POINT('Ctrl Pts',(0.0135912073724073,-1.9006809817257E-5,
0.0452403647049689));
#1332=CARTESIAN_POINT('Ctrl Pts',(0.0114787705209823,-0.00681638814559189,
0.0458753278361136));
#1333=CARTESIAN_POINT('Ctrl Pts',(0.00711455558078992,-0.0110500772720263,
0.0464309205758652));
#1334=CARTESIAN_POINT('Ctrl Pts',(0.00226587155432108,-0.0129486087946238,
0.0469071429242237));
#1335=CARTESIAN_POINT('Ctrl Pts',(-0.00294302933237753,-0.0128104934945512,
0.0473833652725822));
#1336=CARTESIAN_POINT('Ctrl Pts',(-0.00768837773423545,-0.0106621015933975,
0.0478595876209407));
#1337=CARTESIAN_POINT('Ctrl Pts',(-0.0112257680986632,-0.00683788052604208,
0.0483358099692992));
#1338=CARTESIAN_POINT('Ctrl Pts',(-0.0128530833874984,-0.00234742791864399,
0.0487723471219611));
#1339=CARTESIAN_POINT('Ctrl Pts',(-0.012842090089565,0.00195422118650494,
0.0491691990789265));
#1340=CARTESIAN_POINT('Ctrl Pts',(-0.0113213786013916,0.00689241935523266,
0.049645421427285));
#1341=CARTESIAN_POINT('Ctrl Pts',(-0.0067802216952161,0.0117794649572729,
0.0502406993627332));
#1342=CARTESIAN_POINT('Ctrl Pts',(0.00104032803398337,0.01355091921822,
0.0509550328852709));
#1343=CARTESIAN_POINT('Ctrl Pts',(0.00786524420180667,0.0108535006208466,
0.0516098386142638));
#1344=CARTESIAN_POINT('Ctrl Pts',(0.0119354797501593,0.00572180706993312,
0.0522051165497119));
#1345=CARTESIAN_POINT('Ctrl Pts',(0.0132382169503734,-2.13944872358443E-5,
0.0527408666916153));
#1346=CARTESIAN_POINT('Ctrl Pts',(0.0119167129646292,-0.00576469119347438,
0.0532766168335186));
#1347=CARTESIAN_POINT('Ctrl Pts',(0.00823559203330295,-0.0103639223892251,
0.0538123669754218));
#1348=CARTESIAN_POINT('Ctrl Pts',(0.00292262839687469,-0.0129112467733712,
0.0543481171173252));
#1349=CARTESIAN_POINT('Ctrl Pts',(-0.00296904279545832,-0.0129004744028788,
0.0548838672592285));
#1350=CARTESIAN_POINT('Ctrl Pts',(-0.00827269373439392,-0.0103345335906067,
0.0554196174011318));
#1351=CARTESIAN_POINT('Ctrl Pts',(-0.0119375689683301,-0.00572130578281246,
0.0559553675430351));
#1352=CARTESIAN_POINT('Ctrl Pts',(-0.0132377682671827,2.51680239934994E-5,
0.0564911176849384));
#1353=CARTESIAN_POINT('Ctrl Pts',(-0.0119157285539195,0.00576671564918938,
0.0570268678268417));
#1354=CARTESIAN_POINT('Ctrl Pts',(-0.00823328370728929,0.0103658730802034,
0.057562617968745));
#1355=CARTESIAN_POINT('Ctrl Pts',(-0.00292000936114808,0.012911791386566,
0.0580983681106483));
#1356=CARTESIAN_POINT('Ctrl Pts',(0.00297186749994981,0.01289980552242,
0.0586341182525516));
#1357=CARTESIAN_POINT('Ctrl Pts',(0.00827467887617301,0.0103329760910821,
0.0591698683944549));
#1358=CARTESIAN_POINT('Ctrl Pts',(0.0119391477056007,0.00571836555376781,
0.0597056185363582));
#1359=CARTESIAN_POINT('Ctrl Pts',(0.0128040214476672,0.00188829691352884,
0.0600627852976271));
#1360=CARTESIAN_POINT('Ctrl Pts',(0.0127999726179239,-2.70401551285261E-5,
0.0602413686782615));
#1361=CARTESIAN_POINT('Ctrl Pts',(0.0127999819131647,2.15179612489242E-5,
-2.00665518228202E-6));
#1362=CARTESIAN_POINT('Ctrl Pts',(0.0128032012080979,-0.001893483020566,
0.000176576725452153));
#1363=CARTESIAN_POINT('Ctrl Pts',(0.0119366272977165,-0.00572369361466153,
0.000533743486721025));
#1364=CARTESIAN_POINT('Ctrl Pts',(0.00827020324031673,-0.0103364229579213,
0.00106949362862433));
#1365=CARTESIAN_POINT('Ctrl Pts',(0.00296628892890147,-0.0129010930569357,
0.00160524377052764));
#1366=CARTESIAN_POINT('Ctrl Pts',(-0.00292556906802989,-0.0129104695945448,
0.00214099391243094));
#1367=CARTESIAN_POINT('Ctrl Pts',(-0.00823773190820167,-0.0103623002208263,
0.00267674405433425));
#1368=CARTESIAN_POINT('Ctrl Pts',(-0.0119181789840306,-0.00576155121976579,
0.00321249419623755));
#1369=CARTESIAN_POINT('Ctrl Pts',(-0.0132377397445211,-1.9459893872821E-5,
0.00374824433814086));
#1370=CARTESIAN_POINT('Ctrl Pts',(-0.0119350616678678,0.00572644111591038,
0.00428399448004416));
#1371=CARTESIAN_POINT('Ctrl Pts',(-0.00826821386070171,0.0103380680115261,
0.00481974462194748));
#1372=CARTESIAN_POINT('Ctrl Pts',(-0.00296345926896342,0.0129017208700078,
0.00535549476385078));
#1373=CARTESIAN_POINT('Ctrl Pts',(0.00292817262152396,0.0129099363604748,
0.00589124490575409));
#1374=CARTESIAN_POINT('Ctrl Pts',(0.00824007299638446,0.01036035690653,
0.00642699504765739));
#1375=CARTESIAN_POINT('Ctrl Pts',(0.0119190933136956,0.00575949282465513,
0.00696274518956069));
#1376=CARTESIAN_POINT('Ctrl Pts',(0.0132383269247621,1.57619537953989E-5,
0.007498495331464));
#1377=CARTESIAN_POINT('Ctrl Pts',(0.0119326914417952,-0.00572709723399039,
0.00803424547336731));
#1378=CARTESIAN_POINT('Ctrl Pts',(0.00786116401227676,-0.0108565089388281,
0.00862952340881542));
#1379=CARTESIAN_POINT('Ctrl Pts',(0.00103316672876529,-0.0135520425655296,
0.00928432913780836));
#1380=CARTESIAN_POINT('Ctrl Pts',(-0.00678284026204724,-0.0117752220843501,
0.0099986626603461));
#1381=CARTESIAN_POINT('Ctrl Pts',(-0.0122361555372453,-0.0059110555933427,
0.0107129961828838));
#1382=CARTESIAN_POINT('Ctrl Pts',(-0.0134416754109804,0.00201399804478182,
0.0114273297054216));
#1383=CARTESIAN_POINT('Ctrl Pts',(-0.0107402491506769,0.00762473855812301,
0.0119829224451732));
#1384=CARTESIAN_POINT('Ctrl Pts',(-0.00688966432541523,0.0110203267561809,
0.0124591447935317));
#1385=CARTESIAN_POINT('Ctrl Pts',(-0.00293856949691092,0.0128132080244926,
0.0128559967504971));
#1386=CARTESIAN_POINT('Ctrl Pts',(0.00227121449371651,0.0129465675714389,
0.0133322190988556));
#1387=CARTESIAN_POINT('Ctrl Pts',(0.00712110214415986,0.0110484258091512,
0.013808441447214));
#1388=CARTESIAN_POINT('Ctrl Pts',(0.0108542528771938,0.00741401858986118,
0.0142846637955726));
#1389=CARTESIAN_POINT('Ctrl Pts',(0.0128814739184782,0.00261562520577524,
0.014760886143931));
#1390=CARTESIAN_POINT('Ctrl Pts',(0.0128863707251493,-0.00259400606730696,
0.0152371084922896));
#1391=CARTESIAN_POINT('Ctrl Pts',(0.0108662865213204,-0.00739582753562615,
0.015713330840648));
#1392=CARTESIAN_POINT('Ctrl Pts',(0.00714009191791414,-0.011036090570641,
0.0161895531890065));
#1393=CARTESIAN_POINT('Ctrl Pts',(0.00229213816373751,-0.0129434994919063,
0.016665775537365));
#1394=CARTESIAN_POINT('Ctrl Pts',(-0.00291559730540786,-0.0128166755792406,
0.0171419978857235));
#1395=CARTESIAN_POINT('Ctrl Pts',(-0.0076658605621409,-0.0106784101182186,
0.017618220234082));
#1396=CARTESIAN_POINT('Ctrl Pts',(-0.0112115202738244,-0.00686108896522097,
0.0180944425824405));
#1397=CARTESIAN_POINT('Ctrl Pts',(-0.0129960665338641,-0.00196800745614731,
0.018570664930799));
#1398=CARTESIAN_POINT('Ctrl Pts',(-0.0127409838126841,0.00323687090571686,
0.0190468872791575));
#1399=CARTESIAN_POINT('Ctrl Pts',(-0.0104812606367852,0.00792874312197833,
0.019523109627516));
#1400=CARTESIAN_POINT('Ctrl Pts',(-0.00593118597277026,0.0119596021527295,
0.0200787023672676));
#1401=CARTESIAN_POINT('Ctrl Pts',(0.0010085306479604,0.013555493617325,
0.0207136654984122));
#1402=CARTESIAN_POINT('Ctrl Pts',(0.00784374957311773,0.0108689243801207,
0.0213684712274052));
#1403=CARTESIAN_POINT('Ctrl Pts',(0.0119226686204254,0.00574749306716014,
0.0219637491628532));
#1404=CARTESIAN_POINT('Ctrl Pts',(0.0132385272453524,6.3000011931725E-6,
0.0224994993047566));
#1405=CARTESIAN_POINT('Ctrl Pts',(0.0119286563174568,-0.00573937164203112,
0.0230352494466599));
#1406=CARTESIAN_POINT('Ctrl Pts',(0.00825751574604077,-0.0103465433961952,
0.0235709995885632));
#1407=CARTESIAN_POINT('Ctrl Pts',(0.00294983064850028,-0.0129049758431723,
0.0241067497304665));
#1408=CARTESIAN_POINT('Ctrl Pts',(-0.00294176201109302,-0.0129066944422752,
0.0246424998723698));
#1409=CARTESIAN_POINT('Ctrl Pts',(-0.00825085290525633,-0.0103519340162834,
0.0251782500142731));
#1410=CARTESIAN_POINT('Ctrl Pts',(-0.0119253952891937,-0.00574649622630768,
0.0257140001561764));
#1411=CARTESIAN_POINT('Ctrl Pts',(-0.0132378080272661,-2.75912052942344E-6,
0.0262497502980797));
#1412=CARTESIAN_POINT('Ctrl Pts',(-0.0119277343175288,0.00574148103212232,
0.026785500439983));
#1413=CARTESIAN_POINT('Ctrl Pts',(-0.00825534439335016,0.010348524630369,
0.0273212505818863));
#1414=CARTESIAN_POINT('Ctrl Pts',(-0.00294682082191209,0.0129053785660839,
0.0278570007237896));
#1415=CARTESIAN_POINT('Ctrl Pts',(0.00294373608209082,0.0129063763365764,
0.028392750865693));
#1416=CARTESIAN_POINT('Ctrl Pts',(0.00825459045808494,0.0103496607259726,
0.0289285010075962));
#1417=CARTESIAN_POINT('Ctrl Pts',(0.0119234401787088,0.00574503648451011,
0.0294642511494996));
#1418=CARTESIAN_POINT('Ctrl Pts',(0.0133904929290093,-0.000640606921807868,
0.0300595290849477));
#1419=CARTESIAN_POINT('Ctrl Pts',(0.0116216088242912,-0.00637724678196775,
0.030595279226851));
#1420=CARTESIAN_POINT('Ctrl Pts',(0.00809636186952972,-0.0101553331839268,
0.0310715015752095));
#1421=CARTESIAN_POINT('Ctrl Pts',(0.00363206291208106,-0.0127479976674244,
0.031547723923568));
#1422=CARTESIAN_POINT('Ctrl Pts',(-0.00302604334819636,-0.0132486237243258,
0.0321430018590161));
#1423=CARTESIAN_POINT('Ctrl Pts',(-0.00996292037866263,-0.00924254250241649,
0.0328573353815538));
#1424=CARTESIAN_POINT('Ctrl Pts',(-0.013439713006083,-0.00202110839081087,
0.0335716689040916));
#1425=CARTESIAN_POINT('Ctrl Pts',(-0.0123719697181246,0.00501614992169345,
0.0342066320352362));
#1426=CARTESIAN_POINT('Ctrl Pts',(-0.00869246043091777,0.00985700411432446,
0.0347622247749878));
#1427=CARTESIAN_POINT('Ctrl Pts',(-0.00418387191472604,0.012461705597692,
0.0352384471233463));
#1428=CARTESIAN_POINT('Ctrl Pts',(0.000987013974256558,0.0131071674242997,
0.0357146694717048));
#1429=CARTESIAN_POINT('Ctrl Pts',(0.00600049810232717,0.0116950172174414,
0.0361908918200633));
#1430=CARTESIAN_POINT('Ctrl Pts',(0.0100727407117066,0.00844542648733849,
0.0366671141684218));
#1431=CARTESIAN_POINT('Ctrl Pts',(0.0125620011146315,0.00386936868439966,
0.0371433365167803));
#1432=CARTESIAN_POINT('Ctrl Pts',(0.0130785421350663,-0.00131438144604086,
0.0376195588651388));
#1433=CARTESIAN_POINT('Ctrl Pts',(0.0115411905972191,-0.00629174149543234,
0.0380957812134973));
#1434=CARTESIAN_POINT('Ctrl Pts',(0.00819037208923722,-0.0102806245030298,
0.0385720035618558));
#1435=CARTESIAN_POINT('Ctrl Pts',(0.00355369273351123,-0.0126552975187606,
0.0390482259102143));
#1436=CARTESIAN_POINT('Ctrl Pts',(-0.00164116191205465,-0.0130415882402448,
0.0395244482585728));
#1437=CARTESIAN_POINT('Ctrl Pts',(-0.00616786299841108,-0.0115181870478607,
0.0399609854112347));
#1438=CARTESIAN_POINT('Ctrl Pts',(-0.00952706491145879,-0.00883042501200894,
0.0403578373682001));
#1439=CARTESIAN_POINT('Ctrl Pts',(-0.0124426934431517,-0.00456592169466566,
0.0408340597165586));
#1440=CARTESIAN_POINT('Ctrl Pts',(-0.0134381221503793,0.00203265520556946,
0.0414293376520067));
#1441=CARTESIAN_POINT('Ctrl Pts',(-0.00995465532625999,0.00925063984987435,
0.0421436711745445));
#1442=CARTESIAN_POINT('Ctrl Pts',(-0.00301499383372881,0.0132508831153507,
0.0428580046970822));
#1443=CARTESIAN_POINT('Ctrl Pts',(0.00497506127862218,0.0126461193295998,
0.04357233821962));
#1444=CARTESIAN_POINT('Ctrl Pts',(0.0112334679586809,0.00764704094561849,
0.0442866717421577));
#1445=CARTESIAN_POINT('Ctrl Pts',(0.0135911910833424,-1.31549116267543E-5,
0.0450010052646954));
#1446=CARTESIAN_POINT('Ctrl Pts',(0.0114816247012609,-0.00681148021138886,
0.0456359683958401));
#1447=CARTESIAN_POINT('Ctrl Pts',(0.00711928949143016,-0.011046990299367,
0.0461915611355917));
#1448=CARTESIAN_POINT('Ctrl Pts',(0.00227141237076123,-0.0129475769739027,
0.0466677834839502));
#1449=CARTESIAN_POINT('Ctrl Pts',(-0.00293755887059587,-0.0128117479993185,
0.0471440058323087));
#1450=CARTESIAN_POINT('Ctrl Pts',(-0.00768374939395795,-0.010665321827628,
0.0476202281806671));
#1451=CARTESIAN_POINT('Ctrl Pts',(-0.011222809792356,-0.00684273817373805,
0.0480964505290257));
#1452=CARTESIAN_POINT('Ctrl Pts',(-0.0128520264129434,-0.00235290003731712,
0.0485329876816876));
#1453=CARTESIAN_POINT('Ctrl Pts',(-0.0128428847921197,0.00194870666391404,
0.048929839638653));
#1454=CARTESIAN_POINT('Ctrl Pts',(-0.0113243311992923,0.00688751525594157,
0.0494060619870115));
#1455=CARTESIAN_POINT('Ctrl Pts',(-0.00678527828063194,0.0117764786443325,
0.0500013399224596));
#1456=CARTESIAN_POINT('Ctrl Pts',(0.00103450993593155,0.0135513551383589,
0.0507156734449974));
#1457=CARTESIAN_POINT('Ctrl Pts',(0.00786058454552154,0.0108568084252074,
0.0513704791739903));
#1458=CARTESIAN_POINT('Ctrl Pts',(0.0119329820906824,0.00572692522270497,
0.0519657571094383));
#1459=CARTESIAN_POINT('Ctrl Pts',(0.0132381876821455,-1.57174523445174E-5,
0.0525015072513418));
#1460=CARTESIAN_POINT('Ctrl Pts',(0.0119191499695573,-0.00575955493296228,
0.053037257393245));
#1461=CARTESIAN_POINT('Ctrl Pts',(0.00824001630321896,-0.0103603567258171,
0.0535730075351483));
#1462=CARTESIAN_POINT('Ctrl Pts',(0.00292816168208076,-0.0129099516262087,
0.0541087576770517));
#1463=CARTESIAN_POINT('Ctrl Pts',(-0.00296349561137875,-0.0129017100302204,
0.0546445078189549));
#1464=CARTESIAN_POINT('Ctrl Pts',(-0.00826823205210444,-0.0103380523162247,
0.0551802579608583));
#1465=CARTESIAN_POINT('Ctrl Pts',(-0.0119350761298877,-0.00572641420280747,
0.0557160081027615));
#1466=CARTESIAN_POINT('Ctrl Pts',(-0.0132377386753609,1.94879975957173E-5,
0.0562517582446649));
#1467=CARTESIAN_POINT('Ctrl Pts',(-0.0119181670266032,0.0057615772754931,
0.0567875083865681));
#1468=CARTESIAN_POINT('Ctrl Pts',(-0.00823770923400564,0.010362317912609,
0.0573232585284715));
#1469=CARTESIAN_POINT('Ctrl Pts',(-0.00292554125819889,0.0129104759906616,
0.0578590086703748));
#1470=CARTESIAN_POINT('Ctrl Pts',(0.00296631690639395,0.0129010866056828,
0.0583947588122781));
#1471=CARTESIAN_POINT('Ctrl Pts',(0.00827022557415484,0.0103364050797913,
0.0589305089541814));
#1472=CARTESIAN_POINT('Ctrl Pts',(0.01193663969956,0.00572366777757236,
0.0594662590960847));
#1473=CARTESIAN_POINT('Ctrl Pts',(0.0128032053051226,0.00189345531742671,
0.0598234258573536));
#1474=CARTESIAN_POINT('Ctrl Pts',(0.0127999818665749,-2.15456574179428E-5,
0.060002009237988));
#1475=CARTESIAN_POINT('',(0.0128,0.,0.));
#1476=CARTESIAN_POINT('Ctrl Pts',(0.0127999997180447,2.58042666899903E-11,
4.31460422944951E-16));
#1477=CARTESIAN_POINT('Ctrl Pts',(0.0127999997617945,-1.35583563519124E-9,
8.7297562400482E-5));
#1478=CARTESIAN_POINT('Ctrl Pts',(0.0127848817342959,1.1263455216705E-9,
0.000173947340893305));
#1479=CARTESIAN_POINT('Ctrl Pts',(0.012756395220313,3.07649989701882E-9,
0.000256796533230424));
#1480=CARTESIAN_POINT('Ctrl Pts',(0.0127225378191901,5.3943391025228E-9,
0.000355266228025681));
#1481=CARTESIAN_POINT('Ctrl Pts',(0.0126704930098688,6.80060154137589E-9,
0.000446554059069736));
#1482=CARTESIAN_POINT('Ctrl Pts',(0.0126027698759243,6.36456271185641E-9,
0.000525209495607887));
#1483=CARTESIAN_POINT('Ctrl Pts',(0.0125714212013654,6.16272268222727E-9,
0.000561618674255025));
#1484=CARTESIAN_POINT('Ctrl Pts',(0.0125368940181937,5.75229472374082E-9,
0.000595048447598112));
#1485=CARTESIAN_POINT('Ctrl Pts',(0.0124994014755622,5.37420000297293E-9,
0.000624938109994587));
#1486=CARTESIAN_POINT('Ctrl Pts',(0.0124910008944003,5.28948407906364E-9,
0.000631635189393353));
#1487=CARTESIAN_POINT('Ctrl Pts',(0.0124824510374398,5.21760700054919E-9,
0.00063815413194668));
#1488=CARTESIAN_POINT('Ctrl Pts',(0.0124737588442042,5.15089028779118E-9,
0.000644493621517047));
#1489=CARTESIAN_POINT('Ctrl Pts',(0.0124262400379314,4.78616087339562E-9,
0.000679150579616768));
#1490=CARTESIAN_POINT('Ctrl Pts',(0.0123747724688817,3.93618719146247E-9,
0.00070825481608495));
#1491=CARTESIAN_POINT('Ctrl Pts',(0.0123205201806648,4.7525615351463E-10,
0.000731634142486048));
#1492=CARTESIAN_POINT('Ctrl Pts',(0.0122246320485315,-5.641761645709E-9,
0.000772955900753244));
#1493=CARTESIAN_POINT('Ctrl Pts',(0.0121215035034415,-2.22927436822998E-8,
0.000795947613207346));
#1494=CARTESIAN_POINT('Ctrl Pts',(0.0120172709815989,-3.55935370989451E-8,
0.000799098116792227));
#1495=CARTESIAN_POINT('Ctrl Pts',(0.0119511395247647,-4.40323701056232E-8,
0.000801096988048019));
#1496=CARTESIAN_POINT('Ctrl Pts',(0.011885338485534,-5.02766529085715E-8,
0.000795026210200563));
#1497=CARTESIAN_POINT('Ctrl Pts',(0.0118214010585107,-4.01544751581303E-8,
0.000780439147952145));
#1498=CARTESIAN_POINT('Ctrl Pts',(0.0117845260425824,-3.43166508484374E-8,
0.000772026264015473));
#1499=CARTESIAN_POINT('Ctrl Pts',(0.0117482699962138,-2.27737026120211E-8,
0.00076077069224886));
#1500=CARTESIAN_POINT('Ctrl Pts',(0.0117128578069403,-1.05150791502564E-8,
0.000746863565066788));
#1501=CARTESIAN_POINT('Ctrl Pts',(0.0116161045191001,2.29779679799209E-8,
0.000708866471216295));
#1502=CARTESIAN_POINT('Ctrl Pts',(0.0115273579249834,5.28763295423628E-8,
0.000651984253753423));
#1503=CARTESIAN_POINT('Ctrl Pts',(0.0114512707380518,4.41503573720987E-8,
0.00058034452953769));
#1504=CARTESIAN_POINT('Ctrl Pts',(0.0113799403096485,3.59699086232258E-8,
0.000513183520896504));
#1505=CARTESIAN_POINT('Ctrl Pts',(0.0113209833435234,-6.02802523693516E-9,
0.000434189767187677));
#1506=CARTESIAN_POINT('Ctrl Pts',(0.0112786632793858,-1.64302058452165E-8,
0.000346390168406873));
#1507=CARTESIAN_POINT('Ctrl Pts',(0.0112759075130228,-1.71075672813594E-8,
0.00034067289963771));
#1508=CARTESIAN_POINT('Ctrl Pts',(0.0112732230334905,-1.76472445501646E-8,
0.000334917863491622));
#1509=CARTESIAN_POINT('Ctrl Pts',(0.0112706099326363,-1.80777657638235E-8,
0.000329126394216243));
#1510=CARTESIAN_POINT('Ctrl Pts',(0.0112279279000909,-2.51098404819541E-8,
0.000234529325871795));
#1511=CARTESIAN_POINT('Ctrl Pts',(0.0112048603303564,-8.94930761008821E-10,
0.000132082764680747));
#1512=CARTESIAN_POINT('Ctrl Pts',(0.0112011278201966,1.8731707872833E-8,
2.79802407806058E-5));
#1513=CARTESIAN_POINT('Ctrl Pts',(0.0111973961419069,3.8353972288839E-8,
-7.60990816368243E-5));
#1514=CARTESIAN_POINT('Ctrl Pts',(0.0112130620467194,6.02499317476491E-8,
-0.000179894432932762));
#1515=CARTESIAN_POINT('Ctrl Pts',(0.0112484775322626,5.81482082408029E-8,
-0.000277230335234967));
#1516=CARTESIAN_POINT('Ctrl Pts',(0.0112570962837017,5.76367305010102E-8,
-0.0003009181072697));
#1517=CARTESIAN_POINT('Ctrl Pts',(0.011266858235851,5.59002858145585E-8,
-0.000324110367090272));
#1518=CARTESIAN_POINT('Ctrl Pts',(0.0112777622430725,5.14274200799706E-8,
-0.000346722279167873));
#1519=CARTESIAN_POINT('Ctrl Pts',(0.0113117185099503,3.74984287001777E-8,
-0.000417138237772187));
#1520=CARTESIAN_POINT('Ctrl Pts',(0.0113566861755011,-2.57696957053125E-9,
-0.000481969272144735));
#1521=CARTESIAN_POINT('Ctrl Pts',(0.0114104244441572,-2.48520616986638E-8,
-0.000539657659676847));
#1522=CARTESIAN_POINT('Ctrl Pts',(0.0114815393929447,-5.43299752143193E-8,
-0.000616000028487132));
#1523=CARTESIAN_POINT('Ctrl Pts',(0.0115666121425154,-5.12222057583141E-8,
-0.000678485732442965));
#1524=CARTESIAN_POINT('Ctrl Pts',(0.0116607534549867,-2.62096141434452E-8,
-0.000723236495835742));
#1525=CARTESIAN_POINT('Ctrl Pts',(0.0117124080784213,-1.24853950193204E-8,
-0.000747790899962711));
#1526=CARTESIAN_POINT('Ctrl Pts',(0.0117662914856152,5.6845097931217E-9,
-0.000766709737736526));
#1527=CARTESIAN_POINT('Ctrl Pts',(0.0118216275582976,1.30905923799173E-8,
-0.000779348386226634));
#1528=CARTESIAN_POINT('Ctrl Pts',(0.0118672385222,1.91950835219596E-8,-0.000789765839293225));
#1529=CARTESIAN_POINT('Ctrl Pts',(0.011913842313901,1.7873582830367E-8,
-0.00079591272339017));
#1530=CARTESIAN_POINT('Ctrl Pts',(0.0119608931666745,1.45696834912262E-8,
-0.000797921727049571));
#1531=CARTESIAN_POINT('Ctrl Pts',(0.0120650017385934,7.25920511121557E-9,
-0.000802367013152396));
#1532=CARTESIAN_POINT('Ctrl Pts',(0.0121693613187624,-6.71235812832954E-9,
-0.00078667185538512));
#1533=CARTESIAN_POINT('Ctrl Pts',(0.0122679283858335,-9.54165087813704E-9,
-0.000752311188286816));
#1534=CARTESIAN_POINT('Ctrl Pts',(0.0123519721849105,-1.19540642577834E-8,
-0.000723013360040854));
#1535=CARTESIAN_POINT('Ctrl Pts',(0.0124304645569468,-8.53836728688445E-9,
-0.000680561134658174));
#1536=CARTESIAN_POINT('Ctrl Pts',(0.0124995395622242,-5.97830148686246E-9,
-0.00062553945045264));
#1537=CARTESIAN_POINT('Ctrl Pts',(0.0125113910373052,-5.53906075263472E-9,
-0.000616099159906746));
#1538=CARTESIAN_POINT('Ctrl Pts',(0.0125229631278942,-5.2259034110742E-9,
-0.00060628546907631));
#1539=CARTESIAN_POINT('Ctrl Pts',(0.0125342474502982,-5.075221353101E-9,
-0.000596114732698623));
#1540=CARTESIAN_POINT('Ctrl Pts',(0.0126112115664984,-4.04750245213492E-9,
-0.000526745770310536));
#1541=CARTESIAN_POINT('Ctrl Pts',(0.0126735221077928,-5.64824143664558E-9,
-0.000442244724586082));
#1542=CARTESIAN_POINT('Ctrl Pts',(0.0127188523633218,-5.28507818369677E-9,
-0.000348327746017418));
#1543=CARTESIAN_POINT('Ctrl Pts',(0.0127641494751642,-4.92218046133391E-9,
-0.000254479435822109));
#1544=CARTESIAN_POINT('Ctrl Pts',(0.0127916533214247,-2.65590279783578E-9,
-0.000152959247437444));
#1545=CARTESIAN_POINT('Ctrl Pts',(0.0127983958155877,-7.68555957789493E-10,
-4.92142128770281E-5));
#1546=CARTESIAN_POINT('Ctrl Pts',(0.0127994619731057,-4.7011906279056E-10,
-3.28095196170822E-5));
#1547=CARTESIAN_POINT('Ctrl Pts',(0.012799999711697,-1.96672733597333E-10,
-1.63977639294297E-5));
#1548=CARTESIAN_POINT('Ctrl Pts',(0.0127999997180447,2.58042766234506E-11,
-1.02375790136944E-18));
#1549=CARTESIAN_POINT('Ctrl Pts',(0.0127999997180447,2.58042666943271E-11,
9.78492460668168E-20));
#1550=CARTESIAN_POINT('Ctrl Pts',(0.0127999499172772,-0.00190782644783753,
0.000177914495573675));
#1551=CARTESIAN_POINT('Ctrl Pts',(0.0119320497603785,-0.00572945261593044,
0.000534412371781785));
#1552=CARTESIAN_POINT('Ctrl Pts',(0.00827020324031673,-0.0103364229579213,
0.00106949362862433));
#1553=CARTESIAN_POINT('Ctrl Pts',(0.00296628892890147,-0.0129010930569357,
0.00160524377052764));
#1554=CARTESIAN_POINT('Ctrl Pts',(-0.00292556906802989,-0.0129104695945448,
0.00214099391243094));
#1555=CARTESIAN_POINT('Ctrl Pts',(-0.00823773190820167,-0.0103623002208263,
0.00267674405433425));
#1556=CARTESIAN_POINT('Ctrl Pts',(-0.0119181789840306,-0.00576155121976579,
0.00321249419623755));
#1557=CARTESIAN_POINT('Ctrl Pts',(-0.0132377397445211,-1.9459893872821E-5,
0.00374824433814086));
#1558=CARTESIAN_POINT('Ctrl Pts',(-0.0119350616678678,0.00572644111591038,
0.00428399448004416));
#1559=CARTESIAN_POINT('Ctrl Pts',(-0.00826821386070171,0.0103380680115261,
0.00481974462194748));
#1560=CARTESIAN_POINT('Ctrl Pts',(-0.00296345926896342,0.0129017208700078,
0.00535549476385078));
#1561=CARTESIAN_POINT('Ctrl Pts',(0.00292817262152396,0.0129099363604748,
0.00589124490575409));
#1562=CARTESIAN_POINT('Ctrl Pts',(0.00824007299638446,0.01036035690653,
0.00642699504765739));
#1563=CARTESIAN_POINT('Ctrl Pts',(0.0119190933136956,0.00575949282465513,
0.00696274518956069));
#1564=CARTESIAN_POINT('Ctrl Pts',(0.0132383269247621,1.57619537953989E-5,
0.007498495331464));
#1565=CARTESIAN_POINT('Ctrl Pts',(0.0119326914417952,-0.00572709723399039,
0.00803424547336731));
#1566=CARTESIAN_POINT('Ctrl Pts',(0.00786116401227676,-0.0108565089388281,
0.00862952340881542));
#1567=CARTESIAN_POINT('Ctrl Pts',(0.00103316672876529,-0.0135520425655296,
0.00928432913780836));
#1568=CARTESIAN_POINT('Ctrl Pts',(-0.00678284026204724,-0.0117752220843501,
0.0099986626603461));
#1569=CARTESIAN_POINT('Ctrl Pts',(-0.0122361555372453,-0.0059110555933427,
0.0107129961828838));
#1570=CARTESIAN_POINT('Ctrl Pts',(-0.0134416754109804,0.00201399804478182,
0.0114273297054216));
#1571=CARTESIAN_POINT('Ctrl Pts',(-0.0107402491506769,0.00762473855812301,
0.0119829224451732));
#1572=CARTESIAN_POINT('Ctrl Pts',(-0.00688966432541523,0.0110203267561809,
0.0124591447935317));
#1573=CARTESIAN_POINT('Ctrl Pts',(-0.00293856949691092,0.0128132080244926,
0.0128559967504971));
#1574=CARTESIAN_POINT('Ctrl Pts',(0.00227121449371651,0.0129465675714389,
0.0133322190988556));
#1575=CARTESIAN_POINT('Ctrl Pts',(0.00712110214415986,0.0110484258091512,
0.013808441447214));
#1576=CARTESIAN_POINT('Ctrl Pts',(0.0108542528771938,0.00741401858986118,
0.0142846637955726));
#1577=CARTESIAN_POINT('Ctrl Pts',(0.0128814739184782,0.00261562520577524,
0.014760886143931));
#1578=CARTESIAN_POINT('Ctrl Pts',(0.0128863707251493,-0.00259400606730696,
0.0152371084922896));
#1579=CARTESIAN_POINT('Ctrl Pts',(0.0108662865213204,-0.00739582753562615,
0.015713330840648));
#1580=CARTESIAN_POINT('Ctrl Pts',(0.00714009191791414,-0.011036090570641,
0.0161895531890065));
#1581=CARTESIAN_POINT('Ctrl Pts',(0.00229213816373751,-0.0129434994919063,
0.016665775537365));
#1582=CARTESIAN_POINT('Ctrl Pts',(-0.00291559730540786,-0.0128166755792406,
0.0171419978857235));
#1583=CARTESIAN_POINT('Ctrl Pts',(-0.0076658605621409,-0.0106784101182186,
0.017618220234082));
#1584=CARTESIAN_POINT('Ctrl Pts',(-0.0112115202738244,-0.00686108896522097,
0.0180944425824405));
#1585=CARTESIAN_POINT('Ctrl Pts',(-0.0129960665338641,-0.00196800745614731,
0.018570664930799));
#1586=CARTESIAN_POINT('Ctrl Pts',(-0.0127409838126841,0.00323687090571686,
0.0190468872791575));
#1587=CARTESIAN_POINT('Ctrl Pts',(-0.0104812606367852,0.00792874312197833,
0.019523109627516));
#1588=CARTESIAN_POINT('Ctrl Pts',(-0.00593118597277026,0.0119596021527295,
0.0200787023672676));
#1589=CARTESIAN_POINT('Ctrl Pts',(0.0010085306479604,0.013555493617325,
0.0207136654984122));
#1590=CARTESIAN_POINT('Ctrl Pts',(0.00784374957311773,0.0108689243801207,
0.0213684712274052));
#1591=CARTESIAN_POINT('Ctrl Pts',(0.0119226686204254,0.00574749306716014,
0.0219637491628532));
#1592=CARTESIAN_POINT('Ctrl Pts',(0.0132385272453524,6.3000011931725E-6,
0.0224994993047566));
#1593=CARTESIAN_POINT('Ctrl Pts',(0.0119286563174568,-0.00573937164203112,
0.0230352494466599));
#1594=CARTESIAN_POINT('Ctrl Pts',(0.00825751574604077,-0.0103465433961952,
0.0235709995885632));
#1595=CARTESIAN_POINT('Ctrl Pts',(0.00294983064850028,-0.0129049758431723,
0.0241067497304665));
#1596=CARTESIAN_POINT('Ctrl Pts',(-0.00294176201109302,-0.0129066944422752,
0.0246424998723698));
#1597=CARTESIAN_POINT('Ctrl Pts',(-0.00825085290525633,-0.0103519340162834,
0.0251782500142731));
#1598=CARTESIAN_POINT('Ctrl Pts',(-0.0119253952891937,-0.00574649622630768,
0.0257140001561764));
#1599=CARTESIAN_POINT('Ctrl Pts',(-0.0132378080272661,-2.75912052942344E-6,
0.0262497502980797));
#1600=CARTESIAN_POINT('Ctrl Pts',(-0.0119277343175288,0.00574148103212232,
0.026785500439983));
#1601=CARTESIAN_POINT('Ctrl Pts',(-0.00825534439335016,0.010348524630369,
0.0273212505818863));
#1602=CARTESIAN_POINT('Ctrl Pts',(-0.00294682082191209,0.0129053785660839,
0.0278570007237896));
#1603=CARTESIAN_POINT('Ctrl Pts',(0.00294373608209082,0.0129063763365764,
0.028392750865693));
#1604=CARTESIAN_POINT('Ctrl Pts',(0.00825459045808494,0.0103496607259726,
0.0289285010075962));
#1605=CARTESIAN_POINT('Ctrl Pts',(0.0119234401787088,0.00574503648451011,
0.0294642511494996));
#1606=CARTESIAN_POINT('Ctrl Pts',(0.0133904929290093,-0.000640606921807868,
0.0300595290849477));
#1607=CARTESIAN_POINT('Ctrl Pts',(0.0116216088242912,-0.00637724678196775,
0.030595279226851));
#1608=CARTESIAN_POINT('Ctrl Pts',(0.00809636186952972,-0.0101553331839268,
0.0310715015752095));
#1609=CARTESIAN_POINT('Ctrl Pts',(0.00363206291208106,-0.0127479976674244,
0.031547723923568));
#1610=CARTESIAN_POINT('Ctrl Pts',(-0.00302604334819636,-0.0132486237243258,
0.0321430018590161));
#1611=CARTESIAN_POINT('Ctrl Pts',(-0.00996292037866263,-0.00924254250241649,
0.0328573353815538));
#1612=CARTESIAN_POINT('Ctrl Pts',(-0.013439713006083,-0.00202110839081087,
0.0335716689040916));
#1613=CARTESIAN_POINT('Ctrl Pts',(-0.0123719697181246,0.00501614992169345,
0.0342066320352362));
#1614=CARTESIAN_POINT('Ctrl Pts',(-0.00869246043091777,0.00985700411432446,
0.0347622247749878));
#1615=CARTESIAN_POINT('Ctrl Pts',(-0.00418387191472604,0.012461705597692,
0.0352384471233463));
#1616=CARTESIAN_POINT('Ctrl Pts',(0.000987013974256558,0.0131071674242997,
0.0357146694717048));
#1617=CARTESIAN_POINT('Ctrl Pts',(0.00600049810232717,0.0116950172174414,
0.0361908918200633));
#1618=CARTESIAN_POINT('Ctrl Pts',(0.0100727407117066,0.00844542648733849,
0.0366671141684218));
#1619=CARTESIAN_POINT('Ctrl Pts',(0.0125620011146315,0.00386936868439966,
0.0371433365167803));
#1620=CARTESIAN_POINT('Ctrl Pts',(0.0130785421350663,-0.00131438144604086,
0.0376195588651388));
#1621=CARTESIAN_POINT('Ctrl Pts',(0.0115411905972191,-0.00629174149543234,
0.0380957812134973));
#1622=CARTESIAN_POINT('Ctrl Pts',(0.00819037208923722,-0.0102806245030298,
0.0385720035618558));
#1623=CARTESIAN_POINT('Ctrl Pts',(0.00355369273351123,-0.0126552975187606,
0.0390482259102143));
#1624=CARTESIAN_POINT('Ctrl Pts',(-0.00164116191205465,-0.0130415882402448,
0.0395244482585728));
#1625=CARTESIAN_POINT('Ctrl Pts',(-0.00616786299841108,-0.0115181870478607,
0.0399609854112347));
#1626=CARTESIAN_POINT('Ctrl Pts',(-0.00952706491145879,-0.00883042501200894,
0.0403578373682001));
#1627=CARTESIAN_POINT('Ctrl Pts',(-0.0124426934431517,-0.00456592169466566,
0.0408340597165586));
#1628=CARTESIAN_POINT('Ctrl Pts',(-0.0134381221503793,0.00203265520556946,
0.0414293376520067));
#1629=CARTESIAN_POINT('Ctrl Pts',(-0.00995465532625999,0.00925063984987435,
0.0421436711745445));
#1630=CARTESIAN_POINT('Ctrl Pts',(-0.00301499383372881,0.0132508831153507,
0.0428580046970822));
#1631=CARTESIAN_POINT('Ctrl Pts',(0.00497506127862218,0.0126461193295998,
0.04357233821962));
#1632=CARTESIAN_POINT('Ctrl Pts',(0.0112334679586809,0.00764704094561849,
0.0442866717421577));
#1633=CARTESIAN_POINT('Ctrl Pts',(0.0135911910833424,-1.31549116267543E-5,
0.0450010052646954));
#1634=CARTESIAN_POINT('Ctrl Pts',(0.0114816247012609,-0.00681148021138886,
0.0456359683958401));
#1635=CARTESIAN_POINT('Ctrl Pts',(0.00711928949143016,-0.011046990299367,
0.0461915611355917));
#1636=CARTESIAN_POINT('Ctrl Pts',(0.00227141237076123,-0.0129475769739027,
0.0466677834839502));
#1637=CARTESIAN_POINT('Ctrl Pts',(-0.00293755887059587,-0.0128117479993185,
0.0471440058323087));
#1638=CARTESIAN_POINT('Ctrl Pts',(-0.00768374939395795,-0.010665321827628,
0.0476202281806671));
#1639=CARTESIAN_POINT('Ctrl Pts',(-0.011222809792356,-0.00684273817373805,
0.0480964505290257));
#1640=CARTESIAN_POINT('Ctrl Pts',(-0.0128520264129434,-0.00235290003731712,
0.0485329876816876));
#1641=CARTESIAN_POINT('Ctrl Pts',(-0.0128428847921197,0.00194870666391404,
0.048929839638653));
#1642=CARTESIAN_POINT('Ctrl Pts',(-0.0113243311992923,0.00688751525594157,
0.0494060619870115));
#1643=CARTESIAN_POINT('Ctrl Pts',(-0.00678527828063194,0.0117764786443325,
0.0500013399224596));
#1644=CARTESIAN_POINT('Ctrl Pts',(0.00103450993593155,0.0135513551383589,
0.0507156734449974));
#1645=CARTESIAN_POINT('Ctrl Pts',(0.00786058454552154,0.0108568084252074,
0.0513704791739903));
#1646=CARTESIAN_POINT('Ctrl Pts',(0.0119329820906824,0.00572692522270497,
0.0519657571094383));
#1647=CARTESIAN_POINT('Ctrl Pts',(0.0132381876821455,-1.57174523445174E-5,
0.0525015072513418));
#1648=CARTESIAN_POINT('Ctrl Pts',(0.0119191499695573,-0.00575955493296228,
0.053037257393245));
#1649=CARTESIAN_POINT('Ctrl Pts',(0.00824001630321896,-0.0103603567258171,
0.0535730075351483));
#1650=CARTESIAN_POINT('Ctrl Pts',(0.00292816168208076,-0.0129099516262087,
0.0541087576770517));
#1651=CARTESIAN_POINT('Ctrl Pts',(-0.00296349561137875,-0.0129017100302204,
0.0546445078189549));
#1652=CARTESIAN_POINT('Ctrl Pts',(-0.00826823205210444,-0.0103380523162247,
0.0551802579608583));
#1653=CARTESIAN_POINT('Ctrl Pts',(-0.0119350761298877,-0.00572641420280747,
0.0557160081027615));
#1654=CARTESIAN_POINT('Ctrl Pts',(-0.0132377386753609,1.94879975957173E-5,
0.0562517582446649));
#1655=CARTESIAN_POINT('Ctrl Pts',(-0.0119181670266032,0.0057615772754931,
0.0567875083865681));
#1656=CARTESIAN_POINT('Ctrl Pts',(-0.00823770923400564,0.010362317912609,
0.0573232585284715));
#1657=CARTESIAN_POINT('Ctrl Pts',(-0.00292554125819889,0.0129104759906616,
0.0578590086703748));
#1658=CARTESIAN_POINT('Ctrl Pts',(0.00296631690639395,0.0129010866056828,
0.0583947588122781));
#1659=CARTESIAN_POINT('Ctrl Pts',(0.00827022557415484,0.0103364050797913,
0.0589305089541814));
#1660=CARTESIAN_POINT('Ctrl Pts',(0.0119320562827989,0.00572943420131572,
0.0594655893500887));
#1661=CARTESIAN_POINT('Ctrl Pts',(0.0127999498535095,0.00190781721000582,
0.0598220863653616));
#1662=CARTESIAN_POINT('Ctrl Pts',(0.0127999997173216,-2.58700160881038E-11,
0.06));
#1663=CARTESIAN_POINT('Origin',(0.0120726533815699,0.,2.9108071952777E-8));
#1664=CARTESIAN_POINT('Ctrl Pts',(0.0127999819131647,2.15179612489242E-5,
-2.00665518228221E-6));
#1665=CARTESIAN_POINT('Ctrl Pts',(0.0128032012080979,-0.001893483020566,
0.000176576725452153));
#1666=CARTESIAN_POINT('Ctrl Pts',(0.0119366272977165,-0.00572369361466153,
0.000533743486721024));
#1667=CARTESIAN_POINT('Ctrl Pts',(0.00827020324031673,-0.0103364229579213,
0.00106949362862433));
#1668=CARTESIAN_POINT('Ctrl Pts',(0.00296628892890147,-0.0129010930569357,
0.00160524377052764));
#1669=CARTESIAN_POINT('Ctrl Pts',(-0.00292556906802989,-0.0129104695945448,
0.00214099391243094));
#1670=CARTESIAN_POINT('Ctrl Pts',(-0.00823773190820167,-0.0103623002208263,
0.00267674405433425));
#1671=CARTESIAN_POINT('Ctrl Pts',(-0.0119181789840306,-0.00576155121976579,
0.00321249419623755));
#1672=CARTESIAN_POINT('Ctrl Pts',(-0.0132377397445211,-1.9459893872821E-5,
0.00374824433814086));
#1673=CARTESIAN_POINT('Ctrl Pts',(-0.0119350616678678,0.00572644111591038,
0.00428399448004416));
#1674=CARTESIAN_POINT('Ctrl Pts',(-0.00826821386070171,0.0103380680115261,
0.00481974462194748));
#1675=CARTESIAN_POINT('Ctrl Pts',(-0.00296345926896342,0.0129017208700078,
0.00535549476385078));
#1676=CARTESIAN_POINT('Ctrl Pts',(0.00292817262152396,0.0129099363604748,
0.00589124490575409));
#1677=CARTESIAN_POINT('Ctrl Pts',(0.00824007299638446,0.01036035690653,
0.00642699504765739));
#1678=CARTESIAN_POINT('Ctrl Pts',(0.0119190933136956,0.00575949282465513,
0.00696274518956069));
#1679=CARTESIAN_POINT('Ctrl Pts',(0.0132383269247621,1.57619537953989E-5,
0.007498495331464));
#1680=CARTESIAN_POINT('Ctrl Pts',(0.0119326914417952,-0.00572709723399039,
0.00803424547336731));
#1681=CARTESIAN_POINT('Ctrl Pts',(0.00786116401227676,-0.0108565089388281,
0.00862952340881542));
#1682=CARTESIAN_POINT('Ctrl Pts',(0.00103316672876529,-0.0135520425655296,
0.00928432913780836));
#1683=CARTESIAN_POINT('Ctrl Pts',(-0.00678284026204724,-0.0117752220843501,
0.0099986626603461));
#1684=CARTESIAN_POINT('Ctrl Pts',(-0.0122361555372453,-0.0059110555933427,
0.0107129961828838));
#1685=CARTESIAN_POINT('Ctrl Pts',(-0.0134416754109804,0.00201399804478182,
0.0114273297054216));
#1686=CARTESIAN_POINT('Ctrl Pts',(-0.0107402491506769,0.00762473855812301,
0.0119829224451732));
#1687=CARTESIAN_POINT('Ctrl Pts',(-0.00688966432541523,0.0110203267561809,
0.0124591447935317));
#1688=CARTESIAN_POINT('Ctrl Pts',(-0.00293856949691092,0.0128132080244926,
0.0128559967504971));
#1689=CARTESIAN_POINT('Ctrl Pts',(0.00227121449371651,0.0129465675714389,
0.0133322190988556));
#1690=CARTESIAN_POINT('Ctrl Pts',(0.00712110214415986,0.0110484258091512,
0.013808441447214));
#1691=CARTESIAN_POINT('Ctrl Pts',(0.0108542528771938,0.00741401858986118,
0.0142846637955726));
#1692=CARTESIAN_POINT('Ctrl Pts',(0.0128814739184782,0.00261562520577524,
0.014760886143931));
#1693=CARTESIAN_POINT('Ctrl Pts',(0.0128863707251493,-0.00259400606730696,
0.0152371084922896));
#1694=CARTESIAN_POINT('Ctrl Pts',(0.0108662865213204,-0.00739582753562615,
0.015713330840648));
#1695=CARTESIAN_POINT('Ctrl Pts',(0.00714009191791414,-0.011036090570641,
0.0161895531890065));
#1696=CARTESIAN_POINT('Ctrl Pts',(0.00229213816373751,-0.0129434994919063,
0.016665775537365));
#1697=CARTESIAN_POINT('Ctrl Pts',(-0.00291559730540786,-0.0128166755792406,
0.0171419978857235));
#1698=CARTESIAN_POINT('Ctrl Pts',(-0.0076658605621409,-0.0106784101182186,
0.017618220234082));
#1699=CARTESIAN_POINT('Ctrl Pts',(-0.0112115202738244,-0.00686108896522097,
0.0180944425824405));
#1700=CARTESIAN_POINT('Ctrl Pts',(-0.0129960665338641,-0.00196800745614731,
0.018570664930799));
#1701=CARTESIAN_POINT('Ctrl Pts',(-0.0127409838126841,0.00323687090571686,
0.0190468872791575));
#1702=CARTESIAN_POINT('Ctrl Pts',(-0.0104812606367852,0.00792874312197833,
0.019523109627516));
#1703=CARTESIAN_POINT('Ctrl Pts',(-0.00593118597277026,0.0119596021527295,
0.0200787023672676));
#1704=CARTESIAN_POINT('Ctrl Pts',(0.0010085306479604,0.013555493617325,
0.0207136654984122));
#1705=CARTESIAN_POINT('Ctrl Pts',(0.00784374957311773,0.0108689243801207,
0.0213684712274052));
#1706=CARTESIAN_POINT('Ctrl Pts',(0.0119226686204254,0.00574749306716014,
0.0219637491628532));
#1707=CARTESIAN_POINT('Ctrl Pts',(0.0132385272453524,6.3000011931725E-6,
0.0224994993047566));
#1708=CARTESIAN_POINT('Ctrl Pts',(0.0119286563174568,-0.00573937164203112,
0.0230352494466599));
#1709=CARTESIAN_POINT('Ctrl Pts',(0.00825751574604077,-0.0103465433961952,
0.0235709995885632));
#1710=CARTESIAN_POINT('Ctrl Pts',(0.00294983064850028,-0.0129049758431723,
0.0241067497304665));
#1711=CARTESIAN_POINT('Ctrl Pts',(-0.00294176201109302,-0.0129066944422752,
0.0246424998723698));
#1712=CARTESIAN_POINT('Ctrl Pts',(-0.00825085290525633,-0.0103519340162834,
0.0251782500142731));
#1713=CARTESIAN_POINT('Ctrl Pts',(-0.0119253952891937,-0.00574649622630768,
0.0257140001561764));
#1714=CARTESIAN_POINT('Ctrl Pts',(-0.0132378080272661,-2.75912052942344E-6,
0.0262497502980797));
#1715=CARTESIAN_POINT('Ctrl Pts',(-0.0119277343175288,0.00574148103212232,
0.026785500439983));
#1716=CARTESIAN_POINT('Ctrl Pts',(-0.00825534439335016,0.010348524630369,
0.0273212505818863));
#1717=CARTESIAN_POINT('Ctrl Pts',(-0.00294682082191209,0.0129053785660839,
0.0278570007237896));
#1718=CARTESIAN_POINT('Ctrl Pts',(0.00294373608209082,0.0129063763365764,
0.028392750865693));
#1719=CARTESIAN_POINT('Ctrl Pts',(0.00825459045808494,0.0103496607259726,
0.0289285010075962));
#1720=CARTESIAN_POINT('Ctrl Pts',(0.0119234401787088,0.00574503648451011,
0.0294642511494996));
#1721=CARTESIAN_POINT('Ctrl Pts',(0.0133904929290093,-0.000640606921807868,
0.0300595290849477));
#1722=CARTESIAN_POINT('Ctrl Pts',(0.0116216088242912,-0.00637724678196775,
0.030595279226851));
#1723=CARTESIAN_POINT('Ctrl Pts',(0.00809636186952972,-0.0101553331839268,
0.0310715015752095));
#1724=CARTESIAN_POINT('Ctrl Pts',(0.00363206291208106,-0.0127479976674244,
0.031547723923568));
#1725=CARTESIAN_POINT('Ctrl Pts',(-0.00302604334819636,-0.0132486237243258,
0.0321430018590161));
#1726=CARTESIAN_POINT('Ctrl Pts',(-0.00996292037866263,-0.00924254250241649,
0.0328573353815538));
#1727=CARTESIAN_POINT('Ctrl Pts',(-0.013439713006083,-0.00202110839081087,
0.0335716689040916));
#1728=CARTESIAN_POINT('Ctrl Pts',(-0.0123719697181246,0.00501614992169345,
0.0342066320352362));
#1729=CARTESIAN_POINT('Ctrl Pts',(-0.00869246043091777,0.00985700411432446,
0.0347622247749878));
#1730=CARTESIAN_POINT('Ctrl Pts',(-0.00418387191472604,0.012461705597692,
0.0352384471233463));
#1731=CARTESIAN_POINT('Ctrl Pts',(0.000987013974256558,0.0131071674242997,
0.0357146694717048));
#1732=CARTESIAN_POINT('Ctrl Pts',(0.00600049810232717,0.0116950172174414,
0.0361908918200633));
#1733=CARTESIAN_POINT('Ctrl Pts',(0.0100727407117066,0.00844542648733849,
0.0366671141684218));
#1734=CARTESIAN_POINT('Ctrl Pts',(0.0125620011146315,0.00386936868439966,
0.0371433365167803));
#1735=CARTESIAN_POINT('Ctrl Pts',(0.0130785421350663,-0.00131438144604086,
0.0376195588651388));
#1736=CARTESIAN_POINT('Ctrl Pts',(0.0115411905972191,-0.00629174149543234,
0.0380957812134973));
#1737=CARTESIAN_POINT('Ctrl Pts',(0.00819037208923722,-0.0102806245030298,
0.0385720035618558));
#1738=CARTESIAN_POINT('Ctrl Pts',(0.00355369273351123,-0.0126552975187606,
0.0390482259102143));
#1739=CARTESIAN_POINT('Ctrl Pts',(-0.00164116191205465,-0.0130415882402448,
0.0395244482585728));
#1740=CARTESIAN_POINT('Ctrl Pts',(-0.00616786299841108,-0.0115181870478607,
0.0399609854112347));
#1741=CARTESIAN_POINT('Ctrl Pts',(-0.00952706491145879,-0.00883042501200894,
0.0403578373682001));
#1742=CARTESIAN_POINT('Ctrl Pts',(-0.0124426934431517,-0.00456592169466566,
0.0408340597165586));
#1743=CARTESIAN_POINT('Ctrl Pts',(-0.0134381221503793,0.00203265520556946,
0.0414293376520067));
#1744=CARTESIAN_POINT('Ctrl Pts',(-0.00995465532625999,0.00925063984987435,
0.0421436711745445));
#1745=CARTESIAN_POINT('Ctrl Pts',(-0.00301499383372881,0.0132508831153507,
0.0428580046970822));
#1746=CARTESIAN_POINT('Ctrl Pts',(0.00497506127862218,0.0126461193295998,
0.04357233821962));
#1747=CARTESIAN_POINT('Ctrl Pts',(0.0112334679586809,0.00764704094561849,
0.0442866717421577));
#1748=CARTESIAN_POINT('Ctrl Pts',(0.0135911910833424,-1.31549116267543E-5,
0.0450010052646954));
#1749=CARTESIAN_POINT('Ctrl Pts',(0.0114816247012609,-0.00681148021138886,
0.0456359683958401));
#1750=CARTESIAN_POINT('Ctrl Pts',(0.00711928949143016,-0.011046990299367,
0.0461915611355917));
#1751=CARTESIAN_POINT('Ctrl Pts',(0.00227141237076123,-0.0129475769739027,
0.0466677834839502));
#1752=CARTESIAN_POINT('Ctrl Pts',(-0.00293755887059587,-0.0128117479993185,
0.0471440058323087));
#1753=CARTESIAN_POINT('Ctrl Pts',(-0.00768374939395795,-0.010665321827628,
0.0476202281806671));
#1754=CARTESIAN_POINT('Ctrl Pts',(-0.011222809792356,-0.00684273817373805,
0.0480964505290257));
#1755=CARTESIAN_POINT('Ctrl Pts',(-0.0128520264129434,-0.00235290003731712,
0.0485329876816876));
#1756=CARTESIAN_POINT('Ctrl Pts',(-0.0128428847921197,0.00194870666391404,
0.048929839638653));
#1757=CARTESIAN_POINT('Ctrl Pts',(-0.0113243311992923,0.00688751525594157,
0.0494060619870115));
#1758=CARTESIAN_POINT('Ctrl Pts',(-0.00678527828063194,0.0117764786443325,
0.0500013399224596));
#1759=CARTESIAN_POINT('Ctrl Pts',(0.00103450993593155,0.0135513551383589,
0.0507156734449974));
#1760=CARTESIAN_POINT('Ctrl Pts',(0.00786058454552154,0.0108568084252074,
0.0513704791739903));
#1761=CARTESIAN_POINT('Ctrl Pts',(0.0119329820906824,0.00572692522270497,
0.0519657571094383));
#1762=CARTESIAN_POINT('Ctrl Pts',(0.0132381876821455,-1.57174523445174E-5,
0.0525015072513418));
#1763=CARTESIAN_POINT('Ctrl Pts',(0.0119191499695573,-0.00575955493296228,
0.053037257393245));
#1764=CARTESIAN_POINT('Ctrl Pts',(0.00824001630321896,-0.0103603567258171,
0.0535730075351483));
#1765=CARTESIAN_POINT('Ctrl Pts',(0.00292816168208076,-0.0129099516262087,
0.0541087576770517));
#1766=CARTESIAN_POINT('Ctrl Pts',(-0.00296349561137875,-0.0129017100302204,
0.0546445078189549));
#1767=CARTESIAN_POINT('Ctrl Pts',(-0.00826823205210444,-0.0103380523162247,
0.0551802579608583));
#1768=CARTESIAN_POINT('Ctrl Pts',(-0.0119350761298877,-0.00572641420280747,
0.0557160081027615));
#1769=CARTESIAN_POINT('Ctrl Pts',(-0.0132377386753609,1.94879975957173E-5,
0.0562517582446649));
#1770=CARTESIAN_POINT('Ctrl Pts',(-0.0119181670266032,0.0057615772754931,
0.0567875083865681));
#1771=CARTESIAN_POINT('Ctrl Pts',(-0.00823770923400564,0.010362317912609,
0.0573232585284715));
#1772=CARTESIAN_POINT('Ctrl Pts',(-0.00292554125819889,0.0129104759906616,
0.0578590086703748));
#1773=CARTESIAN_POINT('Ctrl Pts',(0.00296631690639395,0.0129010866056828,
0.0583947588122781));
#1774=CARTESIAN_POINT('Ctrl Pts',(0.00827022557415484,0.0103364050797913,
0.0589305089541814));
#1775=CARTESIAN_POINT('Ctrl Pts',(0.01193663969956,0.00572366777757236,
0.0594662590960847));
#1776=CARTESIAN_POINT('Ctrl Pts',(0.0128032053051226,0.00189345531742671,
0.0598234258573536));
#1777=CARTESIAN_POINT('Ctrl Pts',(0.0127999818665749,-2.15456574179428E-5,
0.060002009237988));
#1778=CARTESIAN_POINT('Ctrl Pts',(0.0127999726764025,2.70124589795066E-5,
-0.000241366095455791));
#1779=CARTESIAN_POINT('Ctrl Pts',(0.0128040184821411,-0.00188827861711762,
-6.27827148213549E-5));
#1780=CARTESIAN_POINT('Ctrl Pts',(0.0119391275218874,-0.0057184154564288,
0.000294384046447516));
#1781=CARTESIAN_POINT('Ctrl Pts',(0.00827465489251218,-0.010332977404215,
0.000830134188350821));
#1782=CARTESIAN_POINT('Ctrl Pts',(0.00297183775967425,-0.0128998129856608,
0.00136588433025413));
#1783=CARTESIAN_POINT('Ctrl Pts',(-0.00292003552976173,-0.0129117769284325,
0.00190163447215743));
#1784=CARTESIAN_POINT('Ctrl Pts',(-0.00823330321973997,-0.010365852909932,
0.00243738461406074));
#1785=CARTESIAN_POINT('Ctrl Pts',(-0.01191573569103,-0.00576668670073513,
0.00297313475596404));
#1786=CARTESIAN_POINT('Ctrl Pts',(-0.0132377641755349,-2.51404381346472E-5,
0.00350888489786735));
#1787=CARTESIAN_POINT('Ctrl Pts',(-0.0119375498788819,0.00572133055278161,
0.00404463503977066));
#1788=CARTESIAN_POINT('Ctrl Pts',(-0.0082726723753057,0.010334544965561,
0.00458038518167396));
#1789=CARTESIAN_POINT('Ctrl Pts',(-0.00296900549657365,0.012900480371783,
0.00511613532357727));
#1790=CARTESIAN_POINT('Ctrl Pts',(0.00292263821338321,0.0129112260905854,
0.00565188546548058));
#1791=CARTESIAN_POINT('Ctrl Pts',(0.00823564506331873,0.0103639193223606,
0.00618763560738389));
#1792=CARTESIAN_POINT('Ctrl Pts',(0.011916652226066,0.00576462548358958,
0.00672338574928719));
#1793=CARTESIAN_POINT('Ctrl Pts',(0.0132383496855007,2.14420603292876E-5,
0.0072591358911905));
#1794=CARTESIAN_POINT('Ctrl Pts',(0.0119351870462956,-0.00572198261948254,
0.00779488603309381));
#1795=CARTESIAN_POINT('Ctrl Pts',(0.00786581701065665,-0.0108531828275707,
0.00839016396854191));
#1796=CARTESIAN_POINT('Ctrl Pts',(0.00103899982165147,-0.0135516254695006,
0.00904496969753486));
#1797=CARTESIAN_POINT('Ctrl Pts',(-0.00677780902282204,-0.0117781633785947,
0.00975930322007258));
#1798=CARTESIAN_POINT('Ctrl Pts',(-0.0122336443285569,-0.00591633097142489,
0.0104736367426103));
#1799=CARTESIAN_POINT('Ctrl Pts',(-0.0134425698444412,0.00200826623607418,
0.0111879702651481));
#1800=CARTESIAN_POINT('Ctrl Pts',(-0.0107436260201567,0.00762002457848383,
0.0117435630048997));
#1801=CARTESIAN_POINT('Ctrl Pts',(-0.00689431828744909,0.0110174940439129,
0.0122197853532581));
#1802=CARTESIAN_POINT('Ctrl Pts',(-0.00294417513849035,0.0128119131211031,
0.0126166373102236));
#1803=CARTESIAN_POINT('Ctrl Pts',(0.00226577222447367,0.0129476129151968,
0.013092859658582));
#1804=CARTESIAN_POINT('Ctrl Pts',(0.0071163218300003,0.0110514849724003,
0.0135690820069405));
#1805=CARTESIAN_POINT('Ctrl Pts',(0.0108511293255983,0.00741872343151071,
0.0140453043552991));
#1806=CARTESIAN_POINT('Ctrl Pts',(0.0128803572530733,0.00262111979892224,
0.0145215267036575));
#1807=CARTESIAN_POINT('Ctrl Pts',(0.0128875511586866,-0.00258839895510176,
0.014997749052016));
#1808=CARTESIAN_POINT('Ctrl Pts',(0.0108694627591559,-0.00739123280498231,
0.0154739714003745));
#1809=CARTESIAN_POINT('Ctrl Pts',(0.00714481658151937,-0.0110330374620061,
0.015950193748733));
#1810=CARTESIAN_POINT('Ctrl Pts',(0.00229778264807416,-0.0129425727909489,
0.0164264160970915));
#1811=CARTESIAN_POINT('Ctrl Pts',(-0.00291012286287276,-0.0128179220253621,
0.01690263844545));
#1812=CARTESIAN_POINT('Ctrl Pts',(-0.00766130747651371,-0.010681762985667,
0.0173788607938085));
#1813=CARTESIAN_POINT('Ctrl Pts',(-0.0112086018212135,-0.00686588707872033,
0.017855083142167));
#1814=CARTESIAN_POINT('Ctrl Pts',(-0.0129952553378271,-0.00197356642065194,
0.0183313054905255));
#1815=CARTESIAN_POINT('Ctrl Pts',(-0.0127424322165425,0.00323135065389395,
0.018807527838884));
#1816=CARTESIAN_POINT('Ctrl Pts',(-0.010484687032997,0.00792425280368183,
0.0192837501872425));
#1817=CARTESIAN_POINT('Ctrl Pts',(-0.00593625362827603,0.0119571660763437,
0.019839342926994));
#1818=CARTESIAN_POINT('Ctrl Pts',(0.00100267980263993,0.0135559081459526,
0.0204743060581387));
#1819=CARTESIAN_POINT('Ctrl Pts',(0.00783909637800229,0.0108723597846924,
0.0211291117871317));
#1820=CARTESIAN_POINT('Ctrl Pts',(0.0119202287572264,0.00575261031667609,
0.0217243897225797));
#1821=CARTESIAN_POINT('Ctrl Pts',(0.0132385588183452,1.19908107523775E-5,
0.0222601398644831));
#1822=CARTESIAN_POINT('Ctrl Pts',(0.0119311492660264,-0.00573426883033894,
0.0227958900063863));
#1823=CARTESIAN_POINT('Ctrl Pts',(0.00826197835022151,-0.0103430224255366,
0.0233316401482897));
#1824=CARTESIAN_POINT('Ctrl Pts',(0.00295537783838362,-0.0129037426132705,
0.023867390290193));
#1825=CARTESIAN_POINT('Ctrl Pts',(-0.00293622849870267,-0.0129079889947172,
0.0244031404320963));
#1826=CARTESIAN_POINT('Ctrl Pts',(-0.00824642954534111,-0.0103555021506725,
0.0249388905739996));
#1827=CARTESIAN_POINT('Ctrl Pts',(-0.0119229579869902,-0.00575162976689738,
0.0254746407159029));
#1828=CARTESIAN_POINT('Ctrl Pts',(-0.0132378400139714,-8.4423798138398E-6,
0.0260103908578062));
#1829=CARTESIAN_POINT('Ctrl Pts',(-0.0119302284870567,0.00573637550434944,
0.0265461409997095));
#1830=CARTESIAN_POINT('Ctrl Pts',(-0.00825980818426911,0.0103450052082894,
0.0270818911416128));
#1831=CARTESIAN_POINT('Ctrl Pts',(-0.00295236699904197,0.0129041482092371,
0.0276176412835161));
#1832=CARTESIAN_POINT('Ctrl Pts',(0.00293820009332013,0.0129076671553531,
0.0281533914254194));
#1833=CARTESIAN_POINT('Ctrl Pts',(0.00825017346844625,0.0103532403744304,
0.0286891415673227));
#1834=CARTESIAN_POINT('Ctrl Pts',(0.0119209927833459,0.00575014911371654,
0.029224891709226));
#1835=CARTESIAN_POINT('Ctrl Pts',(0.0133908229671177,-0.000634814185037933,
0.0298201696446742));
#1836=CARTESIAN_POINT('Ctrl Pts',(0.0116243669529268,-0.00637226180356293,
0.0303559197865775));
#1837=CARTESIAN_POINT('Ctrl Pts',(0.00810074081707565,-0.0101518948443963,
0.030832142134936));
#1838=CARTESIAN_POINT('Ctrl Pts',(0.00363746296360471,-0.012746500302334,
0.0313083644832945));
#1839=CARTESIAN_POINT('Ctrl Pts',(-0.00302026947472837,-0.0132499439276678,
0.0319036424187426));
#1840=CARTESIAN_POINT('Ctrl Pts',(-0.00995907501635255,-0.0092468307112727,
0.0326179759412803));
#1841=CARTESIAN_POINT('Ctrl Pts',(-0.0134388171371327,-0.00202687529241135,
0.0333323094638181));
#1842=CARTESIAN_POINT('Ctrl Pts',(-0.0123741996439312,0.00501081262002131,
0.0339672725949627));
#1843=CARTESIAN_POINT('Ctrl Pts',(-0.00869669682755494,0.00985330228882419,
0.0345228653347143));
#1844=CARTESIAN_POINT('Ctrl Pts',(-0.00418924118943875,0.0124599420378204,
0.0349990876830728));
#1845=CARTESIAN_POINT('Ctrl Pts',(0.000981350283742241,0.013107618773612,
0.0354753100314313));
#1846=CARTESIAN_POINT('Ctrl Pts',(0.00599550420011359,0.0116976269294939,
0.0359515323797898));
#1847=CARTESIAN_POINT('Ctrl Pts',(0.0100691720443688,0.0084497363324768,
0.0364277547281483));
#1848=CARTESIAN_POINT('Ctrl Pts',(0.0125603606016519,0.00387477962424576,
0.0369039770765068));
#1849=CARTESIAN_POINT('Ctrl Pts',(0.013079142531408,-0.00130871366606252,
0.0373801994248652));
#1850=CARTESIAN_POINT('Ctrl Pts',(0.0115438982079045,-0.00628688961388692,
0.0378564217732238));
#1851=CARTESIAN_POINT('Ctrl Pts',(0.00819485399459448,-0.0102770555772967,
0.0383326441215822));
#1852=CARTESIAN_POINT('Ctrl Pts',(0.0035590610671093,-0.0126538715661338,
0.0388088664699407));
#1853=CARTESIAN_POINT('Ctrl Pts',(-0.00163553966607291,-0.0130422880371157,
0.0392850888182993));
#1854=CARTESIAN_POINT('Ctrl Pts',(-0.00616291805766257,-0.0115208926197528,
0.0397216259709612));
#1855=CARTESIAN_POINT('Ctrl Pts',(-0.0095232915628914,-0.00883453501732553,
0.0401184779279266));
#1856=CARTESIAN_POINT('Ctrl Pts',(-0.0124408064535667,-0.00457120086625233,
0.0405947002762851));
#1857=CARTESIAN_POINT('Ctrl Pts',(-0.0134390072340663,0.00202685469340294,
0.0411899782117332));
#1858=CARTESIAN_POINT('Ctrl Pts',(-0.00995866213515199,0.00924640643111108,
0.0419043117342709));
#1859=CARTESIAN_POINT('Ctrl Pts',(-0.00302068316866817,0.013249614814183,
0.0426186452568087));
#1860=CARTESIAN_POINT('Ctrl Pts',(0.00496963889612863,0.0126482871622929,
0.0433329787793464));
#1861=CARTESIAN_POINT('Ctrl Pts',(0.0112302211568094,0.00765188813577934,
0.0440473123018842));
#1862=CARTESIAN_POINT('Ctrl Pts',(0.0135912160098655,-7.3357075513574E-6,
0.0447616458244219));
#1863=CARTESIAN_POINT('Ctrl Pts',(0.0114846083856171,-0.00680653247664828,
0.0453966089555666));
#1864=CARTESIAN_POINT('Ctrl Pts',(0.00712403908597379,-0.0110439608663384,
0.0459522016953181));
#1865=CARTESIAN_POINT('Ctrl Pts',(0.00227698601524024,-0.0129466506758165,
0.0464284240436767));
#1866=CARTESIAN_POINT('Ctrl Pts',(-0.00293203408196786,-0.0128130140029976,
0.0469046463920352));
#1867=CARTESIAN_POINT('Ctrl Pts',(-0.00767921305314118,-0.010668688516148,
0.0473808687403936));
#1868=CARTESIAN_POINT('Ctrl Pts',(-0.0112198913909117,-0.00684752137247811,
0.0478570910887522));
#1869=CARTESIAN_POINT('Ctrl Pts',(-0.0128510561257541,-0.00235845638399013,
0.0482936282414141));
#1870=CARTESIAN_POINT('Ctrl Pts',(-0.0128437574134782,0.00194319434575953,
0.0486904801983795));
#1871=CARTESIAN_POINT('Ctrl Pts',(-0.0113272919277121,0.00688269128303683,
0.049166702546738));
#1872=CARTESIAN_POINT('Ctrl Pts',(-0.00679033358987419,0.0117736296574918,
0.0497619804821861));
#1873=CARTESIAN_POINT('Ctrl Pts',(0.00102869367193935,0.0135518062699203,
0.0504763140047238));
#1874=CARTESIAN_POINT('Ctrl Pts',(0.00785592229074056,0.0108602399855523,
0.0511311197337168));
#1875=CARTESIAN_POINT('Ctrl Pts',(0.0119305576443268,0.00573205190779236,
0.0517263976691649));
#1876=CARTESIAN_POINT('Ctrl Pts',(0.0132382254238985,-1.00293611702367E-5,
0.0522621478110682));
#1877=CARTESIAN_POINT('Ctrl Pts',(0.0119216531931245,-0.00575445502539025,
0.0527978979529715));
#1878=CARTESIAN_POINT('Ctrl Pts',(0.00824448397398887,-0.0103568438646519,
0.0533336480948748));
#1879=CARTESIAN_POINT('Ctrl Pts',(0.00293371137937971,-0.0129087275245657,
0.0538693982367781));
#1880=CARTESIAN_POINT('Ctrl Pts',(-0.00295796454198294,-0.0129030138061441,
0.0544051483786814));
#1881=CARTESIAN_POINT('Ctrl Pts',(-0.00826381449438847,-0.0103416282998182,
0.0549408985205847));
#1882=CARTESIAN_POINT('Ctrl Pts',(-0.0119326477274453,-0.005731550880354,
0.055476648662488));
#1883=CARTESIAN_POINT('Ctrl Pts',(-0.0132377797731757,1.38028120433324E-5,
0.0560123988043914));
#1884=CARTESIAN_POINT('Ctrl Pts',(-0.0119206706485537,0.00575647999041617,
0.0565481489462946));
#1885=CARTESIAN_POINT('Ctrl Pts',(-0.00824217720796679,0.0103587978412634,
0.057083899088198));
#1886=CARTESIAN_POINT('Ctrl Pts',(-0.00293109297919714,0.0129092714402249,
0.0576196492301013));
#1887=CARTESIAN_POINT('Ctrl Pts',(0.00296079011935844,0.0129023534551613,
0.0581553993720045));
#1888=CARTESIAN_POINT('Ctrl Pts',(0.00826580037865334,0.0103400600040547,
0.0586911495139079));
#1889=CARTESIAN_POINT('Ctrl Pts',(0.011934230256145,0.0057286386583721,
0.0592268996558111));
#1890=CARTESIAN_POINT('Ctrl Pts',(0.0128023890236218,0.00189924268844147,
0.0595840664170801));
#1891=CARTESIAN_POINT('Ctrl Pts',(0.0127999911152259,-1.60511597073594E-5,
0.0597626497977145));
#1892=CARTESIAN_POINT('Ctrl Pts',(0.0125717059577218,3.75904894975297E-5,
-0.000718922193123259));
#1893=CARTESIAN_POINT('Ctrl Pts',(0.0125773251823862,-0.00184319233158023,
-0.000540338812488824));
#1894=CARTESIAN_POINT('Ctrl Pts',(0.0117311250672492,-0.00560631832013651,
-0.000183172051219952));
#1895=CARTESIAN_POINT('Ctrl Pts',(0.00813601395740746,-0.0101414486613064,
0.000352578090683353));
#1896=CARTESIAN_POINT('Ctrl Pts',(0.00292997813400545,-0.0126672298328232,
0.00088832823258666));
#1897=CARTESIAN_POINT('Ctrl Pts',(-0.00285680101316762,-0.0126840005833492,
0.00142407837448997));
#1898=CARTESIAN_POINT('Ctrl Pts',(-0.00807751088348988,-0.0101881072891776,
0.00195982851639327));
#1899=CARTESIAN_POINT('Ctrl Pts',(-0.01169824110643,-0.00567412944431975,
0.00249557865829658));
#1900=CARTESIAN_POINT('Ctrl Pts',(-0.0130016529322797,-3.61319324917041E-5,
0.00303132880019989));
#1901=CARTESIAN_POINT('Ctrl Pts',(-0.0117295917745627,0.00560898091934675,
0.00356707894210319));
#1902=CARTESIAN_POINT('Ctrl Pts',(-0.00813406175913598,0.0101430847363582,
0.0041028290840065));
#1903=CARTESIAN_POINT('Ctrl Pts',(-0.00292719990728954,0.0126678413764392,
0.00463857922590981));
#1904=CARTESIAN_POINT('Ctrl Pts',(0.00285935883914639,0.0126834844534589,
0.0051743293678131));
#1905=CARTESIAN_POINT('Ctrl Pts',(0.00807981285138821,0.0101861996659508,
0.00571007950971642));
#1906=CARTESIAN_POINT('Ctrl Pts',(0.0116991414388436,0.00567210964033141,
0.00624582965161972));
#1907=CARTESIAN_POINT('Ctrl Pts',(0.0130022351243784,3.25008856528859E-5,
0.00678157979352304));
#1908=CARTESIAN_POINT('Ctrl Pts',(0.0117272631127924,-0.00560962962071009,
0.00731732993542633));
#1909=CARTESIAN_POINT('Ctrl Pts',(0.00773494299141374,-0.010652798811553,
0.00791260787087445));
#1910=CARTESIAN_POINT('Ctrl Pts',(0.00103216259932463,-0.0133090495280623,
0.00856741359986738));
#1911=CARTESIAN_POINT('Ctrl Pts',(-0.00664674550668529,-0.011573960545089,
0.00928174712240513));
#1912=CARTESIAN_POINT('Ctrl Pts',(-0.0120103562053111,-0.00582137594970739,
0.00999608064494287));
#1913=CARTESIAN_POINT('Ctrl Pts',(-0.0132045665337639,0.00196079511056313,
0.0107104141674806));
#1914=CARTESIAN_POINT('Ctrl Pts',(-0.0105585103679629,0.00747499140557603,
0.0112660069072322));
#1915=CARTESIAN_POINT('Ctrl Pts',(-0.00678099235162531,0.0108149262996434,
0.0117422292555907));
#1916=CARTESIAN_POINT('Ctrl Pts',(-0.00290261895679187,0.0125809548308676,
0.0121390812125561));
#1917=CARTESIAN_POINT('Ctrl Pts',(0.00221404451867662,0.0127186079803944,
0.0126153035609146));
#1918=CARTESIAN_POINT('Ctrl Pts',(0.00697992339828115,0.0108605662792955,
0.0130915259092731));
#1919=CARTESIAN_POINT('Ctrl Pts',(0.010651156111907,0.00729575605245013,
0.0135677482576316));
#1920=CARTESIAN_POINT('Ctrl Pts',(0.0126484078813659,0.00258555239726532,
0.0140439706059901));
#1921=CARTESIAN_POINT('Ctrl Pts',(0.0126599027360509,-0.00253120057606071,
0.0145201929543486));
#1922=CARTESIAN_POINT('Ctrl Pts',(0.0106820269282159,-0.00724995977126963,
0.014996415302707));
#1923=CARTESIAN_POINT('Ctrl Pts',(0.00702696156254003,-0.0108301133934393,
0.0154726376510655));
#1924=CARTESIAN_POINT('Ctrl Pts',(0.00226788497072907,-0.0127097332985952,
0.0159488599994241));
#1925=CARTESIAN_POINT('Ctrl Pts',(-0.00284712268083367,-0.0125918788427682,
0.0164250823477825));
#1926=CARTESIAN_POINT('Ctrl Pts',(-0.00751542871679741,-0.0104978346462319,
0.016901304696141));
#1927=CARTESIAN_POINT('Ctrl Pts',(-0.0110027701548523,-0.00675315954175903,
0.0173775270444995));
#1928=CARTESIAN_POINT('Ctrl Pts',(-0.0127617836731475,-0.00194962646380477,
0.017853749392858));
#1929=CARTESIAN_POINT('Ctrl Pts',(-0.0125179363466879,0.00316278318317268,
0.0183299717412165));
#1930=CARTESIAN_POINT('Ctrl Pts',(-0.0103045478602476,0.00777388148999533,
0.018806194089575));
#1931=CARTESIAN_POINT('Ctrl Pts',(-0.00584081089654278,0.0117386883520366,
0.0193617868293266));
#1932=CARTESIAN_POINT('Ctrl Pts',(0.000973126067830124,0.0133150742748798,
0.0199967499604712));
#1933=CARTESIAN_POINT('Ctrl Pts',(0.00768990491445081,0.0106851792078373,
0.0206515556894642));
#1934=CARTESIAN_POINT('Ctrl Pts',(0.0117026690936519,0.00566033234005215,
0.0212468336249123));
#1935=CARTESIAN_POINT('Ctrl Pts',(0.0130024430964468,2.32054542714266E-5,
0.0217825837668156));
#1936=CARTESIAN_POINT('Ctrl Pts',(0.0117233173889738,-0.00562168796275133,
0.0223183339087189));
#1937=CARTESIAN_POINT('Ctrl Pts',(0.00812356523828118,-0.0101514233175745,
0.0228540840506222));
#1938=CARTESIAN_POINT('Ctrl Pts',(0.00291381857663884,-0.0126710555025161,
0.0233898341925255));
#1939=CARTESIAN_POINT('Ctrl Pts',(-0.00287271017118074,-0.0126803180509396,
0.0239255843344288));
#1940=CARTESIAN_POINT('Ctrl Pts',(-0.0080904111597275,-0.0101779405723261,
0.0244613344763321));
#1941=CARTESIAN_POINT('Ctrl Pts',(-0.0117053481297628,-0.0056593533334199,
0.0249970846182355));
#1942=CARTESIAN_POINT('Ctrl Pts',(-0.0130017414149482,-1.97284415053036E-5,
0.0255328347601387));
#1943=CARTESIAN_POINT('Ctrl Pts',(-0.0117224145097452,0.00562376163155257,
0.0260685849020421));
#1944=CARTESIAN_POINT('Ctrl Pts',(-0.00812143506834067,0.0101533718789012,
0.0266043350439453));
#1945=CARTESIAN_POINT('Ctrl Pts',(-0.0029108631871133,0.0126714545411594,
0.0271400851858487));
#1946=CARTESIAN_POINT('Ctrl Pts',(0.00287464998312032,0.0126800092246387,
0.027675835327752));
#1947=CARTESIAN_POINT('Ctrl Pts',(0.00809408389180227,0.0101757103150923,
0.0282115854696553));
#1948=CARTESIAN_POINT('Ctrl Pts',(0.0117034319318445,0.0056579217828019,
0.0287473356115586));
#1949=CARTESIAN_POINT('Ctrl Pts',(0.013152526394518,-0.000611979061296402,
0.0293426135470067));
#1950=CARTESIAN_POINT('Ctrl Pts',(0.0114225673523503,-0.00624858636770532,
0.02987836368891));
#1951=CARTESIAN_POINT('Ctrl Pts',(0.00796503940468064,-0.00996382687471093,
0.0303545860372685));
#1952=CARTESIAN_POINT('Ctrl Pts',(0.00358370118739621,-0.0125159919430116,
0.030830808385627));
#1953=CARTESIAN_POINT('Ctrl Pts',(-0.00295507004574865,-0.0130162619893434,
0.0314260863210751));
#1954=CARTESIAN_POINT('Ctrl Pts',(-0.00977335225337433,-0.0090905348325122,
0.0321404198436129));
#1955=CARTESIAN_POINT('Ctrl Pts',(-0.0131974650227928,-0.00200234769825176,
0.0328547533661506));
#1956=CARTESIAN_POINT('Ctrl Pts',(-0.0121577856808284,0.00491080332469135,
0.0334897164972953));
#1957=CARTESIAN_POINT('Ctrl Pts',(-0.00855012821031395,0.00967005275310581,
0.0340453092370468));
#1958=CARTESIAN_POINT('Ctrl Pts',(-0.00412528183731636,0.0122341033714566,
0.0345215315854054));
#1959=CARTESIAN_POINT('Ctrl Pts',(0.000952571242073764,0.0128747045861819,
0.0349977539337638));
#1960=CARTESIAN_POINT('Ctrl Pts',(0.00587845652254777,0.011494179074145,
0.0354739762821223));
#1961=CARTESIAN_POINT('Ctrl Pts',(0.0098822535759093,0.00830778071032478,
0.0359501986304808));
#1962=CARTESIAN_POINT('Ctrl Pts',(0.0123330174529364,0.00381651621287139,
0.0364264209788393));
#1963=CARTESIAN_POINT('Ctrl Pts',(0.0128470088975461,-0.00127414173566529,
0.0369026433271978));
#1964=CARTESIAN_POINT('Ctrl Pts',(0.0113434750934426,-0.00616468672378188,
0.0373788656755564));
#1965=CARTESIAN_POINT('Ctrl Pts',(0.00805752433242625,-0.0100867841719951,
0.0378550880239148));
#1966=CARTESIAN_POINT('Ctrl Pts',(0.00350660701940577,-0.0124250371305274,
0.0383313103722733));
#1967=CARTESIAN_POINT('Ctrl Pts',(-0.0015951353623803,-0.0128111429575331,
0.0388075327206318));
#1968=CARTESIAN_POINT('Ctrl Pts',(-0.00604307071779361,-0.0113207122045744,
0.0392440698732937));
#1969=CARTESIAN_POINT('Ctrl Pts',(-0.00934582260088649,-0.00868520514084069,
0.0396409218302592));
#1970=CARTESIAN_POINT('Ctrl Pts',(-0.0122149288541262,-0.00450051251666415,
0.0401171441786176));
#1971=CARTESIAN_POINT('Ctrl Pts',(-0.0132011054297967,0.00197913981328063,
0.0407124221140658));
#1972=CARTESIAN_POINT('Ctrl Pts',(-0.00978902910218212,0.00907287647009817,
0.0414267556366035));
#1973=CARTESIAN_POINT('Ctrl Pts',(-0.0029782660138718,0.0130107123323033,
0.0421410891591412));
#1974=CARTESIAN_POINT('Ctrl Pts',(0.00487008697970093,0.0124270034978051,
0.042855422681679));
#1975=CARTESIAN_POINT('Ctrl Pts',(0.0110233144713581,0.00752511562096711,
0.0435697562042167));
#1976=CARTESIAN_POINT('Ctrl Pts',(0.0133488463755995,4.5562488563943E-6,
0.0442840897267545));
#1977=CARTESIAN_POINT('Ctrl Pts',(0.0112856291156496,-0.00667526220939383,
0.0449190528578991));
#1978=CARTESIAN_POINT('Ctrl Pts',(0.00700653933044801,-0.0108408424226843,
0.0454746455976507));
#1979=CARTESIAN_POINT('Ctrl Pts',(0.00224755052639186,-0.0127137657263946,
0.0459508679460092));
#1980=CARTESIAN_POINT('Ctrl Pts',(-0.00286871095757316,-0.0125870657336456,
0.0464270902943677));
#1981=CARTESIAN_POINT('Ctrl Pts',(-0.00753301294372903,-0.010485001214644,
0.0469033126427262));
#1982=CARTESIAN_POINT('Ctrl Pts',(-0.0110138834740343,-0.00673515506248419,
0.0473795349910847));
#1983=CARTESIAN_POINT('Ctrl Pts',(-0.0126198165873734,-0.0023274570155199,
0.0478160721437466));
#1984=CARTESIAN_POINT('Ctrl Pts',(-0.0126163686275636,0.00189744640318238,
0.048212924100712));
#1985=CARTESIAN_POINT('Ctrl Pts',(-0.0111312500815093,0.00675013020669478,
0.0486891464490706));
#1986=CARTESIAN_POINT('Ctrl Pts',(-0.0066794232584803,0.0115577435297512,
0.0492844243845186));
#1987=CARTESIAN_POINT('Ctrl Pts',(0.000998640315495009,0.0133110368241956,
0.0499987579070564));
#1988=CARTESIAN_POINT('Ctrl Pts',(0.00770645835019728,0.0106733036307482,
0.0506535636360493));
#1989=CARTESIAN_POINT('Ctrl Pts',(0.0117128236706749,0.0056401433036587,
0.0512488415714974));
#1990=CARTESIAN_POINT('Ctrl Pts',(0.0130021386050541,1.58080084819396E-6,
0.0517845917134008));
#1991=CARTESIAN_POINT('Ctrl Pts',(0.0117140061564481,-0.00564152385495054,
0.0523203418553041));
#1992=CARTESIAN_POINT('Ctrl Pts',(0.00810639579088182,-0.0101650126810041,
0.0528560919972073));
#1993=CARTESIAN_POINT('Ctrl Pts',(0.00289254232479454,-0.0126759704602463,
0.0533918421391107));
#1994=CARTESIAN_POINT('Ctrl Pts',(-0.00289406255781251,-0.0126754504823634,
0.053927592281014));
#1995=CARTESIAN_POINT('Ctrl Pts',(-0.00810749829022628,-0.0101643286670561,
0.0544633424229173));
#1996=CARTESIAN_POINT('Ctrl Pts',(-0.0117148820848156,-0.00563964208403058,
0.0549990925648206));
#1997=CARTESIAN_POINT('Ctrl Pts',(-0.0130017020254146,2.12249380565149E-6,
0.0555348427067239));
#1998=CARTESIAN_POINT('Ctrl Pts',(-0.0117130434198684,0.00564351089530046,
0.0560705928486272));
#1999=CARTESIAN_POINT('Ctrl Pts',(-0.00810413260741473,0.0101669437102204,
0.0566063429905305));
#2000=CARTESIAN_POINT('Ctrl Pts',(-0.00288996866391204,0.0126764846979944,
0.0571420931324338));
#2001=CARTESIAN_POINT('Ctrl Pts',(0.00289683295794513,0.0126748503776494,
0.0576778432743371));
#2002=CARTESIAN_POINT('Ctrl Pts',(0.00810946125032156,0.0101626958099982,
0.0582135934162405));
#2003=CARTESIAN_POINT('Ctrl Pts',(0.0117164151907176,0.00563698407258381,
0.0587493435581437));
#2004=CARTESIAN_POINT('Ctrl Pts',(0.0125724696773525,0.00187608585984266,
0.0591065103194126));
#2005=CARTESIAN_POINT('Ctrl Pts',(0.012571761276496,-4.70522210008378E-6,
0.059285093700047));
#2006=CARTESIAN_POINT('Ctrl Pts',(0.0117960055527142,4.24362895492964E-5,
-0.000895449104916087));
#2007=CARTESIAN_POINT('Ctrl Pts',(0.0118023588762723,-0.00172234116316167,
-0.000716865724281651));
#2008=CARTESIAN_POINT('Ctrl Pts',(0.0110105075572042,-0.00525369634971757,
-0.000359698963012781));
#2009=CARTESIAN_POINT('Ctrl Pts',(0.00763980398423991,-0.00951109540180635,
0.000176051178890526));
#2010=CARTESIAN_POINT('Ctrl Pts',(0.00275641839352541,-0.011883985769271,
0.000711801320793832));
#2011=CARTESIAN_POINT('Ctrl Pts',(-0.00267330595427272,-0.0119030290232832,
0.00124755146269714));
#2012=CARTESIAN_POINT('Ctrl Pts',(-0.00757332118888268,-0.0095641039473732,
0.00178330160460045));
#2013=CARTESIAN_POINT('Ctrl Pts',(-0.0109732251671197,-0.00533070456597661,
0.00231905174650375));
#2014=CARTESIAN_POINT('Ctrl Pts',(-0.0121994303540303,-4.13134194812254E-5,
0.00285480188840706));
#2015=CARTESIAN_POINT('Ctrl Pts',(-0.0110090731431224,0.00525622051745796,
0.00339055203031036));
#2016=CARTESIAN_POINT('Ctrl Pts',(-0.00763797187083221,0.00951261992049661,
0.00392630217221367));
#2017=CARTESIAN_POINT('Ctrl Pts',(-0.00275381258981597,0.0118845668992382,
0.00446205231411697));
#2018=CARTESIAN_POINT('Ctrl Pts',(0.00267570662087354,0.0119025434059132,
0.00499780245602028));
#2019=CARTESIAN_POINT('Ctrl Pts',(0.00757548195448449,0.00956231662068368,
0.00553355259792359));
#2020=CARTESIAN_POINT('Ctrl Pts',(0.0109740713852355,0.00532880946115768,
0.0060693027398269));
#2021=CARTESIAN_POINT('Ctrl Pts',(0.0121999782333551,3.7906547984892E-5,
0.0066050528817302));
#2022=CARTESIAN_POINT('Ctrl Pts',(0.0110068894359978,-0.00525682957340945,
0.00714080302363351));
#2023=CARTESIAN_POINT('Ctrl Pts',(0.00726376587744887,-0.0099911159840491,
0.00773608095908162));
#2024=CARTESIAN_POINT('Ctrl Pts',(0.000976066237588407,-0.01248729134654,
0.00839088668807456));
#2025=CARTESIAN_POINT('Ctrl Pts',(-0.00623004493054384,-0.0108636361298843,
0.00910522021061229));
#2026=CARTESIAN_POINT('Ctrl Pts',(-0.0112659980780084,-0.00546904419059963,
0.00981955373315004));
#2027=CARTESIAN_POINT('Ctrl Pts',(-0.0123909628410096,0.00183229225436252,
0.0105338872556878));
#2028=CARTESIAN_POINT('Ctrl Pts',(-0.00991131902107443,0.00700774568214724,
0.0110894799954394));
#2029=CARTESIAN_POINT('Ctrl Pts',(-0.00636875868081004,0.0101437970539216,
0.0115657023437978));
#2030=CARTESIAN_POINT('Ctrl Pts',(-0.00273071129899466,0.0118030429576047,
0.0119625543007633));
#2031=CARTESIAN_POINT('Ctrl Pts',(0.00207020325890397,0.0119351405892592,
0.0124387766491217));
#2032=CARTESIAN_POINT('Ctrl Pts',(0.00654306398370438,0.0101944427017235,
0.0129149989974803));
#2033=CARTESIAN_POINT('Ctrl Pts',(0.00998982502881018,0.00685168408551227,
0.0133912213458387));
#2034=CARTESIAN_POINT('Ctrl Pts',(0.011866524631171,0.00243322673564555,
0.0138674436941972));
#2035=CARTESIAN_POINT('Ctrl Pts',(0.0118802323592808,-0.00236779611579254,
0.0143436660425557));
#2036=CARTESIAN_POINT('Ctrl Pts',(0.0100270760997041,-0.00679655662407021,
0.0148198883909142));
#2037=CARTESIAN_POINT('Ctrl Pts',(0.00659956639996315,-0.0101578884668878,
0.0152961107392727));
#2038=CARTESIAN_POINT('Ctrl Pts',(0.00213521407082289,-0.011924251361153,
0.0157723330876312));
#2039=CARTESIAN_POINT('Ctrl Pts',(-0.00266428165334113,-0.0118165778984359,
0.0162485554359897));
#2040=CARTESIAN_POINT('Ctrl Pts',(-0.00704574355552205,-0.00985440770450045,
0.0167247777843482));
#2041=CARTESIAN_POINT('Ctrl Pts',(-0.0103200505400713,-0.00634275661710936,
0.0172010001327067));
#2042=CARTESIAN_POINT('Ctrl Pts',(-0.011973271157569,-0.00183660530054944,
0.0176772224810652));
#2043=CARTESIAN_POINT('Ctrl Pts',(-0.0117473848267376,0.00296049458079654,
0.0181534448294237));
#2044=CARTESIAN_POINT('Ctrl Pts',(-0.00967318767772068,0.00728835774256154,
0.0186296671777822));
#2045=CARTESIAN_POINT('Ctrl Pts',(-0.00548711439711876,0.0110110960125547,
0.0191852599175338));
#2046=CARTESIAN_POINT('Ctrl Pts',(0.000905490794589469,0.0124940802021656,
0.0198202230486784));
#2047=CARTESIAN_POINT('Ctrl Pts',(0.00720934485466349,0.0100302928719557,
0.0204750287776714));
#2048=CARTESIAN_POINT('Ctrl Pts',(0.0109773879931767,0.00531775822693374,
0.0210703067131195));
#2049=CARTESIAN_POINT('Ctrl Pts',(0.0122001790726199,2.91864656159296E-5,
0.0216060568550228));
#2050=CARTESIAN_POINT('Ctrl Pts',(0.0110031931527894,-0.00526814786778312,
0.0221418069969261));
#2051=CARTESIAN_POINT('Ctrl Pts',(0.00762812773743161,-0.00952044960678814,
0.0226775571388294));
#2052=CARTESIAN_POINT('Ctrl Pts',(0.00274125869998198,-0.0118875905604138,
0.0232133072807327));
#2053=CARTESIAN_POINT('Ctrl Pts',(-0.00268823593074882,-0.0118995798181055,
0.023749057422636));
#2054=CARTESIAN_POINT('Ctrl Pts',(-0.00758543116084842,-0.00955457334448588,
0.0242848075645393));
#2055=CARTESIAN_POINT('Ctrl Pts',(-0.0109799021783293,-0.00531684344131224,
0.0248205577064426));
#2056=CARTESIAN_POINT('Ctrl Pts',(-0.0121995227077019,-2.59224872795468E-5,
0.0253563078483459));
#2057=CARTESIAN_POINT('Ctrl Pts',(-0.0110023471222866,0.00527009363741907,
0.0258920579902493));
#2058=CARTESIAN_POINT('Ctrl Pts',(-0.0076261301772784,0.00952227923663299,
0.0264278081321525));
#2059=CARTESIAN_POINT('Ctrl Pts',(-0.00273848575628169,0.0118879669290831,
0.0269635582740558));
#2060=CARTESIAN_POINT('Ctrl Pts',(0.00269005597541572,0.0118992904031938,
0.0274993084159592));
#2061=CARTESIAN_POINT('Ctrl Pts',(0.00758887907121069,0.00955248440093982,
0.0280350585578624));
#2062=CARTESIAN_POINT('Ctrl Pts',(0.010978104011516,0.00531549586500543,
0.0285708086997658));
#2063=CARTESIAN_POINT('Ctrl Pts',(0.0123413662224032,-0.000566715393558382,
0.0291660866352138));
#2064=CARTESIAN_POINT('Ctrl Pts',(0.0107213551363057,-0.00585653599969163,
0.0297018367771172));
#2065=CARTESIAN_POINT('Ctrl Pts',(0.00747927623446042,-0.00934452031330819,
0.0301780591254756));
#2066=CARTESIAN_POINT('Ctrl Pts',(0.00336970997678366,-0.0117417191659337,
0.0306542814738342));
#2067=CARTESIAN_POINT('Ctrl Pts',(-0.00276530920235878,-0.0122148386421369,
0.0312495594092823));
#2068=CARTESIAN_POINT('Ctrl Pts',(-0.00916516933730917,-0.0085352208049418,
0.03196389293182));
#2069=CARTESIAN_POINT('Ctrl Pts',(-0.0123820311416986,-0.00188632276500614,
0.0326782264543578));
#2070=CARTESIAN_POINT('Ctrl Pts',(-0.0114104551711045,0.00460086960668452,
0.0333131895855024));
#2071=CARTESIAN_POINT('Ctrl Pts',(-0.00802809505636431,0.00906853798542082,
0.033868782325254));
#2072=CARTESIAN_POINT('Ctrl Pts',(-0.00387772699006249,0.0114769076380794,
0.0343450046736126));
#2073=CARTESIAN_POINT('Ctrl Pts',(0.000886453117284079,0.012080876413912,
0.0348212270219709));
#2074=CARTESIAN_POINT('Ctrl Pts',(0.00550920544539259,0.0107883400328765,
0.0352974493703295));
#2075=CARTESIAN_POINT('Ctrl Pts',(0.00926778859873538,0.00780081936994592,
0.0357736717186879));
#2076=CARTESIAN_POINT('Ctrl Pts',(0.0115698929387584,0.00358806815470095,
0.0362498940670465));
#2077=CARTESIAN_POINT('Ctrl Pts',(0.0120550736312974,-0.00118819572137206,
0.0367261164154049));
#2078=CARTESIAN_POINT('Ctrl Pts',(0.0106470958213945,-0.00577787299378341,
0.0372023387637635));
#2079=CARTESIAN_POINT('Ctrl Pts',(0.00756612959383985,-0.00945982370192702,
0.037678561112122));
#2080=CARTESIAN_POINT('Ctrl Pts',(0.00329732296294711,-0.0116564255793424,
0.0381547834604805));
#2081=CARTESIAN_POINT('Ctrl Pts',(-0.0014894098872452,-0.012021598391623,
0.0386310058088389));
#2082=CARTESIAN_POINT('Ctrl Pts',(-0.0056637571007423,-0.0106256727364942,
0.0390675429615009));
#2083=CARTESIAN_POINT('Ctrl Pts',(-0.00876423372693503,-0.00815465479685384,
0.0394643949184663));
#2084=CARTESIAN_POINT('Ctrl Pts',(-0.0114587106238281,-0.00422978393044965,
0.0399406172668249));
#2085=CARTESIAN_POINT('Ctrl Pts',(-0.0123877212071623,0.00184949719097003,
0.0405358952022728));
#2086=CARTESIAN_POINT('Ctrl Pts',(-0.00919021975481208,0.00850750224249157,
0.0412502287248107));
#2087=CARTESIAN_POINT('Ctrl Pts',(-0.00280192215661787,0.0122062528368467,
0.0419645622473484));
#2088=CARTESIAN_POINT('Ctrl Pts',(0.0045625180945104,0.0116630333065148,
0.0426788957698861));
#2089=CARTESIAN_POINT('Ctrl Pts',(0.010338887507966,0.00706710052521479,
0.0433932292924239));
#2090=CARTESIAN_POINT('Ctrl Pts',(0.0125252182048999,1.18815417852839E-5,
0.0441075628149616));
#2091=CARTESIAN_POINT('Ctrl Pts',(0.0105931143497508,-0.0062569593580242,
0.0447425259461063));
#2092=CARTESIAN_POINT('Ctrl Pts',(0.00658041374289499,-0.0101679687538649,
0.0452981186858579));
#2093=CARTESIAN_POINT('Ctrl Pts',(0.00211612562771487,-0.0119280473683761,
0.0457743410342164));
#2094=CARTESIAN_POINT('Ctrl Pts',(-0.0026845326497588,-0.0118120740798901,
0.0462505633825749));
#2095=CARTESIAN_POINT('Ctrl Pts',(-0.00706225161056771,-0.00984237734124302,
0.0467267857309333));
#2096=CARTESIAN_POINT('Ctrl Pts',(-0.0103304878276727,-0.0063258662215224,
0.0472030080792918));
#2097=CARTESIAN_POINT('Ctrl Pts',(-0.011839847388301,-0.00219105155343495,
0.0476395452319538));
#2098=CARTESIAN_POINT('Ctrl Pts',(-0.0118390207202266,0.00177318171526037,
0.0480363971889192));
#2099=CARTESIAN_POINT('Ctrl Pts',(-0.0104482966191018,0.00632730581542517,
0.0485126195372777));
#2100=CARTESIAN_POINT('Ctrl Pts',(-0.00627388939731665,0.0108408289041169,
0.0491078974727259));
#2101=CARTESIAN_POINT('Ctrl Pts',(0.000929437223748966,0.0124903110810443,
0.0498222309952636));
#2102=CARTESIAN_POINT('Ctrl Pts',(0.00722488191521236,0.0100191574233502,
0.0504770367242565));
#2103=CARTESIAN_POINT('Ctrl Pts',(0.0109869283656555,0.00529882157303354,
0.0510723146597046));
#2104=CARTESIAN_POINT('Ctrl Pts',(0.0121999052818517,8.89541621138798E-6,
0.0516080648016079));
#2105=CARTESIAN_POINT('Ctrl Pts',(0.0109944679364911,-0.0052867649660331,
0.0521438149435113));
#2106=CARTESIAN_POINT('Ctrl Pts',(0.00761202528617269,-0.00953321039939567,
0.0526795650854145));
#2107=CARTESIAN_POINT('Ctrl Pts',(0.00272129805199727,-0.011892214353629,
0.0532153152273178));
#2108=CARTESIAN_POINT('Ctrl Pts',(-0.00270827368904198,-0.0118950247429098,
0.0537510653692211));
#2109=CARTESIAN_POINT('Ctrl Pts',(-0.00760147173292993,-0.009541811090505,
0.0542868155111244));
#2110=CARTESIAN_POINT('Ctrl Pts',(-0.0109888591889217,-0.00529835367493099,
0.0548225656530278));
#2111=CARTESIAN_POINT('Ctrl Pts',(-0.0121994980825398,-5.420016426405E-6,
0.0553583157949311));
#2112=CARTESIAN_POINT('Ctrl Pts',(-0.0109935657263502,0.00528863029156905,
0.0558940659368343));
#2113=CARTESIAN_POINT('Ctrl Pts',(-0.00760990253219313,0.0095350223795846,
0.0564298160787377));
#2114=CARTESIAN_POINT('Ctrl Pts',(-0.00271888426412589,0.0118927009951673,
0.056965566220641));
#2115=CARTESIAN_POINT('Ctrl Pts',(0.0027108751623664,0.0118944577349898,
0.0575013163625443));
#2116=CARTESIAN_POINT('Ctrl Pts',(0.00760331107902977,0.00954029137575773,
0.0580370665044476));
#2117=CARTESIAN_POINT('Ctrl Pts',(0.0109903065257924,0.00529583649893612,
0.0585728166463509));
#2118=CARTESIAN_POINT('Ctrl Pts',(0.01179566558898,0.00176753911063205,
0.0589299834076198));
#2119=CARTESIAN_POINT('Ctrl Pts',(0.0117960815644156,2.7502707756433E-6,
0.0591085667882542));
#2120=CARTESIAN_POINT('Ctrl Pts',(0.011173646089651,2.9976944819429E-5,
-0.000399325992634621));
#2121=CARTESIAN_POINT('Ctrl Pts',(0.0111781284776464,-0.00164184177603319,
-0.000220742612000185));
#2122=CARTESIAN_POINT('Ctrl Pts',(0.0104250321053464,-0.0049859550269168,
0.000136424149268686));
#2123=CARTESIAN_POINT('Ctrl Pts',(0.00722846647373945,-0.00901593247079221,
0.000672174291171991));
#2124=CARTESIAN_POINT('Ctrl Pts',(0.00260069003331381,-0.0112593324500025,
0.0012079244330753));
#2125=CARTESIAN_POINT('Ctrl Pts',(-0.00254257243075478,-0.011272696127385,
0.0017436745749786));
#2126=CARTESIAN_POINT('Ctrl Pts',(-0.0071820248227797,-0.00905291655573583,
0.00227942471688191));
#2127=CARTESIAN_POINT('Ctrl Pts',(-0.0103988762683326,-0.00503994077278396,
0.00281517485878521));
#2128=CARTESIAN_POINT('Ctrl Pts',(-0.011555800831879,-2.85618075223753E-5,
0.00335092500068852));
#2129=CARTESIAN_POINT('Ctrl Pts',(-0.0104236591936828,0.00498843090169178,
0.00388667514259183));
#2130=CARTESIAN_POINT('Ctrl Pts',(-0.00722673531922139,0.0090173345352544,
0.00442242528449513));
#2131=CARTESIAN_POINT('Ctrl Pts',(-0.00259821854290449,0.0112599004579838,
0.00495817542639844));
#2132=CARTESIAN_POINT('Ctrl Pts',(0.00254484486164639,0.0112722243807116,
0.00549392556830174));
#2133=CARTESIAN_POINT('Ctrl Pts',(0.00718407025920141,0.00905122618640231,
0.00602967571020506));
#2134=CARTESIAN_POINT('Ctrl Pts',(0.0103996767812291,0.0050381432193991,
0.00656542585210835));
#2135=CARTESIAN_POINT('Ctrl Pts',(0.011556315141287,2.53339621290371E-5,
0.00710117599401167));
#2136=CARTESIAN_POINT('Ctrl Pts',(0.0104215940221265,-0.00498900352157231,
0.00763692613591497));
#2137=CARTESIAN_POINT('Ctrl Pts',(0.00687184385909155,-0.00947026999231605,
0.00823220407136309));
#2138=CARTESIAN_POINT('Ctrl Pts',(0.000913753908647161,-0.01182928044771,
0.00888700980035602));
#2139=CARTESIAN_POINT('Ctrl Pts',(-0.00591075265317976,-0.010285051648975,
0.00960134332289376));
#2140=CARTESIAN_POINT('Ctrl Pts',(-0.0106763195391707,-0.00517072935791977,
0.0103156768454315));
#2141=CARTESIAN_POINT('Ctrl Pts',(-0.0117356014956628,0.00174637090576778,
0.0110300103679692));
#2142=CARTESIAN_POINT('Ctrl Pts',(-0.00938235050691069,0.00664653068179817,
0.0115856031077208));
#2143=CARTESIAN_POINT('Ctrl Pts',(-0.00602388959749971,0.00961415710869626,
0.0120618254560793));
#2144=CARTESIAN_POINT('Ctrl Pts',(-0.00257645929786446,0.0111826272366443,
0.0124586774130447));
#2145=CARTESIAN_POINT('Ctrl Pts',(0.00197137518373424,0.0113036424194436,
0.0129348997614032));
#2146=CARTESIAN_POINT('Ctrl Pts',(0.00620664348626661,0.00965088358733971,
0.0134111221097617));
#2147=CARTESIAN_POINT('Ctrl Pts',(0.00946869725362354,0.00648153303474685,
0.0138873444581202));
#2148=CARTESIAN_POINT('Ctrl Pts',(0.0112425178632062,0.00229454201291846,
0.0143635668064787));
#2149=CARTESIAN_POINT('Ctrl Pts',(0.0112513775790482,-0.0022531195185302,
0.0148397891548372));
#2150=CARTESIAN_POINT('Ctrl Pts',(0.00949212441029435,-0.00644667166211502,
0.0153160115031957));
#2151=CARTESIAN_POINT('Ctrl Pts',(0.00624254356333318,-0.00962764843088104,
0.0157922338515542));
#2152=CARTESIAN_POINT('Ctrl Pts',(0.00201226579416449,-0.0112969708390384,
0.0162684561999127));
#2153=CARTESIAN_POINT('Ctrl Pts',(-0.00253395739504628,-0.0111907843388014,
0.0167446785482712));
#2154=CARTESIAN_POINT('Ctrl Pts',(-0.00668254271923635,-0.00932838335269926,
0.0172209008966297));
#2155=CARTESIAN_POINT('Ctrl Pts',(-0.00978103945602883,-0.00599914199162217,
0.0176971232449881));
#2156=CARTESIAN_POINT('Ctrl Pts',(-0.0113431298796282,-0.00172931483138223,
0.0181733455933467));
#2157=CARTESIAN_POINT('Ctrl Pts',(-0.0111250211021189,0.00281444258300968,
0.0186495679417051));
#2158=CARTESIAN_POINT('Ctrl Pts',(-0.00915649518020173,0.00691218622001414,
0.0191257902900636));
#2159=CARTESIAN_POINT('Ctrl Pts',(-0.00518801823809615,0.0104349232883239,
0.0196813830298153));
#2160=CARTESIAN_POINT('Ctrl Pts',(0.000868522020225134,0.0118340581678018,
0.0203163461609599));
#2161=CARTESIAN_POINT('Ctrl Pts',(0.00683765495104672,0.0094948502589597,
0.0209711518899528));
#2162=CARTESIAN_POINT('Ctrl Pts',(0.0104028062599612,0.0050276635478743,
0.0215664298254009));
#2163=CARTESIAN_POINT('Ctrl Pts',(0.0115565006192324,1.70791637547181E-5,
0.0221021799673043));
#2164=CARTESIAN_POINT('Ctrl Pts',(0.0104180785410348,-0.00499972639917906,
0.0226379301092075));
#2165=CARTESIAN_POINT('Ctrl Pts',(0.00721740412283701,-0.0090247412813355,
0.0231736802511108));
#2166=CARTESIAN_POINT('Ctrl Pts',(0.00258632414872956,-0.0112627544256836,
0.0237094303930142));
#2167=CARTESIAN_POINT('Ctrl Pts',(-0.00255671022772012,-0.0112694057971273,
0.0242451805349175));
#2168=CARTESIAN_POINT('Ctrl Pts',(-0.00719348833379506,-0.00904388338702812,
0.0247809306768207));
#2169=CARTESIAN_POINT('Ctrl Pts',(-0.010405188568705,-0.005026802624392,
0.0253166808187241));
#2170=CARTESIAN_POINT('Ctrl Pts',(-0.0115558752611478,-1.39842521971765E-5,
0.0258524309606274));
#2171=CARTESIAN_POINT('Ctrl Pts',(-0.0104172757237195,0.00500156716697552,
0.0263881811025307));
#2172=CARTESIAN_POINT('Ctrl Pts',(-0.00721551053063573,0.00902647297315541,
0.026923931244434));
#2173=CARTESIAN_POINT('Ctrl Pts',(-0.0025836965250945,0.01126310931645,
0.0274596813863373));
#2174=CARTESIAN_POINT('Ctrl Pts',(0.00255843249391207,0.0112691277814525,
0.0279954315282406));
#2175=CARTESIAN_POINT('Ctrl Pts',(0.00719675561390996,0.00904190664675811,
0.0285311816701439));
#2176=CARTESIAN_POINT('Ctrl Pts',(0.0104034779339977,0.00502551763337106,
0.0290669318120472));
#2177=CARTESIAN_POINT('Ctrl Pts',(0.0116897338726919,-0.000547484888694678,
0.0296622097474953));
#2178=CARTESIAN_POINT('Ctrl Pts',(0.0101505973954367,-0.00555681753062491,
0.0301979598893986));
#2179=CARTESIAN_POINT('Ctrl Pts',(0.00707655771154778,-0.00885797255785712,
0.0306741822377571));
#2180=CARTESIAN_POINT('Ctrl Pts',(0.00318170040983049,-0.0111251366150642,
0.0311504045861157));
#2181=CARTESIAN_POINT('Ctrl Pts',(-0.00262994116056975,-0.0115679611786406,
0.0317456825215637));
#2182=CARTESIAN_POINT('Ctrl Pts',(-0.00868904342938174,-0.0080769357032289,
0.0324600160441015));
#2183=CARTESIAN_POINT('Ctrl Pts',(-0.0117303338719203,-0.00177606586432236,
0.0331743495666392));
#2184=CARTESIAN_POINT('Ctrl Pts',(-0.0108044561639665,0.00436798735546302,
0.0338093126977839));
#2185=CARTESIAN_POINT('Ctrl Pts',(-0.00759665087711218,0.008597023085043,
0.0343649054375355));
#2186=CARTESIAN_POINT('Ctrl Pts',(-0.00366319086738844,0.0108747252141967,
0.0348411277858939));
#2187=CARTESIAN_POINT('Ctrl Pts',(0.000850129505048982,0.0114426969128661,
0.0353173501342524));
#2188=CARTESIAN_POINT('Ctrl Pts',(0.00522788344223514,0.0102143550815934,
0.0357935724826109));
#2189=CARTESIAN_POINT('Ctrl Pts',(0.00878557712889961,0.00738118360266455,
0.0362697948309695));
#2190=CARTESIAN_POINT('Ctrl Pts',(0.0109625470961564,0.00338873447510744,
0.0367460171793279));
#2191=CARTESIAN_POINT('Ctrl Pts',(0.0114179990591712,-0.00113592058884978,
0.0372222395276865));
#2192=CARTESIAN_POINT('Ctrl Pts',(0.0100803141959602,-0.00548229138537683,
0.0376984618760449));
#2193=CARTESIAN_POINT('Ctrl Pts',(0.00715875678147731,-0.0089672221484912,
0.0381746842244034));
#2194=CARTESIAN_POINT('Ctrl Pts',(0.00311320969346113,-0.0110443005144074,
0.0386509065727619));
#2195=CARTESIAN_POINT('Ctrl Pts',(-0.00142122681710144,-0.0113860069998234,
0.0391271289211204));
#2196=CARTESIAN_POINT('Ctrl Pts',(-0.00537412627632267,-0.0100601500267586,
0.0395636660737823));
#2197=CARTESIAN_POINT('Ctrl Pts',(-0.00830887867171982,-0.00771680484193427,
0.0399605180307478));
#2198=CARTESIAN_POINT('Ctrl Pts',(-0.0108578118645871,-0.00399664415099406,
0.0404367403791063));
#2199=CARTESIAN_POINT('Ctrl Pts',(-0.0117325091640079,0.00176262829848888,
0.0410320183145544));
#2200=CARTESIAN_POINT('Ctrl Pts',(-0.00869795972803694,0.00806660257065239,
0.0417463518370921));
#2201=CARTESIAN_POINT('Ctrl Pts',(-0.00264350763945777,0.0115646517108941,
0.0424606853596299));
#2202=CARTESIAN_POINT('Ctrl Pts',(0.00433189376236502,0.0110437166161293,
0.0431750188821676));
#2203=CARTESIAN_POINT('Ctrl Pts',(0.00979951601233189,0.00668527108143405,
0.0438893524047054));
#2204=CARTESIAN_POINT('Ctrl Pts',(0.0118643661340678,3.94229736694604E-7,
0.0446036859272431));
#2205=CARTESIAN_POINT('Ctrl Pts',(0.01002879708935,-0.00593599148449037,
0.0452386490583877));
#2206=CARTESIAN_POINT('Ctrl Pts',(0.00622440277423017,-0.0096371885249085,
0.0457942417981393));
#2207=CARTESIAN_POINT('Ctrl Pts',(0.00199414385966256,-0.0113005433722725,
0.0462704641464978));
#2208=CARTESIAN_POINT('Ctrl Pts',(-0.00255310909427411,-0.0111865074831055,
0.0467466864948563));
#2209=CARTESIAN_POINT('Ctrl Pts',(-0.00669817528965786,-0.00931697628902363,
0.0472229088432148));
#2210=CARTESIAN_POINT('Ctrl Pts',(-0.00979090673600523,-0.00598312374281153,
0.0476991311915733));
#2211=CARTESIAN_POINT('Ctrl Pts',(-0.0112170580931214,-0.00206520543879101,
0.0481356683442353));
#2212=CARTESIAN_POINT('Ctrl Pts',(-0.0112128372609686,0.00168988174842997,
0.0485325203012006));
#2213=CARTESIAN_POINT('Ctrl Pts',(-0.00989152891140956,0.00600252819934426,
0.0490087426495592));
#2214=CARTESIAN_POINT('Ctrl Pts',(-0.00593346369423384,0.010274299761305,
0.0496040205850072));
#2215=CARTESIAN_POINT('Ctrl Pts',(0.00089121948464714,0.0118304793522329,
0.050318354107545));
#2216=CARTESIAN_POINT('Ctrl Pts',(0.00685235484174405,0.00948428359266169,
0.050973159836538));
#2217=CARTESIAN_POINT('Ctrl Pts',(0.010411830413989,0.00500972018159755,
0.051568437771986));
#2218=CARTESIAN_POINT('Ctrl Pts',(0.0115562219128374,-2.14225801035445E-6,
0.0521041879138894));
#2219=CARTESIAN_POINT('Ctrl Pts',(0.0104097984374344,-0.00501735307790597,
0.0526399380557927));
#2220=CARTESIAN_POINT('Ctrl Pts',(0.00720213976811355,-0.00903681510414571,
0.053175688197696));
#2221=CARTESIAN_POINT('Ctrl Pts',(0.0025674128823195,-0.0112671168796505,
0.0537114383395993));
#2222=CARTESIAN_POINT('Ctrl Pts',(-0.00257568693510274,-0.01126507363744,
0.0542471884815026));
#2223=CARTESIAN_POINT('Ctrl Pts',(-0.00720867142565938,-0.00903178082045079,
0.0547829386234059));
#2224=CARTESIAN_POINT('Ctrl Pts',(-0.0104136570713515,-0.00500928014193896,
0.0553186887653092));
#2225=CARTESIAN_POINT('Ctrl Pts',(-0.0115558340045864,5.4353915624245E-6,
0.0558544389072125));
#2226=CARTESIAN_POINT('Ctrl Pts',(-0.0104089419032401,0.00501912032737763,
0.0563901890491158));
#2227=CARTESIAN_POINT('Ctrl Pts',(-0.00720012742171948,0.0090385253709172,
0.0569259391910191));
#2228=CARTESIAN_POINT('Ctrl Pts',(-0.00256512639562616,0.0112675853616661,
0.0574616893329224));
#2229=CARTESIAN_POINT('Ctrl Pts',(0.00257815155839603,0.0112645143965051,
0.0579974394748257));
#2230=CARTESIAN_POINT('Ctrl Pts',(0.00721041049034132,0.00903038043784719,
0.058533189616729));
#2231=CARTESIAN_POINT('Ctrl Pts',(0.0104150299377211,0.00500680767257366,
0.0590689397586324));
#2232=CARTESIAN_POINT('Ctrl Pts',(0.0111748259107789,0.00166420916529867,
0.0594261065199012));
#2233=CARTESIAN_POINT('Ctrl Pts',(0.0111736837060619,-7.61517432672868E-6,
0.0596046899005356));
#2234=CARTESIAN_POINT('Ctrl Pts',(0.0111757734656298,7.64710956845301E-6,
0.00039446043730661));
#2235=CARTESIAN_POINT('Ctrl Pts',(0.0111769143578199,-0.00166421314970951,
0.000573043817941046));
#2236=CARTESIAN_POINT('Ctrl Pts',(0.0104169513584632,-0.00500786240753759,
0.000930210579209915));
#2237=CARTESIAN_POINT('Ctrl Pts',(0.00721176914084344,-0.00903195052043932,
0.00146596072111322));
#2238=CARTESIAN_POINT('Ctrl Pts',(0.00257865411044076,-0.0112666206487915,
0.00200171086301653));
#2239=CARTESIAN_POINT('Ctrl Pts',(-0.00256556762731208,-0.0112696506849472,
0.00253746100491984));
#2240=CARTESIAN_POINT('Ctrl Pts',(-0.00720143124728885,-0.0090402197356923,
0.00307321114682314));
#2241=CARTESIAN_POINT('Ctrl Pts',(-0.0104108462387517,-0.00502006851494823,
0.00360896128872645));
#2242=CARTESIAN_POINT('Ctrl Pts',(-0.011557964990935,-5.47000399108763E-6,
0.00414471143062976));
#2243=CARTESIAN_POINT('Ctrl Pts',(-0.0104155879343535,0.00501017770681035,
0.00468046157253306));
#2244=CARTESIAN_POINT('Ctrl Pts',(-0.00721002800214468,0.00903342367822519,
0.00521621171443637));
#2245=CARTESIAN_POINT('Ctrl Pts',(-0.00257618425230709,0.0112671474450844,
0.00575196185633967));
#2246=CARTESIAN_POINT('Ctrl Pts',(0.00256784082178174,0.0112691920665361,
0.00628771199824298));
#2247=CARTESIAN_POINT('Ctrl Pts',(0.00720347364480792,0.00903851668425216,
0.00682346214014629));
#2248=CARTESIAN_POINT('Ctrl Pts',(0.0104116420935295,0.00501827209750117,
0.00735921228204958));
#2249=CARTESIAN_POINT('Ctrl Pts',(0.0115584760447028,2.2411458002079E-6,
0.0078949624239529));
#2250=CARTESIAN_POINT('Ctrl Pts',(0.0104135144189555,-0.00501075102401899,
0.0084307125658562));
#2251=CARTESIAN_POINT('Ctrl Pts',(0.00685419241541465,-0.00948571282189607,
0.00902599050130432));
#2252=CARTESIAN_POINT('Ctrl Pts',(0.000890262403469538,-0.0118332704816462,
0.00968079623029725));
#2253=CARTESIAN_POINT('Ctrl Pts',(-0.00593238288426902,-0.0102751115871439,
0.010395129752835));
#2254=CARTESIAN_POINT('Ctrl Pts',(-0.0106886057884687,-0.0051503234299427,
0.0111094632753727));
#2255=CARTESIAN_POINT('Ctrl Pts',(-0.0117342541509281,0.00177011613370774,
0.0118237967979105));
#2256=CARTESIAN_POINT('Ctrl Pts',(-0.00937070057557431,0.00666661222238365,
0.012379389537662));
#2257=CARTESIAN_POINT('Ctrl Pts',(-0.0060058604682211,0.00962785995459138,
0.0128556118860205));
#2258=CARTESIAN_POINT('Ctrl Pts',(-0.00255448212977494,0.0111898769555347,
0.013252463842986));
#2259=CARTESIAN_POINT('Ctrl Pts',(0.00199422495450954,0.0113017279356814,
0.0137286861913445));
#2260=CARTESIAN_POINT('Ctrl Pts',(0.0062271191233157,0.00964025987380289,
0.014204908539703));
#2261=CARTESIAN_POINT('Ctrl Pts',(0.00948334882053994,0.00646376251941185,
0.0146811308880615));
#2262=CARTESIAN_POINT('Ctrl Pts',(0.0112491793483009,0.00227252671530697,
0.0151573532364199));
#2263=CARTESIAN_POINT('Ctrl Pts',(0.0112488910561625,-0.0022760980072741,
0.0156335755847785));
#2264=CARTESIAN_POINT('Ctrl Pts',(0.00948099372564531,-0.00646677241949544,
0.0161097979331369));
#2265=CARTESIAN_POINT('Ctrl Pts',(0.00622446576408331,-0.00964189719257203,
0.0165860202814954));
#2266=CARTESIAN_POINT('Ctrl Pts',(0.00198997306570592,-0.0113030280336714,
0.0170622426298539));
#2267=CARTESIAN_POINT('Ctrl Pts',(-0.00255677011711746,-0.0111877949431284,
0.0175384649782124));
#2268=CARTESIAN_POINT('Ctrl Pts',(-0.00670239604909766,-0.00931669273651287,
0.0180146873265709));
#2269=CARTESIAN_POINT('Ctrl Pts',(-0.00979481594322694,-0.0059807144914005,
0.0184909096749294));
#2270=CARTESIAN_POINT('Ctrl Pts',(-0.0113486538507059,-0.00170697977807915,
0.0189671320232879));
#2271=CARTESIAN_POINT('Ctrl Pts',(-0.0111213970490977,0.00283724924625198,
0.0194433543716464));
#2272=CARTESIAN_POINT('Ctrl Pts',(-0.00914435075616801,0.00693175971039562,
0.0199195767200049));
#2273=CARTESIAN_POINT('Ctrl Pts',(-0.0051681836290113,0.0104471210606851,
0.0204751694597565));
#2274=CARTESIAN_POINT('Ctrl Pts',(0.000892368876971191,0.0118345287424534,
0.0211101325909011));
#2275=CARTESIAN_POINT('Ctrl Pts',(0.00685788705783792,0.00948287428332869,
0.0217649383198941));
#2276=CARTESIAN_POINT('Ctrl Pts',(0.0104147551506003,0.00500780026546005,
0.0223602162553422));
#2277=CARTESIAN_POINT('Ctrl Pts',(0.011558640408551,-6.02556782354145E-6,
0.0228959663972455));
#2278=CARTESIAN_POINT('Ctrl Pts',(0.0104099845068629,-0.00502145940118952,
0.0234317165391488));
#2279=CARTESIAN_POINT('Ctrl Pts',(0.00720067981238111,-0.00904081552581091,
0.0239674666810521));
#2280=CARTESIAN_POINT('Ctrl Pts',(0.00256428238373527,-0.0112699768241588,
0.0245032168229554));
#2281=CARTESIAN_POINT('Ctrl Pts',(-0.00257970323299085,-0.0112663501966788,
0.0250389669648587));
#2282=CARTESIAN_POINT('Ctrl Pts',(-0.00721287786107546,-0.00903115267669093,
0.025574717106762));
#2283=CARTESIAN_POINT('Ctrl Pts',(-0.0104171339579665,-0.00500692009423953,
0.0261104672486653));
#2284=CARTESIAN_POINT('Ctrl Pts',(-0.0115580098923979,9.11294192388851E-6,
0.0266462173905686));
#2285=CARTESIAN_POINT('Ctrl Pts',(-0.0104091775215404,0.00502330185480222,
0.0271819675324719));
#2286=CARTESIAN_POINT('Ctrl Pts',(-0.00719878209704626,0.00904254316326064,
0.0277177176743752));
#2287=CARTESIAN_POINT('Ctrl Pts',(-0.00256165471055196,0.0112703250426289,
0.0282534678162785));
#2288=CARTESIAN_POINT('Ctrl Pts',(0.00258142780205013,0.0112660730017507,
0.0287892179581818));
#2289=CARTESIAN_POINT('Ctrl Pts',(0.00721613654474905,0.00902915970231838,
0.0293249681000851));
#2290=CARTESIAN_POINT('Ctrl Pts',(0.0104154308750067,0.00500565720027592,
0.0298607182419884));
#2291=CARTESIAN_POINT('Ctrl Pts',(0.0116907495896518,-0.000570994970434569,
0.0304559961774366));
#2292=CARTESIAN_POINT('Ctrl Pts',(0.0101413482949939,-0.00557813230699339,
0.0309917463193399));
#2293=CARTESIAN_POINT('Ctrl Pts',(0.00706014237277149,-0.00887372165060351,
0.0314679686676984));
#2294=CARTESIAN_POINT('Ctrl Pts',(0.00316011997962602,-0.0111334974407589,
0.0319441910160569));
#2295=CARTESIAN_POINT('Ctrl Pts',(-0.00265363348552784,-0.0115648232148662,
0.032539468951505));
#2296=CARTESIAN_POINT('Ctrl Pts',(-0.00870668038441399,-0.00806105197636804,
0.0332538024740427));
#2297=CARTESIAN_POINT('Ctrl Pts',(-0.0117360814540422,-0.00175294805170002,
0.0339681359965805));
#2298=CARTESIAN_POINT('Ctrl Pts',(-0.010797650830276,0.00439041714837025,
0.0346030991277251));
#2299=CARTESIAN_POINT('Ctrl Pts',(-0.00758086704902385,0.00861377093466596,
0.0351586918674767));
#2300=CARTESIAN_POINT('Ctrl Pts',(-0.00364211225591329,0.0108840288176965,
0.0356349142158352));
#2301=CARTESIAN_POINT('Ctrl Pts',(0.000873195079957518,0.0114430880489181,
0.0361111365641937));
#2302=CARTESIAN_POINT('Ctrl Pts',(0.00524924318853859,0.010205762957664,
0.0365873589125522));
#2303=CARTESIAN_POINT('Ctrl Pts',(0.00880190366835417,0.00736500153864461,
0.0370635812609107));
#2304=CARTESIAN_POINT('Ctrl Pts',(0.0109713296971391,0.00336743069293906,
0.0375398036092692));
#2305=CARTESIAN_POINT('Ctrl Pts',(0.0114178060454411,-0.0011590051103584,
0.0380160259576276));
#2306=CARTESIAN_POINT('Ctrl Pts',(0.0100712154573789,-0.00550335848094858,
0.0384922483059862));
#2307=CARTESIAN_POINT('Ctrl Pts',(0.00714209041542787,-0.0089832407848212,
0.0389684706543447));
#2308=CARTESIAN_POINT('Ctrl Pts',(0.00309177100180486,-0.0110524735132785,
0.0394446930027032));
#2309=CARTESIAN_POINT('Ctrl Pts',(-0.00144427254227791,-0.011385276944016,
0.0399209153510616));
#2310=CARTESIAN_POINT('Ctrl Pts',(-0.00539523010267873,-0.0100512138912943,
0.0403574525037236));
#2311=CARTESIAN_POINT('Ctrl Pts',(-0.00832582486519379,-0.00770160460258493,
0.040754304460689));
#2312=CARTESIAN_POINT('Ctrl Pts',(-0.0108677414419044,-0.00397573936130673,
0.0412305268090475));
#2313=CARTESIAN_POINT('Ctrl Pts',(-0.0117311443164301,0.00178643724683155,
0.0418258047444956));
#2314=CARTESIAN_POINT('Ctrl Pts',(-0.00868341094004897,0.00808544362562867,
0.0425401382670333));
#2315=CARTESIAN_POINT('Ctrl Pts',(-0.00262087890731002,0.011572051097094,
0.0432544717895711));
#2316=CARTESIAN_POINT('Ctrl Pts',(0.00435476477245572,0.01103707032631,
0.0439688053121088));
#2317=CARTESIAN_POINT('Ctrl Pts',(0.00981465836079513,0.00666689607408119,
0.0446831388346466));
#2318=CARTESIAN_POINT('Ctrl Pts',(0.0118665440712601,-2.33073627631313E-5,
0.0453974723571843));
#2319=CARTESIAN_POINT('Ctrl Pts',(0.0100187300396736,-0.00595715412756655,
0.046032435488329));
#2320=CARTESIAN_POINT('Ctrl Pts',(0.00620628351439744,-0.00965138852823301,
0.0465880282280805));
#2321=CARTESIAN_POINT('Ctrl Pts',(0.00197190943662141,-0.0113065740089657,
0.0470642505764391));
#2322=CARTESIAN_POINT('Ctrl Pts',(-0.00257596648096779,-0.0111834687152648,
0.0475404729247976));
#2323=CARTESIAN_POINT('Ctrl Pts',(-0.00671799806783207,-0.00930524662740626,
0.048016695273156));
#2324=CARTESIAN_POINT('Ctrl Pts',(-0.00980466071535372,-0.00596469221215965,
0.0484929176215145));
#2325=CARTESIAN_POINT('Ctrl Pts',(-0.0112232235751593,-0.0020431284132209,
0.0489294547741765));
#2326=CARTESIAN_POINT('Ctrl Pts',(-0.0112114997204374,0.00171260711410706,
0.0493263067311419));
#2327=CARTESIAN_POINT('Ctrl Pts',(-0.00988135696681216,0.00602337609438197,
0.0498025290795004));
#2328=CARTESIAN_POINT('Ctrl Pts',(-0.00591402458776083,0.0102880009875145,
0.0503978070149486));
#2329=CARTESIAN_POINT('Ctrl Pts',(0.000915031915135536,0.0118308801590209,
0.0511121405374862));
#2330=CARTESIAN_POINT('Ctrl Pts',(0.00687258222766856,0.00947228660216515,
0.0517669462664793));
#2331=CARTESIAN_POINT('Ctrl Pts',(0.0104237387878004,0.00498983087144999,
0.0523622242019273));
#2332=CARTESIAN_POINT('Ctrl Pts',(0.0115583263776339,-2.52475894148634E-5,
0.0528979743438306));
#2333=CARTESIAN_POINT('Ctrl Pts',(0.0104016660918838,-0.00503907388598467,
0.0534337244857339));
#2334=CARTESIAN_POINT('Ctrl Pts',(0.00718538932543551,-0.00905286051398672,
0.0539694746276373));
#2335=CARTESIAN_POINT('Ctrl Pts',(0.00254535854299056,-0.0112743024426471,
0.0545052247695406));
#2336=CARTESIAN_POINT('Ctrl Pts',(-0.00259867450528312,-0.0112619794066451,
0.0550409749114439));
#2337=CARTESIAN_POINT('Ctrl Pts',(-0.00722803971367003,-0.00901901714941084,
0.0555767250533471));
#2338=CARTESIAN_POINT('Ctrl Pts',(-0.0104255687492494,-0.00498937841224145,
0.0561124751952504));
#2339=CARTESIAN_POINT('Ctrl Pts',(-0.0115579302006332,2.853795898786E-5,
0.0566482253371538));
#2340=CARTESIAN_POINT('Ctrl Pts',(-0.0104008063410679,0.00504083766739551,
0.057183975479057));
#2341=CARTESIAN_POINT('Ctrl Pts',(-0.00718337359288512,0.00905457486641931,
0.0577197256209604));
#2342=CARTESIAN_POINT('Ctrl Pts',(-0.00254306922854687,0.0112747489252575,
0.0582554757628637));
#2343=CARTESIAN_POINT('Ctrl Pts',(0.00260113515060133,0.0112614513917787,
0.0587912259047669));
#2344=CARTESIAN_POINT('Ctrl Pts',(0.00722978320898258,0.00901753879683942,
0.0593269760466704));
#2345=CARTESIAN_POINT('Ctrl Pts',(0.0104269222097016,0.00498706100041316,
0.0598627261885735));
#2346=CARTESIAN_POINT('Ctrl Pts',(0.011180219766194,0.00164190259546507,
0.0602198929498425));
#2347=CARTESIAN_POINT('Ctrl Pts',(0.0111757359448331,-2.99520404210808E-5,
0.0603984763304769));
#2348=CARTESIAN_POINT('Ctrl Pts',(0.0117952155568396,-2.83507622628889E-6,
0.000893704815237684));
#2349=CARTESIAN_POINT('Ctrl Pts',(0.0117947942695084,-0.00176763514714873,
0.00107228819587212));
#2350=CARTESIAN_POINT('Ctrl Pts',(0.0109894796738611,-0.00529545159364952,
0.00142945495714099));
#2351=CARTESIAN_POINT('Ctrl Pts',(0.00760269312579167,-0.00953969601333274,
0.0019652050990443));
#2352=CARTESIAN_POINT('Ctrl Pts',(0.00271059553609634,-0.0118936006248618,
0.0025009552409476));
#2353=CARTESIAN_POINT('Ctrl Pts',(-0.00271877338299287,-0.0118918333052502,
0.00303670538285091));
#2354=CARTESIAN_POINT('Ctrl Pts',(-0.00760942189844379,-0.00953427602269117,
0.00357245552475421));
#2355=CARTESIAN_POINT('Ctrl Pts',(-0.0109928103980783,-0.00528817252815299,
0.00410820566665752));
#2356=CARTESIAN_POINT('Ctrl Pts',(-0.0121986192662638,5.50735364590698E-6,
0.00464395580856083));
#2357=CARTESIAN_POINT('Ctrl Pts',(-0.0109880271356679,0.00529805047489392,
0.00517970595046413));
#2358=CARTESIAN_POINT('Ctrl Pts',(-0.0076008593072304,0.00954117563103615,
0.00571545609236744));
#2359=CARTESIAN_POINT('Ctrl Pts',(-0.00270798582397032,0.0118941901907631,
0.00625120623427074));
#2360=CARTESIAN_POINT('Ctrl Pts',(0.00272117121666722,0.0118913294896173,
0.00678695637617405));
#2361=CARTESIAN_POINT('Ctrl Pts',(0.00761157570657759,0.00953248476042992,
0.00732270651807736));
#2362=CARTESIAN_POINT('Ctrl Pts',(0.0109936498713922,0.00528627275965687,
0.00785845665998066));
#2363=CARTESIAN_POINT('Ctrl Pts',(0.0121991524453448,-8.91634289498554E-6,
0.00839420680188397));
#2364=CARTESIAN_POINT('Ctrl Pts',(0.0109858447677298,-0.00529864874721158,
0.00892995694378727));
#2365=CARTESIAN_POINT('Ctrl Pts',(0.00722483344224266,-0.0100182073573578,
0.0095252348792354));
#2366=CARTESIAN_POINT('Ctrl Pts',(0.00092807386899302,-0.0124900413286619,
0.0101800406082283));
#2367=CARTESIAN_POINT('Ctrl Pts',(-0.00627124326793479,-0.0108388644300295,
0.0108943741307661));
#2368=CARTESIAN_POINT('Ctrl Pts',(-0.0112860887857957,-0.00542537913502407,
0.0116087076533038));
#2369=CARTESIAN_POINT('Ctrl Pts',(-0.0123829443350316,0.00187971417893802,
0.0123230411758415));
#2370=CARTESIAN_POINT('Ctrl Pts',(-0.00988367724867068,0.00704516626658902,
0.0128786339155931));
#2371=CARTESIAN_POINT('Ctrl Pts',(-0.00632927813205563,0.0101674774141506,
0.0133548562639516));
#2372=CARTESIAN_POINT('Ctrl Pts',(-0.00268524713553808,0.0118125540292162,
0.013751708220917));
#2373=CARTESIAN_POINT('Ctrl Pts',(0.00211589443049808,0.011926264450406,
0.0142279305692755));
#2374=CARTESIAN_POINT('Ctrl Pts',(0.006581639125033,0.0101685114282892,
0.014704152917634));
#2375=CARTESIAN_POINT('Ctrl Pts',(0.0100153409336318,0.00681281525113425,
0.0151803752659925));
#2376=CARTESIAN_POINT('Ctrl Pts',(0.0118749062479502,0.00238747470338505,
0.015656597614351));
#2377=CARTESIAN_POINT('Ctrl Pts',(0.0118702194423146,-0.00241316042285183,
0.0161328199627095));
#2378=CARTESIAN_POINT('Ctrl Pts',(0.0100001837341189,-0.00683452085240508,
0.016609042311068));
#2379=CARTESIAN_POINT('Ctrl Pts',(0.00656004547673682,-0.0101823997547336,
0.0170852646594265));
#2380=CARTESIAN_POINT('Ctrl Pts',(0.00208932342858203,-0.0119315109592503,
0.017561487007785));
#2381=CARTESIAN_POINT('Ctrl Pts',(-0.00270942640216127,-0.0118053962172147,
0.0180377093561435));
#2382=CARTESIAN_POINT('Ctrl Pts',(-0.00708300699194168,-0.009826602840822,
0.018513931704502));
#2383=CARTESIAN_POINT('Ctrl Pts',(-0.0103435703705204,-0.00630263304042623,
0.0189901540528604));
#2384=CARTESIAN_POINT('Ctrl Pts',(-0.011979368041927,-0.00179049878556366,
0.019466376401219));
#2385=CARTESIAN_POINT('Ctrl Pts',(-0.0117351039468528,0.0030053129018291,
0.0199425987495774));
#2386=CARTESIAN_POINT('Ctrl Pts',(-0.00964444770811984,0.00732489506845095,
0.020418821097936));
#2387=CARTESIAN_POINT('Ctrl Pts',(-0.00544438201308401,0.0110313159397223,
0.0209744138376875));
#2388=CARTESIAN_POINT('Ctrl Pts',(0.000953348787010618,0.0124895876252599,
0.0216093769688322));
#2389=CARTESIAN_POINT('Ctrl Pts',(0.00724726127737155,0.0100018491922508,
0.0222641826978251));
#2390=CARTESIAN_POINT('Ctrl Pts',(0.0109969216840964,0.0052752015607275,
0.0228594606332732));
#2391=CARTESIAN_POINT('Ctrl Pts',(0.0121993222371169,-1.7631427588722E-5,
0.0233952107751765));
#2392=CARTESIAN_POINT('Ctrl Pts',(0.0109821013903621,-0.00530995670131806,
0.0239309609170799));
#2393=CARTESIAN_POINT('Ctrl Pts',(0.00759098617297733,-0.0095489656980265,
0.0244667110589831));
#2394=CARTESIAN_POINT('Ctrl Pts',(0.00269542111615105,-0.0118971661103444,
0.0250024612008865));
#2395=CARTESIAN_POINT('Ctrl Pts',(-0.00273368788885533,-0.011888317577497,
0.0255382113427897));
#2396=CARTESIAN_POINT('Ctrl Pts',(-0.00762149487055363,-0.00952470444331536,
0.0260739614846931));
#2397=CARTESIAN_POINT('Ctrl Pts',(-0.0109994333833249,-0.00527428447336566,
0.0266097116265964));
#2398=CARTESIAN_POINT('Ctrl Pts',(-0.0121986527706374,2.08961053552002E-5,
0.0271454617684997));
#2399=CARTESIAN_POINT('Ctrl Pts',(-0.0109812481542142,0.00531189756872773,
0.027681211910403));
#2400=CARTESIAN_POINT('Ctrl Pts',(-0.00758898190715601,0.00955078781637672,
0.0282169620523063));
#2401=CARTESIAN_POINT('Ctrl Pts',(-0.00269264635896935,0.0118975325551266,
0.0287527121942096));
#2402=CARTESIAN_POINT('Ctrl Pts',(0.00273550535433978,0.0118880190237584,
0.0292884623361129));
#2403=CARTESIAN_POINT('Ctrl Pts',(0.00762493722015696,0.00952260715100859,
0.0298242124780162));
#2404=CARTESIAN_POINT('Ctrl Pts',(0.0109976247520019,0.00527293435539533,
0.0303599626199195));
#2405=CARTESIAN_POINT('Ctrl Pts',(0.0123382216808048,-0.000614009521016794,
0.0309552405553676));
#2406=CARTESIAN_POINT('Ctrl Pts',(0.0106980241767285,-0.00589720887549464,
0.0314909906972709));
#2407=CARTESIAN_POINT('Ctrl Pts',(0.00744282089596395,-0.0093724858638259,
0.0319672130456294));
#2408=CARTESIAN_POINT('Ctrl Pts',(0.00332434253638626,-0.0117537310443183,
0.0324434353939879));
#2409=CARTESIAN_POINT('Ctrl Pts',(-0.00281191943796858,-0.0122032513034042,
0.033038713329436));
#2410=CARTESIAN_POINT('Ctrl Pts',(-0.00919724255741481,-0.00849936339743823,
0.0337530468519738));
#2411=CARTESIAN_POINT('Ctrl Pts',(-0.0123882561538035,-0.00183865284902595,
0.0344673803745115));
#2412=CARTESIAN_POINT('Ctrl Pts',(-0.0113919147115502,0.00464427451794372,
0.0351023435056563));
#2413=CARTESIAN_POINT('Ctrl Pts',(-0.007992647588981,0.0090986280950947,
0.0356579362454077));
#2414=CARTESIAN_POINT('Ctrl Pts',(-0.00383337960469364,0.011490877501092,
0.0361341585937663));
#2415=CARTESIAN_POINT('Ctrl Pts',(0.000932724998076622,0.0120765125794258,
0.0366103809421248));
#2416=CARTESIAN_POINT('Ctrl Pts',(0.00555017451626931,0.0107663426949624,
0.0370866032904833));
#2417=CARTESIAN_POINT('Ctrl Pts',(0.00929700327034661,0.00776461601927295,
0.0375628256388417));
#2418=CARTESIAN_POINT('Ctrl Pts',(0.0115827379151666,0.00354338681648368,
0.0380390479872003));
#2419=CARTESIAN_POINT('Ctrl Pts',(0.0120495582530343,-0.0012343364125994,
0.0385152703355587));
#2420=CARTESIAN_POINT('Ctrl Pts',(0.0106240647753304,-0.00581831466339536,
0.0389914926839173));
#2421=CARTESIAN_POINT('Ctrl Pts',(0.00752924967886251,-0.0094880703212181,
0.0394677150322757));
#2422=CARTESIAN_POINT('Ctrl Pts',(0.00325229209384836,-0.0116681849002468,
0.0399439373806342));
#2423=CARTESIAN_POINT('Ctrl Pts',(-0.00153541157517204,-0.0120149096659539,
0.0404201597289927));
#2424=CARTESIAN_POINT('Ctrl Pts',(-0.00570407674583134,-0.0106031073848872,
0.0408566968816546));
#2425=CARTESIAN_POINT('Ctrl Pts',(-0.00879482835895415,-0.00812037241180687,
0.0412535488386201));
#2426=CARTESIAN_POINT('Ctrl Pts',(-0.01147405151359,-0.00418543784478737,
0.0417297711869785));
#2427=CARTESIAN_POINT('Ctrl Pts',(-0.0123796294755537,0.00189687115052911,
0.0423250491224267));
#2428=CARTESIAN_POINT('Ctrl Pts',(-0.00915684611409545,0.00854210273341051,
0.0430393826449644));
#2429=CARTESIAN_POINT('Ctrl Pts',(-0.00275485381785973,0.0122160319353973,
0.0437537161675022));
#2430=CARTESIAN_POINT('Ctrl Pts',(0.00460691054732883,0.0116445977301515,
0.0444680496900399));
#2431=CARTESIAN_POINT('Ctrl Pts',(0.0103651904109098,0.00702686517854647,
0.0451823832125777));
#2432=CARTESIAN_POINT('Ctrl Pts',(0.0125242611629059,-3.61932160078224E-5,
0.0458967167351153));
#2433=CARTESIAN_POINT('Ctrl Pts',(0.0105682763034964,-0.00629709723818998,
0.0465316798662601));
#2434=CARTESIAN_POINT('Ctrl Pts',(0.00654086526834928,-0.0101924131125549,
0.0470872726060116));
#2435=CARTESIAN_POINT('Ctrl Pts',(0.00207018702272641,-0.0119352283560602,
0.0475634949543702));
#2436=CARTESIAN_POINT('Ctrl Pts',(-0.00272963328195517,-0.0118008206254397,
0.0480397173027286));
#2437=CARTESIAN_POINT('Ctrl Pts',(-0.00709947299874156,-0.0098145129186363,
0.0485159396510871));
#2438=CARTESIAN_POINT('Ctrl Pts',(-0.0103539379599123,-0.00628569451675783,
0.0489921619994456));
#2439=CARTESIAN_POINT('Ctrl Pts',(-0.0118473189937279,-0.00214545693883646,
0.0494286991521076));
#2440=CARTESIAN_POINT('Ctrl Pts',(-0.0118312771309006,0.00181847225436784,
0.0498255511090729));
#2441=CARTESIAN_POINT('Ctrl Pts',(-0.0104231727334975,0.00636690869367772,
0.0503017734574315));
#2442=CARTESIAN_POINT('Ctrl Pts',(-0.00623177946887642,0.0108640604047575,
0.0508970513928795));
#2443=CARTESIAN_POINT('Ctrl Pts',(0.000977294989547067,0.0124857387719126,
0.0516113849154173));
#2444=CARTESIAN_POINT('Ctrl Pts',(0.00726274731970264,0.00999064985995787,
0.0522661906444103));
#2445=CARTESIAN_POINT('Ctrl Pts',(0.0110063918616259,0.00525623215669157,
0.0528614685798583));
#2446=CARTESIAN_POINT('Ctrl Pts',(0.0121989689817583,-3.79209864382864E-5,
0.0533972187217617));
#2447=CARTESIAN_POINT('Ctrl Pts',(0.0109733062278344,-0.00532853826515186,
0.0539329688636649));
#2448=CARTESIAN_POINT('Ctrl Pts',(0.00757483562761072,-0.0095616639429531,
0.0544687190055683));
#2449=CARTESIAN_POINT('Ctrl Pts',(0.00267544451807036,-0.011901712850954,
0.0550044691474716));
#2450=CARTESIAN_POINT('Ctrl Pts',(-0.00275370669325995,-0.011883685918974,
0.0555402192893749));
#2451=CARTESIAN_POINT('Ctrl Pts',(-0.00763748510040649,-0.0095118818533935,
0.0560759694312782));
#2452=CARTESIAN_POINT('Ctrl Pts',(-0.011008318836285,-0.00525576133195311,
0.0566117195731815));
#2453=CARTESIAN_POINT('Ctrl Pts',(-0.0121985492816976,4.1395875413762E-5,
0.0571474697150848));
#2454=CARTESIAN_POINT('Ctrl Pts',(-0.010972396676682,0.0053304010340623,
0.0576832198569881));
#2455=CARTESIAN_POINT('Ctrl Pts',(-0.00757270593870505,0.00956346366411084,
0.0582189699988914));
#2456=CARTESIAN_POINT('Ctrl Pts',(-0.00267302968502681,0.0119021991103567,
0.0587547201407948));
#2457=CARTESIAN_POINT('Ctrl Pts',(0.00275630722003543,0.0118830905072657,
0.059290470282698));
#2458=CARTESIAN_POINT('Ctrl Pts',(0.00763931545828996,0.00951039301332579,
0.0598262204246013));
#2459=CARTESIAN_POINT('Ctrl Pts',(0.011009762803421,0.00525315819755394,
0.0603619705665046));
#2460=CARTESIAN_POINT('Ctrl Pts',(0.0118014979379335,0.00172227048486677,
0.0607191373277735));
#2461=CARTESIAN_POINT('Ctrl Pts',(0.0117951392647249,-4.25181809756765E-5,
0.060897720708408));
#2462=CARTESIAN_POINT('Ctrl Pts',(0.0125717706505923,4.6951449506992E-6,
0.000713229692898482));
#2463=CARTESIAN_POINT('Ctrl Pts',(0.0125724732354084,-0.00187602948828967,
0.000891813073532917));
#2464=CARTESIAN_POINT('Ctrl Pts',(0.0117164110316883,-0.0056370340989011,
0.00124897983480179));
#2465=CARTESIAN_POINT('Ctrl Pts',(0.00810945459203974,-0.01016268569146,
0.00178472997670509));
#2466=CARTESIAN_POINT('Ctrl Pts',(0.00289682242167231,-0.0126748638785184,
0.0023204801186084));
#2467=CARTESIAN_POINT('Ctrl Pts',(-0.00288997948207751,-0.0126764796715835,
0.00285623026051171));
#2468=CARTESIAN_POINT('Ctrl Pts',(-0.00810414271194618,-0.0101669408402953,
0.00339198040241501));
#2469=CARTESIAN_POINT('Ctrl Pts',(-0.0117130494266674,-0.00564350057067752,
0.00392773054431832));
#2470=CARTESIAN_POINT('Ctrl Pts',(-0.013001705071476,-2.1126621795777E-6,
0.00446348068622163));
#2471=CARTESIAN_POINT('Ctrl Pts',(-0.011714877102451,0.00563965412763731,
0.00499923082812493));
#2472=CARTESIAN_POINT('Ctrl Pts',(-0.00810749515704083,0.0101643347489523,
0.00553498097002824));
#2473=CARTESIAN_POINT('Ctrl Pts',(-0.00289404401904047,0.012675459288887,
0.00607073111193155));
#2474=CARTESIAN_POINT('Ctrl Pts',(0.00289253657168333,0.0126759611814303,
0.00660648125383484));
#2475=CARTESIAN_POINT('Ctrl Pts',(0.00810643953020283,0.0101650251695082,
0.00714223139573816));
#2476=CARTESIAN_POINT('Ctrl Pts',(0.0117139442270841,0.0056414791894492,
0.00767798153764145));
#2477=CARTESIAN_POINT('Ctrl Pts',(0.013002278531841,-1.51980153822752E-6,
0.00821373167954477));
#2478=CARTESIAN_POINT('Ctrl Pts',(0.0117125449970788,-0.00564029777368751,
0.00874948182144808));
#2479=CARTESIAN_POINT('Ctrl Pts',(0.00770705069318707,-0.0106729985064987,
0.00934475975689619));
#2480=CARTESIAN_POINT('Ctrl Pts',(0.000997332100919153,-0.0133117082074967,
0.00999956548588913));
#2481=CARTESIAN_POINT('Ctrl Pts',(-0.00667700622687598,-0.0115565311637924,
0.0107138990084269));
#2482=CARTESIAN_POINT('Ctrl Pts',(-0.0120255497793215,-0.00578992913423054,
0.0114282325309646));
#2483=CARTESIAN_POINT('Ctrl Pts',(-0.0131993943284833,0.00199533160077928,
0.0121425660535024));
#2484=CARTESIAN_POINT('Ctrl Pts',(-0.0105388967828386,0.00750262095239845,
0.0126981587932539));
#2485=CARTESIAN_POINT('Ctrl Pts',(-0.00675269600002928,0.0108326130415718,
0.0131743811416124));
#2486=CARTESIAN_POINT('Ctrl Pts',(-0.00286966656453596,0.0125885218883613,
0.0135712330985778));
#2487=CARTESIAN_POINT('Ctrl Pts',(0.00224729007169538,0.012712766509705,
0.0140474554469363));
#2488=CARTESIAN_POINT('Ctrl Pts',(0.00700833128153103,0.0108422721746476,
0.0145236777952948));
#2489=CARTESIAN_POINT('Ctrl Pts',(0.0106702031306257,0.00726785715749291,
0.0149999001436533));
#2490=CARTESIAN_POINT('Ctrl Pts',(0.0126551386497097,0.00255245776049326,
0.0154761224920118));
#2491=CARTESIAN_POINT('Ctrl Pts',(0.0126532286330664,-0.00256433607179521,
0.0159523448403703));
#2492=CARTESIAN_POINT('Ctrl Pts',(0.0106630290173531,-0.0072778748105451,
0.0164285671887288));
#2493=CARTESIAN_POINT('Ctrl Pts',(0.00699860774467818,-0.0108484687001024,
0.0169047895370873));
#2494=CARTESIAN_POINT('Ctrl Pts',(0.00223460305894201,-0.0127156184027221,
0.0173810118854458));
#2495=CARTESIAN_POINT('Ctrl Pts',(-0.00288005685549196,-0.0125843970307995,
0.0178572342338043));
#2496=CARTESIAN_POINT('Ctrl Pts',(-0.00754286896835417,-0.0104781277224424,
0.0183334565821628));
#2497=CARTESIAN_POINT('Ctrl Pts',(-0.0110204051401603,-0.00672435540380694,
0.0188096789305213));
#2498=CARTESIAN_POINT('Ctrl Pts',(-0.0127668434840756,-0.00191623387664795,
0.0192859012788798));
#2499=CARTESIAN_POINT('Ctrl Pts',(-0.0125096123527296,0.00319553998790233,
0.0197621236272383));
#2500=CARTESIAN_POINT('Ctrl Pts',(-0.0102841738980417,0.00780082114354948,
0.0202383459755967));
#2501=CARTESIAN_POINT('Ctrl Pts',(-0.00581009720771193,0.011753915768151,
0.0207939387153483));
#2502=CARTESIAN_POINT('Ctrl Pts',(0.00100797161799704,0.0133124959769966,
0.021428901846493));
#2503=CARTESIAN_POINT('Ctrl Pts',(0.00771783904727391,0.0106650134523256,
0.0220837075754859));
#2504=CARTESIAN_POINT('Ctrl Pts',(0.011717442299589,0.00562969655299198,
0.022678985510934));
#2505=CARTESIAN_POINT('Ctrl Pts',(0.0130024608690436,-1.08181278694977E-5,
0.0232147356528374));
#2506=CARTESIAN_POINT('Ctrl Pts',(0.01170856977097,-0.00565234357235216,
0.0237504857947406));
#2507=CARTESIAN_POINT('Ctrl Pts',(0.00809697669138328,-0.0101726464189082,
0.024286235936644));
#2508=CARTESIAN_POINT('Ctrl Pts',(0.00288065444292486,-0.0126786380714252,
0.0248219860785473));
#2509=CARTESIAN_POINT('Ctrl Pts',(-0.00290587971775205,-0.0126727600775473,
0.0253577362204506));
#2510=CARTESIAN_POINT('Ctrl Pts',(-0.0081170159554054,-0.0101567381313661,
0.0258934863623539));
#2511=CARTESIAN_POINT('Ctrl Pts',(-0.0117201179756874,-0.00562870706515669,
0.0264292365042572));
#2512=CARTESIAN_POINT('Ctrl Pts',(-0.0130017504900245,1.42916332686084E-5,
0.0269649866461604));
#2513=CARTESIAN_POINT('Ctrl Pts',(-0.0117076613340711,0.00565441559045156,
0.0275007367880639));
#2514=CARTESIAN_POINT('Ctrl Pts',(-0.00809484136237757,0.0101745892512928,
0.0280364869299671));
#2515=CARTESIAN_POINT('Ctrl Pts',(-0.0028776983237081,0.0126790290314587,
0.0285722370718704));
#2516=CARTESIAN_POINT('Ctrl Pts',(0.00290781941335756,0.0126724471904017,
0.0291079872137737));
#2517=CARTESIAN_POINT('Ctrl Pts',(0.00812068139426317,0.010154496071363,
0.029643737355677));
#2518=CARTESIAN_POINT('Ctrl Pts',(0.0117182009212931,0.00562728498970004,
0.0301794874975803));
#2519=CARTESIAN_POINT('Ctrl Pts',(0.0131508761888789,-0.000646401777528209,
0.0307747654330285));
#2520=CARTESIAN_POINT('Ctrl Pts',(0.0114061819259049,-0.0062784567694947,
0.0313105155749318));
#2521=CARTESIAN_POINT('Ctrl Pts',(0.00793894277851599,-0.00998463258093671,
0.0317867379232902));
#2522=CARTESIAN_POINT('Ctrl Pts',(0.00355096010374601,-0.0125253226285216,
0.0322629602716487));
#2523=CARTESIAN_POINT('Ctrl Pts',(-0.00298914036951323,-0.0130084882330745,
0.0328582382070969));
#2524=CARTESIAN_POINT('Ctrl Pts',(-0.00979708385202,-0.00906493714269887,
0.0335725717296346));
#2525=CARTESIAN_POINT('Ctrl Pts',(-0.0132026756627868,-0.00196780968557833,
0.0342869052521723));
#2526=CARTESIAN_POINT('Ctrl Pts',(-0.012144885117504,0.00494260702078797,
0.034921868383317));
#2527=CARTESIAN_POINT('Ctrl Pts',(-0.00852480192994531,0.00969239224614635,
0.0354774611230686));
#2528=CARTESIAN_POINT('Ctrl Pts',(-0.0040932549063499,0.0122448569365525,
0.0359536834714271));
#2529=CARTESIAN_POINT('Ctrl Pts',(0.000986264903156088,0.0128721704401758,
0.0364299058197856));
#2530=CARTESIAN_POINT('Ctrl Pts',(0.00590850978418548,0.0114787592886009,
0.0369061281681441));
#2531=CARTESIAN_POINT('Ctrl Pts',(0.0099039524414518,0.00828190481594029,
0.0373823505165026));
#2532=CARTESIAN_POINT('Ctrl Pts',(0.0123429656409693,0.00378423137841514,
0.0378585728648611));
#2533=CARTESIAN_POINT('Ctrl Pts',(0.012843631100285,-0.00130776570801082,
0.0383347952132195));
#2534=CARTESIAN_POINT('Ctrl Pts',(0.011327314547796,-0.00619432774776505,
0.038811017561578));
#2535=CARTESIAN_POINT('Ctrl Pts',(0.00803109253254113,-0.0101078515641883,
0.0392872399099366));
#2536=CARTESIAN_POINT('Ctrl Pts',(0.00347410299564434,-0.0124341573949454,
0.039763462258295));
#2537=CARTESIAN_POINT('Ctrl Pts',(-0.00162865852754632,-0.0128069354234259,
0.0402396846066536));
#2538=CARTESIAN_POINT('Ctrl Pts',(-0.00607267543907747,-0.0113048560425743,
0.0406762217593154));
#2539=CARTESIAN_POINT('Ctrl Pts',(-0.0093685189681054,-0.00866072309951091,
0.0410730737162809));
#2540=CARTESIAN_POINT('Ctrl Pts',(-0.0122266564706227,-0.00446855459630806,
0.0415492960646394));
#2541=CARTESIAN_POINT('Ctrl Pts',(-0.0131958878974522,0.00201368386481084,
0.0421445740000875));
#2542=CARTESIAN_POINT('Ctrl Pts',(-0.00976525514315225,0.00909845630790271,
0.0428589075226252));
#2543=CARTESIAN_POINT('Ctrl Pts',(-0.0029442142933764,0.0130184643997327,
0.043573241045163));
#2544=CARTESIAN_POINT('Ctrl Pts',(0.00490258851128341,0.012414219724507,
0.0442875745677008));
#2545=CARTESIAN_POINT('Ctrl Pts',(0.0110429664361538,0.00749624661581303,
0.0450019080902384));
#2546=CARTESIAN_POINT('Ctrl Pts',(0.0133488183585986,-3.03686333158049E-5,
0.0457162416127763));
#2547=CARTESIAN_POINT('Ctrl Pts',(0.0112681180619152,-0.00670477770166449,
0.0463512047439209));
#2548=CARTESIAN_POINT('Ctrl Pts',(0.00697815307297207,-0.0108591404398145,
0.0469067974836724));
#2549=CARTESIAN_POINT('Ctrl Pts',(0.00221427482883232,-0.0127196010045054,
0.047383019832031));
#2550=CARTESIAN_POINT('Ctrl Pts',(-0.00290164447962762,-0.0125795240669211,
0.0478592421803894));
#2551=CARTESIAN_POINT('Ctrl Pts',(-0.00756041686131847,-0.0104652471033888,
0.0483354645287479));
#2552=CARTESIAN_POINT('Ctrl Pts',(-0.0110314735242419,-0.00670632633505105,
0.0488116868771064));
#2553=CARTESIAN_POINT('Ctrl Pts',(-0.0126258628328127,-0.00229442124191011,
0.0492482240297684));
#2554=CARTESIAN_POINT('Ctrl Pts',(-0.0126113615783235,0.00193045258664991,
0.0496450759867338));
#2555=CARTESIAN_POINT('Ctrl Pts',(-0.0111135575645138,0.00677922955820983,
0.0501212983350923));
#2556=CARTESIAN_POINT('Ctrl Pts',(-0.00664916447669772,0.0115751752185914,
0.0507165762705404));
#2557=CARTESIAN_POINT('Ctrl Pts',(0.00103346710899167,0.0133083864995334,
0.0514309097930782));
#2558=CARTESIAN_POINT('Ctrl Pts',(0.00773436489661169,0.0106530968886401,
0.0520857155220711));
#2559=CARTESIAN_POINT('Ctrl Pts',(0.0117275423931434,0.00560947996429126,
0.0526809934575192));
#2560=CARTESIAN_POINT('Ctrl Pts',(0.0130021006085717,-3.24413926110772E-5,
0.0532167435994225));
#2561=CARTESIAN_POINT('Ctrl Pts',(0.0116992062630395,-0.0056721552896603,
0.0537524937413258));
#2562=CARTESIAN_POINT('Ctrl Pts',(0.00807977194419721,-0.0101861906980904,
0.0542882438832291));
#2563=CARTESIAN_POINT('Ctrl Pts',(0.00285936529777252,-0.0126834973773961,
0.0548239940251324));
#2564=CARTESIAN_POINT('Ctrl Pts',(-0.0029272192422056,-0.0126678366816832,
0.0553597441670357));
#2565=CARTESIAN_POINT('Ctrl Pts',(-0.00813406745192665,-0.0101430814586888,
0.055895494308939));
#2566=CARTESIAN_POINT('Ctrl Pts',(-0.0117296002835003,-0.00560897116419797,
0.0564312444508424));
#2567=CARTESIAN_POINT('Ctrl Pts',(-0.0130016539890269,3.61428703311422E-5,
0.0569669945927456));
#2568=CARTESIAN_POINT('Ctrl Pts',(-0.0116982384819035,0.00567413930313407,
0.057502744734649));
#2569=CARTESIAN_POINT('Ctrl Pts',(-0.00807750367916678,0.0101881177173689,
0.0580384948765523));
#2570=CARTESIAN_POINT('Ctrl Pts',(-0.00285679023982186,0.0126840005603327,
0.0585742450184556));
#2571=CARTESIAN_POINT('Ctrl Pts',(0.00292998787588894,0.0126672382747161,
0.0591099951603588));
#2572=CARTESIAN_POINT('Ctrl Pts',(0.00813602654978255,0.010141425152359,
0.0596457453022622));
#2573=CARTESIAN_POINT('Ctrl Pts',(0.0117311255467499,0.00560634819856179,
0.0601814954441655));
#2574=CARTESIAN_POINT('Ctrl Pts',(0.0125773401149781,0.0018431157550568,
0.0605386622054343));
#2575=CARTESIAN_POINT('Ctrl Pts',(0.0125717152978622,-3.76005981275352E-5,
0.0607172455860688));
#2576=CARTESIAN_POINT('Ctrl Pts',(0.0127999911499269,1.60234635183418E-5,
0.000237352785091226));
#2577=CARTESIAN_POINT('Ctrl Pts',(0.0128023861890698,-0.00189931638710417,
0.000415936165725662));
#2578=CARTESIAN_POINT('Ctrl Pts',(0.0119342243747222,-0.00572864005769992,
0.000773102926994533));
#2579=CARTESIAN_POINT('Ctrl Pts',(0.00826578055361019,-0.0103400943375312,
0.00130885306889784));
#2580=CARTESIAN_POINT('Ctrl Pts',(0.00296076385183408,-0.0129023588059568,
0.00184460321080114));
#2581=CARTESIAN_POINT('Ctrl Pts',(-0.00293112201127832,-0.0129092731766861,
0.00238035335270445));
#2582=CARTESIAN_POINT('Ctrl Pts',(-0.00824220290382322,-0.0103587827975138,
0.00291610349460775));
#2583=CARTESIAN_POINT('Ctrl Pts',(-0.0119206872819238,-0.00575645705848281,
0.00345185363651107));
#2584=CARTESIAN_POINT('Ctrl Pts',(-0.0132377859970815,-1.37744930422004E-5,
0.00398760377841437));
#2585=CARTESIAN_POINT('Ctrl Pts',(-0.0119326380507397,0.00573157975867503,
0.00452335392031768));
#2586=CARTESIAN_POINT('Ctrl Pts',(-0.00826379958583012,0.0103416480108739,
0.00505910406222098));
#2587=CARTESIAN_POINT('Ctrl Pts',(-0.00295792962195195,0.0129030297297514,
0.0055948542041243));
#2588=CARTESIAN_POINT('Ctrl Pts',(0.00293372358800856,0.0129087171836606,
0.00613060434602759));
#2589=CARTESIAN_POINT('Ctrl Pts',(0.00824454328842416,0.0103568485754442,
0.00666635448793091));
#2590=CARTESIAN_POINT('Ctrl Pts',(0.0119216021761812,0.00575439451658883,
0.0072021046298342));
#2591=CARTESIAN_POINT('Ctrl Pts',(0.0132383678018044,1.0075585360139E-5,
0.00773785477173752));
#2592=CARTESIAN_POINT('Ctrl Pts',(0.0119302759036186,-0.00573222917320026,
0.00827360491364082));
#2593=CARTESIAN_POINT('Ctrl Pts',(0.00785649414780444,-0.0108599391967812,
0.00886888284908894));
#2594=CARTESIAN_POINT('Ctrl Pts',(0.00102736698109713,-0.0135525170180389,
0.00952368857808187));
#2595=CARTESIAN_POINT('Ctrl Pts',(-0.00678792268067045,-0.0117723442813864,
0.0102380221006196));
#2596=CARTESIAN_POINT('Ctrl Pts',(-0.0122387237690942,-0.00590582897201716,
0.0109523556231574));
#2597=CARTESIAN_POINT('Ctrl Pts',(-0.0134408445334276,0.00201981290238849,
0.0116666891456951));
#2598=CARTESIAN_POINT('Ctrl Pts',(-0.0107370990504428,0.00762923158193387,
0.0122222818854467));
#2599=CARTESIAN_POINT('Ctrl Pts',(-0.00688484192099438,0.0110234266270964,
0.0126985042338052));
#2600=CARTESIAN_POINT('Ctrl Pts',(-0.00293319224713262,0.0128144333387371,
0.0130953561907706));
#2601=CARTESIAN_POINT('Ctrl Pts',(0.00227690698870483,0.0129456711981899,
0.0135715785391291));
#2602=CARTESIAN_POINT('Ctrl Pts',(0.00712580121177374,0.0110453727206122,
0.0140478008874876));
#2603=CARTESIAN_POINT('Ctrl Pts',(0.0108575048281679,0.00740941055138493,
0.0145240232358461));
#2604=CARTESIAN_POINT('Ctrl Pts',(0.0128826028858971,0.00261005519255839,
0.0150002455842045));
#2605=CARTESIAN_POINT('Ctrl Pts',(0.0128853366222907,-0.00259945192553743,
0.015476467932563));
#2606=CARTESIAN_POINT('Ctrl Pts',(0.0108631117855322,-0.00740057270681061,
0.0159526902809215));
#2607=CARTESIAN_POINT('Ctrl Pts',(0.00713533961995792,-0.0110391688899563,
0.01642891262928));
#2608=CARTESIAN_POINT('Ctrl Pts',(0.00228668290201531,-0.0129445518866305,
0.0169051349776385));
#2609=CARTESIAN_POINT('Ctrl Pts',(-0.00292113034679616,-0.0128154174420271,
0.017381357325997));
#2610=CARTESIAN_POINT('Ctrl Pts',(-0.00767048148590394,-0.0106751907365612,
0.0178575796743555));
#2611=CARTESIAN_POINT('Ctrl Pts',(-0.0112144960182586,-0.006856258837115,
0.018333802022714));
#2612=CARTESIAN_POINT('Ctrl Pts',(-0.012996949692365,-0.00196240512650274,
0.0188100243710725));
#2613=CARTESIAN_POINT('Ctrl Pts',(-0.0127396638909767,0.00324228245448282,
0.019286246719431));
#2614=CARTESIAN_POINT('Ctrl Pts',(-0.0104778834600187,0.00793325311493491,
0.0197624690677895));
#2615=CARTESIAN_POINT('Ctrl Pts',(-0.00592597290838766,0.0119622737268493,
0.0203180618075411));
#2616=CARTESIAN_POINT('Ctrl Pts',(0.00101431190485785,0.0135550402245164,
0.0209530249386857));
#2617=CARTESIAN_POINT('Ctrl Pts',(0.00784843121785531,0.0108656362536812,
0.0216078306676787));
#2618=CARTESIAN_POINT('Ctrl Pts',(0.0119251673561721,0.00574237371198934,
0.0222031086031267));
#2619=CARTESIAN_POINT('Ctrl Pts',(0.0132385698294481,6.25714787787614E-7,
0.0227388587450301));
#2620=CARTESIAN_POINT('Ctrl Pts',(0.0119262260816019,-0.00574451330407225,
0.0232746088869334));
#2621=CARTESIAN_POINT('Ctrl Pts',(0.00825309841958104,-0.0103501159014956,
0.0238103590288367));
#2622=CARTESIAN_POINT('Ctrl Pts',(0.00294429906476206,-0.0129062804830852,
0.02434610917074));
#2623=CARTESIAN_POINT('Ctrl Pts',(-0.00294731098629615,-0.0129054682744881,
0.0248818593126433));
#2624=CARTESIAN_POINT('Ctrl Pts',(-0.00825532071778522,-0.0103484222964988,
0.0254176094545466));
#2625=CARTESIAN_POINT('Ctrl Pts',(-0.0119278964505337,-0.0057413931480177,
0.02595335959645));
#2626=CARTESIAN_POINT('Ctrl Pts',(-0.013237847626825,2.92321083484382E-6,
0.0264891097383532));
#2627=CARTESIAN_POINT('Ctrl Pts',(-0.0119253036204979,0.00574661870455065,
0.0270248598802566));
#2628=CARTESIAN_POINT('Ctrl Pts',(-0.00825092658997986,0.0103520969257352,
0.0275606100221598));
#2629=CARTESIAN_POINT('Ctrl Pts',(-0.00294128765277732,0.0129066837138745,
0.0280963601640631));
#2630=CARTESIAN_POINT('Ctrl Pts',(0.00294928177987807,0.0129051440854516,
0.0286321103059665));
#2631=CARTESIAN_POINT('Ctrl Pts',(0.00825906379066398,0.0103461587347364,
0.0291678604478697));
#2632=CARTESIAN_POINT('Ctrl Pts',(0.0119259277952734,0.0057399112853139,
0.0297036105897731));
#2633=CARTESIAN_POINT('Ctrl Pts',(0.0133902828024068,-0.000646304496294686,
0.0302988885252212));
#2634=CARTESIAN_POINT('Ctrl Pts',(0.011618895138028,-0.00638224025275952,
0.0308346386671245));
#2635=CARTESIAN_POINT('Ctrl Pts',(0.00809202445291686,-0.010158852045553,
0.031310861015483));
#2636=CARTESIAN_POINT('Ctrl Pts',(0.00362650566967307,-0.0127496263737657,
0.0317870833638415));
#2637=CARTESIAN_POINT('Ctrl Pts',(-0.0030316305103232,-0.0132473515726936,
0.0323823612992896));
#2638=CARTESIAN_POINT('Ctrl Pts',(-0.0099670294073349,-0.00923827609314785,
0.0330966948218274));
#2639=CARTESIAN_POINT('Ctrl Pts',(-0.0134405477810318,-0.00201533744935707,
0.0338110283443651));
#2640=CARTESIAN_POINT('Ctrl Pts',(-0.0123699059489984,0.00502143193273116,
0.0344459914755098));
#2641=CARTESIAN_POINT('Ctrl Pts',(-0.00868823449548379,0.00986076968429721,
0.0350015842152613));
#2642=CARTESIAN_POINT('Ctrl Pts',(-0.00417854493267707,0.0124635395711035,
0.0354778065636199));
#2643=CARTESIAN_POINT('Ctrl Pts',(0.000992597828324999,0.0131067767114575,
0.0359540289119783));
#2644=CARTESIAN_POINT('Ctrl Pts',(0.00600554956667045,0.0116924800803369,
0.0364302512603368));
#2645=CARTESIAN_POINT('Ctrl Pts',(0.0100764311398326,0.0084410850806865,
0.0369064736086953));
#2646=CARTESIAN_POINT('Ctrl Pts',(0.0125636862107795,0.00386399734768966,
0.0373826959570538));
#2647=CARTESIAN_POINT('Ctrl Pts',(0.0130780211772298,-0.00131993427328299,
0.0378589183054123));
#2648=CARTESIAN_POINT('Ctrl Pts',(0.0115384951186814,-0.00629681419361007,
0.0383351406537708));
#2649=CARTESIAN_POINT('Ctrl Pts',(0.00818604010369211,-0.0102840805301691,
0.0388113630021293));
#2650=CARTESIAN_POINT('Ctrl Pts',(0.00354818366867093,-0.0126569365084139,
0.0392875853504878));
#2651=CARTESIAN_POINT('Ctrl Pts',(-0.00164673218049683,-0.013040878946039,
0.0397638076988463));
#2652=CARTESIAN_POINT('Ctrl Pts',(-0.00617280798061862,-0.0115156065520748,
0.0402003448515082));
#2653=CARTESIAN_POINT('Ctrl Pts',(-0.00953087585383306,-0.00882635865569662,
0.0405971968084736));
#2654=CARTESIAN_POINT('Ctrl Pts',(-0.0124447362871066,-0.00456050699723871,
0.0410734191568321));
#2655=CARTESIAN_POINT('Ctrl Pts',(-0.0134372649581668,0.00203838680932015,
0.0416686970922802));
#2656=CARTESIAN_POINT('Ctrl Pts',(-0.00995072495102571,0.00925495983076293,
0.042383030614818));
#2657=CARTESIAN_POINT('Ctrl Pts',(-0.00300930661041179,0.0132522073485792,
0.0430973641373558));
#2658=CARTESIAN_POINT('Ctrl Pts',(0.00498049757361739,0.0126440209135144,
0.0438116976598934));
#2659=CARTESIAN_POINT('Ctrl Pts',(0.0112367925364611,0.00764224706643506,
0.0445260311824312));
#2660=CARTESIAN_POINT('Ctrl Pts',(0.0135912073724073,-1.9006809817257E-5,
0.0452403647049689));
#2661=CARTESIAN_POINT('Ctrl Pts',(0.0114787705209823,-0.00681638814559189,
0.0458753278361136));
#2662=CARTESIAN_POINT('Ctrl Pts',(0.00711455558078992,-0.0110500772720263,
0.0464309205758652));
#2663=CARTESIAN_POINT('Ctrl Pts',(0.00226587155432108,-0.0129486087946238,
0.0469071429242237));
#2664=CARTESIAN_POINT('Ctrl Pts',(-0.00294302933237753,-0.0128104934945512,
0.0473833652725822));
#2665=CARTESIAN_POINT('Ctrl Pts',(-0.00768837773423545,-0.0106621015933975,
0.0478595876209407));
#2666=CARTESIAN_POINT('Ctrl Pts',(-0.0112257680986632,-0.00683788052604208,
0.0483358099692992));
#2667=CARTESIAN_POINT('Ctrl Pts',(-0.0128530833874984,-0.00234742791864399,
0.0487723471219611));
#2668=CARTESIAN_POINT('Ctrl Pts',(-0.012842090089565,0.00195422118650494,
0.0491691990789265));
#2669=CARTESIAN_POINT('Ctrl Pts',(-0.0113213786013916,0.00689241935523266,
0.049645421427285));
#2670=CARTESIAN_POINT('Ctrl Pts',(-0.0067802216952161,0.0117794649572729,
0.0502406993627332));
#2671=CARTESIAN_POINT('Ctrl Pts',(0.00104032803398337,0.01355091921822,
0.0509550328852709));
#2672=CARTESIAN_POINT('Ctrl Pts',(0.00786524420180667,0.0108535006208466,
0.0516098386142638));
#2673=CARTESIAN_POINT('Ctrl Pts',(0.0119354797501593,0.00572180706993312,
0.0522051165497119));
#2674=CARTESIAN_POINT('Ctrl Pts',(0.0132382169503734,-2.13944872358443E-5,
0.0527408666916153));
#2675=CARTESIAN_POINT('Ctrl Pts',(0.0119167129646292,-0.00576469119347438,
0.0532766168335186));
#2676=CARTESIAN_POINT('Ctrl Pts',(0.00823559203330295,-0.0103639223892251,
0.0538123669754218));
#2677=CARTESIAN_POINT('Ctrl Pts',(0.00292262839687469,-0.0129112467733712,
0.0543481171173252));
#2678=CARTESIAN_POINT('Ctrl Pts',(-0.00296904279545832,-0.0129004744028788,
0.0548838672592285));
#2679=CARTESIAN_POINT('Ctrl Pts',(-0.00827269373439392,-0.0103345335906067,
0.0554196174011318));
#2680=CARTESIAN_POINT('Ctrl Pts',(-0.0119375689683301,-0.00572130578281246,
0.0559553675430351));
#2681=CARTESIAN_POINT('Ctrl Pts',(-0.0132377682671827,2.51680239934994E-5,
0.0564911176849384));
#2682=CARTESIAN_POINT('Ctrl Pts',(-0.0119157285539195,0.00576671564918938,
0.0570268678268417));
#2683=CARTESIAN_POINT('Ctrl Pts',(-0.00823328370728929,0.0103658730802034,
0.057562617968745));
#2684=CARTESIAN_POINT('Ctrl Pts',(-0.00292000936114808,0.012911791386566,
0.0580983681106483));
#2685=CARTESIAN_POINT('Ctrl Pts',(0.00297186749994981,0.01289980552242,
0.0586341182525516));
#2686=CARTESIAN_POINT('Ctrl Pts',(0.00827467887617301,0.0103329760910821,
0.0591698683944549));
#2687=CARTESIAN_POINT('Ctrl Pts',(0.0119391477056007,0.00571836555376781,
0.0597056185363582));
#2688=CARTESIAN_POINT('Ctrl Pts',(0.0128040214476672,0.00188829691352884,
0.0600627852976271));
#2689=CARTESIAN_POINT('Ctrl Pts',(0.0127999726179239,-2.70401551285261E-5,
0.0602413686782615));
#2690=CARTESIAN_POINT('Ctrl Pts',(0.0127999819131647,2.15179612489242E-5,
-2.00665518228202E-6));
#2691=CARTESIAN_POINT('Ctrl Pts',(0.0128032012080979,-0.001893483020566,
0.000176576725452153));
#2692=CARTESIAN_POINT('Ctrl Pts',(0.0119366272977165,-0.00572369361466153,
0.000533743486721025));
#2693=CARTESIAN_POINT('Ctrl Pts',(0.00827020324031673,-0.0103364229579213,
0.00106949362862433));
#2694=CARTESIAN_POINT('Ctrl Pts',(0.00296628892890147,-0.0129010930569357,
0.00160524377052764));
#2695=CARTESIAN_POINT('Ctrl Pts',(-0.00292556906802989,-0.0129104695945448,
0.00214099391243094));
#2696=CARTESIAN_POINT('Ctrl Pts',(-0.00823773190820167,-0.0103623002208263,
0.00267674405433425));
#2697=CARTESIAN_POINT('Ctrl Pts',(-0.0119181789840306,-0.00576155121976579,
0.00321249419623755));
#2698=CARTESIAN_POINT('Ctrl Pts',(-0.0132377397445211,-1.9459893872821E-5,
0.00374824433814086));
#2699=CARTESIAN_POINT('Ctrl Pts',(-0.0119350616678678,0.00572644111591038,
0.00428399448004416));
#2700=CARTESIAN_POINT('Ctrl Pts',(-0.00826821386070171,0.0103380680115261,
0.00481974462194748));
#2701=CARTESIAN_POINT('Ctrl Pts',(-0.00296345926896342,0.0129017208700078,
0.00535549476385078));
#2702=CARTESIAN_POINT('Ctrl Pts',(0.00292817262152396,0.0129099363604748,
0.00589124490575409));
#2703=CARTESIAN_POINT('Ctrl Pts',(0.00824007299638446,0.01036035690653,
0.00642699504765739));
#2704=CARTESIAN_POINT('Ctrl Pts',(0.0119190933136956,0.00575949282465513,
0.00696274518956069));
#2705=CARTESIAN_POINT('Ctrl Pts',(0.0132383269247621,1.57619537953989E-5,
0.007498495331464));
#2706=CARTESIAN_POINT('Ctrl Pts',(0.0119326914417952,-0.00572709723399039,
0.00803424547336731));
#2707=CARTESIAN_POINT('Ctrl Pts',(0.00786116401227676,-0.0108565089388281,
0.00862952340881542));
#2708=CARTESIAN_POINT('Ctrl Pts',(0.00103316672876529,-0.0135520425655296,
0.00928432913780836));
#2709=CARTESIAN_POINT('Ctrl Pts',(-0.00678284026204724,-0.0117752220843501,
0.0099986626603461));
#2710=CARTESIAN_POINT('Ctrl Pts',(-0.0122361555372453,-0.0059110555933427,
0.0107129961828838));
#2711=CARTESIAN_POINT('Ctrl Pts',(-0.0134416754109804,0.00201399804478182,
0.0114273297054216));
#2712=CARTESIAN_POINT('Ctrl Pts',(-0.0107402491506769,0.00762473855812301,
0.0119829224451732));
#2713=CARTESIAN_POINT('Ctrl Pts',(-0.00688966432541523,0.0110203267561809,
0.0124591447935317));
#2714=CARTESIAN_POINT('Ctrl Pts',(-0.00293856949691092,0.0128132080244926,
0.0128559967504971));
#2715=CARTESIAN_POINT('Ctrl Pts',(0.00227121449371651,0.0129465675714389,
0.0133322190988556));
#2716=CARTESIAN_POINT('Ctrl Pts',(0.00712110214415986,0.0110484258091512,
0.013808441447214));
#2717=CARTESIAN_POINT('Ctrl Pts',(0.0108542528771938,0.00741401858986118,
0.0142846637955726));
#2718=CARTESIAN_POINT('Ctrl Pts',(0.0128814739184782,0.00261562520577524,
0.014760886143931));
#2719=CARTESIAN_POINT('Ctrl Pts',(0.0128863707251493,-0.00259400606730696,
0.0152371084922896));
#2720=CARTESIAN_POINT('Ctrl Pts',(0.0108662865213204,-0.00739582753562615,
0.015713330840648));
#2721=CARTESIAN_POINT('Ctrl Pts',(0.00714009191791414,-0.011036090570641,
0.0161895531890065));
#2722=CARTESIAN_POINT('Ctrl Pts',(0.00229213816373751,-0.0129434994919063,
0.016665775537365));
#2723=CARTESIAN_POINT('Ctrl Pts',(-0.00291559730540786,-0.0128166755792406,
0.0171419978857235));
#2724=CARTESIAN_POINT('Ctrl Pts',(-0.0076658605621409,-0.0106784101182186,
0.017618220234082));
#2725=CARTESIAN_POINT('Ctrl Pts',(-0.0112115202738244,-0.00686108896522097,
0.0180944425824405));
#2726=CARTESIAN_POINT('Ctrl Pts',(-0.0129960665338641,-0.00196800745614731,
0.018570664930799));
#2727=CARTESIAN_POINT('Ctrl Pts',(-0.0127409838126841,0.00323687090571686,
0.0190468872791575));
#2728=CARTESIAN_POINT('Ctrl Pts',(-0.0104812606367852,0.00792874312197833,
0.019523109627516));
#2729=CARTESIAN_POINT('Ctrl Pts',(-0.00593118597277026,0.0119596021527295,
0.0200787023672676));
#2730=CARTESIAN_POINT('Ctrl Pts',(0.0010085306479604,0.013555493617325,
0.0207136654984122));
#2731=CARTESIAN_POINT('Ctrl Pts',(0.00784374957311773,0.0108689243801207,
0.0213684712274052));
#2732=CARTESIAN_POINT('Ctrl Pts',(0.0119226686204254,0.00574749306716014,
0.0219637491628532));
#2733=CARTESIAN_POINT('Ctrl Pts',(0.0132385272453524,6.3000011931725E-6,
0.0224994993047566));
#2734=CARTESIAN_POINT('Ctrl Pts',(0.0119286563174568,-0.00573937164203112,
0.0230352494466599));
#2735=CARTESIAN_POINT('Ctrl Pts',(0.00825751574604077,-0.0103465433961952,
0.0235709995885632));
#2736=CARTESIAN_POINT('Ctrl Pts',(0.00294983064850028,-0.0129049758431723,
0.0241067497304665));
#2737=CARTESIAN_POINT('Ctrl Pts',(-0.00294176201109302,-0.0129066944422752,
0.0246424998723698));
#2738=CARTESIAN_POINT('Ctrl Pts',(-0.00825085290525633,-0.0103519340162834,
0.0251782500142731));
#2739=CARTESIAN_POINT('Ctrl Pts',(-0.0119253952891937,-0.00574649622630768,
0.0257140001561764));
#2740=CARTESIAN_POINT('Ctrl Pts',(-0.0132378080272661,-2.75912052942344E-6,
0.0262497502980797));
#2741=CARTESIAN_POINT('Ctrl Pts',(-0.0119277343175288,0.00574148103212232,
0.026785500439983));
#2742=CARTESIAN_POINT('Ctrl Pts',(-0.00825534439335016,0.010348524630369,
0.0273212505818863));
#2743=CARTESIAN_POINT('Ctrl Pts',(-0.00294682082191209,0.0129053785660839,
0.0278570007237896));
#2744=CARTESIAN_POINT('Ctrl Pts',(0.00294373608209082,0.0129063763365764,
0.028392750865693));
#2745=CARTESIAN_POINT('Ctrl Pts',(0.00825459045808494,0.0103496607259726,
0.0289285010075962));
#2746=CARTESIAN_POINT('Ctrl Pts',(0.0119234401787088,0.00574503648451011,
0.0294642511494996));
#2747=CARTESIAN_POINT('Ctrl Pts',(0.0133904929290093,-0.000640606921807868,
0.0300595290849477));
#2748=CARTESIAN_POINT('Ctrl Pts',(0.0116216088242912,-0.00637724678196775,
0.030595279226851));
#2749=CARTESIAN_POINT('Ctrl Pts',(0.00809636186952972,-0.0101553331839268,
0.0310715015752095));
#2750=CARTESIAN_POINT('Ctrl Pts',(0.00363206291208106,-0.0127479976674244,
0.031547723923568));
#2751=CARTESIAN_POINT('Ctrl Pts',(-0.00302604334819636,-0.0132486237243258,
0.0321430018590161));
#2752=CARTESIAN_POINT('Ctrl Pts',(-0.00996292037866263,-0.00924254250241649,
0.0328573353815538));
#2753=CARTESIAN_POINT('Ctrl Pts',(-0.013439713006083,-0.00202110839081087,
0.0335716689040916));
#2754=CARTESIAN_POINT('Ctrl Pts',(-0.0123719697181246,0.00501614992169345,
0.0342066320352362));
#2755=CARTESIAN_POINT('Ctrl Pts',(-0.00869246043091777,0.00985700411432446,
0.0347622247749878));
#2756=CARTESIAN_POINT('Ctrl Pts',(-0.00418387191472604,0.012461705597692,
0.0352384471233463));
#2757=CARTESIAN_POINT('Ctrl Pts',(0.000987013974256558,0.0131071674242997,
0.0357146694717048));
#2758=CARTESIAN_POINT('Ctrl Pts',(0.00600049810232717,0.0116950172174414,
0.0361908918200633));
#2759=CARTESIAN_POINT('Ctrl Pts',(0.0100727407117066,0.00844542648733849,
0.0366671141684218));
#2760=CARTESIAN_POINT('Ctrl Pts',(0.0125620011146315,0.00386936868439966,
0.0371433365167803));
#2761=CARTESIAN_POINT('Ctrl Pts',(0.0130785421350663,-0.00131438144604086,
0.0376195588651388));
#2762=CARTESIAN_POINT('Ctrl Pts',(0.0115411905972191,-0.00629174149543234,
0.0380957812134973));
#2763=CARTESIAN_POINT('Ctrl Pts',(0.00819037208923722,-0.0102806245030298,
0.0385720035618558));
#2764=CARTESIAN_POINT('Ctrl Pts',(0.00355369273351123,-0.0126552975187606,
0.0390482259102143));
#2765=CARTESIAN_POINT('Ctrl Pts',(-0.00164116191205465,-0.0130415882402448,
0.0395244482585728));
#2766=CARTESIAN_POINT('Ctrl Pts',(-0.00616786299841108,-0.0115181870478607,
0.0399609854112347));
#2767=CARTESIAN_POINT('Ctrl Pts',(-0.00952706491145879,-0.00883042501200894,
0.0403578373682001));
#2768=CARTESIAN_POINT('Ctrl Pts',(-0.0124426934431517,-0.00456592169466566,
0.0408340597165586));
#2769=CARTESIAN_POINT('Ctrl Pts',(-0.0134381221503793,0.00203265520556946,
0.0414293376520067));
#2770=CARTESIAN_POINT('Ctrl Pts',(-0.00995465532625999,0.00925063984987435,
0.0421436711745445));
#2771=CARTESIAN_POINT('Ctrl Pts',(-0.00301499383372881,0.0132508831153507,
0.0428580046970822));
#2772=CARTESIAN_POINT('Ctrl Pts',(0.00497506127862218,0.0126461193295998,
0.04357233821962));
#2773=CARTESIAN_POINT('Ctrl Pts',(0.0112334679586809,0.00764704094561849,
0.0442866717421577));
#2774=CARTESIAN_POINT('Ctrl Pts',(0.0135911910833424,-1.31549116267543E-5,
0.0450010052646954));
#2775=CARTESIAN_POINT('Ctrl Pts',(0.0114816247012609,-0.00681148021138886,
0.0456359683958401));
#2776=CARTESIAN_POINT('Ctrl Pts',(0.00711928949143016,-0.011046990299367,
0.0461915611355917));
#2777=CARTESIAN_POINT('Ctrl Pts',(0.00227141237076123,-0.0129475769739027,
0.0466677834839502));
#2778=CARTESIAN_POINT('Ctrl Pts',(-0.00293755887059587,-0.0128117479993185,
0.0471440058323087));
#2779=CARTESIAN_POINT('Ctrl Pts',(-0.00768374939395795,-0.010665321827628,
0.0476202281806671));
#2780=CARTESIAN_POINT('Ctrl Pts',(-0.011222809792356,-0.00684273817373805,
0.0480964505290257));
#2781=CARTESIAN_POINT('Ctrl Pts',(-0.0128520264129434,-0.00235290003731712,
0.0485329876816876));
#2782=CARTESIAN_POINT('Ctrl Pts',(-0.0128428847921197,0.00194870666391404,
0.048929839638653));
#2783=CARTESIAN_POINT('Ctrl Pts',(-0.0113243311992923,0.00688751525594157,
0.0494060619870115));
#2784=CARTESIAN_POINT('Ctrl Pts',(-0.00678527828063194,0.0117764786443325,
0.0500013399224596));
#2785=CARTESIAN_POINT('Ctrl Pts',(0.00103450993593155,0.0135513551383589,
0.0507156734449974));
#2786=CARTESIAN_POINT('Ctrl Pts',(0.00786058454552154,0.0108568084252074,
0.0513704791739903));
#2787=CARTESIAN_POINT('Ctrl Pts',(0.0119329820906824,0.00572692522270497,
0.0519657571094383));
#2788=CARTESIAN_POINT('Ctrl Pts',(0.0132381876821455,-1.57174523445174E-5,
0.0525015072513418));
#2789=CARTESIAN_POINT('Ctrl Pts',(0.0119191499695573,-0.00575955493296228,
0.053037257393245));
#2790=CARTESIAN_POINT('Ctrl Pts',(0.00824001630321896,-0.0103603567258171,
0.0535730075351483));
#2791=CARTESIAN_POINT('Ctrl Pts',(0.00292816168208076,-0.0129099516262087,
0.0541087576770517));
#2792=CARTESIAN_POINT('Ctrl Pts',(-0.00296349561137875,-0.0129017100302204,
0.0546445078189549));
#2793=CARTESIAN_POINT('Ctrl Pts',(-0.00826823205210444,-0.0103380523162247,
0.0551802579608583));
#2794=CARTESIAN_POINT('Ctrl Pts',(-0.0119350761298877,-0.00572641420280747,
0.0557160081027615));
#2795=CARTESIAN_POINT('Ctrl Pts',(-0.0132377386753609,1.94879975957173E-5,
0.0562517582446649));
#2796=CARTESIAN_POINT('Ctrl Pts',(-0.0119181670266032,0.0057615772754931,
0.0567875083865681));
#2797=CARTESIAN_POINT('Ctrl Pts',(-0.00823770923400564,0.010362317912609,
0.0573232585284715));
#2798=CARTESIAN_POINT('Ctrl Pts',(-0.00292554125819889,0.0129104759906616,
0.0578590086703748));
#2799=CARTESIAN_POINT('Ctrl Pts',(0.00296631690639395,0.0129010866056828,
0.0583947588122781));
#2800=CARTESIAN_POINT('Ctrl Pts',(0.00827022557415484,0.0103364050797913,
0.0589305089541814));
#2801=CARTESIAN_POINT('Ctrl Pts',(0.01193663969956,0.00572366777757236,
0.0594662590960847));
#2802=CARTESIAN_POINT('Ctrl Pts',(0.0128032053051226,0.00189345531742671,
0.0598234258573536));
#2803=CARTESIAN_POINT('Ctrl Pts',(0.0127999818665749,-2.15456574179428E-5,
0.060002009237988));
#2804=CARTESIAN_POINT('',(0.0128,2.40741243048404E-37,9.77620188774951E-20));
#2805=CARTESIAN_POINT('Ctrl Pts',(0.0127999997180447,2.58042666964955E-11,
1.38777878078145E-19));
#2806=CARTESIAN_POINT('Ctrl Pts',(0.0127999997701472,-1.61961649135751E-9,
0.000103964297139526));
#2807=CARTESIAN_POINT('Ctrl Pts',(0.0127786354428281,2.02142941335246E-9,
0.000206699413373274));
#2808=CARTESIAN_POINT('Ctrl Pts',(0.012738971901217,4.13340202306753E-9,
0.000302933067885522));
#2809=CARTESIAN_POINT('Ctrl Pts',(0.0126992814047796,6.24680990186421E-9,
0.00039923212153617));
#2810=CARTESIAN_POINT('Ctrl Pts',(0.0126419994313994,6.82680745910844E-9,
0.000487241061105181));
#2811=CARTESIAN_POINT('Ctrl Pts',(0.0125695366901503,6.07631343140706E-9,
0.000561456610012777));
#2812=CARTESIAN_POINT('Ctrl Pts',(0.0125474353857994,5.84741101019649E-9,
0.000584092524769727));
#2813=CARTESIAN_POINT('Ctrl Pts',(0.0125240326808924,5.91192857007752E-9,
0.000605301686537494));
#2814=CARTESIAN_POINT('Ctrl Pts',(0.0124994014755664,5.93939692258806E-9,
0.0006249380560204));
#2815=CARTESIAN_POINT('Ctrl Pts',(0.0124431912276731,6.00208175198863E-9,
0.000669749715935125));
#2816=CARTESIAN_POINT('Ctrl Pts',(0.0123806059058221,4.52505803381229E-9,
0.000706415107757592));
#2817=CARTESIAN_POINT('Ctrl Pts',(0.0123137306386347,3.05432330306461E-11,
0.000734523871093373));
#2818=CARTESIAN_POINT('Ctrl Pts',(0.012217457784172,-6.43970784026216E-9,
0.000774988918869104));
#2819=CARTESIAN_POINT('Ctrl Pts',(0.0121141368481699,-2.35790854520283E-8,
0.000797086509359705));
#2820=CARTESIAN_POINT('Ctrl Pts',(0.0120098995071478,-3.65217486951663E-8,
0.000799287351768082));
#2821=CARTESIAN_POINT('Ctrl Pts',(0.0119462341367895,-4.44267800468572E-8,
0.000800631567244566));
#2822=CARTESIAN_POINT('Ctrl Pts',(0.0118829456936816,-4.99209733115217E-8,
0.000794480306863702));
#2823=CARTESIAN_POINT('Ctrl Pts',(0.0118214010585106,-4.01665381503889E-8,
0.000780439149170178));
#2824=CARTESIAN_POINT('Ctrl Pts',(0.0117821444584494,-3.39446154940869E-8,
0.000771482915853651));
#2825=CARTESIAN_POINT('Ctrl Pts',(0.0117435958789653,-2.12737455666321E-8,
0.000759307152441068));
#2826=CARTESIAN_POINT('Ctrl Pts',(0.0117060265168486,-8.13789488131778E-9,
0.000744143612410068));
#2827=CARTESIAN_POINT('Ctrl Pts',(0.0116096197005795,2.55700381845815E-8,
0.000705232421604702));
#2828=CARTESIAN_POINT('Ctrl Pts',(0.0115213621790912,5.35842717864668E-8,
0.000647567037125241));
#2829=CARTESIAN_POINT('Ctrl Pts',(0.0114459179006392,4.34852131247089E-8,
0.000575259612528982));
#2830=CARTESIAN_POINT('Ctrl Pts',(0.01137696713963,3.42553842431705E-8,
0.000509175715183628));
#2831=CARTESIAN_POINT('Ctrl Pts',(0.0113199031583525,-6.56550337266607E-9,
0.000431948782701854));
#2832=CARTESIAN_POINT('Ctrl Pts',(0.0112786632793848,-1.64962988753032E-8,
0.000346390175401966));
#2833=CARTESIAN_POINT('Ctrl Pts',(0.0112748463142005,-1.74154456243769E-8,
0.000338471281519379));
#2834=CARTESIAN_POINT('Ctrl Pts',(0.0112711662466932,-1.80631908256566E-8,
0.00033048022988065));
#2835=CARTESIAN_POINT('Ctrl Pts',(0.0112676233102786,-1.85138741896386E-8,
0.000322420576013784));
#2836=CARTESIAN_POINT('Ctrl Pts',(0.0112258594000437,-2.38265011619853E-8,
0.000227413886300306));
#2837=CARTESIAN_POINT('Ctrl Pts',(0.0112037052677397,5.1819041919345E-10,
0.000124751013955912));
#2838=CARTESIAN_POINT('Ctrl Pts',(0.0112008967033202,2.01177923483801E-8,
2.06227444671159E-5));
#2839=CARTESIAN_POINT('Ctrl Pts',(0.0111980886593697,3.97137621778142E-8,
-8.34862284939678E-5));
#2840=CARTESIAN_POINT('Ctrl Pts',(0.0112146724228741,6.14380838436499E-8,
-0.00018712020282051));
#2841=CARTESIAN_POINT('Ctrl Pts',(0.0112510150087367,5.79509680106546E-8,
-0.000284101755129841));
#2842=CARTESIAN_POINT('Ctrl Pts',(0.0112589996192648,5.71848348054362E-8,
-0.000305408987546605));
#2843=CARTESIAN_POINT('Ctrl Pts',(0.0112679157094496,5.5355127726711E-8,
-0.000326303264709549));
#2844=CARTESIAN_POINT('Ctrl Pts',(0.0112777622430688,5.13233395565524E-8,
-0.000346722268152129));
#2845=CARTESIAN_POINT('Ctrl Pts',(0.0113127886143187,3.6981347266786E-8,
-0.000419357331696808));
#2846=CARTESIAN_POINT('Ctrl Pts',(0.0113595138590612,-4.78622026120365E-9,
-0.000486027281981782));
#2847=CARTESIAN_POINT('Ctrl Pts',(0.0114154724797257,-2.68955913871119E-8,
-0.000545028203752401));
#2848=CARTESIAN_POINT('Ctrl Pts',(0.0114872832602863,-5.5268184910674E-8,
-0.000620743119449469));
#2849=CARTESIAN_POINT('Ctrl Pts',(0.0115728938780639,-4.998767866519E-8,
-0.000682488490374697));
#2850=CARTESIAN_POINT('Ctrl Pts',(0.0116674272480365,-2.4420062456541E-8,
-0.000726371665873753));
#2851=CARTESIAN_POINT('Ctrl Pts',(0.0117170556480283,-1.09975018897323E-8,
-0.000749409581344367));
#2852=CARTESIAN_POINT('Ctrl Pts',(0.0117686825440449,5.98229040401013E-9,
-0.00076725584845367));
#2853=CARTESIAN_POINT('Ctrl Pts',(0.0118216275582967,1.30723716860143E-8,
-0.000779348384386831));
#2854=CARTESIAN_POINT('Ctrl Pts',(0.011869627103944,1.95001852384105E-8,
-0.000790311385128615));
#2855=CARTESIAN_POINT('Ctrl Pts',(0.0119187159128536,1.7744798954719E-8,
-0.000796543800016675));
#2856=CARTESIAN_POINT('Ctrl Pts',(0.011968257407923,1.40351201510639E-8,
-0.000798202183507571));
#2857=CARTESIAN_POINT('Ctrl Pts',(0.012072416891481,6.23563352244883E-9,
-0.000801688884256331));
#2858=CARTESIAN_POINT('Ctrl Pts',(0.0121766407349581,-7.25668327179421E-9,
-0.000785086811910398));
#2859=CARTESIAN_POINT('Ctrl Pts',(0.0122748819894572,-9.72894414317746E-9,
-0.000749852267021906));
#2860=CARTESIAN_POINT('Ctrl Pts',(0.0123563297513041,-1.17785934040989E-8,
-0.000720640762796943));
#2861=CARTESIAN_POINT('Ctrl Pts',(0.0124323980362444,-8.56123057187143E-9,
-0.000679021012979291));
#2862=CARTESIAN_POINT('Ctrl Pts',(0.0124995395622216,-6.03536549807408E-9,
-0.000625539445003295));
#2863=CARTESIAN_POINT('Ctrl Pts',(0.0125132974470125,-5.51779369468038E-9,
-0.00061458060485275));
#2864=CARTESIAN_POINT('Ctrl Pts',(0.0125266778410295,-5.15701668240536E-9,
-0.00060311943462451));
#2865=CARTESIAN_POINT('Ctrl Pts',(0.0125396676746387,-5.00797492095214E-9,
-0.000591181622895634));
#2866=CARTESIAN_POINT('Ctrl Pts',(0.0126159624066442,-4.13259024784563E-9,
-0.000521065855905168));
#2867=CARTESIAN_POINT('Ctrl Pts',(0.0126775288277032,-5.68458272924408E-9,
-0.000435995462124852));
#2868=CARTESIAN_POINT('Ctrl Pts',(0.0127220260341607,-5.25715251260806E-9,
-0.000341677256442119));
#2869=CARTESIAN_POINT('Ctrl Pts',(0.0127472044487067,-5.01529429181613E-9,
-0.000288307998662236));
#2870=CARTESIAN_POINT('Ctrl Pts',(0.0127666616863068,-4.27851188024955E-9,
-0.000232396166518713));
#2871=CARTESIAN_POINT('Ctrl Pts',(0.01277988133022,-3.2182499218363E-9,
-0.000174937900162169));
#2872=CARTESIAN_POINT('Ctrl Pts',(0.0127930975693436,-2.15826103953148E-9,
-0.000117494432487694));
#2873=CARTESIAN_POINT('Ctrl Pts',(0.0127999996952616,-7.72701318335413E-10,
-5.88542009387327E-5));
#2874=CARTESIAN_POINT('Ctrl Pts',(0.0127999997180447,2.5804266704646E-11,
-4.53391664489989E-19));
#2875=CARTESIAN_POINT('',(0.0128,2.50796419738938E-17,0.06));
#2876=CARTESIAN_POINT('Ctrl Pts',(0.0127999997180447,2.5804266698664E-11,
-9.79847713383775E-20));
#2877=CARTESIAN_POINT('Ctrl Pts',(0.0127999499172772,-0.00190782644783753,
0.000177914495573675));
#2878=CARTESIAN_POINT('Ctrl Pts',(0.0119320497603785,-0.00572945261593044,
0.000534412371781785));
#2879=CARTESIAN_POINT('Ctrl Pts',(0.00827020324031673,-0.0103364229579213,
0.00106949362862433));
#2880=CARTESIAN_POINT('Ctrl Pts',(0.00296628892890147,-0.0129010930569357,
0.00160524377052764));
#2881=CARTESIAN_POINT('Ctrl Pts',(-0.00292556906802989,-0.0129104695945448,
0.00214099391243094));
#2882=CARTESIAN_POINT('Ctrl Pts',(-0.00823773190820167,-0.0103623002208263,
0.00267674405433425));
#2883=CARTESIAN_POINT('Ctrl Pts',(-0.0119181789840306,-0.00576155121976579,
0.00321249419623755));
#2884=CARTESIAN_POINT('Ctrl Pts',(-0.0132377397445211,-1.9459893872821E-5,
0.00374824433814086));
#2885=CARTESIAN_POINT('Ctrl Pts',(-0.0119350616678678,0.00572644111591038,
0.00428399448004416));
#2886=CARTESIAN_POINT('Ctrl Pts',(-0.00826821386070171,0.0103380680115261,
0.00481974462194748));
#2887=CARTESIAN_POINT('Ctrl Pts',(-0.00296345926896342,0.0129017208700078,
0.00535549476385078));
#2888=CARTESIAN_POINT('Ctrl Pts',(0.00292817262152396,0.0129099363604748,
0.00589124490575409));
#2889=CARTESIAN_POINT('Ctrl Pts',(0.00824007299638446,0.01036035690653,
0.00642699504765739));
#2890=CARTESIAN_POINT('Ctrl Pts',(0.0119190933136956,0.00575949282465513,
0.00696274518956069));
#2891=CARTESIAN_POINT('Ctrl Pts',(0.0132383269247621,1.57619537953989E-5,
0.007498495331464));
#2892=CARTESIAN_POINT('Ctrl Pts',(0.0119326914417952,-0.00572709723399039,
0.00803424547336731));
#2893=CARTESIAN_POINT('Ctrl Pts',(0.00786116401227676,-0.0108565089388281,
0.00862952340881542));
#2894=CARTESIAN_POINT('Ctrl Pts',(0.00103316672876529,-0.0135520425655296,
0.00928432913780836));
#2895=CARTESIAN_POINT('Ctrl Pts',(-0.00678284026204724,-0.0117752220843501,
0.0099986626603461));
#2896=CARTESIAN_POINT('Ctrl Pts',(-0.0122361555372453,-0.0059110555933427,
0.0107129961828838));
#2897=CARTESIAN_POINT('Ctrl Pts',(-0.0134416754109804,0.00201399804478182,
0.0114273297054216));
#2898=CARTESIAN_POINT('Ctrl Pts',(-0.0107402491506769,0.00762473855812301,
0.0119829224451732));
#2899=CARTESIAN_POINT('Ctrl Pts',(-0.00688966432541523,0.0110203267561809,
0.0124591447935317));
#2900=CARTESIAN_POINT('Ctrl Pts',(-0.00293856949691092,0.0128132080244926,
0.0128559967504971));
#2901=CARTESIAN_POINT('Ctrl Pts',(0.00227121449371651,0.0129465675714389,
0.0133322190988556));
#2902=CARTESIAN_POINT('Ctrl Pts',(0.00712110214415986,0.0110484258091512,
0.013808441447214));
#2903=CARTESIAN_POINT('Ctrl Pts',(0.0108542528771938,0.00741401858986118,
0.0142846637955726));
#2904=CARTESIAN_POINT('Ctrl Pts',(0.0128814739184782,0.00261562520577524,
0.014760886143931));
#2905=CARTESIAN_POINT('Ctrl Pts',(0.0128863707251493,-0.00259400606730696,
0.0152371084922896));
#2906=CARTESIAN_POINT('Ctrl Pts',(0.0108662865213204,-0.00739582753562615,
0.015713330840648));
#2907=CARTESIAN_POINT('Ctrl Pts',(0.00714009191791414,-0.011036090570641,
0.0161895531890065));
#2908=CARTESIAN_POINT('Ctrl Pts',(0.00229213816373751,-0.0129434994919063,
0.016665775537365));
#2909=CARTESIAN_POINT('Ctrl Pts',(-0.00291559730540786,-0.0128166755792406,
0.0171419978857235));
#2910=CARTESIAN_POINT('Ctrl Pts',(-0.0076658605621409,-0.0106784101182186,
0.017618220234082));
#2911=CARTESIAN_POINT('Ctrl Pts',(-0.0112115202738244,-0.00686108896522097,
0.0180944425824405));
#2912=CARTESIAN_POINT('Ctrl Pts',(-0.0129960665338641,-0.00196800745614731,
0.018570664930799));
#2913=CARTESIAN_POINT('Ctrl Pts',(-0.0127409838126841,0.00323687090571686,
0.0190468872791575));
#2914=CARTESIAN_POINT('Ctrl Pts',(-0.0104812606367852,0.00792874312197833,
0.019523109627516));
#2915=CARTESIAN_POINT('Ctrl Pts',(-0.00593118597277026,0.0119596021527295,
0.0200787023672676));
#2916=CARTESIAN_POINT('Ctrl Pts',(0.0010085306479604,0.013555493617325,
0.0207136654984122));
#2917=CARTESIAN_POINT('Ctrl Pts',(0.00784374957311773,0.0108689243801207,
0.0213684712274052));
#2918=CARTESIAN_POINT('Ctrl Pts',(0.0119226686204254,0.00574749306716014,
0.0219637491628532));
#2919=CARTESIAN_POINT('Ctrl Pts',(0.0132385272453524,6.3000011931725E-6,
0.0224994993047566));
#2920=CARTESIAN_POINT('Ctrl Pts',(0.0119286563174568,-0.00573937164203112,
0.0230352494466599));
#2921=CARTESIAN_POINT('Ctrl Pts',(0.00825751574604077,-0.0103465433961952,
0.0235709995885632));
#2922=CARTESIAN_POINT('Ctrl Pts',(0.00294983064850028,-0.0129049758431723,
0.0241067497304665));
#2923=CARTESIAN_POINT('Ctrl Pts',(-0.00294176201109302,-0.0129066944422752,
0.0246424998723698));
#2924=CARTESIAN_POINT('Ctrl Pts',(-0.00825085290525633,-0.0103519340162834,
0.0251782500142731));
#2925=CARTESIAN_POINT('Ctrl Pts',(-0.0119253952891937,-0.00574649622630768,
0.0257140001561764));
#2926=CARTESIAN_POINT('Ctrl Pts',(-0.0132378080272661,-2.75912052942344E-6,
0.0262497502980797));
#2927=CARTESIAN_POINT('Ctrl Pts',(-0.0119277343175288,0.00574148103212232,
0.026785500439983));
#2928=CARTESIAN_POINT('Ctrl Pts',(-0.00825534439335016,0.010348524630369,
0.0273212505818863));
#2929=CARTESIAN_POINT('Ctrl Pts',(-0.00294682082191209,0.0129053785660839,
0.0278570007237896));
#2930=CARTESIAN_POINT('Ctrl Pts',(0.00294373608209082,0.0129063763365764,
0.028392750865693));
#2931=CARTESIAN_POINT('Ctrl Pts',(0.00825459045808494,0.0103496607259726,
0.0289285010075962));
#2932=CARTESIAN_POINT('Ctrl Pts',(0.0119234401787088,0.00574503648451011,
0.0294642511494996));
#2933=CARTESIAN_POINT('Ctrl Pts',(0.0133904929290093,-0.000640606921807868,
0.0300595290849477));
#2934=CARTESIAN_POINT('Ctrl Pts',(0.0116216088242912,-0.00637724678196775,
0.030595279226851));
#2935=CARTESIAN_POINT('Ctrl Pts',(0.00809636186952972,-0.0101553331839268,
0.0310715015752095));
#2936=CARTESIAN_POINT('Ctrl Pts',(0.00363206291208106,-0.0127479976674244,
0.031547723923568));
#2937=CARTESIAN_POINT('Ctrl Pts',(-0.00302604334819636,-0.0132486237243258,
0.0321430018590161));
#2938=CARTESIAN_POINT('Ctrl Pts',(-0.00996292037866263,-0.00924254250241649,
0.0328573353815538));
#2939=CARTESIAN_POINT('Ctrl Pts',(-0.013439713006083,-0.00202110839081087,
0.0335716689040916));
#2940=CARTESIAN_POINT('Ctrl Pts',(-0.0123719697181246,0.00501614992169345,
0.0342066320352362));
#2941=CARTESIAN_POINT('Ctrl Pts',(-0.00869246043091777,0.00985700411432446,
0.0347622247749878));
#2942=CARTESIAN_POINT('Ctrl Pts',(-0.00418387191472604,0.012461705597692,
0.0352384471233463));
#2943=CARTESIAN_POINT('Ctrl Pts',(0.000987013974256558,0.0131071674242997,
0.0357146694717048));
#2944=CARTESIAN_POINT('Ctrl Pts',(0.00600049810232717,0.0116950172174414,
0.0361908918200633));
#2945=CARTESIAN_POINT('Ctrl Pts',(0.0100727407117066,0.00844542648733849,
0.0366671141684218));
#2946=CARTESIAN_POINT('Ctrl Pts',(0.0125620011146315,0.00386936868439966,
0.0371433365167803));
#2947=CARTESIAN_POINT('Ctrl Pts',(0.0130785421350663,-0.00131438144604086,
0.0376195588651388));
#2948=CARTESIAN_POINT('Ctrl Pts',(0.0115411905972191,-0.00629174149543234,
0.0380957812134973));
#2949=CARTESIAN_POINT('Ctrl Pts',(0.00819037208923722,-0.0102806245030298,
0.0385720035618558));
#2950=CARTESIAN_POINT('Ctrl Pts',(0.00355369273351123,-0.0126552975187606,
0.0390482259102143));
#2951=CARTESIAN_POINT('Ctrl Pts',(-0.00164116191205465,-0.0130415882402448,
0.0395244482585728));
#2952=CARTESIAN_POINT('Ctrl Pts',(-0.00616786299841108,-0.0115181870478607,
0.0399609854112347));
#2953=CARTESIAN_POINT('Ctrl Pts',(-0.00952706491145879,-0.00883042501200894,
0.0403578373682001));
#2954=CARTESIAN_POINT('Ctrl Pts',(-0.0124426934431517,-0.00456592169466566,
0.0408340597165586));
#2955=CARTESIAN_POINT('Ctrl Pts',(-0.0134381221503793,0.00203265520556946,
0.0414293376520067));
#2956=CARTESIAN_POINT('Ctrl Pts',(-0.00995465532625999,0.00925063984987435,
0.0421436711745445));
#2957=CARTESIAN_POINT('Ctrl Pts',(-0.00301499383372881,0.0132508831153507,
0.0428580046970822));
#2958=CARTESIAN_POINT('Ctrl Pts',(0.00497506127862218,0.0126461193295998,
0.04357233821962));
#2959=CARTESIAN_POINT('Ctrl Pts',(0.0112334679586809,0.00764704094561849,
0.0442866717421577));
#2960=CARTESIAN_POINT('Ctrl Pts',(0.0135911910833424,-1.31549116267543E-5,
0.0450010052646954));
#2961=CARTESIAN_POINT('Ctrl Pts',(0.0114816247012609,-0.00681148021138886,
0.0456359683958401));
#2962=CARTESIAN_POINT('Ctrl Pts',(0.00711928949143016,-0.011046990299367,
0.0461915611355917));
#2963=CARTESIAN_POINT('Ctrl Pts',(0.00227141237076123,-0.0129475769739027,
0.0466677834839502));
#2964=CARTESIAN_POINT('Ctrl Pts',(-0.00293755887059587,-0.0128117479993185,
0.0471440058323087));
#2965=CARTESIAN_POINT('Ctrl Pts',(-0.00768374939395795,-0.010665321827628,
0.0476202281806671));
#2966=CARTESIAN_POINT('Ctrl Pts',(-0.011222809792356,-0.00684273817373805,
0.0480964505290257));
#2967=CARTESIAN_POINT('Ctrl Pts',(-0.0128520264129434,-0.00235290003731712,
0.0485329876816876));
#2968=CARTESIAN_POINT('Ctrl Pts',(-0.0128428847921197,0.00194870666391404,
0.048929839638653));
#2969=CARTESIAN_POINT('Ctrl Pts',(-0.0113243311992923,0.00688751525594157,
0.0494060619870115));
#2970=CARTESIAN_POINT('Ctrl Pts',(-0.00678527828063194,0.0117764786443325,
0.0500013399224596));
#2971=CARTESIAN_POINT('Ctrl Pts',(0.00103450993593155,0.0135513551383589,
0.0507156734449974));
#2972=CARTESIAN_POINT('Ctrl Pts',(0.00786058454552154,0.0108568084252074,
0.0513704791739903));
#2973=CARTESIAN_POINT('Ctrl Pts',(0.0119329820906824,0.00572692522270497,
0.0519657571094383));
#2974=CARTESIAN_POINT('Ctrl Pts',(0.0132381876821455,-1.57174523445174E-5,
0.0525015072513418));
#2975=CARTESIAN_POINT('Ctrl Pts',(0.0119191499695573,-0.00575955493296228,
0.053037257393245));
#2976=CARTESIAN_POINT('Ctrl Pts',(0.00824001630321896,-0.0103603567258171,
0.0535730075351483));
#2977=CARTESIAN_POINT('Ctrl Pts',(0.00292816168208076,-0.0129099516262087,
0.0541087576770517));
#2978=CARTESIAN_POINT('Ctrl Pts',(-0.00296349561137875,-0.0129017100302204,
0.0546445078189549));
#2979=CARTESIAN_POINT('Ctrl Pts',(-0.00826823205210444,-0.0103380523162247,
0.0551802579608583));
#2980=CARTESIAN_POINT('Ctrl Pts',(-0.0119350761298877,-0.00572641420280747,
0.0557160081027615));
#2981=CARTESIAN_POINT('Ctrl Pts',(-0.0132377386753609,1.94879975957173E-5,
0.0562517582446649));
#2982=CARTESIAN_POINT('Ctrl Pts',(-0.0119181670266032,0.0057615772754931,
0.0567875083865681));
#2983=CARTESIAN_POINT('Ctrl Pts',(-0.00823770923400564,0.010362317912609,
0.0573232585284715));
#2984=CARTESIAN_POINT('Ctrl Pts',(-0.00292554125819889,0.0129104759906616,
0.0578590086703748));
#2985=CARTESIAN_POINT('Ctrl Pts',(0.00296631690639395,0.0129010866056828,
0.0583947588122781));
#2986=CARTESIAN_POINT('Ctrl Pts',(0.00827022557415484,0.0103364050797913,
0.0589305089541814));
#2987=CARTESIAN_POINT('Ctrl Pts',(0.0119320562827989,0.00572943420131572,
0.0594655893500887));
#2988=CARTESIAN_POINT('Ctrl Pts',(0.0127999498535095,0.00190781721000582,
0.0598220863653616));
#2989=CARTESIAN_POINT('Ctrl Pts',(0.0127999997173216,-2.5870016083767E-11,
0.06));
#2990=CARTESIAN_POINT('Ctrl Pts',(0.0127999997173216,-2.58700057496515E-11,
0.0599999999999995));
#2991=CARTESIAN_POINT('Ctrl Pts',(0.0127999997506598,1.00815344260987E-9,
0.0599244942104752));
#2992=CARTESIAN_POINT('Ctrl Pts',(0.0127886654663491,9.04772589986595E-11,
0.0598492749935218));
#2993=CARTESIAN_POINT('Ctrl Pts',(0.0127671013021211,-6.75929141941666E-10,
0.0597764493912069));
#2994=CARTESIAN_POINT('Ctrl Pts',(0.0127375073090256,-1.72772179165352E-9,
0.0596765057834099));
#2995=CARTESIAN_POINT('Ctrl Pts',(0.0126893091275745,-2.25623163646186E-9,
0.0595829097940491));
#2996=CARTESIAN_POINT('Ctrl Pts',(0.0126250999859793,-2.75688954122586E-9,
0.0595012325990031));
#2997=CARTESIAN_POINT('Ctrl Pts',(0.0125880604277708,-3.0456980863501E-9,
0.059454116454089));
#2998=CARTESIAN_POINT('Ctrl Pts',(0.0125460506876315,-4.3714693626768E-9,
0.0594115085078148));
#2999=CARTESIAN_POINT('Ctrl Pts',(0.0124995403498246,-5.93177872868032E-9,
0.0593744606045634));
#3000=CARTESIAN_POINT('Ctrl Pts',(0.0124653447616837,-7.07895802140467E-9,
0.0593472220399603));
#3001=CARTESIAN_POINT('Ctrl Pts',(0.012428708748071,-8.41693730314493E-9,
0.0593229916882365));
#3002=CARTESIAN_POINT('Ctrl Pts',(0.0123900893253718,-9.6335845784103E-9,
0.0593018622850418));
#3003=CARTESIAN_POINT('Ctrl Pts',(0.0122988479528423,-1.25080078352306E-8,
0.059251942436078));
#3004=CARTESIAN_POINT('Ctrl Pts',(0.0121983450758953,-8.61840484825563E-9,
0.0592200820078159));
#3005=CARTESIAN_POINT('Ctrl Pts',(0.0120947155360151,1.47701220760965E-9,
0.0592074272703047));
#3006=CARTESIAN_POINT('Ctrl Pts',(0.0120032756277815,1.03849357004107E-8,
0.0591962610715734));
#3007=CARTESIAN_POINT('Ctrl Pts',(0.0119108767990734,2.4371552228578E-8,
0.059200267520536));
#3008=CARTESIAN_POINT('Ctrl Pts',(0.0118216285418045,1.28759458721452E-8,
0.0592206516230176));
#3009=CARTESIAN_POINT('Ctrl Pts',(0.0118096730285146,1.13360180493141E-8,
0.0592233822355312));
#3010=CARTESIAN_POINT('Ctrl Pts',(0.0117977743549932,9.25963807105077E-9,
0.059226409565128));
#3011=CARTESIAN_POINT('Ctrl Pts',(0.0117859403983578,6.81655824168705E-9,
0.0592297276971488));
#3012=CARTESIAN_POINT('Ctrl Pts',(0.0116858011527281,-1.38568461462602E-8,
0.0592578058157109));
#3013=CARTESIAN_POINT('Ctrl Pts',(0.0115920724078317,-5.06844552550848E-8,
0.0593059411837022));
#3014=CARTESIAN_POINT('Ctrl Pts',(0.0115094429972496,-4.62991597352384E-8,
0.0593699697323751));
#3015=CARTESIAN_POINT('Ctrl Pts',(0.0114269223522951,-4.19196366056537E-8,
0.0594339139998553));
#3016=CARTESIAN_POINT('Ctrl Pts',(0.011356977207153,4.37111270308533E-9,
0.0595125484655757));
#3017=CARTESIAN_POINT('Ctrl Pts',(0.0113048295690269,3.69793999122482E-8,
0.0596022941639934));
#3018=CARTESIAN_POINT('Ctrl Pts',(0.0112951414767799,4.30374325933337E-8,
0.0596189672988905));
#3019=CARTESIAN_POINT('Ctrl Pts',(0.0112861090136262,4.84831287196849E-8,
0.0596359700269844));
#3020=CARTESIAN_POINT('Ctrl Pts',(0.0112777627615208,5.2360843439468E-8,
0.0596532777619908));
#3021=CARTESIAN_POINT('Ctrl Pts',(0.0112412531060108,6.93234305746419E-8,
0.0597289883246201));
#3022=CARTESIAN_POINT('Ctrl Pts',(0.0112177728529582,5.67312714864104E-8,
0.0598105052167584));
#3023=CARTESIAN_POINT('Ctrl Pts',(0.0112071261595334,4.29398322593854E-8,
0.059894521877569));
#3024=CARTESIAN_POINT('Ctrl Pts',(0.0111940532984111,2.60056008821468E-8,
0.0599976842487317));
#3025=CARTESIAN_POINT('Ctrl Pts',(0.011200499465828,1.18637651992447E-9,
0.060102665162582));
#3026=CARTESIAN_POINT('Ctrl Pts',(0.0112264712458759,-1.26692965770345E-8,
0.0602033032234567));
#3027=CARTESIAN_POINT('Ctrl Pts',(0.0112392329070826,-1.94775093831274E-8,
0.0602527533895605));
#3028=CARTESIAN_POINT('Ctrl Pts',(0.0112566330108419,-2.47450012182197E-8,
0.0603006858871683));
#3029=CARTESIAN_POINT('Ctrl Pts',(0.0112786628348012,-1.89663617942374E-8,
0.060346390305532));
#3030=CARTESIAN_POINT('Ctrl Pts',(0.0113015076474456,-1.29739428247152E-8,
0.0603937855492015));
#3031=CARTESIAN_POINT('Ctrl Pts',(0.0113293322833944,4.82894002840599E-9,
0.0604387907678529));
#3032=CARTESIAN_POINT('Ctrl Pts',(0.0113614980085453,1.85123635519435E-8,
0.0604809019722282));
#3033=CARTESIAN_POINT('Ctrl Pts',(0.0114247895285097,4.54368202418812E-8,
0.0605637629094506));
#3034=CARTESIAN_POINT('Ctrl Pts',(0.0115035523167964,5.39160263087167E-8,
0.0606339783207566));
#3035=CARTESIAN_POINT('Ctrl Pts',(0.0115929078254994,2.96472802597061E-8,
0.0606876777226866));
#3036=CARTESIAN_POINT('Ctrl Pts',(0.0116641216142073,1.03057826201921E-8,
0.0607304746125292));
#3037=CARTESIAN_POINT('Ctrl Pts',(0.0117410472252098,-2.70850619623693E-8,
0.0607621070185413));
#3038=CARTESIAN_POINT('Ctrl Pts',(0.0118214000062172,-3.96580686992101E-8,
0.0607804391670622));
#3039=CARTESIAN_POINT('Ctrl Pts',(0.0118419929462751,-4.28802991049938E-8,
0.0607851373595938));
#3040=CARTESIAN_POINT('Ctrl Pts',(0.0118628134689526,-4.43200718138316E-8,
0.060788955876699));
#3041=CARTESIAN_POINT('Ctrl Pts',(0.0118838111829033,-4.46213220803037E-8,
0.0607919068458322));
#3042=CARTESIAN_POINT('Ctrl Pts',(0.0119867455944441,-4.60981028149978E-8,
0.0608063730049538));
#3043=CARTESIAN_POINT('Ctrl Pts',(0.0120919981651163,-2.37766431401768E-8,
0.0607999716724205));
#3044=CARTESIAN_POINT('Ctrl Pts',(0.0121934843937915,-1.1578863117402E-8,
0.0607745576617051));
#3045=CARTESIAN_POINT('Ctrl Pts',(0.0122948781138099,6.07798163282983E-10,
0.0607491668168521));
#3046=CARTESIAN_POINT('Ctrl Pts',(0.0123906638930333,4.23326707718525E-9,
0.0607052584474482));
#3047=CARTESIAN_POINT('Ctrl Pts',(0.0124745317231318,5.47527903805136E-9,
0.0606439286066434));
#3048=CARTESIAN_POINT('Ctrl Pts',(0.0124829611954397,5.60011243112048E-9,
0.0606377644052553));
#3049=CARTESIAN_POINT('Ctrl Pts',(0.012491252864528,5.76566494403066E-9,
0.060631433692145));
#3050=CARTESIAN_POINT('Ctrl Pts',(0.0124994007077366,5.96736809541066E-9,
0.0606249381029805));
#3051=CARTESIAN_POINT('Ctrl Pts',(0.0125722217630096,7.77008274844526E-9,
0.060566884008729));
#3052=CARTESIAN_POINT('Ctrl Pts',(0.0126336749345026,9.30926065441878E-9,
0.0604957751061311));
#3053=CARTESIAN_POINT('Ctrl Pts',(0.0126821037472133,9.2235603835276E-9,
0.0604156531259521));
#3054=CARTESIAN_POINT('Ctrl Pts',(0.0127125694784059,9.1696478310451E-9,
0.0603652497694764));
#3055=CARTESIAN_POINT('Ctrl Pts',(0.012737594035827,8.33984265579187E-9,
0.0603116789686175));
#3056=CARTESIAN_POINT('Ctrl Pts',(0.0127566958101178,6.93253057931016E-9,
0.0602559199090691));
#3057=CARTESIAN_POINT('Ctrl Pts',(0.0127757905141842,5.52573928673763E-9,
0.0602001814878688));
#3058=CARTESIAN_POINT('Ctrl Pts',(0.0127888511415902,3.54431897902026E-9,
0.0601425948046362));
#3059=CARTESIAN_POINT('Ctrl Pts',(0.0127953269158461,1.89895140134807E-9,
0.0600841190667269));
#3060=CARTESIAN_POINT('Ctrl Pts',(0.0127984259020233,1.11155966223333E-9,
0.0600561354625557));
#3061=CARTESIAN_POINT('Ctrl Pts',(0.0127999997049928,4.1574322578417E-10,
0.0600280612290663));
#3062=CARTESIAN_POINT('Ctrl Pts',(0.0127999997173216,-2.58700152294157E-11,
0.06));
#3063=CARTESIAN_POINT('Ctrl Pts',(0.013,0.,-1.22464679914735E-19));
#3064=CARTESIAN_POINT('Ctrl Pts',(0.013,-0.00213546167302836,0.000196078431372549));
#3065=CARTESIAN_POINT('Ctrl Pts',(0.0119276980494047,-0.00640433745078132,
0.000588235294117647));
#3066=CARTESIAN_POINT('Ctrl Pts',(0.00747767283924694,-0.0112855230544573,
0.00117647058823529));
#3067=CARTESIAN_POINT('Ctrl Pts',(0.0012492556378811,-0.0134801692074681,
0.00176470588235294));
#3068=CARTESIAN_POINT('Ctrl Pts',(-0.00527699020189935,-0.012467284465157,
0.00235294117647059));
#3069=CARTESIAN_POINT('Ctrl Pts',(-0.0105471762944233,-0.00848728172392307,
0.00294117647058824));
#3070=CARTESIAN_POINT('Ctrl Pts',(-0.0133075230325726,-0.00248761634438263,
0.00352941176470588));
#3071=CARTESIAN_POINT('Ctrl Pts',(-0.012900938617851,0.00410409240321009,
0.00411764705882353));
#3072=CARTESIAN_POINT('Ctrl Pts',(-0.00942427783147447,0.00971910175682874,
0.00470588235294117));
#3073=CARTESIAN_POINT('Ctrl Pts',(-0.0037048526866033,0.013021214586112,
0.00529411764705882));
#3074=CARTESIAN_POINT('Ctrl Pts',(0.00289622905791191,0.0132245896273701,
0.00588235294117647));
#3075=CARTESIAN_POINT('Ctrl Pts',(0.00880808288561249,0.0102808379869773,
0.00647058823529412));
#3076=CARTESIAN_POINT('Ctrl Pts',(0.0126238258348474,0.00489049609108686,
0.00705882352941177));
#3077=CARTESIAN_POINT('Ctrl Pts',(0.0134354070897465,-0.0016636638328836,
0.00764705882352941));
#3078=CARTESIAN_POINT('Ctrl Pts',(0.0110496886424339,-0.00782191272102819,
0.00823529411764706));
#3079=CARTESIAN_POINT('Ctrl Pts',(0.006034414025276,-0.0121187369571672,
0.0088235294117647));
#3080=CARTESIAN_POINT('Ctrl Pts',(-0.000416904078786964,-0.0135315974503637,
0.00941176470588236));
#3081=CARTESIAN_POINT('Ctrl Pts',(-0.00676900912039588,-0.0117242677199443,
0.00999999999999999));
#3082=CARTESIAN_POINT('Ctrl Pts',(-0.0115102551073062,-0.00712684823353899,
0.0105882352941177));
#3083=CARTESIAN_POINT('Ctrl Pts',(-0.0135123410827146,-0.000833412669671114,
0.0111764705882353));
#3084=CARTESIAN_POINT('Ctrl Pts',(-0.0122988194344052,0.00565835477810978,
0.0117647058823529));
#3085=CARTESIAN_POINT('Ctrl Pts',(-0.00815847870773538,0.0108035717907332,
0.0123529411764706));
#3086=CARTESIAN_POINT('Ctrl Pts',(-0.00207661902405883,0.0133778021994347,
0.0129411764705882));
#3087=CARTESIAN_POINT('Ctrl Pts',(0.00449942534246204,0.0127684419508579,
0.0135294117647059));
#3088=CARTESIAN_POINT('Ctrl Pts',(0.010004716211592,0.00912050392168925,
0.0141176470588235));
#3089=CARTESIAN_POINT('Ctrl Pts',(0.0131291286233199,0.003302108395394,
0.0147058823529412));
#3090=CARTESIAN_POINT('Ctrl Pts',(0.0131291286232817,-0.00330210839538388,
0.0152941176470588));
#3091=CARTESIAN_POINT('Ctrl Pts',(0.0100047162116497,-0.00912050392172473,
0.0158823529411765));
#3092=CARTESIAN_POINT('Ctrl Pts',(0.00449942534235552,-0.0127684419507789,
0.0164705882352941));
#3093=CARTESIAN_POINT('Ctrl Pts',(-0.00207661902384895,-0.0133778021995975,
0.0170588235294118));
#3094=CARTESIAN_POINT('Ctrl Pts',(-0.00815847870815565,-0.0108035717904035,
0.0176470588235294));
#3095=CARTESIAN_POINT('Ctrl Pts',(-0.0122988194335599,-0.00565835477877472,
0.0182352941176471));
#3096=CARTESIAN_POINT('Ctrl Pts',(-0.0135123410844165,0.000833412671010704,
0.0188235294117647));
#3097=CARTESIAN_POINT('Ctrl Pts',(-0.0115102551038788,0.00712684823084078,
0.0194117647058823));
#3098=CARTESIAN_POINT('Ctrl Pts',(-0.00676900912729864,0.0117242677253786,
0.02));
#3099=CARTESIAN_POINT('Ctrl Pts',(-0.000416904064884822,0.013531597439419,
0.0205882352941176));
#3100=CARTESIAN_POINT('Ctrl Pts',(0.0060344139972769,0.0121187369792101,
0.0211764705882353));
#3101=CARTESIAN_POINT('Ctrl Pts',(0.0110496886988244,0.00782191267663348,
0.0217647058823529));
#3102=CARTESIAN_POINT('Ctrl Pts',(0.0134354069761753,0.00166366392229515,
0.0223529411764706));
#3103=CARTESIAN_POINT('Ctrl Pts',(0.0126238260635811,-0.00489049627116278,
0.0229411764705882));
#3104=CARTESIAN_POINT('Ctrl Pts',(0.00880808242494002,-0.0102808376243023,
0.0235294117647059));
#3105=CARTESIAN_POINT('Ctrl Pts',(0.00289622998571183,-0.013224590357802,
0.0241176470588235));
#3106=CARTESIAN_POINT('Ctrl Pts',(-0.00370485455520346,-0.0130212131150133,
0.0247058823529412));
#3107=CARTESIAN_POINT('Ctrl Pts',(-0.00942427406809086,-0.0097191047196394,
0.0252941176470588));
#3108=CARTESIAN_POINT('Ctrl Pts',(-0.0129009461973552,-0.00410408643607236,
0.0258823529411765));
#3109=CARTESIAN_POINT('Ctrl Pts',(-0.0133075077672986,0.00248760432647416,
0.0264705882352941));
#3110=CARTESIAN_POINT('Ctrl Pts',(-0.0105472070397306,0.00848730592843593,
0.0270588235294118));
#3111=CARTESIAN_POINT('Ctrl Pts',(-0.00527692826802042,0.0124672357126981,
0.0276470588235294));
#3112=CARTESIAN_POINT('Ctrl Pts',(0.00124913073473592,0.0134802674554085,
0.0282352941176471));
#3113=CARTESIAN_POINT('Ctrl Pts',(0.00747792708713941,0.0112853243081993,
0.0288235294117647));
#3114=CARTESIAN_POINT('Ctrl Pts',(0.0119271591687637,0.00640474920857821,
0.0294117647058824));
#3115=CARTESIAN_POINT('Ctrl Pts',(0.0135380182545972,1.58913623278993E-17,
0.03));
#3116=CARTESIAN_POINT('Ctrl Pts',(0.0119271591687637,-0.00640474920857819,
0.0305882352941177));
#3117=CARTESIAN_POINT('Ctrl Pts',(0.00747792708713943,-0.0112853243081992,
0.0311764705882353));
#3118=CARTESIAN_POINT('Ctrl Pts',(0.00124913073473594,-0.0134802674554085,
0.031764705882353));
#3119=CARTESIAN_POINT('Ctrl Pts',(-0.00527692826802039,-0.0124672357126981,
0.0323529411764706));
#3120=CARTESIAN_POINT('Ctrl Pts',(-0.0105472070397306,-0.00848730592843596,
0.0329411764705883));
#3121=CARTESIAN_POINT('Ctrl Pts',(-0.0133075077672986,-0.00248760432647418,
0.0335294117647059));
#3122=CARTESIAN_POINT('Ctrl Pts',(-0.0129009461973552,0.00410408643607232,
0.0341176470588235));
#3123=CARTESIAN_POINT('Ctrl Pts',(-0.00942427406809088,0.00971910471963936,
0.0347058823529411));
#3124=CARTESIAN_POINT('Ctrl Pts',(-0.00370485455520353,0.0130212131150133,
0.0352941176470588));
#3125=CARTESIAN_POINT('Ctrl Pts',(0.00289622998571179,0.013224590357802,
0.0358823529411764));
#3126=CARTESIAN_POINT('Ctrl Pts',(0.00880808242493999,0.0102808376243023,
0.0364705882352941));
#3127=CARTESIAN_POINT('Ctrl Pts',(0.0126238260635811,0.00489049627116281,
0.0370588235294117));
#3128=CARTESIAN_POINT('Ctrl Pts',(0.0134354069761753,-0.00166366392229512,
0.0376470588235294));
#3129=CARTESIAN_POINT('Ctrl Pts',(0.0110496886988244,-0.00782191267663346,
0.0382352941176471));
#3130=CARTESIAN_POINT('Ctrl Pts',(0.00603441399727691,-0.0121187369792101,
0.0388235294117647));
#3131=CARTESIAN_POINT('Ctrl Pts',(-0.000416904064884772,-0.013531597439419,
0.0394117647058824));
#3132=CARTESIAN_POINT('Ctrl Pts',(-0.00676900912729862,-0.0117242677253786,
0.0399999999999999));
#3133=CARTESIAN_POINT('Ctrl Pts',(-0.0115102551038788,-0.0071268482308408,
0.0405882352941177));
#3134=CARTESIAN_POINT('Ctrl Pts',(-0.0135123410844165,-0.000833412671010701,
0.0411764705882353));
#3135=CARTESIAN_POINT('Ctrl Pts',(-0.0122988194335599,0.00565835477877469,
0.041764705882353));
#3136=CARTESIAN_POINT('Ctrl Pts',(-0.00815847870815569,0.0108035717904035,
0.0423529411764705));
#3137=CARTESIAN_POINT('Ctrl Pts',(-0.00207661902384902,0.0133778021995975,
0.0429411764705883));
#3138=CARTESIAN_POINT('Ctrl Pts',(0.00449942534235544,0.0127684419507789,
0.0435294117647058));
#3139=CARTESIAN_POINT('Ctrl Pts',(0.0100047162116496,0.00912050392172479,
0.0441176470588236));
#3140=CARTESIAN_POINT('Ctrl Pts',(0.0131291286232817,0.00330210839538392,
0.0447058823529411));
#3141=CARTESIAN_POINT('Ctrl Pts',(0.0131291286233199,-0.00330210839539396,
0.0452941176470589));
#3142=CARTESIAN_POINT('Ctrl Pts',(0.010004716211592,-0.00912050392168925,
0.0458823529411764));
#3143=CARTESIAN_POINT('Ctrl Pts',(0.00449942534246205,-0.0127684419508579,
0.0464705882352942));
#3144=CARTESIAN_POINT('Ctrl Pts',(-0.00207661902405884,-0.0133778021994347,
0.0470588235294117));
#3145=CARTESIAN_POINT('Ctrl Pts',(-0.00815847870773535,-0.0108035717907332,
0.0476470588235294));
#3146=CARTESIAN_POINT('Ctrl Pts',(-0.0122988194344052,-0.00565835477810982,
0.048235294117647));
#3147=CARTESIAN_POINT('Ctrl Pts',(-0.0135123410827146,0.000833412669671069,
0.0488235294117647));
#3148=CARTESIAN_POINT('Ctrl Pts',(-0.0115102551073062,0.00712684823353892,
0.0494117647058823));
#3149=CARTESIAN_POINT('Ctrl Pts',(-0.00676900912039592,0.0117242677199443,
0.05));
#3150=CARTESIAN_POINT('Ctrl Pts',(-0.000416904078787015,0.0135315974503637,
0.0505882352941176));
#3151=CARTESIAN_POINT('Ctrl Pts',(0.00603441402527598,0.0121187369571672,
0.0511764705882353));
#3152=CARTESIAN_POINT('Ctrl Pts',(0.0110496886424339,0.00782191272102821,
0.0517647058823529));
#3153=CARTESIAN_POINT('Ctrl Pts',(0.0134354070897465,0.00166366383288361,
0.0523529411764706));
#3154=CARTESIAN_POINT('Ctrl Pts',(0.0126238258348474,-0.00489049609108688,
0.0529411764705882));
#3155=CARTESIAN_POINT('Ctrl Pts',(0.00880808288561249,-0.0102808379869773,
0.0535294117647059));
#3156=CARTESIAN_POINT('Ctrl Pts',(0.00289622905791194,-0.0132245896273701,
0.0541176470588235));
#3157=CARTESIAN_POINT('Ctrl Pts',(-0.00370485268660325,-0.013021214586112,
0.0547058823529411));
#3158=CARTESIAN_POINT('Ctrl Pts',(-0.00942427783147443,-0.0097191017568288,
0.0552941176470588));
#3159=CARTESIAN_POINT('Ctrl Pts',(-0.012900938617851,-0.00410409240321013,
0.0558823529411765));
#3160=CARTESIAN_POINT('Ctrl Pts',(-0.0133075230325726,0.00248761634438259,
0.0564705882352941));
#3161=CARTESIAN_POINT('Ctrl Pts',(-0.0105471762944233,0.00848728172392304,
0.0570588235294118));
#3162=CARTESIAN_POINT('Ctrl Pts',(-0.00527699020189937,0.0124672844651569,
0.0576470588235294));
#3163=CARTESIAN_POINT('Ctrl Pts',(0.00124925563788111,0.0134801692074682,
0.0582352941176471));
#3164=CARTESIAN_POINT('Ctrl Pts',(0.00747767283924694,0.0112855230544573,
0.0588235294117647));
#3165=CARTESIAN_POINT('Ctrl Pts',(0.0119276980494047,0.00640433745078134,
0.0594117647058824));
#3166=CARTESIAN_POINT('Ctrl Pts',(0.013,0.00213546167302838,0.0598039215686275));
#3167=CARTESIAN_POINT('Ctrl Pts',(0.013,2.54726534222649E-17,0.06));
#3168=CARTESIAN_POINT('Ctrl Pts',(0.013,0.,-0.000299199300341885));
#3169=CARTESIAN_POINT('Ctrl Pts',(0.013,-0.00213590868404828,-0.000103120868969336));
#3170=CARTESIAN_POINT('Ctrl Pts',(0.0119277716900876,-0.00640410488226642,
0.000289035993775761));
#3171=CARTESIAN_POINT('Ctrl Pts',(0.0074776902496782,-0.0112856891788002,
0.00087727128789341));
#3172=CARTESIAN_POINT('Ctrl Pts',(0.00124926667579842,-0.013480163227118,
0.00146550658201105));
#3173=CARTESIAN_POINT('Ctrl Pts',(-0.00527701421061182,-0.0124673636496291,
0.0020537418761287));
#3174=CARTESIAN_POINT('Ctrl Pts',(-0.0105472167755375,-0.00848730082175483,
0.00264197717024635));
#3175=CARTESIAN_POINT('Ctrl Pts',(-0.0133075767336113,-0.00248763353244179,
0.003230212464364));
#3176=CARTESIAN_POINT('Ctrl Pts',(-0.0129009895912923,0.00410411235487933,
0.00381844775848165));
#3177=CARTESIAN_POINT('Ctrl Pts',(-0.00942431551983089,0.00971913863894382,
0.00440668305259928));
#3178=CARTESIAN_POINT('Ctrl Pts',(-0.00370486733996437,0.0130212672984657,
0.00499491834671694));
#3179=CARTESIAN_POINT('Ctrl Pts',(0.00289624053890525,0.0132246418139955,
0.00558315364083458));
#3180=CARTESIAN_POINT('Ctrl Pts',(0.00880811796130661,0.0102808791213269,
0.00617138893495224));
#3181=CARTESIAN_POINT('Ctrl Pts',(0.0126238760624809,0.00489051544447395,
0.00675962422906987));
#3182=CARTESIAN_POINT('Ctrl Pts',(0.0134354605638359,-0.00166367039950473,
0.00734785952318753));
#3183=CARTESIAN_POINT('Ctrl Pts',(0.011049732613881,-0.00782194387663294,
0.00793609481730516));
#3184=CARTESIAN_POINT('Ctrl Pts',(0.00603443804165139,-0.0121187851724518,
0.00852433011142283));
#3185=CARTESIAN_POINT('Ctrl Pts',(-0.000416905738605518,-0.0135316513083811,
0.00911256540554047));
#3186=CARTESIAN_POINT('Ctrl Pts',(-0.00676903605852696,-0.0117243143754411,
0.0097008006996581));
#3187=CARTESIAN_POINT('Ctrl Pts',(-0.0115103009145641,-0.00712687659772556,
0.0102890359937758));
#3188=CARTESIAN_POINT('Ctrl Pts',(-0.0135123948573778,-0.000833415985571435,
0.0108772712878934));
#3189=CARTESIAN_POINT('Ctrl Pts',(-0.0122988683797686,0.00565837729612776,
0.0114655065820111));
#3190=CARTESIAN_POINT('Ctrl Pts',(-0.00815851117582076,0.010803614785654,
0.0120537418761287));
#3191=CARTESIAN_POINT('Ctrl Pts',(-0.00207662728834083,0.0133778554386599,
0.0126419771702464));
#3192=CARTESIAN_POINT('Ctrl Pts',(0.00449944324872424,0.0127684927651753,
0.013230212464364));
#3193=CARTESIAN_POINT('Ctrl Pts',(0.0100047560271233,0.00912054021831961,
0.0138184477584817));
#3194=CARTESIAN_POINT('Ctrl Pts',(0.0131291808730054,0.00330212153672927,
0.0144066830525993));
#3195=CARTESIAN_POINT('Ctrl Pts',(0.0131291808729654,-0.00330212153671301,
0.0149949183467169));
#3196=CARTESIAN_POINT('Ctrl Pts',(0.0100047560271837,-0.0091205402183766,
0.0155831536408346));
#3197=CARTESIAN_POINT('Ctrl Pts',(0.00449944324861252,-0.0127684927650484,
0.0161713889349522));
#3198=CARTESIAN_POINT('Ctrl Pts',(-0.00207662728812073,-0.0133778554389214,
0.0167596242290699));
#3199=CARTESIAN_POINT('Ctrl Pts',(-0.00815851117626147,-0.0108036147851244,
0.0173478595231875));
#3200=CARTESIAN_POINT('Ctrl Pts',(-0.0122988683788822,-0.00565837729719593,
0.0179360948173052));
#3201=CARTESIAN_POINT('Ctrl Pts',(-0.0135123948591624,0.000833415987723413,
0.0185243301114228));
#3202=CARTESIAN_POINT('Ctrl Pts',(-0.0115103009109702,0.00712687659339105,
0.0191125654055405));
#3203=CARTESIAN_POINT('Ctrl Pts',(-0.00676903606576501,0.011724314384171,
0.0197008006996581));
#3204=CARTESIAN_POINT('Ctrl Pts',(-0.000416905724028112,0.0135316512907989,
0.0202890359937758));
#3205=CARTESIAN_POINT('Ctrl Pts',(0.0060344380122923,0.0121187852078625,
0.0208772712878934));
#3206=CARTESIAN_POINT('Ctrl Pts',(0.0110497326730105,0.00782194380531533,
0.0214655065820111));
#3207=CARTESIAN_POINT('Ctrl Pts',(0.0134354604447484,0.00166367054313931,
0.0220537418761287));
#3208=CARTESIAN_POINT('Ctrl Pts',(0.0126238763023247,-0.00489051573375573,
0.0226419771702463));
#3209=CARTESIAN_POINT('Ctrl Pts',(0.00880811747825841,-0.0102808785387099,
0.023230212464364));
#3210=CARTESIAN_POINT('Ctrl Pts',(0.00289624151177016,-0.0132246429873931,
0.0238184477584816));
#3211=CARTESIAN_POINT('Ctrl Pts',(-0.00370486929932598,-0.0130212649352288,
0.0244066830525993));
#3212=CARTESIAN_POINT('Ctrl Pts',(-0.00942431157365263,-0.00971914339853178,
0.0249949183467169));
#3213=CARTESIAN_POINT('Ctrl Pts',(-0.0129009975389472,-0.0041041027690086,
0.0255831536408346));
#3214=CARTESIAN_POINT('Ctrl Pts',(-0.0133075607268742,0.00248761422633456,
0.0261713889349522));
#3215=CARTESIAN_POINT('Ctrl Pts',(-0.0105472490142023,0.00848733970516767,
0.0267596242290699));
#3216=CARTESIAN_POINT('Ctrl Pts',(-0.00527694926848769,0.0124672853282627,
0.0273478595231875));
#3217=CARTESIAN_POINT('Ctrl Pts',(0.00124913570587211,0.0134803211025117,
0.0279360948173052));
#3218=CARTESIAN_POINT('Ctrl Pts',(0.00747795684686991,0.0112853692201389,
0.0285243301114228));
#3219=CARTESIAN_POINT('Ctrl Pts',(0.0119272066349984,0.00640477469740795,
0.0291125654055405));
#3220=CARTESIAN_POINT('Ctrl Pts',(0.0135380721315299,1.03905061374727E-17,
0.0297008006996581));
#3221=CARTESIAN_POINT('Ctrl Pts',(0.0119272066349984,-0.00640477469740792,
0.0302890359937758));
#3222=CARTESIAN_POINT('Ctrl Pts',(0.00747795684686992,-0.0112853692201389,
0.0308772712878934));
#3223=CARTESIAN_POINT('Ctrl Pts',(0.00124913570587214,-0.0134803211025117,
0.0314655065820111));
#3224=CARTESIAN_POINT('Ctrl Pts',(-0.00527694926848767,-0.0124672853282627,
0.0320537418761287));
#3225=CARTESIAN_POINT('Ctrl Pts',(-0.0105472490142023,-0.00848733970516768,
0.0326419771702464));
#3226=CARTESIAN_POINT('Ctrl Pts',(-0.0133075607268742,-0.00248761422633458,
0.033230212464364));
#3227=CARTESIAN_POINT('Ctrl Pts',(-0.0129009975389473,0.00410410276900854,
0.0338184477584816));
#3228=CARTESIAN_POINT('Ctrl Pts',(-0.00942431157365267,0.00971914339853175,
0.0344066830525993));
#3229=CARTESIAN_POINT('Ctrl Pts',(-0.00370486929932603,0.0130212649352288,
0.0349949183467169));
#3230=CARTESIAN_POINT('Ctrl Pts',(0.00289624151177012,0.0132246429873931,
0.0355831536408346));
#3231=CARTESIAN_POINT('Ctrl Pts',(0.00880811747825839,0.0102808785387099,
0.0361713889349522));
#3232=CARTESIAN_POINT('Ctrl Pts',(0.0126238763023247,0.00489051573375575,
0.0367596242290699));
#3233=CARTESIAN_POINT('Ctrl Pts',(0.0134354604447484,-0.00166367054313928,
0.0373478595231875));
#3234=CARTESIAN_POINT('Ctrl Pts',(0.0110497326730105,-0.00782194380531531,
0.0379360948173052));
#3235=CARTESIAN_POINT('Ctrl Pts',(0.00603443801229232,-0.0121187852078625,
0.0385243301114228));
#3236=CARTESIAN_POINT('Ctrl Pts',(-0.000416905724028066,-0.0135316512907989,
0.0391125654055405));
#3237=CARTESIAN_POINT('Ctrl Pts',(-0.00676903606576499,-0.011724314384171,
0.0397008006996581));
#3238=CARTESIAN_POINT('Ctrl Pts',(-0.0115103009109702,-0.00712687659339108,
0.0402890359937758));
#3239=CARTESIAN_POINT('Ctrl Pts',(-0.0135123948591624,-0.000833415987723407,
0.0408772712878934));
#3240=CARTESIAN_POINT('Ctrl Pts',(-0.0122988683788822,0.0056583772971959,
0.0414655065820111));
#3241=CARTESIAN_POINT('Ctrl Pts',(-0.00815851117626151,0.0108036147851243,
0.0420537418761287));
#3242=CARTESIAN_POINT('Ctrl Pts',(-0.00207662728812081,0.0133778554389214,
0.0426419771702464));
#3243=CARTESIAN_POINT('Ctrl Pts',(0.00449944324861246,0.0127684927650484,
0.043230212464364));
#3244=CARTESIAN_POINT('Ctrl Pts',(0.0100047560271837,0.00912054021837665,
0.0438184477584816));
#3245=CARTESIAN_POINT('Ctrl Pts',(0.0131291808729654,0.00330212153671307,
0.0444066830525993));
#3246=CARTESIAN_POINT('Ctrl Pts',(0.0131291808730054,-0.00330212153672923,
0.0449949183467169));
#3247=CARTESIAN_POINT('Ctrl Pts',(0.0100047560271233,-0.00912054021831959,
0.0455831536408346));
#3248=CARTESIAN_POINT('Ctrl Pts',(0.00449944324872425,-0.0127684927651753,
0.0461713889349522));
#3249=CARTESIAN_POINT('Ctrl Pts',(-0.00207662728834082,-0.0133778554386599,
0.0467596242290699));
#3250=CARTESIAN_POINT('Ctrl Pts',(-0.00815851117582075,-0.010803614785654,
0.0473478595231875));
#3251=CARTESIAN_POINT('Ctrl Pts',(-0.0122988683797686,-0.0056583772961278,
0.0479360948173052));
#3252=CARTESIAN_POINT('Ctrl Pts',(-0.0135123948573778,0.000833415985571395,
0.0485243301114228));
#3253=CARTESIAN_POINT('Ctrl Pts',(-0.0115103009145641,0.00712687659772548,
0.0491125654055405));
#3254=CARTESIAN_POINT('Ctrl Pts',(-0.00676903605852701,0.0117243143754411,
0.0497008006996581));
#3255=CARTESIAN_POINT('Ctrl Pts',(-0.000416905738605562,0.0135316513083811,
0.0502890359937757));
#3256=CARTESIAN_POINT('Ctrl Pts',(0.00603443804165135,0.0121187851724518,
0.0508772712878934));
#3257=CARTESIAN_POINT('Ctrl Pts',(0.011049732613881,0.00782194387663296,
0.051465506582011));
#3258=CARTESIAN_POINT('Ctrl Pts',(0.0134354605638359,0.00166367039950473,
0.0520537418761287));
#3259=CARTESIAN_POINT('Ctrl Pts',(0.0126238760624809,-0.00489051544447396,
0.0526419771702463));
#3260=CARTESIAN_POINT('Ctrl Pts',(0.00880811796130663,-0.0102808791213269,
0.053230212464364));
#3261=CARTESIAN_POINT('Ctrl Pts',(0.00289624053890527,-0.0132246418139955,
0.0538184477584816));
#3262=CARTESIAN_POINT('Ctrl Pts',(-0.00370486733996432,-0.0130212672984658,
0.0544066830525993));
#3263=CARTESIAN_POINT('Ctrl Pts',(-0.00942431551983085,-0.00971913863894387,
0.0549949183467169));
#3264=CARTESIAN_POINT('Ctrl Pts',(-0.0129009895912922,-0.00410411235487938,
0.0555831536408346));
#3265=CARTESIAN_POINT('Ctrl Pts',(-0.0133075767336113,0.00248763353244175,
0.0561713889349522));
#3266=CARTESIAN_POINT('Ctrl Pts',(-0.0105472167755375,0.0084873008217548,
0.0567596242290699));
#3267=CARTESIAN_POINT('Ctrl Pts',(-0.00527701421061185,0.0124673636496291,
0.0573478595231875));
#3268=CARTESIAN_POINT('Ctrl Pts',(0.00124926667579843,0.013480163227118,
0.0579360948173052));
#3269=CARTESIAN_POINT('Ctrl Pts',(0.00747769024967821,0.0112856891788002,
0.0585243301114228));
#3270=CARTESIAN_POINT('Ctrl Pts',(0.0119277716900875,0.00640410488226643,
0.0591125654055405));
#3271=CARTESIAN_POINT('Ctrl Pts',(0.013,0.0021359086840483,0.0595047222682856));
#3272=CARTESIAN_POINT('Ctrl Pts',(0.013,2.54726534222649E-17,0.0597008006996581));
#3273=CARTESIAN_POINT('Ctrl Pts',(0.0127135656806758,0.,-0.000895671463241678));
#3274=CARTESIAN_POINT('Ctrl Pts',(0.0127135656806758,-0.00208829893826403,
-0.000699593031869129));
#3275=CARTESIAN_POINT('Ctrl Pts',(0.0116648718730206,-0.00626328593541005,
-0.00030743616912403));
#3276=CARTESIAN_POINT('Ctrl Pts',(0.00731290988147413,-0.0110368231689264,
0.000280799124993616));
#3277=CARTESIAN_POINT('Ctrl Pts',(0.00122172753057446,-0.0131831566116673,
0.000869034419111264));
#3278=CARTESIAN_POINT('Ctrl Pts',(-0.00516071414323576,-0.0121925679809743,
0.00145726971322891));
#3279=CARTESIAN_POINT('Ctrl Pts',(-0.0103147759701529,-0.00830027322059198,
0.00204550500734656));
#3280=CARTESIAN_POINT('Ctrl Pts',(-0.0130142995695076,-0.00243280139852134,
0.0026337403014642));
#3281=CARTESIAN_POINT('Ctrl Pts',(-0.0126166742742949,0.00401366029122196,
0.00322197559558185));
#3282=CARTESIAN_POINT('Ctrl Pts',(-0.00921661948345248,0.00950494763324832,
0.00381021088969949));
#3283=CARTESIAN_POINT('Ctrl Pts',(-0.00362321850507923,0.012734299720223,
0.00439844618381715));
#3284=CARTESIAN_POINT('Ctrl Pts',(0.00283241240108039,0.0129331938468022,
0.00498668147793479));
#3285=CARTESIAN_POINT('Ctrl Pts',(0.0086140020630998,0.0100543058410642,
0.00557491677205244));
#3286=CARTESIAN_POINT('Ctrl Pts',(0.0123456674162142,0.00478273697374022,
0.00616315206617008));
#3287=CARTESIAN_POINT('Ctrl Pts',(0.0131393659613963,-0.00162700601288393,
0.00675138736028773));
#3288=CARTESIAN_POINT('Ctrl Pts',(0.0108062153894501,-0.00764956156474422,
0.00733962265440537));
#3289=CARTESIAN_POINT('Ctrl Pts',(0.00590144933568337,-0.0118517078691992,
0.00792785794852303));
#3290=CARTESIAN_POINT('Ctrl Pts',(-0.000407717847602557,-0.0132334368249026,
0.00851609324264067));
#3291=CARTESIAN_POINT('Ctrl Pts',(-0.00661985806944392,-0.0114659305222251,
0.00910432853675832));
#3292=CARTESIAN_POINT('Ctrl Pts',(-0.0112566335481259,-0.00696981241212824,
0.00969256383087597));
#3293=CARTESIAN_POINT('Ctrl Pts',(-0.0132146047614229,-0.000815048922178953,
0.0102807991249936));
#3294=CARTESIAN_POINT('Ctrl Pts',(-0.012027822333858,0.00553367632863574,
0.0108690344191112));
#3295=CARTESIAN_POINT('Ctrl Pts',(-0.00797871152875379,0.0105655215740469,
0.0114572697132289));
#3296=CARTESIAN_POINT('Ctrl Pts',(-0.00203086197091464,0.0130830303616469,
0.0120455050073465));
#3297=CARTESIAN_POINT('Ctrl Pts',(0.00440028320703932,0.0124870970001767,
0.0126337403014642));
#3298=CARTESIAN_POINT('Ctrl Pts',(0.00978426829791302,0.00891953909483564,
0.0132219755955818));
#3299=CARTESIAN_POINT('Ctrl Pts',(0.012839836158423,0.00322934841988409,
0.0138102108896995));
#3300=CARTESIAN_POINT('Ctrl Pts',(0.0128398361583861,-0.00322934841987572,
0.0143984461838171));
#3301=CARTESIAN_POINT('Ctrl Pts',(0.0097842682979687,-0.00891953909486497,
0.0149866814779348));
#3302=CARTESIAN_POINT('Ctrl Pts',(0.00440028320693642,-0.0124870970001114,
0.0155749167720524));
#3303=CARTESIAN_POINT('Ctrl Pts',(-0.00203086197071191,-0.0130830303617815,
0.0161631520661701));
#3304=CARTESIAN_POINT('Ctrl Pts',(-0.00797871152915974,-0.0105655215737743,
0.0167513873602877));
#3305=CARTESIAN_POINT('Ctrl Pts',(-0.0120278223330415,-0.00553367632918569,
0.0173396226544054));
#3306=CARTESIAN_POINT('Ctrl Pts',(-0.0132146047630668,0.000815048923286868,
0.017927857948523));
#3307=CARTESIAN_POINT('Ctrl Pts',(-0.0112566335448154,0.00696981240989665,
0.0185160932426407));
#3308=CARTESIAN_POINT('Ctrl Pts',(-0.00661985807611116,0.0114659305267196,
0.0191043285367583));
#3309=CARTESIAN_POINT('Ctrl Pts',(-0.000407717834174752,0.0132334368158506,
0.019692563830876));
#3310=CARTESIAN_POINT('Ctrl Pts',(0.00590144930863959,0.01185170788743,
0.0202807991249936));
#3311=CARTESIAN_POINT('Ctrl Pts',(0.0108062154439166,0.00764956152802716,
0.0208690344191112));
#3312=CARTESIAN_POINT('Ctrl Pts',(0.0131393658517001,0.0016270060868326,
0.0214572697132289));
#3313=CARTESIAN_POINT('Ctrl Pts',(0.0123456676371435,-0.00478273712267372,
0.0220455050073465));
#3314=CARTESIAN_POINT('Ctrl Pts',(0.00861400161814547,-0.0100543055411103,
0.0226337403014642));
#3315=CARTESIAN_POINT('Ctrl Pts',(0.00283241329722377,-0.0129331944509129,
0.0232219755955818));
#3316=CARTESIAN_POINT('Ctrl Pts',(-0.00362322030992275,-0.0127342985035367,
0.0238102108896995));
#3317=CARTESIAN_POINT('Ctrl Pts',(-0.00921661584847553,-0.00950495008366922,
0.0243984461838171));
#3318=CARTESIAN_POINT('Ctrl Pts',(-0.0126166815951864,-0.00401365535604385,
0.0249866814779348));
#3319=CARTESIAN_POINT('Ctrl Pts',(-0.0130142848250849,0.00243279145899908,
0.0255749167720524));
#3320=CARTESIAN_POINT('Ctrl Pts',(-0.0103148056664301,0.00830029323910881,
0.0261631520661701));
#3321=CARTESIAN_POINT('Ctrl Pts',(-0.00516065432254114,0.0121925276606064,
0.0267513873602877));
#3322=CARTESIAN_POINT('Ctrl Pts',(0.00122160688912532,0.0131832378572131,
0.0273396226544054));
#3323=CARTESIAN_POINT('Ctrl Pts',(0.007313155454427,0.011036658964143,0.027927857948523));
#3324=CARTESIAN_POINT('Ctrl Pts',(0.0116643513789902,0.00626362440595398,
0.0285160932426406));
#3325=CARTESIAN_POINT('Ctrl Pts',(0.0132397161522222,1.03905061374727E-17,
0.0291043285367583));
#3326=CARTESIAN_POINT('Ctrl Pts',(0.0116643513789903,-0.00626362440595395,
0.029692563830876));
#3327=CARTESIAN_POINT('Ctrl Pts',(0.00731315545442703,-0.011036658964143,
0.0302807991249936));
#3328=CARTESIAN_POINT('Ctrl Pts',(0.00122160688912535,-0.0131832378572131,
0.0308690344191112));
#3329=CARTESIAN_POINT('Ctrl Pts',(-0.00516065432254113,-0.0121925276606064,
0.0314572697132289));
#3330=CARTESIAN_POINT('Ctrl Pts',(-0.0103148056664301,-0.00830029323910885,
0.0320455050073465));
#3331=CARTESIAN_POINT('Ctrl Pts',(-0.0130142848250849,-0.0024327914589991,
0.0326337403014642));
#3332=CARTESIAN_POINT('Ctrl Pts',(-0.0126166815951864,0.0040136553560438,
0.0332219755955818));
#3333=CARTESIAN_POINT('Ctrl Pts',(-0.00921661584847557,0.0095049500836692,
0.0338102108896995));
#3334=CARTESIAN_POINT('Ctrl Pts',(-0.00362322030992281,0.0127342985035367,
0.0343984461838171));
#3335=CARTESIAN_POINT('Ctrl Pts',(0.00283241329722374,0.0129331944509129,
0.0349866814779348));
#3336=CARTESIAN_POINT('Ctrl Pts',(0.00861400161814545,0.0100543055411103,
0.0355749167720524));
#3337=CARTESIAN_POINT('Ctrl Pts',(0.0123456676371435,0.00478273712267376,
0.0361631520661701));
#3338=CARTESIAN_POINT('Ctrl Pts',(0.0131393658517001,-0.00162700608683258,
0.0367513873602877));
#3339=CARTESIAN_POINT('Ctrl Pts',(0.0108062154439166,-0.00764956152802714,
0.0373396226544054));
#3340=CARTESIAN_POINT('Ctrl Pts',(0.00590144930863961,-0.01185170788743,
0.037927857948523));
#3341=CARTESIAN_POINT('Ctrl Pts',(-0.000407717834174704,-0.0132334368158506,
0.0385160932426407));
#3342=CARTESIAN_POINT('Ctrl Pts',(-0.00661985807611115,-0.0114659305267196,
0.0391043285367583));
#3343=CARTESIAN_POINT('Ctrl Pts',(-0.0112566335448154,-0.00696981240989667,
0.039692563830876));
#3344=CARTESIAN_POINT('Ctrl Pts',(-0.0132146047630668,-0.000815048923286868,
0.0402807991249936));
#3345=CARTESIAN_POINT('Ctrl Pts',(-0.0120278223330415,0.00553367632918566,
0.0408690344191113));
#3346=CARTESIAN_POINT('Ctrl Pts',(-0.00797871152915977,0.0105655215737743,
0.0414572697132289));
#3347=CARTESIAN_POINT('Ctrl Pts',(-0.00203086197071198,0.0130830303617815,
0.0420455050073465));
#3348=CARTESIAN_POINT('Ctrl Pts',(0.00440028320693635,0.0124870970001115,
0.0426337403014642));
#3349=CARTESIAN_POINT('Ctrl Pts',(0.00978426829796866,0.00891953909486501,
0.0432219755955818));
#3350=CARTESIAN_POINT('Ctrl Pts',(0.0128398361583861,0.00322934841987577,
0.0438102108896995));
#3351=CARTESIAN_POINT('Ctrl Pts',(0.012839836158423,-0.00322934841988406,
0.0443984461838172));
#3352=CARTESIAN_POINT('Ctrl Pts',(0.00978426829791302,-0.00891953909483562,
0.0449866814779348));
#3353=CARTESIAN_POINT('Ctrl Pts',(0.00440028320703933,-0.0124870970001767,
0.0455749167720525));
#3354=CARTESIAN_POINT('Ctrl Pts',(-0.00203086197091464,-0.0130830303616469,
0.04616315206617));
#3355=CARTESIAN_POINT('Ctrl Pts',(-0.00797871152875377,-0.0105655215740469,
0.0467513873602877));
#3356=CARTESIAN_POINT('Ctrl Pts',(-0.012027822333858,-0.00553367632863578,
0.0473396226544053));
#3357=CARTESIAN_POINT('Ctrl Pts',(-0.0132146047614229,0.000815048922178907,
0.047927857948523));
#3358=CARTESIAN_POINT('Ctrl Pts',(-0.0112566335481259,0.00696981241212817,
0.0485160932426406));
#3359=CARTESIAN_POINT('Ctrl Pts',(-0.00661985806944397,0.0114659305222251,
0.0491043285367583));
#3360=CARTESIAN_POINT('Ctrl Pts',(-0.000407717847602604,0.0132334368249026,
0.049692563830876));
#3361=CARTESIAN_POINT('Ctrl Pts',(0.00590144933568335,0.0118517078691992,
0.0502807991249936));
#3362=CARTESIAN_POINT('Ctrl Pts',(0.0108062153894501,0.00764956156474426,
0.0508690344191112));
#3363=CARTESIAN_POINT('Ctrl Pts',(0.0131393659613963,0.00162700601288393,
0.0514572697132289));
#3364=CARTESIAN_POINT('Ctrl Pts',(0.0123456674162142,-0.00478273697374022,
0.0520455050073465));
#3365=CARTESIAN_POINT('Ctrl Pts',(0.0086140020630998,-0.0100543058410642,
0.0526337403014642));
#3366=CARTESIAN_POINT('Ctrl Pts',(0.00283241240108041,-0.0129331938468021,
0.0532219755955818));
#3367=CARTESIAN_POINT('Ctrl Pts',(-0.00362321850507918,-0.012734299720223,
0.0538102108896994));
#3368=CARTESIAN_POINT('Ctrl Pts',(-0.00921661948345244,-0.00950494763324835,
0.0543984461838171));
#3369=CARTESIAN_POINT('Ctrl Pts',(-0.0126166742742949,-0.00401366029122202,
0.0549866814779348));
#3370=CARTESIAN_POINT('Ctrl Pts',(-0.0130142995695076,0.00243280139852131,
0.0555749167720524));
#3371=CARTESIAN_POINT('Ctrl Pts',(-0.0103147759701529,0.00830027322059195,
0.0561631520661701));
#3372=CARTESIAN_POINT('Ctrl Pts',(-0.00516071414323578,0.0121925679809743,
0.0567513873602877));
#3373=CARTESIAN_POINT('Ctrl Pts',(0.00122172753057447,0.0131831566116673,
0.0573396226544054));
#3374=CARTESIAN_POINT('Ctrl Pts',(0.00731290988147412,0.0110368231689264,
0.057927857948523));
#3375=CARTESIAN_POINT('Ctrl Pts',(0.0116648718730206,0.00626328593541006,
0.0585160932426407));
#3376=CARTESIAN_POINT('Ctrl Pts',(0.0127135656806758,0.00208829893826405,
0.0589082501053858));
#3377=CARTESIAN_POINT('Ctrl Pts',(0.0127135656806758,2.49114040265428E-17,
0.0591043285367583));
#3378=CARTESIAN_POINT('Ctrl Pts',(0.011745751387859,0.,-0.00111502439197707));
#3379=CARTESIAN_POINT('Ctrl Pts',(0.011745751387859,-0.00192942024063527,
-0.000918945960604519));
#3380=CARTESIAN_POINT('Ctrl Pts',(0.0107769040811444,-0.00578644828502293,
-0.000526789097859421));
#3381=CARTESIAN_POINT('Ctrl Pts',(0.00675622159416958,-0.0101966843464426,
6.14461962582262E-5));
#3382=CARTESIAN_POINT('Ctrl Pts',(0.00112872636273398,-0.0121795936949142,
0.000649681490375873));
#3383=CARTESIAN_POINT('Ctrl Pts',(-0.00476786211798493,-0.0112644307096473,
0.00123791678449352));
#3384=CARTESIAN_POINT('Ctrl Pts',(-0.00952957677155635,-0.00766842270451574,
0.00182615207861117));
#3385=CARTESIAN_POINT('Ctrl Pts',(-0.0120236031120379,-0.00224760906101508,
0.00241438737272882));
#3386=CARTESIAN_POINT('Ctrl Pts',(-0.01165624629614,0.00370812637281571,
0.00300262266684646));
#3387=CARTESIAN_POINT('Ctrl Pts',(-0.00851501636289855,0.00878139549987655,
0.00359085796096411));
#3388=CARTESIAN_POINT('Ctrl Pts',(-0.00334740569508638,0.011764917917775,
0.00417909325508176));
#3389=CARTESIAN_POINT('Ctrl Pts',(0.00261679868554429,0.0119486712128776,
0.0047673285491994));
#3390=CARTESIAN_POINT('Ctrl Pts',(0.00795827237602094,0.009288934944854,
0.00535556384331705));
#3391=CARTESIAN_POINT('Ctrl Pts',(0.0114058695558314,0.00441865732620357,
0.00594379913743469));
#3392=CARTESIAN_POINT('Ctrl Pts',(0.012139148836076,-0.00150315228733193,
0.00653203443155235));
#3393=CARTESIAN_POINT('Ctrl Pts',(0.00998360631197435,-0.00706724865584561,
0.00712026972566998));
#3394=CARTESIAN_POINT('Ctrl Pts',(0.00545220918892684,-0.0109495120357361,
0.00770850501978764));
#3395=CARTESIAN_POINT('Ctrl Pts',(-0.000376680857438453,-0.0122260586778085,
0.00829674031390527));
#3396=CARTESIAN_POINT('Ctrl Pts',(-0.00611592999284336,-0.0105931014890962,
0.00888497560802294));
#3397=CARTESIAN_POINT('Ctrl Pts',(-0.0103997369753605,-0.0064392445172349,
0.00947321090214058));
#3398=CARTESIAN_POINT('Ctrl Pts',(-0.0122086601792576,-0.000753004383998204,
0.0100614461962582));
#3399=CARTESIAN_POINT('Ctrl Pts',(-0.0111122200188349,0.00511243242283979,
0.0106496814903759));
#3400=CARTESIAN_POINT('Ctrl Pts',(-0.00737134250184503,0.00976123500049272,
0.0112379167844935));
#3401=CARTESIAN_POINT('Ctrl Pts',(-0.0018762652475477,0.0120871017093522,
0.0118261520786112));
#3402=CARTESIAN_POINT('Ctrl Pts',(0.0040653173770398,0.0115365329991539,
0.0124143873727288));
#3403=CARTESIAN_POINT('Ctrl Pts',(0.00903945361277689,0.00824055079440837,
0.0130026226668465));
#3404=CARTESIAN_POINT('Ctrl Pts',(0.0118624203482324,0.00298351847601005,
0.0135908579609641));
#3405=CARTESIAN_POINT('Ctrl Pts',(0.011862420348198,-0.00298351847600105,
0.0141790932550818));
#3406=CARTESIAN_POINT('Ctrl Pts',(0.00903945361282889,-0.0082405507944399,
0.0147673285491994));
#3407=CARTESIAN_POINT('Ctrl Pts',(0.00406531737694368,-0.0115365329990837,
0.015355563843317));
#3408=CARTESIAN_POINT('Ctrl Pts',(-0.00187626524735832,-0.0120871017094969,
0.0159437991374347));
#3409=CARTESIAN_POINT('Ctrl Pts',(-0.00737134250222426,-0.00976123500019965,
0.0165320344315523));
#3410=CARTESIAN_POINT('Ctrl Pts',(-0.0111122200180721,-0.00511243242343093,
0.01712026972567));
#3411=CARTESIAN_POINT('Ctrl Pts',(-0.0122086601807934,0.000753004385189145,
0.0177085050197876));
#3412=CARTESIAN_POINT('Ctrl Pts',(-0.0103997369722677,0.0064392445148361,
0.0182967403139053));
#3413=CARTESIAN_POINT('Ctrl Pts',(-0.00611592999907214,0.0105931014939275,
0.0188849756080229));
#3414=CARTESIAN_POINT('Ctrl Pts',(-0.000376680844893714,0.0122260586680782,
0.0194732109021406));
#3415=CARTESIAN_POINT('Ctrl Pts',(0.00545220916366157,0.0109495120553331,
0.0200614461962582));
#3416=CARTESIAN_POINT('Ctrl Pts',(0.00998360636285886,0.00706724861637709,
0.0206496814903759));
#3417=CARTESIAN_POINT('Ctrl Pts',(0.012139148733594,0.00150315236682204,
0.0212379167844935));
#3418=CARTESIAN_POINT('Ctrl Pts',(0.0114058697622315,-0.00441865748629759,
0.0218261520786112));
#3419=CARTESIAN_POINT('Ctrl Pts',(0.00795827196032882,-0.00928893462242273,
0.0224143873727288));
#3420=CARTESIAN_POINT('Ctrl Pts',(0.00261679952275322,-0.0119486718622581,
0.0230026226668464));
#3421=CARTESIAN_POINT('Ctrl Pts',(-0.00334740738123521,-0.0117649166099149,
0.0235908579609641));
#3422=CARTESIAN_POINT('Ctrl Pts',(-0.00851501296697415,-0.00878139813392272,
0.0241790932550817));
#3423=CARTESIAN_POINT('Ctrl Pts',(-0.0116562531355764,-0.0037081210678138,
0.0247673285491994));
#3424=CARTESIAN_POINT('Ctrl Pts',(-0.0120235893372753,0.00224759837665878,
0.025355563843317));
#3425=CARTESIAN_POINT('Ctrl Pts',(-0.00952960451487173,0.00766844422320042,
0.0259437991374347));
#3426=CARTESIAN_POINT('Ctrl Pts',(-0.00476780623137044,0.0112643873670211,
0.0265320344315523));
#3427=CARTESIAN_POINT('Ctrl Pts',(0.00112861365521355,0.0121796810398083,
0.02712026972567));
#3428=CARTESIAN_POINT('Ctrl Pts',(0.00675645101713161,0.0101965076701438,
0.0277085050197876));
#3429=CARTESIAN_POINT('Ctrl Pts',(0.0107764178171615,0.00578681415324213,
0.0282967403139053));
#3430=CARTESIAN_POINT('Ctrl Pts',(0.0122318599981442,1.28353311109956E-17,
0.0288849756080229));
#3431=CARTESIAN_POINT('Ctrl Pts',(0.0107764178171615,-0.00578681415324211,
0.0294732109021406));
#3432=CARTESIAN_POINT('Ctrl Pts',(0.00675645101713162,-0.0101965076701438,
0.0300614461962583));
#3433=CARTESIAN_POINT('Ctrl Pts',(0.00112861365521358,-0.0121796810398083,
0.0306496814903758));
#3434=CARTESIAN_POINT('Ctrl Pts',(-0.00476780623137042,-0.0112643873670211,
0.0312379167844935));
#3435=CARTESIAN_POINT('Ctrl Pts',(-0.00952960451487172,-0.00766844422320043,
0.0318261520786112));
#3436=CARTESIAN_POINT('Ctrl Pts',(-0.0120235893372753,-0.00224759837665881,
0.0324143873727288));
#3437=CARTESIAN_POINT('Ctrl Pts',(-0.0116562531355764,0.00370812106781376,
0.0330026226668464));
#3438=CARTESIAN_POINT('Ctrl Pts',(-0.0085150129669742,0.0087813981339227,
0.0335908579609641));
#3439=CARTESIAN_POINT('Ctrl Pts',(-0.00334740738123525,0.0117649166099149,
0.0341790932550817));
#3440=CARTESIAN_POINT('Ctrl Pts',(0.00261679952275318,0.0119486718622581,
0.0347673285491994));
#3441=CARTESIAN_POINT('Ctrl Pts',(0.00795827196032881,0.00928893462242274,
0.0353555638433171));
#3442=CARTESIAN_POINT('Ctrl Pts',(0.0114058697622315,0.00441865748629762,
0.0359437991374347));
#3443=CARTESIAN_POINT('Ctrl Pts',(0.012139148733594,-0.00150315236682201,
0.0365320344315524));
#3444=CARTESIAN_POINT('Ctrl Pts',(0.00998360636285886,-0.00706724861637708,
0.03712026972567));
#3445=CARTESIAN_POINT('Ctrl Pts',(0.0054522091636616,-0.0109495120553331,
0.0377085050197876));
#3446=CARTESIAN_POINT('Ctrl Pts',(-0.000376680844893683,-0.0122260586680782,
0.0382967403139053));
#3447=CARTESIAN_POINT('Ctrl Pts',(-0.00611592999907211,-0.0105931014939275,
0.0388849756080229));
#3448=CARTESIAN_POINT('Ctrl Pts',(-0.0103997369722677,-0.00643924451483612,
0.0394732109021406));
#3449=CARTESIAN_POINT('Ctrl Pts',(-0.0122086601807934,-0.000753004385189139,
0.0400614461962582));
#3450=CARTESIAN_POINT('Ctrl Pts',(-0.0111122200180721,0.00511243242343091,
0.0406496814903759));
#3451=CARTESIAN_POINT('Ctrl Pts',(-0.0073713425022243,0.00976123500019961,
0.0412379167844935));
#3452=CARTESIAN_POINT('Ctrl Pts',(-0.00187626524735838,0.0120871017094969,
0.0418261520786112));
#3453=CARTESIAN_POINT('Ctrl Pts',(0.00406531737694361,0.0115365329990837,
0.0424143873727288));
#3454=CARTESIAN_POINT('Ctrl Pts',(0.00903945361282885,0.00824055079443995,
0.0430026226668464));
#3455=CARTESIAN_POINT('Ctrl Pts',(0.011862420348198,0.00298351847600109,
0.0435908579609641));
#3456=CARTESIAN_POINT('Ctrl Pts',(0.0118624203482324,-0.00298351847601001,
0.0441790932550818));
#3457=CARTESIAN_POINT('Ctrl Pts',(0.0090394536127769,-0.00824055079440837,
0.0447673285491994));
#3458=CARTESIAN_POINT('Ctrl Pts',(0.00406531737703981,-0.0115365329991539,
0.0453555638433171));
#3459=CARTESIAN_POINT('Ctrl Pts',(-0.0018762652475477,-0.0120871017093522,
0.0459437991374347));
#3460=CARTESIAN_POINT('Ctrl Pts',(-0.00737134250184501,-0.00976123500049274,
0.0465320344315524));
#3461=CARTESIAN_POINT('Ctrl Pts',(-0.0111122200188348,-0.00511243242283981,
0.04712026972567));
#3462=CARTESIAN_POINT('Ctrl Pts',(-0.0122086601792576,0.000753004383998154,
0.0477085050197876));
#3463=CARTESIAN_POINT('Ctrl Pts',(-0.0103997369753605,0.00643924451723485,
0.0482967403139053));
#3464=CARTESIAN_POINT('Ctrl Pts',(-0.0061159299928434,0.0105931014890962,
0.048884975608023));
#3465=CARTESIAN_POINT('Ctrl Pts',(-0.000376680857438495,0.0122260586778085,
0.0494732109021405));
#3466=CARTESIAN_POINT('Ctrl Pts',(0.00545220918892681,0.0109495120357361,
0.0500614461962583));
#3467=CARTESIAN_POINT('Ctrl Pts',(0.00998360631197435,0.00706724865584564,
0.0506496814903759));
#3468=CARTESIAN_POINT('Ctrl Pts',(0.012139148836076,0.00150315228733193,
0.0512379167844935));
#3469=CARTESIAN_POINT('Ctrl Pts',(0.0114058695558314,-0.00441865732620357,
0.0518261520786112));
#3470=CARTESIAN_POINT('Ctrl Pts',(0.00795827237602095,-0.009288934944854,
0.0524143873727288));
#3471=CARTESIAN_POINT('Ctrl Pts',(0.00261679868554431,-0.0119486712128776,
0.0530026226668465));
#3472=CARTESIAN_POINT('Ctrl Pts',(-0.00334740569508633,-0.011764917917775,
0.0535908579609641));
#3473=CARTESIAN_POINT('Ctrl Pts',(-0.00851501636289852,-0.00878139549987661,
0.0541790932550818));
#3474=CARTESIAN_POINT('Ctrl Pts',(-0.01165624629614,-0.00370812637281576,
0.0547673285491994));
#3475=CARTESIAN_POINT('Ctrl Pts',(-0.012023603112038,0.00224760906101505,
0.0553555638433171));
#3476=CARTESIAN_POINT('Ctrl Pts',(-0.00952957677155635,0.00766842270451571,
0.0559437991374347));
#3477=CARTESIAN_POINT('Ctrl Pts',(-0.00476786211798495,0.0112644307096473,
0.0565320344315524));
#3478=CARTESIAN_POINT('Ctrl Pts',(0.00112872636273398,0.0121795936949142,
0.05712026972567));
#3479=CARTESIAN_POINT('Ctrl Pts',(0.00675622159416959,0.0101966843464426,
0.0577085050197876));
#3480=CARTESIAN_POINT('Ctrl Pts',(0.0107769040811444,0.00578644828502293,
0.0582967403139053));
#3481=CARTESIAN_POINT('Ctrl Pts',(0.011745751387859,0.00192942024063529,
0.0586888971766504));
#3482=CARTESIAN_POINT('Ctrl Pts',(0.011745751387859,2.30150349451554E-17,
0.058884975608023));
#3483=CARTESIAN_POINT('Ctrl Pts',(0.0109672171402065,0.,-0.000497068416454558));
#3484=CARTESIAN_POINT('Ctrl Pts',(0.0109672171402065,-0.0018017250383954,
-0.000300989985082009));
#3485=CARTESIAN_POINT('Ctrl Pts',(0.0100626186330129,-0.00540281037880209,
9.11668776630892E-5));
#3486=CARTESIAN_POINT('Ctrl Pts',(0.00630841180016721,-0.00952089665919814,
0.000679402171780735));
#3487=CARTESIAN_POINT('Ctrl Pts',(0.00105391661245783,-0.0113723008689872,
0.00126763746589838));
#3488=CARTESIAN_POINT('Ctrl Pts',(-0.00445184798488253,-0.0105178332927854,
0.00185587276001603));
#3489=CARTESIAN_POINT('Ctrl Pts',(-0.00889795275240177,-0.00716015093474832,
0.00244410805413368));
#3490=CARTESIAN_POINT('Ctrl Pts',(-0.0112266751882554,-0.00209863993155758,
0.00303234334825132));
#3491=CARTESIAN_POINT('Ctrl Pts',(-0.0108836664248993,0.00346235212311728,
0.00362057864236897));
#3492=CARTESIAN_POINT('Ctrl Pts',(-0.00795063844669371,0.00819936104380179,
0.00420881393648661));
#3493=CARTESIAN_POINT('Ctrl Pts',(-0.00312553854157292,0.0109851357954009,
0.00479704923060426));
#3494=CARTESIAN_POINT('Ctrl Pts',(0.00244335641665352,0.0111567092931141,
0.00538528452472191));
#3495=CARTESIAN_POINT('Ctrl Pts',(0.00743079555989721,0.00867326147462865,
0.00597351981883955));
#3496=CARTESIAN_POINT('Ctrl Pts',(0.0106498848871753,0.00412578726578521,
0.00656175511295721));
#3497=CARTESIAN_POINT('Ctrl Pts',(0.0113345621904743,-0.00140352285220124,
0.00714999040707485));
#3498=CARTESIAN_POINT('Ctrl Pts',(0.00932188970731205,-0.00659882917739396,
0.00773822570119249));
#3499=CARTESIAN_POINT('Ctrl Pts',(0.00509083502938134,-0.0102237748877758,
0.00832646099531015));
#3500=CARTESIAN_POINT('Ctrl Pts',(-0.000351714330622879,-0.0114157116207182,
0.00891469628942778));
#3501=CARTESIAN_POINT('Ctrl Pts',(-0.00571056420647063,-0.00989098734989358,
0.00950293158354544));
#3502=CARTESIAN_POINT('Ctrl Pts',(-0.00971043909914301,-0.00601244934213796,
0.0100911668776631));
#3503=CARTESIAN_POINT('Ctrl Pts',(-0.0113994662973165,-0.000703095013447167,
0.0106794021717807));
#3504=CARTESIAN_POINT('Ctrl Pts',(-0.0103756985397052,0.00477357877472596,
0.0112676374658984));
#3505=CARTESIAN_POINT('Ctrl Pts',(-0.00688276757499386,0.00911425723837772,
0.011855872760016));
#3506=CARTESIAN_POINT('Ctrl Pts',(-0.00175190578985104,0.0112859647614734,
0.0124441080541337));
#3507=CARTESIAN_POINT('Ctrl Pts',(0.00379586684756492,0.0107718879206609,
0.0130323433482513));
#3508=CARTESIAN_POINT('Ctrl Pts',(0.00844031575064923,0.00769436446531172,
0.013620578642369));
#3509=CARTESIAN_POINT('Ctrl Pts',(0.0110761753525132,0.00278576992196489,
0.0142088139364866));
#3510=CARTESIAN_POINT('Ctrl Pts',(0.0110761753524802,-0.00278576992195388,
0.0147970492306043));
#3511=CARTESIAN_POINT('Ctrl Pts',(0.00844031575069899,-0.00769436446535035,
0.0153852845247219));
#3512=CARTESIAN_POINT('Ctrl Pts',(0.00379586684747296,-0.0107718879205749,
0.0159735198188395));
#3513=CARTESIAN_POINT('Ctrl Pts',(-0.00175190578966985,-0.0112859647616507,
0.0165617551129572));
#3514=CARTESIAN_POINT('Ctrl Pts',(-0.00688276757535669,-0.00911425723801863,
0.0171499904070749));
#3515=CARTESIAN_POINT('Ctrl Pts',(-0.0103756985389754,-0.00477357877545024,
0.0177382257011925));
#3516=CARTESIAN_POINT('Ctrl Pts',(-0.0113994662987858,0.000703095014906317,
0.0183264609953101));
#3517=CARTESIAN_POINT('Ctrl Pts',(-0.0097104390961841,0.00601244933919893,
0.0189146962894278));
#3518=CARTESIAN_POINT('Ctrl Pts',(-0.00571056421242982,0.00989098735581289,
0.0195029315835454));
#3519=CARTESIAN_POINT('Ctrl Pts',(-0.000351714318621087,0.0114157116087966,
0.0200911668776631));
#3520=CARTESIAN_POINT('Ctrl Pts',(0.00509083500520957,0.0102237749117861,
0.0206794021717807));
#3521=CARTESIAN_POINT('Ctrl Pts',(0.00932188975599424,0.00659882912903681,
0.0212676374658984));
#3522=CARTESIAN_POINT('Ctrl Pts',(0.0113345620924278,0.00140352294959317,
0.021855872760016));
#3523=CARTESIAN_POINT('Ctrl Pts',(0.0106498850846422,-0.00412578746193373,
0.0224441080541337));
#3524=CARTESIAN_POINT('Ctrl Pts',(0.00743079516219648,-0.00867326107958319,
0.0230323433482513));
#3525=CARTESIAN_POINT('Ctrl Pts',(0.00244335721762758,-0.0111567100887404,
0.023620578642369));
#3526=CARTESIAN_POINT('Ctrl Pts',(-0.0031255401547443,-0.0109851341929999,
0.0242088139364866));
#3527=CARTESIAN_POINT('Ctrl Pts',(-0.00795063519774681,-0.0081993642710569,
0.0247970492306042));
#3528=CARTESIAN_POINT('Ctrl Pts',(-0.0108836729683211,-0.00346234562338469,
0.0253852845247219));
#3529=CARTESIAN_POINT('Ctrl Pts',(-0.0112266620096721,0.00209862684098906,
0.0259735198188395));
#3530=CARTESIAN_POINT('Ctrl Pts',(-0.00889797929497106,0.00716017729971831,
0.0265617551129572));
#3531=CARTESIAN_POINT('Ctrl Pts',(-0.00445179451707174,0.0105177801876111,
0.0271499904070748));
#3532=CARTESIAN_POINT('Ctrl Pts',(0.00105380878298147,0.0113724079044873,
0.0277382257011925));
#3533=CARTESIAN_POINT('Ctrl Pts',(0.00630863129357602,0.00952067989687965,
0.0283264609953101));
#3534=CARTESIAN_POINT('Ctrl Pts',(0.0100621534148053,0.00540326226959766,
0.0289146962894278));
#3535=CARTESIAN_POINT('Ctrl Pts',(0.0114211284248595,9.77929989409191E-18,
0.0295029315835454));
#3536=CARTESIAN_POINT('Ctrl Pts',(0.0100621534148053,-0.00540326226959764,
0.0300911668776631));
#3537=CARTESIAN_POINT('Ctrl Pts',(0.00630863129357604,-0.00952067989687964,
0.0306794021717807));
#3538=CARTESIAN_POINT('Ctrl Pts',(0.0010538087829815,-0.0113724079044873,
0.0312676374658984));
#3539=CARTESIAN_POINT('Ctrl Pts',(-0.00445179451707172,-0.0105177801876111,
0.031855872760016));
#3540=CARTESIAN_POINT('Ctrl Pts',(-0.00889797929497104,-0.00716017729971832,
0.0324441080541337));
#3541=CARTESIAN_POINT('Ctrl Pts',(-0.0112266620096721,-0.00209862684098909,
0.0330323433482513));
#3542=CARTESIAN_POINT('Ctrl Pts',(-0.0108836729683211,0.00346234562338465,
0.0336205786423689));
#3543=CARTESIAN_POINT('Ctrl Pts',(-0.00795063519774684,0.00819936427105688,
0.0342088139364866));
#3544=CARTESIAN_POINT('Ctrl Pts',(-0.00312554015474435,0.0109851341929999,
0.0347970492306042));
#3545=CARTESIAN_POINT('Ctrl Pts',(0.00244335721762755,0.0111567100887404,
0.0353852845247219));
#3546=CARTESIAN_POINT('Ctrl Pts',(0.00743079516219646,0.0086732610795832,
0.0359735198188396));
#3547=CARTESIAN_POINT('Ctrl Pts',(0.0106498850846422,0.00412578746193375,
0.0365617551129572));
#3548=CARTESIAN_POINT('Ctrl Pts',(0.0113345620924278,-0.00140352294959315,
0.0371499904070748));
#3549=CARTESIAN_POINT('Ctrl Pts',(0.00932188975599426,-0.00659882912903679,
0.0377382257011925));
#3550=CARTESIAN_POINT('Ctrl Pts',(0.00509083500520959,-0.0102237749117861,
0.0383264609953102));
#3551=CARTESIAN_POINT('Ctrl Pts',(-0.000351714318621047,-0.0114157116087965,
0.0389146962894277));
#3552=CARTESIAN_POINT('Ctrl Pts',(-0.00571056421242981,-0.00989098735581291,
0.0395029315835454));
#3553=CARTESIAN_POINT('Ctrl Pts',(-0.00971043909618411,-0.00601244933919895,
0.0400911668776631));
#3554=CARTESIAN_POINT('Ctrl Pts',(-0.0113994662987858,-0.000703095014906319,
0.0406794021717807));
#3555=CARTESIAN_POINT('Ctrl Pts',(-0.0103756985389754,0.00477357877545021,
0.0412676374658984));
#3556=CARTESIAN_POINT('Ctrl Pts',(-0.00688276757535672,0.00911425723801859,
0.041855872760016));
#3557=CARTESIAN_POINT('Ctrl Pts',(-0.0017519057896699,0.0112859647616507,
0.0424441080541336));
#3558=CARTESIAN_POINT('Ctrl Pts',(0.00379586684747289,0.0107718879205749,
0.0430323433482513));
#3559=CARTESIAN_POINT('Ctrl Pts',(0.00844031575069895,0.0076943644653504,
0.0436205786423689));
#3560=CARTESIAN_POINT('Ctrl Pts',(0.0110761753524802,0.00278576992195391,
0.0442088139364866));
#3561=CARTESIAN_POINT('Ctrl Pts',(0.0110761753525132,-0.00278576992196486,
0.0447970492306042));
#3562=CARTESIAN_POINT('Ctrl Pts',(0.00844031575064924,-0.00769436446531171,
0.045385284524722));
#3563=CARTESIAN_POINT('Ctrl Pts',(0.00379586684756493,-0.0107718879206609,
0.0459735198188395));
#3564=CARTESIAN_POINT('Ctrl Pts',(-0.00175190578985104,-0.0112859647614734,
0.0465617551129572));
#3565=CARTESIAN_POINT('Ctrl Pts',(-0.00688276757499383,-0.00911425723837772,
0.0471499904070748));
#3566=CARTESIAN_POINT('Ctrl Pts',(-0.0103756985397052,-0.00477357877472599,
0.0477382257011925));
#3567=CARTESIAN_POINT('Ctrl Pts',(-0.0113994662973165,0.000703095013447124,
0.0483264609953101));
#3568=CARTESIAN_POINT('Ctrl Pts',(-0.00971043909914306,0.00601244934213791,
0.0489146962894278));
#3569=CARTESIAN_POINT('Ctrl Pts',(-0.00571056420647068,0.00989098734989355,
0.0495029315835454));
#3570=CARTESIAN_POINT('Ctrl Pts',(-0.000351714330622921,0.0114157116207182,
0.0500911668776631));
#3571=CARTESIAN_POINT('Ctrl Pts',(0.00509083502938132,0.0102237748877758,
0.0506794021717807));
#3572=CARTESIAN_POINT('Ctrl Pts',(0.00932188970731204,0.00659882917739398,
0.0512676374658983));
#3573=CARTESIAN_POINT('Ctrl Pts',(0.0113345621904743,0.00140352285220124,
0.051855872760016));
#3574=CARTESIAN_POINT('Ctrl Pts',(0.0106498848871753,-0.00412578726578521,
0.0524441080541336));
#3575=CARTESIAN_POINT('Ctrl Pts',(0.00743079555989722,-0.00867326147462864,
0.0530323433482513));
#3576=CARTESIAN_POINT('Ctrl Pts',(0.00244335641665354,-0.0111567092931141,
0.0536205786423689));
#3577=CARTESIAN_POINT('Ctrl Pts',(-0.00312553854157288,-0.0109851357954009,
0.0542088139364866));
#3578=CARTESIAN_POINT('Ctrl Pts',(-0.00795063844669367,-0.00819936104380183,
0.0547970492306042));
#3579=CARTESIAN_POINT('Ctrl Pts',(-0.0108836664248993,-0.00346235212311733,
0.0553852845247219));
#3580=CARTESIAN_POINT('Ctrl Pts',(-0.0112266751882554,0.00209863993155755,
0.0559735198188395));
#3581=CARTESIAN_POINT('Ctrl Pts',(-0.00889795275240178,0.00716015093474829,
0.0565617551129572));
#3582=CARTESIAN_POINT('Ctrl Pts',(-0.00445184798488254,0.0105178332927854,
0.0571499904070748));
#3583=CARTESIAN_POINT('Ctrl Pts',(0.00105391661245783,0.0113723008689872,
0.0577382257011925));
#3584=CARTESIAN_POINT('Ctrl Pts',(0.00630841180016722,0.00952089665919814,
0.0583264609953102));
#3585=CARTESIAN_POINT('Ctrl Pts',(0.0100626186330129,0.0054028103788021,
0.0589146962894277));
#3586=CARTESIAN_POINT('Ctrl Pts',(0.0109672171402065,0.00180172503839541,
0.0593068531521729));
#3587=CARTESIAN_POINT('Ctrl Pts',(0.0109672171402065,2.14895477860926E-17,
0.0595029315835454));
#3588=CARTESIAN_POINT('Ctrl Pts',(0.0109698666672709,0.,0.000495982274450341));
#3589=CARTESIAN_POINT('Ctrl Pts',(0.0109698666672709,-0.00180177496024524,
0.000692060705822891));
#3590=CARTESIAN_POINT('Ctrl Pts',(0.0100649861390547,-0.00540431611038519,
0.00108421756856799));
#3591=CARTESIAN_POINT('Ctrl Pts',(0.00630992081586544,-0.00952305356638166,
0.00167245286268563));
#3592=CARTESIAN_POINT('Ctrl Pts',(0.0010541617087119,-0.0113750534140585,
0.00226068815680328));
#3593=CARTESIAN_POINT('Ctrl Pts',(-0.00445290279248766,-0.010520305993282,
0.00284892345092093));
#3594=CARTESIAN_POINT('Ctrl Pts',(-0.00890006747687475,-0.00716186426413176,
0.00343715874503858));
#3595=CARTESIAN_POINT('Ctrl Pts',(-0.011229341103313,-0.00209913211664456,
0.00402539403915622));
#3596=CARTESIAN_POINT('Ctrl Pts',(-0.0108862518251621,0.00346317137970037,
0.00461362933327388));
#3597=CARTESIAN_POINT('Ctrl Pts',(-0.00795252672073312,0.00820131010078752,
0.00520186462739151));
#3598=CARTESIAN_POINT('Ctrl Pts',(-0.00312628099613509,0.0109877442102068,
0.00579009992150918));
#3599=CARTESIAN_POINT('Ctrl Pts',(0.00244393680027411,0.0111593596108985,
0.00637833521562681));
#3600=CARTESIAN_POINT('Ctrl Pts',(0.00743256049939711,0.00867532135368789,
0.00696657050974446));
#3601=CARTESIAN_POINT('Ctrl Pts',(0.0106524144520017,0.0041267673148223,
0.0075548058038621));
#3602=CARTESIAN_POINT('Ctrl Pts',(0.0113372543651742,-0.00140385626297935,
0.00814304109797975));
#3603=CARTESIAN_POINT('Ctrl Pts',(0.00932410384018198,-0.00660039650473989,
0.0087312763920974));
#3604=CARTESIAN_POINT('Ctrl Pts',(0.00509204420075974,-0.0102262032451185,
0.00931951168621505));
#3605=CARTESIAN_POINT('Ctrl Pts',(-0.00035179786905,-0.0114184230690229,
0.00990774698033269));
#3606=CARTESIAN_POINT('Ctrl Pts',(-0.00571192057706972,-0.00989333665502653,
0.0104959822744504));
#3607=CARTESIAN_POINT('Ctrl Pts',(-0.00971274551756268,-0.00601387741464154,
0.011084217568568));
#3608=CARTESIAN_POINT('Ctrl Pts',(-0.0114021738928332,-0.000703262012918067,
0.0116724528626856));
#3609=CARTESIAN_POINT('Ctrl Pts',(-0.0103781629703174,0.00477471259307991,
0.0122606881568033));
#3610=CARTESIAN_POINT('Ctrl Pts',(-0.00688440236647026,0.00911642205195544,
0.0128489234509209));
#3611=CARTESIAN_POINT('Ctrl Pts',(-0.00175232190161578,0.0112886453981774,
0.0134371587450386));
#3612=CARTESIAN_POINT('Ctrl Pts',(0.00379676843992641,0.0107744464539666,
0.0140253940391562));
#3613=CARTESIAN_POINT('Ctrl Pts',(0.00844232049016186,0.00769619202687288,
0.0146136293332739));
#3614=CARTESIAN_POINT('Ctrl Pts',(0.0110788061600565,0.00278643159661145,
0.0152018646273915));
#3615=CARTESIAN_POINT('Ctrl Pts',(0.0110788061600252,-0.00278643159660571,
0.0157900999215092));
#3616=CARTESIAN_POINT('Ctrl Pts',(0.00844232049020922,-0.007696192026893,
0.0163783352156268));
#3617=CARTESIAN_POINT('Ctrl Pts',(0.00379676843983888,-0.0107744464539218,
0.0169665705097445));
#3618=CARTESIAN_POINT('Ctrl Pts',(-0.00175232190144333,-0.0112886453982697,
0.0175548058038621));
#3619=CARTESIAN_POINT('Ctrl Pts',(-0.00688440236681558,-0.0091164220517686,
0.0181430410979797));
#3620=CARTESIAN_POINT('Ctrl Pts',(-0.0103781629696228,-0.00477471259345677,
0.0187312763920974));
#3621=CARTESIAN_POINT('Ctrl Pts',(-0.0114021738942316,0.000703262013677256,
0.019319511686215));
#3622=CARTESIAN_POINT('Ctrl Pts',(-0.00971274551474655,0.00601387741311238,
0.0199077469803327));
#3623=CARTESIAN_POINT('Ctrl Pts',(-0.00571192058274133,0.00989333665810629,
0.0204959822744503));
#3624=CARTESIAN_POINT('Ctrl Pts',(-0.000351797857627411,0.0114184230628201,
0.021084217568568));
#3625=CARTESIAN_POINT('Ctrl Pts',(0.0050920441777545,0.0102262032576108,
0.0216724528626856));
#3626=CARTESIAN_POINT('Ctrl Pts',(0.00932410388651476,0.00660039647958017,
0.0222606881568033));
#3627=CARTESIAN_POINT('Ctrl Pts',(0.0113372542718594,0.00140385631365135,
0.022848923450921));
#3628=CARTESIAN_POINT('Ctrl Pts',(0.0106524146399388,-0.00412676741687631,
0.0234371587450386));
#3629=CARTESIAN_POINT('Ctrl Pts',(0.00743256012088949,-0.00867532114814989,
0.0240253940391562));
#3630=CARTESIAN_POINT('Ctrl Pts',(0.00244393756259301,-0.0111593600248545,
0.0246136293332739));
#3631=CARTESIAN_POINT('Ctrl Pts',(-0.00312628253145448,-0.0109877433764944,
0.0252018646273915));
#3632=CARTESIAN_POINT('Ctrl Pts',(-0.00795252362858106,-0.00820131177989434,
0.0257900999215092));
#3633=CARTESIAN_POINT('Ctrl Pts',(-0.0108862580527971,-0.00346316799795872,
0.0263783352156268));
#3634=CARTESIAN_POINT('Ctrl Pts',(-0.0112293285607309,0.0020991253057705,
0.0269665705097445));
#3635=CARTESIAN_POINT('Ctrl Pts',(-0.00890009273849417,0.00716187798139408,
0.0275548058038621));
#3636=CARTESIAN_POINT('Ctrl Pts',(-0.00445285190504449,0.0105202783654196,
0.0281430410979797));
#3637=CARTESIAN_POINT('Ctrl Pts',(0.00105405908310841,0.0113751090730371,
0.0287312763920974));
#3638=CARTESIAN_POINT('Ctrl Pts',(0.00631012971647689,0.00952294124393347,
0.0293195116862151));
#3639=CARTESIAN_POINT('Ctrl Pts',(0.0100645433723741,0.00540454564970777,
0.0299077469803327));
#3640=CARTESIAN_POINT('Ctrl Pts',(0.0114238411654825,1.46689498411379E-17,
0.0304959822744503));
#3641=CARTESIAN_POINT('Ctrl Pts',(0.0100645433723741,-0.00540454564970775,
0.031084217568568));
#3642=CARTESIAN_POINT('Ctrl Pts',(0.0063101297164769,-0.00952294124393345,
0.0316724528626856));
#3643=CARTESIAN_POINT('Ctrl Pts',(0.00105405908310844,-0.0113751090730371,
0.0322606881568033));
#3644=CARTESIAN_POINT('Ctrl Pts',(-0.00445285190504448,-0.0105202783654196,
0.0328489234509209));
#3645=CARTESIAN_POINT('Ctrl Pts',(-0.00890009273849414,-0.00716187798139411,
0.0334371587450386));
#3646=CARTESIAN_POINT('Ctrl Pts',(-0.0112293285607309,-0.00209912530577051,
0.0340253940391562));
#3647=CARTESIAN_POINT('Ctrl Pts',(-0.010886258052797,0.00346316799795868,
0.0346136293332739));
#3648=CARTESIAN_POINT('Ctrl Pts',(-0.00795252362858111,0.0082013117798943,
0.0352018646273915));
#3649=CARTESIAN_POINT('Ctrl Pts',(-0.00312628253145452,0.0109877433764944,
0.0357900999215091));
#3650=CARTESIAN_POINT('Ctrl Pts',(0.00244393756259296,0.0111593600248545,
0.0363783352156268));
#3651=CARTESIAN_POINT('Ctrl Pts',(0.0074325601208895,0.00867532114814992,
0.0369665705097445));
#3652=CARTESIAN_POINT('Ctrl Pts',(0.0106524146399388,0.00412676741687633,
0.0375548058038621));
#3653=CARTESIAN_POINT('Ctrl Pts',(0.0113372542718594,-0.00140385631365132,
0.0381430410979798));
#3654=CARTESIAN_POINT('Ctrl Pts',(0.00932410388651476,-0.00660039647958015,
0.0387312763920974));
#3655=CARTESIAN_POINT('Ctrl Pts',(0.00509204417775453,-0.0102262032576108,
0.039319511686215));
#3656=CARTESIAN_POINT('Ctrl Pts',(-0.000351797857627383,-0.0114184230628201,
0.0399077469803327));
#3657=CARTESIAN_POINT('Ctrl Pts',(-0.0057119205827413,-0.00989333665810631,
0.0404959822744503));
#3658=CARTESIAN_POINT('Ctrl Pts',(-0.00971274551474656,-0.0060138774131124,
0.041084217568568));
#3659=CARTESIAN_POINT('Ctrl Pts',(-0.0114021738942316,-0.000703262013677252,
0.0416724528626856));
#3660=CARTESIAN_POINT('Ctrl Pts',(-0.0103781629696229,0.00477471259345674,
0.0422606881568033));
#3661=CARTESIAN_POINT('Ctrl Pts',(-0.0068844023668156,0.00911642205176857,
0.0428489234509208));
#3662=CARTESIAN_POINT('Ctrl Pts',(-0.00175232190144339,0.0112886453982697,
0.0434371587450386));
#3663=CARTESIAN_POINT('Ctrl Pts',(0.00379676843983882,0.0107744464539218,
0.0440253940391562));
#3664=CARTESIAN_POINT('Ctrl Pts',(0.00844232049020918,0.00769619202689304,
0.0446136293332739));
#3665=CARTESIAN_POINT('Ctrl Pts',(0.0110788061600252,0.00278643159660575,
0.0452018646273915));
#3666=CARTESIAN_POINT('Ctrl Pts',(0.0110788061600565,-0.00278643159661142,
0.0457900999215092));
#3667=CARTESIAN_POINT('Ctrl Pts',(0.00844232049016188,-0.00769619202687289,
0.0463783352156268));
#3668=CARTESIAN_POINT('Ctrl Pts',(0.00379676843992642,-0.0107744464539665,
0.0469665705097445));
#3669=CARTESIAN_POINT('Ctrl Pts',(-0.00175232190161579,-0.0112886453981774,
0.0475548058038621));
#3670=CARTESIAN_POINT('Ctrl Pts',(-0.00688440236647023,-0.00911642205195543,
0.0481430410979798));
#3671=CARTESIAN_POINT('Ctrl Pts',(-0.0103781629703174,-0.00477471259307995,
0.0487312763920974));
#3672=CARTESIAN_POINT('Ctrl Pts',(-0.0114021738928332,0.000703262012918032,
0.0493195116862151));
#3673=CARTESIAN_POINT('Ctrl Pts',(-0.00971274551756271,0.00601387741464148,
0.0499077469803326));
#3674=CARTESIAN_POINT('Ctrl Pts',(-0.00571192057706976,0.00989333665502652,
0.0504959822744504));
#3675=CARTESIAN_POINT('Ctrl Pts',(-0.000351797869050044,0.0114184230690229,
0.051084217568568));
#3676=CARTESIAN_POINT('Ctrl Pts',(0.00509204420075972,0.0102262032451185,
0.0516724528626856));
#3677=CARTESIAN_POINT('Ctrl Pts',(0.00932410384018197,0.0066003965047399,
0.0522606881568034));
#3678=CARTESIAN_POINT('Ctrl Pts',(0.0113372543651742,0.00140385626297935,
0.0528489234509209));
#3679=CARTESIAN_POINT('Ctrl Pts',(0.0106524144520016,-0.0041267673148223,
0.0534371587450386));
#3680=CARTESIAN_POINT('Ctrl Pts',(0.00743256049939712,-0.00867532135368789,
0.0540253940391562));
#3681=CARTESIAN_POINT('Ctrl Pts',(0.00244393680027413,-0.0111593596108985,
0.0546136293332739));
#3682=CARTESIAN_POINT('Ctrl Pts',(-0.00312628099613504,-0.0109877442102068,
0.0552018646273915));
#3683=CARTESIAN_POINT('Ctrl Pts',(-0.00795252672073308,-0.00820131010078756,
0.0557900999215092));
#3684=CARTESIAN_POINT('Ctrl Pts',(-0.0108862518251621,-0.00346317137970042,
0.0563783352156268));
#3685=CARTESIAN_POINT('Ctrl Pts',(-0.011229341103313,0.00209913211664453,
0.0569665705097445));
#3686=CARTESIAN_POINT('Ctrl Pts',(-0.00890006747687476,0.00716186426413172,
0.0575548058038621));
#3687=CARTESIAN_POINT('Ctrl Pts',(-0.00445290279248767,0.010520305993282,
0.0581430410979798));
#3688=CARTESIAN_POINT('Ctrl Pts',(0.0010541617087119,0.0113750534140585,
0.0587312763920974));
#3689=CARTESIAN_POINT('Ctrl Pts',(0.00630992081586545,0.00952305356638164,
0.059319511686215));
#3690=CARTESIAN_POINT('Ctrl Pts',(0.0100649861390546,0.00540431611038519,
0.0599077469803328));
#3691=CARTESIAN_POINT('Ctrl Pts',(0.0109698666672709,0.00180177496024526,
0.0602999038430778));
#3692=CARTESIAN_POINT('Ctrl Pts',(0.0109698666672709,2.14947393618344E-17,
0.0604959822744503));
#3693=CARTESIAN_POINT('Ctrl Pts',(0.0117446899885117,0.,0.00111783208064929));
#3694=CARTESIAN_POINT('Ctrl Pts',(0.0117446899885117,-0.00192944220251125,
0.00131391051202184));
#3695=CARTESIAN_POINT('Ctrl Pts',(0.0107759625718803,-0.00578582325861983,
0.00170606737476694));
#3696=CARTESIAN_POINT('Ctrl Pts',(0.00675561871746377,-0.0101958358843491,
0.00229430266888459));
#3697=CARTESIAN_POINT('Ctrl Pts',(0.00112862921340509,-0.0121784904652294,
0.00288253796300223));
#3698=CARTESIAN_POINT('Ctrl Pts',(-0.0047674418162115,-0.0112634475799228,
0.00347077325711988));
#3699=CARTESIAN_POINT('Ctrl Pts',(-0.009528733413814,-0.00766773813823462,
0.00405900855123753));
#3700=CARTESIAN_POINT('Ctrl Pts',(-0.0120225401885391,-0.00224741350531977,
0.00464724384535517));
#3701=CARTESIAN_POINT('Ctrl Pts',(-0.0116552153707943,0.00370780005184428,
0.00523547913947282));
#3702=CARTESIAN_POINT('Ctrl Pts',(-0.00851426345894399,0.00878061817061989,
0.00582371443359047));
#3703=CARTESIAN_POINT('Ctrl Pts',(-0.00334710964362217,0.0117638779360441,
0.00641194972770811));
#3704=CARTESIAN_POINT('Ctrl Pts',(0.00261656726183872,0.0119476143954826,
0.00700018502182575));
#3705=CARTESIAN_POINT('Ctrl Pts',(0.00795756863457887,0.00928811361947834,
0.00758842031594341));
#3706=CARTESIAN_POINT('Ctrl Pts',(0.0114048609281282,0.00441826653568731,
0.00817665561006106));
#3707=CARTESIAN_POINT('Ctrl Pts',(0.0121380753716727,-0.00150301933952773,
0.0087648909041787));
#3708=CARTESIAN_POINT('Ctrl Pts',(0.00998272345890761,-0.00706662370976786,
0.00935312619829634));
#3709=CARTESIAN_POINT('Ctrl Pts',(0.00545172704981475,-0.0109485437628076,
0.00994136149241399));
#3710=CARTESIAN_POINT('Ctrl Pts',(-0.000376647547787989,-0.0122249775284469,
0.0105295967865316));
#3711=CARTESIAN_POINT('Ctrl Pts',(-0.00611538916005256,-0.0105921647380313,
0.0111178320806493));
#3712=CARTESIAN_POINT('Ctrl Pts',(-0.0103988173250701,-0.00643867509455613,
0.0117060673747669));
#3713=CARTESIAN_POINT('Ctrl Pts',(-0.0122075805654967,-0.000752937795346217,
0.0122943026688846));
#3714=CARTESIAN_POINT('Ctrl Pts',(-0.0111112373635027,0.00511198032946575,
0.0128825379630022));
#3715=CARTESIAN_POINT('Ctrl Pts',(-0.00737069065286846,0.00976037181304653,
0.0134707732571199));
#3716=CARTESIAN_POINT('Ctrl Pts',(-0.00187609932912355,0.0120860328450184,
0.0140590085512375));
#3717=CARTESIAN_POINT('Ctrl Pts',(0.00406495788039203,0.0115355128217624,
0.0146472438453552));
#3718=CARTESIAN_POINT('Ctrl Pts',(0.00903865425248235,0.00823982208120505,
0.0152354791394728));
#3719=CARTESIAN_POINT('Ctrl Pts',(0.0118613713525506,0.00298325464301103,
0.0158237144335905));
#3720=CARTESIAN_POINT('Ctrl Pts',(0.0118613713525154,-0.00298325464299934,
0.0164119497277081));
#3721=CARTESIAN_POINT('Ctrl Pts',(0.0090386542525356,-0.00823982208124604,
0.0170001850218258));
#3722=CARTESIAN_POINT('Ctrl Pts',(0.00406495788029363,-0.0115355128216711,
0.0175884203159434));
#3723=CARTESIAN_POINT('Ctrl Pts',(-0.00187609932892969,-0.0120860328452064,
0.018176655610061));
#3724=CARTESIAN_POINT('Ctrl Pts',(-0.00737069065325664,-0.00976037181266566,
0.0187648909041787));
#3725=CARTESIAN_POINT('Ctrl Pts',(-0.011111237362722,-0.00511198033023394,
0.0193531261982963));
#3726=CARTESIAN_POINT('Ctrl Pts',(-0.0122075805670686,0.000752937796893823,
0.019941361492414));
#3727=CARTESIAN_POINT('Ctrl Pts',(-0.0103988173219045,0.00643867509143894,
0.0205295967865316));
#3728=CARTESIAN_POINT('Ctrl Pts',(-0.00611538916642803,0.0105921647443095,
0.0211178320806493));
#3729=CARTESIAN_POINT('Ctrl Pts',(-0.000376647534947833,0.0122249775158025,
0.0217060673747669));
#3730=CARTESIAN_POINT('Ctrl Pts',(0.00545172702395451,0.0109485437882735,
0.0222943026688846));
#3731=CARTESIAN_POINT('Ctrl Pts',(0.00998272351099039,0.00706662365847923,
0.0228825379630022));
#3732=CARTESIAN_POINT('Ctrl Pts',(0.0121380752667774,0.00150301944282369,
0.0234707732571199));
#3733=CARTESIAN_POINT('Ctrl Pts',(0.0114048611393887,-0.00441826674372662,
0.0240590085512375));
#3734=CARTESIAN_POINT('Ctrl Pts',(0.00795756820909761,-0.00928811320048469,
0.0246472438453552));
#3735=CARTESIAN_POINT('Ctrl Pts',(0.00261656811876311,-0.0119476152393409,
0.0252354791394728));
#3736=CARTESIAN_POINT('Ctrl Pts',(-0.00334711136947818,-0.0117638762365034,
0.0258237144335905));
#3737=CARTESIAN_POINT('Ctrl Pts',(-0.00851425998304886,-0.00878062159351555,
0.0264119497277081));
#3738=CARTESIAN_POINT('Ctrl Pts',(-0.0116552223712929,-0.00370779315808918,
0.0270001850218258));
#3739=CARTESIAN_POINT('Ctrl Pts',(-0.0120225260893941,0.00224739962118363,
0.0275884203159434));
#3740=CARTESIAN_POINT('Ctrl Pts',(-0.00952876181045755,0.00766776610148122,
0.0281766556100611));
#3741=CARTESIAN_POINT('Ctrl Pts',(-0.00476738461352145,0.0112633912554886,
0.0287648909041787));
#3742=CARTESIAN_POINT('Ctrl Pts',(0.00112851385173191,0.0121786039887135,
0.0293531261982964));
#3743=CARTESIAN_POINT('Ctrl Pts',(0.00675585354311393,0.0101956059913795,
0.029941361492414));
#3744=CARTESIAN_POINT('Ctrl Pts',(0.0107754648568525,0.00578630242436362,
0.0305295967865316));
#3745=CARTESIAN_POINT('Ctrl Pts',(0.0122307783328559,1.77249810580416E-17,
0.0311178320806492));
#3746=CARTESIAN_POINT('Ctrl Pts',(0.0107754648568525,-0.00578630242436361,
0.031706067374767));
#3747=CARTESIAN_POINT('Ctrl Pts',(0.00675585354311395,-0.0101956059913795,
0.0322943026688845));
#3748=CARTESIAN_POINT('Ctrl Pts',(0.00112851385173194,-0.0121786039887135,
0.0328825379630022));
#3749=CARTESIAN_POINT('Ctrl Pts',(-0.00476738461352143,-0.0112633912554886,
0.0334707732571198));
#3750=CARTESIAN_POINT('Ctrl Pts',(-0.00952876181045754,-0.00766776610148124,
0.0340590085512375));
#3751=CARTESIAN_POINT('Ctrl Pts',(-0.0120225260893941,-0.00224739962118365,
0.0346472438453552));
#3752=CARTESIAN_POINT('Ctrl Pts',(-0.0116552223712929,0.00370779315808914,
0.0352354791394728));
#3753=CARTESIAN_POINT('Ctrl Pts',(-0.00851425998304891,0.00878062159351552,
0.0358237144335905));
#3754=CARTESIAN_POINT('Ctrl Pts',(-0.00334711136947822,0.0117638762365034,
0.0364119497277081));
#3755=CARTESIAN_POINT('Ctrl Pts',(0.00261656811876307,0.0119476152393409,
0.0370001850218257));
#3756=CARTESIAN_POINT('Ctrl Pts',(0.0079575682090976,0.0092881132004847,
0.0375884203159434));
#3757=CARTESIAN_POINT('Ctrl Pts',(0.0114048611393887,0.00441826674372664,
0.0381766556100611));
#3758=CARTESIAN_POINT('Ctrl Pts',(0.0121380752667774,-0.00150301944282367,
0.0387648909041787));
#3759=CARTESIAN_POINT('Ctrl Pts',(0.00998272351099042,-0.00706662365847922,
0.0393531261982963));
#3760=CARTESIAN_POINT('Ctrl Pts',(0.00545172702395453,-0.0109485437882735,
0.0399413614924139));
#3761=CARTESIAN_POINT('Ctrl Pts',(-0.000376647534947794,-0.0122249775158025,
0.0405295967865317));
#3762=CARTESIAN_POINT('Ctrl Pts',(-0.006115389166428,-0.0105921647443095,
0.0411178320806493));
#3763=CARTESIAN_POINT('Ctrl Pts',(-0.0103988173219045,-0.00643867509143896,
0.041706067374767));
#3764=CARTESIAN_POINT('Ctrl Pts',(-0.0122075805670686,-0.000752937796893826,
0.0422943026688846));
#3765=CARTESIAN_POINT('Ctrl Pts',(-0.011111237362722,0.00511198033023392,
0.0428825379630022));
#3766=CARTESIAN_POINT('Ctrl Pts',(-0.00737069065325666,0.00976037181266562,
0.0434707732571199));
#3767=CARTESIAN_POINT('Ctrl Pts',(-0.00187609932892976,0.0120860328452064,
0.0440590085512375));
#3768=CARTESIAN_POINT('Ctrl Pts',(0.00406495788029357,0.0115355128216712,
0.0446472438453552));
#3769=CARTESIAN_POINT('Ctrl Pts',(0.00903865425253557,0.00823982208124609,
0.0452354791394728));
#3770=CARTESIAN_POINT('Ctrl Pts',(0.0118613713525154,0.00298325464299938,
0.0458237144335905));
#3771=CARTESIAN_POINT('Ctrl Pts',(0.0118613713525506,-0.002983254643011,
0.0464119497277081));
#3772=CARTESIAN_POINT('Ctrl Pts',(0.00903865425248237,-0.00823982208120505,
0.0470001850218258));
#3773=CARTESIAN_POINT('Ctrl Pts',(0.00406495788039204,-0.0115355128217624,
0.0475884203159434));
#3774=CARTESIAN_POINT('Ctrl Pts',(-0.00187609932912355,-0.0120860328450184,
0.048176655610061));
#3775=CARTESIAN_POINT('Ctrl Pts',(-0.00737069065286844,-0.00976037181304652,
0.0487648909041787));
#3776=CARTESIAN_POINT('Ctrl Pts',(-0.0111112373635027,-0.00511198032946579,
0.0493531261982963));
#3777=CARTESIAN_POINT('Ctrl Pts',(-0.0122075805654967,0.000752937795346176,
0.049941361492414));
#3778=CARTESIAN_POINT('Ctrl Pts',(-0.0103988173250702,0.00643867509455608,
0.0505295967865316));
#3779=CARTESIAN_POINT('Ctrl Pts',(-0.00611538916005261,0.0105921647380313,
0.0511178320806493));
#3780=CARTESIAN_POINT('Ctrl Pts',(-0.00037664754778803,0.0122249775284469,
0.0517060673747669));
#3781=CARTESIAN_POINT('Ctrl Pts',(0.00545172704981472,0.0109485437628076,
0.0522943026688846));
#3782=CARTESIAN_POINT('Ctrl Pts',(0.00998272345890761,0.00706662370976788,
0.0528825379630022));
#3783=CARTESIAN_POINT('Ctrl Pts',(0.0121380753716728,0.00150301933952773,
0.0534707732571199));
#3784=CARTESIAN_POINT('Ctrl Pts',(0.0114048609281281,-0.00441826653568732,
0.0540590085512375));
#3785=CARTESIAN_POINT('Ctrl Pts',(0.00795756863457888,-0.00928811361947833,
0.0546472438453552));
#3786=CARTESIAN_POINT('Ctrl Pts',(0.00261656726183874,-0.0119476143954826,
0.0552354791394727));
#3787=CARTESIAN_POINT('Ctrl Pts',(-0.00334710964362213,-0.0117638779360441,
0.0558237144335905));
#3788=CARTESIAN_POINT('Ctrl Pts',(-0.00851426345894394,-0.00878061817061994,
0.0564119497277081));
#3789=CARTESIAN_POINT('Ctrl Pts',(-0.0116552153707943,-0.00370780005184432,
0.0570001850218257));
#3790=CARTESIAN_POINT('Ctrl Pts',(-0.0120225401885391,0.00224741350531974,
0.0575884203159434));
#3791=CARTESIAN_POINT('Ctrl Pts',(-0.00952873341381402,0.00766773813823459,
0.058176655610061));
#3792=CARTESIAN_POINT('Ctrl Pts',(-0.00476744181621151,0.0112634475799228,
0.0587648909041788));
#3793=CARTESIAN_POINT('Ctrl Pts',(0.00112862921340509,0.0121784904652294,
0.0593531261982963));
#3794=CARTESIAN_POINT('Ctrl Pts',(0.00675561871746378,0.0101958358843491,
0.059941361492414));
#3795=CARTESIAN_POINT('Ctrl Pts',(0.0107759625718803,0.00578582325861984,
0.0605295967865316));
#3796=CARTESIAN_POINT('Ctrl Pts',(0.0117446899885117,0.00192944220251126,
0.0609217536492767));
#3797=CARTESIAN_POINT('Ctrl Pts',(0.0117446899885117,2.30129552022542E-17,
0.0611178320806493));
#3798=CARTESIAN_POINT('Ctrl Pts',(0.0127136743481667,0.,0.000893615568249459));
#3799=CARTESIAN_POINT('Ctrl Pts',(0.0127136743481667,-0.00208821367033164,
0.00108969399962201));
#3800=CARTESIAN_POINT('Ctrl Pts',(0.0116649545893639,-0.00626339311936837,
0.00148185086236711));
#3801=CARTESIAN_POINT('Ctrl Pts',(0.00731296837131397,-0.0110368791827943,
0.00207008615648475));
#3802=CARTESIAN_POINT('Ctrl Pts',(0.00122173542687743,-0.0131832706724824,
0.0026583214506024));
#3803=CARTESIAN_POINT('Ctrl Pts',(-0.00516075271536776,-0.0121926539288768,
0.00324655674472005));
#3804=CARTESIAN_POINT('Ctrl Pts',(-0.0103148547960481,-0.00830033976053414,
0.00383479203883769));
#3805=CARTESIAN_POINT('Ctrl Pts',(-0.0130143984196191,-0.00243281822758825,
0.00442302733295534));
#3806=CARTESIAN_POINT('Ctrl Pts',(-0.0126167703549653,0.00401368999495236,
0.00501126262707299));
#3807=CARTESIAN_POINT('Ctrl Pts',(-0.00921668956724197,0.00950502036746917,
0.00559949792119063));
#3808=CARTESIAN_POINT('Ctrl Pts',(-0.00362324609378524,0.0127343964051452,
0.00618773321530829));
#3809=CARTESIAN_POINT('Ctrl Pts',(0.00283243396228577,0.0129332923530212,
0.00677596850942593));
#3810=CARTESIAN_POINT('Ctrl Pts',(0.00861406759879212,0.0100543822899365,
0.00736420380354357));
#3811=CARTESIAN_POINT('Ctrl Pts',(0.0123457613525343,0.00478277338906292,
0.00795243909766123));
#3812=CARTESIAN_POINT('Ctrl Pts',(0.013139465932849,-0.00162701840469761,
0.00854067439177887));
#3813=CARTESIAN_POINT('Ctrl Pts',(0.0108062976107007,-0.0076496197613052,
0.00912890968589651));
#3814=CARTESIAN_POINT('Ctrl Pts',(0.005901494237382,-0.0118517980476792,
0.00971714498001417));
#3815=CARTESIAN_POINT('Ctrl Pts',(-0.000407720949625734,-0.0132335375118481,
0.0103053802741318));
#3816=CARTESIAN_POINT('Ctrl Pts',(-0.00661990843764808,-0.0114660177631401,
0.0108936155682495));
#3817=CARTESIAN_POINT('Ctrl Pts',(-0.0112567191957766,-0.00696986544255473,
0.0114818508623671));
#3818=CARTESIAN_POINT('Ctrl Pts',(-0.0132147053066322,-0.000815055123781426,
0.0120700861564848));
#3819=CARTESIAN_POINT('Ctrl Pts',(-0.0120279138492367,0.00553371843248815,
0.0126583214506024));
#3820=CARTESIAN_POINT('Ctrl Pts',(-0.00797877223591413,0.0105656019632667,
0.0132465567447201));
#3821=CARTESIAN_POINT('Ctrl Pts',(-0.00203087742301298,0.0130831299057576,
0.0138347920388377));
#3822=CARTESIAN_POINT('Ctrl Pts',(0.00440031668721558,0.0124871920100098,
0.0144230273329553));
#3823=CARTESIAN_POINT('Ctrl Pts',(0.0097843427429034,0.00891960696041659,
0.015011262627073));
#3824=CARTESIAN_POINT('Ctrl Pts',(0.0128399338521329,0.00322937299083569,
0.0155994979211906));
#3825=CARTESIAN_POINT('Ctrl Pts',(0.0128399338520965,-0.00322937299082873,
0.0161877332153083));
#3826=CARTESIAN_POINT('Ctrl Pts',(0.00978434274295843,-0.00891960696044097,
0.0167759685094259));
#3827=CARTESIAN_POINT('Ctrl Pts',(0.00440031668711388,-0.0124871920099555,
0.0173642038035436));
#3828=CARTESIAN_POINT('Ctrl Pts',(-0.0020308774228126,-0.0130831299058695,
0.0179524390976612));
#3829=CARTESIAN_POINT('Ctrl Pts',(-0.00797877223631538,-0.0105656019630401,
0.0185406743917789));
#3830=CARTESIAN_POINT('Ctrl Pts',(-0.0120279138484297,-0.00553371843294509,
0.0191289096858965));
#3831=CARTESIAN_POINT('Ctrl Pts',(-0.013214705308257,0.000815055124701953,
0.0197171449800142));
#3832=CARTESIAN_POINT('Ctrl Pts',(-0.0112567191925045,0.00696986544070058,
0.0203053802741318));
#3833=CARTESIAN_POINT('Ctrl Pts',(-0.00661990844423803,0.0114660177668744,
0.0208936155682494));
#3834=CARTESIAN_POINT('Ctrl Pts',(-0.000407720936353587,0.0132335375043271,
0.0214818508623671));
#3835=CARTESIAN_POINT('Ctrl Pts',(0.00590149421065171,0.0118517980628265,
0.0220700861564847));
#3836=CARTESIAN_POINT('Ctrl Pts',(0.0108062976645358,0.00764961973079846,
0.0226583214506024));
#3837=CARTESIAN_POINT('Ctrl Pts',(0.0131394658244244,0.00162701846613863,
0.02324655674472));
#3838=CARTESIAN_POINT('Ctrl Pts',(0.0123457615709026,-0.00478277351280587,
0.0238347920388377));
#3839=CARTESIAN_POINT('Ctrl Pts',(0.00861406715899565,-0.0100543820407167,
0.0244230273329553));
#3840=CARTESIAN_POINT('Ctrl Pts',(0.00283243484804113,-0.0129332928549529,
0.025011262627073));
#3841=CARTESIAN_POINT('Ctrl Pts',(-0.00362324787770716,-0.0127343953942488,
0.0255994979211906));
#3842=CARTESIAN_POINT('Ctrl Pts',(-0.00921668597440135,-0.00950502240342688,
0.0261877332153083));
#3843=CARTESIAN_POINT('Ctrl Pts',(-0.0126167775909935,-0.00401368589450855,
0.026775968509426));
#3844=CARTESIAN_POINT('Ctrl Pts',(-0.0130143838461125,0.00243280996923714,
0.0273642038035436));
#3845=CARTESIAN_POINT('Ctrl Pts',(-0.0103148841480885,0.00830035639306442,
0.0279524390976612));
#3846=CARTESIAN_POINT('Ctrl Pts',(-0.00516069358810979,0.0121926204291783,
0.0285406743917789));
#3847=CARTESIAN_POINT('Ctrl Pts',(0.00122161618389419,0.0131833381637437,
0.0291289096858965));
#3848=CARTESIAN_POINT('Ctrl Pts',(0.00731321109760509,0.0110367429381244,
0.0297171449800142));
#3849=CARTESIAN_POINT('Ctrl Pts',(0.0116644401288582,0.00626367206362657,
0.0303053802741318));
#3850=CARTESIAN_POINT('Ctrl Pts',(0.013239816888476,1.52801560845186E-17,
0.0308936155682494));
#3851=CARTESIAN_POINT('Ctrl Pts',(0.0116644401288582,-0.00626367206362655,
0.0314818508623671));
#3852=CARTESIAN_POINT('Ctrl Pts',(0.0073132110976051,-0.0110367429381244,
0.0320700861564847));
#3853=CARTESIAN_POINT('Ctrl Pts',(0.00122161618389423,-0.0131833381637437,
0.0326583214506024));
#3854=CARTESIAN_POINT('Ctrl Pts',(-0.00516069358810977,-0.0121926204291783,
0.03324655674472));
#3855=CARTESIAN_POINT('Ctrl Pts',(-0.0103148841480885,-0.00830035639306442,
0.0338347920388377));
#3856=CARTESIAN_POINT('Ctrl Pts',(-0.0130143838461125,-0.00243280996923717,
0.0344230273329553));
#3857=CARTESIAN_POINT('Ctrl Pts',(-0.0126167775909935,0.00401368589450851,
0.035011262627073));
#3858=CARTESIAN_POINT('Ctrl Pts',(-0.00921668597440139,0.00950502240342684,
0.0355994979211906));
#3859=CARTESIAN_POINT('Ctrl Pts',(-0.00362324787770721,0.0127343953942488,
0.0361877332153083));
#3860=CARTESIAN_POINT('Ctrl Pts',(0.00283243484804108,0.0129332928549529,
0.0367759685094259));
#3861=CARTESIAN_POINT('Ctrl Pts',(0.00861406715899564,0.0100543820407167,
0.0373642038035436));
#3862=CARTESIAN_POINT('Ctrl Pts',(0.0123457615709026,0.0047827735128059,
0.0379524390976612));
#3863=CARTESIAN_POINT('Ctrl Pts',(0.0131394658244244,-0.00162701846613861,
0.0385406743917789));
#3864=CARTESIAN_POINT('Ctrl Pts',(0.0108062976645359,-0.00764961973079843,
0.0391289096858965));
#3865=CARTESIAN_POINT('Ctrl Pts',(0.00590149421065172,-0.0118517980628265,
0.0397171449800142));
#3866=CARTESIAN_POINT('Ctrl Pts',(-0.000407720936353543,-0.0132335375043271,
0.0403053802741318));
#3867=CARTESIAN_POINT('Ctrl Pts',(-0.00661990844423802,-0.0114660177668744,
0.0408936155682494));
#3868=CARTESIAN_POINT('Ctrl Pts',(-0.0112567191925045,-0.0069698654407006,
0.0414818508623671));
#3869=CARTESIAN_POINT('Ctrl Pts',(-0.013214705308257,-0.000815055124701952,
0.0420700861564848));
#3870=CARTESIAN_POINT('Ctrl Pts',(-0.0120279138484297,0.00553371843294506,
0.0426583214506024));
#3871=CARTESIAN_POINT('Ctrl Pts',(-0.00797877223631541,0.0105656019630401,
0.04324655674472));
#3872=CARTESIAN_POINT('Ctrl Pts',(-0.00203087742281267,0.0130831299058694,
0.0438347920388377));
#3873=CARTESIAN_POINT('Ctrl Pts',(0.0044003166871138,0.0124871920099555,
0.0444230273329553));
#3874=CARTESIAN_POINT('Ctrl Pts',(0.00978434274295839,0.00891960696044102,
0.045011262627073));
#3875=CARTESIAN_POINT('Ctrl Pts',(0.0128399338520965,0.00322937299082879,
0.0455994979211907));
#3876=CARTESIAN_POINT('Ctrl Pts',(0.0128399338521329,-0.00322937299083566,
0.0461877332153083));
#3877=CARTESIAN_POINT('Ctrl Pts',(0.00978434274290342,-0.00891960696041659,
0.0467759685094259));
#3878=CARTESIAN_POINT('Ctrl Pts',(0.00440031668721559,-0.0124871920100098,
0.0473642038035436));
#3879=CARTESIAN_POINT('Ctrl Pts',(-0.00203087742301297,-0.0130831299057576,
0.0479524390976612));
#3880=CARTESIAN_POINT('Ctrl Pts',(-0.00797877223591412,-0.0105656019632667,
0.0485406743917789));
#3881=CARTESIAN_POINT('Ctrl Pts',(-0.0120279138492367,-0.00553371843248819,
0.0491289096858966));
#3882=CARTESIAN_POINT('Ctrl Pts',(-0.0132147053066322,0.000815055123781377,
0.0497171449800141));
#3883=CARTESIAN_POINT('Ctrl Pts',(-0.0112567191957767,0.00696986544255467,
0.0503053802741319));
#3884=CARTESIAN_POINT('Ctrl Pts',(-0.00661990843764812,0.0114660177631401,
0.0508936155682494));
#3885=CARTESIAN_POINT('Ctrl Pts',(-0.000407720949625791,0.0132335375118481,
0.0514818508623671));
#3886=CARTESIAN_POINT('Ctrl Pts',(0.00590149423738199,0.0118517980476792,
0.0520700861564847));
#3887=CARTESIAN_POINT('Ctrl Pts',(0.0108062976107007,0.00764961976130524,
0.0526583214506025));
#3888=CARTESIAN_POINT('Ctrl Pts',(0.013139465932849,0.0016270184046976,
0.05324655674472));
#3889=CARTESIAN_POINT('Ctrl Pts',(0.0123457613525343,-0.00478277338906292,
0.0538347920388378));
#3890=CARTESIAN_POINT('Ctrl Pts',(0.00861406759879212,-0.0100543822899365,
0.0544230273329553));
#3891=CARTESIAN_POINT('Ctrl Pts',(0.00283243396228579,-0.0129332923530212,
0.055011262627073));
#3892=CARTESIAN_POINT('Ctrl Pts',(-0.00362324609378519,-0.0127343964051452,
0.0555994979211906));
#3893=CARTESIAN_POINT('Ctrl Pts',(-0.00921668956724192,-0.00950502036746921,
0.0561877332153083));
#3894=CARTESIAN_POINT('Ctrl Pts',(-0.0126167703549652,-0.00401368999495242,
0.0567759685094259));
#3895=CARTESIAN_POINT('Ctrl Pts',(-0.0130143984196191,0.00243281822758821,
0.0573642038035436));
#3896=CARTESIAN_POINT('Ctrl Pts',(-0.0103148547960482,0.00830033976053412,
0.0579524390976612));
#3897=CARTESIAN_POINT('Ctrl Pts',(-0.00516075271536778,0.0121926539288768,
0.0585406743917789));
#3898=CARTESIAN_POINT('Ctrl Pts',(0.00122173542687743,0.0131832706724824,
0.0591289096858966));
#3899=CARTESIAN_POINT('Ctrl Pts',(0.00731296837131398,0.0110368791827943,
0.0597171449800141));
#3900=CARTESIAN_POINT('Ctrl Pts',(0.0116649545893639,0.00626339311936838,
0.0603053802741318));
#3901=CARTESIAN_POINT('Ctrl Pts',(0.0127136743481666,0.00208821367033166,
0.0606975371368769));
#3902=CARTESIAN_POINT('Ctrl Pts',(0.0127136743481667,2.49116169534146E-17,
0.0608936155682495));
#3903=CARTESIAN_POINT('Ctrl Pts',(0.013,0.,0.000299199300341885));
#3904=CARTESIAN_POINT('Ctrl Pts',(0.013,-0.0021359669707104,0.000495277731714434));
#3905=CARTESIAN_POINT('Ctrl Pts',(0.0119277812922437,-0.006404074557192,
0.000887434594459535));
#3906=CARTESIAN_POINT('Ctrl Pts',(0.00747769251985921,-0.011285710840086,
0.00147566988857718));
#3907=CARTESIAN_POINT('Ctrl Pts',(0.00124926811505457,-0.0134801624473282,
0.00206390518269483));
#3908=CARTESIAN_POINT('Ctrl Pts',(-0.00527701734115593,-0.012467373974651,
0.00265214047681247));
#3909=CARTESIAN_POINT('Ctrl Pts',(-0.010547222053951,-0.00848730331195936,
0.00324037577093012));
#3910=CARTESIAN_POINT('Ctrl Pts',(-0.0133075837357973,-0.00248763577362725,
0.00382861106504776));
#3911=CARTESIAN_POINT('Ctrl Pts',(-0.0129009962378214,0.00410411495641744,
0.00441684635916542));
#3912=CARTESIAN_POINT('Ctrl Pts',(-0.00942432043409116,0.00971914344807666,
0.00500508165328306));
#3913=CARTESIAN_POINT('Ctrl Pts',(-0.00370486925064547,0.0130212741717351,
0.00559331694740071));
#3914=CARTESIAN_POINT('Ctrl Pts',(0.00289624203593497,0.0132246486187141,
0.00618155224151835));
#3915=CARTESIAN_POINT('Ctrl Pts',(0.00880812253489662,0.0102808844849171,
0.006769787535636));
#3916=CARTESIAN_POINT('Ctrl Pts',(0.0126238826117627,0.00489051796800085,
0.00735802282975365));
#3917=CARTESIAN_POINT('Ctrl Pts',(0.0134354675364295,-0.00166367125573961,
0.0079462581238713));
#3918=CARTESIAN_POINT('Ctrl Pts',(0.0110497383474061,-0.00782194793907464,
0.00853449341798894));
#3919=CARTESIAN_POINT('Ctrl Pts',(0.00603444117319466,-0.0121187914593394,
0.00912272871210659));
#3920=CARTESIAN_POINT('Ctrl Pts',(-0.000416905955032578,-0.0135316583310358,
0.00971096400622424));
#3921=CARTESIAN_POINT('Ctrl Pts',(-0.00676903957104382,-0.0117243204589448,
0.0102991993003419));
#3922=CARTESIAN_POINT('Ctrl Pts',(-0.0115103068874642,-0.00712688029618864,
0.0108874345944595));
#3923=CARTESIAN_POINT('Ctrl Pts',(-0.0135124018691638,-0.000833416417938327,
0.0114756698885772));
#3924=CARTESIAN_POINT('Ctrl Pts',(-0.0122988747618526,0.00565838023229723,
0.0120639051826948));
#3925=CARTESIAN_POINT('Ctrl Pts',(-0.00815851540939945,0.0108036203918478,
0.0126521404768125));
#3926=CARTESIAN_POINT('Ctrl Pts',(-0.0020766283659371,0.0133778623806291,
0.0132403757709301));
#3927=CARTESIAN_POINT('Ctrl Pts',(0.00449944558355763,0.0127684993909559,
0.0138286110650478));
#3928=CARTESIAN_POINT('Ctrl Pts',(0.0100047612187501,0.00912054495110994,
0.0144168463591654));
#3929=CARTESIAN_POINT('Ctrl Pts',(0.0131291876859465,0.00330212325025428,
0.0150050816532831));
#3930=CARTESIAN_POINT('Ctrl Pts',(0.0131291876859063,-0.00330212325023723,
0.0155933169474007));
#3931=CARTESIAN_POINT('Ctrl Pts',(0.0100047612188109,-0.00912054495116974,
0.0161815522415183));
#3932=CARTESIAN_POINT('Ctrl Pts',(0.00449944558344525,-0.0127684993908228,
0.016769787535636));
#3933=CARTESIAN_POINT('Ctrl Pts',(-0.00207662836571569,-0.0133778623809035,
0.0173580228297536));
#3934=CARTESIAN_POINT('Ctrl Pts',(-0.0081585154098428,-0.0108036203912921,
0.0179462581238713));
#3935=CARTESIAN_POINT('Ctrl Pts',(-0.0122988747609608,-0.00565838023341797,
0.0185344934179889));
#3936=CARTESIAN_POINT('Ctrl Pts',(-0.0135124018709592,0.000833416420196225,
0.0191227287121066));
#3937=CARTESIAN_POINT('Ctrl Pts',(-0.0115103068838486,0.00712688029164078,
0.0197109640062242));
#3938=CARTESIAN_POINT('Ctrl Pts',(-0.00676903957832559,0.0117243204681044,
0.0202991993003419));
#3939=CARTESIAN_POINT('Ctrl Pts',(-0.000416905940367132,0.0135316583125882,
0.0208874345944595));
#3940=CARTESIAN_POINT('Ctrl Pts',(0.00603444114365826,0.0121187914964931,
0.0214756698885772));
#3941=CARTESIAN_POINT('Ctrl Pts',(0.0110497384068927,0.0078219478642465,
0.0220639051826948));
#3942=CARTESIAN_POINT('Ctrl Pts',(0.0134354674166227,0.00166367140644444,
0.0226521404768125));
#3943=CARTESIAN_POINT('Ctrl Pts',(0.0126238828530551,-0.0048905182715222,
0.0232403757709301));
#3944=CARTESIAN_POINT('Ctrl Pts',(0.0088081220489308,-0.0102808838736214,
0.0238286110650478));
#3945=CARTESIAN_POINT('Ctrl Pts',(0.00289624301467599,-0.0132246498498709,
0.0244168463591654));
#3946=CARTESIAN_POINT('Ctrl Pts',(-0.00370487122184164,-0.0130212716921705,
0.0250050816532831));
#3947=CARTESIAN_POINT('Ctrl Pts',(-0.00942431646407793,-0.00971914844195003,
0.0255933169474007));
#3948=CARTESIAN_POINT('Ctrl Pts',(-0.0129010042334803,-0.00410410489869286,
0.0261815522415184));
#3949=CARTESIAN_POINT('Ctrl Pts',(-0.0133075676323793,0.00248761551719719,
0.026769787535636));
#3950=CARTESIAN_POINT('Ctrl Pts',(-0.0105472544873377,0.00848734410938335,
0.0273580228297537));
#3951=CARTESIAN_POINT('Ctrl Pts',(-0.00527695200678067,0.0124672917977355,
0.0279462581238713));
#3952=CARTESIAN_POINT('Ctrl Pts',(0.00124913635406851,0.0134803280976649,
0.028534493417989));
#3953=CARTESIAN_POINT('Ctrl Pts',(0.00747796072730076,0.0112853750762967,
0.0291227287121066));
#3954=CARTESIAN_POINT('Ctrl Pts',(0.0119272128242158,0.0064047780209475,
0.0297109640062242));
#3955=CARTESIAN_POINT('Ctrl Pts',(0.013538079156651,1.22241248676149E-17,
0.0302991993003419));
#3956=CARTESIAN_POINT('Ctrl Pts',(0.0119272128242158,-0.00640477802094747,
0.0308874345944596));
#3957=CARTESIAN_POINT('Ctrl Pts',(0.00747796072730077,-0.0112853750762966,
0.0314756698885772));
#3958=CARTESIAN_POINT('Ctrl Pts',(0.00124913635406855,-0.0134803280976649,
0.0320639051826948));
#3959=CARTESIAN_POINT('Ctrl Pts',(-0.00527695200678065,-0.0124672917977355,
0.0326521404768125));
#3960=CARTESIAN_POINT('Ctrl Pts',(-0.0105472544873377,-0.00848734410938337,
0.0332403757709301));
#3961=CARTESIAN_POINT('Ctrl Pts',(-0.0133075676323793,-0.00248761551719721,
0.0338286110650478));
#3962=CARTESIAN_POINT('Ctrl Pts',(-0.0129010042334803,0.00410410489869281,
0.0344168463591654));
#3963=CARTESIAN_POINT('Ctrl Pts',(-0.00942431646407798,0.00971914844194999,
0.0350050816532831));
#3964=CARTESIAN_POINT('Ctrl Pts',(-0.00370487122184169,0.0130212716921704,
0.0355933169474007));
#3965=CARTESIAN_POINT('Ctrl Pts',(0.00289624301467595,0.0132246498498709,
0.0361815522415183));
#3966=CARTESIAN_POINT('Ctrl Pts',(0.00880812204893078,0.0102808838736215,
0.036769787535636));
#3967=CARTESIAN_POINT('Ctrl Pts',(0.012623882853055,0.00489051827152223,
0.0373580228297536));
#3968=CARTESIAN_POINT('Ctrl Pts',(0.0134354674166227,-0.00166367140644442,
0.0379462581238713));
#3969=CARTESIAN_POINT('Ctrl Pts',(0.0110497384068927,-0.00782194786424647,
0.038534493417989));
#3970=CARTESIAN_POINT('Ctrl Pts',(0.00603444114365827,-0.0121187914964931,
0.0391227287121066));
#3971=CARTESIAN_POINT('Ctrl Pts',(-0.000416905940367084,-0.0135316583125882,
0.0397109640062243));
#3972=CARTESIAN_POINT('Ctrl Pts',(-0.00676903957832557,-0.0117243204681044,
0.0402991993003418));
#3973=CARTESIAN_POINT('Ctrl Pts',(-0.0115103068838486,-0.0071268802916408,
0.0408874345944596));
#3974=CARTESIAN_POINT('Ctrl Pts',(-0.0135124018709592,-0.000833416420196229,
0.0414756698885772));
#3975=CARTESIAN_POINT('Ctrl Pts',(-0.0122988747609608,0.00565838023341794,
0.0420639051826949));
#3976=CARTESIAN_POINT('Ctrl Pts',(-0.00815851540984284,0.0108036203912921,
0.0426521404768125));
#3977=CARTESIAN_POINT('Ctrl Pts',(-0.00207662836571576,0.0133778623809035,
0.0432403757709301));
#3978=CARTESIAN_POINT('Ctrl Pts',(0.00449944558344517,0.0127684993908228,
0.0438286110650478));
#3979=CARTESIAN_POINT('Ctrl Pts',(0.0100047612188109,0.00912054495116979,
0.0444168463591654));
#3980=CARTESIAN_POINT('Ctrl Pts',(0.0131291876859063,0.00330212325023728,
0.0450050816532831));
#3981=CARTESIAN_POINT('Ctrl Pts',(0.0131291876859465,-0.00330212325025425,
0.0455933169474007));
#3982=CARTESIAN_POINT('Ctrl Pts',(0.0100047612187501,-0.00912054495110993,
0.0461815522415184));
#3983=CARTESIAN_POINT('Ctrl Pts',(0.00449944558355764,-0.0127684993909559,
0.046769787535636));
#3984=CARTESIAN_POINT('Ctrl Pts',(-0.0020766283659371,-0.0133778623806291,
0.0473580228297537));
#3985=CARTESIAN_POINT('Ctrl Pts',(-0.00815851540939942,-0.0108036203918478,
0.0479462581238713));
#3986=CARTESIAN_POINT('Ctrl Pts',(-0.0122988747618526,-0.00565838023229725,
0.048534493417989));
#3987=CARTESIAN_POINT('Ctrl Pts',(-0.0135124018691638,0.000833416417938272,
0.0491227287121066));
#3988=CARTESIAN_POINT('Ctrl Pts',(-0.0115103068874642,0.00712688029618858,
0.0497109640062242));
#3989=CARTESIAN_POINT('Ctrl Pts',(-0.00676903957104387,0.0117243204589448,
0.0502991993003419));
#3990=CARTESIAN_POINT('Ctrl Pts',(-0.000416905955032634,0.0135316583310358,
0.0508874345944595));
#3991=CARTESIAN_POINT('Ctrl Pts',(0.00603444117319465,0.0121187914593394,
0.0514756698885772));
#3992=CARTESIAN_POINT('Ctrl Pts',(0.0110497383474061,0.00782194793907466,
0.0520639051826948));
#3993=CARTESIAN_POINT('Ctrl Pts',(0.0134354675364295,0.00166367125573961,
0.0526521404768125));
#3994=CARTESIAN_POINT('Ctrl Pts',(0.0126238826117626,-0.00489051796800086,
0.0532403757709301));
#3995=CARTESIAN_POINT('Ctrl Pts',(0.00880812253489663,-0.0102808844849171,
0.0538286110650478));
#3996=CARTESIAN_POINT('Ctrl Pts',(0.00289624203593499,-0.0132246486187141,
0.0544168463591654));
#3997=CARTESIAN_POINT('Ctrl Pts',(-0.00370486925064541,-0.0130212741717351,
0.0550050816532831));
#3998=CARTESIAN_POINT('Ctrl Pts',(-0.00942432043409112,-0.00971914344807671,
0.0555933169474007));
#3999=CARTESIAN_POINT('Ctrl Pts',(-0.0129009962378213,-0.0041041149564175,
0.0561815522415184));
#4000=CARTESIAN_POINT('Ctrl Pts',(-0.0133075837357973,0.00248763577362721,
0.056769787535636));
#4001=CARTESIAN_POINT('Ctrl Pts',(-0.010547222053951,0.00848730331195933,
0.0573580228297536));
#4002=CARTESIAN_POINT('Ctrl Pts',(-0.00527701734115595,0.012467373974651,
0.0579462581238713));
#4003=CARTESIAN_POINT('Ctrl Pts',(0.00124926811505458,0.0134801624473282,
0.0585344934179889));
#4004=CARTESIAN_POINT('Ctrl Pts',(0.0074776925198592,0.011285710840086,
0.0591227287121066));
#4005=CARTESIAN_POINT('Ctrl Pts',(0.0119277812922437,0.006404074557192,
0.0597109640062242));
#4006=CARTESIAN_POINT('Ctrl Pts',(0.013,0.00213596697071042,0.0601031208689693));
#4007=CARTESIAN_POINT('Ctrl Pts',(0.013,2.54726534222649E-17,0.0602991993003419));
#4008=CARTESIAN_POINT('Ctrl Pts',(0.013,0.,1.22464679914735E-19));
#4009=CARTESIAN_POINT('Ctrl Pts',(0.013,-0.00213546167302836,0.000196078431372549));
#4010=CARTESIAN_POINT('Ctrl Pts',(0.0119276980494047,-0.00640433745078132,
0.000588235294117647));
#4011=CARTESIAN_POINT('Ctrl Pts',(0.00747767283924694,-0.0112855230544573,
0.00117647058823529));
#4012=CARTESIAN_POINT('Ctrl Pts',(0.0012492556378811,-0.0134801692074681,
0.00176470588235294));
#4013=CARTESIAN_POINT('Ctrl Pts',(-0.00527699020189935,-0.012467284465157,
0.00235294117647059));
#4014=CARTESIAN_POINT('Ctrl Pts',(-0.0105471762944233,-0.00848728172392307,
0.00294117647058824));
#4015=CARTESIAN_POINT('Ctrl Pts',(-0.0133075230325726,-0.00248761634438263,
0.00352941176470588));
#4016=CARTESIAN_POINT('Ctrl Pts',(-0.012900938617851,0.00410409240321009,
0.00411764705882353));
#4017=CARTESIAN_POINT('Ctrl Pts',(-0.00942427783147447,0.00971910175682874,
0.00470588235294117));
#4018=CARTESIAN_POINT('Ctrl Pts',(-0.0037048526866033,0.013021214586112,
0.00529411764705882));
#4019=CARTESIAN_POINT('Ctrl Pts',(0.00289622905791191,0.0132245896273701,
0.00588235294117647));
#4020=CARTESIAN_POINT('Ctrl Pts',(0.00880808288561249,0.0102808379869773,
0.00647058823529412));
#4021=CARTESIAN_POINT('Ctrl Pts',(0.0126238258348474,0.00489049609108686,
0.00705882352941177));
#4022=CARTESIAN_POINT('Ctrl Pts',(0.0134354070897465,-0.0016636638328836,
0.00764705882352941));
#4023=CARTESIAN_POINT('Ctrl Pts',(0.0110496886424339,-0.00782191272102819,
0.00823529411764706));
#4024=CARTESIAN_POINT('Ctrl Pts',(0.006034414025276,-0.0121187369571672,
0.0088235294117647));
#4025=CARTESIAN_POINT('Ctrl Pts',(-0.000416904078786964,-0.0135315974503637,
0.00941176470588236));
#4026=CARTESIAN_POINT('Ctrl Pts',(-0.00676900912039588,-0.0117242677199443,
0.00999999999999999));
#4027=CARTESIAN_POINT('Ctrl Pts',(-0.0115102551073062,-0.00712684823353899,
0.0105882352941177));
#4028=CARTESIAN_POINT('Ctrl Pts',(-0.0135123410827146,-0.000833412669671114,
0.0111764705882353));
#4029=CARTESIAN_POINT('Ctrl Pts',(-0.0122988194344052,0.00565835477810978,
0.0117647058823529));
#4030=CARTESIAN_POINT('Ctrl Pts',(-0.00815847870773538,0.0108035717907332,
0.0123529411764706));
#4031=CARTESIAN_POINT('Ctrl Pts',(-0.00207661902405883,0.0133778021994347,
0.0129411764705882));
#4032=CARTESIAN_POINT('Ctrl Pts',(0.00449942534246204,0.0127684419508579,
0.0135294117647059));
#4033=CARTESIAN_POINT('Ctrl Pts',(0.010004716211592,0.00912050392168925,
0.0141176470588235));
#4034=CARTESIAN_POINT('Ctrl Pts',(0.0131291286233199,0.003302108395394,
0.0147058823529412));
#4035=CARTESIAN_POINT('Ctrl Pts',(0.0131291286232817,-0.00330210839538388,
0.0152941176470588));
#4036=CARTESIAN_POINT('Ctrl Pts',(0.0100047162116497,-0.00912050392172473,
0.0158823529411765));
#4037=CARTESIAN_POINT('Ctrl Pts',(0.00449942534235552,-0.0127684419507789,
0.0164705882352941));
#4038=CARTESIAN_POINT('Ctrl Pts',(-0.00207661902384895,-0.0133778021995975,
0.0170588235294118));
#4039=CARTESIAN_POINT('Ctrl Pts',(-0.00815847870815565,-0.0108035717904035,
0.0176470588235294));
#4040=CARTESIAN_POINT('Ctrl Pts',(-0.0122988194335599,-0.00565835477877472,
0.0182352941176471));
#4041=CARTESIAN_POINT('Ctrl Pts',(-0.0135123410844165,0.000833412671010704,
0.0188235294117647));
#4042=CARTESIAN_POINT('Ctrl Pts',(-0.0115102551038788,0.00712684823084078,
0.0194117647058823));
#4043=CARTESIAN_POINT('Ctrl Pts',(-0.00676900912729864,0.0117242677253786,
0.02));
#4044=CARTESIAN_POINT('Ctrl Pts',(-0.000416904064884822,0.013531597439419,
0.0205882352941176));
#4045=CARTESIAN_POINT('Ctrl Pts',(0.0060344139972769,0.0121187369792101,
0.0211764705882353));
#4046=CARTESIAN_POINT('Ctrl Pts',(0.0110496886988244,0.00782191267663348,
0.0217647058823529));
#4047=CARTESIAN_POINT('Ctrl Pts',(0.0134354069761753,0.00166366392229515,
0.0223529411764706));
#4048=CARTESIAN_POINT('Ctrl Pts',(0.0126238260635811,-0.00489049627116278,
0.0229411764705882));
#4049=CARTESIAN_POINT('Ctrl Pts',(0.00880808242494002,-0.0102808376243023,
0.0235294117647059));
#4050=CARTESIAN_POINT('Ctrl Pts',(0.00289622998571183,-0.013224590357802,
0.0241176470588235));
#4051=CARTESIAN_POINT('Ctrl Pts',(-0.00370485455520346,-0.0130212131150133,
0.0247058823529412));
#4052=CARTESIAN_POINT('Ctrl Pts',(-0.00942427406809086,-0.0097191047196394,
0.0252941176470588));
#4053=CARTESIAN_POINT('Ctrl Pts',(-0.0129009461973552,-0.00410408643607236,
0.0258823529411765));
#4054=CARTESIAN_POINT('Ctrl Pts',(-0.0133075077672986,0.00248760432647416,
0.0264705882352941));
#4055=CARTESIAN_POINT('Ctrl Pts',(-0.0105472070397306,0.00848730592843593,
0.0270588235294118));
#4056=CARTESIAN_POINT('Ctrl Pts',(-0.00527692826802042,0.0124672357126981,
0.0276470588235294));
#4057=CARTESIAN_POINT('Ctrl Pts',(0.00124913073473592,0.0134802674554085,
0.0282352941176471));
#4058=CARTESIAN_POINT('Ctrl Pts',(0.00747792708713941,0.0112853243081993,
0.0288235294117647));
#4059=CARTESIAN_POINT('Ctrl Pts',(0.0119271591687637,0.00640474920857821,
0.0294117647058824));
#4060=CARTESIAN_POINT('Ctrl Pts',(0.0135380182545972,1.58913623278993E-17,
0.03));
#4061=CARTESIAN_POINT('Ctrl Pts',(0.0119271591687637,-0.00640474920857819,
0.0305882352941177));
#4062=CARTESIAN_POINT('Ctrl Pts',(0.00747792708713943,-0.0112853243081992,
0.0311764705882353));
#4063=CARTESIAN_POINT('Ctrl Pts',(0.00124913073473594,-0.0134802674554085,
0.031764705882353));
#4064=CARTESIAN_POINT('Ctrl Pts',(-0.00527692826802039,-0.0124672357126981,
0.0323529411764706));
#4065=CARTESIAN_POINT('Ctrl Pts',(-0.0105472070397306,-0.00848730592843596,
0.0329411764705883));
#4066=CARTESIAN_POINT('Ctrl Pts',(-0.0133075077672986,-0.00248760432647418,
0.0335294117647059));
#4067=CARTESIAN_POINT('Ctrl Pts',(-0.0129009461973552,0.00410408643607232,
0.0341176470588235));
#4068=CARTESIAN_POINT('Ctrl Pts',(-0.00942427406809088,0.00971910471963936,
0.0347058823529411));
#4069=CARTESIAN_POINT('Ctrl Pts',(-0.00370485455520353,0.0130212131150133,
0.0352941176470588));
#4070=CARTESIAN_POINT('Ctrl Pts',(0.00289622998571179,0.013224590357802,
0.0358823529411764));
#4071=CARTESIAN_POINT('Ctrl Pts',(0.00880808242493999,0.0102808376243023,
0.0364705882352941));
#4072=CARTESIAN_POINT('Ctrl Pts',(0.0126238260635811,0.00489049627116281,
0.0370588235294117));
#4073=CARTESIAN_POINT('Ctrl Pts',(0.0134354069761753,-0.00166366392229512,
0.0376470588235294));
#4074=CARTESIAN_POINT('Ctrl Pts',(0.0110496886988244,-0.00782191267663346,
0.0382352941176471));
#4075=CARTESIAN_POINT('Ctrl Pts',(0.00603441399727691,-0.0121187369792101,
0.0388235294117647));
#4076=CARTESIAN_POINT('Ctrl Pts',(-0.000416904064884772,-0.013531597439419,
0.0394117647058824));
#4077=CARTESIAN_POINT('Ctrl Pts',(-0.00676900912729862,-0.0117242677253786,
0.0399999999999999));
#4078=CARTESIAN_POINT('Ctrl Pts',(-0.0115102551038788,-0.0071268482308408,
0.0405882352941177));
#4079=CARTESIAN_POINT('Ctrl Pts',(-0.0135123410844165,-0.000833412671010701,
0.0411764705882353));
#4080=CARTESIAN_POINT('Ctrl Pts',(-0.0122988194335599,0.00565835477877469,
0.041764705882353));
#4081=CARTESIAN_POINT('Ctrl Pts',(-0.00815847870815569,0.0108035717904035,
0.0423529411764705));
#4082=CARTESIAN_POINT('Ctrl Pts',(-0.00207661902384902,0.0133778021995975,
0.0429411764705883));
#4083=CARTESIAN_POINT('Ctrl Pts',(0.00449942534235544,0.0127684419507789,
0.0435294117647058));
#4084=CARTESIAN_POINT('Ctrl Pts',(0.0100047162116496,0.00912050392172479,
0.0441176470588236));
#4085=CARTESIAN_POINT('Ctrl Pts',(0.0131291286232817,0.00330210839538392,
0.0447058823529411));
#4086=CARTESIAN_POINT('Ctrl Pts',(0.0131291286233199,-0.00330210839539396,
0.0452941176470589));
#4087=CARTESIAN_POINT('Ctrl Pts',(0.010004716211592,-0.00912050392168925,
0.0458823529411764));
#4088=CARTESIAN_POINT('Ctrl Pts',(0.00449942534246205,-0.0127684419508579,
0.0464705882352942));
#4089=CARTESIAN_POINT('Ctrl Pts',(-0.00207661902405884,-0.0133778021994347,
0.0470588235294117));
#4090=CARTESIAN_POINT('Ctrl Pts',(-0.00815847870773535,-0.0108035717907332,
0.0476470588235294));
#4091=CARTESIAN_POINT('Ctrl Pts',(-0.0122988194344052,-0.00565835477810982,
0.048235294117647));
#4092=CARTESIAN_POINT('Ctrl Pts',(-0.0135123410827146,0.000833412669671069,
0.0488235294117647));
#4093=CARTESIAN_POINT('Ctrl Pts',(-0.0115102551073062,0.00712684823353892,
0.0494117647058823));
#4094=CARTESIAN_POINT('Ctrl Pts',(-0.00676900912039592,0.0117242677199443,
0.05));
#4095=CARTESIAN_POINT('Ctrl Pts',(-0.000416904078787015,0.0135315974503637,
0.0505882352941176));
#4096=CARTESIAN_POINT('Ctrl Pts',(0.00603441402527598,0.0121187369571672,
0.0511764705882353));
#4097=CARTESIAN_POINT('Ctrl Pts',(0.0110496886424339,0.00782191272102821,
0.0517647058823529));
#4098=CARTESIAN_POINT('Ctrl Pts',(0.0134354070897465,0.00166366383288361,
0.0523529411764706));
#4099=CARTESIAN_POINT('Ctrl Pts',(0.0126238258348474,-0.00489049609108688,
0.0529411764705882));
#4100=CARTESIAN_POINT('Ctrl Pts',(0.00880808288561249,-0.0102808379869773,
0.0535294117647059));
#4101=CARTESIAN_POINT('Ctrl Pts',(0.00289622905791194,-0.0132245896273701,
0.0541176470588235));
#4102=CARTESIAN_POINT('Ctrl Pts',(-0.00370485268660325,-0.013021214586112,
0.0547058823529411));
#4103=CARTESIAN_POINT('Ctrl Pts',(-0.00942427783147443,-0.0097191017568288,
0.0552941176470588));
#4104=CARTESIAN_POINT('Ctrl Pts',(-0.012900938617851,-0.00410409240321013,
0.0558823529411765));
#4105=CARTESIAN_POINT('Ctrl Pts',(-0.0133075230325726,0.00248761634438259,
0.0564705882352941));
#4106=CARTESIAN_POINT('Ctrl Pts',(-0.0105471762944233,0.00848728172392304,
0.0570588235294118));
#4107=CARTESIAN_POINT('Ctrl Pts',(-0.00527699020189937,0.0124672844651569,
0.0576470588235294));
#4108=CARTESIAN_POINT('Ctrl Pts',(0.00124925563788111,0.0134801692074682,
0.0582352941176471));
#4109=CARTESIAN_POINT('Ctrl Pts',(0.00747767283924694,0.0112855230544573,
0.0588235294117647));
#4110=CARTESIAN_POINT('Ctrl Pts',(0.0119276980494047,0.00640433745078134,
0.0594117647058824));
#4111=CARTESIAN_POINT('Ctrl Pts',(0.013,0.00213546167302838,0.0598039215686275));
#4112=CARTESIAN_POINT('Ctrl Pts',(0.013,2.54726534222649E-17,0.06));
#4113=CARTESIAN_POINT('',(0.013,0.,-1.22464679914735E-19));
#4114=CARTESIAN_POINT('Origin',(0.012,0.,0.));
#4115=CARTESIAN_POINT('',(0.013,2.54726534222649E-17,0.06));
#4116=CARTESIAN_POINT('Ctrl Pts',(0.013,0.,-1.22464679914735E-19));
#4117=CARTESIAN_POINT('Ctrl Pts',(0.013,-0.00213546167302836,0.000196078431372549));
#4118=CARTESIAN_POINT('Ctrl Pts',(0.0119276980494047,-0.00640433745078132,
0.000588235294117647));
#4119=CARTESIAN_POINT('Ctrl Pts',(0.00747767283924694,-0.0112855230544573,
0.00117647058823529));
#4120=CARTESIAN_POINT('Ctrl Pts',(0.0012492556378811,-0.0134801692074681,
0.00176470588235294));
#4121=CARTESIAN_POINT('Ctrl Pts',(-0.00527699020189935,-0.012467284465157,
0.00235294117647059));
#4122=CARTESIAN_POINT('Ctrl Pts',(-0.0105471762944233,-0.00848728172392307,
0.00294117647058824));
#4123=CARTESIAN_POINT('Ctrl Pts',(-0.0133075230325726,-0.00248761634438263,
0.00352941176470588));
#4124=CARTESIAN_POINT('Ctrl Pts',(-0.012900938617851,0.00410409240321009,
0.00411764705882353));
#4125=CARTESIAN_POINT('Ctrl Pts',(-0.00942427783147447,0.00971910175682874,
0.00470588235294117));
#4126=CARTESIAN_POINT('Ctrl Pts',(-0.0037048526866033,0.013021214586112,
0.00529411764705882));
#4127=CARTESIAN_POINT('Ctrl Pts',(0.00289622905791191,0.0132245896273701,
0.00588235294117647));
#4128=CARTESIAN_POINT('Ctrl Pts',(0.00880808288561249,0.0102808379869773,
0.00647058823529412));
#4129=CARTESIAN_POINT('Ctrl Pts',(0.0126238258348474,0.00489049609108686,
0.00705882352941177));
#4130=CARTESIAN_POINT('Ctrl Pts',(0.0134354070897465,-0.0016636638328836,
0.00764705882352941));
#4131=CARTESIAN_POINT('Ctrl Pts',(0.0110496886424339,-0.00782191272102819,
0.00823529411764706));
#4132=CARTESIAN_POINT('Ctrl Pts',(0.006034414025276,-0.0121187369571672,
0.0088235294117647));
#4133=CARTESIAN_POINT('Ctrl Pts',(-0.000416904078786964,-0.0135315974503637,
0.00941176470588236));
#4134=CARTESIAN_POINT('Ctrl Pts',(-0.00676900912039588,-0.0117242677199443,
0.00999999999999999));
#4135=CARTESIAN_POINT('Ctrl Pts',(-0.0115102551073062,-0.00712684823353899,
0.0105882352941177));
#4136=CARTESIAN_POINT('Ctrl Pts',(-0.0135123410827146,-0.000833412669671114,
0.0111764705882353));
#4137=CARTESIAN_POINT('Ctrl Pts',(-0.0122988194344052,0.00565835477810978,
0.0117647058823529));
#4138=CARTESIAN_POINT('Ctrl Pts',(-0.00815847870773538,0.0108035717907332,
0.0123529411764706));
#4139=CARTESIAN_POINT('Ctrl Pts',(-0.00207661902405883,0.0133778021994347,
0.0129411764705882));
#4140=CARTESIAN_POINT('Ctrl Pts',(0.00449942534246204,0.0127684419508579,
0.0135294117647059));
#4141=CARTESIAN_POINT('Ctrl Pts',(0.010004716211592,0.00912050392168925,
0.0141176470588235));
#4142=CARTESIAN_POINT('Ctrl Pts',(0.0131291286233199,0.003302108395394,
0.0147058823529412));
#4143=CARTESIAN_POINT('Ctrl Pts',(0.0131291286232817,-0.00330210839538388,
0.0152941176470588));
#4144=CARTESIAN_POINT('Ctrl Pts',(0.0100047162116497,-0.00912050392172473,
0.0158823529411765));
#4145=CARTESIAN_POINT('Ctrl Pts',(0.00449942534235552,-0.0127684419507789,
0.0164705882352941));
#4146=CARTESIAN_POINT('Ctrl Pts',(-0.00207661902384895,-0.0133778021995975,
0.0170588235294118));
#4147=CARTESIAN_POINT('Ctrl Pts',(-0.00815847870815565,-0.0108035717904035,
0.0176470588235294));
#4148=CARTESIAN_POINT('Ctrl Pts',(-0.0122988194335599,-0.00565835477877472,
0.0182352941176471));
#4149=CARTESIAN_POINT('Ctrl Pts',(-0.0135123410844165,0.000833412671010704,
0.0188235294117647));
#4150=CARTESIAN_POINT('Ctrl Pts',(-0.0115102551038788,0.00712684823084078,
0.0194117647058823));
#4151=CARTESIAN_POINT('Ctrl Pts',(-0.00676900912729864,0.0117242677253786,
0.02));
#4152=CARTESIAN_POINT('Ctrl Pts',(-0.000416904064884822,0.013531597439419,
0.0205882352941176));
#4153=CARTESIAN_POINT('Ctrl Pts',(0.0060344139972769,0.0121187369792101,
0.0211764705882353));
#4154=CARTESIAN_POINT('Ctrl Pts',(0.0110496886988244,0.00782191267663348,
0.0217647058823529));
#4155=CARTESIAN_POINT('Ctrl Pts',(0.0134354069761753,0.00166366392229515,
0.0223529411764706));
#4156=CARTESIAN_POINT('Ctrl Pts',(0.0126238260635811,-0.00489049627116278,
0.0229411764705882));
#4157=CARTESIAN_POINT('Ctrl Pts',(0.00880808242494002,-0.0102808376243023,
0.0235294117647059));
#4158=CARTESIAN_POINT('Ctrl Pts',(0.00289622998571183,-0.013224590357802,
0.0241176470588235));
#4159=CARTESIAN_POINT('Ctrl Pts',(-0.00370485455520346,-0.0130212131150133,
0.0247058823529412));
#4160=CARTESIAN_POINT('Ctrl Pts',(-0.00942427406809086,-0.0097191047196394,
0.0252941176470588));
#4161=CARTESIAN_POINT('Ctrl Pts',(-0.0129009461973552,-0.00410408643607236,
0.0258823529411765));
#4162=CARTESIAN_POINT('Ctrl Pts',(-0.0133075077672986,0.00248760432647416,
0.0264705882352941));
#4163=CARTESIAN_POINT('Ctrl Pts',(-0.0105472070397306,0.00848730592843593,
0.0270588235294118));
#4164=CARTESIAN_POINT('Ctrl Pts',(-0.00527692826802042,0.0124672357126981,
0.0276470588235294));
#4165=CARTESIAN_POINT('Ctrl Pts',(0.00124913073473592,0.0134802674554085,
0.0282352941176471));
#4166=CARTESIAN_POINT('Ctrl Pts',(0.00747792708713941,0.0112853243081993,
0.0288235294117647));
#4167=CARTESIAN_POINT('Ctrl Pts',(0.0119271591687637,0.00640474920857821,
0.0294117647058824));
#4168=CARTESIAN_POINT('Ctrl Pts',(0.0135380182545972,1.58913623278993E-17,
0.03));
#4169=CARTESIAN_POINT('Ctrl Pts',(0.0119271591687637,-0.00640474920857819,
0.0305882352941177));
#4170=CARTESIAN_POINT('Ctrl Pts',(0.00747792708713943,-0.0112853243081992,
0.0311764705882353));
#4171=CARTESIAN_POINT('Ctrl Pts',(0.00124913073473594,-0.0134802674554085,
0.031764705882353));
#4172=CARTESIAN_POINT('Ctrl Pts',(-0.00527692826802039,-0.0124672357126981,
0.0323529411764706));
#4173=CARTESIAN_POINT('Ctrl Pts',(-0.0105472070397306,-0.00848730592843596,
0.0329411764705883));
#4174=CARTESIAN_POINT('Ctrl Pts',(-0.0133075077672986,-0.00248760432647418,
0.0335294117647059));
#4175=CARTESIAN_POINT('Ctrl Pts',(-0.0129009461973552,0.00410408643607232,
0.0341176470588235));
#4176=CARTESIAN_POINT('Ctrl Pts',(-0.00942427406809088,0.00971910471963936,
0.0347058823529411));
#4177=CARTESIAN_POINT('Ctrl Pts',(-0.00370485455520353,0.0130212131150133,
0.0352941176470588));
#4178=CARTESIAN_POINT('Ctrl Pts',(0.00289622998571179,0.013224590357802,
0.0358823529411764));
#4179=CARTESIAN_POINT('Ctrl Pts',(0.00880808242493999,0.0102808376243023,
0.0364705882352941));
#4180=CARTESIAN_POINT('Ctrl Pts',(0.0126238260635811,0.00489049627116281,
0.0370588235294117));
#4181=CARTESIAN_POINT('Ctrl Pts',(0.0134354069761753,-0.00166366392229512,
0.0376470588235294));
#4182=CARTESIAN_POINT('Ctrl Pts',(0.0110496886988244,-0.00782191267663346,
0.0382352941176471));
#4183=CARTESIAN_POINT('Ctrl Pts',(0.00603441399727691,-0.0121187369792101,
0.0388235294117647));
#4184=CARTESIAN_POINT('Ctrl Pts',(-0.000416904064884772,-0.013531597439419,
0.0394117647058824));
#4185=CARTESIAN_POINT('Ctrl Pts',(-0.00676900912729862,-0.0117242677253786,
0.0399999999999999));
#4186=CARTESIAN_POINT('Ctrl Pts',(-0.0115102551038788,-0.0071268482308408,
0.0405882352941177));
#4187=CARTESIAN_POINT('Ctrl Pts',(-0.0135123410844165,-0.000833412671010701,
0.0411764705882353));
#4188=CARTESIAN_POINT('Ctrl Pts',(-0.0122988194335599,0.00565835477877469,
0.041764705882353));
#4189=CARTESIAN_POINT('Ctrl Pts',(-0.00815847870815569,0.0108035717904035,
0.0423529411764705));
#4190=CARTESIAN_POINT('Ctrl Pts',(-0.00207661902384902,0.0133778021995975,
0.0429411764705883));
#4191=CARTESIAN_POINT('Ctrl Pts',(0.00449942534235544,0.0127684419507789,
0.0435294117647058));
#4192=CARTESIAN_POINT('Ctrl Pts',(0.0100047162116496,0.00912050392172479,
0.0441176470588236));
#4193=CARTESIAN_POINT('Ctrl Pts',(0.0131291286232817,0.00330210839538392,
0.0447058823529411));
#4194=CARTESIAN_POINT('Ctrl Pts',(0.0131291286233199,-0.00330210839539396,
0.0452941176470589));
#4195=CARTESIAN_POINT('Ctrl Pts',(0.010004716211592,-0.00912050392168925,
0.0458823529411764));
#4196=CARTESIAN_POINT('Ctrl Pts',(0.00449942534246205,-0.0127684419508579,
0.0464705882352942));
#4197=CARTESIAN_POINT('Ctrl Pts',(-0.00207661902405884,-0.0133778021994347,
0.0470588235294117));
#4198=CARTESIAN_POINT('Ctrl Pts',(-0.00815847870773535,-0.0108035717907332,
0.0476470588235294));
#4199=CARTESIAN_POINT('Ctrl Pts',(-0.0122988194344052,-0.00565835477810982,
0.048235294117647));
#4200=CARTESIAN_POINT('Ctrl Pts',(-0.0135123410827146,0.000833412669671069,
0.0488235294117647));
#4201=CARTESIAN_POINT('Ctrl Pts',(-0.0115102551073062,0.00712684823353892,
0.0494117647058823));
#4202=CARTESIAN_POINT('Ctrl Pts',(-0.00676900912039592,0.0117242677199443,
0.05));
#4203=CARTESIAN_POINT('Ctrl Pts',(-0.000416904078787015,0.0135315974503637,
0.0505882352941176));
#4204=CARTESIAN_POINT('Ctrl Pts',(0.00603441402527598,0.0121187369571672,
0.0511764705882353));
#4205=CARTESIAN_POINT('Ctrl Pts',(0.0110496886424339,0.00782191272102821,
0.0517647058823529));
#4206=CARTESIAN_POINT('Ctrl Pts',(0.0134354070897465,0.00166366383288361,
0.0523529411764706));
#4207=CARTESIAN_POINT('Ctrl Pts',(0.0126238258348474,-0.00489049609108688,
0.0529411764705882));
#4208=CARTESIAN_POINT('Ctrl Pts',(0.00880808288561249,-0.0102808379869773,
0.0535294117647059));
#4209=CARTESIAN_POINT('Ctrl Pts',(0.00289622905791194,-0.0132245896273701,
0.0541176470588235));
#4210=CARTESIAN_POINT('Ctrl Pts',(-0.00370485268660325,-0.013021214586112,
0.0547058823529411));
#4211=CARTESIAN_POINT('Ctrl Pts',(-0.00942427783147443,-0.0097191017568288,
0.0552941176470588));
#4212=CARTESIAN_POINT('Ctrl Pts',(-0.012900938617851,-0.00410409240321013,
0.0558823529411765));
#4213=CARTESIAN_POINT('Ctrl Pts',(-0.0133075230325726,0.00248761634438259,
0.0564705882352941));
#4214=CARTESIAN_POINT('Ctrl Pts',(-0.0105471762944233,0.00848728172392304,
0.0570588235294118));
#4215=CARTESIAN_POINT('Ctrl Pts',(-0.00527699020189937,0.0124672844651569,
0.0576470588235294));
#4216=CARTESIAN_POINT('Ctrl Pts',(0.00124925563788111,0.0134801692074682,
0.0582352941176471));
#4217=CARTESIAN_POINT('Ctrl Pts',(0.00747767283924694,0.0112855230544573,
0.0588235294117647));
#4218=CARTESIAN_POINT('Ctrl Pts',(0.0119276980494047,0.00640433745078134,
0.0594117647058824));
#4219=CARTESIAN_POINT('Ctrl Pts',(0.013,0.00213546167302838,0.0598039215686275));
#4220=CARTESIAN_POINT('Ctrl Pts',(0.013,2.54726534222649E-17,0.06));
#4221=CARTESIAN_POINT('Origin',(0.012,2.35132185436292E-17,0.06));
#4222=CARTESIAN_POINT('Origin',(0.012,2.35132185436292E-17,0.06));
#4223=CARTESIAN_POINT('Origin',(0.012,0.,0.));
#4224=CARTESIAN_POINT('Origin',(0.012072655665834,2.44428130833027E-17,
0.0599999668908211));
#4225=CARTESIAN_POINT('',(0.013,2.54726534222649E-17,0.06));
#4226=CARTESIAN_POINT('Origin',(0.012,2.35132185436292E-17,0.06));
#4227=CARTESIAN_POINT('Origin',(0.0120726533815699,-3.45829890453105E-21,
2.91080719535072E-8));
#4228=CARTESIAN_POINT('',(0.013,0.,-1.22464679914735E-19));
#4229=CARTESIAN_POINT('Origin',(0.012,0.,0.));
#4230=CARTESIAN_POINT('Origin',(0.,-0.1,0.));
#4231=CARTESIAN_POINT('',(-0.067,-0.1,-8.20513355428727E-18));
#4232=CARTESIAN_POINT('Origin',(0.,-0.1,0.));
#4233=CARTESIAN_POINT('Origin',(0.,0.1,0.));
#4234=CARTESIAN_POINT('',(-0.067,0.1,-8.20513355428727E-18));
#4235=CARTESIAN_POINT('Origin',(0.,0.1,0.));
#4236=CARTESIAN_POINT('Origin',(0.,-0.1,0.));
#4237=CARTESIAN_POINT('',(-0.067,-0.1,8.20513355428727E-18));
#4238=CARTESIAN_POINT('Origin',(0.012072655665834,2.44428130833027E-17,
0.0599999668908211));
#4239=CARTESIAN_POINT('',(0.013,2.54726534222649E-17,0.06));
#4240=CARTESIAN_POINT('Origin',(0.012,2.35132185436292E-17,0.06));
#4241=CARTESIAN_POINT('Origin',(0.0120726533815699,-3.45829890453105E-21,
2.91080719535072E-8));
#4242=CARTESIAN_POINT('',(0.013,0.,-1.22464679914735E-19));
#4243=CARTESIAN_POINT('Origin',(0.012,0.,0.));
#4244=CARTESIAN_POINT('Ctrl Pts',(0.013,0.,-1.22464679914735E-19));
#4245=CARTESIAN_POINT('Ctrl Pts',(0.013,-0.00213546167302836,0.000196078431372549));
#4246=CARTESIAN_POINT('Ctrl Pts',(0.0119276980494047,-0.00640433745078132,
0.000588235294117647));
#4247=CARTESIAN_POINT('Ctrl Pts',(0.00747767283924694,-0.0112855230544573,
0.00117647058823529));
#4248=CARTESIAN_POINT('Ctrl Pts',(0.0012492556378811,-0.0134801692074681,
0.00176470588235294));
#4249=CARTESIAN_POINT('Ctrl Pts',(-0.00527699020189935,-0.012467284465157,
0.00235294117647059));
#4250=CARTESIAN_POINT('Ctrl Pts',(-0.0105471762944233,-0.00848728172392307,
0.00294117647058824));
#4251=CARTESIAN_POINT('Ctrl Pts',(-0.0133075230325726,-0.00248761634438263,
0.00352941176470588));
#4252=CARTESIAN_POINT('Ctrl Pts',(-0.012900938617851,0.00410409240321009,
0.00411764705882353));
#4253=CARTESIAN_POINT('Ctrl Pts',(-0.00942427783147447,0.00971910175682874,
0.00470588235294117));
#4254=CARTESIAN_POINT('Ctrl Pts',(-0.0037048526866033,0.013021214586112,
0.00529411764705882));
#4255=CARTESIAN_POINT('Ctrl Pts',(0.00289622905791191,0.0132245896273701,
0.00588235294117647));
#4256=CARTESIAN_POINT('Ctrl Pts',(0.00880808288561249,0.0102808379869773,
0.00647058823529412));
#4257=CARTESIAN_POINT('Ctrl Pts',(0.0126238258348474,0.00489049609108686,
0.00705882352941177));
#4258=CARTESIAN_POINT('Ctrl Pts',(0.0134354070897465,-0.0016636638328836,
0.00764705882352941));
#4259=CARTESIAN_POINT('Ctrl Pts',(0.0110496886424339,-0.00782191272102819,
0.00823529411764706));
#4260=CARTESIAN_POINT('Ctrl Pts',(0.006034414025276,-0.0121187369571672,
0.0088235294117647));
#4261=CARTESIAN_POINT('Ctrl Pts',(-0.000416904078786964,-0.0135315974503637,
0.00941176470588236));
#4262=CARTESIAN_POINT('Ctrl Pts',(-0.00676900912039588,-0.0117242677199443,
0.00999999999999999));
#4263=CARTESIAN_POINT('Ctrl Pts',(-0.0115102551073062,-0.00712684823353899,
0.0105882352941177));
#4264=CARTESIAN_POINT('Ctrl Pts',(-0.0135123410827146,-0.000833412669671114,
0.0111764705882353));
#4265=CARTESIAN_POINT('Ctrl Pts',(-0.0122988194344052,0.00565835477810978,
0.0117647058823529));
#4266=CARTESIAN_POINT('Ctrl Pts',(-0.00815847870773538,0.0108035717907332,
0.0123529411764706));
#4267=CARTESIAN_POINT('Ctrl Pts',(-0.00207661902405883,0.0133778021994347,
0.0129411764705882));
#4268=CARTESIAN_POINT('Ctrl Pts',(0.00449942534246204,0.0127684419508579,
0.0135294117647059));
#4269=CARTESIAN_POINT('Ctrl Pts',(0.010004716211592,0.00912050392168925,
0.0141176470588235));
#4270=CARTESIAN_POINT('Ctrl Pts',(0.0131291286233199,0.003302108395394,
0.0147058823529412));
#4271=CARTESIAN_POINT('Ctrl Pts',(0.0131291286232817,-0.00330210839538388,
0.0152941176470588));
#4272=CARTESIAN_POINT('Ctrl Pts',(0.0100047162116497,-0.00912050392172473,
0.0158823529411765));
#4273=CARTESIAN_POINT('Ctrl Pts',(0.00449942534235552,-0.0127684419507789,
0.0164705882352941));
#4274=CARTESIAN_POINT('Ctrl Pts',(-0.00207661902384895,-0.0133778021995975,
0.0170588235294118));
#4275=CARTESIAN_POINT('Ctrl Pts',(-0.00815847870815565,-0.0108035717904035,
0.0176470588235294));
#4276=CARTESIAN_POINT('Ctrl Pts',(-0.0122988194335599,-0.00565835477877472,
0.0182352941176471));
#4277=CARTESIAN_POINT('Ctrl Pts',(-0.0135123410844165,0.000833412671010704,
0.0188235294117647));
#4278=CARTESIAN_POINT('Ctrl Pts',(-0.0115102551038788,0.00712684823084078,
0.0194117647058823));
#4279=CARTESIAN_POINT('Ctrl Pts',(-0.00676900912729864,0.0117242677253786,
0.02));
#4280=CARTESIAN_POINT('Ctrl Pts',(-0.000416904064884822,0.013531597439419,
0.0205882352941176));
#4281=CARTESIAN_POINT('Ctrl Pts',(0.0060344139972769,0.0121187369792101,
0.0211764705882353));
#4282=CARTESIAN_POINT('Ctrl Pts',(0.0110496886988244,0.00782191267663348,
0.0217647058823529));
#4283=CARTESIAN_POINT('Ctrl Pts',(0.0134354069761753,0.00166366392229515,
0.0223529411764706));
#4284=CARTESIAN_POINT('Ctrl Pts',(0.0126238260635811,-0.00489049627116278,
0.0229411764705882));
#4285=CARTESIAN_POINT('Ctrl Pts',(0.00880808242494002,-0.0102808376243023,
0.0235294117647059));
#4286=CARTESIAN_POINT('Ctrl Pts',(0.00289622998571183,-0.013224590357802,
0.0241176470588235));
#4287=CARTESIAN_POINT('Ctrl Pts',(-0.00370485455520346,-0.0130212131150133,
0.0247058823529412));
#4288=CARTESIAN_POINT('Ctrl Pts',(-0.00942427406809086,-0.0097191047196394,
0.0252941176470588));
#4289=CARTESIAN_POINT('Ctrl Pts',(-0.0129009461973552,-0.00410408643607236,
0.0258823529411765));
#4290=CARTESIAN_POINT('Ctrl Pts',(-0.0133075077672986,0.00248760432647416,
0.0264705882352941));
#4291=CARTESIAN_POINT('Ctrl Pts',(-0.0105472070397306,0.00848730592843593,
0.0270588235294118));
#4292=CARTESIAN_POINT('Ctrl Pts',(-0.00527692826802042,0.0124672357126981,
0.0276470588235294));
#4293=CARTESIAN_POINT('Ctrl Pts',(0.00124913073473592,0.0134802674554085,
0.0282352941176471));
#4294=CARTESIAN_POINT('Ctrl Pts',(0.00747792708713941,0.0112853243081993,
0.0288235294117647));
#4295=CARTESIAN_POINT('Ctrl Pts',(0.0119271591687637,0.00640474920857821,
0.0294117647058824));
#4296=CARTESIAN_POINT('Ctrl Pts',(0.0135380182545972,1.58913623278993E-17,
0.03));
#4297=CARTESIAN_POINT('Ctrl Pts',(0.0119271591687637,-0.00640474920857819,
0.0305882352941177));
#4298=CARTESIAN_POINT('Ctrl Pts',(0.00747792708713943,-0.0112853243081992,
0.0311764705882353));
#4299=CARTESIAN_POINT('Ctrl Pts',(0.00124913073473594,-0.0134802674554085,
0.031764705882353));
#4300=CARTESIAN_POINT('Ctrl Pts',(-0.00527692826802039,-0.0124672357126981,
0.0323529411764706));
#4301=CARTESIAN_POINT('Ctrl Pts',(-0.0105472070397306,-0.00848730592843596,
0.0329411764705883));
#4302=CARTESIAN_POINT('Ctrl Pts',(-0.0133075077672986,-0.00248760432647418,
0.0335294117647059));
#4303=CARTESIAN_POINT('Ctrl Pts',(-0.0129009461973552,0.00410408643607232,
0.0341176470588235));
#4304=CARTESIAN_POINT('Ctrl Pts',(-0.00942427406809088,0.00971910471963936,
0.0347058823529411));
#4305=CARTESIAN_POINT('Ctrl Pts',(-0.00370485455520353,0.0130212131150133,
0.0352941176470588));
#4306=CARTESIAN_POINT('Ctrl Pts',(0.00289622998571179,0.013224590357802,
0.0358823529411764));
#4307=CARTESIAN_POINT('Ctrl Pts',(0.00880808242493999,0.0102808376243023,
0.0364705882352941));
#4308=CARTESIAN_POINT('Ctrl Pts',(0.0126238260635811,0.00489049627116281,
0.0370588235294117));
#4309=CARTESIAN_POINT('Ctrl Pts',(0.0134354069761753,-0.00166366392229512,
0.0376470588235294));
#4310=CARTESIAN_POINT('Ctrl Pts',(0.0110496886988244,-0.00782191267663346,
0.0382352941176471));
#4311=CARTESIAN_POINT('Ctrl Pts',(0.00603441399727691,-0.0121187369792101,
0.0388235294117647));
#4312=CARTESIAN_POINT('Ctrl Pts',(-0.000416904064884772,-0.013531597439419,
0.0394117647058824));
#4313=CARTESIAN_POINT('Ctrl Pts',(-0.00676900912729862,-0.0117242677253786,
0.0399999999999999));
#4314=CARTESIAN_POINT('Ctrl Pts',(-0.0115102551038788,-0.0071268482308408,
0.0405882352941177));
#4315=CARTESIAN_POINT('Ctrl Pts',(-0.0135123410844165,-0.000833412671010701,
0.0411764705882353));
#4316=CARTESIAN_POINT('Ctrl Pts',(-0.0122988194335599,0.00565835477877469,
0.041764705882353));
#4317=CARTESIAN_POINT('Ctrl Pts',(-0.00815847870815569,0.0108035717904035,
0.0423529411764705));
#4318=CARTESIAN_POINT('Ctrl Pts',(-0.00207661902384902,0.0133778021995975,
0.0429411764705883));
#4319=CARTESIAN_POINT('Ctrl Pts',(0.00449942534235544,0.0127684419507789,
0.0435294117647058));
#4320=CARTESIAN_POINT('Ctrl Pts',(0.0100047162116496,0.00912050392172479,
0.0441176470588236));
#4321=CARTESIAN_POINT('Ctrl Pts',(0.0131291286232817,0.00330210839538392,
0.0447058823529411));
#4322=CARTESIAN_POINT('Ctrl Pts',(0.0131291286233199,-0.00330210839539396,
0.0452941176470589));
#4323=CARTESIAN_POINT('Ctrl Pts',(0.010004716211592,-0.00912050392168925,
0.0458823529411764));
#4324=CARTESIAN_POINT('Ctrl Pts',(0.00449942534246205,-0.0127684419508579,
0.0464705882352942));
#4325=CARTESIAN_POINT('Ctrl Pts',(-0.00207661902405884,-0.0133778021994347,
0.0470588235294117));
#4326=CARTESIAN_POINT('Ctrl Pts',(-0.00815847870773535,-0.0108035717907332,
0.0476470588235294));
#4327=CARTESIAN_POINT('Ctrl Pts',(-0.0122988194344052,-0.00565835477810982,
0.048235294117647));
#4328=CARTESIAN_POINT('Ctrl Pts',(-0.0135123410827146,0.000833412669671069,
0.0488235294117647));
#4329=CARTESIAN_POINT('Ctrl Pts',(-0.0115102551073062,0.00712684823353892,
0.0494117647058823));
#4330=CARTESIAN_POINT('Ctrl Pts',(-0.00676900912039592,0.0117242677199443,
0.05));
#4331=CARTESIAN_POINT('Ctrl Pts',(-0.000416904078787015,0.0135315974503637,
0.0505882352941176));
#4332=CARTESIAN_POINT('Ctrl Pts',(0.00603441402527598,0.0121187369571672,
0.0511764705882353));
#4333=CARTESIAN_POINT('Ctrl Pts',(0.0110496886424339,0.00782191272102821,
0.0517647058823529));
#4334=CARTESIAN_POINT('Ctrl Pts',(0.0134354070897465,0.00166366383288361,
0.0523529411764706));
#4335=CARTESIAN_POINT('Ctrl Pts',(0.0126238258348474,-0.00489049609108688,
0.0529411764705882));
#4336=CARTESIAN_POINT('Ctrl Pts',(0.00880808288561249,-0.0102808379869773,
0.0535294117647059));
#4337=CARTESIAN_POINT('Ctrl Pts',(0.00289622905791194,-0.0132245896273701,
0.0541176470588235));
#4338=CARTESIAN_POINT('Ctrl Pts',(-0.00370485268660325,-0.013021214586112,
0.0547058823529411));
#4339=CARTESIAN_POINT('Ctrl Pts',(-0.00942427783147443,-0.0097191017568288,
0.0552941176470588));
#4340=CARTESIAN_POINT('Ctrl Pts',(-0.012900938617851,-0.00410409240321013,
0.0558823529411765));
#4341=CARTESIAN_POINT('Ctrl Pts',(-0.0133075230325726,0.00248761634438259,
0.0564705882352941));
#4342=CARTESIAN_POINT('Ctrl Pts',(-0.0105471762944233,0.00848728172392304,
0.0570588235294118));
#4343=CARTESIAN_POINT('Ctrl Pts',(-0.00527699020189937,0.0124672844651569,
0.0576470588235294));
#4344=CARTESIAN_POINT('Ctrl Pts',(0.00124925563788111,0.0134801692074682,
0.0582352941176471));
#4345=CARTESIAN_POINT('Ctrl Pts',(0.00747767283924694,0.0112855230544573,
0.0588235294117647));
#4346=CARTESIAN_POINT('Ctrl Pts',(0.0119276980494047,0.00640433745078134,
0.0594117647058824));
#4347=CARTESIAN_POINT('Ctrl Pts',(0.013,0.00213546167302838,0.0598039215686275));
#4348=CARTESIAN_POINT('Ctrl Pts',(0.013,2.54726534222649E-17,0.06));
#4349=CARTESIAN_POINT('Ctrl Pts',(0.013,0.,-0.000299199300341885));
#4350=CARTESIAN_POINT('Ctrl Pts',(0.013,-0.00213590868404828,-0.000103120868969336));
#4351=CARTESIAN_POINT('Ctrl Pts',(0.0119277716900876,-0.00640410488226642,
0.000289035993775761));
#4352=CARTESIAN_POINT('Ctrl Pts',(0.0074776902496782,-0.0112856891788002,
0.00087727128789341));
#4353=CARTESIAN_POINT('Ctrl Pts',(0.00124926667579842,-0.013480163227118,
0.00146550658201105));
#4354=CARTESIAN_POINT('Ctrl Pts',(-0.00527701421061182,-0.0124673636496291,
0.0020537418761287));
#4355=CARTESIAN_POINT('Ctrl Pts',(-0.0105472167755375,-0.00848730082175483,
0.00264197717024635));
#4356=CARTESIAN_POINT('Ctrl Pts',(-0.0133075767336113,-0.00248763353244179,
0.003230212464364));
#4357=CARTESIAN_POINT('Ctrl Pts',(-0.0129009895912923,0.00410411235487933,
0.00381844775848165));
#4358=CARTESIAN_POINT('Ctrl Pts',(-0.00942431551983089,0.00971913863894382,
0.00440668305259928));
#4359=CARTESIAN_POINT('Ctrl Pts',(-0.00370486733996437,0.0130212672984657,
0.00499491834671694));
#4360=CARTESIAN_POINT('Ctrl Pts',(0.00289624053890525,0.0132246418139955,
0.00558315364083458));
#4361=CARTESIAN_POINT('Ctrl Pts',(0.00880811796130661,0.0102808791213269,
0.00617138893495224));
#4362=CARTESIAN_POINT('Ctrl Pts',(0.0126238760624809,0.00489051544447395,
0.00675962422906987));
#4363=CARTESIAN_POINT('Ctrl Pts',(0.0134354605638359,-0.00166367039950473,
0.00734785952318753));
#4364=CARTESIAN_POINT('Ctrl Pts',(0.011049732613881,-0.00782194387663294,
0.00793609481730516));
#4365=CARTESIAN_POINT('Ctrl Pts',(0.00603443804165139,-0.0121187851724518,
0.00852433011142283));
#4366=CARTESIAN_POINT('Ctrl Pts',(-0.000416905738605518,-0.0135316513083811,
0.00911256540554047));
#4367=CARTESIAN_POINT('Ctrl Pts',(-0.00676903605852696,-0.0117243143754411,
0.0097008006996581));
#4368=CARTESIAN_POINT('Ctrl Pts',(-0.0115103009145641,-0.00712687659772556,
0.0102890359937758));
#4369=CARTESIAN_POINT('Ctrl Pts',(-0.0135123948573778,-0.000833415985571435,
0.0108772712878934));
#4370=CARTESIAN_POINT('Ctrl Pts',(-0.0122988683797686,0.00565837729612776,
0.0114655065820111));
#4371=CARTESIAN_POINT('Ctrl Pts',(-0.00815851117582076,0.010803614785654,
0.0120537418761287));
#4372=CARTESIAN_POINT('Ctrl Pts',(-0.00207662728834083,0.0133778554386599,
0.0126419771702464));
#4373=CARTESIAN_POINT('Ctrl Pts',(0.00449944324872424,0.0127684927651753,
0.013230212464364));
#4374=CARTESIAN_POINT('Ctrl Pts',(0.0100047560271233,0.00912054021831961,
0.0138184477584817));
#4375=CARTESIAN_POINT('Ctrl Pts',(0.0131291808730054,0.00330212153672927,
0.0144066830525993));
#4376=CARTESIAN_POINT('Ctrl Pts',(0.0131291808729654,-0.00330212153671301,
0.0149949183467169));
#4377=CARTESIAN_POINT('Ctrl Pts',(0.0100047560271837,-0.0091205402183766,
0.0155831536408346));
#4378=CARTESIAN_POINT('Ctrl Pts',(0.00449944324861252,-0.0127684927650484,
0.0161713889349522));
#4379=CARTESIAN_POINT('Ctrl Pts',(-0.00207662728812073,-0.0133778554389214,
0.0167596242290699));
#4380=CARTESIAN_POINT('Ctrl Pts',(-0.00815851117626147,-0.0108036147851244,
0.0173478595231875));
#4381=CARTESIAN_POINT('Ctrl Pts',(-0.0122988683788822,-0.00565837729719593,
0.0179360948173052));
#4382=CARTESIAN_POINT('Ctrl Pts',(-0.0135123948591624,0.000833415987723413,
0.0185243301114228));
#4383=CARTESIAN_POINT('Ctrl Pts',(-0.0115103009109702,0.00712687659339105,
0.0191125654055405));
#4384=CARTESIAN_POINT('Ctrl Pts',(-0.00676903606576501,0.011724314384171,
0.0197008006996581));
#4385=CARTESIAN_POINT('Ctrl Pts',(-0.000416905724028112,0.0135316512907989,
0.0202890359937758));
#4386=CARTESIAN_POINT('Ctrl Pts',(0.0060344380122923,0.0121187852078625,
0.0208772712878934));
#4387=CARTESIAN_POINT('Ctrl Pts',(0.0110497326730105,0.00782194380531533,
0.0214655065820111));
#4388=CARTESIAN_POINT('Ctrl Pts',(0.0134354604447484,0.00166367054313931,
0.0220537418761287));
#4389=CARTESIAN_POINT('Ctrl Pts',(0.0126238763023247,-0.00489051573375573,
0.0226419771702463));
#4390=CARTESIAN_POINT('Ctrl Pts',(0.00880811747825841,-0.0102808785387099,
0.023230212464364));
#4391=CARTESIAN_POINT('Ctrl Pts',(0.00289624151177016,-0.0132246429873931,
0.0238184477584816));
#4392=CARTESIAN_POINT('Ctrl Pts',(-0.00370486929932598,-0.0130212649352288,
0.0244066830525993));
#4393=CARTESIAN_POINT('Ctrl Pts',(-0.00942431157365263,-0.00971914339853178,
0.0249949183467169));
#4394=CARTESIAN_POINT('Ctrl Pts',(-0.0129009975389472,-0.0041041027690086,
0.0255831536408346));
#4395=CARTESIAN_POINT('Ctrl Pts',(-0.0133075607268742,0.00248761422633456,
0.0261713889349522));
#4396=CARTESIAN_POINT('Ctrl Pts',(-0.0105472490142023,0.00848733970516767,
0.0267596242290699));
#4397=CARTESIAN_POINT('Ctrl Pts',(-0.00527694926848769,0.0124672853282627,
0.0273478595231875));
#4398=CARTESIAN_POINT('Ctrl Pts',(0.00124913570587211,0.0134803211025117,
0.0279360948173052));
#4399=CARTESIAN_POINT('Ctrl Pts',(0.00747795684686991,0.0112853692201389,
0.0285243301114228));
#4400=CARTESIAN_POINT('Ctrl Pts',(0.0119272066349984,0.00640477469740795,
0.0291125654055405));
#4401=CARTESIAN_POINT('Ctrl Pts',(0.0135380721315299,1.03905061374727E-17,
0.0297008006996581));
#4402=CARTESIAN_POINT('Ctrl Pts',(0.0119272066349984,-0.00640477469740792,
0.0302890359937758));
#4403=CARTESIAN_POINT('Ctrl Pts',(0.00747795684686992,-0.0112853692201389,
0.0308772712878934));
#4404=CARTESIAN_POINT('Ctrl Pts',(0.00124913570587214,-0.0134803211025117,
0.0314655065820111));
#4405=CARTESIAN_POINT('Ctrl Pts',(-0.00527694926848767,-0.0124672853282627,
0.0320537418761287));
#4406=CARTESIAN_POINT('Ctrl Pts',(-0.0105472490142023,-0.00848733970516768,
0.0326419771702464));
#4407=CARTESIAN_POINT('Ctrl Pts',(-0.0133075607268742,-0.00248761422633458,
0.033230212464364));
#4408=CARTESIAN_POINT('Ctrl Pts',(-0.0129009975389473,0.00410410276900854,
0.0338184477584816));
#4409=CARTESIAN_POINT('Ctrl Pts',(-0.00942431157365267,0.00971914339853175,
0.0344066830525993));
#4410=CARTESIAN_POINT('Ctrl Pts',(-0.00370486929932603,0.0130212649352288,
0.0349949183467169));
#4411=CARTESIAN_POINT('Ctrl Pts',(0.00289624151177012,0.0132246429873931,
0.0355831536408346));
#4412=CARTESIAN_POINT('Ctrl Pts',(0.00880811747825839,0.0102808785387099,
0.0361713889349522));
#4413=CARTESIAN_POINT('Ctrl Pts',(0.0126238763023247,0.00489051573375575,
0.0367596242290699));
#4414=CARTESIAN_POINT('Ctrl Pts',(0.0134354604447484,-0.00166367054313928,
0.0373478595231875));
#4415=CARTESIAN_POINT('Ctrl Pts',(0.0110497326730105,-0.00782194380531531,
0.0379360948173052));
#4416=CARTESIAN_POINT('Ctrl Pts',(0.00603443801229232,-0.0121187852078625,
0.0385243301114228));
#4417=CARTESIAN_POINT('Ctrl Pts',(-0.000416905724028066,-0.0135316512907989,
0.0391125654055405));
#4418=CARTESIAN_POINT('Ctrl Pts',(-0.00676903606576499,-0.011724314384171,
0.0397008006996581));
#4419=CARTESIAN_POINT('Ctrl Pts',(-0.0115103009109702,-0.00712687659339108,
0.0402890359937758));
#4420=CARTESIAN_POINT('Ctrl Pts',(-0.0135123948591624,-0.000833415987723407,
0.0408772712878934));
#4421=CARTESIAN_POINT('Ctrl Pts',(-0.0122988683788822,0.0056583772971959,
0.0414655065820111));
#4422=CARTESIAN_POINT('Ctrl Pts',(-0.00815851117626151,0.0108036147851243,
0.0420537418761287));
#4423=CARTESIAN_POINT('Ctrl Pts',(-0.00207662728812081,0.0133778554389214,
0.0426419771702464));
#4424=CARTESIAN_POINT('Ctrl Pts',(0.00449944324861246,0.0127684927650484,
0.043230212464364));
#4425=CARTESIAN_POINT('Ctrl Pts',(0.0100047560271837,0.00912054021837665,
0.0438184477584816));
#4426=CARTESIAN_POINT('Ctrl Pts',(0.0131291808729654,0.00330212153671307,
0.0444066830525993));
#4427=CARTESIAN_POINT('Ctrl Pts',(0.0131291808730054,-0.00330212153672923,
0.0449949183467169));
#4428=CARTESIAN_POINT('Ctrl Pts',(0.0100047560271233,-0.00912054021831959,
0.0455831536408346));
#4429=CARTESIAN_POINT('Ctrl Pts',(0.00449944324872425,-0.0127684927651753,
0.0461713889349522));
#4430=CARTESIAN_POINT('Ctrl Pts',(-0.00207662728834082,-0.0133778554386599,
0.0467596242290699));
#4431=CARTESIAN_POINT('Ctrl Pts',(-0.00815851117582075,-0.010803614785654,
0.0473478595231875));
#4432=CARTESIAN_POINT('Ctrl Pts',(-0.0122988683797686,-0.0056583772961278,
0.0479360948173052));
#4433=CARTESIAN_POINT('Ctrl Pts',(-0.0135123948573778,0.000833415985571395,
0.0485243301114228));
#4434=CARTESIAN_POINT('Ctrl Pts',(-0.0115103009145641,0.00712687659772548,
0.0491125654055405));
#4435=CARTESIAN_POINT('Ctrl Pts',(-0.00676903605852701,0.0117243143754411,
0.0497008006996581));
#4436=CARTESIAN_POINT('Ctrl Pts',(-0.000416905738605562,0.0135316513083811,
0.0502890359937757));
#4437=CARTESIAN_POINT('Ctrl Pts',(0.00603443804165135,0.0121187851724518,
0.0508772712878934));
#4438=CARTESIAN_POINT('Ctrl Pts',(0.011049732613881,0.00782194387663296,
0.051465506582011));
#4439=CARTESIAN_POINT('Ctrl Pts',(0.0134354605638359,0.00166367039950473,
0.0520537418761287));
#4440=CARTESIAN_POINT('Ctrl Pts',(0.0126238760624809,-0.00489051544447396,
0.0526419771702463));
#4441=CARTESIAN_POINT('Ctrl Pts',(0.00880811796130663,-0.0102808791213269,
0.053230212464364));
#4442=CARTESIAN_POINT('Ctrl Pts',(0.00289624053890527,-0.0132246418139955,
0.0538184477584816));
#4443=CARTESIAN_POINT('Ctrl Pts',(-0.00370486733996432,-0.0130212672984658,
0.0544066830525993));
#4444=CARTESIAN_POINT('Ctrl Pts',(-0.00942431551983085,-0.00971913863894387,
0.0549949183467169));
#4445=CARTESIAN_POINT('Ctrl Pts',(-0.0129009895912922,-0.00410411235487938,
0.0555831536408346));
#4446=CARTESIAN_POINT('Ctrl Pts',(-0.0133075767336113,0.00248763353244175,
0.0561713889349522));
#4447=CARTESIAN_POINT('Ctrl Pts',(-0.0105472167755375,0.0084873008217548,
0.0567596242290699));
#4448=CARTESIAN_POINT('Ctrl Pts',(-0.00527701421061185,0.0124673636496291,
0.0573478595231875));
#4449=CARTESIAN_POINT('Ctrl Pts',(0.00124926667579843,0.013480163227118,
0.0579360948173052));
#4450=CARTESIAN_POINT('Ctrl Pts',(0.00747769024967821,0.0112856891788002,
0.0585243301114228));
#4451=CARTESIAN_POINT('Ctrl Pts',(0.0119277716900875,0.00640410488226643,
0.0591125654055405));
#4452=CARTESIAN_POINT('Ctrl Pts',(0.013,0.0021359086840483,0.0595047222682856));
#4453=CARTESIAN_POINT('Ctrl Pts',(0.013,2.54726534222649E-17,0.0597008006996581));
#4454=CARTESIAN_POINT('Ctrl Pts',(0.0127135656806758,0.,-0.000895671463241678));
#4455=CARTESIAN_POINT('Ctrl Pts',(0.0127135656806758,-0.00208829893826403,
-0.000699593031869129));
#4456=CARTESIAN_POINT('Ctrl Pts',(0.0116648718730206,-0.00626328593541005,
-0.00030743616912403));
#4457=CARTESIAN_POINT('Ctrl Pts',(0.00731290988147413,-0.0110368231689264,
0.000280799124993616));
#4458=CARTESIAN_POINT('Ctrl Pts',(0.00122172753057446,-0.0131831566116673,
0.000869034419111264));
#4459=CARTESIAN_POINT('Ctrl Pts',(-0.00516071414323576,-0.0121925679809743,
0.00145726971322891));
#4460=CARTESIAN_POINT('Ctrl Pts',(-0.0103147759701529,-0.00830027322059198,
0.00204550500734656));
#4461=CARTESIAN_POINT('Ctrl Pts',(-0.0130142995695076,-0.00243280139852134,
0.0026337403014642));
#4462=CARTESIAN_POINT('Ctrl Pts',(-0.0126166742742949,0.00401366029122196,
0.00322197559558185));
#4463=CARTESIAN_POINT('Ctrl Pts',(-0.00921661948345248,0.00950494763324832,
0.00381021088969949));
#4464=CARTESIAN_POINT('Ctrl Pts',(-0.00362321850507923,0.012734299720223,
0.00439844618381715));
#4465=CARTESIAN_POINT('Ctrl Pts',(0.00283241240108039,0.0129331938468022,
0.00498668147793479));
#4466=CARTESIAN_POINT('Ctrl Pts',(0.0086140020630998,0.0100543058410642,
0.00557491677205244));
#4467=CARTESIAN_POINT('Ctrl Pts',(0.0123456674162142,0.00478273697374022,
0.00616315206617008));
#4468=CARTESIAN_POINT('Ctrl Pts',(0.0131393659613963,-0.00162700601288393,
0.00675138736028773));
#4469=CARTESIAN_POINT('Ctrl Pts',(0.0108062153894501,-0.00764956156474422,
0.00733962265440537));
#4470=CARTESIAN_POINT('Ctrl Pts',(0.00590144933568337,-0.0118517078691992,
0.00792785794852303));
#4471=CARTESIAN_POINT('Ctrl Pts',(-0.000407717847602557,-0.0132334368249026,
0.00851609324264067));
#4472=CARTESIAN_POINT('Ctrl Pts',(-0.00661985806944392,-0.0114659305222251,
0.00910432853675832));
#4473=CARTESIAN_POINT('Ctrl Pts',(-0.0112566335481259,-0.00696981241212824,
0.00969256383087597));
#4474=CARTESIAN_POINT('Ctrl Pts',(-0.0132146047614229,-0.000815048922178953,
0.0102807991249936));
#4475=CARTESIAN_POINT('Ctrl Pts',(-0.012027822333858,0.00553367632863574,
0.0108690344191112));
#4476=CARTESIAN_POINT('Ctrl Pts',(-0.00797871152875379,0.0105655215740469,
0.0114572697132289));
#4477=CARTESIAN_POINT('Ctrl Pts',(-0.00203086197091464,0.0130830303616469,
0.0120455050073465));
#4478=CARTESIAN_POINT('Ctrl Pts',(0.00440028320703932,0.0124870970001767,
0.0126337403014642));
#4479=CARTESIAN_POINT('Ctrl Pts',(0.00978426829791302,0.00891953909483564,
0.0132219755955818));
#4480=CARTESIAN_POINT('Ctrl Pts',(0.012839836158423,0.00322934841988409,
0.0138102108896995));
#4481=CARTESIAN_POINT('Ctrl Pts',(0.0128398361583861,-0.00322934841987572,
0.0143984461838171));
#4482=CARTESIAN_POINT('Ctrl Pts',(0.0097842682979687,-0.00891953909486497,
0.0149866814779348));
#4483=CARTESIAN_POINT('Ctrl Pts',(0.00440028320693642,-0.0124870970001114,
0.0155749167720524));
#4484=CARTESIAN_POINT('Ctrl Pts',(-0.00203086197071191,-0.0130830303617815,
0.0161631520661701));
#4485=CARTESIAN_POINT('Ctrl Pts',(-0.00797871152915974,-0.0105655215737743,
0.0167513873602877));
#4486=CARTESIAN_POINT('Ctrl Pts',(-0.0120278223330415,-0.00553367632918569,
0.0173396226544054));
#4487=CARTESIAN_POINT('Ctrl Pts',(-0.0132146047630668,0.000815048923286868,
0.017927857948523));
#4488=CARTESIAN_POINT('Ctrl Pts',(-0.0112566335448154,0.00696981240989665,
0.0185160932426407));
#4489=CARTESIAN_POINT('Ctrl Pts',(-0.00661985807611116,0.0114659305267196,
0.0191043285367583));
#4490=CARTESIAN_POINT('Ctrl Pts',(-0.000407717834174752,0.0132334368158506,
0.019692563830876));
#4491=CARTESIAN_POINT('Ctrl Pts',(0.00590144930863959,0.01185170788743,
0.0202807991249936));
#4492=CARTESIAN_POINT('Ctrl Pts',(0.0108062154439166,0.00764956152802716,
0.0208690344191112));
#4493=CARTESIAN_POINT('Ctrl Pts',(0.0131393658517001,0.0016270060868326,
0.0214572697132289));
#4494=CARTESIAN_POINT('Ctrl Pts',(0.0123456676371435,-0.00478273712267372,
0.0220455050073465));
#4495=CARTESIAN_POINT('Ctrl Pts',(0.00861400161814547,-0.0100543055411103,
0.0226337403014642));
#4496=CARTESIAN_POINT('Ctrl Pts',(0.00283241329722377,-0.0129331944509129,
0.0232219755955818));
#4497=CARTESIAN_POINT('Ctrl Pts',(-0.00362322030992275,-0.0127342985035367,
0.0238102108896995));
#4498=CARTESIAN_POINT('Ctrl Pts',(-0.00921661584847553,-0.00950495008366922,
0.0243984461838171));
#4499=CARTESIAN_POINT('Ctrl Pts',(-0.0126166815951864,-0.00401365535604385,
0.0249866814779348));
#4500=CARTESIAN_POINT('Ctrl Pts',(-0.0130142848250849,0.00243279145899908,
0.0255749167720524));
#4501=CARTESIAN_POINT('Ctrl Pts',(-0.0103148056664301,0.00830029323910881,
0.0261631520661701));
#4502=CARTESIAN_POINT('Ctrl Pts',(-0.00516065432254114,0.0121925276606064,
0.0267513873602877));
#4503=CARTESIAN_POINT('Ctrl Pts',(0.00122160688912532,0.0131832378572131,
0.0273396226544054));
#4504=CARTESIAN_POINT('Ctrl Pts',(0.007313155454427,0.011036658964143,0.027927857948523));
#4505=CARTESIAN_POINT('Ctrl Pts',(0.0116643513789902,0.00626362440595398,
0.0285160932426406));
#4506=CARTESIAN_POINT('Ctrl Pts',(0.0132397161522222,1.03905061374727E-17,
0.0291043285367583));
#4507=CARTESIAN_POINT('Ctrl Pts',(0.0116643513789903,-0.00626362440595395,
0.029692563830876));
#4508=CARTESIAN_POINT('Ctrl Pts',(0.00731315545442703,-0.011036658964143,
0.0302807991249936));
#4509=CARTESIAN_POINT('Ctrl Pts',(0.00122160688912535,-0.0131832378572131,
0.0308690344191112));
#4510=CARTESIAN_POINT('Ctrl Pts',(-0.00516065432254113,-0.0121925276606064,
0.0314572697132289));
#4511=CARTESIAN_POINT('Ctrl Pts',(-0.0103148056664301,-0.00830029323910885,
0.0320455050073465));
#4512=CARTESIAN_POINT('Ctrl Pts',(-0.0130142848250849,-0.0024327914589991,
0.0326337403014642));
#4513=CARTESIAN_POINT('Ctrl Pts',(-0.0126166815951864,0.0040136553560438,
0.0332219755955818));
#4514=CARTESIAN_POINT('Ctrl Pts',(-0.00921661584847557,0.0095049500836692,
0.0338102108896995));
#4515=CARTESIAN_POINT('Ctrl Pts',(-0.00362322030992281,0.0127342985035367,
0.0343984461838171));
#4516=CARTESIAN_POINT('Ctrl Pts',(0.00283241329722374,0.0129331944509129,
0.0349866814779348));
#4517=CARTESIAN_POINT('Ctrl Pts',(0.00861400161814545,0.0100543055411103,
0.0355749167720524));
#4518=CARTESIAN_POINT('Ctrl Pts',(0.0123456676371435,0.00478273712267376,
0.0361631520661701));
#4519=CARTESIAN_POINT('Ctrl Pts',(0.0131393658517001,-0.00162700608683258,
0.0367513873602877));
#4520=CARTESIAN_POINT('Ctrl Pts',(0.0108062154439166,-0.00764956152802714,
0.0373396226544054));
#4521=CARTESIAN_POINT('Ctrl Pts',(0.00590144930863961,-0.01185170788743,
0.037927857948523));
#4522=CARTESIAN_POINT('Ctrl Pts',(-0.000407717834174704,-0.0132334368158506,
0.0385160932426407));
#4523=CARTESIAN_POINT('Ctrl Pts',(-0.00661985807611115,-0.0114659305267196,
0.0391043285367583));
#4524=CARTESIAN_POINT('Ctrl Pts',(-0.0112566335448154,-0.00696981240989667,
0.039692563830876));
#4525=CARTESIAN_POINT('Ctrl Pts',(-0.0132146047630668,-0.000815048923286868,
0.0402807991249936));
#4526=CARTESIAN_POINT('Ctrl Pts',(-0.0120278223330415,0.00553367632918566,
0.0408690344191113));
#4527=CARTESIAN_POINT('Ctrl Pts',(-0.00797871152915977,0.0105655215737743,
0.0414572697132289));
#4528=CARTESIAN_POINT('Ctrl Pts',(-0.00203086197071198,0.0130830303617815,
0.0420455050073465));
#4529=CARTESIAN_POINT('Ctrl Pts',(0.00440028320693635,0.0124870970001115,
0.0426337403014642));
#4530=CARTESIAN_POINT('Ctrl Pts',(0.00978426829796866,0.00891953909486501,
0.0432219755955818));
#4531=CARTESIAN_POINT('Ctrl Pts',(0.0128398361583861,0.00322934841987577,
0.0438102108896995));
#4532=CARTESIAN_POINT('Ctrl Pts',(0.012839836158423,-0.00322934841988406,
0.0443984461838172));
#4533=CARTESIAN_POINT('Ctrl Pts',(0.00978426829791302,-0.00891953909483562,
0.0449866814779348));
#4534=CARTESIAN_POINT('Ctrl Pts',(0.00440028320703933,-0.0124870970001767,
0.0455749167720525));
#4535=CARTESIAN_POINT('Ctrl Pts',(-0.00203086197091464,-0.0130830303616469,
0.04616315206617));
#4536=CARTESIAN_POINT('Ctrl Pts',(-0.00797871152875377,-0.0105655215740469,
0.0467513873602877));
#4537=CARTESIAN_POINT('Ctrl Pts',(-0.012027822333858,-0.00553367632863578,
0.0473396226544053));
#4538=CARTESIAN_POINT('Ctrl Pts',(-0.0132146047614229,0.000815048922178907,
0.047927857948523));
#4539=CARTESIAN_POINT('Ctrl Pts',(-0.0112566335481259,0.00696981241212817,
0.0485160932426406));
#4540=CARTESIAN_POINT('Ctrl Pts',(-0.00661985806944397,0.0114659305222251,
0.0491043285367583));
#4541=CARTESIAN_POINT('Ctrl Pts',(-0.000407717847602604,0.0132334368249026,
0.049692563830876));
#4542=CARTESIAN_POINT('Ctrl Pts',(0.00590144933568335,0.0118517078691992,
0.0502807991249936));
#4543=CARTESIAN_POINT('Ctrl Pts',(0.0108062153894501,0.00764956156474426,
0.0508690344191112));
#4544=CARTESIAN_POINT('Ctrl Pts',(0.0131393659613963,0.00162700601288393,
0.0514572697132289));
#4545=CARTESIAN_POINT('Ctrl Pts',(0.0123456674162142,-0.00478273697374022,
0.0520455050073465));
#4546=CARTESIAN_POINT('Ctrl Pts',(0.0086140020630998,-0.0100543058410642,
0.0526337403014642));
#4547=CARTESIAN_POINT('Ctrl Pts',(0.00283241240108041,-0.0129331938468021,
0.0532219755955818));
#4548=CARTESIAN_POINT('Ctrl Pts',(-0.00362321850507918,-0.012734299720223,
0.0538102108896994));
#4549=CARTESIAN_POINT('Ctrl Pts',(-0.00921661948345244,-0.00950494763324835,
0.0543984461838171));
#4550=CARTESIAN_POINT('Ctrl Pts',(-0.0126166742742949,-0.00401366029122202,
0.0549866814779348));
#4551=CARTESIAN_POINT('Ctrl Pts',(-0.0130142995695076,0.00243280139852131,
0.0555749167720524));
#4552=CARTESIAN_POINT('Ctrl Pts',(-0.0103147759701529,0.00830027322059195,
0.0561631520661701));
#4553=CARTESIAN_POINT('Ctrl Pts',(-0.00516071414323578,0.0121925679809743,
0.0567513873602877));
#4554=CARTESIAN_POINT('Ctrl Pts',(0.00122172753057447,0.0131831566116673,
0.0573396226544054));
#4555=CARTESIAN_POINT('Ctrl Pts',(0.00731290988147412,0.0110368231689264,
0.057927857948523));
#4556=CARTESIAN_POINT('Ctrl Pts',(0.0116648718730206,0.00626328593541006,
0.0585160932426407));
#4557=CARTESIAN_POINT('Ctrl Pts',(0.0127135656806758,0.00208829893826405,
0.0589082501053858));
#4558=CARTESIAN_POINT('Ctrl Pts',(0.0127135656806758,2.49114040265428E-17,
0.0591043285367583));
#4559=CARTESIAN_POINT('Ctrl Pts',(0.011745751387859,0.,-0.00111502439197707));
#4560=CARTESIAN_POINT('Ctrl Pts',(0.011745751387859,-0.00192942024063527,
-0.000918945960604519));
#4561=CARTESIAN_POINT('Ctrl Pts',(0.0107769040811444,-0.00578644828502293,
-0.000526789097859421));
#4562=CARTESIAN_POINT('Ctrl Pts',(0.00675622159416958,-0.0101966843464426,
6.14461962582262E-5));
#4563=CARTESIAN_POINT('Ctrl Pts',(0.00112872636273398,-0.0121795936949142,
0.000649681490375873));
#4564=CARTESIAN_POINT('Ctrl Pts',(-0.00476786211798493,-0.0112644307096473,
0.00123791678449352));
#4565=CARTESIAN_POINT('Ctrl Pts',(-0.00952957677155635,-0.00766842270451574,
0.00182615207861117));
#4566=CARTESIAN_POINT('Ctrl Pts',(-0.0120236031120379,-0.00224760906101508,
0.00241438737272882));
#4567=CARTESIAN_POINT('Ctrl Pts',(-0.01165624629614,0.00370812637281571,
0.00300262266684646));
#4568=CARTESIAN_POINT('Ctrl Pts',(-0.00851501636289855,0.00878139549987655,
0.00359085796096411));
#4569=CARTESIAN_POINT('Ctrl Pts',(-0.00334740569508638,0.011764917917775,
0.00417909325508176));
#4570=CARTESIAN_POINT('Ctrl Pts',(0.00261679868554429,0.0119486712128776,
0.0047673285491994));
#4571=CARTESIAN_POINT('Ctrl Pts',(0.00795827237602094,0.009288934944854,
0.00535556384331705));
#4572=CARTESIAN_POINT('Ctrl Pts',(0.0114058695558314,0.00441865732620357,
0.00594379913743469));
#4573=CARTESIAN_POINT('Ctrl Pts',(0.012139148836076,-0.00150315228733193,
0.00653203443155235));
#4574=CARTESIAN_POINT('Ctrl Pts',(0.00998360631197435,-0.00706724865584561,
0.00712026972566998));
#4575=CARTESIAN_POINT('Ctrl Pts',(0.00545220918892684,-0.0109495120357361,
0.00770850501978764));
#4576=CARTESIAN_POINT('Ctrl Pts',(-0.000376680857438453,-0.0122260586778085,
0.00829674031390527));
#4577=CARTESIAN_POINT('Ctrl Pts',(-0.00611592999284336,-0.0105931014890962,
0.00888497560802294));
#4578=CARTESIAN_POINT('Ctrl Pts',(-0.0103997369753605,-0.0064392445172349,
0.00947321090214058));
#4579=CARTESIAN_POINT('Ctrl Pts',(-0.0122086601792576,-0.000753004383998204,
0.0100614461962582));
#4580=CARTESIAN_POINT('Ctrl Pts',(-0.0111122200188349,0.00511243242283979,
0.0106496814903759));
#4581=CARTESIAN_POINT('Ctrl Pts',(-0.00737134250184503,0.00976123500049272,
0.0112379167844935));
#4582=CARTESIAN_POINT('Ctrl Pts',(-0.0018762652475477,0.0120871017093522,
0.0118261520786112));
#4583=CARTESIAN_POINT('Ctrl Pts',(0.0040653173770398,0.0115365329991539,
0.0124143873727288));
#4584=CARTESIAN_POINT('Ctrl Pts',(0.00903945361277689,0.00824055079440837,
0.0130026226668465));
#4585=CARTESIAN_POINT('Ctrl Pts',(0.0118624203482324,0.00298351847601005,
0.0135908579609641));
#4586=CARTESIAN_POINT('Ctrl Pts',(0.011862420348198,-0.00298351847600105,
0.0141790932550818));
#4587=CARTESIAN_POINT('Ctrl Pts',(0.00903945361282889,-0.0082405507944399,
0.0147673285491994));
#4588=CARTESIAN_POINT('Ctrl Pts',(0.00406531737694368,-0.0115365329990837,
0.015355563843317));
#4589=CARTESIAN_POINT('Ctrl Pts',(-0.00187626524735832,-0.0120871017094969,
0.0159437991374347));
#4590=CARTESIAN_POINT('Ctrl Pts',(-0.00737134250222426,-0.00976123500019965,
0.0165320344315523));
#4591=CARTESIAN_POINT('Ctrl Pts',(-0.0111122200180721,-0.00511243242343093,
0.01712026972567));
#4592=CARTESIAN_POINT('Ctrl Pts',(-0.0122086601807934,0.000753004385189145,
0.0177085050197876));
#4593=CARTESIAN_POINT('Ctrl Pts',(-0.0103997369722677,0.0064392445148361,
0.0182967403139053));
#4594=CARTESIAN_POINT('Ctrl Pts',(-0.00611592999907214,0.0105931014939275,
0.0188849756080229));
#4595=CARTESIAN_POINT('Ctrl Pts',(-0.000376680844893714,0.0122260586680782,
0.0194732109021406));
#4596=CARTESIAN_POINT('Ctrl Pts',(0.00545220916366157,0.0109495120553331,
0.0200614461962582));
#4597=CARTESIAN_POINT('Ctrl Pts',(0.00998360636285886,0.00706724861637709,
0.0206496814903759));
#4598=CARTESIAN_POINT('Ctrl Pts',(0.012139148733594,0.00150315236682204,
0.0212379167844935));
#4599=CARTESIAN_POINT('Ctrl Pts',(0.0114058697622315,-0.00441865748629759,
0.0218261520786112));
#4600=CARTESIAN_POINT('Ctrl Pts',(0.00795827196032882,-0.00928893462242273,
0.0224143873727288));
#4601=CARTESIAN_POINT('Ctrl Pts',(0.00261679952275322,-0.0119486718622581,
0.0230026226668464));
#4602=CARTESIAN_POINT('Ctrl Pts',(-0.00334740738123521,-0.0117649166099149,
0.0235908579609641));
#4603=CARTESIAN_POINT('Ctrl Pts',(-0.00851501296697415,-0.00878139813392272,
0.0241790932550817));
#4604=CARTESIAN_POINT('Ctrl Pts',(-0.0116562531355764,-0.0037081210678138,
0.0247673285491994));
#4605=CARTESIAN_POINT('Ctrl Pts',(-0.0120235893372753,0.00224759837665878,
0.025355563843317));
#4606=CARTESIAN_POINT('Ctrl Pts',(-0.00952960451487173,0.00766844422320042,
0.0259437991374347));
#4607=CARTESIAN_POINT('Ctrl Pts',(-0.00476780623137044,0.0112643873670211,
0.0265320344315523));
#4608=CARTESIAN_POINT('Ctrl Pts',(0.00112861365521355,0.0121796810398083,
0.02712026972567));
#4609=CARTESIAN_POINT('Ctrl Pts',(0.00675645101713161,0.0101965076701438,
0.0277085050197876));
#4610=CARTESIAN_POINT('Ctrl Pts',(0.0107764178171615,0.00578681415324213,
0.0282967403139053));
#4611=CARTESIAN_POINT('Ctrl Pts',(0.0122318599981442,1.28353311109956E-17,
0.0288849756080229));
#4612=CARTESIAN_POINT('Ctrl Pts',(0.0107764178171615,-0.00578681415324211,
0.0294732109021406));
#4613=CARTESIAN_POINT('Ctrl Pts',(0.00675645101713162,-0.0101965076701438,
0.0300614461962583));
#4614=CARTESIAN_POINT('Ctrl Pts',(0.00112861365521358,-0.0121796810398083,
0.0306496814903758));
#4615=CARTESIAN_POINT('Ctrl Pts',(-0.00476780623137042,-0.0112643873670211,
0.0312379167844935));
#4616=CARTESIAN_POINT('Ctrl Pts',(-0.00952960451487172,-0.00766844422320043,
0.0318261520786112));
#4617=CARTESIAN_POINT('Ctrl Pts',(-0.0120235893372753,-0.00224759837665881,
0.0324143873727288));
#4618=CARTESIAN_POINT('Ctrl Pts',(-0.0116562531355764,0.00370812106781376,
0.0330026226668464));
#4619=CARTESIAN_POINT('Ctrl Pts',(-0.0085150129669742,0.0087813981339227,
0.0335908579609641));
#4620=CARTESIAN_POINT('Ctrl Pts',(-0.00334740738123525,0.0117649166099149,
0.0341790932550817));
#4621=CARTESIAN_POINT('Ctrl Pts',(0.00261679952275318,0.0119486718622581,
0.0347673285491994));
#4622=CARTESIAN_POINT('Ctrl Pts',(0.00795827196032881,0.00928893462242274,
0.0353555638433171));
#4623=CARTESIAN_POINT('Ctrl Pts',(0.0114058697622315,0.00441865748629762,
0.0359437991374347));
#4624=CARTESIAN_POINT('Ctrl Pts',(0.012139148733594,-0.00150315236682201,
0.0365320344315524));
#4625=CARTESIAN_POINT('Ctrl Pts',(0.00998360636285886,-0.00706724861637708,
0.03712026972567));
#4626=CARTESIAN_POINT('Ctrl Pts',(0.0054522091636616,-0.0109495120553331,
0.0377085050197876));
#4627=CARTESIAN_POINT('Ctrl Pts',(-0.000376680844893683,-0.0122260586680782,
0.0382967403139053));
#4628=CARTESIAN_POINT('Ctrl Pts',(-0.00611592999907211,-0.0105931014939275,
0.0388849756080229));
#4629=CARTESIAN_POINT('Ctrl Pts',(-0.0103997369722677,-0.00643924451483612,
0.0394732109021406));
#4630=CARTESIAN_POINT('Ctrl Pts',(-0.0122086601807934,-0.000753004385189139,
0.0400614461962582));
#4631=CARTESIAN_POINT('Ctrl Pts',(-0.0111122200180721,0.00511243242343091,
0.0406496814903759));
#4632=CARTESIAN_POINT('Ctrl Pts',(-0.0073713425022243,0.00976123500019961,
0.0412379167844935));
#4633=CARTESIAN_POINT('Ctrl Pts',(-0.00187626524735838,0.0120871017094969,
0.0418261520786112));
#4634=CARTESIAN_POINT('Ctrl Pts',(0.00406531737694361,0.0115365329990837,
0.0424143873727288));
#4635=CARTESIAN_POINT('Ctrl Pts',(0.00903945361282885,0.00824055079443995,
0.0430026226668464));
#4636=CARTESIAN_POINT('Ctrl Pts',(0.011862420348198,0.00298351847600109,
0.0435908579609641));
#4637=CARTESIAN_POINT('Ctrl Pts',(0.0118624203482324,-0.00298351847601001,
0.0441790932550818));
#4638=CARTESIAN_POINT('Ctrl Pts',(0.0090394536127769,-0.00824055079440837,
0.0447673285491994));
#4639=CARTESIAN_POINT('Ctrl Pts',(0.00406531737703981,-0.0115365329991539,
0.0453555638433171));
#4640=CARTESIAN_POINT('Ctrl Pts',(-0.0018762652475477,-0.0120871017093522,
0.0459437991374347));
#4641=CARTESIAN_POINT('Ctrl Pts',(-0.00737134250184501,-0.00976123500049274,
0.0465320344315524));
#4642=CARTESIAN_POINT('Ctrl Pts',(-0.0111122200188348,-0.00511243242283981,
0.04712026972567));
#4643=CARTESIAN_POINT('Ctrl Pts',(-0.0122086601792576,0.000753004383998154,
0.0477085050197876));
#4644=CARTESIAN_POINT('Ctrl Pts',(-0.0103997369753605,0.00643924451723485,
0.0482967403139053));
#4645=CARTESIAN_POINT('Ctrl Pts',(-0.0061159299928434,0.0105931014890962,
0.048884975608023));
#4646=CARTESIAN_POINT('Ctrl Pts',(-0.000376680857438495,0.0122260586778085,
0.0494732109021405));
#4647=CARTESIAN_POINT('Ctrl Pts',(0.00545220918892681,0.0109495120357361,
0.0500614461962583));
#4648=CARTESIAN_POINT('Ctrl Pts',(0.00998360631197435,0.00706724865584564,
0.0506496814903759));
#4649=CARTESIAN_POINT('Ctrl Pts',(0.012139148836076,0.00150315228733193,
0.0512379167844935));
#4650=CARTESIAN_POINT('Ctrl Pts',(0.0114058695558314,-0.00441865732620357,
0.0518261520786112));
#4651=CARTESIAN_POINT('Ctrl Pts',(0.00795827237602095,-0.009288934944854,
0.0524143873727288));
#4652=CARTESIAN_POINT('Ctrl Pts',(0.00261679868554431,-0.0119486712128776,
0.0530026226668465));
#4653=CARTESIAN_POINT('Ctrl Pts',(-0.00334740569508633,-0.011764917917775,
0.0535908579609641));
#4654=CARTESIAN_POINT('Ctrl Pts',(-0.00851501636289852,-0.00878139549987661,
0.0541790932550818));
#4655=CARTESIAN_POINT('Ctrl Pts',(-0.01165624629614,-0.00370812637281576,
0.0547673285491994));
#4656=CARTESIAN_POINT('Ctrl Pts',(-0.012023603112038,0.00224760906101505,
0.0553555638433171));
#4657=CARTESIAN_POINT('Ctrl Pts',(-0.00952957677155635,0.00766842270451571,
0.0559437991374347));
#4658=CARTESIAN_POINT('Ctrl Pts',(-0.00476786211798495,0.0112644307096473,
0.0565320344315524));
#4659=CARTESIAN_POINT('Ctrl Pts',(0.00112872636273398,0.0121795936949142,
0.05712026972567));
#4660=CARTESIAN_POINT('Ctrl Pts',(0.00675622159416959,0.0101966843464426,
0.0577085050197876));
#4661=CARTESIAN_POINT('Ctrl Pts',(0.0107769040811444,0.00578644828502293,
0.0582967403139053));
#4662=CARTESIAN_POINT('Ctrl Pts',(0.011745751387859,0.00192942024063529,
0.0586888971766504));
#4663=CARTESIAN_POINT('Ctrl Pts',(0.011745751387859,2.30150349451554E-17,
0.058884975608023));
#4664=CARTESIAN_POINT('Ctrl Pts',(0.0109672171402065,0.,-0.000497068416454558));
#4665=CARTESIAN_POINT('Ctrl Pts',(0.0109672171402065,-0.0018017250383954,
-0.000300989985082009));
#4666=CARTESIAN_POINT('Ctrl Pts',(0.0100626186330129,-0.00540281037880209,
9.11668776630892E-5));
#4667=CARTESIAN_POINT('Ctrl Pts',(0.00630841180016721,-0.00952089665919814,
0.000679402171780735));
#4668=CARTESIAN_POINT('Ctrl Pts',(0.00105391661245783,-0.0113723008689872,
0.00126763746589838));
#4669=CARTESIAN_POINT('Ctrl Pts',(-0.00445184798488253,-0.0105178332927854,
0.00185587276001603));
#4670=CARTESIAN_POINT('Ctrl Pts',(-0.00889795275240177,-0.00716015093474832,
0.00244410805413368));
#4671=CARTESIAN_POINT('Ctrl Pts',(-0.0112266751882554,-0.00209863993155758,
0.00303234334825132));
#4672=CARTESIAN_POINT('Ctrl Pts',(-0.0108836664248993,0.00346235212311728,
0.00362057864236897));
#4673=CARTESIAN_POINT('Ctrl Pts',(-0.00795063844669371,0.00819936104380179,
0.00420881393648661));
#4674=CARTESIAN_POINT('Ctrl Pts',(-0.00312553854157292,0.0109851357954009,
0.00479704923060426));
#4675=CARTESIAN_POINT('Ctrl Pts',(0.00244335641665352,0.0111567092931141,
0.00538528452472191));
#4676=CARTESIAN_POINT('Ctrl Pts',(0.00743079555989721,0.00867326147462865,
0.00597351981883955));
#4677=CARTESIAN_POINT('Ctrl Pts',(0.0106498848871753,0.00412578726578521,
0.00656175511295721));
#4678=CARTESIAN_POINT('Ctrl Pts',(0.0113345621904743,-0.00140352285220124,
0.00714999040707485));
#4679=CARTESIAN_POINT('Ctrl Pts',(0.00932188970731205,-0.00659882917739396,
0.00773822570119249));
#4680=CARTESIAN_POINT('Ctrl Pts',(0.00509083502938134,-0.0102237748877758,
0.00832646099531015));
#4681=CARTESIAN_POINT('Ctrl Pts',(-0.000351714330622879,-0.0114157116207182,
0.00891469628942778));
#4682=CARTESIAN_POINT('Ctrl Pts',(-0.00571056420647063,-0.00989098734989358,
0.00950293158354544));
#4683=CARTESIAN_POINT('Ctrl Pts',(-0.00971043909914301,-0.00601244934213796,
0.0100911668776631));
#4684=CARTESIAN_POINT('Ctrl Pts',(-0.0113994662973165,-0.000703095013447167,
0.0106794021717807));
#4685=CARTESIAN_POINT('Ctrl Pts',(-0.0103756985397052,0.00477357877472596,
0.0112676374658984));
#4686=CARTESIAN_POINT('Ctrl Pts',(-0.00688276757499386,0.00911425723837772,
0.011855872760016));
#4687=CARTESIAN_POINT('Ctrl Pts',(-0.00175190578985104,0.0112859647614734,
0.0124441080541337));
#4688=CARTESIAN_POINT('Ctrl Pts',(0.00379586684756492,0.0107718879206609,
0.0130323433482513));
#4689=CARTESIAN_POINT('Ctrl Pts',(0.00844031575064923,0.00769436446531172,
0.013620578642369));
#4690=CARTESIAN_POINT('Ctrl Pts',(0.0110761753525132,0.00278576992196489,
0.0142088139364866));
#4691=CARTESIAN_POINT('Ctrl Pts',(0.0110761753524802,-0.00278576992195388,
0.0147970492306043));
#4692=CARTESIAN_POINT('Ctrl Pts',(0.00844031575069899,-0.00769436446535035,
0.0153852845247219));
#4693=CARTESIAN_POINT('Ctrl Pts',(0.00379586684747296,-0.0107718879205749,
0.0159735198188395));
#4694=CARTESIAN_POINT('Ctrl Pts',(-0.00175190578966985,-0.0112859647616507,
0.0165617551129572));
#4695=CARTESIAN_POINT('Ctrl Pts',(-0.00688276757535669,-0.00911425723801863,
0.0171499904070749));
#4696=CARTESIAN_POINT('Ctrl Pts',(-0.0103756985389754,-0.00477357877545024,
0.0177382257011925));
#4697=CARTESIAN_POINT('Ctrl Pts',(-0.0113994662987858,0.000703095014906317,
0.0183264609953101));
#4698=CARTESIAN_POINT('Ctrl Pts',(-0.0097104390961841,0.00601244933919893,
0.0189146962894278));
#4699=CARTESIAN_POINT('Ctrl Pts',(-0.00571056421242982,0.00989098735581289,
0.0195029315835454));
#4700=CARTESIAN_POINT('Ctrl Pts',(-0.000351714318621087,0.0114157116087966,
0.0200911668776631));
#4701=CARTESIAN_POINT('Ctrl Pts',(0.00509083500520957,0.0102237749117861,
0.0206794021717807));
#4702=CARTESIAN_POINT('Ctrl Pts',(0.00932188975599424,0.00659882912903681,
0.0212676374658984));
#4703=CARTESIAN_POINT('Ctrl Pts',(0.0113345620924278,0.00140352294959317,
0.021855872760016));
#4704=CARTESIAN_POINT('Ctrl Pts',(0.0106498850846422,-0.00412578746193373,
0.0224441080541337));
#4705=CARTESIAN_POINT('Ctrl Pts',(0.00743079516219648,-0.00867326107958319,
0.0230323433482513));
#4706=CARTESIAN_POINT('Ctrl Pts',(0.00244335721762758,-0.0111567100887404,
0.023620578642369));
#4707=CARTESIAN_POINT('Ctrl Pts',(-0.0031255401547443,-0.0109851341929999,
0.0242088139364866));
#4708=CARTESIAN_POINT('Ctrl Pts',(-0.00795063519774681,-0.0081993642710569,
0.0247970492306042));
#4709=CARTESIAN_POINT('Ctrl Pts',(-0.0108836729683211,-0.00346234562338469,
0.0253852845247219));
#4710=CARTESIAN_POINT('Ctrl Pts',(-0.0112266620096721,0.00209862684098906,
0.0259735198188395));
#4711=CARTESIAN_POINT('Ctrl Pts',(-0.00889797929497106,0.00716017729971831,
0.0265617551129572));
#4712=CARTESIAN_POINT('Ctrl Pts',(-0.00445179451707174,0.0105177801876111,
0.0271499904070748));
#4713=CARTESIAN_POINT('Ctrl Pts',(0.00105380878298147,0.0113724079044873,
0.0277382257011925));
#4714=CARTESIAN_POINT('Ctrl Pts',(0.00630863129357602,0.00952067989687965,
0.0283264609953101));
#4715=CARTESIAN_POINT('Ctrl Pts',(0.0100621534148053,0.00540326226959766,
0.0289146962894278));
#4716=CARTESIAN_POINT('Ctrl Pts',(0.0114211284248595,9.77929989409191E-18,
0.0295029315835454));
#4717=CARTESIAN_POINT('Ctrl Pts',(0.0100621534148053,-0.00540326226959764,
0.0300911668776631));
#4718=CARTESIAN_POINT('Ctrl Pts',(0.00630863129357604,-0.00952067989687964,
0.0306794021717807));
#4719=CARTESIAN_POINT('Ctrl Pts',(0.0010538087829815,-0.0113724079044873,
0.0312676374658984));
#4720=CARTESIAN_POINT('Ctrl Pts',(-0.00445179451707172,-0.0105177801876111,
0.031855872760016));
#4721=CARTESIAN_POINT('Ctrl Pts',(-0.00889797929497104,-0.00716017729971832,
0.0324441080541337));
#4722=CARTESIAN_POINT('Ctrl Pts',(-0.0112266620096721,-0.00209862684098909,
0.0330323433482513));
#4723=CARTESIAN_POINT('Ctrl Pts',(-0.0108836729683211,0.00346234562338465,
0.0336205786423689));
#4724=CARTESIAN_POINT('Ctrl Pts',(-0.00795063519774684,0.00819936427105688,
0.0342088139364866));
#4725=CARTESIAN_POINT('Ctrl Pts',(-0.00312554015474435,0.0109851341929999,
0.0347970492306042));
#4726=CARTESIAN_POINT('Ctrl Pts',(0.00244335721762755,0.0111567100887404,
0.0353852845247219));
#4727=CARTESIAN_POINT('Ctrl Pts',(0.00743079516219646,0.0086732610795832,
0.0359735198188396));
#4728=CARTESIAN_POINT('Ctrl Pts',(0.0106498850846422,0.00412578746193375,
0.0365617551129572));
#4729=CARTESIAN_POINT('Ctrl Pts',(0.0113345620924278,-0.00140352294959315,
0.0371499904070748));
#4730=CARTESIAN_POINT('Ctrl Pts',(0.00932188975599426,-0.00659882912903679,
0.0377382257011925));
#4731=CARTESIAN_POINT('Ctrl Pts',(0.00509083500520959,-0.0102237749117861,
0.0383264609953102));
#4732=CARTESIAN_POINT('Ctrl Pts',(-0.000351714318621047,-0.0114157116087965,
0.0389146962894277));
#4733=CARTESIAN_POINT('Ctrl Pts',(-0.00571056421242981,-0.00989098735581291,
0.0395029315835454));
#4734=CARTESIAN_POINT('Ctrl Pts',(-0.00971043909618411,-0.00601244933919895,
0.0400911668776631));
#4735=CARTESIAN_POINT('Ctrl Pts',(-0.0113994662987858,-0.000703095014906319,
0.0406794021717807));
#4736=CARTESIAN_POINT('Ctrl Pts',(-0.0103756985389754,0.00477357877545021,
0.0412676374658984));
#4737=CARTESIAN_POINT('Ctrl Pts',(-0.00688276757535672,0.00911425723801859,
0.041855872760016));
#4738=CARTESIAN_POINT('Ctrl Pts',(-0.0017519057896699,0.0112859647616507,
0.0424441080541336));
#4739=CARTESIAN_POINT('Ctrl Pts',(0.00379586684747289,0.0107718879205749,
0.0430323433482513));
#4740=CARTESIAN_POINT('Ctrl Pts',(0.00844031575069895,0.0076943644653504,
0.0436205786423689));
#4741=CARTESIAN_POINT('Ctrl Pts',(0.0110761753524802,0.00278576992195391,
0.0442088139364866));
#4742=CARTESIAN_POINT('Ctrl Pts',(0.0110761753525132,-0.00278576992196486,
0.0447970492306042));
#4743=CARTESIAN_POINT('Ctrl Pts',(0.00844031575064924,-0.00769436446531171,
0.045385284524722));
#4744=CARTESIAN_POINT('Ctrl Pts',(0.00379586684756493,-0.0107718879206609,
0.0459735198188395));
#4745=CARTESIAN_POINT('Ctrl Pts',(-0.00175190578985104,-0.0112859647614734,
0.0465617551129572));
#4746=CARTESIAN_POINT('Ctrl Pts',(-0.00688276757499383,-0.00911425723837772,
0.0471499904070748));
#4747=CARTESIAN_POINT('Ctrl Pts',(-0.0103756985397052,-0.00477357877472599,
0.0477382257011925));
#4748=CARTESIAN_POINT('Ctrl Pts',(-0.0113994662973165,0.000703095013447124,
0.0483264609953101));
#4749=CARTESIAN_POINT('Ctrl Pts',(-0.00971043909914306,0.00601244934213791,
0.0489146962894278));
#4750=CARTESIAN_POINT('Ctrl Pts',(-0.00571056420647068,0.00989098734989355,
0.0495029315835454));
#4751=CARTESIAN_POINT('Ctrl Pts',(-0.000351714330622921,0.0114157116207182,
0.0500911668776631));
#4752=CARTESIAN_POINT('Ctrl Pts',(0.00509083502938132,0.0102237748877758,
0.0506794021717807));
#4753=CARTESIAN_POINT('Ctrl Pts',(0.00932188970731204,0.00659882917739398,
0.0512676374658983));
#4754=CARTESIAN_POINT('Ctrl Pts',(0.0113345621904743,0.00140352285220124,
0.051855872760016));
#4755=CARTESIAN_POINT('Ctrl Pts',(0.0106498848871753,-0.00412578726578521,
0.0524441080541336));
#4756=CARTESIAN_POINT('Ctrl Pts',(0.00743079555989722,-0.00867326147462864,
0.0530323433482513));
#4757=CARTESIAN_POINT('Ctrl Pts',(0.00244335641665354,-0.0111567092931141,
0.0536205786423689));
#4758=CARTESIAN_POINT('Ctrl Pts',(-0.00312553854157288,-0.0109851357954009,
0.0542088139364866));
#4759=CARTESIAN_POINT('Ctrl Pts',(-0.00795063844669367,-0.00819936104380183,
0.0547970492306042));
#4760=CARTESIAN_POINT('Ctrl Pts',(-0.0108836664248993,-0.00346235212311733,
0.0553852845247219));
#4761=CARTESIAN_POINT('Ctrl Pts',(-0.0112266751882554,0.00209863993155755,
0.0559735198188395));
#4762=CARTESIAN_POINT('Ctrl Pts',(-0.00889795275240178,0.00716015093474829,
0.0565617551129572));
#4763=CARTESIAN_POINT('Ctrl Pts',(-0.00445184798488254,0.0105178332927854,
0.0571499904070748));
#4764=CARTESIAN_POINT('Ctrl Pts',(0.00105391661245783,0.0113723008689872,
0.0577382257011925));
#4765=CARTESIAN_POINT('Ctrl Pts',(0.00630841180016722,0.00952089665919814,
0.0583264609953102));
#4766=CARTESIAN_POINT('Ctrl Pts',(0.0100626186330129,0.0054028103788021,
0.0589146962894277));
#4767=CARTESIAN_POINT('Ctrl Pts',(0.0109672171402065,0.00180172503839541,
0.0593068531521729));
#4768=CARTESIAN_POINT('Ctrl Pts',(0.0109672171402065,2.14895477860926E-17,
0.0595029315835454));
#4769=CARTESIAN_POINT('Ctrl Pts',(0.0109698666672709,0.,0.000495982274450341));
#4770=CARTESIAN_POINT('Ctrl Pts',(0.0109698666672709,-0.00180177496024524,
0.000692060705822891));
#4771=CARTESIAN_POINT('Ctrl Pts',(0.0100649861390547,-0.00540431611038519,
0.00108421756856799));
#4772=CARTESIAN_POINT('Ctrl Pts',(0.00630992081586544,-0.00952305356638166,
0.00167245286268563));
#4773=CARTESIAN_POINT('Ctrl Pts',(0.0010541617087119,-0.0113750534140585,
0.00226068815680328));
#4774=CARTESIAN_POINT('Ctrl Pts',(-0.00445290279248766,-0.010520305993282,
0.00284892345092093));
#4775=CARTESIAN_POINT('Ctrl Pts',(-0.00890006747687475,-0.00716186426413176,
0.00343715874503858));
#4776=CARTESIAN_POINT('Ctrl Pts',(-0.011229341103313,-0.00209913211664456,
0.00402539403915622));
#4777=CARTESIAN_POINT('Ctrl Pts',(-0.0108862518251621,0.00346317137970037,
0.00461362933327388));
#4778=CARTESIAN_POINT('Ctrl Pts',(-0.00795252672073312,0.00820131010078752,
0.00520186462739151));
#4779=CARTESIAN_POINT('Ctrl Pts',(-0.00312628099613509,0.0109877442102068,
0.00579009992150918));
#4780=CARTESIAN_POINT('Ctrl Pts',(0.00244393680027411,0.0111593596108985,
0.00637833521562681));
#4781=CARTESIAN_POINT('Ctrl Pts',(0.00743256049939711,0.00867532135368789,
0.00696657050974446));
#4782=CARTESIAN_POINT('Ctrl Pts',(0.0106524144520017,0.0041267673148223,
0.0075548058038621));
#4783=CARTESIAN_POINT('Ctrl Pts',(0.0113372543651742,-0.00140385626297935,
0.00814304109797975));
#4784=CARTESIAN_POINT('Ctrl Pts',(0.00932410384018198,-0.00660039650473989,
0.0087312763920974));
#4785=CARTESIAN_POINT('Ctrl Pts',(0.00509204420075974,-0.0102262032451185,
0.00931951168621505));
#4786=CARTESIAN_POINT('Ctrl Pts',(-0.00035179786905,-0.0114184230690229,
0.00990774698033269));
#4787=CARTESIAN_POINT('Ctrl Pts',(-0.00571192057706972,-0.00989333665502653,
0.0104959822744504));
#4788=CARTESIAN_POINT('Ctrl Pts',(-0.00971274551756268,-0.00601387741464154,
0.011084217568568));
#4789=CARTESIAN_POINT('Ctrl Pts',(-0.0114021738928332,-0.000703262012918067,
0.0116724528626856));
#4790=CARTESIAN_POINT('Ctrl Pts',(-0.0103781629703174,0.00477471259307991,
0.0122606881568033));
#4791=CARTESIAN_POINT('Ctrl Pts',(-0.00688440236647026,0.00911642205195544,
0.0128489234509209));
#4792=CARTESIAN_POINT('Ctrl Pts',(-0.00175232190161578,0.0112886453981774,
0.0134371587450386));
#4793=CARTESIAN_POINT('Ctrl Pts',(0.00379676843992641,0.0107744464539666,
0.0140253940391562));
#4794=CARTESIAN_POINT('Ctrl Pts',(0.00844232049016186,0.00769619202687288,
0.0146136293332739));
#4795=CARTESIAN_POINT('Ctrl Pts',(0.0110788061600565,0.00278643159661145,
0.0152018646273915));
#4796=CARTESIAN_POINT('Ctrl Pts',(0.0110788061600252,-0.00278643159660571,
0.0157900999215092));
#4797=CARTESIAN_POINT('Ctrl Pts',(0.00844232049020922,-0.007696192026893,
0.0163783352156268));
#4798=CARTESIAN_POINT('Ctrl Pts',(0.00379676843983888,-0.0107744464539218,
0.0169665705097445));
#4799=CARTESIAN_POINT('Ctrl Pts',(-0.00175232190144333,-0.0112886453982697,
0.0175548058038621));
#4800=CARTESIAN_POINT('Ctrl Pts',(-0.00688440236681558,-0.0091164220517686,
0.0181430410979797));
#4801=CARTESIAN_POINT('Ctrl Pts',(-0.0103781629696228,-0.00477471259345677,
0.0187312763920974));
#4802=CARTESIAN_POINT('Ctrl Pts',(-0.0114021738942316,0.000703262013677256,
0.019319511686215));
#4803=CARTESIAN_POINT('Ctrl Pts',(-0.00971274551474655,0.00601387741311238,
0.0199077469803327));
#4804=CARTESIAN_POINT('Ctrl Pts',(-0.00571192058274133,0.00989333665810629,
0.0204959822744503));
#4805=CARTESIAN_POINT('Ctrl Pts',(-0.000351797857627411,0.0114184230628201,
0.021084217568568));
#4806=CARTESIAN_POINT('Ctrl Pts',(0.0050920441777545,0.0102262032576108,
0.0216724528626856));
#4807=CARTESIAN_POINT('Ctrl Pts',(0.00932410388651476,0.00660039647958017,
0.0222606881568033));
#4808=CARTESIAN_POINT('Ctrl Pts',(0.0113372542718594,0.00140385631365135,
0.022848923450921));
#4809=CARTESIAN_POINT('Ctrl Pts',(0.0106524146399388,-0.00412676741687631,
0.0234371587450386));
#4810=CARTESIAN_POINT('Ctrl Pts',(0.00743256012088949,-0.00867532114814989,
0.0240253940391562));
#4811=CARTESIAN_POINT('Ctrl Pts',(0.00244393756259301,-0.0111593600248545,
0.0246136293332739));
#4812=CARTESIAN_POINT('Ctrl Pts',(-0.00312628253145448,-0.0109877433764944,
0.0252018646273915));
#4813=CARTESIAN_POINT('Ctrl Pts',(-0.00795252362858106,-0.00820131177989434,
0.0257900999215092));
#4814=CARTESIAN_POINT('Ctrl Pts',(-0.0108862580527971,-0.00346316799795872,
0.0263783352156268));
#4815=CARTESIAN_POINT('Ctrl Pts',(-0.0112293285607309,0.0020991253057705,
0.0269665705097445));
#4816=CARTESIAN_POINT('Ctrl Pts',(-0.00890009273849417,0.00716187798139408,
0.0275548058038621));
#4817=CARTESIAN_POINT('Ctrl Pts',(-0.00445285190504449,0.0105202783654196,
0.0281430410979797));
#4818=CARTESIAN_POINT('Ctrl Pts',(0.00105405908310841,0.0113751090730371,
0.0287312763920974));
#4819=CARTESIAN_POINT('Ctrl Pts',(0.00631012971647689,0.00952294124393347,
0.0293195116862151));
#4820=CARTESIAN_POINT('Ctrl Pts',(0.0100645433723741,0.00540454564970777,
0.0299077469803327));
#4821=CARTESIAN_POINT('Ctrl Pts',(0.0114238411654825,1.46689498411379E-17,
0.0304959822744503));
#4822=CARTESIAN_POINT('Ctrl Pts',(0.0100645433723741,-0.00540454564970775,
0.031084217568568));
#4823=CARTESIAN_POINT('Ctrl Pts',(0.0063101297164769,-0.00952294124393345,
0.0316724528626856));
#4824=CARTESIAN_POINT('Ctrl Pts',(0.00105405908310844,-0.0113751090730371,
0.0322606881568033));
#4825=CARTESIAN_POINT('Ctrl Pts',(-0.00445285190504448,-0.0105202783654196,
0.0328489234509209));
#4826=CARTESIAN_POINT('Ctrl Pts',(-0.00890009273849414,-0.00716187798139411,
0.0334371587450386));
#4827=CARTESIAN_POINT('Ctrl Pts',(-0.0112293285607309,-0.00209912530577051,
0.0340253940391562));
#4828=CARTESIAN_POINT('Ctrl Pts',(-0.010886258052797,0.00346316799795868,
0.0346136293332739));
#4829=CARTESIAN_POINT('Ctrl Pts',(-0.00795252362858111,0.0082013117798943,
0.0352018646273915));
#4830=CARTESIAN_POINT('Ctrl Pts',(-0.00312628253145452,0.0109877433764944,
0.0357900999215091));
#4831=CARTESIAN_POINT('Ctrl Pts',(0.00244393756259296,0.0111593600248545,
0.0363783352156268));
#4832=CARTESIAN_POINT('Ctrl Pts',(0.0074325601208895,0.00867532114814992,
0.0369665705097445));
#4833=CARTESIAN_POINT('Ctrl Pts',(0.0106524146399388,0.00412676741687633,
0.0375548058038621));
#4834=CARTESIAN_POINT('Ctrl Pts',(0.0113372542718594,-0.00140385631365132,
0.0381430410979798));
#4835=CARTESIAN_POINT('Ctrl Pts',(0.00932410388651476,-0.00660039647958015,
0.0387312763920974));
#4836=CARTESIAN_POINT('Ctrl Pts',(0.00509204417775453,-0.0102262032576108,
0.039319511686215));
#4837=CARTESIAN_POINT('Ctrl Pts',(-0.000351797857627383,-0.0114184230628201,
0.0399077469803327));
#4838=CARTESIAN_POINT('Ctrl Pts',(-0.0057119205827413,-0.00989333665810631,
0.0404959822744503));
#4839=CARTESIAN_POINT('Ctrl Pts',(-0.00971274551474656,-0.0060138774131124,
0.041084217568568));
#4840=CARTESIAN_POINT('Ctrl Pts',(-0.0114021738942316,-0.000703262013677252,
0.0416724528626856));
#4841=CARTESIAN_POINT('Ctrl Pts',(-0.0103781629696229,0.00477471259345674,
0.0422606881568033));
#4842=CARTESIAN_POINT('Ctrl Pts',(-0.0068844023668156,0.00911642205176857,
0.0428489234509208));
#4843=CARTESIAN_POINT('Ctrl Pts',(-0.00175232190144339,0.0112886453982697,
0.0434371587450386));
#4844=CARTESIAN_POINT('Ctrl Pts',(0.00379676843983882,0.0107744464539218,
0.0440253940391562));
#4845=CARTESIAN_POINT('Ctrl Pts',(0.00844232049020918,0.00769619202689304,
0.0446136293332739));
#4846=CARTESIAN_POINT('Ctrl Pts',(0.0110788061600252,0.00278643159660575,
0.0452018646273915));
#4847=CARTESIAN_POINT('Ctrl Pts',(0.0110788061600565,-0.00278643159661142,
0.0457900999215092));
#4848=CARTESIAN_POINT('Ctrl Pts',(0.00844232049016188,-0.00769619202687289,
0.0463783352156268));
#4849=CARTESIAN_POINT('Ctrl Pts',(0.00379676843992642,-0.0107744464539665,
0.0469665705097445));
#4850=CARTESIAN_POINT('Ctrl Pts',(-0.00175232190161579,-0.0112886453981774,
0.0475548058038621));
#4851=CARTESIAN_POINT('Ctrl Pts',(-0.00688440236647023,-0.00911642205195543,
0.0481430410979798));
#4852=CARTESIAN_POINT('Ctrl Pts',(-0.0103781629703174,-0.00477471259307995,
0.0487312763920974));
#4853=CARTESIAN_POINT('Ctrl Pts',(-0.0114021738928332,0.000703262012918032,
0.0493195116862151));
#4854=CARTESIAN_POINT('Ctrl Pts',(-0.00971274551756271,0.00601387741464148,
0.0499077469803326));
#4855=CARTESIAN_POINT('Ctrl Pts',(-0.00571192057706976,0.00989333665502652,
0.0504959822744504));
#4856=CARTESIAN_POINT('Ctrl Pts',(-0.000351797869050044,0.0114184230690229,
0.051084217568568));
#4857=CARTESIAN_POINT('Ctrl Pts',(0.00509204420075972,0.0102262032451185,
0.0516724528626856));
#4858=CARTESIAN_POINT('Ctrl Pts',(0.00932410384018197,0.0066003965047399,
0.0522606881568034));
#4859=CARTESIAN_POINT('Ctrl Pts',(0.0113372543651742,0.00140385626297935,
0.0528489234509209));
#4860=CARTESIAN_POINT('Ctrl Pts',(0.0106524144520016,-0.0041267673148223,
0.0534371587450386));
#4861=CARTESIAN_POINT('Ctrl Pts',(0.00743256049939712,-0.00867532135368789,
0.0540253940391562));
#4862=CARTESIAN_POINT('Ctrl Pts',(0.00244393680027413,-0.0111593596108985,
0.0546136293332739));
#4863=CARTESIAN_POINT('Ctrl Pts',(-0.00312628099613504,-0.0109877442102068,
0.0552018646273915));
#4864=CARTESIAN_POINT('Ctrl Pts',(-0.00795252672073308,-0.00820131010078756,
0.0557900999215092));
#4865=CARTESIAN_POINT('Ctrl Pts',(-0.0108862518251621,-0.00346317137970042,
0.0563783352156268));
#4866=CARTESIAN_POINT('Ctrl Pts',(-0.011229341103313,0.00209913211664453,
0.0569665705097445));
#4867=CARTESIAN_POINT('Ctrl Pts',(-0.00890006747687476,0.00716186426413172,
0.0575548058038621));
#4868=CARTESIAN_POINT('Ctrl Pts',(-0.00445290279248767,0.010520305993282,
0.0581430410979798));
#4869=CARTESIAN_POINT('Ctrl Pts',(0.0010541617087119,0.0113750534140585,
0.0587312763920974));
#4870=CARTESIAN_POINT('Ctrl Pts',(0.00630992081586545,0.00952305356638164,
0.059319511686215));
#4871=CARTESIAN_POINT('Ctrl Pts',(0.0100649861390546,0.00540431611038519,
0.0599077469803328));
#4872=CARTESIAN_POINT('Ctrl Pts',(0.0109698666672709,0.00180177496024526,
0.0602999038430778));
#4873=CARTESIAN_POINT('Ctrl Pts',(0.0109698666672709,2.14947393618344E-17,
0.0604959822744503));
#4874=CARTESIAN_POINT('Ctrl Pts',(0.0117446899885117,0.,0.00111783208064929));
#4875=CARTESIAN_POINT('Ctrl Pts',(0.0117446899885117,-0.00192944220251125,
0.00131391051202184));
#4876=CARTESIAN_POINT('Ctrl Pts',(0.0107759625718803,-0.00578582325861983,
0.00170606737476694));
#4877=CARTESIAN_POINT('Ctrl Pts',(0.00675561871746377,-0.0101958358843491,
0.00229430266888459));
#4878=CARTESIAN_POINT('Ctrl Pts',(0.00112862921340509,-0.0121784904652294,
0.00288253796300223));
#4879=CARTESIAN_POINT('Ctrl Pts',(-0.0047674418162115,-0.0112634475799228,
0.00347077325711988));
#4880=CARTESIAN_POINT('Ctrl Pts',(-0.009528733413814,-0.00766773813823462,
0.00405900855123753));
#4881=CARTESIAN_POINT('Ctrl Pts',(-0.0120225401885391,-0.00224741350531977,
0.00464724384535517));
#4882=CARTESIAN_POINT('Ctrl Pts',(-0.0116552153707943,0.00370780005184428,
0.00523547913947282));
#4883=CARTESIAN_POINT('Ctrl Pts',(-0.00851426345894399,0.00878061817061989,
0.00582371443359047));
#4884=CARTESIAN_POINT('Ctrl Pts',(-0.00334710964362217,0.0117638779360441,
0.00641194972770811));
#4885=CARTESIAN_POINT('Ctrl Pts',(0.00261656726183872,0.0119476143954826,
0.00700018502182575));
#4886=CARTESIAN_POINT('Ctrl Pts',(0.00795756863457887,0.00928811361947834,
0.00758842031594341));
#4887=CARTESIAN_POINT('Ctrl Pts',(0.0114048609281282,0.00441826653568731,
0.00817665561006106));
#4888=CARTESIAN_POINT('Ctrl Pts',(0.0121380753716727,-0.00150301933952773,
0.0087648909041787));
#4889=CARTESIAN_POINT('Ctrl Pts',(0.00998272345890761,-0.00706662370976786,
0.00935312619829634));
#4890=CARTESIAN_POINT('Ctrl Pts',(0.00545172704981475,-0.0109485437628076,
0.00994136149241399));
#4891=CARTESIAN_POINT('Ctrl Pts',(-0.000376647547787989,-0.0122249775284469,
0.0105295967865316));
#4892=CARTESIAN_POINT('Ctrl Pts',(-0.00611538916005256,-0.0105921647380313,
0.0111178320806493));
#4893=CARTESIAN_POINT('Ctrl Pts',(-0.0103988173250701,-0.00643867509455613,
0.0117060673747669));
#4894=CARTESIAN_POINT('Ctrl Pts',(-0.0122075805654967,-0.000752937795346217,
0.0122943026688846));
#4895=CARTESIAN_POINT('Ctrl Pts',(-0.0111112373635027,0.00511198032946575,
0.0128825379630022));
#4896=CARTESIAN_POINT('Ctrl Pts',(-0.00737069065286846,0.00976037181304653,
0.0134707732571199));
#4897=CARTESIAN_POINT('Ctrl Pts',(-0.00187609932912355,0.0120860328450184,
0.0140590085512375));
#4898=CARTESIAN_POINT('Ctrl Pts',(0.00406495788039203,0.0115355128217624,
0.0146472438453552));
#4899=CARTESIAN_POINT('Ctrl Pts',(0.00903865425248235,0.00823982208120505,
0.0152354791394728));
#4900=CARTESIAN_POINT('Ctrl Pts',(0.0118613713525506,0.00298325464301103,
0.0158237144335905));
#4901=CARTESIAN_POINT('Ctrl Pts',(0.0118613713525154,-0.00298325464299934,
0.0164119497277081));
#4902=CARTESIAN_POINT('Ctrl Pts',(0.0090386542525356,-0.00823982208124604,
0.0170001850218258));
#4903=CARTESIAN_POINT('Ctrl Pts',(0.00406495788029363,-0.0115355128216711,
0.0175884203159434));
#4904=CARTESIAN_POINT('Ctrl Pts',(-0.00187609932892969,-0.0120860328452064,
0.018176655610061));
#4905=CARTESIAN_POINT('Ctrl Pts',(-0.00737069065325664,-0.00976037181266566,
0.0187648909041787));
#4906=CARTESIAN_POINT('Ctrl Pts',(-0.011111237362722,-0.00511198033023394,
0.0193531261982963));
#4907=CARTESIAN_POINT('Ctrl Pts',(-0.0122075805670686,0.000752937796893823,
0.019941361492414));
#4908=CARTESIAN_POINT('Ctrl Pts',(-0.0103988173219045,0.00643867509143894,
0.0205295967865316));
#4909=CARTESIAN_POINT('Ctrl Pts',(-0.00611538916642803,0.0105921647443095,
0.0211178320806493));
#4910=CARTESIAN_POINT('Ctrl Pts',(-0.000376647534947833,0.0122249775158025,
0.0217060673747669));
#4911=CARTESIAN_POINT('Ctrl Pts',(0.00545172702395451,0.0109485437882735,
0.0222943026688846));
#4912=CARTESIAN_POINT('Ctrl Pts',(0.00998272351099039,0.00706662365847923,
0.0228825379630022));
#4913=CARTESIAN_POINT('Ctrl Pts',(0.0121380752667774,0.00150301944282369,
0.0234707732571199));
#4914=CARTESIAN_POINT('Ctrl Pts',(0.0114048611393887,-0.00441826674372662,
0.0240590085512375));
#4915=CARTESIAN_POINT('Ctrl Pts',(0.00795756820909761,-0.00928811320048469,
0.0246472438453552));
#4916=CARTESIAN_POINT('Ctrl Pts',(0.00261656811876311,-0.0119476152393409,
0.0252354791394728));
#4917=CARTESIAN_POINT('Ctrl Pts',(-0.00334711136947818,-0.0117638762365034,
0.0258237144335905));
#4918=CARTESIAN_POINT('Ctrl Pts',(-0.00851425998304886,-0.00878062159351555,
0.0264119497277081));
#4919=CARTESIAN_POINT('Ctrl Pts',(-0.0116552223712929,-0.00370779315808918,
0.0270001850218258));
#4920=CARTESIAN_POINT('Ctrl Pts',(-0.0120225260893941,0.00224739962118363,
0.0275884203159434));
#4921=CARTESIAN_POINT('Ctrl Pts',(-0.00952876181045755,0.00766776610148122,
0.0281766556100611));
#4922=CARTESIAN_POINT('Ctrl Pts',(-0.00476738461352145,0.0112633912554886,
0.0287648909041787));
#4923=CARTESIAN_POINT('Ctrl Pts',(0.00112851385173191,0.0121786039887135,
0.0293531261982964));
#4924=CARTESIAN_POINT('Ctrl Pts',(0.00675585354311393,0.0101956059913795,
0.029941361492414));
#4925=CARTESIAN_POINT('Ctrl Pts',(0.0107754648568525,0.00578630242436362,
0.0305295967865316));
#4926=CARTESIAN_POINT('Ctrl Pts',(0.0122307783328559,1.77249810580416E-17,
0.0311178320806492));
#4927=CARTESIAN_POINT('Ctrl Pts',(0.0107754648568525,-0.00578630242436361,
0.031706067374767));
#4928=CARTESIAN_POINT('Ctrl Pts',(0.00675585354311395,-0.0101956059913795,
0.0322943026688845));
#4929=CARTESIAN_POINT('Ctrl Pts',(0.00112851385173194,-0.0121786039887135,
0.0328825379630022));
#4930=CARTESIAN_POINT('Ctrl Pts',(-0.00476738461352143,-0.0112633912554886,
0.0334707732571198));
#4931=CARTESIAN_POINT('Ctrl Pts',(-0.00952876181045754,-0.00766776610148124,
0.0340590085512375));
#4932=CARTESIAN_POINT('Ctrl Pts',(-0.0120225260893941,-0.00224739962118365,
0.0346472438453552));
#4933=CARTESIAN_POINT('Ctrl Pts',(-0.0116552223712929,0.00370779315808914,
0.0352354791394728));
#4934=CARTESIAN_POINT('Ctrl Pts',(-0.00851425998304891,0.00878062159351552,
0.0358237144335905));
#4935=CARTESIAN_POINT('Ctrl Pts',(-0.00334711136947822,0.0117638762365034,
0.0364119497277081));
#4936=CARTESIAN_POINT('Ctrl Pts',(0.00261656811876307,0.0119476152393409,
0.0370001850218257));
#4937=CARTESIAN_POINT('Ctrl Pts',(0.0079575682090976,0.0092881132004847,
0.0375884203159434));
#4938=CARTESIAN_POINT('Ctrl Pts',(0.0114048611393887,0.00441826674372664,
0.0381766556100611));
#4939=CARTESIAN_POINT('Ctrl Pts',(0.0121380752667774,-0.00150301944282367,
0.0387648909041787));
#4940=CARTESIAN_POINT('Ctrl Pts',(0.00998272351099042,-0.00706662365847922,
0.0393531261982963));
#4941=CARTESIAN_POINT('Ctrl Pts',(0.00545172702395453,-0.0109485437882735,
0.0399413614924139));
#4942=CARTESIAN_POINT('Ctrl Pts',(-0.000376647534947794,-0.0122249775158025,
0.0405295967865317));
#4943=CARTESIAN_POINT('Ctrl Pts',(-0.006115389166428,-0.0105921647443095,
0.0411178320806493));
#4944=CARTESIAN_POINT('Ctrl Pts',(-0.0103988173219045,-0.00643867509143896,
0.041706067374767));
#4945=CARTESIAN_POINT('Ctrl Pts',(-0.0122075805670686,-0.000752937796893826,
0.0422943026688846));
#4946=CARTESIAN_POINT('Ctrl Pts',(-0.011111237362722,0.00511198033023392,
0.0428825379630022));
#4947=CARTESIAN_POINT('Ctrl Pts',(-0.00737069065325666,0.00976037181266562,
0.0434707732571199));
#4948=CARTESIAN_POINT('Ctrl Pts',(-0.00187609932892976,0.0120860328452064,
0.0440590085512375));
#4949=CARTESIAN_POINT('Ctrl Pts',(0.00406495788029357,0.0115355128216712,
0.0446472438453552));
#4950=CARTESIAN_POINT('Ctrl Pts',(0.00903865425253557,0.00823982208124609,
0.0452354791394728));
#4951=CARTESIAN_POINT('Ctrl Pts',(0.0118613713525154,0.00298325464299938,
0.0458237144335905));
#4952=CARTESIAN_POINT('Ctrl Pts',(0.0118613713525506,-0.002983254643011,
0.0464119497277081));
#4953=CARTESIAN_POINT('Ctrl Pts',(0.00903865425248237,-0.00823982208120505,
0.0470001850218258));
#4954=CARTESIAN_POINT('Ctrl Pts',(0.00406495788039204,-0.0115355128217624,
0.0475884203159434));
#4955=CARTESIAN_POINT('Ctrl Pts',(-0.00187609932912355,-0.0120860328450184,
0.048176655610061));
#4956=CARTESIAN_POINT('Ctrl Pts',(-0.00737069065286844,-0.00976037181304652,
0.0487648909041787));
#4957=CARTESIAN_POINT('Ctrl Pts',(-0.0111112373635027,-0.00511198032946579,
0.0493531261982963));
#4958=CARTESIAN_POINT('Ctrl Pts',(-0.0122075805654967,0.000752937795346176,
0.049941361492414));
#4959=CARTESIAN_POINT('Ctrl Pts',(-0.0103988173250702,0.00643867509455608,
0.0505295967865316));
#4960=CARTESIAN_POINT('Ctrl Pts',(-0.00611538916005261,0.0105921647380313,
0.0511178320806493));
#4961=CARTESIAN_POINT('Ctrl Pts',(-0.00037664754778803,0.0122249775284469,
0.0517060673747669));
#4962=CARTESIAN_POINT('Ctrl Pts',(0.00545172704981472,0.0109485437628076,
0.0522943026688846));
#4963=CARTESIAN_POINT('Ctrl Pts',(0.00998272345890761,0.00706662370976788,
0.0528825379630022));
#4964=CARTESIAN_POINT('Ctrl Pts',(0.0121380753716728,0.00150301933952773,
0.0534707732571199));
#4965=CARTESIAN_POINT('Ctrl Pts',(0.0114048609281281,-0.00441826653568732,
0.0540590085512375));
#4966=CARTESIAN_POINT('Ctrl Pts',(0.00795756863457888,-0.00928811361947833,
0.0546472438453552));
#4967=CARTESIAN_POINT('Ctrl Pts',(0.00261656726183874,-0.0119476143954826,
0.0552354791394727));
#4968=CARTESIAN_POINT('Ctrl Pts',(-0.00334710964362213,-0.0117638779360441,
0.0558237144335905));
#4969=CARTESIAN_POINT('Ctrl Pts',(-0.00851426345894394,-0.00878061817061994,
0.0564119497277081));
#4970=CARTESIAN_POINT('Ctrl Pts',(-0.0116552153707943,-0.00370780005184432,
0.0570001850218257));
#4971=CARTESIAN_POINT('Ctrl Pts',(-0.0120225401885391,0.00224741350531974,
0.0575884203159434));
#4972=CARTESIAN_POINT('Ctrl Pts',(-0.00952873341381402,0.00766773813823459,
0.058176655610061));
#4973=CARTESIAN_POINT('Ctrl Pts',(-0.00476744181621151,0.0112634475799228,
0.0587648909041788));
#4974=CARTESIAN_POINT('Ctrl Pts',(0.00112862921340509,0.0121784904652294,
0.0593531261982963));
#4975=CARTESIAN_POINT('Ctrl Pts',(0.00675561871746378,0.0101958358843491,
0.059941361492414));
#4976=CARTESIAN_POINT('Ctrl Pts',(0.0107759625718803,0.00578582325861984,
0.0605295967865316));
#4977=CARTESIAN_POINT('Ctrl Pts',(0.0117446899885117,0.00192944220251126,
0.0609217536492767));
#4978=CARTESIAN_POINT('Ctrl Pts',(0.0117446899885117,2.30129552022542E-17,
0.0611178320806493));
#4979=CARTESIAN_POINT('Ctrl Pts',(0.0127136743481667,0.,0.000893615568249459));
#4980=CARTESIAN_POINT('Ctrl Pts',(0.0127136743481667,-0.00208821367033164,
0.00108969399962201));
#4981=CARTESIAN_POINT('Ctrl Pts',(0.0116649545893639,-0.00626339311936837,
0.00148185086236711));
#4982=CARTESIAN_POINT('Ctrl Pts',(0.00731296837131397,-0.0110368791827943,
0.00207008615648475));
#4983=CARTESIAN_POINT('Ctrl Pts',(0.00122173542687743,-0.0131832706724824,
0.0026583214506024));
#4984=CARTESIAN_POINT('Ctrl Pts',(-0.00516075271536776,-0.0121926539288768,
0.00324655674472005));
#4985=CARTESIAN_POINT('Ctrl Pts',(-0.0103148547960481,-0.00830033976053414,
0.00383479203883769));
#4986=CARTESIAN_POINT('Ctrl Pts',(-0.0130143984196191,-0.00243281822758825,
0.00442302733295534));
#4987=CARTESIAN_POINT('Ctrl Pts',(-0.0126167703549653,0.00401368999495236,
0.00501126262707299));
#4988=CARTESIAN_POINT('Ctrl Pts',(-0.00921668956724197,0.00950502036746917,
0.00559949792119063));
#4989=CARTESIAN_POINT('Ctrl Pts',(-0.00362324609378524,0.0127343964051452,
0.00618773321530829));
#4990=CARTESIAN_POINT('Ctrl Pts',(0.00283243396228577,0.0129332923530212,
0.00677596850942593));
#4991=CARTESIAN_POINT('Ctrl Pts',(0.00861406759879212,0.0100543822899365,
0.00736420380354357));
#4992=CARTESIAN_POINT('Ctrl Pts',(0.0123457613525343,0.00478277338906292,
0.00795243909766123));
#4993=CARTESIAN_POINT('Ctrl Pts',(0.013139465932849,-0.00162701840469761,
0.00854067439177887));
#4994=CARTESIAN_POINT('Ctrl Pts',(0.0108062976107007,-0.0076496197613052,
0.00912890968589651));
#4995=CARTESIAN_POINT('Ctrl Pts',(0.005901494237382,-0.0118517980476792,
0.00971714498001417));
#4996=CARTESIAN_POINT('Ctrl Pts',(-0.000407720949625734,-0.0132335375118481,
0.0103053802741318));
#4997=CARTESIAN_POINT('Ctrl Pts',(-0.00661990843764808,-0.0114660177631401,
0.0108936155682495));
#4998=CARTESIAN_POINT('Ctrl Pts',(-0.0112567191957766,-0.00696986544255473,
0.0114818508623671));
#4999=CARTESIAN_POINT('Ctrl Pts',(-0.0132147053066322,-0.000815055123781426,
0.0120700861564848));
#5000=CARTESIAN_POINT('Ctrl Pts',(-0.0120279138492367,0.00553371843248815,
0.0126583214506024));
#5001=CARTESIAN_POINT('Ctrl Pts',(-0.00797877223591413,0.0105656019632667,
0.0132465567447201));
#5002=CARTESIAN_POINT('Ctrl Pts',(-0.00203087742301298,0.0130831299057576,
0.0138347920388377));
#5003=CARTESIAN_POINT('Ctrl Pts',(0.00440031668721558,0.0124871920100098,
0.0144230273329553));
#5004=CARTESIAN_POINT('Ctrl Pts',(0.0097843427429034,0.00891960696041659,
0.015011262627073));
#5005=CARTESIAN_POINT('Ctrl Pts',(0.0128399338521329,0.00322937299083569,
0.0155994979211906));
#5006=CARTESIAN_POINT('Ctrl Pts',(0.0128399338520965,-0.00322937299082873,
0.0161877332153083));
#5007=CARTESIAN_POINT('Ctrl Pts',(0.00978434274295843,-0.00891960696044097,
0.0167759685094259));
#5008=CARTESIAN_POINT('Ctrl Pts',(0.00440031668711388,-0.0124871920099555,
0.0173642038035436));
#5009=CARTESIAN_POINT('Ctrl Pts',(-0.0020308774228126,-0.0130831299058695,
0.0179524390976612));
#5010=CARTESIAN_POINT('Ctrl Pts',(-0.00797877223631538,-0.0105656019630401,
0.0185406743917789));
#5011=CARTESIAN_POINT('Ctrl Pts',(-0.0120279138484297,-0.00553371843294509,
0.0191289096858965));
#5012=CARTESIAN_POINT('Ctrl Pts',(-0.013214705308257,0.000815055124701953,
0.0197171449800142));
#5013=CARTESIAN_POINT('Ctrl Pts',(-0.0112567191925045,0.00696986544070058,
0.0203053802741318));
#5014=CARTESIAN_POINT('Ctrl Pts',(-0.00661990844423803,0.0114660177668744,
0.0208936155682494));
#5015=CARTESIAN_POINT('Ctrl Pts',(-0.000407720936353587,0.0132335375043271,
0.0214818508623671));
#5016=CARTESIAN_POINT('Ctrl Pts',(0.00590149421065171,0.0118517980628265,
0.0220700861564847));
#5017=CARTESIAN_POINT('Ctrl Pts',(0.0108062976645358,0.00764961973079846,
0.0226583214506024));
#5018=CARTESIAN_POINT('Ctrl Pts',(0.0131394658244244,0.00162701846613863,
0.02324655674472));
#5019=CARTESIAN_POINT('Ctrl Pts',(0.0123457615709026,-0.00478277351280587,
0.0238347920388377));
#5020=CARTESIAN_POINT('Ctrl Pts',(0.00861406715899565,-0.0100543820407167,
0.0244230273329553));
#5021=CARTESIAN_POINT('Ctrl Pts',(0.00283243484804113,-0.0129332928549529,
0.025011262627073));
#5022=CARTESIAN_POINT('Ctrl Pts',(-0.00362324787770716,-0.0127343953942488,
0.0255994979211906));
#5023=CARTESIAN_POINT('Ctrl Pts',(-0.00921668597440135,-0.00950502240342688,
0.0261877332153083));
#5024=CARTESIAN_POINT('Ctrl Pts',(-0.0126167775909935,-0.00401368589450855,
0.026775968509426));
#5025=CARTESIAN_POINT('Ctrl Pts',(-0.0130143838461125,0.00243280996923714,
0.0273642038035436));
#5026=CARTESIAN_POINT('Ctrl Pts',(-0.0103148841480885,0.00830035639306442,
0.0279524390976612));
#5027=CARTESIAN_POINT('Ctrl Pts',(-0.00516069358810979,0.0121926204291783,
0.0285406743917789));
#5028=CARTESIAN_POINT('Ctrl Pts',(0.00122161618389419,0.0131833381637437,
0.0291289096858965));
#5029=CARTESIAN_POINT('Ctrl Pts',(0.00731321109760509,0.0110367429381244,
0.0297171449800142));
#5030=CARTESIAN_POINT('Ctrl Pts',(0.0116644401288582,0.00626367206362657,
0.0303053802741318));
#5031=CARTESIAN_POINT('Ctrl Pts',(0.013239816888476,1.52801560845186E-17,
0.0308936155682494));
#5032=CARTESIAN_POINT('Ctrl Pts',(0.0116644401288582,-0.00626367206362655,
0.0314818508623671));
#5033=CARTESIAN_POINT('Ctrl Pts',(0.0073132110976051,-0.0110367429381244,
0.0320700861564847));
#5034=CARTESIAN_POINT('Ctrl Pts',(0.00122161618389423,-0.0131833381637437,
0.0326583214506024));
#5035=CARTESIAN_POINT('Ctrl Pts',(-0.00516069358810977,-0.0121926204291783,
0.03324655674472));
#5036=CARTESIAN_POINT('Ctrl Pts',(-0.0103148841480885,-0.00830035639306442,
0.0338347920388377));
#5037=CARTESIAN_POINT('Ctrl Pts',(-0.0130143838461125,-0.00243280996923717,
0.0344230273329553));
#5038=CARTESIAN_POINT('Ctrl Pts',(-0.0126167775909935,0.00401368589450851,
0.035011262627073));
#5039=CARTESIAN_POINT('Ctrl Pts',(-0.00921668597440139,0.00950502240342684,
0.0355994979211906));
#5040=CARTESIAN_POINT('Ctrl Pts',(-0.00362324787770721,0.0127343953942488,
0.0361877332153083));
#5041=CARTESIAN_POINT('Ctrl Pts',(0.00283243484804108,0.0129332928549529,
0.0367759685094259));
#5042=CARTESIAN_POINT('Ctrl Pts',(0.00861406715899564,0.0100543820407167,
0.0373642038035436));
#5043=CARTESIAN_POINT('Ctrl Pts',(0.0123457615709026,0.0047827735128059,
0.0379524390976612));
#5044=CARTESIAN_POINT('Ctrl Pts',(0.0131394658244244,-0.00162701846613861,
0.0385406743917789));
#5045=CARTESIAN_POINT('Ctrl Pts',(0.0108062976645359,-0.00764961973079843,
0.0391289096858965));
#5046=CARTESIAN_POINT('Ctrl Pts',(0.00590149421065172,-0.0118517980628265,
0.0397171449800142));
#5047=CARTESIAN_POINT('Ctrl Pts',(-0.000407720936353543,-0.0132335375043271,
0.0403053802741318));
#5048=CARTESIAN_POINT('Ctrl Pts',(-0.00661990844423802,-0.0114660177668744,
0.0408936155682494));
#5049=CARTESIAN_POINT('Ctrl Pts',(-0.0112567191925045,-0.0069698654407006,
0.0414818508623671));
#5050=CARTESIAN_POINT('Ctrl Pts',(-0.013214705308257,-0.000815055124701952,
0.0420700861564848));
#5051=CARTESIAN_POINT('Ctrl Pts',(-0.0120279138484297,0.00553371843294506,
0.0426583214506024));
#5052=CARTESIAN_POINT('Ctrl Pts',(-0.00797877223631541,0.0105656019630401,
0.04324655674472));
#5053=CARTESIAN_POINT('Ctrl Pts',(-0.00203087742281267,0.0130831299058694,
0.0438347920388377));
#5054=CARTESIAN_POINT('Ctrl Pts',(0.0044003166871138,0.0124871920099555,
0.0444230273329553));
#5055=CARTESIAN_POINT('Ctrl Pts',(0.00978434274295839,0.00891960696044102,
0.045011262627073));
#5056=CARTESIAN_POINT('Ctrl Pts',(0.0128399338520965,0.00322937299082879,
0.0455994979211907));
#5057=CARTESIAN_POINT('Ctrl Pts',(0.0128399338521329,-0.00322937299083566,
0.0461877332153083));
#5058=CARTESIAN_POINT('Ctrl Pts',(0.00978434274290342,-0.00891960696041659,
0.0467759685094259));
#5059=CARTESIAN_POINT('Ctrl Pts',(0.00440031668721559,-0.0124871920100098,
0.0473642038035436));
#5060=CARTESIAN_POINT('Ctrl Pts',(-0.00203087742301297,-0.0130831299057576,
0.0479524390976612));
#5061=CARTESIAN_POINT('Ctrl Pts',(-0.00797877223591412,-0.0105656019632667,
0.0485406743917789));
#5062=CARTESIAN_POINT('Ctrl Pts',(-0.0120279138492367,-0.00553371843248819,
0.0491289096858966));
#5063=CARTESIAN_POINT('Ctrl Pts',(-0.0132147053066322,0.000815055123781377,
0.0497171449800141));
#5064=CARTESIAN_POINT('Ctrl Pts',(-0.0112567191957767,0.00696986544255467,
0.0503053802741319));
#5065=CARTESIAN_POINT('Ctrl Pts',(-0.00661990843764812,0.0114660177631401,
0.0508936155682494));
#5066=CARTESIAN_POINT('Ctrl Pts',(-0.000407720949625791,0.0132335375118481,
0.0514818508623671));
#5067=CARTESIAN_POINT('Ctrl Pts',(0.00590149423738199,0.0118517980476792,
0.0520700861564847));
#5068=CARTESIAN_POINT('Ctrl Pts',(0.0108062976107007,0.00764961976130524,
0.0526583214506025));
#5069=CARTESIAN_POINT('Ctrl Pts',(0.013139465932849,0.0016270184046976,
0.05324655674472));
#5070=CARTESIAN_POINT('Ctrl Pts',(0.0123457613525343,-0.00478277338906292,
0.0538347920388378));
#5071=CARTESIAN_POINT('Ctrl Pts',(0.00861406759879212,-0.0100543822899365,
0.0544230273329553));
#5072=CARTESIAN_POINT('Ctrl Pts',(0.00283243396228579,-0.0129332923530212,
0.055011262627073));
#5073=CARTESIAN_POINT('Ctrl Pts',(-0.00362324609378519,-0.0127343964051452,
0.0555994979211906));
#5074=CARTESIAN_POINT('Ctrl Pts',(-0.00921668956724192,-0.00950502036746921,
0.0561877332153083));
#5075=CARTESIAN_POINT('Ctrl Pts',(-0.0126167703549652,-0.00401368999495242,
0.0567759685094259));
#5076=CARTESIAN_POINT('Ctrl Pts',(-0.0130143984196191,0.00243281822758821,
0.0573642038035436));
#5077=CARTESIAN_POINT('Ctrl Pts',(-0.0103148547960482,0.00830033976053412,
0.0579524390976612));
#5078=CARTESIAN_POINT('Ctrl Pts',(-0.00516075271536778,0.0121926539288768,
0.0585406743917789));
#5079=CARTESIAN_POINT('Ctrl Pts',(0.00122173542687743,0.0131832706724824,
0.0591289096858966));
#5080=CARTESIAN_POINT('Ctrl Pts',(0.00731296837131398,0.0110368791827943,
0.0597171449800141));
#5081=CARTESIAN_POINT('Ctrl Pts',(0.0116649545893639,0.00626339311936838,
0.0603053802741318));
#5082=CARTESIAN_POINT('Ctrl Pts',(0.0127136743481666,0.00208821367033166,
0.0606975371368769));
#5083=CARTESIAN_POINT('Ctrl Pts',(0.0127136743481667,2.49116169534146E-17,
0.0608936155682495));
#5084=CARTESIAN_POINT('Ctrl Pts',(0.013,0.,0.000299199300341885));
#5085=CARTESIAN_POINT('Ctrl Pts',(0.013,-0.0021359669707104,0.000495277731714434));
#5086=CARTESIAN_POINT('Ctrl Pts',(0.0119277812922437,-0.006404074557192,
0.000887434594459535));
#5087=CARTESIAN_POINT('Ctrl Pts',(0.00747769251985921,-0.011285710840086,
0.00147566988857718));
#5088=CARTESIAN_POINT('Ctrl Pts',(0.00124926811505457,-0.0134801624473282,
0.00206390518269483));
#5089=CARTESIAN_POINT('Ctrl Pts',(-0.00527701734115593,-0.012467373974651,
0.00265214047681247));
#5090=CARTESIAN_POINT('Ctrl Pts',(-0.010547222053951,-0.00848730331195936,
0.00324037577093012));
#5091=CARTESIAN_POINT('Ctrl Pts',(-0.0133075837357973,-0.00248763577362725,
0.00382861106504776));
#5092=CARTESIAN_POINT('Ctrl Pts',(-0.0129009962378214,0.00410411495641744,
0.00441684635916542));
#5093=CARTESIAN_POINT('Ctrl Pts',(-0.00942432043409116,0.00971914344807666,
0.00500508165328306));
#5094=CARTESIAN_POINT('Ctrl Pts',(-0.00370486925064547,0.0130212741717351,
0.00559331694740071));
#5095=CARTESIAN_POINT('Ctrl Pts',(0.00289624203593497,0.0132246486187141,
0.00618155224151835));
#5096=CARTESIAN_POINT('Ctrl Pts',(0.00880812253489662,0.0102808844849171,
0.006769787535636));
#5097=CARTESIAN_POINT('Ctrl Pts',(0.0126238826117627,0.00489051796800085,
0.00735802282975365));
#5098=CARTESIAN_POINT('Ctrl Pts',(0.0134354675364295,-0.00166367125573961,
0.0079462581238713));
#5099=CARTESIAN_POINT('Ctrl Pts',(0.0110497383474061,-0.00782194793907464,
0.00853449341798894));
#5100=CARTESIAN_POINT('Ctrl Pts',(0.00603444117319466,-0.0121187914593394,
0.00912272871210659));
#5101=CARTESIAN_POINT('Ctrl Pts',(-0.000416905955032578,-0.0135316583310358,
0.00971096400622424));
#5102=CARTESIAN_POINT('Ctrl Pts',(-0.00676903957104382,-0.0117243204589448,
0.0102991993003419));
#5103=CARTESIAN_POINT('Ctrl Pts',(-0.0115103068874642,-0.00712688029618864,
0.0108874345944595));
#5104=CARTESIAN_POINT('Ctrl Pts',(-0.0135124018691638,-0.000833416417938327,
0.0114756698885772));
#5105=CARTESIAN_POINT('Ctrl Pts',(-0.0122988747618526,0.00565838023229723,
0.0120639051826948));
#5106=CARTESIAN_POINT('Ctrl Pts',(-0.00815851540939945,0.0108036203918478,
0.0126521404768125));
#5107=CARTESIAN_POINT('Ctrl Pts',(-0.0020766283659371,0.0133778623806291,
0.0132403757709301));
#5108=CARTESIAN_POINT('Ctrl Pts',(0.00449944558355763,0.0127684993909559,
0.0138286110650478));
#5109=CARTESIAN_POINT('Ctrl Pts',(0.0100047612187501,0.00912054495110994,
0.0144168463591654));
#5110=CARTESIAN_POINT('Ctrl Pts',(0.0131291876859465,0.00330212325025428,
0.0150050816532831));
#5111=CARTESIAN_POINT('Ctrl Pts',(0.0131291876859063,-0.00330212325023723,
0.0155933169474007));
#5112=CARTESIAN_POINT('Ctrl Pts',(0.0100047612188109,-0.00912054495116974,
0.0161815522415183));
#5113=CARTESIAN_POINT('Ctrl Pts',(0.00449944558344525,-0.0127684993908228,
0.016769787535636));
#5114=CARTESIAN_POINT('Ctrl Pts',(-0.00207662836571569,-0.0133778623809035,
0.0173580228297536));
#5115=CARTESIAN_POINT('Ctrl Pts',(-0.0081585154098428,-0.0108036203912921,
0.0179462581238713));
#5116=CARTESIAN_POINT('Ctrl Pts',(-0.0122988747609608,-0.00565838023341797,
0.0185344934179889));
#5117=CARTESIAN_POINT('Ctrl Pts',(-0.0135124018709592,0.000833416420196225,
0.0191227287121066));
#5118=CARTESIAN_POINT('Ctrl Pts',(-0.0115103068838486,0.00712688029164078,
0.0197109640062242));
#5119=CARTESIAN_POINT('Ctrl Pts',(-0.00676903957832559,0.0117243204681044,
0.0202991993003419));
#5120=CARTESIAN_POINT('Ctrl Pts',(-0.000416905940367132,0.0135316583125882,
0.0208874345944595));
#5121=CARTESIAN_POINT('Ctrl Pts',(0.00603444114365826,0.0121187914964931,
0.0214756698885772));
#5122=CARTESIAN_POINT('Ctrl Pts',(0.0110497384068927,0.0078219478642465,
0.0220639051826948));
#5123=CARTESIAN_POINT('Ctrl Pts',(0.0134354674166227,0.00166367140644444,
0.0226521404768125));
#5124=CARTESIAN_POINT('Ctrl Pts',(0.0126238828530551,-0.0048905182715222,
0.0232403757709301));
#5125=CARTESIAN_POINT('Ctrl Pts',(0.0088081220489308,-0.0102808838736214,
0.0238286110650478));
#5126=CARTESIAN_POINT('Ctrl Pts',(0.00289624301467599,-0.0132246498498709,
0.0244168463591654));
#5127=CARTESIAN_POINT('Ctrl Pts',(-0.00370487122184164,-0.0130212716921705,
0.0250050816532831));
#5128=CARTESIAN_POINT('Ctrl Pts',(-0.00942431646407793,-0.00971914844195003,
0.0255933169474007));
#5129=CARTESIAN_POINT('Ctrl Pts',(-0.0129010042334803,-0.00410410489869286,
0.0261815522415184));
#5130=CARTESIAN_POINT('Ctrl Pts',(-0.0133075676323793,0.00248761551719719,
0.026769787535636));
#5131=CARTESIAN_POINT('Ctrl Pts',(-0.0105472544873377,0.00848734410938335,
0.0273580228297537));
#5132=CARTESIAN_POINT('Ctrl Pts',(-0.00527695200678067,0.0124672917977355,
0.0279462581238713));
#5133=CARTESIAN_POINT('Ctrl Pts',(0.00124913635406851,0.0134803280976649,
0.028534493417989));
#5134=CARTESIAN_POINT('Ctrl Pts',(0.00747796072730076,0.0112853750762967,
0.0291227287121066));
#5135=CARTESIAN_POINT('Ctrl Pts',(0.0119272128242158,0.0064047780209475,
0.0297109640062242));
#5136=CARTESIAN_POINT('Ctrl Pts',(0.013538079156651,1.22241248676149E-17,
0.0302991993003419));
#5137=CARTESIAN_POINT('Ctrl Pts',(0.0119272128242158,-0.00640477802094747,
0.0308874345944596));
#5138=CARTESIAN_POINT('Ctrl Pts',(0.00747796072730077,-0.0112853750762966,
0.0314756698885772));
#5139=CARTESIAN_POINT('Ctrl Pts',(0.00124913635406855,-0.0134803280976649,
0.0320639051826948));
#5140=CARTESIAN_POINT('Ctrl Pts',(-0.00527695200678065,-0.0124672917977355,
0.0326521404768125));
#5141=CARTESIAN_POINT('Ctrl Pts',(-0.0105472544873377,-0.00848734410938337,
0.0332403757709301));
#5142=CARTESIAN_POINT('Ctrl Pts',(-0.0133075676323793,-0.00248761551719721,
0.0338286110650478));
#5143=CARTESIAN_POINT('Ctrl Pts',(-0.0129010042334803,0.00410410489869281,
0.0344168463591654));
#5144=CARTESIAN_POINT('Ctrl Pts',(-0.00942431646407798,0.00971914844194999,
0.0350050816532831));
#5145=CARTESIAN_POINT('Ctrl Pts',(-0.00370487122184169,0.0130212716921704,
0.0355933169474007));
#5146=CARTESIAN_POINT('Ctrl Pts',(0.00289624301467595,0.0132246498498709,
0.0361815522415183));
#5147=CARTESIAN_POINT('Ctrl Pts',(0.00880812204893078,0.0102808838736215,
0.036769787535636));
#5148=CARTESIAN_POINT('Ctrl Pts',(0.012623882853055,0.00489051827152223,
0.0373580228297536));
#5149=CARTESIAN_POINT('Ctrl Pts',(0.0134354674166227,-0.00166367140644442,
0.0379462581238713));
#5150=CARTESIAN_POINT('Ctrl Pts',(0.0110497384068927,-0.00782194786424647,
0.038534493417989));
#5151=CARTESIAN_POINT('Ctrl Pts',(0.00603444114365827,-0.0121187914964931,
0.0391227287121066));
#5152=CARTESIAN_POINT('Ctrl Pts',(-0.000416905940367084,-0.0135316583125882,
0.0397109640062243));
#5153=CARTESIAN_POINT('Ctrl Pts',(-0.00676903957832557,-0.0117243204681044,
0.0402991993003418));
#5154=CARTESIAN_POINT('Ctrl Pts',(-0.0115103068838486,-0.0071268802916408,
0.0408874345944596));
#5155=CARTESIAN_POINT('Ctrl Pts',(-0.0135124018709592,-0.000833416420196229,
0.0414756698885772));
#5156=CARTESIAN_POINT('Ctrl Pts',(-0.0122988747609608,0.00565838023341794,
0.0420639051826949));
#5157=CARTESIAN_POINT('Ctrl Pts',(-0.00815851540984284,0.0108036203912921,
0.0426521404768125));
#5158=CARTESIAN_POINT('Ctrl Pts',(-0.00207662836571576,0.0133778623809035,
0.0432403757709301));
#5159=CARTESIAN_POINT('Ctrl Pts',(0.00449944558344517,0.0127684993908228,
0.0438286110650478));
#5160=CARTESIAN_POINT('Ctrl Pts',(0.0100047612188109,0.00912054495116979,
0.0444168463591654));
#5161=CARTESIAN_POINT('Ctrl Pts',(0.0131291876859063,0.00330212325023728,
0.0450050816532831));
#5162=CARTESIAN_POINT('Ctrl Pts',(0.0131291876859465,-0.00330212325025425,
0.0455933169474007));
#5163=CARTESIAN_POINT('Ctrl Pts',(0.0100047612187501,-0.00912054495110993,
0.0461815522415184));
#5164=CARTESIAN_POINT('Ctrl Pts',(0.00449944558355764,-0.0127684993909559,
0.046769787535636));
#5165=CARTESIAN_POINT('Ctrl Pts',(-0.0020766283659371,-0.0133778623806291,
0.0473580228297537));
#5166=CARTESIAN_POINT('Ctrl Pts',(-0.00815851540939942,-0.0108036203918478,
0.0479462581238713));
#5167=CARTESIAN_POINT('Ctrl Pts',(-0.0122988747618526,-0.00565838023229725,
0.048534493417989));
#5168=CARTESIAN_POINT('Ctrl Pts',(-0.0135124018691638,0.000833416417938272,
0.0491227287121066));
#5169=CARTESIAN_POINT('Ctrl Pts',(-0.0115103068874642,0.00712688029618858,
0.0497109640062242));
#5170=CARTESIAN_POINT('Ctrl Pts',(-0.00676903957104387,0.0117243204589448,
0.0502991993003419));
#5171=CARTESIAN_POINT('Ctrl Pts',(-0.000416905955032634,0.0135316583310358,
0.0508874345944595));
#5172=CARTESIAN_POINT('Ctrl Pts',(0.00603444117319465,0.0121187914593394,
0.0514756698885772));
#5173=CARTESIAN_POINT('Ctrl Pts',(0.0110497383474061,0.00782194793907466,
0.0520639051826948));
#5174=CARTESIAN_POINT('Ctrl Pts',(0.0134354675364295,0.00166367125573961,
0.0526521404768125));
#5175=CARTESIAN_POINT('Ctrl Pts',(0.0126238826117626,-0.00489051796800086,
0.0532403757709301));
#5176=CARTESIAN_POINT('Ctrl Pts',(0.00880812253489663,-0.0102808844849171,
0.0538286110650478));
#5177=CARTESIAN_POINT('Ctrl Pts',(0.00289624203593499,-0.0132246486187141,
0.0544168463591654));
#5178=CARTESIAN_POINT('Ctrl Pts',(-0.00370486925064541,-0.0130212741717351,
0.0550050816532831));
#5179=CARTESIAN_POINT('Ctrl Pts',(-0.00942432043409112,-0.00971914344807671,
0.0555933169474007));
#5180=CARTESIAN_POINT('Ctrl Pts',(-0.0129009962378213,-0.0041041149564175,
0.0561815522415184));
#5181=CARTESIAN_POINT('Ctrl Pts',(-0.0133075837357973,0.00248763577362721,
0.056769787535636));
#5182=CARTESIAN_POINT('Ctrl Pts',(-0.010547222053951,0.00848730331195933,
0.0573580228297536));
#5183=CARTESIAN_POINT('Ctrl Pts',(-0.00527701734115595,0.012467373974651,
0.0579462581238713));
#5184=CARTESIAN_POINT('Ctrl Pts',(0.00124926811505458,0.0134801624473282,
0.0585344934179889));
#5185=CARTESIAN_POINT('Ctrl Pts',(0.0074776925198592,0.011285710840086,
0.0591227287121066));
#5186=CARTESIAN_POINT('Ctrl Pts',(0.0119277812922437,0.006404074557192,
0.0597109640062242));
#5187=CARTESIAN_POINT('Ctrl Pts',(0.013,0.00213596697071042,0.0601031208689693));
#5188=CARTESIAN_POINT('Ctrl Pts',(0.013,2.54726534222649E-17,0.0602991993003419));
#5189=CARTESIAN_POINT('Ctrl Pts',(0.013,0.,1.22464679914735E-19));
#5190=CARTESIAN_POINT('Ctrl Pts',(0.013,-0.00213546167302836,0.000196078431372549));
#5191=CARTESIAN_POINT('Ctrl Pts',(0.0119276980494047,-0.00640433745078132,
0.000588235294117647));
#5192=CARTESIAN_POINT('Ctrl Pts',(0.00747767283924694,-0.0112855230544573,
0.00117647058823529));
#5193=CARTESIAN_POINT('Ctrl Pts',(0.0012492556378811,-0.0134801692074681,
0.00176470588235294));
#5194=CARTESIAN_POINT('Ctrl Pts',(-0.00527699020189935,-0.012467284465157,
0.00235294117647059));
#5195=CARTESIAN_POINT('Ctrl Pts',(-0.0105471762944233,-0.00848728172392307,
0.00294117647058824));
#5196=CARTESIAN_POINT('Ctrl Pts',(-0.0133075230325726,-0.00248761634438263,
0.00352941176470588));
#5197=CARTESIAN_POINT('Ctrl Pts',(-0.012900938617851,0.00410409240321009,
0.00411764705882353));
#5198=CARTESIAN_POINT('Ctrl Pts',(-0.00942427783147447,0.00971910175682874,
0.00470588235294117));
#5199=CARTESIAN_POINT('Ctrl Pts',(-0.0037048526866033,0.013021214586112,
0.00529411764705882));
#5200=CARTESIAN_POINT('Ctrl Pts',(0.00289622905791191,0.0132245896273701,
0.00588235294117647));
#5201=CARTESIAN_POINT('Ctrl Pts',(0.00880808288561249,0.0102808379869773,
0.00647058823529412));
#5202=CARTESIAN_POINT('Ctrl Pts',(0.0126238258348474,0.00489049609108686,
0.00705882352941177));
#5203=CARTESIAN_POINT('Ctrl Pts',(0.0134354070897465,-0.0016636638328836,
0.00764705882352941));
#5204=CARTESIAN_POINT('Ctrl Pts',(0.0110496886424339,-0.00782191272102819,
0.00823529411764706));
#5205=CARTESIAN_POINT('Ctrl Pts',(0.006034414025276,-0.0121187369571672,
0.0088235294117647));
#5206=CARTESIAN_POINT('Ctrl Pts',(-0.000416904078786964,-0.0135315974503637,
0.00941176470588236));
#5207=CARTESIAN_POINT('Ctrl Pts',(-0.00676900912039588,-0.0117242677199443,
0.00999999999999999));
#5208=CARTESIAN_POINT('Ctrl Pts',(-0.0115102551073062,-0.00712684823353899,
0.0105882352941177));
#5209=CARTESIAN_POINT('Ctrl Pts',(-0.0135123410827146,-0.000833412669671114,
0.0111764705882353));
#5210=CARTESIAN_POINT('Ctrl Pts',(-0.0122988194344052,0.00565835477810978,
0.0117647058823529));
#5211=CARTESIAN_POINT('Ctrl Pts',(-0.00815847870773538,0.0108035717907332,
0.0123529411764706));
#5212=CARTESIAN_POINT('Ctrl Pts',(-0.00207661902405883,0.0133778021994347,
0.0129411764705882));
#5213=CARTESIAN_POINT('Ctrl Pts',(0.00449942534246204,0.0127684419508579,
0.0135294117647059));
#5214=CARTESIAN_POINT('Ctrl Pts',(0.010004716211592,0.00912050392168925,
0.0141176470588235));
#5215=CARTESIAN_POINT('Ctrl Pts',(0.0131291286233199,0.003302108395394,
0.0147058823529412));
#5216=CARTESIAN_POINT('Ctrl Pts',(0.0131291286232817,-0.00330210839538388,
0.0152941176470588));
#5217=CARTESIAN_POINT('Ctrl Pts',(0.0100047162116497,-0.00912050392172473,
0.0158823529411765));
#5218=CARTESIAN_POINT('Ctrl Pts',(0.00449942534235552,-0.0127684419507789,
0.0164705882352941));
#5219=CARTESIAN_POINT('Ctrl Pts',(-0.00207661902384895,-0.0133778021995975,
0.0170588235294118));
#5220=CARTESIAN_POINT('Ctrl Pts',(-0.00815847870815565,-0.0108035717904035,
0.0176470588235294));
#5221=CARTESIAN_POINT('Ctrl Pts',(-0.0122988194335599,-0.00565835477877472,
0.0182352941176471));
#5222=CARTESIAN_POINT('Ctrl Pts',(-0.0135123410844165,0.000833412671010704,
0.0188235294117647));
#5223=CARTESIAN_POINT('Ctrl Pts',(-0.0115102551038788,0.00712684823084078,
0.0194117647058823));
#5224=CARTESIAN_POINT('Ctrl Pts',(-0.00676900912729864,0.0117242677253786,
0.02));
#5225=CARTESIAN_POINT('Ctrl Pts',(-0.000416904064884822,0.013531597439419,
0.0205882352941176));
#5226=CARTESIAN_POINT('Ctrl Pts',(0.0060344139972769,0.0121187369792101,
0.0211764705882353));
#5227=CARTESIAN_POINT('Ctrl Pts',(0.0110496886988244,0.00782191267663348,
0.0217647058823529));
#5228=CARTESIAN_POINT('Ctrl Pts',(0.0134354069761753,0.00166366392229515,
0.0223529411764706));
#5229=CARTESIAN_POINT('Ctrl Pts',(0.0126238260635811,-0.00489049627116278,
0.0229411764705882));
#5230=CARTESIAN_POINT('Ctrl Pts',(0.00880808242494002,-0.0102808376243023,
0.0235294117647059));
#5231=CARTESIAN_POINT('Ctrl Pts',(0.00289622998571183,-0.013224590357802,
0.0241176470588235));
#5232=CARTESIAN_POINT('Ctrl Pts',(-0.00370485455520346,-0.0130212131150133,
0.0247058823529412));
#5233=CARTESIAN_POINT('Ctrl Pts',(-0.00942427406809086,-0.0097191047196394,
0.0252941176470588));
#5234=CARTESIAN_POINT('Ctrl Pts',(-0.0129009461973552,-0.00410408643607236,
0.0258823529411765));
#5235=CARTESIAN_POINT('Ctrl Pts',(-0.0133075077672986,0.00248760432647416,
0.0264705882352941));
#5236=CARTESIAN_POINT('Ctrl Pts',(-0.0105472070397306,0.00848730592843593,
0.0270588235294118));
#5237=CARTESIAN_POINT('Ctrl Pts',(-0.00527692826802042,0.0124672357126981,
0.0276470588235294));
#5238=CARTESIAN_POINT('Ctrl Pts',(0.00124913073473592,0.0134802674554085,
0.0282352941176471));
#5239=CARTESIAN_POINT('Ctrl Pts',(0.00747792708713941,0.0112853243081993,
0.0288235294117647));
#5240=CARTESIAN_POINT('Ctrl Pts',(0.0119271591687637,0.00640474920857821,
0.0294117647058824));
#5241=CARTESIAN_POINT('Ctrl Pts',(0.0135380182545972,1.58913623278993E-17,
0.03));
#5242=CARTESIAN_POINT('Ctrl Pts',(0.0119271591687637,-0.00640474920857819,
0.0305882352941177));
#5243=CARTESIAN_POINT('Ctrl Pts',(0.00747792708713943,-0.0112853243081992,
0.0311764705882353));
#5244=CARTESIAN_POINT('Ctrl Pts',(0.00124913073473594,-0.0134802674554085,
0.031764705882353));
#5245=CARTESIAN_POINT('Ctrl Pts',(-0.00527692826802039,-0.0124672357126981,
0.0323529411764706));
#5246=CARTESIAN_POINT('Ctrl Pts',(-0.0105472070397306,-0.00848730592843596,
0.0329411764705883));
#5247=CARTESIAN_POINT('Ctrl Pts',(-0.0133075077672986,-0.00248760432647418,
0.0335294117647059));
#5248=CARTESIAN_POINT('Ctrl Pts',(-0.0129009461973552,0.00410408643607232,
0.0341176470588235));
#5249=CARTESIAN_POINT('Ctrl Pts',(-0.00942427406809088,0.00971910471963936,
0.0347058823529411));
#5250=CARTESIAN_POINT('Ctrl Pts',(-0.00370485455520353,0.0130212131150133,
0.0352941176470588));
#5251=CARTESIAN_POINT('Ctrl Pts',(0.00289622998571179,0.013224590357802,
0.0358823529411764));
#5252=CARTESIAN_POINT('Ctrl Pts',(0.00880808242493999,0.0102808376243023,
0.0364705882352941));
#5253=CARTESIAN_POINT('Ctrl Pts',(0.0126238260635811,0.00489049627116281,
0.0370588235294117));
#5254=CARTESIAN_POINT('Ctrl Pts',(0.0134354069761753,-0.00166366392229512,
0.0376470588235294));
#5255=CARTESIAN_POINT('Ctrl Pts',(0.0110496886988244,-0.00782191267663346,
0.0382352941176471));
#5256=CARTESIAN_POINT('Ctrl Pts',(0.00603441399727691,-0.0121187369792101,
0.0388235294117647));
#5257=CARTESIAN_POINT('Ctrl Pts',(-0.000416904064884772,-0.013531597439419,
0.0394117647058824));
#5258=CARTESIAN_POINT('Ctrl Pts',(-0.00676900912729862,-0.0117242677253786,
0.0399999999999999));
#5259=CARTESIAN_POINT('Ctrl Pts',(-0.0115102551038788,-0.0071268482308408,
0.0405882352941177));
#5260=CARTESIAN_POINT('Ctrl Pts',(-0.0135123410844165,-0.000833412671010701,
0.0411764705882353));
#5261=CARTESIAN_POINT('Ctrl Pts',(-0.0122988194335599,0.00565835477877469,
0.041764705882353));
#5262=CARTESIAN_POINT('Ctrl Pts',(-0.00815847870815569,0.0108035717904035,
0.0423529411764705));
#5263=CARTESIAN_POINT('Ctrl Pts',(-0.00207661902384902,0.0133778021995975,
0.0429411764705883));
#5264=CARTESIAN_POINT('Ctrl Pts',(0.00449942534235544,0.0127684419507789,
0.0435294117647058));
#5265=CARTESIAN_POINT('Ctrl Pts',(0.0100047162116496,0.00912050392172479,
0.0441176470588236));
#5266=CARTESIAN_POINT('Ctrl Pts',(0.0131291286232817,0.00330210839538392,
0.0447058823529411));
#5267=CARTESIAN_POINT('Ctrl Pts',(0.0131291286233199,-0.00330210839539396,
0.0452941176470589));
#5268=CARTESIAN_POINT('Ctrl Pts',(0.010004716211592,-0.00912050392168925,
0.0458823529411764));
#5269=CARTESIAN_POINT('Ctrl Pts',(0.00449942534246205,-0.0127684419508579,
0.0464705882352942));
#5270=CARTESIAN_POINT('Ctrl Pts',(-0.00207661902405884,-0.0133778021994347,
0.0470588235294117));
#5271=CARTESIAN_POINT('Ctrl Pts',(-0.00815847870773535,-0.0108035717907332,
0.0476470588235294));
#5272=CARTESIAN_POINT('Ctrl Pts',(-0.0122988194344052,-0.00565835477810982,
0.048235294117647));
#5273=CARTESIAN_POINT('Ctrl Pts',(-0.0135123410827146,0.000833412669671069,
0.0488235294117647));
#5274=CARTESIAN_POINT('Ctrl Pts',(-0.0115102551073062,0.00712684823353892,
0.0494117647058823));
#5275=CARTESIAN_POINT('Ctrl Pts',(-0.00676900912039592,0.0117242677199443,
0.05));
#5276=CARTESIAN_POINT('Ctrl Pts',(-0.000416904078787015,0.0135315974503637,
0.0505882352941176));
#5277=CARTESIAN_POINT('Ctrl Pts',(0.00603441402527598,0.0121187369571672,
0.0511764705882353));
#5278=CARTESIAN_POINT('Ctrl Pts',(0.0110496886424339,0.00782191272102821,
0.0517647058823529));
#5279=CARTESIAN_POINT('Ctrl Pts',(0.0134354070897465,0.00166366383288361,
0.0523529411764706));
#5280=CARTESIAN_POINT('Ctrl Pts',(0.0126238258348474,-0.00489049609108688,
0.0529411764705882));
#5281=CARTESIAN_POINT('Ctrl Pts',(0.00880808288561249,-0.0102808379869773,
0.0535294117647059));
#5282=CARTESIAN_POINT('Ctrl Pts',(0.00289622905791194,-0.0132245896273701,
0.0541176470588235));
#5283=CARTESIAN_POINT('Ctrl Pts',(-0.00370485268660325,-0.013021214586112,
0.0547058823529411));
#5284=CARTESIAN_POINT('Ctrl Pts',(-0.00942427783147443,-0.0097191017568288,
0.0552941176470588));
#5285=CARTESIAN_POINT('Ctrl Pts',(-0.012900938617851,-0.00410409240321013,
0.0558823529411765));
#5286=CARTESIAN_POINT('Ctrl Pts',(-0.0133075230325726,0.00248761634438259,
0.0564705882352941));
#5287=CARTESIAN_POINT('Ctrl Pts',(-0.0105471762944233,0.00848728172392304,
0.0570588235294118));
#5288=CARTESIAN_POINT('Ctrl Pts',(-0.00527699020189937,0.0124672844651569,
0.0576470588235294));
#5289=CARTESIAN_POINT('Ctrl Pts',(0.00124925563788111,0.0134801692074682,
0.0582352941176471));
#5290=CARTESIAN_POINT('Ctrl Pts',(0.00747767283924694,0.0112855230544573,
0.0588235294117647));
#5291=CARTESIAN_POINT('Ctrl Pts',(0.0119276980494047,0.00640433745078134,
0.0594117647058824));
#5292=CARTESIAN_POINT('Ctrl Pts',(0.013,0.00213546167302838,0.0598039215686275));
#5293=CARTESIAN_POINT('Ctrl Pts',(0.013,2.54726534222649E-17,0.06));
#5294=CARTESIAN_POINT('Ctrl Pts',(0.013,0.,-1.22464679914735E-19));
#5295=CARTESIAN_POINT('Ctrl Pts',(0.013,-0.00213546167302836,0.000196078431372549));
#5296=CARTESIAN_POINT('Ctrl Pts',(0.0119276980494047,-0.00640433745078132,
0.000588235294117647));
#5297=CARTESIAN_POINT('Ctrl Pts',(0.00747767283924694,-0.0112855230544573,
0.00117647058823529));
#5298=CARTESIAN_POINT('Ctrl Pts',(0.0012492556378811,-0.0134801692074681,
0.00176470588235294));
#5299=CARTESIAN_POINT('Ctrl Pts',(-0.00527699020189935,-0.012467284465157,
0.00235294117647059));
#5300=CARTESIAN_POINT('Ctrl Pts',(-0.0105471762944233,-0.00848728172392307,
0.00294117647058824));
#5301=CARTESIAN_POINT('Ctrl Pts',(-0.0133075230325726,-0.00248761634438263,
0.00352941176470588));
#5302=CARTESIAN_POINT('Ctrl Pts',(-0.012900938617851,0.00410409240321009,
0.00411764705882353));
#5303=CARTESIAN_POINT('Ctrl Pts',(-0.00942427783147447,0.00971910175682874,
0.00470588235294117));
#5304=CARTESIAN_POINT('Ctrl Pts',(-0.0037048526866033,0.013021214586112,
0.00529411764705882));
#5305=CARTESIAN_POINT('Ctrl Pts',(0.00289622905791191,0.0132245896273701,
0.00588235294117647));
#5306=CARTESIAN_POINT('Ctrl Pts',(0.00880808288561249,0.0102808379869773,
0.00647058823529412));
#5307=CARTESIAN_POINT('Ctrl Pts',(0.0126238258348474,0.00489049609108686,
0.00705882352941177));
#5308=CARTESIAN_POINT('Ctrl Pts',(0.0134354070897465,-0.0016636638328836,
0.00764705882352941));
#5309=CARTESIAN_POINT('Ctrl Pts',(0.0110496886424339,-0.00782191272102819,
0.00823529411764706));
#5310=CARTESIAN_POINT('Ctrl Pts',(0.006034414025276,-0.0121187369571672,
0.0088235294117647));
#5311=CARTESIAN_POINT('Ctrl Pts',(-0.000416904078786964,-0.0135315974503637,
0.00941176470588236));
#5312=CARTESIAN_POINT('Ctrl Pts',(-0.00676900912039588,-0.0117242677199443,
0.00999999999999999));
#5313=CARTESIAN_POINT('Ctrl Pts',(-0.0115102551073062,-0.00712684823353899,
0.0105882352941177));
#5314=CARTESIAN_POINT('Ctrl Pts',(-0.0135123410827146,-0.000833412669671114,
0.0111764705882353));
#5315=CARTESIAN_POINT('Ctrl Pts',(-0.0122988194344052,0.00565835477810978,
0.0117647058823529));
#5316=CARTESIAN_POINT('Ctrl Pts',(-0.00815847870773538,0.0108035717907332,
0.0123529411764706));
#5317=CARTESIAN_POINT('Ctrl Pts',(-0.00207661902405883,0.0133778021994347,
0.0129411764705882));
#5318=CARTESIAN_POINT('Ctrl Pts',(0.00449942534246204,0.0127684419508579,
0.0135294117647059));
#5319=CARTESIAN_POINT('Ctrl Pts',(0.010004716211592,0.00912050392168925,
0.0141176470588235));
#5320=CARTESIAN_POINT('Ctrl Pts',(0.0131291286233199,0.003302108395394,
0.0147058823529412));
#5321=CARTESIAN_POINT('Ctrl Pts',(0.0131291286232817,-0.00330210839538388,
0.0152941176470588));
#5322=CARTESIAN_POINT('Ctrl Pts',(0.0100047162116497,-0.00912050392172473,
0.0158823529411765));
#5323=CARTESIAN_POINT('Ctrl Pts',(0.00449942534235552,-0.0127684419507789,
0.0164705882352941));
#5324=CARTESIAN_POINT('Ctrl Pts',(-0.00207661902384895,-0.0133778021995975,
0.0170588235294118));
#5325=CARTESIAN_POINT('Ctrl Pts',(-0.00815847870815565,-0.0108035717904035,
0.0176470588235294));
#5326=CARTESIAN_POINT('Ctrl Pts',(-0.0122988194335599,-0.00565835477877472,
0.0182352941176471));
#5327=CARTESIAN_POINT('Ctrl Pts',(-0.0135123410844165,0.000833412671010704,
0.0188235294117647));
#5328=CARTESIAN_POINT('Ctrl Pts',(-0.0115102551038788,0.00712684823084078,
0.0194117647058823));
#5329=CARTESIAN_POINT('Ctrl Pts',(-0.00676900912729864,0.0117242677253786,
0.02));
#5330=CARTESIAN_POINT('Ctrl Pts',(-0.000416904064884822,0.013531597439419,
0.0205882352941176));
#5331=CARTESIAN_POINT('Ctrl Pts',(0.0060344139972769,0.0121187369792101,
0.0211764705882353));
#5332=CARTESIAN_POINT('Ctrl Pts',(0.0110496886988244,0.00782191267663348,
0.0217647058823529));
#5333=CARTESIAN_POINT('Ctrl Pts',(0.0134354069761753,0.00166366392229515,
0.0223529411764706));
#5334=CARTESIAN_POINT('Ctrl Pts',(0.0126238260635811,-0.00489049627116278,
0.0229411764705882));
#5335=CARTESIAN_POINT('Ctrl Pts',(0.00880808242494002,-0.0102808376243023,
0.0235294117647059));
#5336=CARTESIAN_POINT('Ctrl Pts',(0.00289622998571183,-0.013224590357802,
0.0241176470588235));
#5337=CARTESIAN_POINT('Ctrl Pts',(-0.00370485455520346,-0.0130212131150133,
0.0247058823529412));
#5338=CARTESIAN_POINT('Ctrl Pts',(-0.00942427406809086,-0.0097191047196394,
0.0252941176470588));
#5339=CARTESIAN_POINT('Ctrl Pts',(-0.0129009461973552,-0.00410408643607236,
0.0258823529411765));
#5340=CARTESIAN_POINT('Ctrl Pts',(-0.0133075077672986,0.00248760432647416,
0.0264705882352941));
#5341=CARTESIAN_POINT('Ctrl Pts',(-0.0105472070397306,0.00848730592843593,
0.0270588235294118));
#5342=CARTESIAN_POINT('Ctrl Pts',(-0.00527692826802042,0.0124672357126981,
0.0276470588235294));
#5343=CARTESIAN_POINT('Ctrl Pts',(0.00124913073473592,0.0134802674554085,
0.0282352941176471));
#5344=CARTESIAN_POINT('Ctrl Pts',(0.00747792708713941,0.0112853243081993,
0.0288235294117647));
#5345=CARTESIAN_POINT('Ctrl Pts',(0.0119271591687637,0.00640474920857821,
0.0294117647058824));
#5346=CARTESIAN_POINT('Ctrl Pts',(0.0135380182545972,1.58913623278993E-17,
0.03));
#5347=CARTESIAN_POINT('Ctrl Pts',(0.0119271591687637,-0.00640474920857819,
0.0305882352941177));
#5348=CARTESIAN_POINT('Ctrl Pts',(0.00747792708713943,-0.0112853243081992,
0.0311764705882353));
#5349=CARTESIAN_POINT('Ctrl Pts',(0.00124913073473594,-0.0134802674554085,
0.031764705882353));
#5350=CARTESIAN_POINT('Ctrl Pts',(-0.00527692826802039,-0.0124672357126981,
0.0323529411764706));
#5351=CARTESIAN_POINT('Ctrl Pts',(-0.0105472070397306,-0.00848730592843596,
0.0329411764705883));
#5352=CARTESIAN_POINT('Ctrl Pts',(-0.0133075077672986,-0.00248760432647418,
0.0335294117647059));
#5353=CARTESIAN_POINT('Ctrl Pts',(-0.0129009461973552,0.00410408643607232,
0.0341176470588235));
#5354=CARTESIAN_POINT('Ctrl Pts',(-0.00942427406809088,0.00971910471963936,
0.0347058823529411));
#5355=CARTESIAN_POINT('Ctrl Pts',(-0.00370485455520353,0.0130212131150133,
0.0352941176470588));
#5356=CARTESIAN_POINT('Ctrl Pts',(0.00289622998571179,0.013224590357802,
0.0358823529411764));
#5357=CARTESIAN_POINT('Ctrl Pts',(0.00880808242493999,0.0102808376243023,
0.0364705882352941));
#5358=CARTESIAN_POINT('Ctrl Pts',(0.0126238260635811,0.00489049627116281,
0.0370588235294117));
#5359=CARTESIAN_POINT('Ctrl Pts',(0.0134354069761753,-0.00166366392229512,
0.0376470588235294));
#5360=CARTESIAN_POINT('Ctrl Pts',(0.0110496886988244,-0.00782191267663346,
0.0382352941176471));
#5361=CARTESIAN_POINT('Ctrl Pts',(0.00603441399727691,-0.0121187369792101,
0.0388235294117647));
#5362=CARTESIAN_POINT('Ctrl Pts',(-0.000416904064884772,-0.013531597439419,
0.0394117647058824));
#5363=CARTESIAN_POINT('Ctrl Pts',(-0.00676900912729862,-0.0117242677253786,
0.0399999999999999));
#5364=CARTESIAN_POINT('Ctrl Pts',(-0.0115102551038788,-0.0071268482308408,
0.0405882352941177));
#5365=CARTESIAN_POINT('Ctrl Pts',(-0.0135123410844165,-0.000833412671010701,
0.0411764705882353));
#5366=CARTESIAN_POINT('Ctrl Pts',(-0.0122988194335599,0.00565835477877469,
0.041764705882353));
#5367=CARTESIAN_POINT('Ctrl Pts',(-0.00815847870815569,0.0108035717904035,
0.0423529411764705));
#5368=CARTESIAN_POINT('Ctrl Pts',(-0.00207661902384902,0.0133778021995975,
0.0429411764705883));
#5369=CARTESIAN_POINT('Ctrl Pts',(0.00449942534235544,0.0127684419507789,
0.0435294117647058));
#5370=CARTESIAN_POINT('Ctrl Pts',(0.0100047162116496,0.00912050392172479,
0.0441176470588236));
#5371=CARTESIAN_POINT('Ctrl Pts',(0.0131291286232817,0.00330210839538392,
0.0447058823529411));
#5372=CARTESIAN_POINT('Ctrl Pts',(0.0131291286233199,-0.00330210839539396,
0.0452941176470589));
#5373=CARTESIAN_POINT('Ctrl Pts',(0.010004716211592,-0.00912050392168925,
0.0458823529411764));
#5374=CARTESIAN_POINT('Ctrl Pts',(0.00449942534246205,-0.0127684419508579,
0.0464705882352942));
#5375=CARTESIAN_POINT('Ctrl Pts',(-0.00207661902405884,-0.0133778021994347,
0.0470588235294117));
#5376=CARTESIAN_POINT('Ctrl Pts',(-0.00815847870773535,-0.0108035717907332,
0.0476470588235294));
#5377=CARTESIAN_POINT('Ctrl Pts',(-0.0122988194344052,-0.00565835477810982,
0.048235294117647));
#5378=CARTESIAN_POINT('Ctrl Pts',(-0.0135123410827146,0.000833412669671069,
0.0488235294117647));
#5379=CARTESIAN_POINT('Ctrl Pts',(-0.0115102551073062,0.00712684823353892,
0.0494117647058823));
#5380=CARTESIAN_POINT('Ctrl Pts',(-0.00676900912039592,0.0117242677199443,
0.05));
#5381=CARTESIAN_POINT('Ctrl Pts',(-0.000416904078787015,0.0135315974503637,
0.0505882352941176));
#5382=CARTESIAN_POINT('Ctrl Pts',(0.00603441402527598,0.0121187369571672,
0.0511764705882353));
#5383=CARTESIAN_POINT('Ctrl Pts',(0.0110496886424339,0.00782191272102821,
0.0517647058823529));
#5384=CARTESIAN_POINT('Ctrl Pts',(0.0134354070897465,0.00166366383288361,
0.0523529411764706));
#5385=CARTESIAN_POINT('Ctrl Pts',(0.0126238258348474,-0.00489049609108688,
0.0529411764705882));
#5386=CARTESIAN_POINT('Ctrl Pts',(0.00880808288561249,-0.0102808379869773,
0.0535294117647059));
#5387=CARTESIAN_POINT('Ctrl Pts',(0.00289622905791194,-0.0132245896273701,
0.0541176470588235));
#5388=CARTESIAN_POINT('Ctrl Pts',(-0.00370485268660325,-0.013021214586112,
0.0547058823529411));
#5389=CARTESIAN_POINT('Ctrl Pts',(-0.00942427783147443,-0.0097191017568288,
0.0552941176470588));
#5390=CARTESIAN_POINT('Ctrl Pts',(-0.012900938617851,-0.00410409240321013,
0.0558823529411765));
#5391=CARTESIAN_POINT('Ctrl Pts',(-0.0133075230325726,0.00248761634438259,
0.0564705882352941));
#5392=CARTESIAN_POINT('Ctrl Pts',(-0.0105471762944233,0.00848728172392304,
0.0570588235294118));
#5393=CARTESIAN_POINT('Ctrl Pts',(-0.00527699020189937,0.0124672844651569,
0.0576470588235294));
#5394=CARTESIAN_POINT('Ctrl Pts',(0.00124925563788111,0.0134801692074682,
0.0582352941176471));
#5395=CARTESIAN_POINT('Ctrl Pts',(0.00747767283924694,0.0112855230544573,
0.0588235294117647));
#5396=CARTESIAN_POINT('Ctrl Pts',(0.0119276980494047,0.00640433745078134,
0.0594117647058824));
#5397=CARTESIAN_POINT('Ctrl Pts',(0.013,0.00213546167302838,0.0598039215686275));
#5398=CARTESIAN_POINT('Ctrl Pts',(0.013,2.54726534222649E-17,0.06));
#5399=CARTESIAN_POINT('',(0.,0.,0.));
#5400=UNCERTAINTY_MEASURE_WITH_UNIT(LENGTH_MEASURE(1.E-5),#5406,
'DISTANCE_ACCURACY_VALUE',
'Maximum model space distance between geometric entities at asserted c
onnectivities');
#5401=UNCERTAINTY_MEASURE_WITH_UNIT(LENGTH_MEASURE(1.E-5),#5406,
'DISTANCE_ACCURACY_VALUE',
'Maximum model space distance between geometric entities at asserted c
onnectivities');
#5402=UNCERTAINTY_MEASURE_WITH_UNIT(LENGTH_MEASURE(1.E-5),#5406,
'DISTANCE_ACCURACY_VALUE',
'Maximum model space distance between geometric entities at asserted c
onnectivities');
#5403=(
GEOMETRIC_REPRESENTATION_CONTEXT(3)
GLOBAL_UNCERTAINTY_ASSIGNED_CONTEXT((#5400))
GLOBAL_UNIT_ASSIGNED_CONTEXT((#5406,#5407,#5408))
REPRESENTATION_CONTEXT('','3D')
);
#5404=(
GEOMETRIC_REPRESENTATION_CONTEXT(3)
GLOBAL_UNCERTAINTY_ASSIGNED_CONTEXT((#5401))
GLOBAL_UNIT_ASSIGNED_CONTEXT((#5406,#5407,#5408))
REPRESENTATION_CONTEXT('','3D')
);
#5405=(
GEOMETRIC_REPRESENTATION_CONTEXT(3)
GLOBAL_UNCERTAINTY_ASSIGNED_CONTEXT((#5402))
GLOBAL_UNIT_ASSIGNED_CONTEXT((#5406,#5407,#5408))
REPRESENTATION_CONTEXT('','3D')
);
#5406=(
LENGTH_UNIT()
NAMED_UNIT(*)
SI_UNIT($,.METRE.)
);
#5407=(
NAMED_UNIT(*)
PLANE_ANGLE_UNIT()
SI_UNIT($,.RADIAN.)
);
#5408=(
NAMED_UNIT(*)
SI_UNIT($,.STERADIAN.)
SOLID_ANGLE_UNIT()
);
#5409=SHAPE_DEFINITION_REPRESENTATION(#5411,#5414);
#5410=SHAPE_DEFINITION_REPRESENTATION(#5412,#5415);
#5411=PRODUCT_DEFINITION_SHAPE('',$,#5417);
#5412=PRODUCT_DEFINITION_SHAPE('',$,#5418);
#5413=PRODUCT_DEFINITION_SHAPE($,$,#14);
#5414=SHAPE_REPRESENTATION('',(#191,#212,#22,#23),#5403);
#5415=SHAPE_REPRESENTATION('',(#192),#5404);
#5416=PRODUCT_DEFINITION_CONTEXT('part definition',#5424,'design');
#5417=PRODUCT_DEFINITION('candido_probe','candido_probe v15',#5419,#5416);
#5418=PRODUCT_DEFINITION('vacuum','vacuum',#5420,#5416);
#5419=PRODUCT_DEFINITION_FORMATION('',$,#5426);
#5420=PRODUCT_DEFINITION_FORMATION('',$,#5427);
#5421=PRODUCT_RELATED_PRODUCT_CATEGORY('candido_probe v15',
'candido_probe v15',(#5426));
#5422=PRODUCT_RELATED_PRODUCT_CATEGORY('vacuum','vacuum',(#5427));
#5423=APPLICATION_PROTOCOL_DEFINITION('international standard',
'automotive_design',2009,#5424);
#5424=APPLICATION_CONTEXT(
'Core Data for Automotive Mechanical Design Process');
#5425=PRODUCT_CONTEXT('part definition',#5424,'mechanical');
#5426=PRODUCT('candido_probe','candido_probe v15',$,(#5425));
#5427=PRODUCT('vacuum','vacuum',$,(#5425));
#5428=PRESENTATION_STYLE_ASSIGNMENT((#5430));
#5429=PRESENTATION_STYLE_ASSIGNMENT((#5431));
#5430=SURFACE_STYLE_USAGE(.BOTH.,#5432);
#5431=SURFACE_STYLE_USAGE(.BOTH.,#5433);
#5432=SURFACE_SIDE_STYLE('',(#5434));
#5433=SURFACE_SIDE_STYLE('',(#5435));
#5434=SURFACE_STYLE_FILL_AREA(#5436);
#5435=SURFACE_STYLE_FILL_AREA(#5437);
#5436=FILL_AREA_STYLE('Steel - Satin',(#5438));
#5437=FILL_AREA_STYLE('Steel - Satin',(#5439));
#5438=FILL_AREA_STYLE_COLOUR('Steel - Satin',#5440);
#5439=FILL_AREA_STYLE_COLOUR('Steel - Satin',#5441);
#5440=COLOUR_RGB('Steel - Satin',0.627450980392157,0.627450980392157,0.627450980392157);
#5441=COLOUR_RGB('Steel - Satin',0.627450980392157,0.627450980392157,0.627450980392157);
ENDSEC;
END-ISO-10303-21;
