ISO-10303-21;
HEADER;
/* Generated by software containing ST-Developer
 * from STEP Tools, Inc. (www.steptools.com) 
 */

FILE_DESCRIPTION(
/* description */ (''),
/* implementation_level */ '2;1');

FILE_NAME(
/* name */ 'probe_out_two_volumes.step',
/* time_stamp */ '2025-11-29T17:34:55-05:00',
/* author */ (''),
/* organization */ (''),
/* preprocessor_version */ 'ST-DEVELOPER v20.1',
/* originating_system */ 'Autodesk Translation Framework v14.21.0.0',
/* authorisation */ '');

FILE_SCHEMA (('AUTOMOTIVE_DESIGN { 1 0 10303 214 3 1 1 }'));
ENDSEC;

DATA;
#10=MECHANICAL_DESIGN_GEOMETRIC_PRESENTATION_REPRESENTATION('',(#18,#19,
#20,#21),#4238);
#11=SHAPE_REPRESENTATION_RELATIONSHIP('SRR','None',#4244,#12);
#12=ADVANCED_BREP_SHAPE_REPRESENTATION('',(#254,#255),#4237);
#13=FACE_BOUND('',#93,.T.);
#14=OPEN_SHELL('',(#238));
#15=OPEN_SHELL('',(#239));
#16=SHELL_BASED_SURFACE_MODEL('vacuum cap 1',(#14));
#17=SHELL_BASED_SURFACE_MODEL('vacuum cap 2',(#15));
#18=STYLED_ITEM('',(#4253),#254);
#19=STYLED_ITEM('',(#4253),#16);
#20=STYLED_ITEM('',(#4253),#17);
#21=STYLED_ITEM('',(#4253),#255);
#22=LINE('',#2897,#28);
#23=LINE('',#2902,#29);
#24=LINE('',#2983,#30);
#25=LINE('',#3058,#31);
#26=LINE('',#4229,#32);
#27=LINE('',#4234,#33);
#28=VECTOR('',#309,0.001);
#29=VECTOR('',#316,0.001);
#30=VECTOR('',#325,0.03);
#31=VECTOR('',#332,0.069);
#32=VECTOR('',#353,0.001);
#33=VECTOR('',#360,0.001);
#34=CYLINDRICAL_SURFACE('',#265,0.001);
#35=CYLINDRICAL_SURFACE('',#268,0.001);
#36=CYLINDRICAL_SURFACE('',#271,0.03);
#37=CYLINDRICAL_SURFACE('',#274,0.069);
#38=CYLINDRICAL_SURFACE('',#285,0.001);
#39=CYLINDRICAL_SURFACE('',#288,0.001);
#40=CIRCLE('',#259,0.001);
#41=CIRCLE('',#260,0.001);
#42=CIRCLE('',#261,0.001);
#43=CIRCLE('',#262,0.001);
#44=CIRCLE('',#264,0.001);
#45=CIRCLE('',#267,0.001);
#46=CIRCLE('',#272,0.03);
#47=CIRCLE('',#275,0.069);
#48=CIRCLE('',#276,0.069);
#49=CIRCLE('',#279,0.001);
#50=CIRCLE('',#280,0.001);
#51=CIRCLE('',#281,0.001);
#52=CIRCLE('',#282,0.001);
#53=CIRCLE('',#284,0.001);
#54=CIRCLE('',#287,0.001);
#55=ORIENTED_CLOSED_SHELL('',*,#250,.F.);
#56=ORIENTED_CLOSED_SHELL('',*,#253,.F.);
#57=B_SPLINE_SURFACE_WITH_KNOTS('',3,3,((#509,#510,#511,#512,#513,#514,
#515,#516,#517,#518,#519,#520,#521,#522,#523,#524,#525,#526,#527,#528,#529,
#530,#531,#532,#533,#534,#535,#536,#537,#538,#539,#540,#541,#542,#543,#544,
#545,#546,#547,#548,#549,#550,#551,#552,#553,#554,#555,#556,#557,#558,#559,
#560,#561,#562,#563,#564,#565,#566,#567,#568,#569,#570,#571,#572,#573,#574,
#575,#576,#577,#578,#579,#580,#581,#582,#583,#584,#585,#586,#587,#588,#589,
#590,#591,#592,#593,#594,#595,#596,#597,#598,#599,#600,#601,#602,#603,#604,
#605,#606,#607,#608,#609,#610,#611,#612,#613,#614,#615,#616,#617,#618,#619),
(#620,#621,#622,#623,#624,#625,#626,#627,#628,#629,#630,#631,#632,#633,
#634,#635,#636,#637,#638,#639,#640,#641,#642,#643,#644,#645,#646,#647,#648,
#649,#650,#651,#652,#653,#654,#655,#656,#657,#658,#659,#660,#661,#662,#663,
#664,#665,#666,#667,#668,#669,#670,#671,#672,#673,#674,#675,#676,#677,#678,
#679,#680,#681,#682,#683,#684,#685,#686,#687,#688,#689,#690,#691,#692,#693,
#694,#695,#696,#697,#698,#699,#700,#701,#702,#703,#704,#705,#706,#707,#708,
#709,#710,#711,#712,#713,#714,#715,#716,#717,#718,#719,#720,#721,#722,#723,
#724,#725,#726,#727,#728,#729,#730),(#731,#732,#733,#734,#735,#736,#737,
#738,#739,#740,#741,#742,#743,#744,#745,#746,#747,#748,#749,#750,#751,#752,
#753,#754,#755,#756,#757,#758,#759,#760,#761,#762,#763,#764,#765,#766,#767,
#768,#769,#770,#771,#772,#773,#774,#775,#776,#777,#778,#779,#780,#781,#782,
#783,#784,#785,#786,#787,#788,#789,#790,#791,#792,#793,#794,#795,#796,#797,
#798,#799,#800,#801,#802,#803,#804,#805,#806,#807,#808,#809,#810,#811,#812,
#813,#814,#815,#816,#817,#818,#819,#820,#821,#822,#823,#824,#825,#826,#827,
#828,#829,#830,#831,#832,#833,#834,#835,#836,#837,#838,#839,#840,#841),
(#842,#843,#844,#845,#846,#847,#848,#849,#850,#851,#852,#853,#854,#855,
#856,#857,#858,#859,#860,#861,#862,#863,#864,#865,#866,#867,#868,#869,#870,
#871,#872,#873,#874,#875,#876,#877,#878,#879,#880,#881,#882,#883,#884,#885,
#886,#887,#888,#889,#890,#891,#892,#893,#894,#895,#896,#897,#898,#899,#900,
#901,#902,#903,#904,#905,#906,#907,#908,#909,#910,#911,#912,#913,#914,#915,
#916,#917,#918,#919,#920,#921,#922,#923,#924,#925,#926,#927,#928,#929,#930,
#931,#932,#933,#934,#935,#936,#937,#938,#939,#940,#941,#942,#943,#944,#945,
#946,#947,#948,#949,#950,#951,#952),(#953,#954,#955,#956,#957,#958,#959,
#960,#961,#962,#963,#964,#965,#966,#967,#968,#969,#970,#971,#972,#973,#974,
#975,#976,#977,#978,#979,#980,#981,#982,#983,#984,#985,#986,#987,#988,#989,
#990,#991,#992,#993,#994,#995,#996,#997,#998,#999,#1000,#1001,#1002,#1003,
#1004,#1005,#1006,#1007,#1008,#1009,#1010,#1011,#1012,#1013,#1014,#1015,
#1016,#1017,#1018,#1019,#1020,#1021,#1022,#1023,#1024,#1025,#1026,#1027,
#1028,#1029,#1030,#1031,#1032,#1033,#1034,#1035,#1036,#1037,#1038,#1039,
#1040,#1041,#1042,#1043,#1044,#1045,#1046,#1047,#1048,#1049,#1050,#1051,
#1052,#1053,#1054,#1055,#1056,#1057,#1058,#1059,#1060,#1061,#1062,#1063),
(#1064,#1065,#1066,#1067,#1068,#1069,#1070,#1071,#1072,#1073,#1074,#1075,
#1076,#1077,#1078,#1079,#1080,#1081,#1082,#1083,#1084,#1085,#1086,#1087,
#1088,#1089,#1090,#1091,#1092,#1093,#1094,#1095,#1096,#1097,#1098,#1099,
#1100,#1101,#1102,#1103,#1104,#1105,#1106,#1107,#1108,#1109,#1110,#1111,
#1112,#1113,#1114,#1115,#1116,#1117,#1118,#1119,#1120,#1121,#1122,#1123,
#1124,#1125,#1126,#1127,#1128,#1129,#1130,#1131,#1132,#1133,#1134,#1135,
#1136,#1137,#1138,#1139,#1140,#1141,#1142,#1143,#1144,#1145,#1146,#1147,
#1148,#1149,#1150,#1151,#1152,#1153,#1154,#1155,#1156,#1157,#1158,#1159,
#1160,#1161,#1162,#1163,#1164,#1165,#1166,#1167,#1168,#1169,#1170,#1171,
#1172,#1173,#1174),(#1175,#1176,#1177,#1178,#1179,#1180,#1181,#1182,#1183,
#1184,#1185,#1186,#1187,#1188,#1189,#1190,#1191,#1192,#1193,#1194,#1195,
#1196,#1197,#1198,#1199,#1200,#1201,#1202,#1203,#1204,#1205,#1206,#1207,
#1208,#1209,#1210,#1211,#1212,#1213,#1214,#1215,#1216,#1217,#1218,#1219,
#1220,#1221,#1222,#1223,#1224,#1225,#1226,#1227,#1228,#1229,#1230,#1231,
#1232,#1233,#1234,#1235,#1236,#1237,#1238,#1239,#1240,#1241,#1242,#1243,
#1244,#1245,#1246,#1247,#1248,#1249,#1250,#1251,#1252,#1253,#1254,#1255,
#1256,#1257,#1258,#1259,#1260,#1261,#1262,#1263,#1264,#1265,#1266,#1267,
#1268,#1269,#1270,#1271,#1272,#1273,#1274,#1275,#1276,#1277,#1278,#1279,
#1280,#1281,#1282,#1283,#1284,#1285),(#1286,#1287,#1288,#1289,#1290,#1291,
#1292,#1293,#1294,#1295,#1296,#1297,#1298,#1299,#1300,#1301,#1302,#1303,
#1304,#1305,#1306,#1307,#1308,#1309,#1310,#1311,#1312,#1313,#1314,#1315,
#1316,#1317,#1318,#1319,#1320,#1321,#1322,#1323,#1324,#1325,#1326,#1327,
#1328,#1329,#1330,#1331,#1332,#1333,#1334,#1335,#1336,#1337,#1338,#1339,
#1340,#1341,#1342,#1343,#1344,#1345,#1346,#1347,#1348,#1349,#1350,#1351,
#1352,#1353,#1354,#1355,#1356,#1357,#1358,#1359,#1360,#1361,#1362,#1363,
#1364,#1365,#1366,#1367,#1368,#1369,#1370,#1371,#1372,#1373,#1374,#1375,
#1376,#1377,#1378,#1379,#1380,#1381,#1382,#1383,#1384,#1385,#1386,#1387,
#1388,#1389,#1390,#1391,#1392,#1393,#1394,#1395,#1396),(#1397,#1398,#1399,
#1400,#1401,#1402,#1403,#1404,#1405,#1406,#1407,#1408,#1409,#1410,#1411,
#1412,#1413,#1414,#1415,#1416,#1417,#1418,#1419,#1420,#1421,#1422,#1423,
#1424,#1425,#1426,#1427,#1428,#1429,#1430,#1431,#1432,#1433,#1434,#1435,
#1436,#1437,#1438,#1439,#1440,#1441,#1442,#1443,#1444,#1445,#1446,#1447,
#1448,#1449,#1450,#1451,#1452,#1453,#1454,#1455,#1456,#1457,#1458,#1459,
#1460,#1461,#1462,#1463,#1464,#1465,#1466,#1467,#1468,#1469,#1470,#1471,
#1472,#1473,#1474,#1475,#1476,#1477,#1478,#1479,#1480,#1481,#1482,#1483,
#1484,#1485,#1486,#1487,#1488,#1489,#1490,#1491,#1492,#1493,#1494,#1495,
#1496,#1497,#1498,#1499,#1500,#1501,#1502,#1503,#1504,#1505,#1506,#1507),
(#1508,#1509,#1510,#1511,#1512,#1513,#1514,#1515,#1516,#1517,#1518,#1519,
#1520,#1521,#1522,#1523,#1524,#1525,#1526,#1527,#1528,#1529,#1530,#1531,
#1532,#1533,#1534,#1535,#1536,#1537,#1538,#1539,#1540,#1541,#1542,#1543,
#1544,#1545,#1546,#1547,#1548,#1549,#1550,#1551,#1552,#1553,#1554,#1555,
#1556,#1557,#1558,#1559,#1560,#1561,#1562,#1563,#1564,#1565,#1566,#1567,
#1568,#1569,#1570,#1571,#1572,#1573,#1574,#1575,#1576,#1577,#1578,#1579,
#1580,#1581,#1582,#1583,#1584,#1585,#1586,#1587,#1588,#1589,#1590,#1591,
#1592,#1593,#1594,#1595,#1596,#1597,#1598,#1599,#1600,#1601,#1602,#1603,
#1604,#1605,#1606,#1607,#1608,#1609,#1610,#1611,#1612,#1613,#1614,#1615,
#1616,#1617,#1618)),.UNSPECIFIED.,.T.,.F.,.F.,(4,1,1,1,1,1,1,4),(4,1,1,
1,1,1,1,1,1,1,1,1,1,1,1,1,1,1,1,1,1,1,1,1,1,1,1,1,1,1,1,1,1,1,1,1,1,1,1,
1,1,1,1,1,1,1,1,1,1,1,1,1,1,1,1,1,1,1,1,1,1,1,1,1,1,1,1,1,1,1,1,1,1,1,1,
1,1,1,1,1,1,1,1,1,1,1,1,1,1,1,1,1,1,1,1,1,1,1,1,1,1,1,1,1,1,1,1,1,4),(-3.14159265358979,
-2.24399475256414,-1.34639685153848,-0.448798950512828,0.448798950512828,
1.34639685153848,2.24399475256414,3.14159265358979),(-0.00168109151438544,
0.447147897809112,0.89597688713261,1.34480587645611,1.7936348657796,2.2424638551031,
2.6912928444266,3.1401218337501,3.5889508230736,4.03777981239709,4.48660880172059,
4.93543779104409,5.38426678036759,5.83309576969108,6.28192475901458,6.73075374833808,
7.17958273766158,7.77802139009291,8.37646004252424,8.97489869495557,9.5733373473869,
9.97229644900778,10.3712555506287,10.7702146522496,11.1691737538704,11.5681328554913,
11.9670919571122,12.3660510587331,12.765010160354,13.1639692619749,13.5629283635958,
13.9618874652167,14.3608465668375,14.6600658930532,14.9592852192689,15.5577238717002,
16.1561625241315,16.7546011765629,17.3530398289942,17.9514784814255,18.400307470749,
18.8491364600725,19.297965449396,19.7467944387195,20.195623428043,20.6444524173665,
21.09328140669,21.5421103960135,21.990939385337,22.4397683746605,22.888597363984,
23.3374263533075,23.786255342631,24.2350843319545,24.683913321278,25.1327423106015,
25.5317014122224,25.9306605138433,26.3296196154641,26.9280582678955,27.5264969203268,
28.1249355727581,28.7233742251895,29.1223333268103,29.5212924284312,29.9202515300521,
30.319210631673,30.7181697332939,31.1171288349148,31.5160879365357,31.9150470381566,
32.3140061397774,32.7129652413983,33.1119243430192,33.5108834446401,34.1093220970714,
34.7077607495028,35.3061994019341,35.9046380543654,36.5030767067967,37.1015153592281,
37.6999540116594,38.2983926640907,38.6973517657116,39.0963108673325,39.4952699689534,
39.8942290705743,40.2931881721952,40.6921472738161,41.2905859262474,41.8890245786787,
42.4874632311101,43.0859018835414,43.5347308728649,43.9835598621884,44.4323888515119,
44.8812178408354,45.3300468301589,45.7788758194824,46.2277048088059,46.6765337981294,
47.1253627874529,47.5741917767764,48.0230207660999,48.4718497554233,48.9206787447469,
49.3695077340703,49.8183367233938,50.2671657127173),.UNSPECIFIED.);
#58=B_SPLINE_SURFACE_WITH_KNOTS('',3,3,((#1730,#1731,#1732,#1733,#1734,
#1735,#1736,#1737,#1738,#1739,#1740,#1741,#1742,#1743,#1744,#1745,#1746,
#1747,#1748,#1749,#1750,#1751,#1752,#1753,#1754,#1755,#1756,#1757,#1758,
#1759,#1760,#1761,#1762,#1763,#1764,#1765,#1766,#1767,#1768,#1769,#1770,
#1771,#1772,#1773,#1774,#1775,#1776,#1777,#1778,#1779,#1780,#1781,#1782,
#1783,#1784,#1785,#1786,#1787,#1788,#1789,#1790,#1791,#1792,#1793,#1794,
#1795,#1796,#1797,#1798,#1799,#1800,#1801,#1802,#1803,#1804,#1805,#1806,
#1807,#1808,#1809,#1810,#1811,#1812,#1813,#1814,#1815,#1816,#1817,#1818,
#1819,#1820,#1821,#1822,#1823,#1824,#1825,#1826,#1827,#1828,#1829,#1830,
#1831,#1832,#1833,#1834),(#1835,#1836,#1837,#1838,#1839,#1840,#1841,#1842,
#1843,#1844,#1845,#1846,#1847,#1848,#1849,#1850,#1851,#1852,#1853,#1854,
#1855,#1856,#1857,#1858,#1859,#1860,#1861,#1862,#1863,#1864,#1865,#1866,
#1867,#1868,#1869,#1870,#1871,#1872,#1873,#1874,#1875,#1876,#1877,#1878,
#1879,#1880,#1881,#1882,#1883,#1884,#1885,#1886,#1887,#1888,#1889,#1890,
#1891,#1892,#1893,#1894,#1895,#1896,#1897,#1898,#1899,#1900,#1901,#1902,
#1903,#1904,#1905,#1906,#1907,#1908,#1909,#1910,#1911,#1912,#1913,#1914,
#1915,#1916,#1917,#1918,#1919,#1920,#1921,#1922,#1923,#1924,#1925,#1926,
#1927,#1928,#1929,#1930,#1931,#1932,#1933,#1934,#1935,#1936,#1937,#1938,
#1939),(#1940,#1941,#1942,#1943,#1944,#1945,#1946,#1947,#1948,#1949,#1950,
#1951,#1952,#1953,#1954,#1955,#1956,#1957,#1958,#1959,#1960,#1961,#1962,
#1963,#1964,#1965,#1966,#1967,#1968,#1969,#1970,#1971,#1972,#1973,#1974,
#1975,#1976,#1977,#1978,#1979,#1980,#1981,#1982,#1983,#1984,#1985,#1986,
#1987,#1988,#1989,#1990,#1991,#1992,#1993,#1994,#1995,#1996,#1997,#1998,
#1999,#2000,#2001,#2002,#2003,#2004,#2005,#2006,#2007,#2008,#2009,#2010,
#2011,#2012,#2013,#2014,#2015,#2016,#2017,#2018,#2019,#2020,#2021,#2022,
#2023,#2024,#2025,#2026,#2027,#2028,#2029,#2030,#2031,#2032,#2033,#2034,
#2035,#2036,#2037,#2038,#2039,#2040,#2041,#2042,#2043,#2044),(#2045,#2046,
#2047,#2048,#2049,#2050,#2051,#2052,#2053,#2054,#2055,#2056,#2057,#2058,
#2059,#2060,#2061,#2062,#2063,#2064,#2065,#2066,#2067,#2068,#2069,#2070,
#2071,#2072,#2073,#2074,#2075,#2076,#2077,#2078,#2079,#2080,#2081,#2082,
#2083,#2084,#2085,#2086,#2087,#2088,#2089,#2090,#2091,#2092,#2093,#2094,
#2095,#2096,#2097,#2098,#2099,#2100,#2101,#2102,#2103,#2104,#2105,#2106,
#2107,#2108,#2109,#2110,#2111,#2112,#2113,#2114,#2115,#2116,#2117,#2118,
#2119,#2120,#2121,#2122,#2123,#2124,#2125,#2126,#2127,#2128,#2129,#2130,
#2131,#2132,#2133,#2134,#2135,#2136,#2137,#2138,#2139,#2140,#2141,#2142,
#2143,#2144,#2145,#2146,#2147,#2148,#2149),(#2150,#2151,#2152,#2153,#2154,
#2155,#2156,#2157,#2158,#2159,#2160,#2161,#2162,#2163,#2164,#2165,#2166,
#2167,#2168,#2169,#2170,#2171,#2172,#2173,#2174,#2175,#2176,#2177,#2178,
#2179,#2180,#2181,#2182,#2183,#2184,#2185,#2186,#2187,#2188,#2189,#2190,
#2191,#2192,#2193,#2194,#2195,#2196,#2197,#2198,#2199,#2200,#2201,#2202,
#2203,#2204,#2205,#2206,#2207,#2208,#2209,#2210,#2211,#2212,#2213,#2214,
#2215,#2216,#2217,#2218,#2219,#2220,#2221,#2222,#2223,#2224,#2225,#2226,
#2227,#2228,#2229,#2230,#2231,#2232,#2233,#2234,#2235,#2236,#2237,#2238,
#2239,#2240,#2241,#2242,#2243,#2244,#2245,#2246,#2247,#2248,#2249,#2250,
#2251,#2252,#2253,#2254),(#2255,#2256,#2257,#2258,#2259,#2260,#2261,#2262,
#2263,#2264,#2265,#2266,#2267,#2268,#2269,#2270,#2271,#2272,#2273,#2274,
#2275,#2276,#2277,#2278,#2279,#2280,#2281,#2282,#2283,#2284,#2285,#2286,
#2287,#2288,#2289,#2290,#2291,#2292,#2293,#2294,#2295,#2296,#2297,#2298,
#2299,#2300,#2301,#2302,#2303,#2304,#2305,#2306,#2307,#2308,#2309,#2310,
#2311,#2312,#2313,#2314,#2315,#2316,#2317,#2318,#2319,#2320,#2321,#2322,
#2323,#2324,#2325,#2326,#2327,#2328,#2329,#2330,#2331,#2332,#2333,#2334,
#2335,#2336,#2337,#2338,#2339,#2340,#2341,#2342,#2343,#2344,#2345,#2346,
#2347,#2348,#2349,#2350,#2351,#2352,#2353,#2354,#2355,#2356,#2357,#2358,
#2359),(#2360,#2361,#2362,#2363,#2364,#2365,#2366,#2367,#2368,#2369,#2370,
#2371,#2372,#2373,#2374,#2375,#2376,#2377,#2378,#2379,#2380,#2381,#2382,
#2383,#2384,#2385,#2386,#2387,#2388,#2389,#2390,#2391,#2392,#2393,#2394,
#2395,#2396,#2397,#2398,#2399,#2400,#2401,#2402,#2403,#2404,#2405,#2406,
#2407,#2408,#2409,#2410,#2411,#2412,#2413,#2414,#2415,#2416,#2417,#2418,
#2419,#2420,#2421,#2422,#2423,#2424,#2425,#2426,#2427,#2428,#2429,#2430,
#2431,#2432,#2433,#2434,#2435,#2436,#2437,#2438,#2439,#2440,#2441,#2442,
#2443,#2444,#2445,#2446,#2447,#2448,#2449,#2450,#2451,#2452,#2453,#2454,
#2455,#2456,#2457,#2458,#2459,#2460,#2461,#2462,#2463,#2464),(#2465,#2466,
#2467,#2468,#2469,#2470,#2471,#2472,#2473,#2474,#2475,#2476,#2477,#2478,
#2479,#2480,#2481,#2482,#2483,#2484,#2485,#2486,#2487,#2488,#2489,#2490,
#2491,#2492,#2493,#2494,#2495,#2496,#2497,#2498,#2499,#2500,#2501,#2502,
#2503,#2504,#2505,#2506,#2507,#2508,#2509,#2510,#2511,#2512,#2513,#2514,
#2515,#2516,#2517,#2518,#2519,#2520,#2521,#2522,#2523,#2524,#2525,#2526,
#2527,#2528,#2529,#2530,#2531,#2532,#2533,#2534,#2535,#2536,#2537,#2538,
#2539,#2540,#2541,#2542,#2543,#2544,#2545,#2546,#2547,#2548,#2549,#2550,
#2551,#2552,#2553,#2554,#2555,#2556,#2557,#2558,#2559,#2560,#2561,#2562,
#2563,#2564,#2565,#2566,#2567,#2568,#2569),(#2570,#2571,#2572,#2573,#2574,
#2575,#2576,#2577,#2578,#2579,#2580,#2581,#2582,#2583,#2584,#2585,#2586,
#2587,#2588,#2589,#2590,#2591,#2592,#2593,#2594,#2595,#2596,#2597,#2598,
#2599,#2600,#2601,#2602,#2603,#2604,#2605,#2606,#2607,#2608,#2609,#2610,
#2611,#2612,#2613,#2614,#2615,#2616,#2617,#2618,#2619,#2620,#2621,#2622,
#2623,#2624,#2625,#2626,#2627,#2628,#2629,#2630,#2631,#2632,#2633,#2634,
#2635,#2636,#2637,#2638,#2639,#2640,#2641,#2642,#2643,#2644,#2645,#2646,
#2647,#2648,#2649,#2650,#2651,#2652,#2653,#2654,#2655,#2656,#2657,#2658,
#2659,#2660,#2661,#2662,#2663,#2664,#2665,#2666,#2667,#2668,#2669,#2670,
#2671,#2672,#2673,#2674),(#2675,#2676,#2677,#2678,#2679,#2680,#2681,#2682,
#2683,#2684,#2685,#2686,#2687,#2688,#2689,#2690,#2691,#2692,#2693,#2694,
#2695,#2696,#2697,#2698,#2699,#2700,#2701,#2702,#2703,#2704,#2705,#2706,
#2707,#2708,#2709,#2710,#2711,#2712,#2713,#2714,#2715,#2716,#2717,#2718,
#2719,#2720,#2721,#2722,#2723,#2724,#2725,#2726,#2727,#2728,#2729,#2730,
#2731,#2732,#2733,#2734,#2735,#2736,#2737,#2738,#2739,#2740,#2741,#2742,
#2743,#2744,#2745,#2746,#2747,#2748,#2749,#2750,#2751,#2752,#2753,#2754,
#2755,#2756,#2757,#2758,#2759,#2760,#2761,#2762,#2763,#2764,#2765,#2766,
#2767,#2768,#2769,#2770,#2771,#2772,#2773,#2774,#2775,#2776,#2777,#2778,
#2779)),.UNSPECIFIED.,.T.,.F.,.F.,(4,1,1,1,1,1,1,4),(4,1,1,1,1,1,1,1,1,
1,1,1,1,1,1,1,1,1,1,1,1,1,1,1,1,1,1,1,1,1,1,1,1,1,1,1,1,1,1,1,1,1,1,1,1,
1,1,1,1,1,1,1,1,1,1,1,1,1,1,1,1,1,1,1,1,1,1,1,1,1,1,1,1,1,1,1,1,1,1,1,1,
1,1,1,1,1,1,1,1,1,1,1,1,1,1,1,1,1,1,1,1,1,4),(-3.14159265358979,-2.24399475256414,
-1.34639685153848,-0.448798950512828,0.448798950512828,1.34639685153848,
2.24399475256414,3.14159265358979),(0.,0.492798847621928,0.985597695243857,
1.47839654286579,1.97119539048771,2.46399423810964,2.95679308573157,3.4495919333535,
3.94239078097543,4.43518962859735,4.92798847621928,5.42078732384121,5.91358617146314,
6.40638501908507,6.899183866707,7.39198271432893,7.88478156195085,8.37758040957278,
8.87037925719471,9.36317810481664,9.85597695243857,10.3487758000605,10.8415746476824,
11.3343734953044,11.8271723429263,12.3199711905482,12.8127700381701,13.3055688857921,
13.798367733414,14.2911665810359,14.7839654286578,15.2767642762798,15.7695631239017,
16.2623619715236,16.7551608191456,17.2479596667675,17.7407585143894,18.2335573620113,
18.7263562096333,19.2191550572552,19.7119539048771,20.2047527524991,20.697551600121,
21.1903504477429,21.6831492953648,22.1759481429868,22.6687469906087,23.1615458382306,
23.6543446858526,24.1471435334745,24.6399423810964,25.1327412287183,25.6255400763403,
26.1183389239622,26.6111377715841,27.1039366192061,27.596735466828,28.0895343144499,
28.5823331620718,29.0751320096938,29.5679308573157,30.0607297049376,30.5535285525596,
31.0463274001815,31.5391262478034,32.0319250954253,32.5247239430473,33.0175227906692,
33.5103216382911,34.0031204859131,34.495919333535,34.9887181811569,35.4815170287788,
35.9743158764008,36.4671147240227,36.9599135716446,37.4527124192666,37.9455112668885,
38.4383101145104,38.9311089621323,39.4239078097543,39.9167066573762,40.4095055049981,
40.90230435262,41.395103200242,41.8879020478639,42.3807008954858,42.8734997431078,
43.3662985907297,43.8590974383516,44.3518962859736,44.8446951335955,45.3374939812174,
45.8302928288393,46.3230916764613,46.8158905240832,47.3086893717051,47.801488219327,
48.294287066949,48.7870859145709,49.2798847621928,49.7726836098148,50.2654824574367),
 .UNSPECIFIED.);
#59=B_SPLINE_SURFACE_WITH_KNOTS('',3,3,((#3062,#3063,#3064,#3065,#3066,
#3067,#3068,#3069,#3070,#3071,#3072,#3073,#3074,#3075,#3076,#3077,#3078,
#3079,#3080,#3081,#3082,#3083,#3084,#3085,#3086,#3087,#3088,#3089,#3090,
#3091,#3092,#3093,#3094,#3095,#3096,#3097,#3098,#3099,#3100,#3101,#3102,
#3103,#3104,#3105,#3106,#3107,#3108,#3109,#3110,#3111,#3112,#3113,#3114,
#3115,#3116,#3117,#3118,#3119,#3120,#3121,#3122,#3123,#3124,#3125,#3126,
#3127,#3128,#3129,#3130,#3131,#3132,#3133,#3134,#3135,#3136,#3137,#3138,
#3139,#3140,#3141,#3142,#3143,#3144,#3145,#3146,#3147,#3148,#3149,#3150,
#3151,#3152,#3153,#3154,#3155,#3156,#3157,#3158,#3159,#3160,#3161,#3162,
#3163,#3164,#3165,#3166),(#3167,#3168,#3169,#3170,#3171,#3172,#3173,#3174,
#3175,#3176,#3177,#3178,#3179,#3180,#3181,#3182,#3183,#3184,#3185,#3186,
#3187,#3188,#3189,#3190,#3191,#3192,#3193,#3194,#3195,#3196,#3197,#3198,
#3199,#3200,#3201,#3202,#3203,#3204,#3205,#3206,#3207,#3208,#3209,#3210,
#3211,#3212,#3213,#3214,#3215,#3216,#3217,#3218,#3219,#3220,#3221,#3222,
#3223,#3224,#3225,#3226,#3227,#3228,#3229,#3230,#3231,#3232,#3233,#3234,
#3235,#3236,#3237,#3238,#3239,#3240,#3241,#3242,#3243,#3244,#3245,#3246,
#3247,#3248,#3249,#3250,#3251,#3252,#3253,#3254,#3255,#3256,#3257,#3258,
#3259,#3260,#3261,#3262,#3263,#3264,#3265,#3266,#3267,#3268,#3269,#3270,
#3271),(#3272,#3273,#3274,#3275,#3276,#3277,#3278,#3279,#3280,#3281,#3282,
#3283,#3284,#3285,#3286,#3287,#3288,#3289,#3290,#3291,#3292,#3293,#3294,
#3295,#3296,#3297,#3298,#3299,#3300,#3301,#3302,#3303,#3304,#3305,#3306,
#3307,#3308,#3309,#3310,#3311,#3312,#3313,#3314,#3315,#3316,#3317,#3318,
#3319,#3320,#3321,#3322,#3323,#3324,#3325,#3326,#3327,#3328,#3329,#3330,
#3331,#3332,#3333,#3334,#3335,#3336,#3337,#3338,#3339,#3340,#3341,#3342,
#3343,#3344,#3345,#3346,#3347,#3348,#3349,#3350,#3351,#3352,#3353,#3354,
#3355,#3356,#3357,#3358,#3359,#3360,#3361,#3362,#3363,#3364,#3365,#3366,
#3367,#3368,#3369,#3370,#3371,#3372,#3373,#3374,#3375,#3376),(#3377,#3378,
#3379,#3380,#3381,#3382,#3383,#3384,#3385,#3386,#3387,#3388,#3389,#3390,
#3391,#3392,#3393,#3394,#3395,#3396,#3397,#3398,#3399,#3400,#3401,#3402,
#3403,#3404,#3405,#3406,#3407,#3408,#3409,#3410,#3411,#3412,#3413,#3414,
#3415,#3416,#3417,#3418,#3419,#3420,#3421,#3422,#3423,#3424,#3425,#3426,
#3427,#3428,#3429,#3430,#3431,#3432,#3433,#3434,#3435,#3436,#3437,#3438,
#3439,#3440,#3441,#3442,#3443,#3444,#3445,#3446,#3447,#3448,#3449,#3450,
#3451,#3452,#3453,#3454,#3455,#3456,#3457,#3458,#3459,#3460,#3461,#3462,
#3463,#3464,#3465,#3466,#3467,#3468,#3469,#3470,#3471,#3472,#3473,#3474,
#3475,#3476,#3477,#3478,#3479,#3480,#3481),(#3482,#3483,#3484,#3485,#3486,
#3487,#3488,#3489,#3490,#3491,#3492,#3493,#3494,#3495,#3496,#3497,#3498,
#3499,#3500,#3501,#3502,#3503,#3504,#3505,#3506,#3507,#3508,#3509,#3510,
#3511,#3512,#3513,#3514,#3515,#3516,#3517,#3518,#3519,#3520,#3521,#3522,
#3523,#3524,#3525,#3526,#3527,#3528,#3529,#3530,#3531,#3532,#3533,#3534,
#3535,#3536,#3537,#3538,#3539,#3540,#3541,#3542,#3543,#3544,#3545,#3546,
#3547,#3548,#3549,#3550,#3551,#3552,#3553,#3554,#3555,#3556,#3557,#3558,
#3559,#3560,#3561,#3562,#3563,#3564,#3565,#3566,#3567,#3568,#3569,#3570,
#3571,#3572,#3573,#3574,#3575,#3576,#3577,#3578,#3579,#3580,#3581,#3582,
#3583,#3584,#3585,#3586),(#3587,#3588,#3589,#3590,#3591,#3592,#3593,#3594,
#3595,#3596,#3597,#3598,#3599,#3600,#3601,#3602,#3603,#3604,#3605,#3606,
#3607,#3608,#3609,#3610,#3611,#3612,#3613,#3614,#3615,#3616,#3617,#3618,
#3619,#3620,#3621,#3622,#3623,#3624,#3625,#3626,#3627,#3628,#3629,#3630,
#3631,#3632,#3633,#3634,#3635,#3636,#3637,#3638,#3639,#3640,#3641,#3642,
#3643,#3644,#3645,#3646,#3647,#3648,#3649,#3650,#3651,#3652,#3653,#3654,
#3655,#3656,#3657,#3658,#3659,#3660,#3661,#3662,#3663,#3664,#3665,#3666,
#3667,#3668,#3669,#3670,#3671,#3672,#3673,#3674,#3675,#3676,#3677,#3678,
#3679,#3680,#3681,#3682,#3683,#3684,#3685,#3686,#3687,#3688,#3689,#3690,
#3691),(#3692,#3693,#3694,#3695,#3696,#3697,#3698,#3699,#3700,#3701,#3702,
#3703,#3704,#3705,#3706,#3707,#3708,#3709,#3710,#3711,#3712,#3713,#3714,
#3715,#3716,#3717,#3718,#3719,#3720,#3721,#3722,#3723,#3724,#3725,#3726,
#3727,#3728,#3729,#3730,#3731,#3732,#3733,#3734,#3735,#3736,#3737,#3738,
#3739,#3740,#3741,#3742,#3743,#3744,#3745,#3746,#3747,#3748,#3749,#3750,
#3751,#3752,#3753,#3754,#3755,#3756,#3757,#3758,#3759,#3760,#3761,#3762,
#3763,#3764,#3765,#3766,#3767,#3768,#3769,#3770,#3771,#3772,#3773,#3774,
#3775,#3776,#3777,#3778,#3779,#3780,#3781,#3782,#3783,#3784,#3785,#3786,
#3787,#3788,#3789,#3790,#3791,#3792,#3793,#3794,#3795,#3796),(#3797,#3798,
#3799,#3800,#3801,#3802,#3803,#3804,#3805,#3806,#3807,#3808,#3809,#3810,
#3811,#3812,#3813,#3814,#3815,#3816,#3817,#3818,#3819,#3820,#3821,#3822,
#3823,#3824,#3825,#3826,#3827,#3828,#3829,#3830,#3831,#3832,#3833,#3834,
#3835,#3836,#3837,#3838,#3839,#3840,#3841,#3842,#3843,#3844,#3845,#3846,
#3847,#3848,#3849,#3850,#3851,#3852,#3853,#3854,#3855,#3856,#3857,#3858,
#3859,#3860,#3861,#3862,#3863,#3864,#3865,#3866,#3867,#3868,#3869,#3870,
#3871,#3872,#3873,#3874,#3875,#3876,#3877,#3878,#3879,#3880,#3881,#3882,
#3883,#3884,#3885,#3886,#3887,#3888,#3889,#3890,#3891,#3892,#3893,#3894,
#3895,#3896,#3897,#3898,#3899,#3900,#3901),(#3902,#3903,#3904,#3905,#3906,
#3907,#3908,#3909,#3910,#3911,#3912,#3913,#3914,#3915,#3916,#3917,#3918,
#3919,#3920,#3921,#3922,#3923,#3924,#3925,#3926,#3927,#3928,#3929,#3930,
#3931,#3932,#3933,#3934,#3935,#3936,#3937,#3938,#3939,#3940,#3941,#3942,
#3943,#3944,#3945,#3946,#3947,#3948,#3949,#3950,#3951,#3952,#3953,#3954,
#3955,#3956,#3957,#3958,#3959,#3960,#3961,#3962,#3963,#3964,#3965,#3966,
#3967,#3968,#3969,#3970,#3971,#3972,#3973,#3974,#3975,#3976,#3977,#3978,
#3979,#3980,#3981,#3982,#3983,#3984,#3985,#3986,#3987,#3988,#3989,#3990,
#3991,#3992,#3993,#3994,#3995,#3996,#3997,#3998,#3999,#4000,#4001,#4002,
#4003,#4004,#4005,#4006),(#4007,#4008,#4009,#4010,#4011,#4012,#4013,#4014,
#4015,#4016,#4017,#4018,#4019,#4020,#4021,#4022,#4023,#4024,#4025,#4026,
#4027,#4028,#4029,#4030,#4031,#4032,#4033,#4034,#4035,#4036,#4037,#4038,
#4039,#4040,#4041,#4042,#4043,#4044,#4045,#4046,#4047,#4048,#4049,#4050,
#4051,#4052,#4053,#4054,#4055,#4056,#4057,#4058,#4059,#4060,#4061,#4062,
#4063,#4064,#4065,#4066,#4067,#4068,#4069,#4070,#4071,#4072,#4073,#4074,
#4075,#4076,#4077,#4078,#4079,#4080,#4081,#4082,#4083,#4084,#4085,#4086,
#4087,#4088,#4089,#4090,#4091,#4092,#4093,#4094,#4095,#4096,#4097,#4098,
#4099,#4100,#4101,#4102,#4103,#4104,#4105,#4106,#4107,#4108,#4109,#4110,
#4111)),.UNSPECIFIED.,.T.,.F.,.F.,(4,1,1,1,1,1,1,4),(4,1,1,1,1,1,1,1,1,
1,1,1,1,1,1,1,1,1,1,1,1,1,1,1,1,1,1,1,1,1,1,1,1,1,1,1,1,1,1,1,1,1,1,1,1,
1,1,1,1,1,1,1,1,1,1,1,1,1,1,1,1,1,1,1,1,1,1,1,1,1,1,1,1,1,1,1,1,1,1,1,1,
1,1,1,1,1,1,1,1,1,1,1,1,1,1,1,1,1,1,1,1,1,4),(-3.14159265358979,-2.24399475256414,
-1.34639685153848,-0.448798950512828,0.448798950512828,1.34639685153848,
2.24399475256414,3.14159265358979),(0.,0.492798847621928,0.985597695243857,
1.47839654286579,1.97119539048771,2.46399423810964,2.95679308573157,3.4495919333535,
3.94239078097543,4.43518962859735,4.92798847621928,5.42078732384121,5.91358617146314,
6.40638501908507,6.899183866707,7.39198271432893,7.88478156195085,8.37758040957278,
8.87037925719471,9.36317810481664,9.85597695243857,10.3487758000605,10.8415746476824,
11.3343734953044,11.8271723429263,12.3199711905482,12.8127700381701,13.3055688857921,
13.798367733414,14.2911665810359,14.7839654286578,15.2767642762798,15.7695631239017,
16.2623619715236,16.7551608191456,17.2479596667675,17.7407585143894,18.2335573620113,
18.7263562096333,19.2191550572552,19.7119539048771,20.2047527524991,20.697551600121,
21.1903504477429,21.6831492953648,22.1759481429868,22.6687469906087,23.1615458382306,
23.6543446858526,24.1471435334745,24.6399423810964,25.1327412287183,25.6255400763403,
26.1183389239622,26.6111377715841,27.1039366192061,27.596735466828,28.0895343144499,
28.5823331620718,29.0751320096938,29.5679308573157,30.0607297049376,30.5535285525596,
31.0463274001815,31.5391262478034,32.0319250954253,32.5247239430473,33.0175227906692,
33.5103216382911,34.0031204859131,34.495919333535,34.9887181811569,35.4815170287788,
35.9743158764008,36.4671147240227,36.9599135716446,37.4527124192666,37.9455112668885,
38.4383101145104,38.9311089621323,39.4239078097543,39.9167066573762,40.4095055049981,
40.90230435262,41.395103200242,41.8879020478639,42.3807008954858,42.8734997431078,
43.3662985907297,43.8590974383516,44.3518962859736,44.8446951335955,45.3374939812174,
45.8302928288393,46.3230916764613,46.8158905240832,47.3086893717051,47.801488219327,
48.294287066949,48.7870859145709,49.2798847621928,49.7726836098148,50.2654824574367),
 .UNSPECIFIED.);
#60=FACE_OUTER_BOUND('',#80,.T.);
#61=FACE_OUTER_BOUND('',#81,.T.);
#62=FACE_OUTER_BOUND('',#82,.T.);
#63=FACE_OUTER_BOUND('',#83,.T.);
#64=FACE_OUTER_BOUND('',#84,.T.);
#65=FACE_OUTER_BOUND('',#85,.T.);
#66=FACE_OUTER_BOUND('',#86,.T.);
#67=FACE_OUTER_BOUND('',#87,.T.);
#68=FACE_OUTER_BOUND('',#88,.T.);
#69=FACE_OUTER_BOUND('',#89,.T.);
#70=FACE_OUTER_BOUND('',#90,.T.);
#71=FACE_OUTER_BOUND('',#91,.T.);
#72=FACE_OUTER_BOUND('',#92,.T.);
#73=FACE_OUTER_BOUND('',#94,.T.);
#74=FACE_OUTER_BOUND('',#95,.T.);
#75=FACE_OUTER_BOUND('',#96,.T.);
#76=FACE_OUTER_BOUND('',#97,.T.);
#77=FACE_OUTER_BOUND('',#98,.T.);
#78=FACE_OUTER_BOUND('',#99,.T.);
#79=FACE_OUTER_BOUND('',#100,.T.);
#80=EDGE_LOOP('',(#161));
#81=EDGE_LOOP('',(#162));
#82=EDGE_LOOP('',(#163,#164,#165,#166));
#83=EDGE_LOOP('',(#167,#168,#169,#170,#171,#172));
#84=EDGE_LOOP('',(#173));
#85=EDGE_LOOP('',(#174,#175,#176,#177,#178));
#86=EDGE_LOOP('',(#179));
#87=EDGE_LOOP('',(#180,#181,#182,#183,#184));
#88=EDGE_LOOP('',(#185));
#89=EDGE_LOOP('',(#186));
#90=EDGE_LOOP('',(#187,#188,#189,#190,#191));
#91=EDGE_LOOP('',(#192));
#92=EDGE_LOOP('',(#193,#194,#195,#196));
#93=EDGE_LOOP('',(#197,#198));
#94=EDGE_LOOP('',(#199));
#95=EDGE_LOOP('',(#200));
#96=EDGE_LOOP('',(#201,#202,#203,#204,#205,#206));
#97=EDGE_LOOP('',(#207));
#98=EDGE_LOOP('',(#208,#209,#210,#211,#212));
#99=EDGE_LOOP('',(#213));
#100=EDGE_LOOP('',(#214,#215,#216,#217,#218));
#101=B_SPLINE_CURVE_WITH_KNOTS('',3,(#364,#365,#366,#367,#368,#369,#370,
#371,#372,#373,#374,#375,#376,#377,#378,#379,#380,#381,#382,#383,#384,#385,
#386,#387,#388,#389,#390,#391,#392,#393,#394,#395,#396,#397,#398,#399,#400,
#401,#402,#403,#404,#405,#406,#407,#408,#409,#410,#411,#412,#413,#414,#415,
#416,#417,#418,#419,#420,#421,#422,#423,#424,#425,#426,#427,#428,#429,#430,
#431,#432,#433,#434,#435,#436),.UNSPECIFIED.,.T.,.F.,(4,3,3,3,3,3,3,3,3,
3,3,3,3,3,3,3,3,3,3,3,3,3,3,3,4),(0.00844996027339788,0.0311867021450453,
0.0623899045899126,0.0803897221320024,0.0936236476699258,0.124889820119887,
0.152478246575725,0.156173935536324,0.187446950640109,0.218678800871851,
0.224481116316252,0.249862633116988,0.281028088058968,0.296341746829663,
0.312221931172706,0.343468887355695,0.368371819113136,0.374753982549406,
0.406040447314681,0.437298393246708,0.440440098347744,0.468518974555374,
0.486182911514619,0.503840310442485,0.512290270715883),.UNSPECIFIED.);
#102=B_SPLINE_CURVE_WITH_KNOTS('',3,(#439,#440,#441,#442,#443,#444,#445,
#446,#447,#448,#449,#450,#451,#452,#453,#454,#455,#456,#457,#458,#459,#460,
#461,#462,#463,#464,#465,#466,#467,#468,#469,#470,#471,#472,#473,#474,#475,
#476,#477,#478,#479,#480,#481,#482,#483,#484,#485,#486,#487,#488,#489,#490,
#491,#492,#493,#494,#495,#496,#497,#498,#499,#500,#501,#502,#503,#504,#505,
#506,#507,#508),.UNSPECIFIED.,.T.,.F.,(4,3,3,3,3,3,3,3,3,3,3,3,3,3,3,3,
3,3,3,3,3,3,3,4),(0.,0.0311892891418576,0.0623997741184526,0.071919044511951,
0.0936427296300741,0.124915893293266,0.14401670234469,0.156200263425118,
0.187464524205925,0.216037858293723,0.218682468902216,0.249856971386349,
0.281025696768318,0.287873589589517,0.312233109955619,0.343493283112079,
0.359904338569786,0.374782476137515,0.40606330694795,0.43199695031616,0.437310980232432,
0.468522503068589,0.486183311985467,0.503839572267087),.UNSPECIFIED.);
#103=B_SPLINE_CURVE_WITH_KNOTS('',3,(#1619,#1620,#1621,#1622,#1623,#1624,
#1625,#1626,#1627,#1628,#1629,#1630,#1631,#1632,#1633,#1634,#1635,#1636,
#1637,#1638,#1639,#1640,#1641,#1642,#1643,#1644,#1645,#1646,#1647,#1648,
#1649,#1650,#1651,#1652,#1653,#1654,#1655,#1656,#1657,#1658,#1659,#1660,
#1661,#1662,#1663,#1664,#1665,#1666,#1667,#1668,#1669,#1670,#1671,#1672,
#1673,#1674,#1675,#1676,#1677,#1678,#1679,#1680,#1681,#1682,#1683,#1684,
#1685,#1686,#1687,#1688,#1689,#1690,#1691,#1692,#1693,#1694,#1695,#1696,
#1697,#1698,#1699,#1700,#1701,#1702,#1703,#1704,#1705,#1706,#1707,#1708,
#1709,#1710,#1711,#1712,#1713,#1714,#1715,#1716,#1717,#1718,#1719,#1720,
#1721,#1722,#1723,#1724,#1725,#1726,#1727,#1728,#1729),.UNSPECIFIED.,.F.,
 .F.,(4,1,1,1,1,1,1,1,1,1,1,1,1,1,1,1,1,1,1,1,1,1,1,1,1,1,1,1,1,1,1,1,1,
1,1,1,1,1,1,1,1,1,1,1,1,1,1,1,1,1,1,1,1,1,1,1,1,1,1,1,1,1,1,1,1,1,1,1,1,
1,1,1,1,1,1,1,1,1,1,1,1,1,1,1,1,1,1,1,1,1,1,1,1,1,1,1,1,1,1,1,1,1,1,1,1,
1,1,1,4),(0.,0.447147897809112,0.89597688713261,1.34480587645611,1.7936348657796,
2.2424638551031,2.6912928444266,3.1401218337501,3.5889508230736,4.03777981239709,
4.48660880172059,4.93543779104409,5.38426678036759,5.83309576969108,6.28192475901458,
6.73075374833808,7.17958273766158,7.77802139009291,8.37646004252424,8.97489869495557,
9.5733373473869,9.97229644900778,10.3712555506287,10.7702146522496,11.1691737538704,
11.5681328554913,11.9670919571122,12.3660510587331,12.765010160354,13.1639692619749,
13.5629283635958,13.9618874652167,14.3608465668375,14.6600658930532,14.9592852192689,
15.5577238717002,16.1561625241315,16.7546011765629,17.3530398289942,17.9514784814255,
18.400307470749,18.8491364600725,19.297965449396,19.7467944387195,20.195623428043,
20.6444524173665,21.09328140669,21.5421103960135,21.990939385337,22.4397683746605,
22.888597363984,23.3374263533075,23.786255342631,24.2350843319545,24.683913321278,
25.1327423106015,25.5317014122224,25.9306605138433,26.3296196154641,26.9280582678955,
27.5264969203268,28.1249355727581,28.7233742251895,29.1223333268103,29.5212924284312,
29.9202515300521,30.319210631673,30.7181697332939,31.1171288349148,31.5160879365357,
31.9150470381566,32.3140061397774,32.7129652413983,33.1119243430192,33.5108834446401,
34.1093220970714,34.7077607495028,35.3061994019341,35.9046380543654,36.5030767067967,
37.1015153592281,37.6999540116594,38.2983926640907,38.6973517657116,39.0963108673325,
39.4952699689534,39.8942290705743,40.2931881721952,40.6921472738161,41.2905859262474,
41.8890245786787,42.4874632311101,43.0859018835414,43.5347308728649,43.9835598621884,
44.4323888515119,44.8812178408354,45.3300468301589,45.7788758194824,46.2277048088059,
46.6765337981294,47.1253627874529,47.5741917767764,48.0230207660999,48.4718497554233,
48.9206787447469,49.3695077340703,49.8183367233938,50.2654824574367),
 .UNSPECIFIED.);
#104=B_SPLINE_CURVE_WITH_KNOTS('',3,(#2784,#2785,#2786,#2787,#2788,#2789,
#2790,#2791,#2792,#2793,#2794,#2795,#2796,#2797,#2798,#2799,#2800,#2801,
#2802,#2803,#2804,#2805,#2806,#2807,#2808,#2809,#2810,#2811,#2812,#2813,
#2814,#2815,#2816,#2817,#2818,#2819,#2820,#2821,#2822,#2823,#2824,#2825,
#2826,#2827,#2828,#2829,#2830,#2831,#2832,#2833,#2834,#2835,#2836,#2837,
#2838,#2839,#2840,#2841,#2842,#2843,#2844,#2845,#2846,#2847,#2848,#2849,
#2850,#2851,#2852,#2853,#2854,#2855,#2856,#2857,#2858,#2859,#2860,#2861,
#2862,#2863,#2864,#2865,#2866,#2867,#2868,#2869,#2870,#2871,#2872,#2873,
#2874,#2875,#2876,#2877,#2878,#2879,#2880,#2881,#2882,#2883,#2884,#2885,
#2886,#2887,#2888),.UNSPECIFIED.,.F.,.F.,(4,1,1,1,1,1,1,1,1,1,1,1,1,1,1,
1,1,1,1,1,1,1,1,1,1,1,1,1,1,1,1,1,1,1,1,1,1,1,1,1,1,1,1,1,1,1,1,1,1,1,1,
1,1,1,1,1,1,1,1,1,1,1,1,1,1,1,1,1,1,1,1,1,1,1,1,1,1,1,1,1,1,1,1,1,1,1,1,
1,1,1,1,1,1,1,1,1,1,1,1,1,1,1,4),(0.,0.492798847621928,0.985597695243857,
1.47839654286579,1.97119539048771,2.46399423810964,2.95679308573157,3.4495919333535,
3.94239078097543,4.43518962859735,4.92798847621928,5.42078732384121,5.91358617146314,
6.40638501908507,6.899183866707,7.39198271432893,7.88478156195085,8.37758040957278,
8.87037925719471,9.36317810481664,9.85597695243857,10.3487758000605,10.8415746476824,
11.3343734953044,11.8271723429263,12.3199711905482,12.8127700381701,13.3055688857921,
13.798367733414,14.2911665810359,14.7839654286578,15.2767642762798,15.7695631239017,
16.2623619715236,16.7551608191456,17.2479596667675,17.7407585143894,18.2335573620113,
18.7263562096333,19.2191550572552,19.7119539048771,20.2047527524991,20.697551600121,
21.1903504477429,21.6831492953648,22.1759481429868,22.6687469906087,23.1615458382306,
23.6543446858526,24.1471435334745,24.6399423810964,25.1327412287183,25.6255400763403,
26.1183389239622,26.6111377715841,27.1039366192061,27.596735466828,28.0895343144499,
28.5823331620718,29.0751320096938,29.5679308573157,30.0607297049376,30.5535285525596,
31.0463274001815,31.5391262478034,32.0319250954253,32.5247239430473,33.0175227906692,
33.5103216382911,34.0031204859131,34.495919333535,34.9887181811569,35.4815170287788,
35.9743158764008,36.4671147240227,36.9599135716446,37.4527124192666,37.9455112668885,
38.4383101145104,38.9311089621323,39.4239078097543,39.9167066573762,40.4095055049981,
40.90230435262,41.395103200242,41.8879020478639,42.3807008954858,42.8734997431078,
43.3662985907297,43.8590974383516,44.3518962859736,44.8446951335955,45.3374939812174,
45.8302928288393,46.3230916764613,46.8158905240832,47.3086893717051,47.801488219327,
48.294287066949,48.7870859145709,49.2798847621928,49.7726836098148,50.2654824574367),
 .UNSPECIFIED.);
#105=B_SPLINE_CURVE_WITH_KNOTS('',3,(#2905,#2906,#2907,#2908,#2909,#2910,
#2911,#2912,#2913,#2914,#2915,#2916,#2917,#2918,#2919,#2920,#2921,#2922,
#2923,#2924,#2925,#2926,#2927,#2928,#2929,#2930,#2931,#2932,#2933,#2934,
#2935,#2936,#2937,#2938,#2939,#2940),.UNSPECIFIED.,.T.,.F.,(4,2,2,2,2,2,
2,2,2,2,2,2,2,2,2,2,2,4),(0.,0.0311867021450453,0.0623899045899126,0.0936236476699258,
0.124889820119887,0.156173935536324,0.187446950640109,0.218678800871851,
0.249862633116988,0.281028088058968,0.312221931172706,0.343468887355695,
0.374753982549406,0.406040447314681,0.437298393246708,0.468518974555374,
0.486182911514619,0.503840310442485),.UNSPECIFIED.);
#106=B_SPLINE_CURVE_WITH_KNOTS('',3,(#2943,#2944,#2945,#2946,#2947,#2948,
#2949,#2950,#2951,#2952,#2953,#2954,#2955,#2956,#2957,#2958,#2959,#2960,
#2961,#2962,#2963,#2964,#2965,#2966,#2967,#2968,#2969,#2970,#2971,#2972,
#2973,#2974,#2975,#2976,#2977,#2978),.UNSPECIFIED.,.T.,.F.,(4,2,2,2,2,2,
2,2,2,2,2,2,2,2,2,2,2,4),(0.,0.0311892891418576,0.0623997741184526,0.0936427296300741,
0.124915893293266,0.156200263425118,0.187464524205925,0.218682468902216,
0.249856971386349,0.281025696768318,0.312233109955619,0.343493283112079,
0.374782476137515,0.40606330694795,0.437310980232432,0.468522503068589,
0.486183311985467,0.503839572267087),.UNSPECIFIED.);
#107=B_SPLINE_CURVE_WITH_KNOTS('',3,(#2985,#2986,#2987,#2988,#2989,#2990,
#2991,#2992,#2993,#2994,#2995,#2996,#2997,#2998,#2999,#3000,#3001,#3002,
#3003,#3004,#3005,#3006,#3007,#3008,#3009,#3010,#3011,#3012,#3013,#3014,
#3015,#3016,#3017,#3018),.UNSPECIFIED.,.F.,.F.,(4,2,2,2,2,2,2,2,2,2,2,2,
2,2,2,2,4),(0.,0.573875568865262,1.14775113773052,1.72162670659579,2.29550227546105,
2.8685419378108,3.44158160016055,4.0146212625103,4.58766092486005,5.1607005872098,
5.73374024955955,6.3067799119093,6.87981957425905,7.45369514312431,8.02757071198958,
8.60144628085484,9.1753218497201),.UNSPECIFIED.);
#108=B_SPLINE_CURVE_WITH_KNOTS('',3,(#3019,#3020,#3021,#3022,#3023,#3024,
#3025,#3026,#3027,#3028,#3029,#3030,#3031,#3032,#3033,#3034,#3035,#3036,
#3037,#3038,#3039,#3040,#3041,#3042,#3043,#3044,#3045,#3046,#3047,#3048,
#3049,#3050,#3051,#3052),.UNSPECIFIED.,.F.,.F.,(4,2,2,2,2,2,2,2,2,2,2,2,
2,2,2,2,4),(9.1753218497201,9.74919741858536,10.3230729874506,10.8969485563159,
11.4708241251812,12.0438637875309,12.6169034498807,13.1899431122304,13.7629827745802,
14.3360224369299,14.9090620992797,15.4821017616294,16.0551414239792,16.6290169928444,
17.2028925617097,17.7767681305749,18.3506436994402),.UNSPECIFIED.);
#109=B_SPLINE_CURVE_WITH_KNOTS('',3,(#4117,#4118,#4119,#4120,#4121,#4122,
#4123,#4124,#4125,#4126,#4127,#4128,#4129,#4130,#4131,#4132,#4133,#4134,
#4135,#4136,#4137,#4138,#4139,#4140,#4141,#4142,#4143,#4144,#4145,#4146,
#4147,#4148,#4149,#4150,#4151,#4152,#4153,#4154,#4155,#4156,#4157,#4158,
#4159,#4160,#4161,#4162,#4163,#4164,#4165,#4166,#4167,#4168,#4169,#4170,
#4171,#4172,#4173,#4174,#4175,#4176,#4177,#4178,#4179,#4180,#4181,#4182,
#4183,#4184,#4185,#4186,#4187,#4188,#4189,#4190,#4191,#4192,#4193,#4194,
#4195,#4196,#4197,#4198,#4199,#4200,#4201,#4202,#4203,#4204,#4205,#4206,
#4207,#4208,#4209,#4210,#4211,#4212,#4213,#4214,#4215,#4216,#4217,#4218,
#4219,#4220,#4221),.UNSPECIFIED.,.F.,.F.,(4,1,1,1,1,1,1,1,1,1,1,1,1,1,1,
1,1,1,1,1,1,1,1,1,1,1,1,1,1,1,1,1,1,1,1,1,1,1,1,1,1,1,1,1,1,1,1,1,1,1,1,
1,1,1,1,1,1,1,1,1,1,1,1,1,1,1,1,1,1,1,1,1,1,1,1,1,1,1,1,1,1,1,1,1,1,1,1,
1,1,1,1,1,1,1,1,1,1,1,1,1,1,1,4),(0.,0.492798847621928,0.985597695243857,
1.47839654286579,1.97119539048771,2.46399423810964,2.95679308573157,3.4495919333535,
3.94239078097543,4.43518962859735,4.92798847621928,5.42078732384121,5.91358617146314,
6.40638501908507,6.899183866707,7.39198271432893,7.88478156195085,8.37758040957278,
8.87037925719471,9.36317810481664,9.85597695243857,10.3487758000605,10.8415746476824,
11.3343734953044,11.8271723429263,12.3199711905482,12.8127700381701,13.3055688857921,
13.798367733414,14.2911665810359,14.7839654286578,15.2767642762798,15.7695631239017,
16.2623619715236,16.7551608191456,17.2479596667675,17.7407585143894,18.2335573620113,
18.7263562096333,19.2191550572552,19.7119539048771,20.2047527524991,20.697551600121,
21.1903504477429,21.6831492953648,22.1759481429868,22.6687469906087,23.1615458382306,
23.6543446858526,24.1471435334745,24.6399423810964,25.1327412287183,25.6255400763403,
26.1183389239622,26.6111377715841,27.1039366192061,27.596735466828,28.0895343144499,
28.5823331620718,29.0751320096938,29.5679308573157,30.0607297049376,30.5535285525596,
31.0463274001815,31.5391262478034,32.0319250954253,32.5247239430473,33.0175227906692,
33.5103216382911,34.0031204859131,34.495919333535,34.9887181811569,35.4815170287788,
35.9743158764008,36.4671147240227,36.9599135716446,37.4527124192666,37.9455112668885,
38.4383101145104,38.9311089621323,39.4239078097543,39.9167066573762,40.4095055049981,
40.90230435262,41.395103200242,41.8879020478639,42.3807008954858,42.8734997431078,
43.3662985907297,43.8590974383516,44.3518962859736,44.8446951335955,45.3374939812174,
45.8302928288393,46.3230916764613,46.8158905240832,47.3086893717051,47.801488219327,
48.294287066949,48.7870859145709,49.2798847621928,49.7726836098148,50.2654824574367),
 .UNSPECIFIED.);
#110=VERTEX_POINT('',#363);
#111=VERTEX_POINT('',#438);
#112=VERTEX_POINT('',#2780);
#113=VERTEX_POINT('',#2781);
#114=VERTEX_POINT('',#2783);
#115=VERTEX_POINT('',#2889);
#116=VERTEX_POINT('',#2894);
#117=VERTEX_POINT('',#2899);
#118=VERTEX_POINT('',#2904);
#119=VERTEX_POINT('',#2942);
#120=VERTEX_POINT('',#2980);
#121=VERTEX_POINT('',#2982);
#122=VERTEX_POINT('',#2984);
#123=VERTEX_POINT('',#3055);
#124=VERTEX_POINT('',#3057);
#125=VERTEX_POINT('',#4112);
#126=VERTEX_POINT('',#4113);
#127=VERTEX_POINT('',#4116);
#128=VERTEX_POINT('',#4222);
#129=VERTEX_POINT('',#4226);
#130=VERTEX_POINT('',#4231);
#131=EDGE_CURVE('',#110,#110,#101,.T.);
#132=EDGE_CURVE('',#111,#111,#102,.T.);
#133=EDGE_CURVE('',#111,#110,#103,.T.);
#134=EDGE_CURVE('',#112,#113,#40,.T.);
#135=EDGE_CURVE('',#112,#114,#104,.T.);
#136=EDGE_CURVE('',#115,#114,#41,.T.);
#137=EDGE_CURVE('',#114,#115,#42,.T.);
#138=EDGE_CURVE('',#113,#112,#43,.T.);
#139=EDGE_CURVE('',#116,#116,#44,.T.);
#140=EDGE_CURVE('',#116,#112,#22,.T.);
#141=EDGE_CURVE('',#117,#117,#45,.T.);
#142=EDGE_CURVE('',#117,#115,#23,.T.);
#143=EDGE_CURVE('',#118,#118,#105,.T.);
#144=EDGE_CURVE('',#119,#119,#106,.T.);
#145=EDGE_CURVE('',#120,#120,#46,.T.);
#146=EDGE_CURVE('',#120,#121,#24,.T.);
#147=EDGE_CURVE('',#122,#121,#107,.T.);
#148=EDGE_CURVE('',#121,#122,#108,.T.);
#149=EDGE_CURVE('',#123,#123,#47,.T.);
#150=EDGE_CURVE('',#123,#124,#25,.T.);
#151=EDGE_CURVE('',#124,#124,#48,.T.);
#152=EDGE_CURVE('',#125,#126,#49,.T.);
#153=EDGE_CURVE('',#126,#125,#50,.T.);
#154=EDGE_CURVE('',#125,#127,#109,.T.);
#155=EDGE_CURVE('',#127,#128,#51,.T.);
#156=EDGE_CURVE('',#128,#127,#52,.T.);
#157=EDGE_CURVE('',#129,#129,#53,.T.);
#158=EDGE_CURVE('',#125,#129,#26,.T.);
#159=EDGE_CURVE('',#130,#130,#54,.T.);
#160=EDGE_CURVE('',#128,#130,#27,.T.);
#161=ORIENTED_EDGE('',*,*,#131,.T.);
#162=ORIENTED_EDGE('',*,*,#132,.T.);
#163=ORIENTED_EDGE('',*,*,#132,.F.);
#164=ORIENTED_EDGE('',*,*,#133,.T.);
#165=ORIENTED_EDGE('',*,*,#131,.F.);
#166=ORIENTED_EDGE('',*,*,#133,.F.);
#167=ORIENTED_EDGE('',*,*,#134,.F.);
#168=ORIENTED_EDGE('',*,*,#135,.T.);
#169=ORIENTED_EDGE('',*,*,#136,.F.);
#170=ORIENTED_EDGE('',*,*,#137,.F.);
#171=ORIENTED_EDGE('',*,*,#135,.F.);
#172=ORIENTED_EDGE('',*,*,#138,.F.);
#173=ORIENTED_EDGE('',*,*,#139,.T.);
#174=ORIENTED_EDGE('',*,*,#139,.F.);
#175=ORIENTED_EDGE('',*,*,#140,.T.);
#176=ORIENTED_EDGE('',*,*,#134,.T.);
#177=ORIENTED_EDGE('',*,*,#138,.T.);
#178=ORIENTED_EDGE('',*,*,#140,.F.);
#179=ORIENTED_EDGE('',*,*,#141,.T.);
#180=ORIENTED_EDGE('',*,*,#141,.F.);
#181=ORIENTED_EDGE('',*,*,#142,.T.);
#182=ORIENTED_EDGE('',*,*,#136,.T.);
#183=ORIENTED_EDGE('',*,*,#137,.T.);
#184=ORIENTED_EDGE('',*,*,#142,.F.);
#185=ORIENTED_EDGE('',*,*,#143,.T.);
#186=ORIENTED_EDGE('',*,*,#144,.T.);
#187=ORIENTED_EDGE('',*,*,#145,.F.);
#188=ORIENTED_EDGE('',*,*,#146,.T.);
#189=ORIENTED_EDGE('',*,*,#147,.F.);
#190=ORIENTED_EDGE('',*,*,#148,.F.);
#191=ORIENTED_EDGE('',*,*,#146,.F.);
#192=ORIENTED_EDGE('',*,*,#145,.T.);
#193=ORIENTED_EDGE('',*,*,#149,.F.);
#194=ORIENTED_EDGE('',*,*,#150,.T.);
#195=ORIENTED_EDGE('',*,*,#151,.T.);
#196=ORIENTED_EDGE('',*,*,#150,.F.);
#197=ORIENTED_EDGE('',*,*,#147,.T.);
#198=ORIENTED_EDGE('',*,*,#148,.T.);
#199=ORIENTED_EDGE('',*,*,#149,.T.);
#200=ORIENTED_EDGE('',*,*,#151,.F.);
#201=ORIENTED_EDGE('',*,*,#152,.T.);
#202=ORIENTED_EDGE('',*,*,#153,.T.);
#203=ORIENTED_EDGE('',*,*,#154,.T.);
#204=ORIENTED_EDGE('',*,*,#155,.T.);
#205=ORIENTED_EDGE('',*,*,#156,.T.);
#206=ORIENTED_EDGE('',*,*,#154,.F.);
#207=ORIENTED_EDGE('',*,*,#157,.F.);
#208=ORIENTED_EDGE('',*,*,#152,.F.);
#209=ORIENTED_EDGE('',*,*,#158,.T.);
#210=ORIENTED_EDGE('',*,*,#157,.T.);
#211=ORIENTED_EDGE('',*,*,#158,.F.);
#212=ORIENTED_EDGE('',*,*,#153,.F.);
#213=ORIENTED_EDGE('',*,*,#159,.F.);
#214=ORIENTED_EDGE('',*,*,#156,.F.);
#215=ORIENTED_EDGE('',*,*,#160,.T.);
#216=ORIENTED_EDGE('',*,*,#159,.T.);
#217=ORIENTED_EDGE('',*,*,#160,.F.);
#218=ORIENTED_EDGE('',*,*,#155,.F.);
#219=PLANE('',#257);
#220=PLANE('',#258);
#221=PLANE('',#263);
#222=PLANE('',#266);
#223=PLANE('',#269);
#224=PLANE('',#270);
#225=PLANE('',#273);
#226=PLANE('',#277);
#227=PLANE('',#278);
#228=PLANE('',#283);
#229=PLANE('',#286);
#230=ADVANCED_FACE('',(#60),#219,.F.);
#231=ADVANCED_FACE('',(#61),#220,.F.);
#232=ADVANCED_FACE('',(#62),#57,.T.);
#233=ADVANCED_FACE('',(#63),#58,.F.);
#234=ADVANCED_FACE('',(#64),#221,.T.);
#235=ADVANCED_FACE('',(#65),#34,.T.);
#236=ADVANCED_FACE('',(#66),#222,.T.);
#237=ADVANCED_FACE('',(#67),#35,.T.);
#238=ADVANCED_FACE('',(#68),#223,.T.);
#239=ADVANCED_FACE('',(#69),#224,.T.);
#240=ADVANCED_FACE('',(#70),#36,.T.);
#241=ADVANCED_FACE('',(#71),#225,.T.);
#242=ADVANCED_FACE('',(#72,#13),#37,.T.);
#243=ADVANCED_FACE('',(#73),#226,.T.);
#244=ADVANCED_FACE('',(#74),#227,.F.);
#245=ADVANCED_FACE('',(#75),#59,.T.);
#246=ADVANCED_FACE('',(#76),#228,.F.);
#247=ADVANCED_FACE('',(#77),#38,.F.);
#248=ADVANCED_FACE('',(#78),#229,.F.);
#249=ADVANCED_FACE('',(#79),#39,.F.);
#250=CLOSED_SHELL('',(#230,#231,#232));
#251=CLOSED_SHELL('',(#233,#234,#235,#236,#237));
#252=CLOSED_SHELL('',(#240,#241,#242,#243,#244));
#253=CLOSED_SHELL('',(#245,#246,#247,#248,#249));
#254=BREP_WITH_VOIDS('coil',#251,(#55));
#255=BREP_WITH_VOIDS('Body13',#252,(#56));
#256=AXIS2_PLACEMENT_3D('',#361,#289,#290);
#257=AXIS2_PLACEMENT_3D('',#362,#291,#292);
#258=AXIS2_PLACEMENT_3D('',#437,#293,#294);
#259=AXIS2_PLACEMENT_3D('',#2782,#295,#296);
#260=AXIS2_PLACEMENT_3D('',#2890,#297,#298);
#261=AXIS2_PLACEMENT_3D('',#2891,#299,#300);
#262=AXIS2_PLACEMENT_3D('',#2892,#301,#302);
#263=AXIS2_PLACEMENT_3D('',#2893,#303,#304);
#264=AXIS2_PLACEMENT_3D('',#2895,#305,#306);
#265=AXIS2_PLACEMENT_3D('',#2896,#307,#308);
#266=AXIS2_PLACEMENT_3D('',#2898,#310,#311);
#267=AXIS2_PLACEMENT_3D('',#2900,#312,#313);
#268=AXIS2_PLACEMENT_3D('',#2901,#314,#315);
#269=AXIS2_PLACEMENT_3D('',#2903,#317,#318);
#270=AXIS2_PLACEMENT_3D('',#2941,#319,#320);
#271=AXIS2_PLACEMENT_3D('',#2979,#321,#322);
#272=AXIS2_PLACEMENT_3D('',#2981,#323,#324);
#273=AXIS2_PLACEMENT_3D('',#3053,#326,#327);
#274=AXIS2_PLACEMENT_3D('',#3054,#328,#329);
#275=AXIS2_PLACEMENT_3D('',#3056,#330,#331);
#276=AXIS2_PLACEMENT_3D('',#3059,#333,#334);
#277=AXIS2_PLACEMENT_3D('',#3060,#335,#336);
#278=AXIS2_PLACEMENT_3D('',#3061,#337,#338);
#279=AXIS2_PLACEMENT_3D('',#4114,#339,#340);
#280=AXIS2_PLACEMENT_3D('',#4115,#341,#342);
#281=AXIS2_PLACEMENT_3D('',#4223,#343,#344);
#282=AXIS2_PLACEMENT_3D('',#4224,#345,#346);
#283=AXIS2_PLACEMENT_3D('',#4225,#347,#348);
#284=AXIS2_PLACEMENT_3D('',#4227,#349,#350);
#285=AXIS2_PLACEMENT_3D('',#4228,#351,#352);
#286=AXIS2_PLACEMENT_3D('',#4230,#354,#355);
#287=AXIS2_PLACEMENT_3D('',#4232,#356,#357);
#288=AXIS2_PLACEMENT_3D('',#4233,#358,#359);
#289=DIRECTION('axis',(0.,0.,1.));
#290=DIRECTION('refdir',(1.,0.,0.));
#291=DIRECTION('center_axis',(0.,-1.,0.));
#292=DIRECTION('ref_axis',(1.,0.,0.));
#293=DIRECTION('center_axis',(0.,1.,0.));
#294=DIRECTION('ref_axis',(-1.,0.,0.));
#295=DIRECTION('center_axis',(0.,1.,0.));
#296=DIRECTION('ref_axis',(-1.,0.,0.));
#297=DIRECTION('center_axis',(1.95943487863577E-15,-1.,0.));
#298=DIRECTION('ref_axis',(-1.,-1.95943487863577E-15,0.));
#299=DIRECTION('center_axis',(1.95943487863577E-15,-1.,0.));
#300=DIRECTION('ref_axis',(-1.,-1.95943487863577E-15,0.));
#301=DIRECTION('center_axis',(0.,1.,0.));
#302=DIRECTION('ref_axis',(-1.,0.,0.));
#303=DIRECTION('center_axis',(0.,1.,0.));
#304=DIRECTION('ref_axis',(-1.,0.,0.));
#305=DIRECTION('center_axis',(0.,1.,0.));
#306=DIRECTION('ref_axis',(-1.,0.,0.));
#307=DIRECTION('center_axis',(0.,1.,0.));
#308=DIRECTION('ref_axis',(-1.,0.,0.));
#309=DIRECTION('',(0.,-1.,0.));
#310=DIRECTION('center_axis',(0.,-1.,0.));
#311=DIRECTION('ref_axis',(1.,0.,0.));
#312=DIRECTION('center_axis',(0.,-1.,0.));
#313=DIRECTION('ref_axis',(1.,0.,0.));
#314=DIRECTION('center_axis',(0.,-1.,0.));
#315=DIRECTION('ref_axis',(1.,0.,0.));
#316=DIRECTION('',(0.,1.,0.));
#317=DIRECTION('center_axis',(-4.93646694802543E-16,1.,4.37687650985005E-15));
#318=DIRECTION('ref_axis',(0.,-4.37687650985005E-15,1.));
#319=DIRECTION('center_axis',(-2.2898366906116E-19,-1.,-2.19126774924043E-18));
#320=DIRECTION('ref_axis',(0.,2.19126774924043E-18,-1.));
#321=DIRECTION('center_axis',(0.,0.,1.));
#322=DIRECTION('ref_axis',(1.,0.,0.));
#323=DIRECTION('center_axis',(0.,0.,1.));
#324=DIRECTION('ref_axis',(1.,0.,0.));
#325=DIRECTION('',(0.,0.,-1.));
#326=DIRECTION('center_axis',(0.,0.,1.));
#327=DIRECTION('ref_axis',(1.,0.,0.));
#328=DIRECTION('center_axis',(0.,1.,0.));
#329=DIRECTION('ref_axis',(1.,0.,0.));
#330=DIRECTION('center_axis',(0.,1.,0.));
#331=DIRECTION('ref_axis',(1.,0.,0.));
#332=DIRECTION('',(0.,-1.,0.));
#333=DIRECTION('center_axis',(0.,1.,0.));
#334=DIRECTION('ref_axis',(1.,0.,0.));
#335=DIRECTION('center_axis',(0.,1.,0.));
#336=DIRECTION('ref_axis',(1.,0.,0.));
#337=DIRECTION('center_axis',(0.,1.,0.));
#338=DIRECTION('ref_axis',(1.,0.,0.));
#339=DIRECTION('center_axis',(0.,1.,0.));
#340=DIRECTION('ref_axis',(-1.,0.,0.));
#341=DIRECTION('center_axis',(0.,1.,0.));
#342=DIRECTION('ref_axis',(-1.,0.,0.));
#343=DIRECTION('center_axis',(1.95943487863577E-15,-1.,0.));
#344=DIRECTION('ref_axis',(-1.,-1.95943487863577E-15,0.));
#345=DIRECTION('center_axis',(1.95943487863577E-15,-1.,0.));
#346=DIRECTION('ref_axis',(-1.,-1.95943487863577E-15,0.));
#347=DIRECTION('center_axis',(0.,1.,0.));
#348=DIRECTION('ref_axis',(-1.,0.,0.));
#349=DIRECTION('center_axis',(0.,1.,0.));
#350=DIRECTION('ref_axis',(-1.,0.,0.));
#351=DIRECTION('center_axis',(0.,1.,0.));
#352=DIRECTION('ref_axis',(-1.,0.,0.));
#353=DIRECTION('',(0.,1.,0.));
#354=DIRECTION('center_axis',(0.,-1.,0.));
#355=DIRECTION('ref_axis',(1.,0.,0.));
#356=DIRECTION('center_axis',(0.,-1.,0.));
#357=DIRECTION('ref_axis',(1.,0.,0.));
#358=DIRECTION('center_axis',(0.,-1.,0.));
#359=DIRECTION('ref_axis',(1.,0.,0.));
#360=DIRECTION('',(0.,-1.,0.));
#361=CARTESIAN_POINT('',(0.,0.,0.));
#362=CARTESIAN_POINT('Origin',(0.012,0.1,0.129));
#363=CARTESIAN_POINT('',(0.0128,0.1,0.129));
#364=CARTESIAN_POINT('Ctrl Pts',(0.0127999997127859,0.0999999999743477,
0.129));
#365=CARTESIAN_POINT('Ctrl Pts',(0.0127999997472986,0.100000001008816,0.128924494210475));
#366=CARTESIAN_POINT('Ctrl Pts',(0.0127886540249161,0.10000000013245,0.128849267209562));
#367=CARTESIAN_POINT('Ctrl Pts',(0.0127670732301773,0.0999999993849613,
0.128776432208401));
#368=CARTESIAN_POINT('Ctrl Pts',(0.0127374564138825,0.099999998359131,0.128676475701917));
#369=CARTESIAN_POINT('Ctrl Pts',(0.0126892260750582,0.0999999978146027,
0.128582863991811));
#370=CARTESIAN_POINT('Ctrl Pts',(0.0126249915729666,0.0999999970893918,
0.128501184282363));
#371=CARTESIAN_POINT('Ctrl Pts',(0.0125879373853524,0.099999996671048,0.128454066686995));
#372=CARTESIAN_POINT('Ctrl Pts',(0.0125459154417363,0.0999999951473138,
0.12841146172302));
#373=CARTESIAN_POINT('Ctrl Pts',(0.0124993983692194,0.0999999932889678,
0.128374424265713));
#374=CARTESIAN_POINT('Ctrl Pts',(0.0124651978295477,0.0999999919226644,
0.128347193381236));
#375=CARTESIAN_POINT('Ctrl Pts',(0.0124285598223339,0.0999999903113353,
0.128322974749964));
#376=CARTESIAN_POINT('Ctrl Pts',(0.0123899404798188,0.0999999887992884,
0.128301859583638));
#377=CARTESIAN_POINT('Ctrl Pts',(0.0122986992967304,0.0999999852269609,
0.128251973370376));
#378=CARTESIAN_POINT('Ctrl Pts',(0.0121982080852295,0.0999999883090189,
0.128220159890931));
#379=CARTESIAN_POINT('Ctrl Pts',(0.0120945898582867,0.0999999979163584,
0.128207545058033));
#380=CARTESIAN_POINT('Ctrl Pts',(0.0120031599322837,0.100000006393615,0.128196414070055));
#381=CARTESIAN_POINT('Ctrl Pts',(0.0119107706915249,0.100000020204418,0.128200449728741));
#382=CARTESIAN_POINT('Ctrl Pts',(0.0118215235654209,0.100000009087086,0.128220843022276));
#383=CARTESIAN_POINT('Ctrl Pts',(0.0118095682036595,0.100000007597831,0.128223574866005));
#384=CARTESIAN_POINT('Ctrl Pts',(0.0117976695289061,0.100000005582146,0.12822660306491));
#385=CARTESIAN_POINT('Ctrl Pts',(0.0117858354386077,0.100000003209204,0.128229921728633));
#386=CARTESIAN_POINT('Ctrl Pts',(0.0116856950619184,0.0999999831293047,
0.128258004346475));
#387=CARTESIAN_POINT('Ctrl Pts',(0.0115919557971346,0.0999999475532305,
0.128306120202859));
#388=CARTESIAN_POINT('Ctrl Pts',(0.0115093191623703,0.099999953475345,0.12837012073287));
#389=CARTESIAN_POINT('Ctrl Pts',(0.0114267913027429,0.0999999593896642,
0.12843403701857));
#390=CARTESIAN_POINT('Ctrl Pts',(0.0113568422808257,0.100000007473659,0.128512635435438));
#391=CARTESIAN_POINT('Ctrl Pts',(0.0113047069789633,0.100000041769616,0.128602352266456));
#392=CARTESIAN_POINT('Ctrl Pts',(0.011295021178572,0.100000048141187,0.128619020038309));
#393=CARTESIAN_POINT('Ctrl Pts',(0.0112859915646749,0.100000053895653,0.128636017672087));
#394=CARTESIAN_POINT('Ctrl Pts',(0.0112776487989856,0.100000058075058,0.128653320677883));
#395=CARTESIAN_POINT('Ctrl Pts',(0.011241154394375,0.100000076357354,0.128729010553161));
#396=CARTESIAN_POINT('Ctrl Pts',(0.0112177015237764,0.100000064951027,0.128810513689396));
#397=CARTESIAN_POINT('Ctrl Pts',(0.0112070853636809,0.10000005209242,0.128894523115539));
#398=CARTESIAN_POINT('Ctrl Pts',(0.0111940499938206,0.100000036303595,0.128997676603398));
#399=CARTESIAN_POINT('Ctrl Pts',(0.0112005377245674,0.10000001222891,0.129102658596537));
#400=CARTESIAN_POINT('Ctrl Pts',(0.0112265384120961,0.0999999984859705,
0.129203307122979));
#401=CARTESIAN_POINT('Ctrl Pts',(0.0112393142774688,0.0999999917331513,
0.129252762431511));
#402=CARTESIAN_POINT('Ctrl Pts',(0.0112567253775758,0.0999999863666941,
0.129300702310931));
#403=CARTESIAN_POINT('Ctrl Pts',(0.011278761047786,0.0999999918653732,0.129346416278591));
#404=CARTESIAN_POINT('Ctrl Pts',(0.0113016119229621,0.0999999975674747,
0.129393821424831));
#405=CARTESIAN_POINT('Ctrl Pts',(0.01132943708842,0.100000014885349,0.129438838880919));
#406=CARTESIAN_POINT('Ctrl Pts',(0.0113615990681701,0.100000027958134,0.129480963174242));
#407=CARTESIAN_POINT('Ctrl Pts',(0.0114248832184232,0.100000053681057,0.129563849866189));
#408=CARTESIAN_POINT('Ctrl Pts',(0.0115036223625499,0.100000060498454,0.129634093835457));
#409=CARTESIAN_POINT('Ctrl Pts',(0.0115929475941675,0.10000003463726,0.129687813225185));
#410=CARTESIAN_POINT('Ctrl Pts',(0.0116641372529029,0.100000014026626,0.129730626044733));
#411=CARTESIAN_POINT('Ctrl Pts',(0.0117410348359076,0.0999999754284161,
0.129762268705002));
#412=CARTESIAN_POINT('Ctrl Pts',(0.0118213604063195,0.0999999619745539,
0.129780599660684));
#413=CARTESIAN_POINT('Ctrl Pts',(0.0118419463728022,0.0999999585265764,
0.129785297547513));
#414=CARTESIAN_POINT('Ctrl Pts',(0.0118627599746617,0.0999999568825997,
0.129789115002657));
#415=CARTESIAN_POINT('Ctrl Pts',(0.0118837508805573,0.099999956396776,0.129792064255942));
#416=CARTESIAN_POINT('Ctrl Pts',(0.0119866519178386,0.0999999540151845,
0.129806522003677));
#417=CARTESIAN_POINT('Ctrl Pts',(0.0120918743874172,0.0999999759153495,
0.129800096854947));
#418=CARTESIAN_POINT('Ctrl Pts',(0.0121933408750515,0.0999999879381913,
0.129774656117676));
#419=CARTESIAN_POINT('Ctrl Pts',(0.0122947148720237,0.0999999999500738,
0.12974923857063));
#420=CARTESIAN_POINT('Ctrl Pts',(0.0123904915894354,0.100000003651543,0.129705301007951));
#421=CARTESIAN_POINT('Ctrl Pts',(0.0124743685504335,0.100000004992176,0.129643951892419));
#422=CARTESIAN_POINT('Ctrl Pts',(0.012482798940479,0.100000005126922,0.129637785753747));
#423=CARTESIAN_POINT('Ctrl Pts',(0.0124910917114671,0.100000005302605,0.129631453208182));
#424=CARTESIAN_POINT('Ctrl Pts',(0.0124992408478207,0.100000005514423,0.129624955903669));
#425=CARTESIAN_POINT('Ctrl Pts',(0.0125720734605304,0.100000007407542,0.12956688647855));
#426=CARTESIAN_POINT('Ctrl Pts',(0.0126335533652419,0.100000009035915,0.129495771524868));
#427=CARTESIAN_POINT('Ctrl Pts',(0.0126820107588315,0.100000009025613,0.12941564782339));
#428=CARTESIAN_POINT('Ctrl Pts',(0.0127124944697624,0.100000009019133,0.129365243384075));
#429=CARTESIAN_POINT('Ctrl Pts',(0.0127375376015493,0.100000008230903,0.129311673237324));
#430=CARTESIAN_POINT('Ctrl Pts',(0.0127566552014305,0.100000006856329,0.129255915345217));
#431=CARTESIAN_POINT('Ctrl Pts',(0.0127757657252296,0.100000005482264,0.129200178091025));
#432=CARTESIAN_POINT('Ctrl Pts',(0.0127888393353575,0.100000003524549,0.129142593082942));
#433=CARTESIAN_POINT('Ctrl Pts',(0.0127953218760665,0.10000000189092,0.129084118309148));
#434=CARTESIAN_POINT('Ctrl Pts',(0.0127984241003345,0.100000001109146,0.129056135166355));
#435=CARTESIAN_POINT('Ctrl Pts',(0.0127999997003813,0.100000000416177,0.129028061229066));
#436=CARTESIAN_POINT('Ctrl Pts',(0.0127999997127859,0.0999999999743476,
0.129));
#437=CARTESIAN_POINT('Origin',(0.012,0.1,0.069));
#438=CARTESIAN_POINT('',(0.0128,0.1,0.069));
#439=CARTESIAN_POINT('Ctrl Pts',(0.0127999997135209,0.100000000025587,0.069));
#440=CARTESIAN_POINT('Ctrl Pts',(0.0127999997673382,0.0999999983794546,
0.0691039642971395));
#441=CARTESIAN_POINT('Ctrl Pts',(0.0127786110116984,0.100000001897429,0.0692066953782508));
#442=CARTESIAN_POINT('Ctrl Pts',(0.0127389172062725,0.100000003841964,0.0693029276612201));
#443=CARTESIAN_POINT('Ctrl Pts',(0.0126991964254533,0.10000000578782,0.0693992253423958));
#444=CARTESIAN_POINT('Ctrl Pts',(0.012641878786382,0.100000006158624,0.069487235562748));
#445=CARTESIAN_POINT('Ctrl Pts',(0.0125693933448627,0.100000005234851,0.0695614618240052));
#446=CARTESIAN_POINT('Ctrl Pts',(0.0125472851168767,0.100000004953098,0.0695841010060537));
#447=CARTESIAN_POINT('Ctrl Pts',(0.0125238767428487,0.10000000496843,0.0696053143016627));
#448=CARTESIAN_POINT('Ctrl Pts',(0.012499241628891,0.100000004952532,0.0696249558567088));
#449=CARTESIAN_POINT('Ctrl Pts',(0.0124430224612086,0.100000004916249,0.0696697793504656));
#450=CARTESIAN_POINT('Ctrl Pts',(0.0123804373438149,0.100000003370173,0.069706462037117));
#451=CARTESIAN_POINT('Ctrl Pts',(0.0123135689253086,0.0999999989047671,
0.0697345894209395));
#452=CARTESIAN_POINT('Ctrl Pts',(0.0122173059301273,0.0999999924764214,
0.0697750812745506));
#453=CARTESIAN_POINT('Ctrl Pts',(0.0121140083673399,0.0999999755796616,
0.0697972079330138));
#454=CARTESIAN_POINT('Ctrl Pts',(0.0120098006848858,0.0999999632886895,
0.069799427718279));
#455=CARTESIAN_POINT('Ctrl Pts',(0.0119461534291848,0.0999999557816936,
0.069800783503544));
#456=CARTESIAN_POINT('Ctrl Pts',(0.0118828852649338,0.099999950834578,0.0697946398868551));
#457=CARTESIAN_POINT('Ctrl Pts',(0.0118213614688646,0.0999999613329732,
0.0697805996427924));
#458=CARTESIAN_POINT('Ctrl Pts',(0.0117821181611445,0.0999999680294351,
0.0697716439922406));
#459=CARTESIAN_POINT('Ctrl Pts',(0.0117435831066328,0.0999999812552111,
0.0697594660676318));
#460=CARTESIAN_POINT('Ctrl Pts',(0.0117060269520028,0.0999999949939838,
0.0697442982820045));
#461=CARTESIAN_POINT('Ctrl Pts',(0.0116096540274919,0.100000030249076,0.0697053761965657));
#462=CARTESIAN_POINT('Ctrl Pts',(0.0115214277314921,0.100000060096348,0.069647686505495));
#463=CARTESIAN_POINT('Ctrl Pts',(0.0114460025472247,0.100000051557093,0.0695753527968336));
#464=CARTESIAN_POINT('Ctrl Pts',(0.0113770692369566,0.100000043752815,0.0695092448777025));
#465=CARTESIAN_POINT('Ctrl Pts',(0.0113200122915473,0.100000004106647,0.0694319926320097));
#466=CARTESIAN_POINT('Ctrl Pts',(0.0112787614644977,0.0999999946635857,
0.0693464161484609));
#467=CARTESIAN_POINT('Ctrl Pts',(0.0112749434860115,0.0999999937895813,
0.0693384956000385));
#468=CARTESIAN_POINT('Ctrl Pts',(0.0112712622497004,0.0999999931810415,
0.069330502958044));
#469=CARTESIAN_POINT('Ctrl Pts',(0.0112677179987544,0.099999992763789,0.0693224417784634));
#470=CARTESIAN_POINT('Ctrl Pts',(0.0112259385929069,0.0999999878452419,
0.0692274171037338));
#471=CARTESIAN_POINT('Ctrl Pts',(0.0112037491935051,0.100000011782876,0.069124745456311));
#472=CARTESIAN_POINT('Ctrl Pts',(0.0112009024116295,0.100000030469304,0.069020618071546));
#473=CARTESIAN_POINT('Ctrl Pts',(0.0111980561573053,0.100000049152269,0.0689165099831447));
#474=CARTESIAN_POINT('Ctrl Pts',(0.0112145993956508,0.100000069473465,0.0688128865297887));
#475=CARTESIAN_POINT('Ctrl Pts',(0.0112509158777905,0.100000064371481,0.0687159258995205));
#476=CARTESIAN_POINT('Ctrl Pts',(0.0112588947532269,0.100000063250555,0.0686946232637593));
#477=CARTESIAN_POINT('Ctrl Pts',(0.0112678058340754,0.100000061057153,0.0686737340718582));
#478=CARTESIAN_POINT('Ctrl Pts',(0.011277648255437,0.100000056655723,0.0686533206477403));
#479=CARTESIAN_POINT('Ctrl Pts',(0.0113126599984461,0.100000040998829,0.0685807054311292));
#480=CARTESIAN_POINT('Ctrl Pts',(0.0113593819005009,0.0999999978410929,
0.0685140615566389));
#481=CARTESIAN_POINT('Ctrl Pts',(0.0114153423743012,0.0999999744182371,
0.0684550857183539));
#482=CARTESIAN_POINT('Ctrl Pts',(0.0114871555329605,0.0999999443600702,
0.0683794029918827));
#483=CARTESIAN_POINT('Ctrl Pts',(0.0115727770376002,0.0999999481111502,
0.0683176876305906));
#484=CARTESIAN_POINT('Ctrl Pts',(0.0116673171016082,0.099999972630122,0.0682738169671705));
#485=CARTESIAN_POINT('Ctrl Pts',(0.0117169490158541,0.0999999855021622,
0.068250785620327));
#486=CARTESIAN_POINT('Ctrl Pts',(0.0117685782360392,0.100000002070305,0.068232941003243));
#487=CARTESIAN_POINT('Ctrl Pts',(0.0118215225796999,0.100000008933922,0.0682208430148719));
#488=CARTESIAN_POINT('Ctrl Pts',(0.0118695215173945,0.100000015156424,0.0682098750709915));
#489=CARTESIAN_POINT('Ctrl Pts',(0.0119186072566465,0.100000013348017,0.0682036318711895));
#490=CARTESIAN_POINT('Ctrl Pts',(0.0119681444676231,0.100000009695919,0.0682019590185071));
#491=CARTESIAN_POINT('Ctrl Pts',(0.0120722949440067,0.100000002017495,0.0681984418967242));
#492=CARTESIAN_POINT('Ctrl Pts',(0.0121765045998191,0.0999999891291297,
0.0682149979312259));
#493=CARTESIAN_POINT('Ctrl Pts',(0.0122747382587247,0.0999999873507233,
0.0682501911854437));
#494=CARTESIAN_POINT('Ctrl Pts',(0.0123561797233792,0.0999999858763201,
0.068279368457281));
#495=CARTESIAN_POINT('Ctrl Pts',(0.0124322463261783,0.0999999897231007,
0.0683209577277402));
#496=CARTESIAN_POINT('Ctrl Pts',(0.0124993975740998,0.0999999927109536,
0.0683744242161466));
#497=CARTESIAN_POINT('Ctrl Pts',(0.0125131574510019,0.0999999933231907,
0.0683853799663617));
#498=CARTESIAN_POINT('Ctrl Pts',(0.0125265403192199,0.0999999937715728,
0.068396838697302));
#499=CARTESIAN_POINT('Ctrl Pts',(0.0125395330322071,0.0999999940016989,
0.0684087746442382));
#500=CARTESIAN_POINT('Ctrl Pts',(0.0126158446760053,0.0999999953533258,
0.0684788794585205));
#501=CARTESIAN_POINT('Ctrl Pts',(0.0126774415572445,0.0999999940461717,
0.0685639587392493));
#502=CARTESIAN_POINT('Ctrl Pts',(0.0127219666384112,0.099999994602503,0.0686582895455852));
#503=CARTESIAN_POINT('Ctrl Pts',(0.0127471608256548,0.099999994917299,0.0687116659333514));
#504=CARTESIAN_POINT('Ctrl Pts',(0.0127666328851685,0.099999995688817,0.0687675860514375));
#505=CARTESIAN_POINT('Ctrl Pts',(0.012779863449849,0.0999999967658143,0.0688250508439991));
#506=CARTESIAN_POINT('Ctrl Pts',(0.0127930906069273,0.0999999978425342,
0.0688825008361978));
#507=CARTESIAN_POINT('Ctrl Pts',(0.0127999996905247,0.0999999992266896,
0.0689411457990613));
#508=CARTESIAN_POINT('Ctrl Pts',(0.0127999997135209,0.100000000025587,0.069));
#509=CARTESIAN_POINT('Ctrl Pts',(0.0127999819131647,0.100021517961249,0.0689979933448177));
#510=CARTESIAN_POINT('Ctrl Pts',(0.0128032012080979,0.098106516979434,0.0691765767254522));
#511=CARTESIAN_POINT('Ctrl Pts',(0.0119364118015514,0.0942762960511348,
0.069533743486721));
#512=CARTESIAN_POINT('Ctrl Pts',(0.00827026475181056,0.0896635763613092,
0.0700694936286243));
#513=CARTESIAN_POINT('Ctrl Pts',(0.00296625276117482,0.0870988949405885,
0.0706052437705277));
#514=CARTESIAN_POINT('Ctrl Pts',(-0.00292555206943649,0.0870895281550104,
0.0711409939124309));
#515=CARTESIAN_POINT('Ctrl Pts',(-0.00823774559949482,0.0896376913031095,
0.0716767440543343));
#516=CARTESIAN_POINT('Ctrl Pts',(-0.0119181805974001,0.0942384487391295,
0.0722124941962375));
#517=CARTESIAN_POINT('Ctrl Pts',(-0.0132377476714724,0.0999805367861708,
0.0727482443381409));
#518=CARTESIAN_POINT('Ctrl Pts',(-0.0119350688648542,0.105726448888976,
0.0732839944800441));
#519=CARTESIAN_POINT('Ctrl Pts',(-0.00826821418470661,0.110338065090263,
0.0738197446219475));
#520=CARTESIAN_POINT('Ctrl Pts',(-0.00296346823944049,0.112901741276047,
0.0743554947638508));
#521=CARTESIAN_POINT('Ctrl Pts',(0.00292818689231286,0.112909919410805,
0.0748912449057541));
#522=CARTESIAN_POINT('Ctrl Pts',(0.00824005710288284,0.110360400019653,
0.0754269950476574));
#523=CARTESIAN_POINT('Ctrl Pts',(0.0119191272531314,0.105759438885809,0.0759627451895607));
#524=CARTESIAN_POINT('Ctrl Pts',(0.0132383055821008,0.100015834193071,0.076498495331464));
#525=CARTESIAN_POINT('Ctrl Pts',(0.0119327008681807,0.094272836624953,0.0770342454733673));
#526=CARTESIAN_POINT('Ctrl Pts',(0.00786142207288434,0.0891433429769549,
0.0776295234088154));
#527=CARTESIAN_POINT('Ctrl Pts',(0.00103239482803895,0.0864485107839224,
0.0782843291378084));
#528=CARTESIAN_POINT('Ctrl Pts',(-0.00678134164138584,0.0882236940735676,
0.0789986626603461));
#529=CARTESIAN_POINT('Ctrl Pts',(-0.0122391858261257,0.0940910151727733,
0.0797129961828839));
#530=CARTESIAN_POINT('Ctrl Pts',(-0.0133021087492268,0.101129816859369,
0.0803479593140284));
#531=CARTESIAN_POINT('Ctrl Pts',(-0.0112207357373348,0.106842267609117,
0.0809035520537801));
#532=CARTESIAN_POINT('Ctrl Pts',(-0.00768504115558521,0.110665707324989,
0.0813797744021386));
#533=CARTESIAN_POINT('Ctrl Pts',(-0.00293664125353224,0.112811764102944,
0.0818559967504971));
#534=CARTESIAN_POINT('Ctrl Pts',(0.00227012857213473,0.11294701531448,0.0823322190988556));
#535=CARTESIAN_POINT('Ctrl Pts',(0.00712164873838325,0.111048186799621,
0.082808441447214));
#536=CARTESIAN_POINT('Ctrl Pts',(0.0108539433197224,0.107414137681225,0.0832846637955726));
#537=CARTESIAN_POINT('Ctrl Pts',(0.0128817175185678,0.102615568714677,0.083760886143931));
#538=CARTESIAN_POINT('Ctrl Pts',(0.0128860267990526,0.0974060443246011,
0.0842371084922896));
#539=CARTESIAN_POINT('Ctrl Pts',(0.0108662237273383,0.0926044087503525,
0.084713330840648));
#540=CARTESIAN_POINT('Ctrl Pts',(0.00714037413394719,0.0889630594668711,
0.0851895531890066));
#541=CARTESIAN_POINT('Ctrl Pts',(0.0022923246984252,0.0870572612258569,
0.085665775537365));
#542=CARTESIAN_POINT('Ctrl Pts',(-0.00248227498199324,0.0871724840174056,
0.086102312690027));
#543=CARTESIAN_POINT('Ctrl Pts',(-0.00648659536940461,0.0887452880759804,
0.0864991646469924));
#544=CARTESIAN_POINT('Ctrl Pts',(-0.0105335079326967,0.0919563518845726,
0.0869753869953509));
#545=CARTESIAN_POINT('Ctrl Pts',(-0.0134393707081862,0.0979627904553895,
0.0875706649307991));
#546=CARTESIAN_POINT('Ctrl Pts',(-0.0122447648963362,0.105890071200987,
0.0882849984533367));
#547=CARTESIAN_POINT('Ctrl Pts',(-0.00680424117334795,0.111764953055056,
0.0889993319758745));
#548=CARTESIAN_POINT('Ctrl Pts',(0.00101113238518645,0.113553229230244,
0.0897136654984122));
#549=CARTESIAN_POINT('Ctrl Pts',(0.00784253070595262,0.110869843113485,
0.0903684712274051));
#550=CARTESIAN_POINT('Ctrl Pts',(0.0119233282718241,0.105747205227551,0.0909637491628533));
#551=CARTESIAN_POINT('Ctrl Pts',(0.013238187626868,0.100006405011328,0.0914994993047566));
#552=CARTESIAN_POINT('Ctrl Pts',(0.0119288457290331,0.0942605940873976,
0.0920352494466599));
#553=CARTESIAN_POINT('Ctrl Pts',(0.00825742296587317,0.0896534577109827,
0.0925709995885632));
#554=CARTESIAN_POINT('Ctrl Pts',(0.00294988491124109,0.0870950182561257,
0.0931067497304664));
#555=CARTESIAN_POINT('Ctrl Pts',(-0.00294179561024453,0.0870932983604169,
0.0936424998723699));
#556=CARTESIAN_POINT('Ctrl Pts',(-0.008250830759941,0.0896480585447575,
0.094178250014273));
#557=CARTESIAN_POINT('Ctrl Pts',(-0.0119254345766162,0.0942535088180546,
0.0947140001561764));
#558=CARTESIAN_POINT('Ctrl Pts',(-0.0132377575243749,0.0999972222573256,
0.0952497502980797));
#559=CARTESIAN_POINT('Ctrl Pts',(-0.0119278509825873,0.105741523451998,
0.0957855004399831));
#560=CARTESIAN_POINT('Ctrl Pts',(-0.0082551267755414,0.110348448278142,
0.0963212505818863));
#561=CARTESIAN_POINT('Ctrl Pts',(-0.00294727094547814,0.112905552021521,
0.0968570007237897));
#562=CARTESIAN_POINT('Ctrl Pts',(0.0029446473259689,0.112906041648911,0.0973927508656929));
#563=CARTESIAN_POINT('Ctrl Pts',(0.00825274914538643,0.110350362001346,
0.0979285010075963));
#564=CARTESIAN_POINT('Ctrl Pts',(0.0119271732524187,0.105743615756893,0.0984642511494995));
#565=CARTESIAN_POINT('Ctrl Pts',(0.0131880916893837,0.100213472010376,0.0989801586935546));
#566=CARTESIAN_POINT('Ctrl Pts',(0.0121126548322604,0.0948924198750182,
0.0994762236397614));
#567=CARTESIAN_POINT('Ctrl Pts',(0.00917670386238879,0.0905919437216477,
0.0999524459881199));
#568=CARTESIAN_POINT('Ctrl Pts',(0.00407377121075659,0.0872868555579199,
0.100508038727871));
#569=CARTESIAN_POINT('Ctrl Pts',(-0.00302468688359468,0.0867513263319683,
0.101143001859016));
#570=CARTESIAN_POINT('Ctrl Pts',(-0.00996396696813602,0.0907569114917436,
0.101857335381554));
#571=CARTESIAN_POINT('Ctrl Pts',(-0.0134392811556362,0.0979790845756536,
0.102571668904092));
#572=CARTESIAN_POINT('Ctrl Pts',(-0.012371949329171,0.105015986723877,0.103206632035236));
#573=CARTESIAN_POINT('Ctrl Pts',(-0.00869267853034829,0.109857163945003,
0.103762224774988));
#574=CARTESIAN_POINT('Ctrl Pts',(-0.00418374930319504,0.112461578235462,
0.104238447123346));
#575=CARTESIAN_POINT('Ctrl Pts',(0.000986914392206949,0.113107031743531,
0.104714669471705));
#576=CARTESIAN_POINT('Ctrl Pts',(0.00600049148840872,0.111695075545056,
0.105190891820063));
#577=CARTESIAN_POINT('Ctrl Pts',(0.0100728226868847,0.108445613649472,0.105667114168422));
#578=CARTESIAN_POINT('Ctrl Pts',(0.0125619550754881,0.103869302359139,0.10614333651678));
#579=CARTESIAN_POINT('Ctrl Pts',(0.013078443052839,0.0986857550542878,0.106619558865139));
#580=CARTESIAN_POINT('Ctrl Pts',(0.0115412955420321,0.0937080509981537,
0.107095781213497));
#581=CARTESIAN_POINT('Ctrl Pts',(0.00819042693515896,0.0897198414328882,
0.107572003561856));
#582=CARTESIAN_POINT('Ctrl Pts',(0.0035534549056844,0.0873437618236793,
0.108048225910214));
#583=CARTESIAN_POINT('Ctrl Pts',(-0.00164022296276638,0.0869602574400468,
0.108524448258573));
#584=CARTESIAN_POINT('Ctrl Pts',(-0.00740510728228173,0.0888921721068653,
0.109080040998324));
#585=CARTESIAN_POINT('Ctrl Pts',(-0.0122479912213087,0.0941088374076027,
0.109715004129469));
#586=CARTESIAN_POINT('Ctrl Pts',(-0.0134362062343636,0.102035159051554,
0.110429337652007));
#587=CARTESIAN_POINT('Ctrl Pts',(-0.00995563411416463,0.109249445831828,
0.111143671174544));
#588=CARTESIAN_POINT('Ctrl Pts',(-0.00301450086859129,0.113251485094183,
0.111858004697082));
#589=CARTESIAN_POINT('Ctrl Pts',(0.00497480122024469,0.112645872079244,
0.11257233821962));
#590=CARTESIAN_POINT('Ctrl Pts',(0.0112336291084818,0.107647172941439,0.113286671742158));
#591=CARTESIAN_POINT('Ctrl Pts',(0.0135911472341804,0.0999867802773036,
0.114001005264695));
#592=CARTESIAN_POINT('Ctrl Pts',(0.0114814286400463,0.093188646512907,0.11463596839584));
#593=CARTESIAN_POINT('Ctrl Pts',(0.00711962668481005,0.0889528516379052,
0.115191561135592));
#594=CARTESIAN_POINT('Ctrl Pts',(0.00227102289291941,0.0870524832802785,
0.11566778348395));
#595=CARTESIAN_POINT('Ctrl Pts',(-0.00293703692628754,0.087188450004542,
0.116144005832309));
#596=CARTESIAN_POINT('Ctrl Pts',(-0.0076849081510356,0.0893341962791158,
0.116620228180667));
#597=CARTESIAN_POINT('Ctrl Pts',(-0.0112207586493036,0.0931578247577958,
0.117096450529026));
#598=CARTESIAN_POINT('Ctrl Pts',(-0.01330217765694,0.0988700660922825,0.117652043268777));
#599=CARTESIAN_POINT('Ctrl Pts',(-0.0122377365523968,0.105908729877057,
0.118287006399922));
#600=CARTESIAN_POINT('Ctrl Pts',(-0.00678278670139965,0.111777481303005,
0.11900133992246));
#601=CARTESIAN_POINT('Ctrl Pts',(0.00103310684828639,0.113550961685902,
0.119715673444997));
#602=CARTESIAN_POINT('Ctrl Pts',(0.00786115313130933,0.110856867092872,
0.12037047917399));
#603=CARTESIAN_POINT('Ctrl Pts',(0.0119328343726749,0.105727043675524,0.120965757109438));
#604=CARTESIAN_POINT('Ctrl Pts',(0.0132382481954753,0.0999841816475834,
0.121501507251342));
#605=CARTESIAN_POINT('Ctrl Pts',(0.0119191418318127,0.0942405143538575,
0.122037257393245));
#606=CARTESIAN_POINT('Ctrl Pts',(0.00824002193180035,0.0896395920418121,
0.122573007535148));
#607=CARTESIAN_POINT('Ctrl Pts',(0.00292816497214258,0.0870900695893499,
0.123108757677052));
#608=CARTESIAN_POINT('Ctrl Pts',(-0.00296349899175441,0.0870982673356344,
0.123644507818955));
#609=CARTESIAN_POINT('Ctrl Pts',(-0.00826823521650867,0.0896619517630934,
0.124180257960858));
#610=CARTESIAN_POINT('Ctrl Pts',(-0.0119350818861646,0.0942735774248221,
0.124716008102762));
#611=CARTESIAN_POINT('Ctrl Pts',(-0.0132377473319357,0.100019491626583,
0.125251758244665));
#612=CARTESIAN_POINT('Ctrl Pts',(-0.0119181682709706,0.105761577157782,
0.125787508386568));
#613=CARTESIAN_POINT('Ctrl Pts',(-0.00823772311170549,0.110362326470116,
0.126323258528471));
#614=CARTESIAN_POINT('Ctrl Pts',(-0.00292552416542489,0.112910478199397,
0.126859008670375));
#615=CARTESIAN_POINT('Ctrl Pts',(0.00296628069096607,0.112901098629608,
0.127394758812278));
#616=CARTESIAN_POINT('Ctrl Pts',(0.00827028711022984,0.110336405749304,
0.127930508954181));
#617=CARTESIAN_POINT('Ctrl Pts',(0.0119364241901432,0.105723678118251,0.128466259096085));
#618=CARTESIAN_POINT('Ctrl Pts',(0.0128032053051226,0.101893455317427,0.128823425857354));
#619=CARTESIAN_POINT('Ctrl Pts',(0.0127999818665749,0.099978454342582,0.129002009237988));
#620=CARTESIAN_POINT('Ctrl Pts',(0.0127999726764025,0.10002701245898,0.0687586339045442));
#621=CARTESIAN_POINT('Ctrl Pts',(0.0128040184821411,0.0981117213828824,
0.0689372172851786));
#622=CARTESIAN_POINT('Ctrl Pts',(0.0119389807250314,0.0942815036997365,
0.0692943840464475));
#623=CARTESIAN_POINT('Ctrl Pts',(0.00827475372574406,0.0896669781515722,
0.0698301341883508));
#624=CARTESIAN_POINT('Ctrl Pts',(0.00297182135592599,0.0871000969122309,
0.0703658843302541));
#625=CARTESIAN_POINT('Ctrl Pts',(-0.00292003478354229,0.0870881553793321,
0.0709016344721575));
#626=CARTESIAN_POINT('Ctrl Pts',(-0.00823336017717506,0.0896340791571033,
0.0714373846140607));
#627=CARTESIAN_POINT('Ctrl Pts',(-0.0119158016967772,0.0942332826664341,
0.0719731347559641));
#628=CARTESIAN_POINT('Ctrl Pts',(-0.0132378436910994,0.0999748543329545,
0.0725088848978673));
#629=CARTESIAN_POINT('Ctrl Pts',(-0.0119376222104961,0.105721368886637,
0.0730446350397707));
#630=CARTESIAN_POINT('Ctrl Pts',(-0.00827271821097951,0.110334597230615,
0.0735803851816739));
#631=CARTESIAN_POINT('Ctrl Pts',(-0.00296903154875448,0.112900570476502,
0.0741161353235773));
#632=CARTESIAN_POINT('Ctrl Pts',(0.00292266753447046,0.112911279438433,
0.0746518854654805));
#633=CARTESIAN_POINT('Ctrl Pts',(0.00823567267117244,0.110364018701341,
0.0751876356073839));
#634=CARTESIAN_POINT('Ctrl Pts',(0.0119167510421522,0.105764604669159,0.0757233857492871));
#635=CARTESIAN_POINT('Ctrl Pts',(0.0132383976373262,0.100021512475975,0.0762591358911905));
#636=CARTESIAN_POINT('Ctrl Pts',(0.0119352621333538,0.094277923916292,0.0767948860330938));
#637=CARTESIAN_POINT('Ctrl Pts',(0.00786608395605644,0.0891465788353926,
0.0773901639685419));
#638=CARTESIAN_POINT('Ctrl Pts',(0.00103824656521347,0.0864488714019754,
0.0780449696975348));
#639=CARTESIAN_POINT('Ctrl Pts',(-0.00677635998220117,0.0882206623178615,
0.0787593032200726));
#640=CARTESIAN_POINT('Ctrl Pts',(-0.012236718467273,0.0940857540500543,
0.0794736367426103));
#641=CARTESIAN_POINT('Ctrl Pts',(-0.0133027537767927,0.101123996672022,
0.080108599873755));
#642=CARTESIAN_POINT('Ctrl Pts',(-0.0112237496633126,0.106837438210757,
0.0806641926135066));
#643=CARTESIAN_POINT('Ctrl Pts',(-0.00768971620182099,0.110662527207138,
0.0811404149618651));
#644=CARTESIAN_POINT('Ctrl Pts',(-0.00294209547550068,0.112810573469737,
0.0816166373102235));
#645=CARTESIAN_POINT('Ctrl Pts',(0.00226461189730899,0.112948120808081,
0.0820928596585821));
#646=CARTESIAN_POINT('Ctrl Pts',(0.00711695539098437,0.111051320489545,
0.0825690820069406));
#647=CARTESIAN_POINT('Ctrl Pts',(0.0108508559464018,0.107418862858167,0.0830453043552991));
#648=CARTESIAN_POINT('Ctrl Pts',(0.0128806814990448,0.102621119571554,0.0835215267036576));
#649=CARTESIAN_POINT('Ctrl Pts',(0.0128872823449437,0.0974115687567484,
0.083997749052016));
#650=CARTESIAN_POINT('Ctrl Pts',(0.010869471898954,0.0926090938484794,0.0844739714003746));
#651=CARTESIAN_POINT('Ctrl Pts',(0.00714521199854817,0.0889659890453347,
0.084950193748733));
#652=CARTESIAN_POINT('Ctrl Pts',(0.00229781855939298,0.0870581825041188,
0.0854264160970915));
#653=CARTESIAN_POINT('Ctrl Pts',(-0.00247673937530706,0.0871712829573543,
0.0858629532497534));
#654=CARTESIAN_POINT('Ctrl Pts',(-0.00648180698843347,0.0887424116783244,
0.0862598052067189));
#655=CARTESIAN_POINT('Ctrl Pts',(-0.010530167692918,0.0919518328994046,
0.0867360275550774));
#656=CARTESIAN_POINT('Ctrl Pts',(-0.0134386579702868,0.0979571043817842,
0.0873313054905255));
#657=CARTESIAN_POINT('Ctrl Pts',(-0.0122473931654028,0.105884715555879,
0.0880456390130633));
#658=CARTESIAN_POINT('Ctrl Pts',(-0.00680927500921834,0.111762274770883,
0.088759972535601));
#659=CARTESIAN_POINT('Ctrl Pts',(0.00100530440231973,0.113553689494822,
0.0894743060581387));
#660=CARTESIAN_POINT('Ctrl Pts',(0.00783788057903695,0.110873372870221,
0.0901291117871316));
#661=CARTESIAN_POINT('Ctrl Pts',(0.0119209554435102,0.105752351133804,0.0907243897225798));
#662=CARTESIAN_POINT('Ctrl Pts',(0.0132382871475961,0.100012099663175,0.0912601398644831));
#663=CARTESIAN_POINT('Ctrl Pts',(0.0119314051944022,0.0942656658009992,
0.0917958900063864));
#664=CARTESIAN_POINT('Ctrl Pts',(0.00826193030516584,0.0896569236034396,
0.0923316401482897));
#665=CARTESIAN_POINT('Ctrl Pts',(0.00295544941285074,0.0870961817063238,
0.092867390290193));
#666=CARTESIAN_POINT('Ctrl Pts',(-0.00293627728146345,0.0870919336579667,
0.0934031404320963));
#667=CARTESIAN_POINT('Ctrl Pts',(-0.00824645116501612,0.0896444338227438,
0.0939388905739996));
#668=CARTESIAN_POINT('Ctrl Pts',(-0.0119230616423342,0.0942483430439683,
0.0944746407159029));
#669=CARTESIAN_POINT('Ctrl Pts',(-0.0132378608732788,0.0999915384419423,
0.0950103908578062));
#670=CARTESIAN_POINT('Ctrl Pts',(-0.0119304108721413,0.105736447237617,
0.0955461409997096));
#671=CARTESIAN_POINT('Ctrl Pts',(-0.00825963465791846,0.110344986135307,
0.0960818911416128));
#672=CARTESIAN_POINT('Ctrl Pts',(-0.00295283692442613,0.112904387609614,
0.0966176412835162));
#673=CARTESIAN_POINT('Ctrl Pts',(0.00293913229165113,0.112907410330293,
0.0971533914254194));
#674=CARTESIAN_POINT('Ctrl Pts',(0.00824836384118087,0.11035398304557,0.0976891415673228));
#675=CARTESIAN_POINT('Ctrl Pts',(0.0119248158175839,0.105748794902664,0.098224891709226));
#676=CARTESIAN_POINT('Ctrl Pts',(0.0131880794733638,0.100219137488309,0.0987407992532812));
#677=CARTESIAN_POINT('Ctrl Pts',(0.0121150143742754,0.0948976808614835,
0.0992368641994879));
#678=CARTESIAN_POINT('Ctrl Pts',(0.00918079683807472,0.090595838825703,
0.0997130865478463));
#679=CARTESIAN_POINT('Ctrl Pts',(0.00407905811463849,0.0872883681015298,
0.100268679287598));
#680=CARTESIAN_POINT('Ctrl Pts',(-0.00301883222641834,0.0867499788985235,
0.100903642418743));
#681=CARTESIAN_POINT('Ctrl Pts',(-0.00996027023093926,0.0907525780620306,
0.10161797594128));
#682=CARTESIAN_POINT('Ctrl Pts',(-0.013438416518964,0.0979733162982481,
0.102332309463818));
#683=CARTESIAN_POINT('Ctrl Pts',(-0.0123742848024535,0.105010623388246,
0.102967272594963));
#684=CARTESIAN_POINT('Ctrl Pts',(-0.00869696253053241,0.109853510296497,
0.103522865334714));
#685=CARTESIAN_POINT('Ctrl Pts',(-0.0041891595363268,0.112459880689446,
0.103999087683073));
#686=CARTESIAN_POINT('Ctrl Pts',(0.00098120509236466,0.113107548905661,
0.104475310031431));
#687=CARTESIAN_POINT('Ctrl Pts',(0.00599554267703958,0.111697738645318,
0.10495153237979));
#688=CARTESIAN_POINT('Ctrl Pts',(0.0100693425695931,0.108449934996847,0.105427754728148));
#689=CARTESIAN_POINT('Ctrl Pts',(0.0125603832014669,0.103874749800704,0.105903977076507));
#690=CARTESIAN_POINT('Ctrl Pts',(0.0130791068732686,0.0986914533747245,
0.106380199424865));
#691=CARTESIAN_POINT('Ctrl Pts',(0.0115440532996746,0.093712823341679,0.106856421773224));
#692=CARTESIAN_POINT('Ctrl Pts',(0.00819498006957168,0.0897233975213551,
0.107332644121582));
#693=CARTESIAN_POINT('Ctrl Pts',(0.00355878121199451,0.0873450956527636,
0.107808866469941));
#694=CARTESIAN_POINT('Ctrl Pts',(-0.00163458997566807,0.0869594823882731,
0.108285088818299));
#695=CARTESIAN_POINT('Ctrl Pts',(-0.00740051882897676,0.0888889358588192,
0.108840681558051));
#696=CARTESIAN_POINT('Ctrl Pts',(-0.0122455135295612,0.0941035245133216,
0.109475644689195));
#697=CARTESIAN_POINT('Ctrl Pts',(-0.013437208449992,0.102029410670979,0.110189978211733));
#698=CARTESIAN_POINT('Ctrl Pts',(-0.00995967460141165,0.109245241020504,
0.110904311734271));
#699=CARTESIAN_POINT('Ctrl Pts',(-0.00302021724935328,0.113250299668622,
0.111618645256809));
#700=CARTESIAN_POINT('Ctrl Pts',(0.00496940832763375,0.112648101033373,
0.112332978779346));
#701=CARTESIAN_POINT('Ctrl Pts',(0.0112304439210808,0.107652070968008,0.113047312301884));
#702=CARTESIAN_POINT('Ctrl Pts',(0.0135912400682774,0.0999925881745521,
0.113761645824422));
#703=CARTESIAN_POINT('Ctrl Pts',(0.0114845083090786,0.0931936066900237,
0.114396608955567));
#704=CARTESIAN_POINT('Ctrl Pts',(0.00712441815624777,0.0889558261812579,
0.114952201695318));
#705=CARTESIAN_POINT('Ctrl Pts',(0.00227662880251563,0.0870533363717045,
0.115428424043677));
#706=CARTESIAN_POINT('Ctrl Pts',(-0.00293149090327415,0.087187117407368,
0.115904646392035));
#707=CARTESIAN_POINT('Ctrl Pts',(-0.00768042375821511,0.0893307789375714,
0.116380868740394));
#708=CARTESIAN_POINT('Ctrl Pts',(-0.0112178969506496,0.0931530141551321,
0.116857091088752));
#709=CARTESIAN_POINT('Ctrl Pts',(-0.0133018638873049,0.0988644687647891,
0.117412683828504));
#710=CARTESIAN_POINT('Ctrl Pts',(-0.0122403682222588,0.105903370042471,
0.118047646959648));
#711=CARTESIAN_POINT('Ctrl Pts',(-0.00678782824358176,0.111774817027071,
0.118761980482186));
#712=CARTESIAN_POINT('Ctrl Pts',(0.00102728122147979,0.113551429133234,
0.119476314004724));
#713=CARTESIAN_POINT('Ctrl Pts',(0.007856508281505,0.110860405783152,0.120131119733717));
#714=CARTESIAN_POINT('Ctrl Pts',(0.0119304704813931,0.105732193100223,0.120726397669165));
#715=CARTESIAN_POINT('Ctrl Pts',(0.0132383571634602,0.0999898763509544,
0.121262147811068));
#716=CARTESIAN_POINT('Ctrl Pts',(0.0119217098889137,0.0942455816339304,
0.121797897952972));
#717=CARTESIAN_POINT('Ctrl Pts',(0.00824453506142205,0.0896430504336316,
0.122333648094875));
#718=CARTESIAN_POINT('Ctrl Pts',(0.00293373144603994,0.0870912235744188,
0.122869398236778));
#719=CARTESIAN_POINT('Ctrl Pts',(-0.00295798299263871,0.0870968935330199,
0.123405148378681));
#720=CARTESIAN_POINT('Ctrl Pts',(-0.00826386168033275,0.0896583193136384,
0.123940898520585));
#721=CARTESIAN_POINT('Ctrl Pts',(-0.0119327177350683,0.0942684084327055,
0.124476648662488));
#722=CARTESIAN_POINT('Ctrl Pts',(-0.0132378600533058,0.100013806372084,
0.125012398804391));
#723=CARTESIAN_POINT('Ctrl Pts',(-0.0119207370957374,0.105756508693399,
0.125548148946295));
#724=CARTESIAN_POINT('Ctrl Pts',(-0.00824223597162358,0.110358864635104,
0.126083899088198));
#725=CARTESIAN_POINT('Ctrl Pts',(-0.00293109392583524,0.112909338636716,
0.126619649230101));
#726=CARTESIAN_POINT('Ctrl Pts',(0.00296077151237736,0.112902444058959,
0.127155399372005));
#727=CARTESIAN_POINT('Ctrl Pts',(0.00826589802320214,0.11034010549526,0.127691149513908));
#728=CARTESIAN_POINT('Ctrl Pts',(0.0119340814836529,0.105728721177775,0.128226899655811));
#729=CARTESIAN_POINT('Ctrl Pts',(0.0128023890236218,0.101899242688441,0.12858406641708));
#730=CARTESIAN_POINT('Ctrl Pts',(0.0127999911152259,0.0999839488402926,
0.128762649797715));
#731=CARTESIAN_POINT('Ctrl Pts',(0.0125714759605552,0.100037590545637,0.0682809214277327));
#732=CARTESIAN_POINT('Ctrl Pts',(0.0125770951852197,0.0981568077245589,
0.0684595048083671));
#733=CARTESIAN_POINT('Ctrl Pts',(0.0117306960936125,0.0943937992659733,
0.068816671569636));
#734=CARTESIAN_POINT('Ctrl Pts',(0.00813592299590087,0.0898587286033492,
0.0693524217115393));
#735=CARTESIAN_POINT('Ctrl Pts',(0.00292988781416825,0.0873329991879258,
0.0698881718534426));
#736=CARTESIAN_POINT('Ctrl Pts',(-0.00285673157024985,0.08731623035811,
0.0704239219953459));
#737=CARTESIAN_POINT('Ctrl Pts',(-0.00807737443972235,0.0898120754117566,
0.0709596721372491));
#738=CARTESIAN_POINT('Ctrl Pts',(-0.0116980253807642,0.0943259756170135,
0.0714954222791526));
#739=CARTESIAN_POINT('Ctrl Pts',(-0.0130014190005815,0.0999638662064271,
0.0720311724210558));
#740=CARTESIAN_POINT('Ctrl Pts',(-0.0117293806388804,0.105608884418272,
0.0725669225629592));
#741=CARTESIAN_POINT('Ctrl Pts',(-0.00813391055429568,0.110142893633,0.0731026727048624));
#742=CARTESIAN_POINT('Ctrl Pts',(-0.00292715398313764,0.112667625929869,
0.0736384228467658));
#743=CARTESIAN_POINT('Ctrl Pts',(0.00285932012186556,0.112683231990594,
0.074174172988669));
#744=CARTESIAN_POINT('Ctrl Pts',(0.00807964719831524,0.110186052350481,
0.0747099231305724));
#745=CARTESIAN_POINT('Ctrl Pts',(0.0116989576517664,0.105671950980248,0.0752456732724756));
#746=CARTESIAN_POINT('Ctrl Pts',(0.0130019721520806,0.100032570824272,0.0757814234143789));
#747=CARTESIAN_POINT('Ctrl Pts',(0.0117270551255341,0.094390409796647,0.0763171735562823));
#748=CARTESIAN_POINT('Ctrl Pts',(0.00773505255772051,0.0893472553790794,
0.0769124514917303));
#749=CARTESIAN_POINT('Ctrl Pts',(0.00103138463084386,0.0866917391533576,
0.0775672572207234));
#750=CARTESIAN_POINT('Ctrl Pts',(-0.00664514867083311,0.0884251953468083,
0.078281590743261));
#751=CARTESIAN_POINT('Ctrl Pts',(-0.0120131132553748,0.0941807560279238,
0.0789959242657988));
#752=CARTESIAN_POINT('Ctrl Pts',(-0.0130661044112233,0.101092561718824,
0.0796308873969434));
#753=CARTESIAN_POINT('Ctrl Pts',(-0.0110292356624761,0.106705710094296,
0.080186480136695));
#754=CARTESIAN_POINT('Ctrl Pts',(-0.00756156451879328,0.11046543365449,
0.0806627024850535));
#755=CARTESIAN_POINT('Ctrl Pts',(-0.00290069824739324,0.112579291706033,
0.081138924833412));
#756=CARTESIAN_POINT('Ctrl Pts',(0.00221295876785357,0.112718816393702,
0.0816151471817705));
#757=CARTESIAN_POINT('Ctrl Pts',(0.00698031943686228,0.110860125023787,
0.082091369530129));
#758=CARTESIAN_POINT('Ctrl Pts',(0.0106506600568281,0.107295742309909,0.0825675918784875));
#759=CARTESIAN_POINT('Ctrl Pts',(0.0126484084007951,0.102585439309928,0.0830438142268459));
#760=CARTESIAN_POINT('Ctrl Pts',(0.0126593321487156,0.0974689121659388,
0.0835200365752045));
#761=CARTESIAN_POINT('Ctrl Pts',(0.0106817635178873,0.092750386438333,0.083996258923563));
#762=CARTESIAN_POINT('Ctrl Pts',(0.00702709641562358,0.0891692611028284,
0.0844724812719215));
#763=CARTESIAN_POINT('Ctrl Pts',(0.00226805296204319,0.0872912425793173,
0.08494870362028));
#764=CARTESIAN_POINT('Ctrl Pts',(-0.00242147968605798,0.0873982766107284,
0.0853852407729419));
#765=CARTESIAN_POINT('Ctrl Pts',(-0.00635633708715493,0.0889378543421106,
0.0857820927299073));
#766=CARTESIAN_POINT('Ctrl Pts',(-0.010335132191587,0.0920863887516491,
0.0862583150782659));
#767=CARTESIAN_POINT('Ctrl Pts',(-0.0131968415115589,0.0979818690629216,
0.0868535930137139));
#768=CARTESIAN_POINT('Ctrl Pts',(-0.0120337605447887,0.105769203422484,
0.0875679265362518));
#769=CARTESIAN_POINT('Ctrl Pts',(-0.00669791044569261,0.11154617538091,
0.0882822600587893));
#770=CARTESIAN_POINT('Ctrl Pts',(0.000975660144867169,0.113312602861818,
0.0889965935813272));
#771=CARTESIAN_POINT('Ctrl Pts',(0.00768856788607683,0.110685882687468,
0.0896513993103201));
#772=CARTESIAN_POINT('Ctrl Pts',(0.0117030993010565,0.105659943464552,0.0902466772457682));
#773=CARTESIAN_POINT('Ctrl Pts',(0.0130018682921219,0.100023307975523,0.0907824273876715));
#774=CARTESIAN_POINT('Ctrl Pts',(0.0117232851026715,0.0943783824381612,
0.0913181775295749));
#775=CARTESIAN_POINT('Ctrl Pts',(0.00812332293015568,0.0898487663277104,
0.0918539276714781));
#776=CARTESIAN_POINT('Ctrl Pts',(0.0029138172816881,0.087329174147609,0.0923896778133815));
#777=CARTESIAN_POINT('Ctrl Pts',(-0.00287269008396552,0.0873199107160264,
0.0929254279552847));
#778=CARTESIAN_POINT('Ctrl Pts',(-0.00809023931173579,0.0898222415484941,
0.0934611780971881));
#779=CARTESIAN_POINT('Ctrl Pts',(-0.0117051692444112,0.0943407571725939,
0.0939969282390913));
#780=CARTESIAN_POINT('Ctrl Pts',(-0.0130014501312958,0.0999802539803479,
0.0945326783809947));
#781=CARTESIAN_POINT('Ctrl Pts',(-0.0117223109582536,0.105623699108326,
0.095068428522898));
#782=CARTESIAN_POINT('Ctrl Pts',(-0.00812107016699384,0.110153108288961,
0.0956041786648013));
#783=CARTESIAN_POINT('Ctrl Pts',(-0.00291125060483291,0.11267138955451,
0.0961399288067045));
#784=CARTESIAN_POINT('Ctrl Pts',(0.00287549145940799,0.112679444399106,
0.0966756789486079));
#785=CARTESIAN_POINT('Ctrl Pts',(0.00809212611088922,0.110176210236014,
0.0972114290905112));
#786=CARTESIAN_POINT('Ctrl Pts',(0.0117068792208694,0.105656419392644,0.0977471792324145));
#787=CARTESIAN_POINT('Ctrl Pts',(0.0129524027009997,0.100226615602615,0.0982630867764695));
#788=CARTESIAN_POINT('Ctrl Pts',(0.0119029947867338,0.0949991535585336,
0.0987591517226763));
#789=CARTESIAN_POINT('Ctrl Pts',(0.00902498991358962,0.0907716787889631,
0.0992353740710347));
#790=CARTESIAN_POINT('Ctrl Pts',(0.00401741488891481,0.0875190493681803,
0.0997909668107864));
#791=CARTESIAN_POINT('Ctrl Pts',(-0.00295368182953023,0.0869839278322895,
0.100425929941931));
#792=CARTESIAN_POINT('Ctrl Pts',(-0.00977419909425653,0.090909099142123,
0.101140263464469));
#793=CARTESIAN_POINT('Ctrl Pts',(-0.0131967928777016,0.0979978790562376,
0.101854596987007));
#794=CARTESIAN_POINT('Ctrl Pts',(-0.0121575413669108,0.104910553854032,
0.102489560118151));
#795=CARTESIAN_POINT('Ctrl Pts',(-0.00855018149472195,0.109670030987531,
0.103045152857903));
#796=CARTESIAN_POINT('Ctrl Pts',(-0.00412508341640888,0.112233751694876,
0.103521375206261));
#797=CARTESIAN_POINT('Ctrl Pts',(0.000952456956779108,0.112874332586244,
0.10399759755462));
#798=CARTESIAN_POINT('Ctrl Pts',(0.00587834078094137,0.111494023951275,
0.104473819902978));
#799=CARTESIAN_POINT('Ctrl Pts',(0.00988214979649649,0.108307808964408,
0.104950042251337));
#800=CARTESIAN_POINT('Ctrl Pts',(0.0123327420192309,0.103816379138631,0.105426264599695));
#801=CARTESIAN_POINT('Ctrl Pts',(0.0128466743963814,0.0987260183202593,
0.105902486948054));
#802=CARTESIAN_POINT('Ctrl Pts',(0.0113433653280739,0.0938352188647386,
0.106378709296412));
#803=CARTESIAN_POINT('Ctrl Pts',(0.00805743110152276,0.089913865035182,
0.106854931644771));
#804=CARTESIAN_POINT('Ctrl Pts',(0.00350630674927913,0.0875742651556028,
0.107331153993129));
#805=CARTESIAN_POINT('Ctrl Pts',(-0.00159418509780272,0.0871909137915575,
0.107807376341488));
#806=CARTESIAN_POINT('Ctrl Pts',(-0.00725862720703682,0.0890809338450596,
0.108362969081239));
#807=CARTESIAN_POINT('Ctrl Pts',(-0.0120217870254613,0.0941982537486745,
0.108997932212384));
#808=CARTESIAN_POINT('Ctrl Pts',(-0.0131989737873619,0.101981556798946,
0.109712265734922));
#809=CARTESIAN_POINT('Ctrl Pts',(-0.009789810380536,0.109071538046879,0.110426599257459));
#810=CARTESIAN_POINT('Ctrl Pts',(-0.00297772492094676,0.113011060502142,
0.111140932779997));
#811=CARTESIAN_POINT('Ctrl Pts',(0.00486974052908575,0.112426530015117,
0.111855266302535));
#812=CARTESIAN_POINT('Ctrl Pts',(0.0110232687889902,0.107525104971234,0.112569599825073));
#813=CARTESIAN_POINT('Ctrl Pts',(0.0133485539229748,0.100004491690479,0.11328393334761));
#814=CARTESIAN_POINT('Ctrl Pts',(0.0112852272052123,0.0933249842017116,
0.113918896478755));
#815=CARTESIAN_POINT('Ctrl Pts',(0.00700673869829551,0.0891592037126882,
0.114474489218507));
#816=CARTESIAN_POINT('Ctrl Pts',(0.00224712478609063,0.0872865273336248,
0.114950711566865));
#817=CARTESIAN_POINT('Ctrl Pts',(-0.00286814565672075,0.0874133657926466,
0.115426933915224));
#818=CARTESIAN_POINT('Ctrl Pts',(-0.00753401210843871,0.0895147135614731,
0.115903156263582));
#819=CARTESIAN_POINT('Ctrl Pts',(-0.011011664241767,0.093265530977484,0.116379378611941));
#820=CARTESIAN_POINT('Ctrl Pts',(-0.0130632623482427,0.0988731232224216,
0.116934971351692));
#821=CARTESIAN_POINT('Ctrl Pts',(-0.012026882247413,0.105787538792478,0.117569934482837));
#822=CARTESIAN_POINT('Ctrl Pts',(-0.00667685472006342,0.11155850709908,
0.118284268005375));
#823=CARTESIAN_POINT('Ctrl Pts',(0.000997245099549661,0.113310404268458,
0.118998601527912));
#824=CARTESIAN_POINT('Ctrl Pts',(0.00770687463139554,0.110673162132468,
0.119653407256905));
#825=CARTESIAN_POINT('Ctrl Pts',(0.0117124616016816,0.105640154072572,0.120248685192353));
#826=CARTESIAN_POINT('Ctrl Pts',(0.0130019563620668,0.10000148137285,0.120784435334257));
#827=CARTESIAN_POINT('Ctrl Pts',(0.0117137802341995,0.0943586486789719,
0.12132018547616));
#828=CARTESIAN_POINT('Ctrl Pts',(0.00810625034649543,0.0898351257927645,
0.121855935618063));
#829=CARTESIAN_POINT('Ctrl Pts',(0.0028924914179411,0.0873242859066243,
0.122391685759967));
#830=CARTESIAN_POINT('Ctrl Pts',(-0.00289401242659328,0.0873247630714276,
0.12292743590187));
#831=CARTESIAN_POINT('Ctrl Pts',(-0.00810735095629544,0.0898358644269384,
0.123463186043773));
#832=CARTESIAN_POINT('Ctrl Pts',(-0.0117146701207995,0.0943604550561369,
0.123998936185676));
#833=CARTESIAN_POINT('Ctrl Pts',(-0.0130014687930749,0.100002126010325,
0.12453468632758));
#834=CARTESIAN_POINT('Ctrl Pts',(-0.0117128267774869,0.105643406922524,
0.125070436469483));
#835=CARTESIAN_POINT('Ctrl Pts',(-0.00810399520875543,0.110166761892885,
0.125606186611386));
#836=CARTESIAN_POINT('Ctrl Pts',(-0.00288989793211151,0.112676254106002,
0.12614193675329));
#837=CARTESIAN_POINT('Ctrl Pts',(0.00289674415365465,0.112674620891361,
0.126677686895193));
#838=CARTESIAN_POINT('Ctrl Pts',(0.00810937105083155,0.110162518092306,
0.127213437037096));
#839=CARTESIAN_POINT('Ctrl Pts',(0.0117159879784985,0.10563686459244,0.127749187179));
#840=CARTESIAN_POINT('Ctrl Pts',(0.0125722396816764,0.10187608668977,0.128106353940268));
#841=CARTESIAN_POINT('Ctrl Pts',(0.0125715312808199,0.0999952956078276,
0.128284937320903));
#842=CARTESIAN_POINT('Ctrl Pts',(0.0117959586818047,0.100042428552142,0.0681048801889877));
#843=CARTESIAN_POINT('Ctrl Pts',(0.0118023120053628,0.0982776510994306,
0.0682834635696222));
#844=CARTESIAN_POINT('Ctrl Pts',(0.0110102609257632,0.0947463156737641,
0.068640630330891));
#845=CARTESIAN_POINT('Ctrl Pts',(0.00763982427532259,0.0904889370472013,
0.0691763804727943));
#846=CARTESIAN_POINT('Ctrl Pts',(0.00275636748450544,0.0881160523577602,
0.0697121306146976));
#847=CARTESIAN_POINT('Ctrl Pts',(-0.00267328535033538,0.0880970190406199,
0.070247880756601));
#848=CARTESIAN_POINT('Ctrl Pts',(-0.00757330728578424,0.0904359321924314,
0.0707836308985042));
#849=CARTESIAN_POINT('Ctrl Pts',(-0.0109731838702171,0.0946693230168265,
0.0713193810404076));
#850=CARTESIAN_POINT('Ctrl Pts',(-0.0121993870235946,0.0999586900824822,
0.0718551311823108));
#851=CARTESIAN_POINT('Ctrl Pts',(-0.0110090313741975,0.105256211494849,
0.0723908813242142));
#852=CARTESIAN_POINT('Ctrl Pts',(-0.00763793553282758,0.109512581715043,
0.0729266314661175));
#853=CARTESIAN_POINT('Ctrl Pts',(-0.00275380331516992,0.111884537762659,
0.0734623816080208));
#854=CARTESIAN_POINT('Ctrl Pts',(0.00267571485177802,0.111902477026998,
0.073998131749924));
#855=CARTESIAN_POINT('Ctrl Pts',(0.00757544073582144,0.109562312698962,
0.0745338818918274));
#856=CARTESIAN_POINT('Ctrl Pts',(0.0109740599442718,0.105328732030348,0.0750696320337307));
#857=CARTESIAN_POINT('Ctrl Pts',(0.0121999078929928,0.100037966599168,0.075605382175634));
#858=CARTESIAN_POINT('Ctrl Pts',(0.0110068499015591,0.094743125693192,0.0761411323175373));
#859=CARTESIAN_POINT('Ctrl Pts',(0.00726397010217735,0.0900087857248071,
0.0767364102529854));
#860=CARTESIAN_POINT('Ctrl Pts',(0.00097534283327399,0.0875132683376382,
0.0773912159819784));
#861=CARTESIAN_POINT('Ctrl Pts',(-0.00622864075590317,0.0891354167895071,
0.0781055495045161));
#862=CARTESIAN_POINT('Ctrl Pts',(-0.0112687521644461,0.0945328856419546,
0.0788198830270538));
#863=CARTESIAN_POINT('Ctrl Pts',(-0.0122607244509002,0.101017714444559,
0.0794548461581984));
#864=CARTESIAN_POINT('Ctrl Pts',(-0.0103526976228807,0.1062857731484,0.0800104388979501));
#865=CARTESIAN_POINT('Ctrl Pts',(-0.00710108248928468,0.10981555232074,
0.0804866612463085));
#866=CARTESIAN_POINT('Ctrl Pts',(-0.00272892393386256,0.111801668117664,
0.0809628835946671));
#867=CARTESIAN_POINT('Ctrl Pts',(0.00206920549058738,0.111935500688643,
0.0814391059430256));
#868=CARTESIAN_POINT('Ctrl Pts',(0.00654354272745247,0.110194177297075,
0.081915328291384));
#869=CARTESIAN_POINT('Ctrl Pts',(0.00998950359808972,0.106851760835798,
0.0823915506397426));
#870=CARTESIAN_POINT('Ctrl Pts',(0.0118666994838919,0.102433156312889,0.082867772988101));
#871=CARTESIAN_POINT('Ctrl Pts',(0.0118798664903761,0.0976322584198,0.0833439953364596));
#872=CARTESIAN_POINT('Ctrl Pts',(0.0100269691496463,0.0932036776805347,
0.083820217684818));
#873=CARTESIAN_POINT('Ctrl Pts',(0.00659979282338029,0.0898413718286009,
0.0842964400331766));
#874=CARTESIAN_POINT('Ctrl Pts',(0.00213537705454999,0.088076492235674,
0.084772662381535));
#875=CARTESIAN_POINT('Ctrl Pts',(-0.00226492563261587,0.0881742525710938,
0.085209199534197));
#876=CARTESIAN_POINT('Ctrl Pts',(-0.00595793603077269,0.0896166186149454,
0.0856060514911624));
#877=CARTESIAN_POINT('Ctrl Pts',(-0.00969309128222256,0.0925686678895687,
0.0860822738395209));
#878=CARTESIAN_POINT('Ctrl Pts',(-0.0123816324404916,0.0980988481471818,
0.0866775517749689));
#879=CARTESIAN_POINT('Ctrl Pts',(-0.0112947217985596,0.105406458798422,
0.0873918852975069));
#880=CARTESIAN_POINT('Ctrl Pts',(-0.00629131711498408,0.110830129370651,
0.0881062188200444));
#881=CARTESIAN_POINT('Ctrl Pts',(0.000907894392396455,0.112491945824086,
0.0888205523425823));
#882=CARTESIAN_POINT('Ctrl Pts',(0.00720819577060219,0.110031090788947,
0.0894753580715751));
#883=CARTESIAN_POINT('Ctrl Pts',(0.0109779535547948,0.105317466199098,0.0900706360070233));
#884=CARTESIAN_POINT('Ctrl Pts',(0.0121998153720183,0.100029276200362,0.0906063861489266));
#885=CARTESIAN_POINT('Ctrl Pts',(0.011003319323526,0.0947318370373003,0.0911421362908299));
#886=CARTESIAN_POINT('Ctrl Pts',(0.00762800566585368,0.0904795868408037,
0.0916778864327331));
#887=CARTESIAN_POINT('Ctrl Pts',(0.00274129117439408,0.0881124520168106,
0.0922136365746365));
#888=CARTESIAN_POINT('Ctrl Pts',(-0.00268826186854915,0.08810046428694,
0.0927493867165398));
#889=CARTESIAN_POINT('Ctrl Pts',(-0.00758538420181559,0.0904454634183979,
0.0932851368584431));
#890=CARTESIAN_POINT('Ctrl Pts',(-0.0109798955495893,0.0946831889006039,
0.0938208870003465));
#891=CARTESIAN_POINT('Ctrl Pts',(-0.0121994255281479,0.0999740668389418,
0.0943566371422497));
#892=CARTESIAN_POINT('Ctrl Pts',(-0.0110024062619215,0.105270116376208,
0.0948923872841531));
#893=CARTESIAN_POINT('Ctrl Pts',(-0.0076258930116321,0.109522173596181,
0.0954281374260563));
#894=CARTESIAN_POINT('Ctrl Pts',(-0.00273888315415525,0.111888078205584,
0.0959638875679596));
#895=CARTESIAN_POINT('Ctrl Pts',(0.00269089089378577,0.111898932472067,
0.0964996377098629));
#896=CARTESIAN_POINT('Ctrl Pts',(0.00758715525371588,0.109553084457824,
0.0970353878517662));
#897=CARTESIAN_POINT('Ctrl Pts',(0.010981502095252,0.105314164051397,0.0975711379936695));
#898=CARTESIAN_POINT('Ctrl Pts',(0.0121532842876304,0.100220013011687,0.0980870455377247));
#899=CARTESIAN_POINT('Ctrl Pts',(0.0111715905106454,0.0953144260862357,
0.0985831104839314));
#900=CARTESIAN_POINT('Ctrl Pts',(0.00847352430868491,0.0913460826878851,
0.0990593328322898));
#901=CARTESIAN_POINT('Ctrl Pts',(0.00377669571737216,0.0882912280549012,
0.0996149255720414));
#902=CARTESIAN_POINT('Ctrl Pts',(-0.00276405645470441,0.0877851705988852,
0.100249888703186));
#903=CARTESIAN_POINT('Ctrl Pts',(-0.00916609786505137,0.0914643121329518,
0.100964222225724));
#904=CARTESIAN_POINT('Ctrl Pts',(-0.0123815835140541,0.0981138708729863,
0.101678555748262));
#905=CARTESIAN_POINT('Ctrl Pts',(-0.0114103847145492,0.104600706322773,
0.102313518879406));
#906=CARTESIAN_POINT('Ctrl Pts',(-0.00802825784936192,0.109068651775535,
0.102869111619158));
#907=CARTESIAN_POINT('Ctrl Pts',(-0.00387759122843273,0.111476744551612,
0.103345333967516));
#908=CARTESIAN_POINT('Ctrl Pts',(0.000886365364682983,0.112080699546278,
0.103821556315875));
#909=CARTESIAN_POINT('Ctrl Pts',(0.0055091818818148,0.110788346982658,0.104297778664233));
#910=CARTESIAN_POINT('Ctrl Pts',(0.00926782955272286,0.107800956195124,
0.104774001012592));
#911=CARTESIAN_POINT('Ctrl Pts',(0.0115698038397788,0.103587985658845,0.10525022336095));
#912=CARTESIAN_POINT('Ctrl Pts',(0.0120549308777983,0.0988119283270212,
0.105726445709309));
#913=CARTESIAN_POINT('Ctrl Pts',(0.0106471469384398,0.0942219538920284,
0.106202668057667));
#914=CARTESIAN_POINT('Ctrl Pts',(0.00756614198164182,0.0905406420101526,
0.106678890406026));
#915=CARTESIAN_POINT('Ctrl Pts',(0.00329708722849963,0.088342751625806,
0.107155112754384));
#916=CARTESIAN_POINT('Ctrl Pts',(-0.00148854804144695,0.087980156436075,
0.107631335102743));
#917=CARTESIAN_POINT('Ctrl Pts',(-0.00680465755919778,0.0897503558312415,
0.108186927842494));
#918=CARTESIAN_POINT('Ctrl Pts',(-0.0112768981402702,0.0945492967279827,
0.108821890973639));
#919=CARTESIAN_POINT('Ctrl Pts',(-0.0123859060339271,0.101851803411509,
0.109536224496177));
#920=CARTESIAN_POINT('Ctrl Pts',(-0.0091910778582267,0.108506371191935,
0.110250558018715));
#921=CARTESIAN_POINT('Ctrl Pts',(-0.00280145062357363,0.112206758461728,
0.110964891541252));
#922=CARTESIAN_POINT('Ctrl Pts',(0.00456226583370431,0.111662754583974,
0.11167922506379));
#923=CARTESIAN_POINT('Ctrl Pts',(0.0103389964683781,0.107067187613844,0.112393558586328));
#924=CARTESIAN_POINT('Ctrl Pts',(0.0125251260998651,0.100011815169056,0.113107892108865));
#925=CARTESIAN_POINT('Ctrl Pts',(0.0105928845284797,0.0937431772329389,
0.11374285524001));
#926=CARTESIAN_POINT('Ctrl Pts',(0.0065806917499827,0.0898319248357824,
0.114298447979762));
#927=CARTESIAN_POINT('Ctrl Pts',(0.0021157512176334,0.0880720560328172,
0.11477467032812));
#928=CARTESIAN_POINT('Ctrl Pts',(-0.00268404781532084,0.0881881611112887,
0.115250892676479));
#929=CARTESIAN_POINT('Ctrl Pts',(-0.00706329450997512,0.0901572193868893,
0.115727115024837));
#930=CARTESIAN_POINT('Ctrl Pts',(-0.0103285592701291,0.0936746887447696,
0.116203337373196));
#931=CARTESIAN_POINT('Ctrl Pts',(-0.0122568023277876,0.0989352011075041,
0.116758930112947));
#932=CARTESIAN_POINT('Ctrl Pts',(-0.0112882777194867,0.105423666747339,
0.117393893244092));
#933=CARTESIAN_POINT('Ctrl Pts',(-0.00627156757492464,0.110841712583591,
0.11810822676663));
#934=CARTESIAN_POINT('Ctrl Pts',(0.000928149248178325,0.112489895052843,
0.118822560289167));
#935=CARTESIAN_POINT('Ctrl Pts',(0.00722538042133168,0.110019165395282,
0.11947736601816));
#936=CARTESIAN_POINT('Ctrl Pts',(0.0109867496256692,0.105298902859314,0.120072643953608));
#937=CARTESIAN_POINT('Ctrl Pts',(0.0121999104284644,0.100008796062614,0.120608394095512));
#938=CARTESIAN_POINT('Ctrl Pts',(0.0109944120228698,0.0947133151650512,
0.121144144237415));
#939=CARTESIAN_POINT('Ctrl Pts',(0.00761199399430667,0.0904667780221197,
0.121679894379318));
#940=CARTESIAN_POINT('Ctrl Pts',(0.00272128361625603,0.0881078531620987,
0.122215644521222));
#941=CARTESIAN_POINT('Ctrl Pts',(-0.00270827168270783,0.088105005183294,
0.122751394663125));
#942=CARTESIAN_POINT('Ctrl Pts',(-0.00760144803399936,0.0904582361828626,
0.123287144805028));
#943=CARTESIAN_POINT('Ctrl Pts',(-0.0109888216009588,0.0947016663236896,
0.123822894946931));
#944=CARTESIAN_POINT('Ctrl Pts',(-0.0121994554307233,0.0999945895582082,
0.124358645088835));
#945=CARTESIAN_POINT('Ctrl Pts',(-0.0109935184907571,0.105288614082438,
0.124894395230738));
#946=CARTESIAN_POINT('Ctrl Pts',(-0.00760987882923033,0.10953499426909,
0.125430145372641));
#947=CARTESIAN_POINT('Ctrl Pts',(-0.00271885105172186,0.11189265572099,
0.125965895514545));
#948=CARTESIAN_POINT('Ctrl Pts',(0.00271083663494678,0.111894416757799,
0.126501645656448));
#949=CARTESIAN_POINT('Ctrl Pts',(0.00760334122779531,0.109540250757405,
0.127037395798351));
#950=CARTESIAN_POINT('Ctrl Pts',(0.0109900651505312,0.105295812405683,0.127573145940255));
#951=CARTESIAN_POINT('Ctrl Pts',(0.0117956186923044,0.101767531530958,0.127930312701524));
#952=CARTESIAN_POINT('Ctrl Pts',(0.0117960346677401,0.100002742691101,0.128108896082158));
#953=CARTESIAN_POINT('Ctrl Pts',(0.0111734337922043,0.100029982986222,0.0686006616064466));
#954=CARTESIAN_POINT('Ctrl Pts',(0.0111779161801997,0.098358164265369,0.0687792449870811));
#955=CARTESIAN_POINT('Ctrl Pts',(0.0104246917999631,0.0950141120067822,
0.0691364117483499));
#956=CARTESIAN_POINT('Ctrl Pts',(0.00722840951001285,0.0909842055641299,
0.0696721618902533));
#957=CARTESIAN_POINT('Ctrl Pts',(0.00260062655196559,0.0887408285799667,
0.0702079120321564));
#958=CARTESIAN_POINT('Ctrl Pts',(-0.00254251429760802,0.0887274722974683,
0.0707436621740599));
#959=CARTESIAN_POINT('Ctrl Pts',(-0.00718192284921132,0.0909472092888918,
0.0712794123159631));
#960=CARTESIAN_POINT('Ctrl Pts',(-0.0103987175458921,0.0949601307944883,
0.0718151624578665));
#961=CARTESIAN_POINT('Ctrl Pts',(-0.0115556323090458,0.0999714297214881,
0.0723509125997697));
#962=CARTESIAN_POINT('Ctrl Pts',(-0.0104235098634658,0.104988356879275,
0.0728866627416731));
#963=CARTESIAN_POINT('Ctrl Pts',(-0.00722663042410639,0.109017191496799,
0.0734224128835764));
#964=CARTESIAN_POINT('Ctrl Pts',(-0.00259819267187052,0.111259746080586,
0.0739581630254797));
#965=CARTESIAN_POINT('Ctrl Pts',(0.00254481320213215,0.111272039964674,
0.074493913167383));
#966=CARTESIAN_POINT('Ctrl Pts',(0.00718394250244993,0.109051129731177,
0.0750296633092863));
#967=CARTESIAN_POINT('Ctrl Pts',(0.0103995467506603,0.105038025654315,0.0755654134511896));
#968=CARTESIAN_POINT('Ctrl Pts',(0.0115561192851339,0.100025400511508,0.0761011635930929));
#969=CARTESIAN_POINT('Ctrl Pts',(0.010421447876343,0.0950110219012,0.0766369137349962));
#970=CARTESIAN_POINT('Ctrl Pts',(0.00687194645237207,0.0905297283984203,
0.0772321916704443));
#971=CARTESIAN_POINT('Ctrl Pts',(0.000913080392800869,0.0881713920780177,
0.0778869973994373));
#972=CARTESIAN_POINT('Ctrl Pts',(-0.00590935799169529,0.0897141417743248,
0.0786013309219749));
#973=CARTESIAN_POINT('Ctrl Pts',(-0.0106787876402178,0.0948311748398883,
0.0793156644445128));
#974=CARTESIAN_POINT('Ctrl Pts',(-0.0116128541438872,0.100974550076303,
0.0799506275756574));
#975=CARTESIAN_POINT('Ctrl Pts',(-0.00980091604311756,0.10596297833685,
0.080506220315409));
#976=CARTESIAN_POINT('Ctrl Pts',(-0.00671786592057331,0.109303731356992,
0.0809824426637674));
#977=CARTESIAN_POINT('Ctrl Pts',(-0.00257465669370049,0.111181206862304,
0.081458665012126));
#978=CARTESIAN_POINT('Ctrl Pts',(0.00197035482100305,0.111303861657677,
0.0819348873604845));
#979=CARTESIAN_POINT('Ctrl Pts',(0.00620704377800163,0.109650536478715,
0.0824111097088429));
#980=CARTESIAN_POINT('Ctrl Pts',(0.00946827076351194,0.106481534718677,
0.0828873320572014));
#981=CARTESIAN_POINT('Ctrl Pts',(0.011242562875423,0.102294482298625,0.0833635544055599));
#982=CARTESIAN_POINT('Ctrl Pts',(0.0112509133939004,0.0977469333080139,
0.0838397767539184));
#983=CARTESIAN_POINT('Ctrl Pts',(0.00949193529851617,0.0935537047394,0.0843159991022769));
#984=CARTESIAN_POINT('Ctrl Pts',(0.00624273768504173,0.0903717229709814,
0.0847922214506355));
#985=CARTESIAN_POINT('Ctrl Pts',(0.00201232059211184,0.088703902459315,
0.0852684437989939));
#986=CARTESIAN_POINT('Ctrl Pts',(-0.00215560809740928,0.0888002629768131,
0.0857049809516558));
#987=CARTESIAN_POINT('Ctrl Pts',(-0.00565250440496993,0.0901697289663632,
0.0861018329086213));
#988=CARTESIAN_POINT('Ctrl Pts',(-0.00918801163583926,0.0929692680539429,
0.0865780552569798));
#989=CARTESIAN_POINT('Ctrl Pts',(-0.0117298999109373,0.0982099557111738,
0.0871733331924278));
#990=CARTESIAN_POINT('Ctrl Pts',(-0.0106940006584398,0.105130835609875,
0.0878876667149657));
#991=CARTESIAN_POINT('Ctrl Pts',(-0.00594988693327808,0.110264131281602,
0.0886020002375033));
#992=CARTESIAN_POINT('Ctrl Pts',(0.000870781340977317,0.111831882446916,
0.0893163337600411));
#993=CARTESIAN_POINT('Ctrl Pts',(0.00683646019639496,0.10949553585688,0.0899711394890341));
#994=CARTESIAN_POINT('Ctrl Pts',(0.0104032231421671,0.105027338004174,0.0905664174244822));
#995=CARTESIAN_POINT('Ctrl Pts',(0.011556026835255,0.100017178642685,0.0911021675663855));
#996=CARTESIAN_POINT('Ctrl Pts',(0.0104180890577373,0.0950003239466505,
0.0916379177082887));
#997=CARTESIAN_POINT('Ctrl Pts',(0.00721721776203572,0.0909754005987598,
0.0921736678501921));
#998=CARTESIAN_POINT('Ctrl Pts',(0.00258633810705233,0.0887374124866306,
0.0927094179920953));
#999=CARTESIAN_POINT('Ctrl Pts',(-0.00255669521491408,0.0887307576616984,
0.0932451681339987));
#1000=CARTESIAN_POINT('Ctrl Pts',(-0.00719335523288842,0.0909562437766744,
0.093780918275902));
#1001=CARTESIAN_POINT('Ctrl Pts',(-0.0104050625676297,0.0949732727216646,
0.0943166684178053));
#1002=CARTESIAN_POINT('Ctrl Pts',(-0.0115556556308138,0.0999859941496374,
0.0948524185597086));
#1003=CARTESIAN_POINT('Ctrl Pts',(-0.0104172223944826,0.105001522582737,
0.0953881687016119));
#1004=CARTESIAN_POINT('Ctrl Pts',(-0.00721521481108385,0.109026266758825,
0.0959239188435151));
#1005=CARTESIAN_POINT('Ctrl Pts',(-0.0025840575438522,0.111263086456921,
0.0964596689854186));
#1006=CARTESIAN_POINT('Ctrl Pts',(0.00255918689254777,0.111268670207842,
0.0969954191273217));
#1007=CARTESIAN_POINT('Ctrl Pts',(0.00719502751974656,0.109042376735092,
0.0975311692692252));
#1008=CARTESIAN_POINT('Ctrl Pts',(0.0104065911497076,0.105024225619897,
0.0980669194111284));
#1009=CARTESIAN_POINT('Ctrl Pts',(0.0115121024659384,0.100197885351965,
0.0985828269551835));
#1010=CARTESIAN_POINT('Ctrl Pts',(0.0105780307902897,0.0955520837235928,
0.0990788919013902));
#1011=CARTESIAN_POINT('Ctrl Pts',(0.00801885613332386,0.0917954547258536,
0.0995551142497487));
#1012=CARTESIAN_POINT('Ctrl Pts',(0.00356712800088108,0.0889057843151448,
0.1001107069895));
#1013=CARTESIAN_POINT('Ctrl Pts',(-0.00262864571671108,0.088432194523891,
0.100745670120645));
#1014=CARTESIAN_POINT('Ctrl Pts',(-0.00868988519645891,0.0919227120605706,
0.101460003643183));
#1015=CARTESIAN_POINT('Ctrl Pts',(-0.0117297477295471,0.098224129612346,
0.10217433716572));
#1016=CARTESIAN_POINT('Ctrl Pts',(-0.010804304323679,0.104367740409723,
0.102809300296865));
#1017=CARTESIAN_POINT('Ctrl Pts',(-0.00759672851756704,0.108597026107994,
0.103364893036617));
#1018=CARTESIAN_POINT('Ctrl Pts',(-0.003663044464986,0.110874447160305,
0.103841115384975));
#1019=CARTESIAN_POINT('Ctrl Pts',(0.000849991326614565,0.111442402884276,
0.104317337733334));
#1020=CARTESIAN_POINT('Ctrl Pts',(0.00522780189119654,0.110214247906766,
0.104793560081692));
#1021=CARTESIAN_POINT('Ctrl Pts',(0.0087855337366599,0.107381214929132,
0.105269782430051));
#1022=CARTESIAN_POINT('Ctrl Pts',(0.0109623385759545,0.103388639854172,
0.105746004778409));
#1023=CARTESIAN_POINT('Ctrl Pts',(0.0114177369428055,0.0988642485169782,
0.106222227126768));
#1024=CARTESIAN_POINT('Ctrl Pts',(0.010080244699363,0.0945175804631822,
0.106698449475126));
#1025=CARTESIAN_POINT('Ctrl Pts',(0.00715872147135397,0.091033355960305,
0.107174671823485));
#1026=CARTESIAN_POINT('Ctrl Pts',(0.00311291697298665,0.0889550280632884,
0.107650894171843));
#1027=CARTESIAN_POINT('Ctrl Pts',(-0.00142036742216717,0.0886157777822792,
0.108127116520202));
#1028=CARTESIAN_POINT('Ctrl Pts',(-0.00645450374261466,0.0902971666333218,
0.108682709259953));
#1029=CARTESIAN_POINT('Ctrl Pts',(-0.0106864804952997,0.0948466971243449,
0.109317672391098));
#1030=CARTESIAN_POINT('Ctrl Pts',(-0.0117306832120237,0.10176480317252,
0.110032005913636));
#1031=CARTESIAN_POINT('Ctrl Pts',(-0.0086986751040992,0.108065422640476,
0.110746339436173));
#1032=CARTESIAN_POINT('Ctrl Pts',(-0.00264304796939073,0.111565006507892,
0.111460672958711));
#1033=CARTESIAN_POINT('Ctrl Pts',(0.00433159681711087,0.111043330853179,
0.112175006481249));
#1034=CARTESIAN_POINT('Ctrl Pts',(0.00979950638350906,0.106685295286462,
0.112889340003787));
#1035=CARTESIAN_POINT('Ctrl Pts',(0.0118641427288377,0.100000335149613,
0.113603673526324));
#1036=CARTESIAN_POINT('Ctrl Pts',(0.0100285000255487,0.0940642446203205,
0.114238636657469));
#1037=CARTESIAN_POINT('Ctrl Pts',(0.00622460795560328,0.0903628256416245,
0.114794229397221));
#1038=CARTESIAN_POINT('Ctrl Pts',(0.00199379090777852,0.0886996773826994,
0.115270451745579));
#1039=CARTESIAN_POINT('Ctrl Pts',(-0.00255258508506828,0.0888138379141806,
0.115746674093938));
#1040=CARTESIAN_POINT('Ctrl Pts',(-0.00669908902697494,0.0906827405041479,
0.116222896442296));
#1041=CARTESIAN_POINT('Ctrl Pts',(-0.00978896160125722,0.0940174662836598,
0.116699118790655));
#1042=CARTESIAN_POINT('Ctrl Pts',(-0.0116109389653041,0.0990020784365145,
0.117254711530406));
#1043=CARTESIAN_POINT('Ctrl Pts',(-0.0106878792885467,0.105147125253804,
0.117889674661551));
#1044=CARTESIAN_POINT('Ctrl Pts',(-0.00593117092316633,0.110275089064862,
0.118604008184089));
#1045=CARTESIAN_POINT('Ctrl Pts',(0.00088996616901237,0.111829920970993,
0.119318341706626));
#1046=CARTESIAN_POINT('Ctrl Pts',(0.0068527274249739,0.109484225566786,
0.119973147435619));
#1047=CARTESIAN_POINT('Ctrl Pts',(0.0104115390652757,0.105009746430154,
0.120568425371067));
#1048=CARTESIAN_POINT('Ctrl Pts',(0.0115560990998963,0.0999977793328735,
0.121104175512971));
#1049=CARTESIAN_POINT('Ctrl Pts',(0.0104096358094534,0.0949827871590918,
0.121639925654874));
#1050=CARTESIAN_POINT('Ctrl Pts',(0.00720203996544414,0.0909632816393192,
0.122175675796777));
#1051=CARTESIAN_POINT('Ctrl Pts',(0.00256738242198467,0.0887330735796886,
0.122711425938681));
#1052=CARTESIAN_POINT('Ctrl Pts',(-0.00257564514195191,0.0887350763523296,
0.123247176080584));
#1053=CARTESIAN_POINT('Ctrl Pts',(-0.00720856027160024,0.0909683561738442,
0.123782926222487));
#1054=CARTESIAN_POINT('Ctrl Pts',(-0.0104135016025419,0.0949907832397129,
0.12431867636439));
#1055=CARTESIAN_POINT('Ctrl Pts',(-0.0115556661416241,0.100005432876398,
0.124854426506294));
#1056=CARTESIAN_POINT('Ctrl Pts',(-0.0104087877504073,0.105019038520739,
0.125390176648197));
#1057=CARTESIAN_POINT('Ctrl Pts',(-0.00720003441223917,0.109038392564014,
0.1259259267901));
#1058=CARTESIAN_POINT('Ctrl Pts',(-0.00256507912752674,0.111267414493259,
0.126461676932004));
#1059=CARTESIAN_POINT('Ctrl Pts',(0.00257807702606158,0.111264355748918,
0.126997427073907));
#1060=CARTESIAN_POINT('Ctrl Pts',(0.0072103450049895,0.109030249766818,
0.12753317721581));
#1061=CARTESIAN_POINT('Ctrl Pts',(0.0104146846501057,0.105006750214533,
0.128068927357714));
#1062=CARTESIAN_POINT('Ctrl Pts',(0.011174613634859,0.101664215920908,0.128426094118982));
#1063=CARTESIAN_POINT('Ctrl Pts',(0.011173471430142,0.0999923915812822,
0.128604677499617));
#1064=CARTESIAN_POINT('Ctrl Pts',(0.0111759856449907,0.100007662667107,
0.0693944382424324));
#1065=CARTESIAN_POINT('Ctrl Pts',(0.0111771265371808,0.0983358024078294,
0.0695730216230668));
#1066=CARTESIAN_POINT('Ctrl Pts',(0.0104169221587514,0.0949920726217676,
0.0699301883843357));
#1067=CARTESIAN_POINT('Ctrl Pts',(0.0072119471120571,0.0909679245531945,
0.070465938526239));
#1068=CARTESIAN_POINT('Ctrl Pts',(0.00257867323496099,0.0887332044895233,
0.0710016886681423));
#1069=CARTESIAN_POINT('Ctrl Pts',(-0.00256557623039624,0.0887301749965917,
0.0715374388100457));
#1070=CARTESIAN_POINT('Ctrl Pts',(-0.00720154002339939,0.090959629390416,
0.072073188951949));
#1071=CARTESIAN_POINT('Ctrl Pts',(-0.0104109968394274,0.0949798431081917,
0.0726089390938522));
#1072=CARTESIAN_POINT('Ctrl Pts',(-0.0115581447483328,0.0999945129034475,
0.0731446892357556));
#1073=CARTESIAN_POINT('Ctrl Pts',(-0.0104157560660183,0.105010246328291,
0.0736804393776589));
#1074=CARTESIAN_POINT('Ctrl Pts',(-0.00721014730951582,0.109033547242853,
0.0742161895195622));
#1075=CARTESIAN_POINT('Ctrl Pts',(-0.00257624450158714,0.11126733051061,
0.0747519396614655));
#1076=CARTESIAN_POINT('Ctrl Pts',(0.00256787753018156,0.11126934873625,
0.0752876898033687));
#1077=CARTESIAN_POINT('Ctrl Pts',(0.00720355654345039,0.109038698754987,
0.0758234399452721));
#1078=CARTESIAN_POINT('Ctrl Pts',(0.0104118204723676,0.105018312105372,
0.0763591900871753));
#1079=CARTESIAN_POINT('Ctrl Pts',(0.0115586319962661,0.100002320732381,
0.0768949402290788));
#1080=CARTESIAN_POINT('Ctrl Pts',(0.0104136833948314,0.0949891268283086,
0.077430690370982));
#1081=CARTESIAN_POINT('Ctrl Pts',(0.00685455513139358,0.0905140465655221,
0.0780259683064302));
#1082=CARTESIAN_POINT('Ctrl Pts',(0.000889608361424344,0.088167026235581,
0.078680774035423));
#1083=CARTESIAN_POINT('Ctrl Pts',(-0.0059311422464811,0.0897237961521705,
0.0793951075579608));
#1084=CARTESIAN_POINT('Ctrl Pts',(-0.0106914169580061,0.0948513684369234,
0.0801094410804986));
#1085=CARTESIAN_POINT('Ctrl Pts',(-0.0116133086229164,0.100998099190635,
0.0807444042116432));
#1086=CARTESIAN_POINT('Ctrl Pts',(-0.00979109669859069,0.105983906682647,
0.0812999969513948));
#1087=CARTESIAN_POINT('Ctrl Pts',(-0.00670066174860711,0.109319090362965,
0.0817762192997533));
#1088=CARTESIAN_POINT('Ctrl Pts',(-0.00255294209537999,0.111188764160224,
0.0822524416481118));
#1089=CARTESIAN_POINT('Ctrl Pts',(0.00199333257363803,0.111302293022965,
0.0827286639964703));
#1090=CARTESIAN_POINT('Ctrl Pts',(0.00622765371762119,0.109640196811962,
0.0832048863448287));
#1091=CARTESIAN_POINT('Ctrl Pts',(0.00948322206140729,0.10646398457871,
0.0836811086931873));
#1092=CARTESIAN_POINT('Ctrl Pts',(0.0112495536307474,0.102272505061878,
0.0841573310415457));
#1093=CARTESIAN_POINT('Ctrl Pts',(0.0112487547391009,0.0977239588225983,
0.0846335533899042));
#1094=CARTESIAN_POINT('Ctrl Pts',(0.00948108499783237,0.0935332767822887,
0.0851097757382628));
#1095=CARTESIAN_POINT('Ctrl Pts',(0.00622477518638444,0.0903572605714701,
0.0855859980866212));
#1096=CARTESIAN_POINT('Ctrl Pts',(0.0019902702743478,0.0886974345859809,
0.0860622204349797));
#1097=CARTESIAN_POINT('Ctrl Pts',(-0.00217850102172945,0.0888022310838768,
0.0864987575876417));
#1098=CARTESIAN_POINT('Ctrl Pts',(-0.00567335708828493,0.0901789383994149,
0.0868956095446071));
#1099=CARTESIAN_POINT('Ctrl Pts',(-0.00920397838969328,0.0929860553657441,
0.0873718318929656));
#1100=CARTESIAN_POINT('Ctrl Pts',(-0.0117359050282303,0.0982328968023922,
0.0879671098284137));
#1101=CARTESIAN_POINT('Ctrl Pts',(-0.0106860153467918,0.105153463849289,
0.0886814433509514));
#1102=CARTESIAN_POINT('Ctrl Pts',(-0.00593072581479021,0.110278026768533,
0.0893957768734892));
#1103=CARTESIAN_POINT('Ctrl Pts',(0.000894629817284562,0.111832750489613,
0.0901101103960269));
#1104=CARTESIAN_POINT('Ctrl Pts',(0.00685693868430321,0.109483802409856,
0.0907649161250199));
#1105=CARTESIAN_POINT('Ctrl Pts',(0.0104154787616717,0.105007640009728,
0.0913601940604679));
#1106=CARTESIAN_POINT('Ctrl Pts',(0.0115585189155438,0.0999940780889897,
0.0918959442023713));
#1107=CARTESIAN_POINT('Ctrl Pts',(0.0104103108475228,0.094978449368507,
0.0924316943442746));
#1108=CARTESIAN_POINT('Ctrl Pts',(0.007200718094855,0.090959058894644,0.0929674444861779));
#1109=CARTESIAN_POINT('Ctrl Pts',(0.00256438186475362,0.0887298528811922,
0.0935031946280812));
#1110=CARTESIAN_POINT('Ctrl Pts',(-0.00257975702735871,0.0887334718991047,
0.0940389447699845));
#1111=CARTESIAN_POINT('Ctrl Pts',(-0.00721295521518464,0.0909686968443821,
0.0945746949118877));
#1112=CARTESIAN_POINT('Ctrl Pts',(-0.0104173176372302,0.0949929966677878,
0.0951104450537911));
#1113=CARTESIAN_POINT('Ctrl Pts',(-0.0115581387616805,0.100009082209496,
0.0956461951956944));
#1114=CARTESIAN_POINT('Ctrl Pts',(-0.0104094408095769,0.105023401598449,
0.0961819453375978));
#1115=CARTESIAN_POINT('Ctrl Pts',(-0.00719871171877074,0.109042601609473,
0.0967176954795009));
#1116=CARTESIAN_POINT('Ctrl Pts',(-0.00256209833295797,0.11127064403444,
0.0972534456214044));
#1117=CARTESIAN_POINT('Ctrl Pts',(0.00258224457058568,0.11126594768353,
0.0977891957633076));
#1118=CARTESIAN_POINT('Ctrl Pts',(0.007214632626441,0.109029925197653,0.098324945905211));
#1119=CARTESIAN_POINT('Ctrl Pts',(0.0104188247632789,0.105004483491072,
0.0988606960471142));
#1120=CARTESIAN_POINT('Ctrl Pts',(0.0115149726048405,0.100174921556697,
0.0993766035911693));
#1121=CARTESIAN_POINT('Ctrl Pts',(0.0105713062862495,0.0955298846042442,
0.0998726685373761));
#1122=CARTESIAN_POINT('Ctrl Pts',(0.00800418693309363,0.0917776535376688,
0.100348890885735));
#1123=CARTESIAN_POINT('Ctrl Pts',(0.0035459564005399,0.0888964557902859,
0.100904483625486));
#1124=CARTESIAN_POINT('Ctrl Pts',(-0.00265254201877599,0.0884349264696126,
0.101539446756631));
#1125=CARTESIAN_POINT('Ctrl Pts',(-0.00870764656291423,0.0919383375295874,
0.102253780279169));
#1126=CARTESIAN_POINT('Ctrl Pts',(-0.0117359089965178,0.0982471714102816,
0.102968113801706));
#1127=CARTESIAN_POINT('Ctrl Pts',(-0.0107977727991047,0.104390363162169,
0.103603076932851));
#1128=CARTESIAN_POINT('Ctrl Pts',(-0.00758118335462238,0.108614032027557,
0.104158669672602));
#1129=CARTESIAN_POINT('Ctrl Pts',(-0.00364206179487841,0.110884076472754,
0.104634892020961));
#1130=CARTESIAN_POINT('Ctrl Pts',(0.000873141148563385,0.11144314620987,
0.105111114369319));
#1131=CARTESIAN_POINT('Ctrl Pts',(0.00524929379893018,0.110205978501521,
0.105587336717678));
#1132=CARTESIAN_POINT('Ctrl Pts',(0.00880207293704097,0.107365310270419,
0.106063559066037));
#1133=CARTESIAN_POINT('Ctrl Pts',(0.0109714501008018,0.103367427112524,
0.106539781414395));
#1134=CARTESIAN_POINT('Ctrl Pts',(0.011417896562594,0.0988410828148439,
0.107016003762753));
#1135=CARTESIAN_POINT('Ctrl Pts',(0.0100714734601341,0.0944964281113498,
0.107492226111112));
#1136=CARTESIAN_POINT('Ctrl Pts',(0.00714223646316101,0.0910170060888971,
0.107968448459471));
#1137=CARTESIAN_POINT('Ctrl Pts',(0.00309166744756521,0.088946566780096,
0.108444670807829));
#1138=CARTESIAN_POINT('Ctrl Pts',(-0.00144347309663548,0.0886161602980191,
0.108920893156187));
#1139=CARTESIAN_POINT('Ctrl Pts',(-0.00647512127656103,0.0903079652781811,
0.109476485895939));
#1140=CARTESIAN_POINT('Ctrl Pts',(-0.0106991009425872,0.0948669657827291,
0.110111449027084));
#1141=CARTESIAN_POINT('Ctrl Pts',(-0.0117296230724892,0.101788613343135,
0.110825782549621));
#1142=CARTESIAN_POINT('Ctrl Pts',(-0.00868441760051076,0.108084522270452,
0.111540116072159));
#1143=CARTESIAN_POINT('Ctrl Pts',(-0.00262049647672286,0.111572740117106,
0.112254449594697));
#1144=CARTESIAN_POINT('Ctrl Pts',(0.00435458742551033,0.111037029584133,
0.112968783117235));
#1145=CARTESIAN_POINT('Ctrl Pts',(0.00981493600942916,0.10666711721698,
0.113683116639772));
#1146=CARTESIAN_POINT('Ctrl Pts',(0.0118666879533747,0.0999766596437873,
0.11439745016231));
#1147=CARTESIAN_POINT('Ctrl Pts',(0.0100186933879945,0.0940428464736394,
0.115032413293455));
#1148=CARTESIAN_POINT('Ctrl Pts',(0.00620668227259399,0.0903483340126763,
0.115588006033206));
#1149=CARTESIAN_POINT('Ctrl Pts',(0.00197160031048876,0.0886933157936467,
0.116064228381565));
#1150=CARTESIAN_POINT('Ctrl Pts',(-0.00257556031970835,0.0888165281769874,
0.116540450729923));
#1151=CARTESIAN_POINT('Ctrl Pts',(-0.00671908994647097,0.0906941860622608,
0.117016673078282));
#1152=CARTESIAN_POINT('Ctrl Pts',(-0.00980301130983545,0.0940356846766034,
0.11749289542664));
#1153=CARTESIAN_POINT('Ctrl Pts',(-0.0116153239588037,0.0990249235207917,
0.118048488166392));
#1154=CARTESIAN_POINT('Ctrl Pts',(-0.0106798653565992,0.105169753359724,
0.118683451297537));
#1155=CARTESIAN_POINT('Ctrl Pts',(-0.00591198107260157,0.110288943968477,
0.119397784820074));
#1156=CARTESIAN_POINT('Ctrl Pts',(0.000913813416839652,0.11183075288305,
0.120112118342612));
#1157=CARTESIAN_POINT('Ctrl Pts',(0.00687318727136523,0.109472455991472,
0.120766924071605));
#1158=CARTESIAN_POINT('Ctrl Pts',(0.010423761064341,0.104990028554737,0.121362202007053));
#1159=CARTESIAN_POINT('Ctrl Pts',(0.01155855253961,0.0999746742774024,0.121897952148956));
#1160=CARTESIAN_POINT('Ctrl Pts',(0.0104018207069743,0.0949609258738558,
0.12243370229086));
#1161=CARTESIAN_POINT('Ctrl Pts',(0.00718551288589477,0.0909469675954179,
0.122969452432763));
#1162=CARTESIAN_POINT('Ctrl Pts',(0.00254541346105392,0.0887255510478313,
0.123505202574666));
#1163=CARTESIAN_POINT('Ctrl Pts',(-0.0025987023239107,0.0887378291644348,
0.12404095271657));
#1164=CARTESIAN_POINT('Ctrl Pts',(-0.00722813932787166,0.0909808426241642,
0.124576702858473));
#1165=CARTESIAN_POINT('Ctrl Pts',(-0.0104257233783449,0.0950105268746571,
0.125112453000376));
#1166=CARTESIAN_POINT('Ctrl Pts',(-0.0115581106331863,0.100028526979629,
0.12564820314228));
#1167=CARTESIAN_POINT('Ctrl Pts',(-0.0104009689438803,0.105040900390219,
0.126183953284183));
#1168=CARTESIAN_POINT('Ctrl Pts',(-0.00718350476436163,0.109054708157342,
0.126719703426086));
#1169=CARTESIAN_POINT('Ctrl Pts',(-0.00254310527099062,0.111274916984723,
0.127255453567989));
#1170=CARTESIAN_POINT('Ctrl Pts',(0.00260112631705708,0.111261632539133,
0.127791203709893));
#1171=CARTESIAN_POINT('Ctrl Pts',(0.00722993987330647,0.109017681726907,
0.128326953851796));
#1172=CARTESIAN_POINT('Ctrl Pts',(0.0104268795811136,0.104987151567428,
0.128862703993699));
#1173=CARTESIAN_POINT('Ctrl Pts',(0.011180431996695,0.101641917439072,0.129219870754968));
#1174=CARTESIAN_POINT('Ctrl Pts',(0.0111759481753341,0.0999700628031861,
0.129398454135603));
#1175=CARTESIAN_POINT('Ctrl Pts',(0.0117951682543519,0.0999971636130232,
0.0698939618340066));
#1176=CARTESIAN_POINT('Ctrl Pts',(0.0117947469670208,0.0982323635421008,
0.070072545214641));
#1177=CARTESIAN_POINT('Ctrl Pts',(0.0109892680665833,0.0947045321336543,
0.0704297119759099));
#1178=CARTESIAN_POINT('Ctrl Pts',(0.00760273530832441,0.0904603188890681,
0.0709654621178132));
#1179=CARTESIAN_POINT('Ctrl Pts',(0.0027105592767507,0.0881064014711369,
0.0715012122597165));
#1180=CARTESIAN_POINT('Ctrl Pts',(-0.00271875528808051,0.0881081823191458,
0.0720369624016198));
#1181=CARTESIAN_POINT('Ctrl Pts',(-0.00760942446964178,0.0904657284110868,
0.0725727125435231));
#1182=CARTESIAN_POINT('Ctrl Pts',(-0.0109927974850417,0.0947118356221568,
0.0731084626854265));
#1183=CARTESIAN_POINT('Ctrl Pts',(-0.0121986101148176,0.100005504580518,
0.0736442128273297));
#1184=CARTESIAN_POINT('Ctrl Pts',(-0.0109880187546181,0.105298051212628,
0.0741799629692331));
#1185=CARTESIAN_POINT('Ctrl Pts',(-0.00760084891125651,0.10954116040141,
0.0747157131111363));
#1186=CARTESIAN_POINT('Ctrl Pts',(-0.00270798987730064,0.111894193150562,
0.0752514632530397));
#1187=CARTESIAN_POINT('Ctrl Pts',(0.00272118131824665,0.111891297801358,
0.0757872133949429));
#1188=CARTESIAN_POINT('Ctrl Pts',(0.00761155118589756,0.10953251111062,
0.0763229635368463));
#1189=CARTESIAN_POINT('Ctrl Pts',(0.0109936668752223,0.105286215855604,
0.0768587136787496));
#1190=CARTESIAN_POINT('Ctrl Pts',(0.0121991153747288,0.099991148332804,
0.0773944638206529));
#1191=CARTESIAN_POINT('Ctrl Pts',(0.0109858387272045,0.0947012982867641,
0.0779302139625562));
#1192=CARTESIAN_POINT('Ctrl Pts',(0.00722504496115697,0.0899816539752275,
0.0785254918980044));
#1193=CARTESIAN_POINT('Ctrl Pts',(0.000927367375435263,0.0875104945283371,
0.0791802976269972));
#1194=CARTESIAN_POINT('Ctrl Pts',(-0.00626986263880969,0.0891601371146669,
0.079894631149535));
#1195=CARTESIAN_POINT('Ctrl Pts',(-0.0112888525559577,0.0945765636134196,
0.0806089646720727));
#1196=CARTESIAN_POINT('Ctrl Pts',(-0.0122559077529185,0.101064626444223,
0.0812439278032174));
#1197=CARTESIAN_POINT('Ctrl Pts',(-0.0103277796056361,0.106324983930906,
0.0817995205429689));
#1198=CARTESIAN_POINT('Ctrl Pts',(-0.00706289080380789,0.109842065163309,
0.0822757428913275));
#1199=CARTESIAN_POINT('Ctrl Pts',(-0.0026833969579914,0.111811218450059,
0.0827519652396859));
#1200=CARTESIAN_POINT('Ctrl Pts',(0.00211485712377449,0.111926659185116,
0.0832281875880445));
#1201=CARTESIAN_POINT('Ctrl Pts',(0.00658215436569711,0.110168281930521,
0.0837044099364029));
#1202=CARTESIAN_POINT('Ctrl Pts',(0.0100150338571799,0.106812907410561,
0.0841806322847615));
#1203=CARTESIAN_POINT('Ctrl Pts',(0.0118751188849563,0.102387435606756,
0.0846568546331199));
#1204=CARTESIAN_POINT('Ctrl Pts',(0.0118698898773854,0.0975868605927397,
0.0851330769814784));
#1205=CARTESIAN_POINT('Ctrl Pts',(0.0100001170066514,0.0931657618447659,
0.0856092993298369));
#1206=CARTESIAN_POINT('Ctrl Pts',(0.00656032665292946,0.0898168020361212,
0.0860855216781954));
#1207=CARTESIAN_POINT('Ctrl Pts',(0.0020894226483276,0.0880692329683089,
0.0865617440265539));
#1208=CARTESIAN_POINT('Ctrl Pts',(-0.00231010647693901,0.0881838328727394,
0.0869982811792158));
#1209=CARTESIAN_POINT('Ctrl Pts',(-0.00599731814195847,0.0896402747791669,
0.0873951331361813));
#1210=CARTESIAN_POINT('Ctrl Pts',(-0.00972087659427936,0.0926064642410616,
0.0878713554845398));
#1211=CARTESIAN_POINT('Ctrl Pts',(-0.0123880034449123,0.0981465532080574,
0.0884666334199878));
#1212=CARTESIAN_POINT('Ctrl Pts',(-0.0112731141767158,0.105449313732019,
0.0891809669425256));
#1213=CARTESIAN_POINT('Ctrl Pts',(-0.00624924127124818,0.110853511051203,
0.0898953004650633));
#1214=CARTESIAN_POINT('Ctrl Pts',(0.000955748589682276,0.112487465564269,
0.0906096339876011));
#1215=CARTESIAN_POINT('Ctrl Pts',(0.00724611324057775,0.110002700684344,
0.091264439716594));
#1216=CARTESIAN_POINT('Ctrl Pts',(0.0109975156879662,0.105274925553967,
0.0918597176520422));
#1217=CARTESIAN_POINT('Ctrl Pts',(0.012198991434155,0.0999824668659866,
0.0923954677939455));
#1218=CARTESIAN_POINT('Ctrl Pts',(0.0109822614852398,0.0946900174804525,
0.0929312179358487));
#1219=CARTESIAN_POINT('Ctrl Pts',(0.00759088968319875,0.0904510481810188,
0.0934669680777521));
#1220=CARTESIAN_POINT('Ctrl Pts',(0.00269546707659607,0.0881028441514713,
0.0940027182196553));
#1221=CARTESIAN_POINT('Ctrl Pts',(-0.0027337158460605,0.0881116919760641,
0.0945384683615587));
#1222=CARTESIAN_POINT('Ctrl Pts',(-0.00762146461660685,0.0904753018676951,
0.0950742185034619));
#1223=CARTESIAN_POINT('Ctrl Pts',(-0.0109994551218885,0.0947257277784239,
0.0956099686453653));
#1224=CARTESIAN_POINT('Ctrl Pts',(-0.0121985897178327,0.100020879588988,
0.0961457187872686));
#1225=CARTESIAN_POINT('Ctrl Pts',(-0.0109813408482329,0.105311929883815,
0.0966814689291719));
#1226=CARTESIAN_POINT('Ctrl Pts',(-0.00758877026695789,0.109550705337845,
0.0972172190710752));
#1227=CARTESIAN_POINT('Ctrl Pts',(-0.00269305784570947,0.111897675802066,
0.0977529692129785));
#1228=CARTESIAN_POINT('Ctrl Pts',(0.00273634384340631,0.111887696025504,
0.0982887193548818));
#1229=CARTESIAN_POINT('Ctrl Pts',(0.0076232267952611,0.10952323726029,0.0988244694967852));
#1230=CARTESIAN_POINT('Ctrl Pts',(0.0110010584764166,0.105271625088569,
0.0993602196386884));
#1231=CARTESIAN_POINT('Ctrl Pts',(0.0121531848119489,0.100173363473206,
0.0998761271827435));
#1232=CARTESIAN_POINT('Ctrl Pts',(0.0111527907205765,0.0952719659342728,
0.10037219212895));
#1233=CARTESIAN_POINT('Ctrl Pts',(0.00843965977933461,0.0913142466220102,
0.100848414477309));
#1234=CARTESIAN_POINT('Ctrl Pts',(0.00373137744405983,0.0882775716365006,
0.10140400721706));
#1235=CARTESIAN_POINT('Ctrl Pts',(-0.00281062169743093,0.0877967370318313,
0.102038970348205));
#1236=CARTESIAN_POINT('Ctrl Pts',(-0.00919824066650138,0.0915001497548922,
0.102753303870743));
#1237=CARTESIAN_POINT('Ctrl Pts',(-0.0123878214765791,0.0981615322220709,
0.103467637393281));
#1238=CARTESIAN_POINT('Ctrl Pts',(-0.0113918984864475,0.104644094168245,
0.104102600524425));
#1239=CARTESIAN_POINT('Ctrl Pts',(-0.00799283655292027,0.10909876206375,
0.104658193264177));
#1240=CARTESIAN_POINT('Ctrl Pts',(-0.00383326906575974,0.111490744075865,
0.105134415612535));
#1241=CARTESIAN_POINT('Ctrl Pts',(0.000932609245600023,0.112076368815121,
0.105610637960894));
#1242=CARTESIAN_POINT('Ctrl Pts',(0.00555016786151688,0.110766377275148,
0.106086860309252));
#1243=CARTESIAN_POINT('Ctrl Pts',(0.00929708327143657,0.107764761242151,
0.106563082657611));
#1244=CARTESIAN_POINT('Ctrl Pts',(0.0115826800262551,0.103543327139393,
0.107039305005969));
#1245=CARTESIAN_POINT('Ctrl Pts',(0.0120494475621327,0.0987658082262794,
0.107515527354328));
#1246=CARTESIAN_POINT('Ctrl Pts',(0.0106241404919753,0.094181478576069,
0.107991749702686));
#1247=CARTESIAN_POINT('Ctrl Pts',(0.00752930308810554,0.090512392032631,
0.108467972051045));
#1248=CARTESIAN_POINT('Ctrl Pts',(0.00325203696589061,0.0883309518369844,
0.108944194399403));
#1249=CARTESIAN_POINT('Ctrl Pts',(-0.00153453229343358,0.0879868045088525,
0.109420416747762));
#1250=CARTESIAN_POINT('Ctrl Pts',(-0.0068435236409966,0.0897772689467543,
0.109976009487513));
#1251=CARTESIAN_POINT('Ctrl Pts',(-0.0112969269997674,0.094592981157462,
0.110610972618658));
#1252=CARTESIAN_POINT('Ctrl Pts',(-0.0123778614999443,0.101899190306039,
0.111325306141196));
#1253=CARTESIAN_POINT('Ctrl Pts',(-0.00915772861448434,0.108540984621317,
0.112039639663733));
#1254=CARTESIAN_POINT('Ctrl Pts',(-0.00275439826500477,0.112216574199605,
0.112753973186271));
#1255=CARTESIAN_POINT('Ctrl Pts',(0.00460666620588599,0.111644351117233,
0.113468306708809));
#1256=CARTESIAN_POINT('Ctrl Pts',(0.0103653263173265,0.107026980492712,
0.114182640231347));
#1257=CARTESIAN_POINT('Ctrl Pts',(0.0125242009535811,0.0999637407815063,
0.114896973753884));
#1258=CARTESIAN_POINT('Ctrl Pts',(0.0105680966550251,0.0937030503341074,
0.115531936885029));
#1259=CARTESIAN_POINT('Ctrl Pts',(0.00654116722870805,0.08980745594412,
0.116087529624781));
#1260=CARTESIAN_POINT('Ctrl Pts',(0.00206983354079498,0.0880648421203368,
0.116563751973139));
#1261=CARTESIAN_POINT('Ctrl Pts',(-0.0027291320446563,0.088199378947427,
0.117039974321498));
#1262=CARTESIAN_POINT('Ctrl Pts',(-0.00710053815199261,0.0901850611716666,
0.117516196669856));
#1263=CARTESIAN_POINT('Ctrl Pts',(-0.0103520313663924,0.0937148350638049,
0.117992419018215));
#1264=CARTESIAN_POINT('Ctrl Pts',(-0.0122599784119621,0.0989823741798184,
0.118548011757966));
#1265=CARTESIAN_POINT('Ctrl Pts',(-0.0112666024823947,0.105466492008533,
0.119182974889111));
#1266=CARTESIAN_POINT('Ctrl Pts',(-0.00622944992838073,0.110865019904065,
0.119897308411649));
#1267=CARTESIAN_POINT('Ctrl Pts',(0.000975994570963393,0.112485336130929,
0.120611641934186));
#1268=CARTESIAN_POINT('Ctrl Pts',(0.00726325061828124,0.109990710774893,
0.121266447663179));
#1269=CARTESIAN_POINT('Ctrl Pts',(0.0110062399471376,0.105256329687344,
0.121861725598627));
#1270=CARTESIAN_POINT('Ctrl Pts',(0.0121990078557408,0.0999619880323278,
0.122397475740531));
#1271=CARTESIAN_POINT('Ctrl Pts',(0.0109732838175753,0.0946715311535632,
0.122933225882434));
#1272=CARTESIAN_POINT('Ctrl Pts',(0.0075748300790909,0.0904383018223728,
0.123468976024337));
#1273=CARTESIAN_POINT('Ctrl Pts',(0.00267544341358768,0.0880983223721519,
0.124004726166241));
#1274=CARTESIAN_POINT('Ctrl Pts',(-0.00275370671113045,0.0881163093914552,
0.124540476308144));
#1275=CARTESIAN_POINT('Ctrl Pts',(-0.0076374781911757,0.0904881351151821,
0.125076226450047));
#1276=CARTESIAN_POINT('Ctrl Pts',(-0.0110083096198,0.0947442384065463,0.12561197659195));
#1277=CARTESIAN_POINT('Ctrl Pts',(-0.0121985408048642,0.100041400064331,
0.126147726733854));
#1278=CARTESIAN_POINT('Ctrl Pts',(-0.0109723829183261,0.105330393733543,
0.126683476875757));
#1279=CARTESIAN_POINT('Ctrl Pts',(-0.00757270782874343,0.109563460052237,
0.12721922701766));
#1280=CARTESIAN_POINT('Ctrl Pts',(-0.00267301035031265,0.111902183603963,
0.127754977159564));
#1281=CARTESIAN_POINT('Ctrl Pts',(0.00275627191916293,0.111883088367316,
0.128290727301467));
#1282=CARTESIAN_POINT('Ctrl Pts',(0.00763935865689833,0.10951037702564,
0.12882647744337));
#1283=CARTESIAN_POINT('Ctrl Pts',(0.0110095511222411,0.105253174323159,
0.129362227585273));
#1284=CARTESIAN_POINT('Ctrl Pts',(0.0118014506313038,0.101722269333265,
0.129719394346542));
#1285=CARTESIAN_POINT('Ctrl Pts',(0.0117950919580951,0.099957480667423,
0.129897977727177));
#1286=CARTESIAN_POINT('Ctrl Pts',(0.0125715101433084,0.100004693827482,
0.0697131867744303));
#1287=CARTESIAN_POINT('Ctrl Pts',(0.0125722127281244,0.0981239691942417,
0.0698917701550648));
#1288=CARTESIAN_POINT('Ctrl Pts',(0.0117159401447941,0.0943631155734452,
0.0702489369163337));
#1289=CARTESIAN_POINT('Ctrl Pts',(0.00810933593235409,0.0898375238344669,
0.0707846870582369));
#1290=CARTESIAN_POINT('Ctrl Pts',(0.0028967211575341,0.0873254131332493,
0.0713204372001403));
#1291=CARTESIAN_POINT('Ctrl Pts',(-0.00288989964058416,0.0873237953520472,
0.0718561873420436));
#1292=CARTESIAN_POINT('Ctrl Pts',(-0.00810397741291159,0.0898332791816517,
0.0723919374839469));
#1293=CARTESIAN_POINT('Ctrl Pts',(-0.0117127917516427,0.0943566244495729,
0.0729276876258502));
#1294=CARTESIAN_POINT('Ctrl Pts',(-0.0130014245446883,0.0999978858649018,
0.0734634377677535));
#1295=CARTESIAN_POINT('Ctrl Pts',(-0.0117146238865569,0.105639537443274,
0.0739991879096568));
#1296=CARTESIAN_POINT('Ctrl Pts',(-0.00810731478617936,0.110164107352543,
0.0745349380515601));
#1297=CARTESIAN_POINT('Ctrl Pts',(-0.00289398751835732,0.112675198440726,
0.0750706881934634));
#1298=CARTESIAN_POINT('Ctrl Pts',(0.00289248755445599,0.112675663188223,
0.0756064383353667));
#1299=CARTESIAN_POINT('Ctrl Pts',(0.0081062451110462,0.11016484144441,0.07614218847727));
#1300=CARTESIAN_POINT('Ctrl Pts',(0.0117137182198385,0.105641299905779,
0.0766779386191733));
#1301=CARTESIAN_POINT('Ctrl Pts',(0.0130019696567786,0.0999985505805844,
0.0772136887610766));
#1302=CARTESIAN_POINT('Ctrl Pts',(0.0117122947189921,0.0943597612142563,
0.07774943890298));
#1303=CARTESIAN_POINT('Ctrl Pts',(0.00770713987332592,0.0893270991054041,
0.0783447168384281));
#1304=CARTESIAN_POINT('Ctrl Pts',(0.000996549013102297,0.0866891268134945,
0.078999522567421));
#1305=CARTESIAN_POINT('Ctrl Pts',(-0.00667538485122213,0.0884426678994205,
0.0797138560899587));
#1306=CARTESIAN_POINT('Ctrl Pts',(-0.012028264347603,0.0942122213539963,
0.0804281896124965));
#1307=CARTESIAN_POINT('Ctrl Pts',(-0.0130631417951807,0.101126767624704,
0.0810631527436411));
#1308=CARTESIAN_POINT('Ctrl Pts',(-0.0110116152069288,0.106734537930528,
0.0816187454833927));
#1309=CARTESIAN_POINT('Ctrl Pts',(-0.00753412183607756,0.110485139307603,
0.0820949678317512));
#1310=CARTESIAN_POINT('Ctrl Pts',(-0.00286777770898523,0.112586803667107,
0.0825711901801097));
#1311=CARTESIAN_POINT('Ctrl Pts',(0.00224621801465488,0.112712933100713,
0.0830474125284682));
#1312=CARTESIAN_POINT('Ctrl Pts',(0.00700868991322487,0.110841788138462,
0.0835236348768267));
#1313=CARTESIAN_POINT('Ctrl Pts',(0.0106696748987822,0.107267822463777,
0.0839998572251852));
#1314=CARTESIAN_POINT('Ctrl Pts',(0.0126550900596868,0.102552325418189,
0.0844760795735437));
#1315=CARTESIAN_POINT('Ctrl Pts',(0.0126526136081802,0.0974358030651264,
0.0849523019219021));
#1316=CARTESIAN_POINT('Ctrl Pts',(0.0106627221216915,0.0927224688555638,
0.0854285242702607));
#1317=CARTESIAN_POINT('Ctrl Pts',(0.00699870013446746,0.0891509595882968,
0.0859047466186192));
#1318=CARTESIAN_POINT('Ctrl Pts',(0.00223480032190448,0.0872853848568707,
0.0863809689669776));
#1319=CARTESIAN_POINT('Ctrl Pts',(-0.00245444659977097,0.0874047073563043,
0.0868175061196396));
#1320=CARTESIAN_POINT('Ctrl Pts',(-0.0063852404613684,0.088954562896242,
0.087214358076605));
#1321=CARTESIAN_POINT('Ctrl Pts',(-0.0103557630887834,0.0921134708562631,
0.0876905804249635));
#1322=CARTESIAN_POINT('Ctrl Pts',(-0.0132020217099726,0.0980163910686558,
0.0882858583604117));
#1323=CARTESIAN_POINT('Ctrl Pts',(-0.0120185788094085,0.105800682964184,
0.0890001918829494));
#1324=CARTESIAN_POINT('Ctrl Pts',(-0.00666767115941666,0.111563591006263,
0.0897145254054871));
#1325=CARTESIAN_POINT('Ctrl Pts',(0.00101049270850025,0.11330997593493,
0.0904288589280249));
#1326=CARTESIAN_POINT('Ctrl Pts',(0.00771648426587068,0.110665673917669,
0.0910836646570177));
#1327=CARTESIAN_POINT('Ctrl Pts',(0.0117178292724518,0.105629286276579,
0.0916789425924659));
#1328=CARTESIAN_POINT('Ctrl Pts',(0.0130018404843353,0.0999892845601305,
0.0922146927343692));
#1329=CARTESIAN_POINT('Ctrl Pts',(0.0117084950549688,0.0943477466580254,
0.0927504428762725));
#1330=CARTESIAN_POINT('Ctrl Pts',(0.00809670540878484,0.0898275797715563,
0.0932861930181758));
#1331=CARTESIAN_POINT('Ctrl Pts',(0.00288064258547731,0.0873216368772595,
0.0938219431600791));
#1332=CARTESIAN_POINT('Ctrl Pts',(-0.00290584932463771,0.0873275142424765,
0.0943576933019825));
#1333=CARTESIAN_POINT('Ctrl Pts',(-0.00811681517705596,0.0898434804117012,
0.0948934434438857));
#1334=CARTESIAN_POINT('Ctrl Pts',(-0.0117198970763571,0.0943714238936768,
0.0954291935857891));
#1335=CARTESIAN_POINT('Ctrl Pts',(-0.0130014127286335,0.100014273927663,
0.0959649437276923));
#1336=CARTESIAN_POINT('Ctrl Pts',(-0.0117075154737091,0.105654333407032,
0.0965006938695957));
#1337=CARTESIAN_POINT('Ctrl Pts',(-0.00809444786744879,0.110174288346897,
0.097036444011499));
#1338=CARTESIAN_POINT('Ctrl Pts',(-0.00287807413711371,0.1126789205324,
0.0975721941534022));
#1339=CARTESIAN_POINT('Ctrl Pts',(0.00290864828946418,0.112671833009235,
0.0981079442953055));
#1340=CARTESIAN_POINT('Ctrl Pts',(0.00811869939154493,0.110154967289746,
0.0986436944372089));
#1341=CARTESIAN_POINT('Ctrl Pts',(0.0117215963065538,0.105625745763458,
0.0991794445791121));
#1342=CARTESIAN_POINT('Ctrl Pts',(0.0129529122632993,0.10019272178796,0.0996953521231673));
#1343=CARTESIAN_POINT('Ctrl Pts',(0.0118898105318396,0.09496802186812,0.100191417069374));
#1344=CARTESIAN_POINT('Ctrl Pts',(0.0090007846220159,0.0907481203392023,
0.100667639417732));
#1345=CARTESIAN_POINT('Ctrl Pts',(0.00398477645745196,0.0875086482281709,
0.101223232157484));
#1346=CARTESIAN_POINT('Ctrl Pts',(-0.00298776201120076,0.0869917373977811,
0.101858195288629));
#1347=CARTESIAN_POINT('Ctrl Pts',(-0.00979787800390624,0.0909347289920866,
0.102572528811166));
#1348=CARTESIAN_POINT('Ctrl Pts',(-0.0132019639644992,0.0980324219101667,
0.103286862333704));
#1349=CARTESIAN_POINT('Ctrl Pts',(-0.012144588961953,0.104942349841359,
0.103921825464849));
#1350=CARTESIAN_POINT('Ctrl Pts',(-0.0085248238441119,0.109692337455132,
0.1044774182046));
#1351=CARTESIAN_POINT('Ctrl Pts',(-0.00409303834373632,0.112244461021225,
0.104953640552959));
#1352=CARTESIAN_POINT('Ctrl Pts',(0.000986157220959591,0.112871752544598,
0.105429862901317));
#1353=CARTESIAN_POINT('Ctrl Pts',(0.00590837061009737,0.111478565578593,
0.105906085249676));
#1354=CARTESIAN_POINT('Ctrl Pts',(0.00990380744103452,0.108281910831278,
0.106382307598034));
#1355=CARTESIAN_POINT('Ctrl Pts',(0.01234264517271,0.103784077694003,0.106858529946393));
#1356=CARTESIAN_POINT('Ctrl Pts',(0.0128432517836692,0.0986923919169815,
0.107334752294751));
#1357=CARTESIAN_POINT('Ctrl Pts',(0.0113271670240778,0.0938056080667594,
0.10781097464311));
#1358=CARTESIAN_POINT('Ctrl Pts',(0.00803096574170669,0.0898928262855096,
0.108287196991468));
#1359=CARTESIAN_POINT('Ctrl Pts',(0.0034738006678472,0.0875651927982214,
0.108763419339827));
#1360=CARTESIAN_POINT('Ctrl Pts',(-0.00162770152574079,0.087195166896442,
0.109239641688185));
#1361=CARTESIAN_POINT('Ctrl Pts',(-0.00728712259085478,0.0890999925015906,
0.109795234427937));
#1362=CARTESIAN_POINT('Ctrl Pts',(-0.012036895211151,0.0942297524533385,
0.110430197559082));
#1363=CARTESIAN_POINT('Ctrl Pts',(-0.0131936936491304,0.102016078441137,
0.111144531081619));
#1364=CARTESIAN_POINT('Ctrl Pts',(-0.00976600856680303,0.109097092985787,
0.111858864604157));
#1365=CARTESIAN_POINT('Ctrl Pts',(-0.00294365902246591,0.113018761953386,
0.112573198126695));
#1366=CARTESIAN_POINT('Ctrl Pts',(0.00490222332032873,0.112413704084813,
0.113287531649233));
#1367=CARTESIAN_POINT('Ctrl Pts',(0.0110428812342633,0.107496206832521,
0.11400186517177));
#1368=CARTESIAN_POINT('Ctrl Pts',(0.0133484791605769,0.0999695691684404,
0.114716198694308));
#1369=CARTESIAN_POINT('Ctrl Pts',(0.0112676682472933,0.0932954838519459,
0.115351161825453));
#1370=CARTESIAN_POINT('Ctrl Pts',(0.00697832611905342,0.089140942809666,
0.115906754565204));
#1371=CARTESIAN_POINT('Ctrl Pts',(0.00221383726249937,0.0872807394338144,
0.116382976913563));
#1372=CARTESIAN_POINT('Ctrl Pts',(-0.00290107584218377,0.0874209518232037,
0.116859199261921));
#1373=CARTESIAN_POINT('Ctrl Pts',(-0.00756138832919416,0.0895345055818485,
0.11733542161028));
#1374=CARTESIAN_POINT('Ctrl Pts',(-0.0110292142885045,0.0932943774035391,
0.117811643958638));
#1375=CARTESIAN_POINT('Ctrl Pts',(-0.013066109574454,0.0989072844670974,
0.11836723669839));
#1376=CARTESIAN_POINT('Ctrl Pts',(-0.0120116534208775,0.105819001897791,
0.119002199829535));
#1377=CARTESIAN_POINT('Ctrl Pts',(-0.00664658286468656,0.111575866475971,
0.119716533352072));
#1378=CARTESIAN_POINT('Ctrl Pts',(0.00103207154566058,0.113307721386075,
0.12043086687461));
#1379=CARTESIAN_POINT('Ctrl Pts',(0.00773475767554057,0.110652905313569,
0.121085672603603));
#1380=CARTESIAN_POINT('Ctrl Pts',(0.0117271396913565,0.105609472614361,
0.121680950539051));
#1381=CARTESIAN_POINT('Ctrl Pts',(0.0130018714583616,0.0999674578310255,
0.122216700680954));
#1382=CARTESIAN_POINT('Ctrl Pts',(0.0116989386079639,0.0943280379290962,
0.122752450822858));
#1383=CARTESIAN_POINT('Ctrl Pts',(0.00807959725396611,0.089813983984555,
0.123288200964761));
#1384=CARTESIAN_POINT('Ctrl Pts',(0.00285930407508365,0.0873168044935149,
0.123823951106664));
#1385=CARTESIAN_POINT('Ctrl Pts',(-0.00292715882270078,0.0873324223176744,
0.124359701248568));
#1386=CARTESIAN_POINT('Ctrl Pts',(-0.00813389106066323,0.0898571480513229,
0.124895451390471));
#1387=CARTESIAN_POINT('Ctrl Pts',(-0.0117293463418078,0.0943911463345765,
0.125431201532374));
#1388=CARTESIAN_POINT('Ctrl Pts',(-0.0130013741676929,0.100036146211583,
0.125966951674277));
#1389=CARTESIAN_POINT('Ctrl Pts',(-0.0116979797727993,0.105674015516978,
0.126502701816181));
#1390=CARTESIAN_POINT('Ctrl Pts',(-0.00807733733524276,0.110187898773018,
0.127038451958084));
#1391=CARTESIAN_POINT('Ctrl Pts',(-0.00285670879753437,0.112683725786568,
0.127574202099987));
#1392=CARTESIAN_POINT('Ctrl Pts',(0.00292988810410264,0.112666961043793,
0.128109952241891));
#1393=CARTESIAN_POINT('Ctrl Pts',(0.00813590908890769,0.110141214459642,
0.128645702383794));
#1394=CARTESIAN_POINT('Ctrl Pts',(0.0117306553525143,0.105606197720597,
0.129181452525697));
#1395=CARTESIAN_POINT('Ctrl Pts',(0.0125770796047361,0.101843115314031,
0.129538619286966));
#1396=CARTESIAN_POINT('Ctrl Pts',(0.0125714547876202,0.0999623989608465,
0.129717202667601));
#1397=CARTESIAN_POINT('Ctrl Pts',(0.0127999911499269,0.100016023463518,
0.0692373527850912));
#1398=CARTESIAN_POINT('Ctrl Pts',(0.0128023861890698,0.0981006836128958,
0.0694159361657257));
#1399=CARTESIAN_POINT('Ctrl Pts',(0.0119340865951938,0.0942712664484552,
0.0697731029269945));
#1400=CARTESIAN_POINT('Ctrl Pts',(0.0082658841494318,0.0896598533210735,
0.0703088530688979));
#1401=CARTESIAN_POINT('Ctrl Pts',(0.00296074856338535,0.0870975383251479,
0.0708446032108011));
#1402=CARTESIAN_POINT('Ctrl Pts',(-0.00293112549066697,0.0870906492239888,
0.0713803533527045));
#1403=CARTESIAN_POINT('Ctrl Pts',(-0.00824226819377392,0.0896411410202832,
0.0719161034946077));
#1404=CARTESIAN_POINT('Ctrl Pts',(-0.0119207642050673,0.0942435091306133,
0.0724518536365111));
#1405=CARTESIAN_POINT('Ctrl Pts',(-0.0132378768367474,0.0999862218053368,
0.0729876037784143));
#1406=CARTESIAN_POINT('Ctrl Pts',(-0.0119327198542178,0.105731624567686,
0.0735233539203177));
#1407=CARTESIAN_POINT('Ctrl Pts',(-0.00826385118722546,0.110341710123435,
0.074059104062221));
#1408=CARTESIAN_POINT('Ctrl Pts',(-0.00295795657243424,0.112903131251917,
0.0745948542041243));
#1409=CARTESIAN_POINT('Ctrl Pts',(0.00293375705077995,0.112908781205015,
0.0751306043460275));
#1410=CARTESIAN_POINT('Ctrl Pts',(0.00824457921708314,0.110356955722231,
0.0756663544879309));
#1411=CARTESIAN_POINT('Ctrl Pts',(0.0119217119999812,0.105754377237373,
0.0762021046298342));
#1412=CARTESIAN_POINT('Ctrl Pts',(0.0132384266857175,0.100010143970665,
0.0767378547717375));
#1413=CARTESIAN_POINT('Ctrl Pts',(0.0119303605736268,0.0942676713824197,
0.0772736049136409));
#1414=CARTESIAN_POINT('Ctrl Pts',(0.00785676005713828,0.0891398077913723,
0.0778688828490889));
#1415=CARTESIAN_POINT('Ctrl Pts',(0.00102661574509736,0.0864479711949355,
0.0785236885780819));
#1416=CARTESIAN_POINT('Ctrl Pts',(-0.0067864847676337,0.0882264670554917,
0.0792380221006195));
#1417=CARTESIAN_POINT('Ctrl Pts',(-0.0122418024991952,0.0940962621930329,
0.0799523556231574));
#1418=CARTESIAN_POINT('Ctrl Pts',(-0.0133018118125438,0.101135403477409,
0.080587318754302));
#1419=CARTESIAN_POINT('Ctrl Pts',(-0.0112178878867168,0.106847071334714,
0.0811429114940536));
#1420=CARTESIAN_POINT('Ctrl Pts',(-0.00768057172370205,0.110669146099476,
0.081619133842412));
#1421=CARTESIAN_POINT('Ctrl Pts',(-0.00293108744781475,0.112813104485472,
0.0820953561907706));
#1422=CARTESIAN_POINT('Ctrl Pts',(0.00227573690152928,0.11294619145539,
0.0825715785391291));
#1423=CARTESIAN_POINT('Ctrl Pts',(0.00712645013471993,0.111045217257796,
0.0830478008874876));
#1424=CARTESIAN_POINT('Ctrl Pts',(0.0108572377765149,0.107409552545469,
0.0835240232358461));
#1425=CARTESIAN_POINT('Ctrl Pts',(0.0128829412064368,0.102610061548841,
0.0840002455842046));
#1426=CARTESIAN_POINT('Ctrl Pts',(0.01288507758384,0.0974005011751018,0.084476467932563));
#1427=CARTESIAN_POINT('Ctrl Pts',(0.010863134769812,0.0925997664024944,
0.0849526902809215));
#1428=CARTESIAN_POINT('Ctrl Pts',(0.00713574893035457,0.0889598350351424,
0.08542891262928));
#1429=CARTESIAN_POINT('Ctrl Pts',(0.0022866956602757,0.0870562062038677,
0.0859051349776385));
#1430=CARTESIAN_POINT('Ctrl Pts',(-0.0024877508435265,0.087173391946616,
0.0863416721303004));
#1431=CARTESIAN_POINT('Ctrl Pts',(-0.00649147842195104,0.0887479671333187,
0.0867385240872659));
#1432=CARTESIAN_POINT('Ctrl Pts',(-0.010537090955483,0.0919608793630313,
0.0872147464356244));
#1433=CARTESIAN_POINT('Ctrl Pts',(-0.0134404303102752,0.097968659468058,
0.0878100243710725));
#1434=CARTESIAN_POINT('Ctrl Pts',(-0.0122423547036838,0.105895214764778,
0.0885243578936103));
#1435=CARTESIAN_POINT('Ctrl Pts',(-0.00679916585926714,0.111768154091492,
0.089238691416148));
#1436=CARTESIAN_POINT('Ctrl Pts',(0.00101693914212979,0.113552825808945,
0.0899530249386857));
#1437=CARTESIAN_POINT('Ctrl Pts',(0.00784721916555144,0.110866665236949,
0.0906078306676787));
#1438=CARTESIAN_POINT('Ctrl Pts',(0.0119259050529509,0.10574211672903,0.0912031086031267));
#1439=CARTESIAN_POINT('Ctrl Pts',(0.0132383090566312,0.100000733757692,
0.0917388587450301));
#1440=CARTESIAN_POINT('Ctrl Pts',(0.0119264916592904,0.094255414563895,
0.0922746088869334));
#1441=CARTESIAN_POINT('Ctrl Pts',(0.00825305602005346,0.0896498204029895,
0.0928103590288367));
#1442=CARTESIAN_POINT('Ctrl Pts',(0.00294437158462937,0.0870936323583501,
0.09334610917074));
#1443=CARTESIAN_POINT('Ctrl Pts',(-0.0029473639501332,0.0870944437494696,
0.0938818593126433));
#1444=CARTESIAN_POINT('Ctrl Pts',(-0.00825535067499098,0.0896515058589702,
0.0944176094545466));
#1445=CARTESIAN_POINT('Ctrl Pts',(-0.0119280110560525,0.0942585762604692,
0.09495335959645));
#1446=CARTESIAN_POINT('Ctrl Pts',(-0.013237879754988,0.100002905713203,
0.0954891097383532));
#1447=CARTESIAN_POINT('Ctrl Pts',(-0.0119254955680648,0.105746696832443,
0.0960248598802566));
#1448=CARTESIAN_POINT('Ctrl Pts',(-0.00825075862288074,0.110352087792667,
0.0965606100221598));
#1449=CARTESIAN_POINT('Ctrl Pts',(-0.00294175885368246,0.11290693441668,
0.0970963601640631));
#1450=CARTESIAN_POINT('Ctrl Pts',(0.00295021893790921,0.112904898147752,
0.0976321103059665));
#1451=CARTESIAN_POINT('Ctrl Pts',(0.00825726087494059,0.110346908816022,
0.0981678604478698));
#1452=CARTESIAN_POINT('Ctrl Pts',(0.0119297653300006,0.105738561818745,
0.0987036105897731));
#1453=CARTESIAN_POINT('Ctrl Pts',(0.0131882753595125,0.100207813964416,
0.0992195181338281));
#1454=CARTESIAN_POINT('Ctrl Pts',(0.0121106573047968,0.0948872873876588,
0.0997155830800349));
#1455=CARTESIAN_POINT('Ctrl Pts',(0.0091727273261013,0.0905879521488192,
0.100191805428393));
#1456=CARTESIAN_POINT('Ctrl Pts',(0.00406811084627863,0.0872848378470869,
0.100747398168145));
#1457=CARTESIAN_POINT('Ctrl Pts',(-0.00303018129507953,0.0867525636557371,
0.10138236129929));
#1458=CARTESIAN_POINT('Ctrl Pts',(-0.00996824966910528,0.0907611303142978,
0.102096694821827));
#1459=CARTESIAN_POINT('Ctrl Pts',(-0.013440151941789,0.0979848543168554,
0.102811028344365));
#1460=CARTESIAN_POINT('Ctrl Pts',(-0.0123700085407653,0.105021241268544,
0.10344599147551));
#1461=CARTESIAN_POINT('Ctrl Pts',(-0.00868850631872069,0.109860986688872,
0.104001584215261));
#1462=CARTESIAN_POINT('Ctrl Pts',(-0.00417846816956054,0.112463489546892,
0.10447780656362));
#1463=CARTESIAN_POINT('Ctrl Pts',(0.000992447004214447,0.113106718460152,
0.104954028911978));
#1464=CARTESIAN_POINT('Ctrl Pts',(0.00600559655549792,0.111692599061663,
0.105430251260337));
#1465=CARTESIAN_POINT('Ctrl Pts',(0.0100766160733663,0.108441283226442,
0.105906473608695));
#1466=CARTESIAN_POINT('Ctrl Pts',(0.0125637204860201,0.103863971569692,
0.106382695957054));
#1467=CARTESIAN_POINT('Ctrl Pts',(0.0130779964101884,0.0986802360538936,
0.106858918305412));
#1468=CARTESIAN_POINT('Ctrl Pts',(0.011538655890774,0.0937028848674836,
0.107335140653771));
#1469=CARTESIAN_POINT('Ctrl Pts',(0.00818617749907707,0.0897163686798479,
0.107811363002129));
#1470=CARTESIAN_POINT('Ctrl Pts',(0.00354789398454502,0.0873420175036993,
0.108287585350488));
#1471=CARTESIAN_POINT('Ctrl Pts',(-0.00164578101344709,0.0869608784666117,
0.108763807698846));
#1472=CARTESIAN_POINT('Ctrl Pts',(-0.00741008483761867,0.0888952887734148,
0.109319400438598));
#1473=CARTESIAN_POINT('Ctrl Pts',(-0.0122505806495376,0.0941140322016266,
0.109954363569743));
#1474=CARTESIAN_POINT('Ctrl Pts',(-0.013435480994428,0.102040952172693,
0.11066869709228));
#1475=CARTESIAN_POINT('Ctrl Pts',(-0.00995174308800265,0.109253800700714,
0.111383030614818));
#1476=CARTESIAN_POINT('Ctrl Pts',(-0.00300884229016935,0.113252905477539,
0.112097364137356));
#1477=CARTESIAN_POINT('Ctrl Pts',(0.00498027297687194,0.112643843902581,
0.112811697659893));
#1478=CARTESIAN_POINT('Ctrl Pts',(0.0112370264159973,0.107642436185982,
0.113526031182431));
#1479=CARTESIAN_POINT('Ctrl Pts',(0.013591241776683,0.0999809136063009,
0.114240364704969));
#1480=CARTESIAN_POINT('Ctrl Pts',(0.0114786859944044,0.0931837507195908,
0.114875327836114));
#1481=CARTESIAN_POINT('Ctrl Pts',(0.00711493969921993,0.0889496997569847,
0.115430920575865));
#1482=CARTESIAN_POINT('Ctrl Pts',(0.00226551762056754,0.0870513662650832,
0.115907142924224));
#1483=CARTESIAN_POINT('Ctrl Pts',(-0.00294248432585133,0.0871896264042625,
0.116383365272582));
#1484=CARTESIAN_POINT('Ctrl Pts',(-0.00768959834095031,0.0893373602837731,
0.116859587620941));
#1485=CARTESIAN_POINT('Ctrl Pts',(-0.0112237827849389,0.0931626502226884,
0.117335809969299));
#1486=CARTESIAN_POINT('Ctrl Pts',(-0.0133028580548958,0.0988759110115169,
0.117891402709051));
#1487=CARTESIAN_POINT('Ctrl Pts',(-0.0122353131993354,0.105913861965473,
0.118526365840195));
#1488=CARTESIAN_POINT('Ctrl Pts',(-0.00677770858253754,0.111780678743498,
0.119240699362733));
#1489=CARTESIAN_POINT('Ctrl Pts',(0.0010389141750729,0.11355054619247,0.119955032885271));
#1490=CARTESIAN_POINT('Ctrl Pts',(0.00786583570565968,0.110853682317641,
0.120609838614264));
#1491=CARTESIAN_POINT('Ctrl Pts',(0.0119354028120006,0.105721950438606,
0.121205116549712));
#1492=CARTESIAN_POINT('Ctrl Pts',(0.0132383599794855,0.0999785103998386,
0.121740866691615));
#1493=CARTESIAN_POINT('Ctrl Pts',(0.0119167791038478,0.0942353386862772,
0.122276616833519));
#1494=CARTESIAN_POINT('Ctrl Pts',(0.00823564884616347,0.0896359621714692,
0.122812366975422));
#1495=CARTESIAN_POINT('Ctrl Pts',(0.00292264934177458,0.0870886928549282,
0.123348117117325));
#1496=CARTESIAN_POINT('Ctrl Pts',(-0.00296906542083529,0.0870994222962777,
0.123883867259228));
#1497=CARTESIAN_POINT('Ctrl Pts',(-0.00827274928422616,0.0896654062539138,
0.124419617401132));
#1498=CARTESIAN_POINT('Ctrl Pts',(-0.0119376499226246,0.0942786500812307,
0.124955367543035));
#1499=CARTESIAN_POINT('Ctrl Pts',(-0.0132378598236814,0.100025173402546,
0.125491117684938));
#1500=CARTESIAN_POINT('Ctrl Pts',(-0.0119158045353277,0.105766750549634,
0.126026867826842));
#1501=CARTESIAN_POINT('Ctrl Pts',(-0.00823334804980039,0.110365950198332,
0.126562617968745));
#1502=CARTESIAN_POINT('Ctrl Pts',(-0.00292001149382766,0.112911869259123,
0.127098368110648));
#1503=CARTESIAN_POINT('Ctrl Pts',(0.00297185367547155,0.112899908085276,
0.127634118252551));
#1504=CARTESIAN_POINT('Ctrl Pts',(0.0082747833462423,0.110333027664815,
0.128169868394455));
#1505=CARTESIAN_POINT('Ctrl Pts',(0.0119390112891531,0.105718457941009,
0.128705618536358));
#1506=CARTESIAN_POINT('Ctrl Pts',(0.0128040214476672,0.101888296913529,
0.129062785297627));
#1507=CARTESIAN_POINT('Ctrl Pts',(0.0127999726179239,0.0999729598448715,
0.129241368678262));
#1508=CARTESIAN_POINT('Ctrl Pts',(0.0127999819131647,0.100021517961249,
0.0689979933448177));
#1509=CARTESIAN_POINT('Ctrl Pts',(0.0128032012080979,0.098106516979434,
0.0691765767254522));
#1510=CARTESIAN_POINT('Ctrl Pts',(0.0119364118015514,0.0942762960511348,
0.069533743486721));
#1511=CARTESIAN_POINT('Ctrl Pts',(0.00827026475181056,0.0896635763613092,
0.0700694936286243));
#1512=CARTESIAN_POINT('Ctrl Pts',(0.00296625276117482,0.0870988949405885,
0.0706052437705277));
#1513=CARTESIAN_POINT('Ctrl Pts',(-0.00292555206943649,0.0870895281550104,
0.0711409939124309));
#1514=CARTESIAN_POINT('Ctrl Pts',(-0.00823774559949482,0.0896376913031095,
0.0716767440543343));
#1515=CARTESIAN_POINT('Ctrl Pts',(-0.0119181805974001,0.0942384487391295,
0.0722124941962375));
#1516=CARTESIAN_POINT('Ctrl Pts',(-0.0132377476714724,0.0999805367861708,
0.0727482443381409));
#1517=CARTESIAN_POINT('Ctrl Pts',(-0.0119350688648542,0.105726448888976,
0.0732839944800441));
#1518=CARTESIAN_POINT('Ctrl Pts',(-0.00826821418470661,0.110338065090263,
0.0738197446219475));
#1519=CARTESIAN_POINT('Ctrl Pts',(-0.00296346823944049,0.112901741276047,
0.0743554947638508));
#1520=CARTESIAN_POINT('Ctrl Pts',(0.00292818689231286,0.112909919410805,
0.0748912449057541));
#1521=CARTESIAN_POINT('Ctrl Pts',(0.00824005710288284,0.110360400019653,
0.0754269950476574));
#1522=CARTESIAN_POINT('Ctrl Pts',(0.0119191272531314,0.105759438885809,
0.0759627451895607));
#1523=CARTESIAN_POINT('Ctrl Pts',(0.0132383055821008,0.100015834193071,
0.076498495331464));
#1524=CARTESIAN_POINT('Ctrl Pts',(0.0119327008681807,0.094272836624953,
0.0770342454733673));
#1525=CARTESIAN_POINT('Ctrl Pts',(0.00786142207288434,0.0891433429769549,
0.0776295234088154));
#1526=CARTESIAN_POINT('Ctrl Pts',(0.00103239482803895,0.0864485107839224,
0.0782843291378084));
#1527=CARTESIAN_POINT('Ctrl Pts',(-0.00678134164138584,0.0882236940735676,
0.0789986626603461));
#1528=CARTESIAN_POINT('Ctrl Pts',(-0.0122391858261257,0.0940910151727733,
0.0797129961828839));
#1529=CARTESIAN_POINT('Ctrl Pts',(-0.0133021087492268,0.101129816859369,
0.0803479593140284));
#1530=CARTESIAN_POINT('Ctrl Pts',(-0.0112207357373348,0.106842267609117,
0.0809035520537801));
#1531=CARTESIAN_POINT('Ctrl Pts',(-0.00768504115558521,0.110665707324989,
0.0813797744021386));
#1532=CARTESIAN_POINT('Ctrl Pts',(-0.00293664125353224,0.112811764102944,
0.0818559967504971));
#1533=CARTESIAN_POINT('Ctrl Pts',(0.00227012857213473,0.11294701531448,
0.0823322190988556));
#1534=CARTESIAN_POINT('Ctrl Pts',(0.00712164873838325,0.111048186799621,
0.082808441447214));
#1535=CARTESIAN_POINT('Ctrl Pts',(0.0108539433197224,0.107414137681225,
0.0832846637955726));
#1536=CARTESIAN_POINT('Ctrl Pts',(0.0128817175185678,0.102615568714677,
0.083760886143931));
#1537=CARTESIAN_POINT('Ctrl Pts',(0.0128860267990526,0.0974060443246011,
0.0842371084922896));
#1538=CARTESIAN_POINT('Ctrl Pts',(0.0108662237273383,0.0926044087503525,
0.084713330840648));
#1539=CARTESIAN_POINT('Ctrl Pts',(0.00714037413394719,0.0889630594668711,
0.0851895531890066));
#1540=CARTESIAN_POINT('Ctrl Pts',(0.0022923246984252,0.0870572612258569,
0.085665775537365));
#1541=CARTESIAN_POINT('Ctrl Pts',(-0.00248227498199324,0.0871724840174056,
0.086102312690027));
#1542=CARTESIAN_POINT('Ctrl Pts',(-0.00648659536940461,0.0887452880759804,
0.0864991646469924));
#1543=CARTESIAN_POINT('Ctrl Pts',(-0.0105335079326967,0.0919563518845726,
0.0869753869953509));
#1544=CARTESIAN_POINT('Ctrl Pts',(-0.0134393707081862,0.0979627904553895,
0.0875706649307991));
#1545=CARTESIAN_POINT('Ctrl Pts',(-0.0122447648963362,0.105890071200987,
0.0882849984533367));
#1546=CARTESIAN_POINT('Ctrl Pts',(-0.00680424117334795,0.111764953055056,
0.0889993319758745));
#1547=CARTESIAN_POINT('Ctrl Pts',(0.00101113238518645,0.113553229230244,
0.0897136654984122));
#1548=CARTESIAN_POINT('Ctrl Pts',(0.00784253070595262,0.110869843113485,
0.0903684712274051));
#1549=CARTESIAN_POINT('Ctrl Pts',(0.0119233282718241,0.105747205227551,
0.0909637491628533));
#1550=CARTESIAN_POINT('Ctrl Pts',(0.013238187626868,0.100006405011328,0.0914994993047566));
#1551=CARTESIAN_POINT('Ctrl Pts',(0.0119288457290331,0.0942605940873976,
0.0920352494466599));
#1552=CARTESIAN_POINT('Ctrl Pts',(0.00825742296587317,0.0896534577109827,
0.0925709995885632));
#1553=CARTESIAN_POINT('Ctrl Pts',(0.00294988491124109,0.0870950182561257,
0.0931067497304664));
#1554=CARTESIAN_POINT('Ctrl Pts',(-0.00294179561024453,0.0870932983604169,
0.0936424998723699));
#1555=CARTESIAN_POINT('Ctrl Pts',(-0.008250830759941,0.0896480585447575,
0.094178250014273));
#1556=CARTESIAN_POINT('Ctrl Pts',(-0.0119254345766162,0.0942535088180546,
0.0947140001561764));
#1557=CARTESIAN_POINT('Ctrl Pts',(-0.0132377575243749,0.0999972222573256,
0.0952497502980797));
#1558=CARTESIAN_POINT('Ctrl Pts',(-0.0119278509825873,0.105741523451998,
0.0957855004399831));
#1559=CARTESIAN_POINT('Ctrl Pts',(-0.0082551267755414,0.110348448278142,
0.0963212505818863));
#1560=CARTESIAN_POINT('Ctrl Pts',(-0.00294727094547814,0.112905552021521,
0.0968570007237897));
#1561=CARTESIAN_POINT('Ctrl Pts',(0.0029446473259689,0.112906041648911,
0.0973927508656929));
#1562=CARTESIAN_POINT('Ctrl Pts',(0.00825274914538643,0.110350362001346,
0.0979285010075963));
#1563=CARTESIAN_POINT('Ctrl Pts',(0.0119271732524187,0.105743615756893,
0.0984642511494995));
#1564=CARTESIAN_POINT('Ctrl Pts',(0.0131880916893837,0.100213472010376,
0.0989801586935546));
#1565=CARTESIAN_POINT('Ctrl Pts',(0.0121126548322604,0.0948924198750182,
0.0994762236397614));
#1566=CARTESIAN_POINT('Ctrl Pts',(0.00917670386238879,0.0905919437216477,
0.0999524459881199));
#1567=CARTESIAN_POINT('Ctrl Pts',(0.00407377121075659,0.0872868555579199,
0.100508038727871));
#1568=CARTESIAN_POINT('Ctrl Pts',(-0.00302468688359468,0.0867513263319683,
0.101143001859016));
#1569=CARTESIAN_POINT('Ctrl Pts',(-0.00996396696813602,0.0907569114917436,
0.101857335381554));
#1570=CARTESIAN_POINT('Ctrl Pts',(-0.0134392811556362,0.0979790845756536,
0.102571668904092));
#1571=CARTESIAN_POINT('Ctrl Pts',(-0.012371949329171,0.105015986723877,
0.103206632035236));
#1572=CARTESIAN_POINT('Ctrl Pts',(-0.00869267853034829,0.109857163945003,
0.103762224774988));
#1573=CARTESIAN_POINT('Ctrl Pts',(-0.00418374930319504,0.112461578235462,
0.104238447123346));
#1574=CARTESIAN_POINT('Ctrl Pts',(0.000986914392206949,0.113107031743531,
0.104714669471705));
#1575=CARTESIAN_POINT('Ctrl Pts',(0.00600049148840872,0.111695075545056,
0.105190891820063));
#1576=CARTESIAN_POINT('Ctrl Pts',(0.0100728226868847,0.108445613649472,
0.105667114168422));
#1577=CARTESIAN_POINT('Ctrl Pts',(0.0125619550754881,0.103869302359139,
0.10614333651678));
#1578=CARTESIAN_POINT('Ctrl Pts',(0.013078443052839,0.0986857550542878,
0.106619558865139));
#1579=CARTESIAN_POINT('Ctrl Pts',(0.0115412955420321,0.0937080509981537,
0.107095781213497));
#1580=CARTESIAN_POINT('Ctrl Pts',(0.00819042693515896,0.0897198414328882,
0.107572003561856));
#1581=CARTESIAN_POINT('Ctrl Pts',(0.0035534549056844,0.0873437618236793,
0.108048225910214));
#1582=CARTESIAN_POINT('Ctrl Pts',(-0.00164022296276638,0.0869602574400468,
0.108524448258573));
#1583=CARTESIAN_POINT('Ctrl Pts',(-0.00740510728228173,0.0888921721068653,
0.109080040998324));
#1584=CARTESIAN_POINT('Ctrl Pts',(-0.0122479912213087,0.0941088374076027,
0.109715004129469));
#1585=CARTESIAN_POINT('Ctrl Pts',(-0.0134362062343636,0.102035159051554,
0.110429337652007));
#1586=CARTESIAN_POINT('Ctrl Pts',(-0.00995563411416463,0.109249445831828,
0.111143671174544));
#1587=CARTESIAN_POINT('Ctrl Pts',(-0.00301450086859129,0.113251485094183,
0.111858004697082));
#1588=CARTESIAN_POINT('Ctrl Pts',(0.00497480122024469,0.112645872079244,
0.11257233821962));
#1589=CARTESIAN_POINT('Ctrl Pts',(0.0112336291084818,0.107647172941439,
0.113286671742158));
#1590=CARTESIAN_POINT('Ctrl Pts',(0.0135911472341804,0.0999867802773036,
0.114001005264695));
#1591=CARTESIAN_POINT('Ctrl Pts',(0.0114814286400463,0.093188646512907,
0.11463596839584));
#1592=CARTESIAN_POINT('Ctrl Pts',(0.00711962668481005,0.0889528516379052,
0.115191561135592));
#1593=CARTESIAN_POINT('Ctrl Pts',(0.00227102289291941,0.0870524832802785,
0.11566778348395));
#1594=CARTESIAN_POINT('Ctrl Pts',(-0.00293703692628754,0.087188450004542,
0.116144005832309));
#1595=CARTESIAN_POINT('Ctrl Pts',(-0.0076849081510356,0.0893341962791158,
0.116620228180667));
#1596=CARTESIAN_POINT('Ctrl Pts',(-0.0112207586493036,0.0931578247577958,
0.117096450529026));
#1597=CARTESIAN_POINT('Ctrl Pts',(-0.01330217765694,0.0988700660922825,
0.117652043268777));
#1598=CARTESIAN_POINT('Ctrl Pts',(-0.0122377365523968,0.105908729877057,
0.118287006399922));
#1599=CARTESIAN_POINT('Ctrl Pts',(-0.00678278670139965,0.111777481303005,
0.11900133992246));
#1600=CARTESIAN_POINT('Ctrl Pts',(0.00103310684828639,0.113550961685902,
0.119715673444997));
#1601=CARTESIAN_POINT('Ctrl Pts',(0.00786115313130933,0.110856867092872,
0.12037047917399));
#1602=CARTESIAN_POINT('Ctrl Pts',(0.0119328343726749,0.105727043675524,
0.120965757109438));
#1603=CARTESIAN_POINT('Ctrl Pts',(0.0132382481954753,0.0999841816475834,
0.121501507251342));
#1604=CARTESIAN_POINT('Ctrl Pts',(0.0119191418318127,0.0942405143538575,
0.122037257393245));
#1605=CARTESIAN_POINT('Ctrl Pts',(0.00824002193180035,0.0896395920418121,
0.122573007535148));
#1606=CARTESIAN_POINT('Ctrl Pts',(0.00292816497214258,0.0870900695893499,
0.123108757677052));
#1607=CARTESIAN_POINT('Ctrl Pts',(-0.00296349899175441,0.0870982673356344,
0.123644507818955));
#1608=CARTESIAN_POINT('Ctrl Pts',(-0.00826823521650867,0.0896619517630934,
0.124180257960858));
#1609=CARTESIAN_POINT('Ctrl Pts',(-0.0119350818861646,0.0942735774248221,
0.124716008102762));
#1610=CARTESIAN_POINT('Ctrl Pts',(-0.0132377473319357,0.100019491626583,
0.125251758244665));
#1611=CARTESIAN_POINT('Ctrl Pts',(-0.0119181682709706,0.105761577157782,
0.125787508386568));
#1612=CARTESIAN_POINT('Ctrl Pts',(-0.00823772311170549,0.110362326470116,
0.126323258528471));
#1613=CARTESIAN_POINT('Ctrl Pts',(-0.00292552416542489,0.112910478199397,
0.126859008670375));
#1614=CARTESIAN_POINT('Ctrl Pts',(0.00296628069096607,0.112901098629608,
0.127394758812278));
#1615=CARTESIAN_POINT('Ctrl Pts',(0.00827028711022984,0.110336405749304,
0.127930508954181));
#1616=CARTESIAN_POINT('Ctrl Pts',(0.0119364241901432,0.105723678118251,
0.128466259096085));
#1617=CARTESIAN_POINT('Ctrl Pts',(0.0128032053051226,0.101893455317427,
0.128823425857354));
#1618=CARTESIAN_POINT('Ctrl Pts',(0.0127999818665749,0.099978454342582,
0.129002009237988));
#1619=CARTESIAN_POINT('Ctrl Pts',(0.0127999997135209,0.100000000025587,
0.069));
#1620=CARTESIAN_POINT('Ctrl Pts',(0.0127999491115385,0.0980921735135145,
0.0691779144955737));
#1621=CARTESIAN_POINT('Ctrl Pts',(0.011931834610058,0.0942705370619183,
0.0695344123717818));
#1622=CARTESIAN_POINT('Ctrl Pts',(0.00827026475181056,0.0896635763613092,
0.0700694936286243));
#1623=CARTESIAN_POINT('Ctrl Pts',(0.00296625276117482,0.0870988949405885,
0.0706052437705277));
#1624=CARTESIAN_POINT('Ctrl Pts',(-0.00292555206943649,0.0870895281550104,
0.0711409939124309));
#1625=CARTESIAN_POINT('Ctrl Pts',(-0.00823774559949482,0.0896376913031095,
0.0716767440543343));
#1626=CARTESIAN_POINT('Ctrl Pts',(-0.0119181805974001,0.0942384487391295,
0.0722124941962375));
#1627=CARTESIAN_POINT('Ctrl Pts',(-0.0132377476714724,0.0999805367861708,
0.0727482443381409));
#1628=CARTESIAN_POINT('Ctrl Pts',(-0.0119350688648542,0.105726448888976,
0.0732839944800441));
#1629=CARTESIAN_POINT('Ctrl Pts',(-0.00826821418470661,0.110338065090263,
0.0738197446219475));
#1630=CARTESIAN_POINT('Ctrl Pts',(-0.00296346823944049,0.112901741276047,
0.0743554947638508));
#1631=CARTESIAN_POINT('Ctrl Pts',(0.00292818689231286,0.112909919410805,
0.0748912449057541));
#1632=CARTESIAN_POINT('Ctrl Pts',(0.00824005710288284,0.110360400019653,
0.0754269950476574));
#1633=CARTESIAN_POINT('Ctrl Pts',(0.0119191272531314,0.105759438885809,
0.0759627451895607));
#1634=CARTESIAN_POINT('Ctrl Pts',(0.0132383055821008,0.100015834193071,
0.076498495331464));
#1635=CARTESIAN_POINT('Ctrl Pts',(0.0119327008681807,0.094272836624953,
0.0770342454733673));
#1636=CARTESIAN_POINT('Ctrl Pts',(0.00786142207288434,0.0891433429769549,
0.0776295234088154));
#1637=CARTESIAN_POINT('Ctrl Pts',(0.00103239482803895,0.0864485107839224,
0.0782843291378084));
#1638=CARTESIAN_POINT('Ctrl Pts',(-0.00678134164138584,0.0882236940735676,
0.0789986626603461));
#1639=CARTESIAN_POINT('Ctrl Pts',(-0.0122391858261257,0.0940910151727733,
0.0797129961828839));
#1640=CARTESIAN_POINT('Ctrl Pts',(-0.0133021087492268,0.101129816859369,
0.0803479593140284));
#1641=CARTESIAN_POINT('Ctrl Pts',(-0.0112207357373348,0.106842267609117,
0.0809035520537801));
#1642=CARTESIAN_POINT('Ctrl Pts',(-0.00768504115558521,0.110665707324989,
0.0813797744021386));
#1643=CARTESIAN_POINT('Ctrl Pts',(-0.00293664125353224,0.112811764102944,
0.0818559967504971));
#1644=CARTESIAN_POINT('Ctrl Pts',(0.00227012857213473,0.11294701531448,
0.0823322190988556));
#1645=CARTESIAN_POINT('Ctrl Pts',(0.00712164873838325,0.111048186799621,
0.082808441447214));
#1646=CARTESIAN_POINT('Ctrl Pts',(0.0108539433197224,0.107414137681225,
0.0832846637955726));
#1647=CARTESIAN_POINT('Ctrl Pts',(0.0128817175185678,0.102615568714677,
0.083760886143931));
#1648=CARTESIAN_POINT('Ctrl Pts',(0.0128860267990526,0.0974060443246011,
0.0842371084922896));
#1649=CARTESIAN_POINT('Ctrl Pts',(0.0108662237273383,0.0926044087503525,
0.084713330840648));
#1650=CARTESIAN_POINT('Ctrl Pts',(0.00714037413394719,0.0889630594668711,
0.0851895531890066));
#1651=CARTESIAN_POINT('Ctrl Pts',(0.0022923246984252,0.0870572612258569,
0.085665775537365));
#1652=CARTESIAN_POINT('Ctrl Pts',(-0.00248227498199324,0.0871724840174056,
0.086102312690027));
#1653=CARTESIAN_POINT('Ctrl Pts',(-0.00648659536940461,0.0887452880759804,
0.0864991646469924));
#1654=CARTESIAN_POINT('Ctrl Pts',(-0.0105335079326967,0.0919563518845726,
0.0869753869953509));
#1655=CARTESIAN_POINT('Ctrl Pts',(-0.0134393707081862,0.0979627904553895,
0.0875706649307991));
#1656=CARTESIAN_POINT('Ctrl Pts',(-0.0122447648963362,0.105890071200987,
0.0882849984533367));
#1657=CARTESIAN_POINT('Ctrl Pts',(-0.00680424117334795,0.111764953055056,
0.0889993319758745));
#1658=CARTESIAN_POINT('Ctrl Pts',(0.00101113238518645,0.113553229230244,
0.0897136654984122));
#1659=CARTESIAN_POINT('Ctrl Pts',(0.00784253070595262,0.110869843113485,
0.0903684712274051));
#1660=CARTESIAN_POINT('Ctrl Pts',(0.0119233282718241,0.105747205227551,
0.0909637491628533));
#1661=CARTESIAN_POINT('Ctrl Pts',(0.013238187626868,0.100006405011328,0.0914994993047566));
#1662=CARTESIAN_POINT('Ctrl Pts',(0.0119288457290331,0.0942605940873976,
0.0920352494466599));
#1663=CARTESIAN_POINT('Ctrl Pts',(0.00825742296587317,0.0896534577109827,
0.0925709995885632));
#1664=CARTESIAN_POINT('Ctrl Pts',(0.00294988491124109,0.0870950182561257,
0.0931067497304664));
#1665=CARTESIAN_POINT('Ctrl Pts',(-0.00294179561024453,0.0870932983604169,
0.0936424998723699));
#1666=CARTESIAN_POINT('Ctrl Pts',(-0.008250830759941,0.0896480585447575,
0.094178250014273));
#1667=CARTESIAN_POINT('Ctrl Pts',(-0.0119254345766162,0.0942535088180546,
0.0947140001561764));
#1668=CARTESIAN_POINT('Ctrl Pts',(-0.0132377575243749,0.0999972222573256,
0.0952497502980797));
#1669=CARTESIAN_POINT('Ctrl Pts',(-0.0119278509825873,0.105741523451998,
0.0957855004399831));
#1670=CARTESIAN_POINT('Ctrl Pts',(-0.0082551267755414,0.110348448278142,
0.0963212505818863));
#1671=CARTESIAN_POINT('Ctrl Pts',(-0.00294727094547814,0.112905552021521,
0.0968570007237897));
#1672=CARTESIAN_POINT('Ctrl Pts',(0.0029446473259689,0.112906041648911,
0.0973927508656929));
#1673=CARTESIAN_POINT('Ctrl Pts',(0.00825274914538643,0.110350362001346,
0.0979285010075963));
#1674=CARTESIAN_POINT('Ctrl Pts',(0.0119271732524187,0.105743615756893,
0.0984642511494995));
#1675=CARTESIAN_POINT('Ctrl Pts',(0.0131880916893837,0.100213472010376,
0.0989801586935546));
#1676=CARTESIAN_POINT('Ctrl Pts',(0.0121126548322604,0.0948924198750182,
0.0994762236397614));
#1677=CARTESIAN_POINT('Ctrl Pts',(0.00917670386238879,0.0905919437216477,
0.0999524459881199));
#1678=CARTESIAN_POINT('Ctrl Pts',(0.00407377121075659,0.0872868555579199,
0.100508038727871));
#1679=CARTESIAN_POINT('Ctrl Pts',(-0.00302468688359468,0.0867513263319683,
0.101143001859016));
#1680=CARTESIAN_POINT('Ctrl Pts',(-0.00996396696813602,0.0907569114917436,
0.101857335381554));
#1681=CARTESIAN_POINT('Ctrl Pts',(-0.0134392811556362,0.0979790845756536,
0.102571668904092));
#1682=CARTESIAN_POINT('Ctrl Pts',(-0.012371949329171,0.105015986723877,
0.103206632035236));
#1683=CARTESIAN_POINT('Ctrl Pts',(-0.00869267853034829,0.109857163945003,
0.103762224774988));
#1684=CARTESIAN_POINT('Ctrl Pts',(-0.00418374930319504,0.112461578235462,
0.104238447123346));
#1685=CARTESIAN_POINT('Ctrl Pts',(0.000986914392206949,0.113107031743531,
0.104714669471705));
#1686=CARTESIAN_POINT('Ctrl Pts',(0.00600049148840872,0.111695075545056,
0.105190891820063));
#1687=CARTESIAN_POINT('Ctrl Pts',(0.0100728226868847,0.108445613649472,
0.105667114168422));
#1688=CARTESIAN_POINT('Ctrl Pts',(0.0125619550754881,0.103869302359139,
0.10614333651678));
#1689=CARTESIAN_POINT('Ctrl Pts',(0.013078443052839,0.0986857550542878,
0.106619558865139));
#1690=CARTESIAN_POINT('Ctrl Pts',(0.0115412955420321,0.0937080509981537,
0.107095781213497));
#1691=CARTESIAN_POINT('Ctrl Pts',(0.00819042693515896,0.0897198414328882,
0.107572003561856));
#1692=CARTESIAN_POINT('Ctrl Pts',(0.0035534549056844,0.0873437618236793,
0.108048225910214));
#1693=CARTESIAN_POINT('Ctrl Pts',(-0.00164022296276638,0.0869602574400468,
0.108524448258573));
#1694=CARTESIAN_POINT('Ctrl Pts',(-0.00740510728228173,0.0888921721068653,
0.109080040998324));
#1695=CARTESIAN_POINT('Ctrl Pts',(-0.0122479912213087,0.0941088374076027,
0.109715004129469));
#1696=CARTESIAN_POINT('Ctrl Pts',(-0.0134362062343636,0.102035159051554,
0.110429337652007));
#1697=CARTESIAN_POINT('Ctrl Pts',(-0.00995563411416463,0.109249445831828,
0.111143671174544));
#1698=CARTESIAN_POINT('Ctrl Pts',(-0.00301450086859129,0.113251485094183,
0.111858004697082));
#1699=CARTESIAN_POINT('Ctrl Pts',(0.00497480122024469,0.112645872079244,
0.11257233821962));
#1700=CARTESIAN_POINT('Ctrl Pts',(0.0112336291084818,0.107647172941439,
0.113286671742158));
#1701=CARTESIAN_POINT('Ctrl Pts',(0.0135911472341804,0.0999867802773036,
0.114001005264695));
#1702=CARTESIAN_POINT('Ctrl Pts',(0.0114814286400463,0.093188646512907,
0.11463596839584));
#1703=CARTESIAN_POINT('Ctrl Pts',(0.00711962668481005,0.0889528516379052,
0.115191561135592));
#1704=CARTESIAN_POINT('Ctrl Pts',(0.00227102289291941,0.0870524832802785,
0.11566778348395));
#1705=CARTESIAN_POINT('Ctrl Pts',(-0.00293703692628754,0.087188450004542,
0.116144005832309));
#1706=CARTESIAN_POINT('Ctrl Pts',(-0.0076849081510356,0.0893341962791158,
0.116620228180667));
#1707=CARTESIAN_POINT('Ctrl Pts',(-0.0112207586493036,0.0931578247577958,
0.117096450529026));
#1708=CARTESIAN_POINT('Ctrl Pts',(-0.01330217765694,0.0988700660922825,
0.117652043268777));
#1709=CARTESIAN_POINT('Ctrl Pts',(-0.0122377365523968,0.105908729877057,
0.118287006399922));
#1710=CARTESIAN_POINT('Ctrl Pts',(-0.00678278670139965,0.111777481303005,
0.11900133992246));
#1711=CARTESIAN_POINT('Ctrl Pts',(0.00103310684828639,0.113550961685902,
0.119715673444997));
#1712=CARTESIAN_POINT('Ctrl Pts',(0.00786115313130933,0.110856867092872,
0.12037047917399));
#1713=CARTESIAN_POINT('Ctrl Pts',(0.0119328343726749,0.105727043675524,
0.120965757109438));
#1714=CARTESIAN_POINT('Ctrl Pts',(0.0132382481954753,0.0999841816475834,
0.121501507251342));
#1715=CARTESIAN_POINT('Ctrl Pts',(0.0119191418318127,0.0942405143538575,
0.122037257393245));
#1716=CARTESIAN_POINT('Ctrl Pts',(0.00824002193180035,0.0896395920418121,
0.122573007535148));
#1717=CARTESIAN_POINT('Ctrl Pts',(0.00292816497214258,0.0870900695893499,
0.123108757677052));
#1718=CARTESIAN_POINT('Ctrl Pts',(-0.00296349899175441,0.0870982673356344,
0.123644507818955));
#1719=CARTESIAN_POINT('Ctrl Pts',(-0.00826823521650867,0.0896619517630934,
0.124180257960858));
#1720=CARTESIAN_POINT('Ctrl Pts',(-0.0119350818861646,0.0942735774248221,
0.124716008102762));
#1721=CARTESIAN_POINT('Ctrl Pts',(-0.0132377473319357,0.100019491626583,
0.125251758244665));
#1722=CARTESIAN_POINT('Ctrl Pts',(-0.0119181682709706,0.105761577157782,
0.125787508386568));
#1723=CARTESIAN_POINT('Ctrl Pts',(-0.00823772311170549,0.110362326470116,
0.126323258528471));
#1724=CARTESIAN_POINT('Ctrl Pts',(-0.00292552416542489,0.112910478199397,
0.126859008670375));
#1725=CARTESIAN_POINT('Ctrl Pts',(0.00296628069096607,0.112901098629608,
0.127394758812278));
#1726=CARTESIAN_POINT('Ctrl Pts',(0.00827028711022984,0.110336405749304,
0.127930508954181));
#1727=CARTESIAN_POINT('Ctrl Pts',(0.011931841119719,0.105729444529905,0.128465589350089));
#1728=CARTESIAN_POINT('Ctrl Pts',(0.0127999490466861,0.101907817248728,
0.128822086365362));
#1729=CARTESIAN_POINT('Ctrl Pts',(0.0127999997127859,0.0999999999743477,
0.129));
#1730=CARTESIAN_POINT('Ctrl Pts',(0.013,0.1,0.069));
#1731=CARTESIAN_POINT('Ctrl Pts',(0.013,0.0978645383269716,0.0691960784313726));
#1732=CARTESIAN_POINT('Ctrl Pts',(0.0119273930707485,0.093595646758162,
0.0695882352941177));
#1733=CARTESIAN_POINT('Ctrl Pts',(0.00747776463299151,0.0887144748222874,
0.0701764705882353));
#1734=CARTESIAN_POINT('Ctrl Pts',(0.00124920202192173,0.0865198117453211,
0.070764705882353));
#1735=CARTESIAN_POINT('Ctrl Pts',(-0.00527696696089414,0.0875327116700681,
0.0713529411764706));
#1736=CARTESIAN_POINT('Ctrl Pts',(-0.0105471993574422,0.0915127074230161,
0.0719411764705882));
#1737=CARTESIAN_POINT('Ctrl Pts',(-0.013307526074157,0.0975123841523423,
0.0725294117647059));
#1738=CARTESIAN_POINT('Ctrl Pts',(-0.0129009529146631,0.104104094228527,
0.0731176470588235));
#1739=CARTESIAN_POINT('Ctrl Pts',(-0.00942428332482992,0.109719110372363,
0.0737058823529412));
#1740=CARTESIAN_POINT('Ctrl Pts',(-0.00370485671388139,0.113021224550354,
0.0742941176470588));
#1741=CARTESIAN_POINT('Ctrl Pts',(0.00289623192288564,0.113224600472073,
0.0748823529411765));
#1742=CARTESIAN_POINT('Ctrl Pts',(0.00880808965948751,0.110280846082826,
0.0754705882352941));
#1743=CARTESIAN_POINT('Ctrl Pts',(0.0126238360876968,0.104890500081106,
0.0760588235294117));
#1744=CARTESIAN_POINT('Ctrl Pts',(0.013435417776113,0.0983363347957619,
0.0766470588235294));
#1745=CARTESIAN_POINT('Ctrl Pts',(0.011049697528674,0.0921780810354966,
0.077235294117647));
#1746=CARTESIAN_POINT('Ctrl Pts',(0.00603441883887432,0.087881253326964,
0.0778235294117647));
#1747=CARTESIAN_POINT('Ctrl Pts',(-0.000416904403028762,0.0864683917186988,
0.0784117647058823));
#1748=CARTESIAN_POINT('Ctrl Pts',(-0.00676901454612685,0.0882757228879543,
0.079));
#1749=CARTESIAN_POINT('Ctrl Pts',(-0.0115102643226317,0.0928731460605498,
0.0795882352941176));
#1750=CARTESIAN_POINT('Ctrl Pts',(-0.0135123519050992,0.0991665866621276,
0.0801764705882353));
#1751=CARTESIAN_POINT('Ctrl Pts',(-0.01229882928308,0.105658359309908,0.0807647058823529));
#1752=CARTESIAN_POINT('Ctrl Pts',(-0.00815848524163654,0.11080358044239,
0.0813529411764706));
#1753=CARTESIAN_POINT('Ctrl Pts',(-0.00207662068692428,0.113377812912931,
0.0819411764705882));
#1754=CARTESIAN_POINT('Ctrl Pts',(0.00449942894567153,0.1127684521762,0.0825294117647059));
#1755=CARTESIAN_POINT('Ctrl Pts',(0.0100047242237441,0.109120511225721,
0.0831176470588236));
#1756=CARTESIAN_POINT('Ctrl Pts',(0.0131291391375448,0.103302111039819,
0.0837058823529411));
#1757=CARTESIAN_POINT('Ctrl Pts',(0.0131291391375374,0.0966978889601842,
0.0842941176470588));
#1758=CARTESIAN_POINT('Ctrl Pts',(0.0100047242237559,0.0908794887742671,
0.0848823529411765));
#1759=CARTESIAN_POINT('Ctrl Pts',(0.00449942894564842,0.0872315478238274,
0.0854705882352941));
#1760=CARTESIAN_POINT('Ctrl Pts',(-0.00207662068687622,0.0866221870870101,
0.0860588235294117));
#1761=CARTESIAN_POINT('Ctrl Pts',(-0.00815848524173767,0.0891964195577353,
0.0866470588235294));
#1762=CARTESIAN_POINT('Ctrl Pts',(-0.0122988292828662,0.0943416406898253,
0.087235294117647));
#1763=CARTESIAN_POINT('Ctrl Pts',(-0.0135123519055511,0.100833413338436,
0.0878235294117647));
#1764=CARTESIAN_POINT('Ctrl Pts',(-0.0115102643216761,0.107126853938259,
0.0884117647058824));
#1765=CARTESIAN_POINT('Ctrl Pts',(-0.00676901454814754,0.111724277114564,
0.089));
#1766=CARTESIAN_POINT('Ctrl Pts',(-0.000416904398755553,0.113531608275975,
0.0895882352941177));
#1767=CARTESIAN_POINT('Ctrl Pts',(0.00603441882983748,0.1121187466843,0.0901764705882353));
#1768=CARTESIAN_POINT('Ctrl Pts',(0.0110496975477847,0.107821918940683,
0.090764705882353));
#1769=CARTESIAN_POINT('Ctrl Pts',(0.0134354177356986,0.101663665254613,
0.0913529411764706));
#1770=CARTESIAN_POINT('Ctrl Pts',(0.0126238361731633,0.0951094998123642,
0.0919411764705882));
#1771=CARTESIAN_POINT('Ctrl Pts',(0.00880808947874705,0.0897191541424591,
0.0925294117647059));
#1772=CARTESIAN_POINT('Ctrl Pts',(0.00289623230510969,0.0867753990515037,
0.0931176470588235));
#1773=CARTESIAN_POINT('Ctrl Pts',(-0.00370485752217493,0.0869787764571636,
0.0937058823529412));
#1774=CARTESIAN_POINT('Ctrl Pts',(-0.00942428161536477,0.0902808874969764,
0.0942941176470588));
#1775=CARTESIAN_POINT('Ctrl Pts',(-0.0129009565288644,0.095895910277238,
0.0948823529411765));
#1776=CARTESIAN_POINT('Ctrl Pts',(-0.013307518424396,0.102487606318631,
0.0954705882352941));
#1777=CARTESIAN_POINT('Ctrl Pts',(-0.0105472154862868,0.108487312725354,
0.0960588235294117));
#1778=CARTESIAN_POINT('Ctrl Pts',(-0.00527693249396109,0.112467245696877,
0.0966470588235294));
#1779=CARTESIAN_POINT('Ctrl Pts',(0.00124913173508159,0.113480278250858,
0.097235294117647));
#1780=CARTESIAN_POINT('Ctrl Pts',(0.00747793307571356,0.111285333345864,
0.0978235294117648));
#1781=CARTESIAN_POINT('Ctrl Pts',(0.0119271687204317,0.106404754337716,
0.0984117647058823));
#1782=CARTESIAN_POINT('Ctrl Pts',(0.013538029096295,0.1,0.099));
#1783=CARTESIAN_POINT('Ctrl Pts',(0.0119271687204317,0.0935952456622844,
0.0995882352941177));
#1784=CARTESIAN_POINT('Ctrl Pts',(0.00747793307571359,0.0887146666541356,
0.100176470588235));
#1785=CARTESIAN_POINT('Ctrl Pts',(0.00124913173508162,0.0865197217491423,
0.100764705882353));
#1786=CARTESIAN_POINT('Ctrl Pts',(-0.00527693249396106,0.0875327543031226,
0.101352941176471));
#1787=CARTESIAN_POINT('Ctrl Pts',(-0.0105472154862868,0.0915126872746456,
0.101941176470588));
#1788=CARTESIAN_POINT('Ctrl Pts',(-0.013307518424396,0.0975123936813691,
0.102529411764706));
#1789=CARTESIAN_POINT('Ctrl Pts',(-0.0129009565288645,0.104104089722762,
0.103117647058824));
#1790=CARTESIAN_POINT('Ctrl Pts',(-0.00942428161536481,0.109719112503024,
0.103705882352941));
#1791=CARTESIAN_POINT('Ctrl Pts',(-0.00370485752217499,0.113021223542836,
0.104294117647059));
#1792=CARTESIAN_POINT('Ctrl Pts',(0.00289623230510965,0.113224600948496,
0.104882352941176));
#1793=CARTESIAN_POINT('Ctrl Pts',(0.00880808947874703,0.110280845857541,
0.105470588235294));
#1794=CARTESIAN_POINT('Ctrl Pts',(0.0126238361731633,0.104890500187636,
0.106058823529412));
#1795=CARTESIAN_POINT('Ctrl Pts',(0.0134354177356986,0.0983363347453872,
0.106647058823529));
#1796=CARTESIAN_POINT('Ctrl Pts',(0.0110496975477847,0.0921780810593172,
0.107235294117647));
#1797=CARTESIAN_POINT('Ctrl Pts',(0.0060344188298375,0.0878812533156999,
0.107823529411765));
#1798=CARTESIAN_POINT('Ctrl Pts',(-0.000416904398755508,0.0864683917240252,
0.108411764705882));
#1799=CARTESIAN_POINT('Ctrl Pts',(-0.00676901454814752,0.0882757228854356,
0.109));
#1800=CARTESIAN_POINT('Ctrl Pts',(-0.0115102643216761,0.0928731460617408,
0.109588235294118));
#1801=CARTESIAN_POINT('Ctrl Pts',(-0.0135123519055511,0.0991665866615644,
0.110176470588235));
#1802=CARTESIAN_POINT('Ctrl Pts',(-0.0122988292828663,0.105658359310175,
0.110764705882353));
#1803=CARTESIAN_POINT('Ctrl Pts',(-0.0081584852417377,0.110803580442265,
0.111352941176471));
#1804=CARTESIAN_POINT('Ctrl Pts',(-0.00207662068687629,0.11337781291299,
0.111941176470588));
#1805=CARTESIAN_POINT('Ctrl Pts',(0.00449942894564834,0.112768452176173,
0.112529411764706));
#1806=CARTESIAN_POINT('Ctrl Pts',(0.0100047242237559,0.109120511225733,
0.113117647058823));
#1807=CARTESIAN_POINT('Ctrl Pts',(0.0131291391375374,0.103302111039816,
0.113705882352941));
#1808=CARTESIAN_POINT('Ctrl Pts',(0.0131291391375448,0.0966978889601809,
0.114294117647059));
#1809=CARTESIAN_POINT('Ctrl Pts',(0.0100047242237441,0.090879488774279,
0.114882352941177));
#1810=CARTESIAN_POINT('Ctrl Pts',(0.00449942894567153,0.0872315478238,0.115470588235294));
#1811=CARTESIAN_POINT('Ctrl Pts',(-0.00207662068692427,0.0866221870870693,
0.116058823529412));
#1812=CARTESIAN_POINT('Ctrl Pts',(-0.00815848524163652,0.0891964195576095,
0.116647058823529));
#1813=CARTESIAN_POINT('Ctrl Pts',(-0.0122988292830799,0.0943416406900915,
0.117235294117647));
#1814=CARTESIAN_POINT('Ctrl Pts',(-0.0135123519050992,0.100833413337872,
0.117823529411765));
#1815=CARTESIAN_POINT('Ctrl Pts',(-0.0115102643226317,0.10712685393945,
0.118411764705882));
#1816=CARTESIAN_POINT('Ctrl Pts',(-0.0067690145461269,0.111724277112046,
0.119));
#1817=CARTESIAN_POINT('Ctrl Pts',(-0.000416904403028811,0.113531608281301,
0.119588235294118));
#1818=CARTESIAN_POINT('Ctrl Pts',(0.00603441883887429,0.112118746673036,
0.120176470588235));
#1819=CARTESIAN_POINT('Ctrl Pts',(0.011049697528674,0.107821918964503,0.120764705882353));
#1820=CARTESIAN_POINT('Ctrl Pts',(0.013435417776113,0.101663665204238,0.121352941176471));
#1821=CARTESIAN_POINT('Ctrl Pts',(0.0126238360876968,0.0951094999188944,
0.121941176470588));
#1822=CARTESIAN_POINT('Ctrl Pts',(0.00880808965948752,0.0897191539171738,
0.122529411764706));
#1823=CARTESIAN_POINT('Ctrl Pts',(0.00289623192288566,0.0867753995279268,
0.123117647058823));
#1824=CARTESIAN_POINT('Ctrl Pts',(-0.00370485671388134,0.0869787754496465,
0.123705882352941));
#1825=CARTESIAN_POINT('Ctrl Pts',(-0.00942428332482987,0.0902808896276365,
0.124294117647059));
#1826=CARTESIAN_POINT('Ctrl Pts',(-0.0129009529146631,0.0958959057714733,
0.124882352941176));
#1827=CARTESIAN_POINT('Ctrl Pts',(-0.013307526074157,0.102487615847658,
0.125470588235294));
#1828=CARTESIAN_POINT('Ctrl Pts',(-0.0105471993574423,0.108487292576984,
0.126058823529412));
#1829=CARTESIAN_POINT('Ctrl Pts',(-0.00527696696089416,0.112467288329932,
0.126647058823529));
#1830=CARTESIAN_POINT('Ctrl Pts',(0.00124920202192173,0.113480188254679,
0.127235294117647));
#1831=CARTESIAN_POINT('Ctrl Pts',(0.00747776463299153,0.111285525177713,
0.127823529411765));
#1832=CARTESIAN_POINT('Ctrl Pts',(0.0119273930707485,0.106404353241838,
0.128411764705882));
#1833=CARTESIAN_POINT('Ctrl Pts',(0.013,0.102135461673028,0.128803921568627));
#1834=CARTESIAN_POINT('Ctrl Pts',(0.013,0.1,0.129));
#1835=CARTESIAN_POINT('Ctrl Pts',(0.013,0.1,0.0687008006996581));
#1836=CARTESIAN_POINT('Ctrl Pts',(0.013,0.0978640913159517,0.0688968791310307));
#1837=CARTESIAN_POINT('Ctrl Pts',(0.0119275705833237,0.093595767198135,
0.0692890359937758));
#1838=CARTESIAN_POINT('Ctrl Pts',(0.00747783062322962,0.088714235136459,
0.0698772712878934));
#1839=CARTESIAN_POINT('Ctrl Pts',(0.0012492274707526,0.086519695133621,
0.0704655065820111));
#1840=CARTESIAN_POINT('Ctrl Pts',(-0.00527703600132252,0.0875325381202086,
0.0710537418761287));
#1841=CARTESIAN_POINT('Ctrl Pts',(-0.0105473248903087,0.0915126150525186,
0.0716419771702464));
#1842=CARTESIAN_POINT('Ctrl Pts',(-0.0133076885639433,0.0975123489955587,
0.072230212464364));
#1843=CARTESIAN_POINT('Ctrl Pts',(-0.0129011088235091,0.104104146355104,
0.0728184477584816));
#1844=CARTESIAN_POINT('Ctrl Pts',(-0.00942439785536526,0.109719227111513,
0.0734066830525993));
#1845=CARTESIAN_POINT('Ctrl Pts',(-0.00370490152096527,0.113021382974999,
0.0739949183467169));
#1846=CARTESIAN_POINT('Ctrl Pts',(0.00289626698692941,0.113224760585656,
0.0745831536408346));
#1847=CARTESIAN_POINT('Ctrl Pts',(0.00880819649394201,0.110280970867611,
0.0751713889349522));
#1848=CARTESIAN_POINT('Ctrl Pts',(0.0126239891533425,0.104890559328108,
0.0757596242290699));
#1849=CARTESIAN_POINT('Ctrl Pts',(0.0134355807015454,0.0983363146483395,
0.0763478595231875));
#1850=CARTESIAN_POINT('Ctrl Pts',(0.011049831515849,0.09217798617348,0.0769360948173052));
#1851=CARTESIAN_POINT('Ctrl Pts',(0.00603449201429525,0.0878811063794679,
0.0775243301114228));
#1852=CARTESIAN_POINT('Ctrl Pts',(-0.000416909459088498,0.0864682276299818,
0.0781125654055405));
#1853=CARTESIAN_POINT('Ctrl Pts',(-0.00676909662772412,0.0882755807192637,
0.0787008006996581));
#1854=CARTESIAN_POINT('Ctrl Pts',(-0.0115104038976364,0.0928730596388286,
0.0792890359937758));
#1855=CARTESIAN_POINT('Ctrl Pts',(-0.0135125157574551,0.0991665765563511,
0.0798772712878934));
#1856=CARTESIAN_POINT('Ctrl Pts',(-0.0122989784202105,0.105658427923722,
0.0804655065820111));
#1857=CARTESIAN_POINT('Ctrl Pts',(-0.00815858417240574,0.110803711447986,
0.0810537418761286));
#1858=CARTESIAN_POINT('Ctrl Pts',(-0.00207664586828622,0.113377975133885,
0.0816419771702464));
#1859=CARTESIAN_POINT('Ctrl Pts',(0.0044994835062973,0.112768607008018,
0.082230212464364));
#1860=CARTESIAN_POINT('Ctrl Pts',(0.0100048455422449,0.109120621822142,
0.0828184477584818));
#1861=CARTESIAN_POINT('Ctrl Pts',(0.0131292983430831,0.103302151081622,
0.0834066830525993));
#1862=CARTESIAN_POINT('Ctrl Pts',(0.0131292983430745,0.0966978489183827,
0.083994918346717));
#1863=CARTESIAN_POINT('Ctrl Pts',(0.0100048455422585,0.0908793781778398,
0.0845831536408346));
#1864=CARTESIAN_POINT('Ctrl Pts',(0.00449948350627081,0.0872313929920236,
0.0851713889349522));
#1865=CARTESIAN_POINT('Ctrl Pts',(-0.00207664586823112,0.0866220248660243,
0.0857596242290699));
#1866=CARTESIAN_POINT('Ctrl Pts',(-0.00815858417252169,0.0891962885522051,
0.0863478595231875));
#1867=CARTESIAN_POINT('Ctrl Pts',(-0.0122989784199655,0.0943415720758723,
0.0869360948173051));
#1868=CARTESIAN_POINT('Ctrl Pts',(-0.0135125157579732,0.100833423444507,
0.0875243301114229));
#1869=CARTESIAN_POINT('Ctrl Pts',(-0.0115104038965408,0.107126940359356,
0.0881125654055405));
#1870=CARTESIAN_POINT('Ctrl Pts',(-0.00676909663004098,0.111724419284574,
0.0887008006996582));
#1871=CARTESIAN_POINT('Ctrl Pts',(-0.000416909454188978,0.113531772361902,
0.0892890359937758));
#1872=CARTESIAN_POINT('Ctrl Pts',(0.00603449200393391,0.112118893637696,
0.0898772712878934));
#1873=CARTESIAN_POINT('Ctrl Pts',(0.0110498315377607,0.107822013790223,
0.0904655065820111));
#1874=CARTESIAN_POINT('Ctrl Pts',(0.0134355806552077,0.10166368542842,0.0910537418761287));
#1875=CARTESIAN_POINT('Ctrl Pts',(0.0126239892513356,0.0951094405095643,
0.0916419771702463));
#1876=CARTESIAN_POINT('Ctrl Pts',(0.00880819628671102,0.0897190294756721,
0.092230212464364));
#1877=CARTESIAN_POINT('Ctrl Pts',(0.00289626742517477,0.0867752386883846,
0.0928184477584816));
#1878=CARTESIAN_POINT('Ctrl Pts',(-0.00370490244772771,0.0869786185602238,
0.0934066830525993));
#1879=CARTESIAN_POINT('Ctrl Pts',(-0.0094243958953495,0.0902807696418365,
0.0939949183467169));
#1880=CARTESIAN_POINT('Ctrl Pts',(-0.0129011129674319,0.095895860510547,
0.0945831536408346));
#1881=CARTESIAN_POINT('Ctrl Pts',(-0.0133076797929824,0.102487636483648,
0.0951713889349522));
#1882=CARTESIAN_POINT('Ctrl Pts',(-0.0105473433831042,0.10848741564354,
0.0957596242290699));
#1883=CARTESIAN_POINT('Ctrl Pts',(-0.00527699648268612,0.112467396876215,
0.0963478595231875));
#1884=CARTESIAN_POINT('Ctrl Pts',(0.00124914688220489,0.113480441714351,
0.0969360948173053));
#1885=CARTESIAN_POINT('Ctrl Pts',(0.00747802375403926,0.111285470193189,
0.0975243301114228));
#1886=CARTESIAN_POINT('Ctrl Pts',(0.0119273133507298,0.106404832002546,
0.0981125654055406));
#1887=CARTESIAN_POINT('Ctrl Pts',(0.0135381932600819,0.0999999999999999,
0.0987008006996581));
#1888=CARTESIAN_POINT('Ctrl Pts',(0.0119273133507298,0.0935951679974547,
0.0992890359937758));
#1889=CARTESIAN_POINT('Ctrl Pts',(0.00747802375403928,0.0887145298068112,
0.0998772712878934));
#1890=CARTESIAN_POINT('Ctrl Pts',(0.00124914688220492,0.0865195582856493,
0.100465506582011));
#1891=CARTESIAN_POINT('Ctrl Pts',(-0.00527699648268609,0.0875326031237854,
0.101053741876129));
#1892=CARTESIAN_POINT('Ctrl Pts',(-0.0105473433831042,0.0915125843564595,
0.101641977170246));
#1893=CARTESIAN_POINT('Ctrl Pts',(-0.0133076797929824,0.0975123635163524,
0.102230212464364));
#1894=CARTESIAN_POINT('Ctrl Pts',(-0.0129011129674319,0.104104139489453,
0.102818447758482));
#1895=CARTESIAN_POINT('Ctrl Pts',(-0.00942439589534954,0.109719230358164,
0.103406683052599));
#1896=CARTESIAN_POINT('Ctrl Pts',(-0.00370490244772776,0.113021381439776,
0.103994918346717));
#1897=CARTESIAN_POINT('Ctrl Pts',(0.00289626742517472,0.113224761311615,
0.104583153640835));
#1898=CARTESIAN_POINT('Ctrl Pts',(0.008808196286711,0.110280970524328,0.105171388934952));
#1899=CARTESIAN_POINT('Ctrl Pts',(0.0126239892513356,0.104890559490436,
0.10575962422907));
#1900=CARTESIAN_POINT('Ctrl Pts',(0.0134355806552077,0.09833631457158,0.106347859523188));
#1901=CARTESIAN_POINT('Ctrl Pts',(0.0110498315377607,0.0921779862097771,
0.106936094817305));
#1902=CARTESIAN_POINT('Ctrl Pts',(0.00603449200393394,0.0878811063623041,
0.107524330111423));
#1903=CARTESIAN_POINT('Ctrl Pts',(-0.000416909454188943,0.086468227638098,
0.10811256540554));
#1904=CARTESIAN_POINT('Ctrl Pts',(-0.00676909663004095,0.0882755807154258,
0.108700800699658));
#1905=CARTESIAN_POINT('Ctrl Pts',(-0.0115104038965408,0.0928730596406434,
0.109289035993776));
#1906=CARTESIAN_POINT('Ctrl Pts',(-0.0135125157579732,0.099166576555493,
0.109877271287893));
#1907=CARTESIAN_POINT('Ctrl Pts',(-0.0122989784199655,0.105658427924128,
0.110465506582011));
#1908=CARTESIAN_POINT('Ctrl Pts',(-0.00815858417252173,0.110803711447795,
0.111053741876129));
#1909=CARTESIAN_POINT('Ctrl Pts',(-0.00207664586823119,0.113377975133976,
0.111641977170246));
#1910=CARTESIAN_POINT('Ctrl Pts',(0.00449948350627073,0.112768607007977,
0.112230212464364));
#1911=CARTESIAN_POINT('Ctrl Pts',(0.0100048455422584,0.10912062182216,0.112818447758482));
#1912=CARTESIAN_POINT('Ctrl Pts',(0.0131292983430745,0.103302151081617,
0.113406683052599));
#1913=CARTESIAN_POINT('Ctrl Pts',(0.0131292983430831,0.0966978489183777,
0.113994918346717));
#1914=CARTESIAN_POINT('Ctrl Pts',(0.0100048455422449,0.090879378177858,
0.114583153640835));
#1915=CARTESIAN_POINT('Ctrl Pts',(0.00449948350629731,0.0872313929919817,
0.115171388934952));
#1916=CARTESIAN_POINT('Ctrl Pts',(-0.00207664586828621,0.0866220248661146,
0.11575962422907));
#1917=CARTESIAN_POINT('Ctrl Pts',(-0.00815858417240573,0.0891962885520135,
0.116347859523188));
#1918=CARTESIAN_POINT('Ctrl Pts',(-0.0122989784202105,0.094341572076278,
0.116936094817305));
#1919=CARTESIAN_POINT('Ctrl Pts',(-0.0135125157574551,0.100833423443649,
0.117524330111423));
#1920=CARTESIAN_POINT('Ctrl Pts',(-0.0115104038976364,0.107126940361171,
0.118112565405541));
#1921=CARTESIAN_POINT('Ctrl Pts',(-0.00676909662772418,0.111724419280736,
0.118700800699658));
#1922=CARTESIAN_POINT('Ctrl Pts',(-0.000416909459088544,0.113531772370018,
0.119289035993776));
#1923=CARTESIAN_POINT('Ctrl Pts',(0.00603449201429521,0.112118893620532,
0.119877271287893));
#1924=CARTESIAN_POINT('Ctrl Pts',(0.011049831515849,0.10782201382652,0.120465506582011));
#1925=CARTESIAN_POINT('Ctrl Pts',(0.0134355807015454,0.101663685351661,
0.121053741876129));
#1926=CARTESIAN_POINT('Ctrl Pts',(0.0126239891533425,0.0951094406718919,
0.121641977170246));
#1927=CARTESIAN_POINT('Ctrl Pts',(0.00880819649394201,0.0897190291323892,
0.122230212464364));
#1928=CARTESIAN_POINT('Ctrl Pts',(0.00289626698692944,0.0867752394143444,
0.122818447758482));
#1929=CARTESIAN_POINT('Ctrl Pts',(-0.00370490152096522,0.0869786170250006,
0.123406683052599));
#1930=CARTESIAN_POINT('Ctrl Pts',(-0.00942439785536521,0.0902807728884873,
0.123994918346717));
#1931=CARTESIAN_POINT('Ctrl Pts',(-0.0129011088235091,0.0958958536448963,
0.124583153640835));
#1932=CARTESIAN_POINT('Ctrl Pts',(-0.0133076885639433,0.102487651004441,
0.125171388934952));
#1933=CARTESIAN_POINT('Ctrl Pts',(-0.0105473248903087,0.108487384947481,
0.12575962422907));
#1934=CARTESIAN_POINT('Ctrl Pts',(-0.00527703600132254,0.112467461879791,
0.126347859523188));
#1935=CARTESIAN_POINT('Ctrl Pts',(0.0012492274707526,0.113480304866379,
0.126936094817305));
#1936=CARTESIAN_POINT('Ctrl Pts',(0.00747783062322963,0.111285764863541,
0.127524330111423));
#1937=CARTESIAN_POINT('Ctrl Pts',(0.0119275705833237,0.106404232801865,
0.128112565405541));
#1938=CARTESIAN_POINT('Ctrl Pts',(0.013,0.102135908684048,0.128504722268286));
#1939=CARTESIAN_POINT('Ctrl Pts',(0.013,0.1,0.128700800699658));
#1940=CARTESIAN_POINT('Ctrl Pts',(0.0127132432559566,0.1,0.0681041488768091));
#1941=CARTESIAN_POINT('Ctrl Pts',(0.0127132432559566,0.0979117010617359,
0.0683002273081816));
#1942=CARTESIAN_POINT('Ctrl Pts',(0.0116642729769837,0.0937368996337681,
0.0686923841709267));
#1943=CARTESIAN_POINT('Ctrl Pts',(0.0073128099201059,0.0889634445632189,
0.0692806194650443));
#1944=CARTESIAN_POINT('Ctrl Pts',(0.00122164354264056,0.0868171757842423,
0.0698688547591621));
#1945=CARTESIAN_POINT('Ctrl Pts',(-0.00516055750999498,0.0878077403708587,
0.0704570900532796));
#1946=CARTESIAN_POINT('Ctrl Pts',(-0.0103145306437876,0.0916999339551983,
0.0710453253473973));
#1947=CARTESIAN_POINT('Ctrl Pts',(-0.01301396467359,0.0975672610906831,
0.0716335606415149));
#1948=CARTESIAN_POINT('Ctrl Pts',(-0.0126163606485308,0.104013558456745,
0.0722217959356326));
#1949=CARTESIAN_POINT('Ctrl Pts',(-0.00921638556426446,0.109504708966646,
0.0728100312297502));
#1950=CARTESIAN_POINT('Ctrl Pts',(-0.00362312836160644,0.112733978979145,
0.0733982665238678));
#1951=CARTESIAN_POINT('Ctrl Pts',(0.00283234165699585,0.112932868571693,
0.0739865018179855));
#1952=CARTESIAN_POINT('Ctrl Pts',(0.00861378503208637,0.110054052743442,
0.0745747371121032));
#1953=CARTESIAN_POINT('Ctrl Pts',(0.0123453568936549,0.104782616674845,
0.0751629724062208));
#1954=CARTESIAN_POINT('Ctrl Pts',(0.0131390352566,0.0983730349003348,0.0757512077003385));
#1955=CARTESIAN_POINT('Ctrl Pts',(0.0108059435022238,0.0923506309408713,
0.0763394429944561));
#1956=CARTESIAN_POINT('Ctrl Pts',(0.00590130081554773,0.0881485903545472,
0.0769276782885738));
#1957=CARTESIAN_POINT('Ctrl Pts',(-0.000407707578620348,0.0867668961803199,
0.0775159135826914));
#1958=CARTESIAN_POINT('Ctrl Pts',(-0.00661969149466033,0.088534357999752,
0.078104148876809));
#1959=CARTESIAN_POINT('Ctrl Pts',(-0.0112563502882184,0.0930303629746469,
0.0786923841709267));
#1960=CARTESIAN_POINT('Ctrl Pts',(-0.0132142722355,0.0991849715867968,0.0792806194650444));
#1961=CARTESIAN_POINT('Ctrl Pts',(-0.0120275196698411,0.105533537081682,
0.0798688547591619));
#1962=CARTESIAN_POINT('Ctrl Pts',(-0.00797851075589332,0.110565255707246,
0.0804570900532796));
#1963=CARTESIAN_POINT('Ctrl Pts',(-0.00203081086694482,0.113082701145482,
0.0810453253473973));
#1964=CARTESIAN_POINT('Ctrl Pts',(0.00440017247995961,0.112486782779722,
0.0816335606415149));
#1965=CARTESIAN_POINT('Ctrl Pts',(0.0097840220904609,0.108919314647072,
0.0822217959356326));
#1966=CARTESIAN_POINT('Ctrl Pts',(0.0128395130618,0.103229267157816,0.0828100312297502));
#1967=CARTESIAN_POINT('Ctrl Pts',(0.0128395130617929,0.0967707328421874,
0.0833982665238679));
#1968=CARTESIAN_POINT('Ctrl Pts',(0.00978402209047224,0.091080685352917,
0.0839865018179855));
#1969=CARTESIAN_POINT('Ctrl Pts',(0.00440017247993746,0.0875132172203032,
0.0845747371121031));
#1970=CARTESIAN_POINT('Ctrl Pts',(-0.00203081086689874,0.0869172988544645,
0.0851629724062208));
#1971=CARTESIAN_POINT('Ctrl Pts',(-0.00797851075599029,0.0894347442928687,
0.0857512077003385));
#1972=CARTESIAN_POINT('Ctrl Pts',(-0.0120275196696362,0.0944664629180757,
0.086339442994456));
#1973=CARTESIAN_POINT('Ctrl Pts',(-0.0132142722359332,0.100815028413715,
0.0869276782885738));
#1974=CARTESIAN_POINT('Ctrl Pts',(-0.0112563502873022,0.10696963702427,
0.0875159135826914));
#1975=CARTESIAN_POINT('Ctrl Pts',(-0.00661969149659786,0.111465642002539,
0.0881041488768091));
#1976=CARTESIAN_POINT('Ctrl Pts',(-0.000407707574523033,0.113233103814835,
0.0886923841709267));
#1977=CARTESIAN_POINT('Ctrl Pts',(0.00590130080688288,0.111851409655699,
0.0892806194650443));
#1978=CARTESIAN_POINT('Ctrl Pts',(0.0108059435205478,0.10764936903746,0.0898688547591619));
#1979=CARTESIAN_POINT('Ctrl Pts',(0.0131390352178492,0.101626965145489,
0.0904570900532796));
#1980=CARTESIAN_POINT('Ctrl Pts',(0.0123453569756033,0.0952173832282481,
0.0910453253473972));
#1981=CARTESIAN_POINT('Ctrl Pts',(0.00861378485878591,0.0899459474614925,
0.091633560641515));
#1982=CARTESIAN_POINT('Ctrl Pts',(0.00283234202348603,0.0870671309949217,
0.0922217959356325));
#1983=CARTESIAN_POINT('Ctrl Pts',(-0.00362312913662738,0.0872660219373583,
0.0928100312297503));
#1984=CARTESIAN_POINT('Ctrl Pts',(-0.00921638392516774,0.0904952890951682,
0.0933982665238678));
#1985=CARTESIAN_POINT('Ctrl Pts',(-0.0126163641139572,0.0959864456420059,
0.0939865018179855));
#1986=CARTESIAN_POINT('Ctrl Pts',(-0.0130139573387239,0.102432730241189,
0.0945747371121032));
#1987=CARTESIAN_POINT('Ctrl Pts',(-0.0103145461087043,0.108300084373784,
0.0951629724062208));
#1988=CARTESIAN_POINT('Ctrl Pts',(-0.00516052446185904,0.11219222085262,
0.0957512077003384));
#1989=CARTESIAN_POINT('Ctrl Pts',(0.0012215761490885,0.113182906119384,
0.0963394429944561));
#1990=CARTESIAN_POINT('Ctrl Pts',(0.00731297142905031,0.111036381241984,
0.0969276782885737));
#1991=CARTESIAN_POINT('Ctrl Pts',(0.0116640578618252,0.106263466790565,
0.0975159135826914));
#1992=CARTESIAN_POINT('Ctrl Pts',(0.0132393829931957,0.1,0.098104148876809));
#1993=CARTESIAN_POINT('Ctrl Pts',(0.0116640578618252,0.0937365332094349,
0.0986923841709268));
#1994=CARTESIAN_POINT('Ctrl Pts',(0.00731297142905034,0.0889636187580162,
0.0992806194650443));
#1995=CARTESIAN_POINT('Ctrl Pts',(0.00122157614908852,0.0868170938806158,
0.099868854759162));
#1996=CARTESIAN_POINT('Ctrl Pts',(-0.00516052446185901,0.0878077791473795,
0.10045709005328));
#1997=CARTESIAN_POINT('Ctrl Pts',(-0.0103145461087043,0.091699915626216,
0.101045325347397));
#1998=CARTESIAN_POINT('Ctrl Pts',(-0.0130139573387239,0.0975672697588114,
0.101633560641515));
#1999=CARTESIAN_POINT('Ctrl Pts',(-0.0126163641139572,0.104013554357994,
0.102221795935633));
#2000=CARTESIAN_POINT('Ctrl Pts',(-0.00921638392516778,0.109504710904832,
0.10281003122975));
#2001=CARTESIAN_POINT('Ctrl Pts',(-0.00362312913662743,0.112733978062642,
0.103398266523868));
#2002=CARTESIAN_POINT('Ctrl Pts',(0.00283234202348599,0.112932869005078,
0.103986501817985));
#2003=CARTESIAN_POINT('Ctrl Pts',(0.00861378485878589,0.110054052538507,
0.104574737112103));
#2004=CARTESIAN_POINT('Ctrl Pts',(0.0123453569756033,0.104782616771752,
0.105162972406221));
#2005=CARTESIAN_POINT('Ctrl Pts',(0.0131390352178492,0.0983730348545107,
0.105751207700338));
#2006=CARTESIAN_POINT('Ctrl Pts',(0.0108059435205478,0.09235063096254,0.106339442994456));
#2007=CARTESIAN_POINT('Ctrl Pts',(0.00590130080688291,0.0881485903443007,
0.106927678288574));
#2008=CARTESIAN_POINT('Ctrl Pts',(-0.000407707574522991,0.0867668961851651,
0.107515913582691));
#2009=CARTESIAN_POINT('Ctrl Pts',(-0.00661969149659784,0.0885343579974609,
0.108104148876809));
#2010=CARTESIAN_POINT('Ctrl Pts',(-0.0112563502873022,0.0930303629757302,
0.108692384170927));
#2011=CARTESIAN_POINT('Ctrl Pts',(-0.0132142722359332,0.0991849715862847,
0.109280619465044));
#2012=CARTESIAN_POINT('Ctrl Pts',(-0.0120275196696362,0.105533537081924,
0.109868854759162));
#2013=CARTESIAN_POINT('Ctrl Pts',(-0.00797851075599032,0.110565255707131,
0.110457090053279));
#2014=CARTESIAN_POINT('Ctrl Pts',(-0.00203081086689881,0.113082701145535,
0.111045325347397));
#2015=CARTESIAN_POINT('Ctrl Pts',(0.00440017247993739,0.112486782779697,
0.111633560641515));
#2016=CARTESIAN_POINT('Ctrl Pts',(0.00978402209047219,0.108919314647083,
0.112221795935633));
#2017=CARTESIAN_POINT('Ctrl Pts',(0.0128395130617929,0.103229267157813,
0.11281003122975));
#2018=CARTESIAN_POINT('Ctrl Pts',(0.0128395130618,0.0967707328421843,0.113398266523868));
#2019=CARTESIAN_POINT('Ctrl Pts',(0.00978402209046092,0.0910806853529279,
0.113986501817986));
#2020=CARTESIAN_POINT('Ctrl Pts',(0.00440017247995963,0.0875132172202782,
0.114574737112103));
#2021=CARTESIAN_POINT('Ctrl Pts',(-0.00203081086694483,0.0869172988545184,
0.115162972406221));
#2022=CARTESIAN_POINT('Ctrl Pts',(-0.0079785107558933,0.0894347442927542,
0.115751207700338));
#2023=CARTESIAN_POINT('Ctrl Pts',(-0.0120275196698411,0.0944664629183179,
0.116339442994456));
#2024=CARTESIAN_POINT('Ctrl Pts',(-0.0132142722355,0.100815028413203,0.116927678288574));
#2025=CARTESIAN_POINT('Ctrl Pts',(-0.0112563502882184,0.106969637025353,
0.117515913582691));
#2026=CARTESIAN_POINT('Ctrl Pts',(-0.00661969149466039,0.111465642000248,
0.118104148876809));
#2027=CARTESIAN_POINT('Ctrl Pts',(-0.000407707578620391,0.11323310381968,
0.118692384170927));
#2028=CARTESIAN_POINT('Ctrl Pts',(0.0059013008155477,0.111851409645453,
0.119280619465044));
#2029=CARTESIAN_POINT('Ctrl Pts',(0.0108059435022238,0.107649369059129,
0.119868854759162));
#2030=CARTESIAN_POINT('Ctrl Pts',(0.0131390352566,0.101626965099665,0.12045709005328));
#2031=CARTESIAN_POINT('Ctrl Pts',(0.0123453568936549,0.0952173833251549,
0.121045325347397));
#2032=CARTESIAN_POINT('Ctrl Pts',(0.00861378503208638,0.0899459472565584,
0.121633560641515));
#2033=CARTESIAN_POINT('Ctrl Pts',(0.00283234165699587,0.0870671314283073,
0.122221795935632));
#2034=CARTESIAN_POINT('Ctrl Pts',(-0.00362312836160639,0.0872660210208546,
0.12281003122975));
#2035=CARTESIAN_POINT('Ctrl Pts',(-0.00921638556426441,0.0904952910333539,
0.123398266523868));
#2036=CARTESIAN_POINT('Ctrl Pts',(-0.0126163606485308,0.0959864415432549,
0.123986501817986));
#2037=CARTESIAN_POINT('Ctrl Pts',(-0.01301396467359,0.102432738909317,0.124574737112103));
#2038=CARTESIAN_POINT('Ctrl Pts',(-0.0103145306437876,0.108300066044802,
0.125162972406221));
#2039=CARTESIAN_POINT('Ctrl Pts',(-0.00516055750999499,0.112192259629141,
0.125751207700339));
#2040=CARTESIAN_POINT('Ctrl Pts',(0.00122164354264056,0.113182824215758,
0.126339442994456));
#2041=CARTESIAN_POINT('Ctrl Pts',(0.00731280992010591,0.111036555436781,
0.126927678288574));
#2042=CARTESIAN_POINT('Ctrl Pts',(0.0116642729769837,0.106263100366232,
0.127515913582691));
#2043=CARTESIAN_POINT('Ctrl Pts',(0.0127132432559566,0.102088298938264,
0.127908070445436));
#2044=CARTESIAN_POINT('Ctrl Pts',(0.0127132432559566,0.1,0.128104148876809));
#2045=CARTESIAN_POINT('Ctrl Pts',(0.0117456545457545,0.1,0.0678853839789739));
#2046=CARTESIAN_POINT('Ctrl Pts',(0.0117456545457545,0.0980705797593648,
0.0680814624103465));
#2047=CARTESIAN_POINT('Ctrl Pts',(0.0107765435117176,0.0942135921199696,
0.0684736192730916));
#2048=CARTESIAN_POINT('Ctrl Pts',(0.00675625001501845,0.089803391032496,
0.0690618545672092));
#2049=CARTESIAN_POINT('Ctrl Pts',(0.00112866917537468,0.0878204882926256,
0.0696500898613269));
#2050=CARTESIAN_POINT('Ctrl Pts',(-0.00476780319060212,0.0887356547496473,
0.0702383251554445));
#2051=CARTESIAN_POINT('Ctrl Pts',(-0.0095295214753782,0.0923316291773911,
0.0708265604495622));
#2052=CARTESIAN_POINT('Ctrl Pts',(-0.0120235099116583,0.0977524090970078,
0.0714147957436798));
#2053=CARTESIAN_POINT('Ctrl Pts',(-0.0116561661516271,0.103708098535657,
0.0720030310377975));
#2054=CARTESIAN_POINT('Ctrl Pts',(-0.00851495336175005,0.108781333129993,
0.0725912663319151));
#2055=CARTESIAN_POINT('Ctrl Pts',(-0.00334738260930877,0.111764833033727,
0.0731795016260327));
#2056=CARTESIAN_POINT('Ctrl Pts',(0.00261678038355826,0.111948585616531,
0.0737677369201504));
#2057=CARTESIAN_POINT('Ctrl Pts',(0.0079582149696348,0.109288868116562,
0.074355972214268));
#2058=CARTESIAN_POINT('Ctrl Pts',(0.0114057877707803,0.104418625655708,
0.0749442075083857));
#2059=CARTESIAN_POINT('Ctrl Pts',(0.0121390615898687,0.0984968584742628,
0.0755324428025033));
#2060=CARTESIAN_POINT('Ctrl Pts',(0.00998353464581242,0.0929328021171546,
0.076120678096621));
#2061=CARTESIAN_POINT('Ctrl Pts',(0.00545217001544868,0.0890505665915517,
0.0767089133907387));
#2062=CARTESIAN_POINT('Ctrl Pts',(-0.000376678143534985,0.0877740291315514,
0.0772971486848563));
#2063=CARTESIAN_POINT('Ctrl Pts',(-0.00611588607417371,0.0894069745853511,
0.0778853839789739));
#2064=CARTESIAN_POINT('Ctrl Pts',(-0.0103996622848406,0.0935608017291132,
0.0784736192730916));
#2065=CARTESIAN_POINT('Ctrl Pts',(-0.012208572500861,0.0992470010232109,
0.0790618545672092));
#2066=CARTESIAN_POINT('Ctrl Pts',(-0.0111121402130998,0.105112395706987,
0.0796500898613269));
#2067=CARTESIAN_POINT('Ctrl Pts',(-0.00737128956300645,0.109761164897582,
0.0802383251554444));
#2068=CARTESIAN_POINT('Ctrl Pts',(-0.00187625177253844,0.112087014902923,
0.0808265604495622));
#2069=CARTESIAN_POINT('Ctrl Pts',(0.0040652881808812,0.111536450146632,
0.0814147957436797));
#2070=CARTESIAN_POINT('Ctrl Pts',(0.00903938869373392,0.108240491612871,
0.0820030310377975));
#2071=CARTESIAN_POINT('Ctrl Pts',(0.0118623351552981,0.102983497049119,
0.0825912663319151));
#2072=CARTESIAN_POINT('Ctrl Pts',(0.0118623351552914,0.0970165029508836,
0.0831795016260328));
#2073=CARTESIAN_POINT('Ctrl Pts',(0.00903938869374462,0.0917595083871177,
0.0837677369201504));
#2074=CARTESIAN_POINT('Ctrl Pts',(0.00406528818086029,0.0884635498533929,
0.084355972214268));
#2075=CARTESIAN_POINT('Ctrl Pts',(-0.00187625177249494,0.0879129850970231,
0.0849442075083857));
#2076=CARTESIAN_POINT('Ctrl Pts',(-0.007371289563098,0.0902388351025326,
0.0855324428025034));
#2077=CARTESIAN_POINT('Ctrl Pts',(-0.0111121402129063,0.0948876042927711,
0.086120678096621));
#2078=CARTESIAN_POINT('Ctrl Pts',(-0.0122085725012701,0.100752998977301,
0.0867089133907387));
#2079=CARTESIAN_POINT('Ctrl Pts',(-0.0103996622839756,0.106439198269803,
0.0872971486848563));
#2080=CARTESIAN_POINT('Ctrl Pts',(-0.0061158860760029,0.11059302541694,
0.087885383978974));
#2081=CARTESIAN_POINT('Ctrl Pts',(-0.000376678139666756,0.112225970863603,
0.0884736192730916));
#2082=CARTESIAN_POINT('Ctrl Pts',(0.00545217000726828,0.110949433418695,
0.0890618545672092));
#2083=CARTESIAN_POINT('Ctrl Pts',(0.00998353466311191,0.107067197861177,
0.0896500898613269));
#2084=CARTESIAN_POINT('Ctrl Pts',(0.0121390615532845,0.10150314157156,0.0902383251554445));
#2085=CARTESIAN_POINT('Ctrl Pts',(0.0114057878481469,0.0955813742473879,
0.0908265604495621));
#2086=CARTESIAN_POINT('Ctrl Pts',(0.00795821480602357,0.0907111320883667,
0.0914147957436798));
#2087=CARTESIAN_POINT('Ctrl Pts',(0.00261678072955798,0.0880514139500944,
0.0920030310377974));
#2088=CARTESIAN_POINT('Ctrl Pts',(-0.0033473833409983,0.0882351678827537,
0.0925912663319152));
#2089=CARTESIAN_POINT('Ctrl Pts',(-0.00851495181429519,0.0912186649318675,
0.0931795016260327));
#2090=CARTESIAN_POINT('Ctrl Pts',(-0.0116561694233016,0.096291905562978,
0.0937677369201504));
#2091=CARTESIAN_POINT('Ctrl Pts',(-0.0120235029868843,0.102247582234973,
0.094355972214268));
#2092=CARTESIAN_POINT('Ctrl Pts',(-0.00952953607565175,0.107668389150365,
0.0949442075083857));
#2093=CARTESIAN_POINT('Ctrl Pts',(-0.00476777199018666,0.111264306469028,
0.0955324428025033));
#2094=CARTESIAN_POINT('Ctrl Pts',(0.00112860554979448,0.112179593568406,
0.0961206780966211));
#2095=CARTESIAN_POINT('Ctrl Pts',(0.00675640249400173,0.110196434441393,
0.0967089133907385));
#2096=CARTESIAN_POINT('Ctrl Pts',(0.0107763404236424,0.1057867725938,0.0972971486848564));
#2097=CARTESIAN_POINT('Ctrl Pts',(0.0122317721520058,0.1,0.0978853839789738));
#2098=CARTESIAN_POINT('Ctrl Pts',(0.0107763404236424,0.0942132274062,0.0984736192730917));
#2099=CARTESIAN_POINT('Ctrl Pts',(0.00675640249400176,0.0898035655586067,
0.0990618545672092));
#2100=CARTESIAN_POINT('Ctrl Pts',(0.0011286055497945,0.087820406431594,
0.0996500898613269));
#2101=CARTESIAN_POINT('Ctrl Pts',(-0.00476777199018664,0.0887356935309725,
0.100238325155445));
#2102=CARTESIAN_POINT('Ctrl Pts',(-0.00952953607565173,0.092331610849635,
0.100826560449562));
#2103=CARTESIAN_POINT('Ctrl Pts',(-0.0120235029868843,0.0977524177650268,
0.10141479574368));
#2104=CARTESIAN_POINT('Ctrl Pts',(-0.0116561694233016,0.103708094437022,
0.102003031037797));
#2105=CARTESIAN_POINT('Ctrl Pts',(-0.00851495181429522,0.108781335068133,
0.102591266331915));
#2106=CARTESIAN_POINT('Ctrl Pts',(-0.00334738334099835,0.111764832117246,
0.103179501626033));
#2107=CARTESIAN_POINT('Ctrl Pts',(0.00261678072955794,0.111948586049906,
0.10376773692015));
#2108=CARTESIAN_POINT('Ctrl Pts',(0.00795821480602355,0.109288867911633,
0.104355972214268));
#2109=CARTESIAN_POINT('Ctrl Pts',(0.0114057878481469,0.104418625752612,
0.104944207508386));
#2110=CARTESIAN_POINT('Ctrl Pts',(0.0121390615532846,0.0984968584284398,
0.105532442802503));
#2111=CARTESIAN_POINT('Ctrl Pts',(0.00998353466311192,0.0929328021388229,
0.106120678096621));
#2112=CARTESIAN_POINT('Ctrl Pts',(0.00545217000726831,0.0890505665813054,
0.106708913390739));
#2113=CARTESIAN_POINT('Ctrl Pts',(-0.000376678139666723,0.0877740291363965,
0.107297148684856));
#2114=CARTESIAN_POINT('Ctrl Pts',(-0.00611588607600288,0.0894069745830601,
0.107885383978974));
#2115=CARTESIAN_POINT('Ctrl Pts',(-0.0103996622839756,0.0935608017301965,
0.108473619273092));
#2116=CARTESIAN_POINT('Ctrl Pts',(-0.0122085725012701,0.0992470010226987,
0.109061854567209));
#2117=CARTESIAN_POINT('Ctrl Pts',(-0.0111121402129063,0.105112395707229,
0.109650089861327));
#2118=CARTESIAN_POINT('Ctrl Pts',(-0.00737128956309803,0.109761164897467,
0.110238325155445));
#2119=CARTESIAN_POINT('Ctrl Pts',(-0.001876251772495,0.112087014902977,
0.110826560449562));
#2120=CARTESIAN_POINT('Ctrl Pts',(0.00406528818086022,0.111536450146607,
0.11141479574368));
#2121=CARTESIAN_POINT('Ctrl Pts',(0.00903938869374458,0.108240491612882,
0.112003031037797));
#2122=CARTESIAN_POINT('Ctrl Pts',(0.0118623351552914,0.102983497049117,
0.112591266331915));
#2123=CARTESIAN_POINT('Ctrl Pts',(0.0118623351552981,0.0970165029508805,
0.113179501626033));
#2124=CARTESIAN_POINT('Ctrl Pts',(0.00903938869373394,0.0917595083871286,
0.11376773692015));
#2125=CARTESIAN_POINT('Ctrl Pts',(0.00406528818088121,0.0884635498533679,
0.114355972214268));
#2126=CARTESIAN_POINT('Ctrl Pts',(-0.00187625177253843,0.087912985097077,
0.114944207508386));
#2127=CARTESIAN_POINT('Ctrl Pts',(-0.00737128956300645,0.0902388351024182,
0.115532442802503));
#2128=CARTESIAN_POINT('Ctrl Pts',(-0.0111121402130998,0.0948876042930133,
0.116120678096621));
#2129=CARTESIAN_POINT('Ctrl Pts',(-0.012208572500861,0.100752998976789,
0.116708913390739));
#2130=CARTESIAN_POINT('Ctrl Pts',(-0.0103996622848406,0.106439198270887,
0.117297148684856));
#2131=CARTESIAN_POINT('Ctrl Pts',(-0.00611588607417376,0.110593025414649,
0.117885383978974));
#2132=CARTESIAN_POINT('Ctrl Pts',(-0.000376678143535022,0.112225970868449,
0.118473619273092));
#2133=CARTESIAN_POINT('Ctrl Pts',(0.00545217001544865,0.110949433408448,
0.119061854567209));
#2134=CARTESIAN_POINT('Ctrl Pts',(0.00998353464581242,0.107067197882845,
0.119650089861327));
#2135=CARTESIAN_POINT('Ctrl Pts',(0.0121390615898687,0.101503141525737,
0.120238325155444));
#2136=CARTESIAN_POINT('Ctrl Pts',(0.0114057877707803,0.0955813743442923,
0.120826560449562));
#2137=CARTESIAN_POINT('Ctrl Pts',(0.0079582149696348,0.0907111318834377,
0.12141479574368));
#2138=CARTESIAN_POINT('Ctrl Pts',(0.00261678038355829,0.0880514143834693,
0.122003031037797));
#2139=CARTESIAN_POINT('Ctrl Pts',(-0.00334738260930872,0.088235166966273,
0.122591266331915));
#2140=CARTESIAN_POINT('Ctrl Pts',(-0.00851495336175001,0.0912186668700072,
0.123179501626033));
#2141=CARTESIAN_POINT('Ctrl Pts',(-0.0116561661516271,0.0962919014643429,
0.12376773692015));
#2142=CARTESIAN_POINT('Ctrl Pts',(-0.0120235099116583,0.102247590902992,
0.124355972214268));
#2143=CARTESIAN_POINT('Ctrl Pts',(-0.00952952147537821,0.107668370822609,
0.124944207508386));
#2144=CARTESIAN_POINT('Ctrl Pts',(-0.00476780319060214,0.111264345250353,
0.125532442802503));
#2145=CARTESIAN_POINT('Ctrl Pts',(0.00112866917537468,0.112179511707374,
0.126120678096621));
#2146=CARTESIAN_POINT('Ctrl Pts',(0.00675625001501847,0.110196608967504,
0.126708913390739));
#2147=CARTESIAN_POINT('Ctrl Pts',(0.0107765435117175,0.10578640788003,0.127297148684856));
#2148=CARTESIAN_POINT('Ctrl Pts',(0.0117456545457545,0.101929420240635,
0.127689305547601));
#2149=CARTESIAN_POINT('Ctrl Pts',(0.0117456545457545,0.1,0.127885383978974));
#2150=CARTESIAN_POINT('Ctrl Pts',(0.0109669352445137,0.1,0.0685029127326086));
#2151=CARTESIAN_POINT('Ctrl Pts',(0.0109669352445137,0.0981982749616045,
0.0686989911639811));
#2152=CARTESIAN_POINT('Ctrl Pts',(0.0100621631651375,0.0945972822351296,
0.0690911480267262));
#2153=CARTESIAN_POINT('Ctrl Pts',(0.00630835360213819,0.0904792916450241,
0.0696793833208438));
#2154=CARTESIAN_POINT('Ctrl Pts',(0.00105385276523795,0.0886279136381932,
0.0702676186149615));
#2155=CARTESIAN_POINT('Ctrl Pts',(-0.00445173934148689,0.0894823775929386,
0.0708558539090792));
#2156=CARTESIAN_POINT('Ctrl Pts',(-0.00889779095237762,0.0928399847044608,
0.0714440892031968));
#2157=CARTESIAN_POINT('Ctrl Pts',(-0.0112264500841597,0.0979014035100512,
0.0720323244973144));
#2158=CARTESIAN_POINT('Ctrl Pts',(-0.0108834573899161,0.103462283099991,
0.0726205597914321));
#2159=CARTESIAN_POINT('Ctrl Pts',(-0.00795048170918271,0.108199201997019,
0.0732087950855497));
#2160=CARTESIAN_POINT('Ctrl Pts',(-0.00312547845642119,0.110984921072586,
0.0737970303796674));
#2161=CARTESIAN_POINT('Ctrl Pts',(0.00244330921484892,0.111156491974967,
0.074385265673785));
#2162=CARTESIAN_POINT('Ctrl Pts',(0.00743065040826111,0.108673092178442,
0.0749735009679027));
#2163=CARTESIAN_POINT('Ctrl Pts',(0.0106496773056393,0.10412570688007,0.0755617362620204));
#2164=CARTESIAN_POINT('Ctrl Pts',(0.011334341076016,0.0985965044786806,
0.0761499715561379));
#2165=CARTESIAN_POINT('Ctrl Pts',(0.00932170793728832,0.0934012995388983,
0.0767382068502556));
#2166=CARTESIAN_POINT('Ctrl Pts',(0.00509073572894859,0.0897764244909887,
0.0773264421443733));
#2167=CARTESIAN_POINT('Ctrl Pts',(-0.000351707463198182,0.0885845110214367,
0.0779146774384909));
#2168=CARTESIAN_POINT('Ctrl Pts',(-0.00571045283968064,0.0901092055470294,
0.0785029127326086));
#2169=CARTESIAN_POINT('Ctrl Pts',(-0.00971024971817675,0.0939876679179201,
0.0790911480267262));
#2170=CARTESIAN_POINT('Ctrl Pts',(-0.011399243979051,0.0992969186979049,
0.0796793833208439));
#2171=CARTESIAN_POINT('Ctrl Pts',(-0.0103754961859932,0.10477348567792,
0.0802676186149614));
#2172=CARTESIAN_POINT('Ctrl Pts',(-0.00688263334334705,0.109114079486374,
0.0808558539090791));
#2173=CARTESIAN_POINT('Ctrl Pts',(-0.00175187162298365,0.111285744655842,
0.0814440892031968));
#2174=CARTESIAN_POINT('Ctrl Pts',(0.00379579281819419,0.110771677840699,
0.0820323244973144));
#2175=CARTESIAN_POINT('Ctrl Pts',(0.00844015114251642,0.107694214405169,
0.0826205597914321));
#2176=CARTESIAN_POINT('Ctrl Pts',(0.0110759593381926,0.102785715592172,
0.0832087950855497));
#2177=CARTESIAN_POINT('Ctrl Pts',(0.0110759593381857,0.0972142844078317,
0.0837970303796674));
#2178=CARTESIAN_POINT('Ctrl Pts',(0.00844015114252726,0.0923057855948178,
0.084385265673785));
#2179=CARTESIAN_POINT('Ctrl Pts',(0.00379579281817297,0.0892283221593318,
0.0849735009679027));
#2180=CARTESIAN_POINT('Ctrl Pts',(-0.00175187162293953,0.088714255344092,
0.0855617362620203));
#2181=CARTESIAN_POINT('Ctrl Pts',(-0.00688263334343991,0.0908859205137657,
0.086149971556138));
#2182=CARTESIAN_POINT('Ctrl Pts',(-0.010375496185797,0.0952265143217838,
0.0867382068502556));
#2183=CARTESIAN_POINT('Ctrl Pts',(-0.0113992439794659,0.10070308130272,
0.0873264421443733));
#2184=CARTESIAN_POINT('Ctrl Pts',(-0.00971024971729943,0.106012332080758,
0.0879146774384909));
#2185=CARTESIAN_POINT('Ctrl Pts',(-0.00571045284153596,0.109890794455766,
0.0885029127326086));
#2186=CARTESIAN_POINT('Ctrl Pts',(-0.000351707459274703,0.111415488972651,
0.0890911480267262));
#2187=CARTESIAN_POINT('Ctrl Pts',(0.00509073572065137,0.110223575521514,
0.0896793833208439));
#2188=CARTESIAN_POINT('Ctrl Pts',(0.00932170795483489,0.106598700434661,
0.0902676186149615));
#2189=CARTESIAN_POINT('Ctrl Pts',(0.0113343410389093,0.101403495577236,
0.0908558539090791));
#2190=CARTESIAN_POINT('Ctrl Pts',(0.0106496773841109,0.0958742930016807,
0.0914440892031968));
#2191=CARTESIAN_POINT('Ctrl Pts',(0.00743065024231319,0.0913269080716255,
0.0920323244973144));
#2192=CARTESIAN_POINT('Ctrl Pts',(0.00244330956579018,0.0888435074962001,
0.0926205597914321));
#2193=CARTESIAN_POINT('Ctrl Pts',(-0.00312547919856066,0.0890150800457632,
0.0932087950855498));
#2194=CARTESIAN_POINT('Ctrl Pts',(-0.00795048013962722,0.0918007956379282,
0.0937970303796673));
#2195=CARTESIAN_POINT('Ctrl Pts',(-0.0108834607083164,0.0965377219013838,
0.094385265673785));
#2196=CARTESIAN_POINT('Ctrl Pts',(-0.0112264430604867,0.102098585912293,
0.0949735009679027));
#2197=CARTESIAN_POINT('Ctrl Pts',(-0.00889780576117115,0.107160037657589,
0.0955617362620203));
#2198=CARTESIAN_POINT('Ctrl Pts',(-0.00445170769546951,0.11051757506347,
0.096149971556138));
#2199=CARTESIAN_POINT('Ctrl Pts',(0.00105378823096214,0.111372186112877,
0.0967382068502556));
#2200=CARTESIAN_POINT('Ctrl Pts',(0.0063085082588145,0.109520494218794,
0.0973264421443733));
#2201=CARTESIAN_POINT('Ctrl Pts',(0.0100619571765741,0.105403156891893,
0.0979146774384909));
#2202=CARTESIAN_POINT('Ctrl Pts',(0.0114209056830719,0.1,0.0985029127326085));
#2203=CARTESIAN_POINT('Ctrl Pts',(0.0100619571765742,0.0945968431081069,
0.0990911480267262));
#2204=CARTESIAN_POINT('Ctrl Pts',(0.00630850825881451,0.0904795057812059,
0.0996793833208438));
#2205=CARTESIAN_POINT('Ctrl Pts',(0.00105378823096216,0.0886278138871231,
0.100267618614961));
#2206=CARTESIAN_POINT('Ctrl Pts',(-0.00445170769546949,0.0894824249365303,
0.100855853909079));
#2207=CARTESIAN_POINT('Ctrl Pts',(-0.00889780576117112,0.0928399623424109,
0.101444089203197));
#2208=CARTESIAN_POINT('Ctrl Pts',(-0.0112264430604867,0.097901414087707,
0.102032324497314));
#2209=CARTESIAN_POINT('Ctrl Pts',(-0.0108834607083164,0.103462278098616,
0.102620559791432));
#2210=CARTESIAN_POINT('Ctrl Pts',(-0.00795048013962725,0.108199204362072,
0.10320879508555));
#2211=CARTESIAN_POINT('Ctrl Pts',(-0.00312547919856072,0.110984919954237,
0.103797030379667));
#2212=CARTESIAN_POINT('Ctrl Pts',(0.00244330956579016,0.1111564925038,0.104385265673785));
#2213=CARTESIAN_POINT('Ctrl Pts',(0.00743065024231317,0.108673091928374,
0.104973500967903));
#2214=CARTESIAN_POINT('Ctrl Pts',(0.0106496773841109,0.104125706998319,
0.10556173626202));
#2215=CARTESIAN_POINT('Ctrl Pts',(0.0113343410389093,0.0985965044227643,
0.106149971556138));
#2216=CARTESIAN_POINT('Ctrl Pts',(0.0093217079548349,0.0934012995653393,
0.106738206850256));
#2217=CARTESIAN_POINT('Ctrl Pts',(0.00509073572065138,0.0897764244784856,
0.107326442144373));
#2218=CARTESIAN_POINT('Ctrl Pts',(-0.000351707459274666,0.0885845110273491,
0.107914677438491));
#2219=CARTESIAN_POINT('Ctrl Pts',(-0.00571045284153594,0.0901092055442337,
0.108502912732609));
#2220=CARTESIAN_POINT('Ctrl Pts',(-0.00971024971729943,0.0939876679192421,
0.109091148026726));
#2221=CARTESIAN_POINT('Ctrl Pts',(-0.0113992439794659,0.0992969186972799,
0.109679383320844));
#2222=CARTESIAN_POINT('Ctrl Pts',(-0.010375496185797,0.104773485678216,
0.110267618614961));
#2223=CARTESIAN_POINT('Ctrl Pts',(-0.00688263334343993,0.109114079486234,
0.110855853909079));
#2224=CARTESIAN_POINT('Ctrl Pts',(-0.00175187162293959,0.111285744655908,
0.111444089203197));
#2225=CARTESIAN_POINT('Ctrl Pts',(0.00379579281817291,0.110771677840668,
0.112032324497314));
#2226=CARTESIAN_POINT('Ctrl Pts',(0.00844015114252723,0.107694214405182,
0.112620559791432));
#2227=CARTESIAN_POINT('Ctrl Pts',(0.0110759593381857,0.102785715592168,
0.11320879508555));
#2228=CARTESIAN_POINT('Ctrl Pts',(0.0110759593381926,0.0972142844078281,
0.113797030379667));
#2229=CARTESIAN_POINT('Ctrl Pts',(0.00844015114251643,0.092305785594831,
0.114385265673785));
#2230=CARTESIAN_POINT('Ctrl Pts',(0.0037957928181942,0.0892283221593012,
0.114973500967903));
#2231=CARTESIAN_POINT('Ctrl Pts',(-0.00175187162298365,0.0887142553441578,
0.11556173626202));
#2232=CARTESIAN_POINT('Ctrl Pts',(-0.00688263334334703,0.090885920513626,
0.116149971556138));
#2233=CARTESIAN_POINT('Ctrl Pts',(-0.0103754961859932,0.0952265143220794,
0.116738206850256));
#2234=CARTESIAN_POINT('Ctrl Pts',(-0.011399243979051,0.100703081302095,
0.117326442144373));
#2235=CARTESIAN_POINT('Ctrl Pts',(-0.00971024971817678,0.10601233208208,
0.117914677438491));
#2236=CARTESIAN_POINT('Ctrl Pts',(-0.0057104528396807,0.109890794452971,
0.118502912732609));
#2237=CARTESIAN_POINT('Ctrl Pts',(-0.000351707463198217,0.111415488978563,
0.119091148026726));
#2238=CARTESIAN_POINT('Ctrl Pts',(0.00509073572894857,0.110223575509011,
0.119679383320844));
#2239=CARTESIAN_POINT('Ctrl Pts',(0.00932170793728832,0.106598700461102,
0.120267618614962));
#2240=CARTESIAN_POINT('Ctrl Pts',(0.011334341076016,0.101403495521319,0.120855853909079));
#2241=CARTESIAN_POINT('Ctrl Pts',(0.0106496773056393,0.0958742931199299,
0.121444089203197));
#2242=CARTESIAN_POINT('Ctrl Pts',(0.00743065040826111,0.0913269078215576,
0.122032324497314));
#2243=CARTESIAN_POINT('Ctrl Pts',(0.00244330921484895,0.0888435080250328,
0.122620559791432));
#2244=CARTESIAN_POINT('Ctrl Pts',(-0.00312547845642116,0.089015078927414,
0.12320879508555));
#2245=CARTESIAN_POINT('Ctrl Pts',(-0.00795048170918266,0.0918007980029809,
0.123797030379667));
#2246=CARTESIAN_POINT('Ctrl Pts',(-0.0108834573899161,0.0965377169000089,
0.124385265673785));
#2247=CARTESIAN_POINT('Ctrl Pts',(-0.0112264500841597,0.102098596489949,
0.124973500967903));
#2248=CARTESIAN_POINT('Ctrl Pts',(-0.00889779095237763,0.107160015295539,
0.12556173626202));
#2249=CARTESIAN_POINT('Ctrl Pts',(-0.0044517393414869,0.110517622407062,
0.126149971556138));
#2250=CARTESIAN_POINT('Ctrl Pts',(0.00105385276523795,0.111372086361807,
0.126738206850256));
#2251=CARTESIAN_POINT('Ctrl Pts',(0.0063083536021382,0.109520708354976,
0.127326442144373));
#2252=CARTESIAN_POINT('Ctrl Pts',(0.0100621631651375,0.10540271776487,0.127914677438491));
#2253=CARTESIAN_POINT('Ctrl Pts',(0.0109669352445137,0.101801725038395,
0.128306834301236));
#2254=CARTESIAN_POINT('Ctrl Pts',(0.0109669352445137,0.1,0.128502912732609));
#2255=CARTESIAN_POINT('Ctrl Pts',(0.0109701327783223,0.1,0.0694959391898165));
#2256=CARTESIAN_POINT('Ctrl Pts',(0.0109701327783223,0.0981982250397548,
0.069692017621189));
#2257=CARTESIAN_POINT('Ctrl Pts',(0.0100649081197079,0.0945955789251372,
0.0700841744839342));
#2258=CARTESIAN_POINT('Ctrl Pts',(0.00631012269395333,0.0904767706783063,
0.0706724097780517));
#2259=CARTESIAN_POINT('Ctrl Pts',(0.00105413296335275,0.0886247219932951,
0.0712606450721694));
#2260=CARTESIAN_POINT('Ctrl Pts',(-0.00445296387260486,0.0894794956297774,
0.0718488803662871));
#2261=CARTESIAN_POINT('Ctrl Pts',(-0.00890025170094471,0.0928379953561852,
0.0724371156604047));
#2262=CARTESIAN_POINT('Ctrl Pts',(-0.0112295504763034,0.0979008290294101,
0.0730253509545224));
#2263=CARTESIAN_POINT('Ctrl Pts',(-0.0108864647774264,0.103463237131669,
0.0736135862486399));
#2264=CARTESIAN_POINT('Ctrl Pts',(-0.00795267795990425,0.108201468416112,
0.0742018215427577));
#2265=CARTESIAN_POINT('Ctrl Pts',(-0.00312634207310428,0.110987955367452,
0.0747900568368753));
#2266=CARTESIAN_POINT('Ctrl Pts',(0.00244398429900538,0.111159574497102,
0.0753782921309929));
#2267=CARTESIAN_POINT('Ctrl Pts',(0.00743270328099647,0.108675488209122,
0.0759665274251106));
#2268=CARTESIAN_POINT('Ctrl Pts',(0.0106526195556391,0.104126846767946,
0.0765547627192282));
#2269=CARTESIAN_POINT('Ctrl Pts',(0.0113374724616918,0.0985961167002811,
0.0771429980133459));
#2270=CARTESIAN_POINT('Ctrl Pts',(0.00932428329257271,0.0933994764980049,
0.0777312333074635));
#2271=CARTESIAN_POINT('Ctrl Pts',(0.00509214216915857,0.0897735999691927,
0.0783194686015812));
#2272=CARTESIAN_POINT('Ctrl Pts',(-0.000351804630415172,0.0885813572133144,
0.0789077038956988));
#2273=CARTESIAN_POINT('Ctrl Pts',(-0.00571203049378896,0.0901064729690995,
0.0794959391898165));
#2274=CARTESIAN_POINT('Ctrl Pts',(-0.00971293241460769,0.0939860068631852,
0.0800841744839342));
#2275=CARTESIAN_POINT('Ctrl Pts',(-0.0114023933021279,0.0992967244539972,
0.0806724097780517));
#2276=CARTESIAN_POINT('Ctrl Pts',(-0.0103783626733254,0.104774804471516,
0.0812606450721694));
#2277=CARTESIAN_POINT('Ctrl Pts',(-0.00688453484100359,0.109116597476116,
0.081848880366287));
#2278=CARTESIAN_POINT('Ctrl Pts',(-0.00175235562082876,0.111288862621887,
0.0824371156604047));
#2279=CARTESIAN_POINT('Ctrl Pts',(0.00379684149981131,0.110774653783027,
0.0830253509545223));
#2280=CARTESIAN_POINT('Ctrl Pts',(0.00844248294296202,0.107696340122153,
0.08361358624864));
#2281=CARTESIAN_POINT('Ctrl Pts',(0.0110790193458227,0.10278648521498,0.0842018215427576));
#2282=CARTESIAN_POINT('Ctrl Pts',(0.011079019345817,0.0972135147850216,
0.0847900568368753));
#2283=CARTESIAN_POINT('Ctrl Pts',(0.00844248294297103,0.0923036598778409,
0.0853782921309929));
#2284=CARTESIAN_POINT('Ctrl Pts',(0.00379684149979369,0.0892253462169886,
0.0859665274251105));
#2285=CARTESIAN_POINT('Ctrl Pts',(-0.00175235562079211,0.0887111373780799,
0.0865547627192283));
#2286=CARTESIAN_POINT('Ctrl Pts',(-0.00688453484108071,0.0908834025239534,
0.0871429980133459));
#2287=CARTESIAN_POINT('Ctrl Pts',(-0.0103783626731624,0.0952251955283361,
0.0877312333074635));
#2288=CARTESIAN_POINT('Ctrl Pts',(-0.0114023933024724,0.100703275546315,
0.0883194686015811));
#2289=CARTESIAN_POINT('Ctrl Pts',(-0.00971293241387906,0.106013993136156,
0.0889077038956989));
#2290=CARTESIAN_POINT('Ctrl Pts',(-0.00571203049532984,0.109893527032294,
0.0894959391898165));
#2291=CARTESIAN_POINT('Ctrl Pts',(-0.000351804627156631,0.111418642783739,
0.0900841744839341));
#2292=CARTESIAN_POINT('Ctrl Pts',(0.00509214216226751,0.11022640003704,
0.0906724097780518));
#2293=CARTESIAN_POINT('Ctrl Pts',(0.00932428330714556,0.106600523488815,
0.0912606450721694));
#2294=CARTESIAN_POINT('Ctrl Pts',(0.0113374724308737,0.101403883327592,
0.0918488803662871));
#2295=CARTESIAN_POINT('Ctrl Pts',(0.0106526196208117,0.0958731531731105,
0.0924371156604047));
#2296=CARTESIAN_POINT('Ctrl Pts',(0.00743270314317257,0.0913245119155299,
0.0930253509545223));
#2297=CARTESIAN_POINT('Ctrl Pts',(0.00244398459047091,0.088840425239291,
0.0936135862486399));
#2298=CARTESIAN_POINT('Ctrl Pts',(-0.00312634268946974,0.0890120451900134,
0.0942018215427577));
#2299=CARTESIAN_POINT('Ctrl Pts',(-0.00795267665634901,0.09179853040499,
0.0947900568368753));
#2300=CARTESIAN_POINT('Ctrl Pts',(-0.0108864675334411,0.096536765361451,
0.0953782921309929));
#2301=CARTESIAN_POINT('Ctrl Pts',(-0.0112295446429667,0.102099165698541,
0.0959665274251106));
#2302=CARTESIAN_POINT('Ctrl Pts',(-0.00890026400001943,0.107162015795031,
0.0965547627192282));
#2303=CARTESIAN_POINT('Ctrl Pts',(-0.00445293758979312,0.110520480803638,
0.0971429980133459));
#2304=CARTESIAN_POINT('Ctrl Pts',(0.00105407936601687,0.111375327960479,
0.0977312333074635));
#2305=CARTESIAN_POINT('Ctrl Pts',(0.00631025114020489,0.109523124490725,
0.0983194686015812));
#2306=CARTESIAN_POINT('Ctrl Pts',(0.0100647370410357,0.105404649647583,
0.0989077038956988));
#2307=CARTESIAN_POINT('Ctrl Pts',(0.0114240609906596,0.1,0.0994959391898164));
#2308=CARTESIAN_POINT('Ctrl Pts',(0.0100647370410357,0.0945953503524174,
0.100084174483934));
#2309=CARTESIAN_POINT('Ctrl Pts',(0.00631025114020491,0.0904768755092746,
0.100672409778052));
#2310=CARTESIAN_POINT('Ctrl Pts',(0.00105407936601689,0.0886246720395212,
0.101260645072169));
#2311=CARTESIAN_POINT('Ctrl Pts',(-0.0044529375897931,0.0894795191963619,
0.101848880366287));
#2312=CARTESIAN_POINT('Ctrl Pts',(-0.00890026400001942,0.0928379842049692,
0.102437115660405));
#2313=CARTESIAN_POINT('Ctrl Pts',(-0.0112295446429667,0.0979008343014593,
0.103025350954522));
#2314=CARTESIAN_POINT('Ctrl Pts',(-0.0108864675334411,0.103463234638549,
0.10361358624864));
#2315=CARTESIAN_POINT('Ctrl Pts',(-0.00795267665634906,0.10820146959501,
0.104201821542758));
#2316=CARTESIAN_POINT('Ctrl Pts',(-0.00312634268946979,0.110987954809987,
0.104790056836875));
#2317=CARTESIAN_POINT('Ctrl Pts',(0.00244398459047087,0.111159574760709,
0.105378292130993));
#2318=CARTESIAN_POINT('Ctrl Pts',(0.00743270314317255,0.10867548808447,
0.10596652742511));
#2319=CARTESIAN_POINT('Ctrl Pts',(0.0106526196208117,0.10412684682689,0.106554762719228));
#2320=CARTESIAN_POINT('Ctrl Pts',(0.0113374724308737,0.0985961166724084,
0.107142998013346));
#2321=CARTESIAN_POINT('Ctrl Pts',(0.00932428330714557,0.0933994765111851,
0.107731233307464));
#2322=CARTESIAN_POINT('Ctrl Pts',(0.00509214216226753,0.0897735999629601,
0.108319468601581));
#2323=CARTESIAN_POINT('Ctrl Pts',(-0.000351804627156597,0.0885813572162616,
0.108907703895699));
#2324=CARTESIAN_POINT('Ctrl Pts',(-0.00571203049532982,0.090106472967706,
0.109495939189817));
#2325=CARTESIAN_POINT('Ctrl Pts',(-0.00971293241387905,0.0939860068638442,
0.110084174483934));
#2326=CARTESIAN_POINT('Ctrl Pts',(-0.0114023933024724,0.0992967244536856,
0.110672409778052));
#2327=CARTESIAN_POINT('Ctrl Pts',(-0.0103783626731624,0.104774804471664,
0.111260645072169));
#2328=CARTESIAN_POINT('Ctrl Pts',(-0.00688453484108074,0.109116597476047,
0.111848880366287));
#2329=CARTESIAN_POINT('Ctrl Pts',(-0.00175235562079217,0.11128886262192,
0.112437115660405));
#2330=CARTESIAN_POINT('Ctrl Pts',(0.00379684149979364,0.110774653783011,
0.113025350954522));
#2331=CARTESIAN_POINT('Ctrl Pts',(0.00844248294297098,0.107696340122159,
0.11361358624864));
#2332=CARTESIAN_POINT('Ctrl Pts',(0.011079019345817,0.102786485214979,0.114201821542758));
#2333=CARTESIAN_POINT('Ctrl Pts',(0.0110790193458227,0.0972135147850198,
0.114790056836875));
#2334=CARTESIAN_POINT('Ctrl Pts',(0.00844248294296203,0.0923036598778474,
0.115378292130993));
#2335=CARTESIAN_POINT('Ctrl Pts',(0.00379684149981132,0.0892253462169734,
0.115966527425111));
#2336=CARTESIAN_POINT('Ctrl Pts',(-0.00175235562082875,0.0887111373781127,
0.116554762719228));
#2337=CARTESIAN_POINT('Ctrl Pts',(-0.00688453484100358,0.0908834025238838,
0.117142998013346));
#2338=CARTESIAN_POINT('Ctrl Pts',(-0.0103783626733253,0.0952251955284836,
0.117731233307463));
#2339=CARTESIAN_POINT('Ctrl Pts',(-0.0114023933021279,0.100703275546003,
0.118319468601581));
#2340=CARTESIAN_POINT('Ctrl Pts',(-0.00971293241460772,0.106013993136815,
0.118907703895699));
#2341=CARTESIAN_POINT('Ctrl Pts',(-0.00571203049378901,0.1098935270309,
0.119495939189816));
#2342=CARTESIAN_POINT('Ctrl Pts',(-0.000351804630415208,0.111418642786686,
0.120084174483934));
#2343=CARTESIAN_POINT('Ctrl Pts',(0.00509214216915854,0.110226400030807,
0.120672409778052));
#2344=CARTESIAN_POINT('Ctrl Pts',(0.0093242832925727,0.106600523501995,
0.121260645072169));
#2345=CARTESIAN_POINT('Ctrl Pts',(0.0113374724616918,0.101403883299719,
0.121848880366287));
#2346=CARTESIAN_POINT('Ctrl Pts',(0.0106526195556391,0.0958731532320542,
0.122437115660405));
#2347=CARTESIAN_POINT('Ctrl Pts',(0.00743270328099648,0.0913245117908783,
0.123025350954522));
#2348=CARTESIAN_POINT('Ctrl Pts',(0.0024439842990054,0.0888404255028984,
0.12361358624864));
#2349=CARTESIAN_POINT('Ctrl Pts',(-0.00312634207310424,0.0890120446325476,
0.124201821542758));
#2350=CARTESIAN_POINT('Ctrl Pts',(-0.00795267795990422,0.0917985315838881,
0.124790056836875));
#2351=CARTESIAN_POINT('Ctrl Pts',(-0.0108864647774263,0.0965367628683313,
0.125378292130993));
#2352=CARTESIAN_POINT('Ctrl Pts',(-0.0112295504763034,0.10209917097059,
0.125966527425111));
#2353=CARTESIAN_POINT('Ctrl Pts',(-0.00890025170094472,0.107162004643815,
0.126554762719228));
#2354=CARTESIAN_POINT('Ctrl Pts',(-0.00445296387260488,0.110520504370223,
0.127142998013346));
#2355=CARTESIAN_POINT('Ctrl Pts',(0.00105413296335275,0.111375278006705,
0.127731233307463));
#2356=CARTESIAN_POINT('Ctrl Pts',(0.00631012269395334,0.109523229321694,
0.128319468601581));
#2357=CARTESIAN_POINT('Ctrl Pts',(0.0100649081197079,0.105404421074863,
0.128907703895699));
#2358=CARTESIAN_POINT('Ctrl Pts',(0.0109701327783223,0.101801774960245,
0.129299860758444));
#2359=CARTESIAN_POINT('Ctrl Pts',(0.0109701327783223,0.1,0.129495939189816));
#2360=CARTESIAN_POINT('Ctrl Pts',(0.0117446228373638,0.1,0.0701181422651875));
#2361=CARTESIAN_POINT('Ctrl Pts',(0.0117446228373638,0.0980705577974887,
0.0703142206965601));
#2362=CARTESIAN_POINT('Ctrl Pts',(0.0107756729492266,0.0942141519630087,
0.0707063775593052));
#2363=CARTESIAN_POINT('Ctrl Pts',(0.00675568482424202,0.0898041840286543,
0.0712946128534228));
#2364=CARTESIAN_POINT('Ctrl Pts',(0.00112858093468121,0.0878215081697202,
0.0718828481475405));
#2365=CARTESIAN_POINT('Ctrl Pts',(-0.00476741396620866,0.0887365698564763,
0.0724710834416581));
#2366=CARTESIAN_POINT('Ctrl Pts',(-0.00952873818726323,0.0923322631889094,
0.0730593187357758));
#2367=CARTESIAN_POINT('Ctrl Pts',(-0.012022523385144,0.0977525914634027,
0.0736475540298934));
#2368=CARTESIAN_POINT('Ctrl Pts',(-0.0116552090732955,0.103707795149485,
0.0742357893240111));
#2369=CARTESIAN_POINT('Ctrl Pts',(-0.0085142544788494,0.108780611794834,
0.0748240246181287));
#2370=CARTESIAN_POINT('Ctrl Pts',(-0.00334710777285447,0.111763867487791,
0.0754122599122463));
#2371=CARTESIAN_POINT('Ctrl Pts',(0.0026165655487825,0.111947604653541,
0.076000495206364));
#2372=CARTESIAN_POINT('Ctrl Pts',(0.00795756169328834,0.109288105646452,
0.0765887305004816));
#2373=CARTESIAN_POINT('Ctrl Pts',(0.0114048514674174,0.104418262908041,
0.0771769657945993));
#2374=CARTESIAN_POINT('Ctrl Pts',(0.0121380651001593,0.0984969818780388,
0.0777652010887169));
#2375=CARTESIAN_POINT('Ctrl Pts',(0.00998271509898428,0.0929333822561529,
0.0783534363828346));
#2376=CARTESIAN_POINT('Ctrl Pts',(0.0054517224488704,0.0890514654300721,
0.0789416716769522));
#2377=CARTESIAN_POINT('Ctrl Pts',(-0.000376647222397404,0.0877750327569615,
0.0795299069710698));
#2378=CARTESIAN_POINT('Ctrl Pts',(-0.00611538402263168,0.0894078441644752,
0.0801181422651875));
#2379=CARTESIAN_POINT('Ctrl Pts',(-0.0103988085794677,0.093561330320871,
0.0807063775593052));
#2380=CARTESIAN_POINT('Ctrl Pts',(-0.012207570302455,0.0992470628368173,
0.0812946128534228));
#2381=CARTESIAN_POINT('Ctrl Pts',(-0.0111112280205622,0.105111976031761,
0.0818828481475404));
#2382=CARTESIAN_POINT('Ctrl Pts',(-0.00737068445585586,0.109760363606253,
0.0824710834416581));
#2383=CARTESIAN_POINT('Ctrl Pts',(-0.00187609775154656,0.112086022683162,
0.0830593187357757));
#2384=CARTESIAN_POINT('Ctrl Pts',(0.00406495446248766,0.111535503122601,
0.0836475540298934));
#2385=CARTESIAN_POINT('Ctrl Pts',(0.00903864665278756,0.108239815153166,
0.084235789324011));
#2386=CARTESIAN_POINT('Ctrl Pts',(0.0118613613794497,0.102983252134664,
0.0848240246181286));
#2387=CARTESIAN_POINT('Ctrl Pts',(0.0118613613794426,0.0970167478653396,
0.0854122599122463));
#2388=CARTESIAN_POINT('Ctrl Pts',(0.00903864665279899,0.0917601848468208,
0.086000495206364));
#2389=CARTESIAN_POINT('Ctrl Pts',(0.0040649544624653,0.0884644968774302,
0.0865887305004816));
#2390=CARTESIAN_POINT('Ctrl Pts',(-0.00187609775150005,0.0879139773167708,
0.0871769657945993));
#2391=CARTESIAN_POINT('Ctrl Pts',(-0.00737068445595375,0.0902396363938894,
0.087765201088717));
#2392=CARTESIAN_POINT('Ctrl Pts',(-0.0111112280203553,0.0948880239679365,
0.0883534363828345));
#2393=CARTESIAN_POINT('Ctrl Pts',(-0.0122075703028923,0.100752937163821,
0.0889416716769522));
#2394=CARTESIAN_POINT('Ctrl Pts',(-0.0103988085785429,0.106438669677778,
0.0895299069710699));
#2395=CARTESIAN_POINT('Ctrl Pts',(-0.00611538402458754,0.110592155838381,
0.0901181422651876));
#2396=CARTESIAN_POINT('Ctrl Pts',(-0.000376647218261291,0.112224967236999,
0.0907063775593052));
#2397=CARTESIAN_POINT('Ctrl Pts',(0.0054517224401235,0.1109485345827,0.0912946128534228));
#2398=CARTESIAN_POINT('Ctrl Pts',(0.00998271511748181,0.107066617716838,
0.0918828481475404));
#2399=CARTESIAN_POINT('Ctrl Pts',(0.0121380650610415,0.10150301817908,0.0924710834416581));
#2400=CARTESIAN_POINT('Ctrl Pts',(0.0114048515501418,0.0955817369711674,
0.0930593187357758));
#2401=CARTESIAN_POINT('Ctrl Pts',(0.00795756151834662,0.090711894608993,
0.0936475540298934));
#2402=CARTESIAN_POINT('Ctrl Pts',(0.00261656591874355,0.0880523948062555,
0.094235789324011));
#2403=CARTESIAN_POINT('Ctrl Pts',(-0.00334710855521531,0.0882361336546046,
0.0948240246181287));
#2404=CARTESIAN_POINT('Ctrl Pts',(-0.0085142528242295,0.0912193857892616,
0.0954122599122464));
#2405=CARTESIAN_POINT('Ctrl Pts',(-0.0116552125715414,0.0962922099594361,
0.0960004952063639));
#2406=CARTESIAN_POINT('Ctrl Pts',(-0.0120225159808124,0.102247397731562,
0.0965887305004816));
#2407=CARTESIAN_POINT('Ctrl Pts',(-0.00952875379864153,0.107667759654397,
0.0971769657945993));
#2408=CARTESIAN_POINT('Ctrl Pts',(-0.00476738060508791,0.11126338178519,
0.097765201088717));
#2409=CARTESIAN_POINT('Ctrl Pts',(0.00112851290287355,0.112178593748901,
0.0983534363828345));
#2410=CARTESIAN_POINT('Ctrl Pts',(0.00675584786276881,0.110195597418879,
0.0989416716769522));
#2411=CARTESIAN_POINT('Ctrl Pts',(0.0107754557968042,0.10578629755922,0.0995299069710698));
#2412=CARTESIAN_POINT('Ctrl Pts',(0.0122307680491751,0.1,0.100118142265188));
#2413=CARTESIAN_POINT('Ctrl Pts',(0.0107754557968042,0.0942137024407796,
0.100706377559305));
#2414=CARTESIAN_POINT('Ctrl Pts',(0.00675584786276883,0.0898044025811214,
0.101294612853423));
#2415=CARTESIAN_POINT('Ctrl Pts',(0.00112851290287357,0.087821406251099,
0.10188284814754));
#2416=CARTESIAN_POINT('Ctrl Pts',(-0.00476738060508789,0.0887366182148098,
0.102471083441658));
#2417=CARTESIAN_POINT('Ctrl Pts',(-0.00952875379864151,0.092332240345603,
0.103059318735776));
#2418=CARTESIAN_POINT('Ctrl Pts',(-0.0120225159808124,0.0977526022684378,
0.103647554029893));
#2419=CARTESIAN_POINT('Ctrl Pts',(-0.0116552125715414,0.103707790040564,
0.104235789324011));
#2420=CARTESIAN_POINT('Ctrl Pts',(-0.00851425282422954,0.108780614210738,
0.104824024618129));
#2421=CARTESIAN_POINT('Ctrl Pts',(-0.00334710855521536,0.111763866345395,
0.105412259912246));
#2422=CARTESIAN_POINT('Ctrl Pts',(0.00261656591874351,0.111947605193745,
0.106000495206364));
#2423=CARTESIAN_POINT('Ctrl Pts',(0.0079575615183466,0.109288105391007,
0.106588730500482));
#2424=CARTESIAN_POINT('Ctrl Pts',(0.0114048515501418,0.104418263028833,
0.107176965794599));
#2425=CARTESIAN_POINT('Ctrl Pts',(0.0121380650610415,0.0984969818209202,
0.107765201088717));
#2426=CARTESIAN_POINT('Ctrl Pts',(0.00998271511748182,0.0929333822831625,
0.108353436382835));
#2427=CARTESIAN_POINT('Ctrl Pts',(0.00545172244012351,0.0890514654173001,
0.108941671676952));
#2428=CARTESIAN_POINT('Ctrl Pts',(-0.000376647218261249,0.087775032763001,
0.10952990697107));
#2429=CARTESIAN_POINT('Ctrl Pts',(-0.00611538402458753,0.0894078441616193,
0.110118142265188));
#2430=CARTESIAN_POINT('Ctrl Pts',(-0.0103988085785429,0.0935613303222215,
0.110706377559305));
#2431=CARTESIAN_POINT('Ctrl Pts',(-0.0122075703028923,0.0992470628361787,
0.111294612853423));
#2432=CARTESIAN_POINT('Ctrl Pts',(-0.0111112280203553,0.105111976032063,
0.11188284814754));
#2433=CARTESIAN_POINT('Ctrl Pts',(-0.00737068445595377,0.109760363606111,
0.112471083441658));
#2434=CARTESIAN_POINT('Ctrl Pts',(-0.00187609775150011,0.112086022683229,
0.113059318735776));
#2435=CARTESIAN_POINT('Ctrl Pts',(0.00406495446246523,0.11153550312257,
0.113647554029893));
#2436=CARTESIAN_POINT('Ctrl Pts',(0.00903864665279895,0.108239815153179,
0.114235789324011));
#2437=CARTESIAN_POINT('Ctrl Pts',(0.0118613613794425,0.10298325213466,0.114824024618129));
#2438=CARTESIAN_POINT('Ctrl Pts',(0.0118613613794498,0.0970167478653359,
0.115412259912246));
#2439=CARTESIAN_POINT('Ctrl Pts',(0.00903864665278757,0.0917601848468344,
0.116000495206364));
#2440=CARTESIAN_POINT('Ctrl Pts',(0.00406495446248767,0.0884644968773989,
0.116588730500482));
#2441=CARTESIAN_POINT('Ctrl Pts',(-0.00187609775154656,0.087913977316838,
0.117176965794599));
#2442=CARTESIAN_POINT('Ctrl Pts',(-0.00737068445585584,0.0902396363937467,
0.117765201088717));
#2443=CARTESIAN_POINT('Ctrl Pts',(-0.0111112280205621,0.0948880239682384,
0.118353436382835));
#2444=CARTESIAN_POINT('Ctrl Pts',(-0.012207570302455,0.100752937163183,
0.118941671676952));
#2445=CARTESIAN_POINT('Ctrl Pts',(-0.0103988085794678,0.106438669679129,
0.11952990697107));
#2446=CARTESIAN_POINT('Ctrl Pts',(-0.00611538402263173,0.110592155835525,
0.120118142265188));
#2447=CARTESIAN_POINT('Ctrl Pts',(-0.000376647222397445,0.112224967243038,
0.120706377559305));
#2448=CARTESIAN_POINT('Ctrl Pts',(0.00545172244887037,0.110948534569928,
0.121294612853423));
#2449=CARTESIAN_POINT('Ctrl Pts',(0.00998271509898428,0.107066617743847,
0.12188284814754));
#2450=CARTESIAN_POINT('Ctrl Pts',(0.0121380651001593,0.101503018121961,
0.122471083441658));
#2451=CARTESIAN_POINT('Ctrl Pts',(0.0114048514674173,0.0955817370919591,
0.123059318735776));
#2452=CARTESIAN_POINT('Ctrl Pts',(0.00795756169328834,0.0907118943535482,
0.123647554029893));
#2453=CARTESIAN_POINT('Ctrl Pts',(0.00261656554878252,0.088052395346459,
0.124235789324011));
#2454=CARTESIAN_POINT('Ctrl Pts',(-0.00334710777285443,0.0882361325122086,
0.124824024618129));
#2455=CARTESIAN_POINT('Ctrl Pts',(-0.00851425447884935,0.091219388205166,
0.125412259912246));
#2456=CARTESIAN_POINT('Ctrl Pts',(-0.0116552090732955,0.0962922048505147,
0.126000495206364));
#2457=CARTESIAN_POINT('Ctrl Pts',(-0.012022523385144,0.102247408536597,
0.126588730500482));
#2458=CARTESIAN_POINT('Ctrl Pts',(-0.00952873818726324,0.10766773681109,
0.127176965794599));
#2459=CARTESIAN_POINT('Ctrl Pts',(-0.00476741396620867,0.111263430143524,
0.127765201088717));
#2460=CARTESIAN_POINT('Ctrl Pts',(0.00112858093468121,0.11217849183028,
0.128353436382835));
#2461=CARTESIAN_POINT('Ctrl Pts',(0.00675568482424203,0.110195815971346,
0.128941671676952));
#2462=CARTESIAN_POINT('Ctrl Pts',(0.0107756729492266,0.105785848036991,
0.12952990697107));
#2463=CARTESIAN_POINT('Ctrl Pts',(0.0117446228373638,0.101929442202511,
0.129922063833815));
#2464=CARTESIAN_POINT('Ctrl Pts',(0.0117446228373638,0.1,0.130118142265188));
#2465=CARTESIAN_POINT('Ctrl Pts',(0.0127133661171292,0.1,0.0698935579472175));
#2466=CARTESIAN_POINT('Ctrl Pts',(0.0127133661171292,0.0979117863296684,
0.07008963637859));
#2467=CARTESIAN_POINT('Ctrl Pts',(0.01166434382589,0.0937368106953414,0.0704817932413351));
#2468=CARTESIAN_POINT('Ctrl Pts',(0.00731286502431398,0.0889633944471835,
0.0710700285354527));
#2469=CARTESIAN_POINT('Ctrl Pts',(0.00122164934529514,0.0868170758935731,
0.0716582638295704));
#2470=CARTESIAN_POINT('Ctrl Pts',(-0.00516059109523384,0.0878076634846736,
0.072246499123688));
#2471=CARTESIAN_POINT('Ctrl Pts',(-0.0103146007106883,0.0916998755331857,
0.0728347344178057));
#2472=CARTESIAN_POINT('Ctrl Pts',(-0.0130140521098147,0.0975672458740592,
0.0734229697119233));
#2473=CARTESIAN_POINT('Ctrl Pts',(-0.0126164457947332,0.104013584947305,
0.074011205006041));
#2474=CARTESIAN_POINT('Ctrl Pts',(-0.00921644761409301,0.109504773281832,
0.0745994403001587));
#2475=CARTESIAN_POINT('Ctrl Pts',(-0.00362315280569729,0.112734064668541,
0.0751876755942762));
#2476=CARTESIAN_POINT('Ctrl Pts',(0.00283236075727022,0.112932955784746,
0.0757759108883939));
#2477=CARTESIAN_POINT('Ctrl Pts',(0.00861384307386035,0.110054120469547,
0.0763641461825116));
#2478=CARTESIAN_POINT('Ctrl Pts',(0.012345440091576,0.104782648917909,0.0769523814766292));
#2479=CARTESIAN_POINT('Ctrl Pts',(0.0131391237987422,0.0983730239300449,
0.0775406167707469));
#2480=CARTESIAN_POINT('Ctrl Pts',(0.010806016323793,0.0923505793949605,
0.0781288520648645));
#2481=CARTESIAN_POINT('Ctrl Pts',(0.00590134058391327,0.0881485104868839,
0.0787170873589822));
#2482=CARTESIAN_POINT('Ctrl Pts',(-0.000407710326000978,0.0867668070035136,
0.0793053226530998));
#2483=CARTESIAN_POINT('Ctrl Pts',(-0.00661973610462001,0.0885342807328451,
0.0798935579472175));
#2484=CARTESIAN_POINT('Ctrl Pts',(-0.0112564261443709,0.0930303160066325,
0.0804817932413351));
#2485=CARTESIAN_POINT('Ctrl Pts',(-0.0132143612860747,0.0991849660942768,
0.0810700285354527));
#2486=CARTESIAN_POINT('Ctrl Pts',(-0.0120276007229051,0.105533574372045,
0.0816582638295704));
#2487=CARTESIAN_POINT('Ctrl Pts',(-0.00797856452282629,0.110565326906151,
0.082246499123688));
#2488=CARTESIAN_POINT('Ctrl Pts',(-0.00203082455251283,0.113082789309395,
0.0828347344178057));
#2489=CARTESIAN_POINT('Ctrl Pts',(0.00440020213258082,0.112486866927749,
0.0834229697119233));
#2490=CARTESIAN_POINT('Ctrl Pts',(0.00978408802467404,0.108919374754051,
0.084011205006041));
#2491=CARTESIAN_POINT('Ctrl Pts',(0.0128395995868688,0.103229288919743,
0.0845994403001586));
#2492=CARTESIAN_POINT('Ctrl Pts',(0.0128395995868619,0.0967707110802594,
0.0851876755942763));
#2493=CARTESIAN_POINT('Ctrl Pts',(0.00978408802468497,0.0910806252459401,
0.0857759108883939));
#2494=CARTESIAN_POINT('Ctrl Pts',(0.00440020213255946,0.0875131330722725,
0.0863641461825116));
#2495=CARTESIAN_POINT('Ctrl Pts',(-0.0020308245524684,0.0869172106905588,
0.0869523814766292));
#2496=CARTESIAN_POINT('Ctrl Pts',(-0.00797856452291976,0.0894346730939476,
0.0875406167707469));
#2497=CARTESIAN_POINT('Ctrl Pts',(-0.0120276007227076,0.0944664256277459,
0.0881288520648644));
#2498=CARTESIAN_POINT('Ctrl Pts',(-0.0132143612864923,0.100815033906166,
0.0887170873589823));
#2499=CARTESIAN_POINT('Ctrl Pts',(-0.0112564261434877,0.106969683992431,
0.0893053226530997));
#2500=CARTESIAN_POINT('Ctrl Pts',(-0.00661973610648769,0.111465719269135,
0.0898935579472175));
#2501=CARTESIAN_POINT('Ctrl Pts',(-0.000407710322051373,0.113233192992299,
0.0904817932413351));
#2502=CARTESIAN_POINT('Ctrl Pts',(0.00590134057556077,0.111851489521971,
0.0910700285354528));
#2503=CARTESIAN_POINT('Ctrl Pts',(0.0108060163414565,0.107649420586314,
0.0916582638295704));
#2504=CARTESIAN_POINT('Ctrl Pts',(0.0131391237613884,0.101626976109556,
0.092246499123688));
#2505=CARTESIAN_POINT('Ctrl Pts',(0.0123454401705701,0.0952173509983463,
0.0928347344178057));
#2506=CARTESIAN_POINT('Ctrl Pts',(0.0086138429068073,0.0899458797075532,
0.0934229697119232));
#2507=CARTESIAN_POINT('Ctrl Pts',(0.00283236111054858,0.0870670438407301,
0.094011205006041));
#2508=CARTESIAN_POINT('Ctrl Pts',(-0.00362315355277906,0.0872659361234863,
0.0945994403001586));
#2509=CARTESIAN_POINT('Ctrl Pts',(-0.00921644603408501,0.0904952250432246,
0.0951876755942763));
#2510=CARTESIAN_POINT('Ctrl Pts',(-0.0126164491352325,0.0959864185947912,
0.0957759108883939));
#2511=CARTESIAN_POINT('Ctrl Pts',(-0.0130140450393673,0.10243274663528,
0.0963641461825116));
#2512=CARTESIAN_POINT('Ctrl Pts',(-0.0103146156181015,0.108300140307788,
0.0969523814766292));
#2513=CARTESIAN_POINT('Ctrl Pts',(-0.00516055923846877,0.112192303015608,
0.0975406167707469));
#2514=CARTESIAN_POINT('Ctrl Pts',(0.00122158438125121,0.113182994958568,
0.0981288520648644));
#2515=CARTESIAN_POINT('Ctrl Pts',(0.0073130207109315,0.111036455615805,
0.0987170873589822));
#2516=CARTESIAN_POINT('Ctrl Pts',(0.0116641364655391,0.106263508999868,
0.0993053226530998));
#2517=CARTESIAN_POINT('Ctrl Pts',(0.0132394722129753,0.1,0.0998935579472175));
#2518=CARTESIAN_POINT('Ctrl Pts',(0.0116641364655391,0.0937364910001322,
0.100481793241335));
#2519=CARTESIAN_POINT('Ctrl Pts',(0.00731302071093152,0.088963544384195,
0.101070028535453));
#2520=CARTESIAN_POINT('Ctrl Pts',(0.00122158438125123,0.086817005041432,
0.10165826382957));
#2521=CARTESIAN_POINT('Ctrl Pts',(-0.00516055923846875,0.0878076969843922,
0.102246499123688));
#2522=CARTESIAN_POINT('Ctrl Pts',(-0.0103146156181015,0.0916998596922123,
0.102834734417806));
#2523=CARTESIAN_POINT('Ctrl Pts',(-0.0130140450393673,0.0975672533647199,
0.103422969711923));
#2524=CARTESIAN_POINT('Ctrl Pts',(-0.0126164491352325,0.104013581405209,
0.104011205006041));
#2525=CARTESIAN_POINT('Ctrl Pts',(-0.00921644603408506,0.109504774956775,
0.104599440300159));
#2526=CARTESIAN_POINT('Ctrl Pts',(-0.00362315355277911,0.112734063876514,
0.105187675594276));
#2527=CARTESIAN_POINT('Ctrl Pts',(0.00283236111054854,0.11293295615927,
0.105775910888394));
#2528=CARTESIAN_POINT('Ctrl Pts',(0.00861384290680728,0.110054120292447,
0.106364146182512));
#2529=CARTESIAN_POINT('Ctrl Pts',(0.0123454401705701,0.104782649001654,
0.106952381476629));
#2530=CARTESIAN_POINT('Ctrl Pts',(0.0131391237613884,0.0983730238904444,
0.107540616770747));
#2531=CARTESIAN_POINT('Ctrl Pts',(0.0108060163414565,0.0923505794136863,
0.108128852064865));
#2532=CARTESIAN_POINT('Ctrl Pts',(0.0059013405755608,0.0881485104780291,
0.108717087358982));
#2533=CARTESIAN_POINT('Ctrl Pts',(-0.000407710322051334,0.0867668070077007,
0.1093053226531));
#2534=CARTESIAN_POINT('Ctrl Pts',(-0.00661973610648766,0.0885342807308653,
0.109893557947218));
#2535=CARTESIAN_POINT('Ctrl Pts',(-0.0112564261434877,0.0930303160075687,
0.110481793241335));
#2536=CARTESIAN_POINT('Ctrl Pts',(-0.0132143612864923,0.0991849660938341,
0.111070028535453));
#2537=CARTESIAN_POINT('Ctrl Pts',(-0.0120276007227076,0.105533574372254,
0.11165826382957));
#2538=CARTESIAN_POINT('Ctrl Pts',(-0.00797856452291979,0.110565326906052,
0.112246499123688));
#2539=CARTESIAN_POINT('Ctrl Pts',(-0.00203082455246847,0.113082789309441,
0.112834734417806));
#2540=CARTESIAN_POINT('Ctrl Pts',(0.00440020213255939,0.112486866927728,
0.113422969711923));
#2541=CARTESIAN_POINT('Ctrl Pts',(0.00978408802468491,0.10891937475406,
0.114011205006041));
#2542=CARTESIAN_POINT('Ctrl Pts',(0.0128395995868619,0.103229288919741,
0.114599440300159));
#2543=CARTESIAN_POINT('Ctrl Pts',(0.0128395995868688,0.0967707110802568,
0.115187675594276));
#2544=CARTESIAN_POINT('Ctrl Pts',(0.00978408802467406,0.0910806252459494,
0.115775910888394));
#2545=CARTESIAN_POINT('Ctrl Pts',(0.00440020213258083,0.0875131330722509,
0.116364146182512));
#2546=CARTESIAN_POINT('Ctrl Pts',(-0.00203082455251283,0.0869172106906054,
0.116952381476629));
#2547=CARTESIAN_POINT('Ctrl Pts',(-0.00797856452282627,0.0894346730938487,
0.117540616770747));
#2548=CARTESIAN_POINT('Ctrl Pts',(-0.0120276007229051,0.0944664256279552,
0.118128852064865));
#2549=CARTESIAN_POINT('Ctrl Pts',(-0.0132143612860747,0.100815033905723,
0.118717087358982));
#2550=CARTESIAN_POINT('Ctrl Pts',(-0.0112564261443709,0.106969683993368,
0.1193053226531));
#2551=CARTESIAN_POINT('Ctrl Pts',(-0.00661973610462008,0.111465719267155,
0.119893557947217));
#2552=CARTESIAN_POINT('Ctrl Pts',(-0.000407710326001016,0.113233192996487,
0.120481793241335));
#2553=CARTESIAN_POINT('Ctrl Pts',(0.00590134058391323,0.111851489513116,
0.121070028535453));
#2554=CARTESIAN_POINT('Ctrl Pts',(0.010806016323793,0.10764942060504,0.12165826382957));
#2555=CARTESIAN_POINT('Ctrl Pts',(0.0131391237987422,0.101626976069955,
0.122246499123688));
#2556=CARTESIAN_POINT('Ctrl Pts',(0.012345440091576,0.0952173510820915,
0.122834734417806));
#2557=CARTESIAN_POINT('Ctrl Pts',(0.00861384307386036,0.0899458795304526,
0.123422969711923));
#2558=CARTESIAN_POINT('Ctrl Pts',(0.00283236075727024,0.0870670442152545,
0.124011205006041));
#2559=CARTESIAN_POINT('Ctrl Pts',(-0.00362315280569724,0.087265935331459,
0.124599440300159));
#2560=CARTESIAN_POINT('Ctrl Pts',(-0.00921644761409297,0.0904952267181684,
0.125187675594276));
#2561=CARTESIAN_POINT('Ctrl Pts',(-0.0126164457947332,0.0959864150526946,
0.125775910888394));
#2562=CARTESIAN_POINT('Ctrl Pts',(-0.0130140521098147,0.102432754125941,
0.126364146182512));
#2563=CARTESIAN_POINT('Ctrl Pts',(-0.0103146007106883,0.108300124466814,
0.126952381476629));
#2564=CARTESIAN_POINT('Ctrl Pts',(-0.00516059109523386,0.112192336515326,
0.127540616770747));
#2565=CARTESIAN_POINT('Ctrl Pts',(0.00122164934529515,0.113182924106427,
0.128128852064865));
#2566=CARTESIAN_POINT('Ctrl Pts',(0.00731286502431398,0.111036605552816,
0.128717087358982));
#2567=CARTESIAN_POINT('Ctrl Pts',(0.01166434382589,0.106263189304659,0.1293053226531));
#2568=CARTESIAN_POINT('Ctrl Pts',(0.0127133661171292,0.102088213670332,
0.129697479515845));
#2569=CARTESIAN_POINT('Ctrl Pts',(0.0127133661171292,0.1,0.129893557947217));
#2570=CARTESIAN_POINT('Ctrl Pts',(0.013,0.1,0.0692991993003419));
#2571=CARTESIAN_POINT('Ctrl Pts',(0.013,0.0978640330292896,0.0694952777317144));
#2572=CARTESIAN_POINT('Ctrl Pts',(0.0119275937295439,0.0935957829025444,
0.0698874345944595));
#2573=CARTESIAN_POINT('Ctrl Pts',(0.00747783922782893,0.0887142038833438,
0.0704756698885772));
#2574=CARTESIAN_POINT('Ctrl Pts',(0.00124923078907663,0.086519679928388,
0.0710639051826948));
#2575=CARTESIAN_POINT('Ctrl Pts',(-0.00527704500364224,0.0875325154906948,
0.0716521404768125));
#2576=CARTESIAN_POINT('Ctrl Pts',(-0.0105473412587906,0.0915126030081446,
0.0722403757709301));
#2577=CARTESIAN_POINT('Ctrl Pts',(-0.013307709751312,0.0975123444113953,
0.0728286110650478));
#2578=CARTESIAN_POINT('Ctrl Pts',(-0.0129011291527758,0.104104153151992,
0.0734168463591654));
#2579=CARTESIAN_POINT('Ctrl Pts',(-0.00942441278923113,0.109719242333364,
0.0740050816532831));
#2580=CARTESIAN_POINT('Ctrl Pts',(-0.00370490736345068,0.113021403632306,
0.0745933169474007));
#2581=CARTESIAN_POINT('Ctrl Pts',(0.0028962715590003,0.113224781463186,
0.0751815522415184));
#2582=CARTESIAN_POINT('Ctrl Pts',(0.00880821042430049,0.110280987138549,
0.075769787535636));
#2583=CARTESIAN_POINT('Ctrl Pts',(0.0126240091118787,0.104890567053443,
0.0763580228297537));
#2584=CARTESIAN_POINT('Ctrl Pts',(0.0134356019457189,0.0983363120212768,
0.0769462581238713));
#2585=CARTESIAN_POINT('Ctrl Pts',(0.0110498489867051,0.0921779738042317,
0.0775344934179889));
#2586=CARTESIAN_POINT('Ctrl Pts',(0.00603450155578493,0.0878810872186895,
0.0781227287121066));
#2587=CARTESIAN_POINT('Ctrl Pts',(-0.000416910118358258,0.0864682062341254,
0.0787109640062242));
#2588=CARTESIAN_POINT('Ctrl Pts',(-0.00676910733050797,0.0882755621816033,
0.0792991993003419));
#2589=CARTESIAN_POINT('Ctrl Pts',(-0.0115104220971008,0.0928730483701273,
0.0798874345944595));
#2590=CARTESIAN_POINT('Ctrl Pts',(-0.013512537122492,0.0991665752386387,
0.0804756698885772));
#2591=CARTESIAN_POINT('Ctrl Pts',(-0.0122989978664997,0.105658436870414,
0.0810639051826948));
#2592=CARTESIAN_POINT('Ctrl Pts',(-0.00815859707218686,0.110803728530068,
0.0816521404768125));
#2593=CARTESIAN_POINT('Ctrl Pts',(-0.00207664915173443,0.113377996286201,
0.0822403757709302));
#2594=CARTESIAN_POINT('Ctrl Pts',(0.00449949062056657,0.112768627196849,
0.0828286110650477));
#2595=CARTESIAN_POINT('Ctrl Pts',(0.0100048613612072,0.109120636243031,
0.0834168463591654));
#2596=CARTESIAN_POINT('Ctrl Pts',(0.013129319102212,0.103302156302753,0.084005081653283));
#2597=CARTESIAN_POINT('Ctrl Pts',(0.0131293191022034,0.096697843697252,
0.0845933169474007));
#2598=CARTESIAN_POINT('Ctrl Pts',(0.010004861361221,0.0908793637569502,
0.0851815522415183));
#2599=CARTESIAN_POINT('Ctrl Pts',(0.00449949062053962,0.0872313728031945,
0.085769787535636));
#2600=CARTESIAN_POINT('Ctrl Pts',(-0.00207664915167842,0.0866220037137051,
0.0863580228297536));
#2601=CARTESIAN_POINT('Ctrl Pts',(-0.00815859707230475,0.0891962714701317,
0.0869462581238714));
#2602=CARTESIAN_POINT('Ctrl Pts',(-0.0122989978662505,0.0943415631291615,
0.0875344934179889));
#2603=CARTESIAN_POINT('Ctrl Pts',(-0.0135125371230187,0.100833424762258,
0.0881227287121066));
#2604=CARTESIAN_POINT('Ctrl Pts',(-0.0115104220959869,0.107126951627976,
0.0887109640062242));
#2605=CARTESIAN_POINT('Ctrl Pts',(-0.00676910733286345,0.111724437822407,
0.0892991993003419));
#2606=CARTESIAN_POINT('Ctrl Pts',(-0.000416910113377068,0.113531793757395,
0.0898874345944596));
#2607=CARTESIAN_POINT('Ctrl Pts',(0.00603450154525089,0.112118912799243,
0.0904756698885771));
#2608=CARTESIAN_POINT('Ctrl Pts',(0.011049849008982,0.107822026157844,0.0910639051826948));
#2609=CARTESIAN_POINT('Ctrl Pts',(0.0134356018986087,0.101663688058923,
0.0916521404768125));
#2610=CARTESIAN_POINT('Ctrl Pts',(0.0126240092115051,0.0951094327769535,
0.0922403757709301));
#2611=CARTESIAN_POINT('Ctrl Pts',(0.00880821021361535,0.0897190132201201,
0.0928286110650478));
#2612=CARTESIAN_POINT('Ctrl Pts',(0.00289627200455038,0.0867752177783164,
0.0934168463591654));
#2613=CARTESIAN_POINT('Ctrl Pts',(-0.0037049083056605,0.0869785979717256,
0.0940050816532831));
#2614=CARTESIAN_POINT('Ctrl Pts',(-0.00942441079654558,0.0902807542744688,
0.0945933169474007));
#2615=CARTESIAN_POINT('Ctrl Pts',(-0.01290113336577,0.0958958540213683,
0.0951815522415184));
#2616=CARTESIAN_POINT('Ctrl Pts',(-0.0133077008341556,0.102487640416925,
0.095769787535636));
#2617=CARTESIAN_POINT('Ctrl Pts',(-0.0105473600598264,0.108487429063249,
0.0963580228297537));
#2618=CARTESIAN_POINT('Ctrl Pts',(-0.00527700482630412,0.112467416588791,
0.0969462581238713));
#2619=CARTESIAN_POINT('Ctrl Pts',(0.00124914885726863,0.113480463028683,
0.0975344934179889));
#2620=CARTESIAN_POINT('Ctrl Pts',(0.00747803557776776,0.111285488036985,
0.0981227287121067));
#2621=CARTESIAN_POINT('Ctrl Pts',(0.011927332209364,0.106404842129418,0.0987109640062241));
#2622=CARTESIAN_POINT('Ctrl Pts',(0.0135382146657269,0.0999999999999999,
0.0992991993003419));
#2623=CARTESIAN_POINT('Ctrl Pts',(0.011927332209364,0.0935951578705819,
0.0998874345944595));
#2624=CARTESIAN_POINT('Ctrl Pts',(0.00747803557776777,0.0887145119630145,
0.100475669888577));
#2625=CARTESIAN_POINT('Ctrl Pts',(0.00124914885726866,0.0865195369713171,
0.101063905182695));
#2626=CARTESIAN_POINT('Ctrl Pts',(-0.0052770048263041,0.0875325834112089,
0.101652140476812));
#2627=CARTESIAN_POINT('Ctrl Pts',(-0.0105473600598263,0.0915125709367511,
0.10224037577093));
#2628=CARTESIAN_POINT('Ctrl Pts',(-0.0133077008341556,0.0975123595830755,
0.102828611065048));
#2629=CARTESIAN_POINT('Ctrl Pts',(-0.01290113336577,0.104104145978631,0.103416846359165));
#2630=CARTESIAN_POINT('Ctrl Pts',(-0.00942441079654563,0.109719245725531,
0.104005081653283));
#2631=CARTESIAN_POINT('Ctrl Pts',(-0.00370490830566056,0.113021402028274,
0.104593316947401));
#2632=CARTESIAN_POINT('Ctrl Pts',(0.00289627200455035,0.113224782221684,
0.105181552241518));
#2633=CARTESIAN_POINT('Ctrl Pts',(0.00880821021361532,0.11028098677988,
0.105769787535636));
#2634=CARTESIAN_POINT('Ctrl Pts',(0.0126240092115051,0.104890567223047,
0.106358022829754));
#2635=CARTESIAN_POINT('Ctrl Pts',(0.0134356018986087,0.0983363119410768,
0.106946258123871));
#2636=CARTESIAN_POINT('Ctrl Pts',(0.011049849008982,0.0921779738421556,
0.107534493417989));
#2637=CARTESIAN_POINT('Ctrl Pts',(0.00603450154525091,0.0878810872007565,
0.108122728712107));
#2638=CARTESIAN_POINT('Ctrl Pts',(-0.000416910113377024,0.0864682062426053,
0.108710964006224));
#2639=CARTESIAN_POINT('Ctrl Pts',(-0.00676910733286344,0.0882755621775935,
0.109299199300342));
#2640=CARTESIAN_POINT('Ctrl Pts',(-0.0115104220959869,0.0928730483720234,
0.10988743459446));
#2641=CARTESIAN_POINT('Ctrl Pts',(-0.0135125371230187,0.0991665752377421,
0.110475669888577));
#2642=CARTESIAN_POINT('Ctrl Pts',(-0.0122989978662506,0.105658436870838,
0.111063905182695));
#2643=CARTESIAN_POINT('Ctrl Pts',(-0.00815859707230478,0.110803728529868,
0.111652140476812));
#2644=CARTESIAN_POINT('Ctrl Pts',(-0.00207664915167849,0.113377996286295,
0.11224037577093));
#2645=CARTESIAN_POINT('Ctrl Pts',(0.00449949062053955,0.112768627196806,
0.112828611065048));
#2646=CARTESIAN_POINT('Ctrl Pts',(0.0100048613612209,0.10912063624305,0.113416846359165));
#2647=CARTESIAN_POINT('Ctrl Pts',(0.0131293191022034,0.103302156302748,
0.114005081653283));
#2648=CARTESIAN_POINT('Ctrl Pts',(0.013129319102212,0.0966978436972467,
0.114593316947401));
#2649=CARTESIAN_POINT('Ctrl Pts',(0.0100048613612072,0.0908793637569691,
0.115181552241518));
#2650=CARTESIAN_POINT('Ctrl Pts',(0.00449949062056658,0.0872313728031508,
0.115769787535636));
#2651=CARTESIAN_POINT('Ctrl Pts',(-0.00207664915173443,0.0866220037137994,
0.116358022829754));
#2652=CARTESIAN_POINT('Ctrl Pts',(-0.00815859707218685,0.0891962714699315,
0.116946258123871));
#2653=CARTESIAN_POINT('Ctrl Pts',(-0.0122989978664997,0.0943415631295854,
0.117534493417989));
#2654=CARTESIAN_POINT('Ctrl Pts',(-0.013512537122492,0.100833424761361,
0.118122728712107));
#2655=CARTESIAN_POINT('Ctrl Pts',(-0.0115104220971008,0.107126951629873,
0.118710964006224));
#2656=CARTESIAN_POINT('Ctrl Pts',(-0.00676910733050803,0.111724437818396,
0.119299199300342));
#2657=CARTESIAN_POINT('Ctrl Pts',(-0.000416910118358305,0.113531793765875,
0.11988743459446));
#2658=CARTESIAN_POINT('Ctrl Pts',(0.0060345015557849,0.11211891278131,0.120475669888577));
#2659=CARTESIAN_POINT('Ctrl Pts',(0.0110498489867051,0.107822026195768,
0.121063905182695));
#2660=CARTESIAN_POINT('Ctrl Pts',(0.0134356019457189,0.101663687978723,
0.121652140476812));
#2661=CARTESIAN_POINT('Ctrl Pts',(0.0126240091118786,0.0951094329465566,
0.12224037577093));
#2662=CARTESIAN_POINT('Ctrl Pts',(0.00880821042430049,0.0897190128614512,
0.122828611065048));
#2663=CARTESIAN_POINT('Ctrl Pts',(0.00289627155900032,0.0867752185368139,
0.123416846359165));
#2664=CARTESIAN_POINT('Ctrl Pts',(-0.00370490736345063,0.0869785963676937,
0.124005081653283));
#2665=CARTESIAN_POINT('Ctrl Pts',(-0.00942441278923109,0.0902807576666359,
0.124593316947401));
#2666=CARTESIAN_POINT('Ctrl Pts',(-0.0129011291527758,0.0958958468480076,
0.125181552241518));
#2667=CARTESIAN_POINT('Ctrl Pts',(-0.013307709751312,0.102487655588605,
0.125769787535636));
#2668=CARTESIAN_POINT('Ctrl Pts',(-0.0105473412587906,0.108487396991855,
0.126358022829754));
#2669=CARTESIAN_POINT('Ctrl Pts',(-0.00527704500364226,0.112467484509305,
0.126946258123871));
#2670=CARTESIAN_POINT('Ctrl Pts',(0.00124923078907663,0.113480320071612,
0.127534493417989));
#2671=CARTESIAN_POINT('Ctrl Pts',(0.00747783922782893,0.111285796116656,
0.128122728712107));
#2672=CARTESIAN_POINT('Ctrl Pts',(0.0119275937295439,0.106404217097456,
0.128710964006224));
#2673=CARTESIAN_POINT('Ctrl Pts',(0.013,0.10213596697071,0.129103120868969));
#2674=CARTESIAN_POINT('Ctrl Pts',(0.013,0.1,0.129299199300342));
#2675=CARTESIAN_POINT('Ctrl Pts',(0.013,0.1,0.069));
#2676=CARTESIAN_POINT('Ctrl Pts',(0.013,0.0978645383269716,0.0691960784313726));
#2677=CARTESIAN_POINT('Ctrl Pts',(0.0119273930707485,0.093595646758162,
0.0695882352941177));
#2678=CARTESIAN_POINT('Ctrl Pts',(0.00747776463299151,0.0887144748222874,
0.0701764705882353));
#2679=CARTESIAN_POINT('Ctrl Pts',(0.00124920202192173,0.0865198117453211,
0.070764705882353));
#2680=CARTESIAN_POINT('Ctrl Pts',(-0.00527696696089414,0.0875327116700681,
0.0713529411764706));
#2681=CARTESIAN_POINT('Ctrl Pts',(-0.0105471993574422,0.0915127074230161,
0.0719411764705882));
#2682=CARTESIAN_POINT('Ctrl Pts',(-0.013307526074157,0.0975123841523423,
0.0725294117647059));
#2683=CARTESIAN_POINT('Ctrl Pts',(-0.0129009529146631,0.104104094228527,
0.0731176470588235));
#2684=CARTESIAN_POINT('Ctrl Pts',(-0.00942428332482992,0.109719110372363,
0.0737058823529412));
#2685=CARTESIAN_POINT('Ctrl Pts',(-0.00370485671388139,0.113021224550354,
0.0742941176470588));
#2686=CARTESIAN_POINT('Ctrl Pts',(0.00289623192288564,0.113224600472073,
0.0748823529411765));
#2687=CARTESIAN_POINT('Ctrl Pts',(0.00880808965948751,0.110280846082826,
0.0754705882352941));
#2688=CARTESIAN_POINT('Ctrl Pts',(0.0126238360876968,0.104890500081106,
0.0760588235294117));
#2689=CARTESIAN_POINT('Ctrl Pts',(0.013435417776113,0.0983363347957619,
0.0766470588235294));
#2690=CARTESIAN_POINT('Ctrl Pts',(0.011049697528674,0.0921780810354966,
0.077235294117647));
#2691=CARTESIAN_POINT('Ctrl Pts',(0.00603441883887432,0.087881253326964,
0.0778235294117647));
#2692=CARTESIAN_POINT('Ctrl Pts',(-0.000416904403028762,0.0864683917186988,
0.0784117647058823));
#2693=CARTESIAN_POINT('Ctrl Pts',(-0.00676901454612685,0.0882757228879543,
0.079));
#2694=CARTESIAN_POINT('Ctrl Pts',(-0.0115102643226317,0.0928731460605498,
0.0795882352941176));
#2695=CARTESIAN_POINT('Ctrl Pts',(-0.0135123519050992,0.0991665866621276,
0.0801764705882353));
#2696=CARTESIAN_POINT('Ctrl Pts',(-0.01229882928308,0.105658359309908,0.0807647058823529));
#2697=CARTESIAN_POINT('Ctrl Pts',(-0.00815848524163654,0.11080358044239,
0.0813529411764706));
#2698=CARTESIAN_POINT('Ctrl Pts',(-0.00207662068692428,0.113377812912931,
0.0819411764705882));
#2699=CARTESIAN_POINT('Ctrl Pts',(0.00449942894567153,0.1127684521762,0.0825294117647059));
#2700=CARTESIAN_POINT('Ctrl Pts',(0.0100047242237441,0.109120511225721,
0.0831176470588236));
#2701=CARTESIAN_POINT('Ctrl Pts',(0.0131291391375448,0.103302111039819,
0.0837058823529411));
#2702=CARTESIAN_POINT('Ctrl Pts',(0.0131291391375374,0.0966978889601842,
0.0842941176470588));
#2703=CARTESIAN_POINT('Ctrl Pts',(0.0100047242237559,0.0908794887742671,
0.0848823529411765));
#2704=CARTESIAN_POINT('Ctrl Pts',(0.00449942894564842,0.0872315478238274,
0.0854705882352941));
#2705=CARTESIAN_POINT('Ctrl Pts',(-0.00207662068687622,0.0866221870870101,
0.0860588235294117));
#2706=CARTESIAN_POINT('Ctrl Pts',(-0.00815848524173767,0.0891964195577353,
0.0866470588235294));
#2707=CARTESIAN_POINT('Ctrl Pts',(-0.0122988292828662,0.0943416406898253,
0.087235294117647));
#2708=CARTESIAN_POINT('Ctrl Pts',(-0.0135123519055511,0.100833413338436,
0.0878235294117647));
#2709=CARTESIAN_POINT('Ctrl Pts',(-0.0115102643216761,0.107126853938259,
0.0884117647058824));
#2710=CARTESIAN_POINT('Ctrl Pts',(-0.00676901454814754,0.111724277114564,
0.089));
#2711=CARTESIAN_POINT('Ctrl Pts',(-0.000416904398755553,0.113531608275975,
0.0895882352941177));
#2712=CARTESIAN_POINT('Ctrl Pts',(0.00603441882983748,0.1121187466843,0.0901764705882353));
#2713=CARTESIAN_POINT('Ctrl Pts',(0.0110496975477847,0.107821918940683,
0.090764705882353));
#2714=CARTESIAN_POINT('Ctrl Pts',(0.0134354177356986,0.101663665254613,
0.0913529411764706));
#2715=CARTESIAN_POINT('Ctrl Pts',(0.0126238361731633,0.0951094998123642,
0.0919411764705882));
#2716=CARTESIAN_POINT('Ctrl Pts',(0.00880808947874705,0.0897191541424591,
0.0925294117647059));
#2717=CARTESIAN_POINT('Ctrl Pts',(0.00289623230510969,0.0867753990515037,
0.0931176470588235));
#2718=CARTESIAN_POINT('Ctrl Pts',(-0.00370485752217493,0.0869787764571636,
0.0937058823529412));
#2719=CARTESIAN_POINT('Ctrl Pts',(-0.00942428161536477,0.0902808874969764,
0.0942941176470588));
#2720=CARTESIAN_POINT('Ctrl Pts',(-0.0129009565288644,0.095895910277238,
0.0948823529411765));
#2721=CARTESIAN_POINT('Ctrl Pts',(-0.013307518424396,0.102487606318631,
0.0954705882352941));
#2722=CARTESIAN_POINT('Ctrl Pts',(-0.0105472154862868,0.108487312725354,
0.0960588235294117));
#2723=CARTESIAN_POINT('Ctrl Pts',(-0.00527693249396109,0.112467245696877,
0.0966470588235294));
#2724=CARTESIAN_POINT('Ctrl Pts',(0.00124913173508159,0.113480278250858,
0.097235294117647));
#2725=CARTESIAN_POINT('Ctrl Pts',(0.00747793307571356,0.111285333345864,
0.0978235294117648));
#2726=CARTESIAN_POINT('Ctrl Pts',(0.0119271687204317,0.106404754337716,
0.0984117647058823));
#2727=CARTESIAN_POINT('Ctrl Pts',(0.013538029096295,0.1,0.099));
#2728=CARTESIAN_POINT('Ctrl Pts',(0.0119271687204317,0.0935952456622844,
0.0995882352941177));
#2729=CARTESIAN_POINT('Ctrl Pts',(0.00747793307571359,0.0887146666541356,
0.100176470588235));
#2730=CARTESIAN_POINT('Ctrl Pts',(0.00124913173508162,0.0865197217491423,
0.100764705882353));
#2731=CARTESIAN_POINT('Ctrl Pts',(-0.00527693249396106,0.0875327543031226,
0.101352941176471));
#2732=CARTESIAN_POINT('Ctrl Pts',(-0.0105472154862868,0.0915126872746456,
0.101941176470588));
#2733=CARTESIAN_POINT('Ctrl Pts',(-0.013307518424396,0.0975123936813691,
0.102529411764706));
#2734=CARTESIAN_POINT('Ctrl Pts',(-0.0129009565288645,0.104104089722762,
0.103117647058824));
#2735=CARTESIAN_POINT('Ctrl Pts',(-0.00942428161536481,0.109719112503024,
0.103705882352941));
#2736=CARTESIAN_POINT('Ctrl Pts',(-0.00370485752217499,0.113021223542836,
0.104294117647059));
#2737=CARTESIAN_POINT('Ctrl Pts',(0.00289623230510965,0.113224600948496,
0.104882352941176));
#2738=CARTESIAN_POINT('Ctrl Pts',(0.00880808947874703,0.110280845857541,
0.105470588235294));
#2739=CARTESIAN_POINT('Ctrl Pts',(0.0126238361731633,0.104890500187636,
0.106058823529412));
#2740=CARTESIAN_POINT('Ctrl Pts',(0.0134354177356986,0.0983363347453872,
0.106647058823529));
#2741=CARTESIAN_POINT('Ctrl Pts',(0.0110496975477847,0.0921780810593172,
0.107235294117647));
#2742=CARTESIAN_POINT('Ctrl Pts',(0.0060344188298375,0.0878812533156999,
0.107823529411765));
#2743=CARTESIAN_POINT('Ctrl Pts',(-0.000416904398755508,0.0864683917240252,
0.108411764705882));
#2744=CARTESIAN_POINT('Ctrl Pts',(-0.00676901454814752,0.0882757228854356,
0.109));
#2745=CARTESIAN_POINT('Ctrl Pts',(-0.0115102643216761,0.0928731460617408,
0.109588235294118));
#2746=CARTESIAN_POINT('Ctrl Pts',(-0.0135123519055511,0.0991665866615644,
0.110176470588235));
#2747=CARTESIAN_POINT('Ctrl Pts',(-0.0122988292828663,0.105658359310175,
0.110764705882353));
#2748=CARTESIAN_POINT('Ctrl Pts',(-0.0081584852417377,0.110803580442265,
0.111352941176471));
#2749=CARTESIAN_POINT('Ctrl Pts',(-0.00207662068687629,0.11337781291299,
0.111941176470588));
#2750=CARTESIAN_POINT('Ctrl Pts',(0.00449942894564834,0.112768452176173,
0.112529411764706));
#2751=CARTESIAN_POINT('Ctrl Pts',(0.0100047242237559,0.109120511225733,
0.113117647058823));
#2752=CARTESIAN_POINT('Ctrl Pts',(0.0131291391375374,0.103302111039816,
0.113705882352941));
#2753=CARTESIAN_POINT('Ctrl Pts',(0.0131291391375448,0.0966978889601809,
0.114294117647059));
#2754=CARTESIAN_POINT('Ctrl Pts',(0.0100047242237441,0.090879488774279,
0.114882352941177));
#2755=CARTESIAN_POINT('Ctrl Pts',(0.00449942894567153,0.0872315478238,0.115470588235294));
#2756=CARTESIAN_POINT('Ctrl Pts',(-0.00207662068692427,0.0866221870870693,
0.116058823529412));
#2757=CARTESIAN_POINT('Ctrl Pts',(-0.00815848524163652,0.0891964195576095,
0.116647058823529));
#2758=CARTESIAN_POINT('Ctrl Pts',(-0.0122988292830799,0.0943416406900915,
0.117235294117647));
#2759=CARTESIAN_POINT('Ctrl Pts',(-0.0135123519050992,0.100833413337872,
0.117823529411765));
#2760=CARTESIAN_POINT('Ctrl Pts',(-0.0115102643226317,0.10712685393945,
0.118411764705882));
#2761=CARTESIAN_POINT('Ctrl Pts',(-0.0067690145461269,0.111724277112046,
0.119));
#2762=CARTESIAN_POINT('Ctrl Pts',(-0.000416904403028811,0.113531608281301,
0.119588235294118));
#2763=CARTESIAN_POINT('Ctrl Pts',(0.00603441883887429,0.112118746673036,
0.120176470588235));
#2764=CARTESIAN_POINT('Ctrl Pts',(0.011049697528674,0.107821918964503,0.120764705882353));
#2765=CARTESIAN_POINT('Ctrl Pts',(0.013435417776113,0.101663665204238,0.121352941176471));
#2766=CARTESIAN_POINT('Ctrl Pts',(0.0126238360876968,0.0951094999188944,
0.121941176470588));
#2767=CARTESIAN_POINT('Ctrl Pts',(0.00880808965948752,0.0897191539171738,
0.122529411764706));
#2768=CARTESIAN_POINT('Ctrl Pts',(0.00289623192288566,0.0867753995279268,
0.123117647058823));
#2769=CARTESIAN_POINT('Ctrl Pts',(-0.00370485671388134,0.0869787754496465,
0.123705882352941));
#2770=CARTESIAN_POINT('Ctrl Pts',(-0.00942428332482987,0.0902808896276365,
0.124294117647059));
#2771=CARTESIAN_POINT('Ctrl Pts',(-0.0129009529146631,0.0958959057714733,
0.124882352941176));
#2772=CARTESIAN_POINT('Ctrl Pts',(-0.013307526074157,0.102487615847658,
0.125470588235294));
#2773=CARTESIAN_POINT('Ctrl Pts',(-0.0105471993574423,0.108487292576984,
0.126058823529412));
#2774=CARTESIAN_POINT('Ctrl Pts',(-0.00527696696089416,0.112467288329932,
0.126647058823529));
#2775=CARTESIAN_POINT('Ctrl Pts',(0.00124920202192173,0.113480188254679,
0.127235294117647));
#2776=CARTESIAN_POINT('Ctrl Pts',(0.00747776463299153,0.111285525177713,
0.127823529411765));
#2777=CARTESIAN_POINT('Ctrl Pts',(0.0119273930707485,0.106404353241838,
0.128411764705882));
#2778=CARTESIAN_POINT('Ctrl Pts',(0.013,0.102135461673028,0.128803921568627));
#2779=CARTESIAN_POINT('Ctrl Pts',(0.013,0.1,0.129));
#2780=CARTESIAN_POINT('',(0.013,0.1,0.069));
#2781=CARTESIAN_POINT('',(0.011,0.1,0.069));
#2782=CARTESIAN_POINT('Origin',(0.012,0.1,0.069));
#2783=CARTESIAN_POINT('',(0.013,0.1,0.129));
#2784=CARTESIAN_POINT('Ctrl Pts',(0.013,0.1,0.069));
#2785=CARTESIAN_POINT('Ctrl Pts',(0.013,0.0978645383269716,0.0691960784313726));
#2786=CARTESIAN_POINT('Ctrl Pts',(0.0119273930707485,0.093595646758162,
0.0695882352941177));
#2787=CARTESIAN_POINT('Ctrl Pts',(0.00747776463299151,0.0887144748222874,
0.0701764705882353));
#2788=CARTESIAN_POINT('Ctrl Pts',(0.00124920202192173,0.0865198117453211,
0.070764705882353));
#2789=CARTESIAN_POINT('Ctrl Pts',(-0.00527696696089414,0.0875327116700681,
0.0713529411764706));
#2790=CARTESIAN_POINT('Ctrl Pts',(-0.0105471993574422,0.0915127074230161,
0.0719411764705882));
#2791=CARTESIAN_POINT('Ctrl Pts',(-0.013307526074157,0.0975123841523423,
0.0725294117647059));
#2792=CARTESIAN_POINT('Ctrl Pts',(-0.0129009529146631,0.104104094228527,
0.0731176470588235));
#2793=CARTESIAN_POINT('Ctrl Pts',(-0.00942428332482992,0.109719110372363,
0.0737058823529412));
#2794=CARTESIAN_POINT('Ctrl Pts',(-0.00370485671388139,0.113021224550354,
0.0742941176470588));
#2795=CARTESIAN_POINT('Ctrl Pts',(0.00289623192288564,0.113224600472073,
0.0748823529411765));
#2796=CARTESIAN_POINT('Ctrl Pts',(0.00880808965948751,0.110280846082826,
0.0754705882352941));
#2797=CARTESIAN_POINT('Ctrl Pts',(0.0126238360876968,0.104890500081106,
0.0760588235294117));
#2798=CARTESIAN_POINT('Ctrl Pts',(0.013435417776113,0.0983363347957619,
0.0766470588235294));
#2799=CARTESIAN_POINT('Ctrl Pts',(0.011049697528674,0.0921780810354966,
0.077235294117647));
#2800=CARTESIAN_POINT('Ctrl Pts',(0.00603441883887432,0.087881253326964,
0.0778235294117647));
#2801=CARTESIAN_POINT('Ctrl Pts',(-0.000416904403028762,0.0864683917186988,
0.0784117647058823));
#2802=CARTESIAN_POINT('Ctrl Pts',(-0.00676901454612685,0.0882757228879543,
0.079));
#2803=CARTESIAN_POINT('Ctrl Pts',(-0.0115102643226317,0.0928731460605498,
0.0795882352941176));
#2804=CARTESIAN_POINT('Ctrl Pts',(-0.0135123519050992,0.0991665866621276,
0.0801764705882353));
#2805=CARTESIAN_POINT('Ctrl Pts',(-0.01229882928308,0.105658359309908,0.0807647058823529));
#2806=CARTESIAN_POINT('Ctrl Pts',(-0.00815848524163654,0.11080358044239,
0.0813529411764706));
#2807=CARTESIAN_POINT('Ctrl Pts',(-0.00207662068692428,0.113377812912931,
0.0819411764705882));
#2808=CARTESIAN_POINT('Ctrl Pts',(0.00449942894567153,0.1127684521762,0.0825294117647059));
#2809=CARTESIAN_POINT('Ctrl Pts',(0.0100047242237441,0.109120511225721,
0.0831176470588236));
#2810=CARTESIAN_POINT('Ctrl Pts',(0.0131291391375448,0.103302111039819,
0.0837058823529411));
#2811=CARTESIAN_POINT('Ctrl Pts',(0.0131291391375374,0.0966978889601842,
0.0842941176470588));
#2812=CARTESIAN_POINT('Ctrl Pts',(0.0100047242237559,0.0908794887742671,
0.0848823529411765));
#2813=CARTESIAN_POINT('Ctrl Pts',(0.00449942894564842,0.0872315478238274,
0.0854705882352941));
#2814=CARTESIAN_POINT('Ctrl Pts',(-0.00207662068687622,0.0866221870870101,
0.0860588235294117));
#2815=CARTESIAN_POINT('Ctrl Pts',(-0.00815848524173767,0.0891964195577353,
0.0866470588235294));
#2816=CARTESIAN_POINT('Ctrl Pts',(-0.0122988292828662,0.0943416406898253,
0.087235294117647));
#2817=CARTESIAN_POINT('Ctrl Pts',(-0.0135123519055511,0.100833413338436,
0.0878235294117647));
#2818=CARTESIAN_POINT('Ctrl Pts',(-0.0115102643216761,0.107126853938259,
0.0884117647058824));
#2819=CARTESIAN_POINT('Ctrl Pts',(-0.00676901454814754,0.111724277114564,
0.089));
#2820=CARTESIAN_POINT('Ctrl Pts',(-0.000416904398755553,0.113531608275975,
0.0895882352941177));
#2821=CARTESIAN_POINT('Ctrl Pts',(0.00603441882983748,0.1121187466843,0.0901764705882353));
#2822=CARTESIAN_POINT('Ctrl Pts',(0.0110496975477847,0.107821918940683,
0.090764705882353));
#2823=CARTESIAN_POINT('Ctrl Pts',(0.0134354177356986,0.101663665254613,
0.0913529411764706));
#2824=CARTESIAN_POINT('Ctrl Pts',(0.0126238361731633,0.0951094998123642,
0.0919411764705882));
#2825=CARTESIAN_POINT('Ctrl Pts',(0.00880808947874705,0.0897191541424591,
0.0925294117647059));
#2826=CARTESIAN_POINT('Ctrl Pts',(0.00289623230510969,0.0867753990515037,
0.0931176470588235));
#2827=CARTESIAN_POINT('Ctrl Pts',(-0.00370485752217493,0.0869787764571636,
0.0937058823529412));
#2828=CARTESIAN_POINT('Ctrl Pts',(-0.00942428161536477,0.0902808874969764,
0.0942941176470588));
#2829=CARTESIAN_POINT('Ctrl Pts',(-0.0129009565288644,0.095895910277238,
0.0948823529411765));
#2830=CARTESIAN_POINT('Ctrl Pts',(-0.013307518424396,0.102487606318631,
0.0954705882352941));
#2831=CARTESIAN_POINT('Ctrl Pts',(-0.0105472154862868,0.108487312725354,
0.0960588235294117));
#2832=CARTESIAN_POINT('Ctrl Pts',(-0.00527693249396109,0.112467245696877,
0.0966470588235294));
#2833=CARTESIAN_POINT('Ctrl Pts',(0.00124913173508159,0.113480278250858,
0.097235294117647));
#2834=CARTESIAN_POINT('Ctrl Pts',(0.00747793307571356,0.111285333345864,
0.0978235294117648));
#2835=CARTESIAN_POINT('Ctrl Pts',(0.0119271687204317,0.106404754337716,
0.0984117647058823));
#2836=CARTESIAN_POINT('Ctrl Pts',(0.013538029096295,0.1,0.099));
#2837=CARTESIAN_POINT('Ctrl Pts',(0.0119271687204317,0.0935952456622844,
0.0995882352941177));
#2838=CARTESIAN_POINT('Ctrl Pts',(0.00747793307571359,0.0887146666541356,
0.100176470588235));
#2839=CARTESIAN_POINT('Ctrl Pts',(0.00124913173508162,0.0865197217491423,
0.100764705882353));
#2840=CARTESIAN_POINT('Ctrl Pts',(-0.00527693249396106,0.0875327543031226,
0.101352941176471));
#2841=CARTESIAN_POINT('Ctrl Pts',(-0.0105472154862868,0.0915126872746456,
0.101941176470588));
#2842=CARTESIAN_POINT('Ctrl Pts',(-0.013307518424396,0.0975123936813691,
0.102529411764706));
#2843=CARTESIAN_POINT('Ctrl Pts',(-0.0129009565288645,0.104104089722762,
0.103117647058824));
#2844=CARTESIAN_POINT('Ctrl Pts',(-0.00942428161536481,0.109719112503024,
0.103705882352941));
#2845=CARTESIAN_POINT('Ctrl Pts',(-0.00370485752217499,0.113021223542836,
0.104294117647059));
#2846=CARTESIAN_POINT('Ctrl Pts',(0.00289623230510965,0.113224600948496,
0.104882352941176));
#2847=CARTESIAN_POINT('Ctrl Pts',(0.00880808947874703,0.110280845857541,
0.105470588235294));
#2848=CARTESIAN_POINT('Ctrl Pts',(0.0126238361731633,0.104890500187636,
0.106058823529412));
#2849=CARTESIAN_POINT('Ctrl Pts',(0.0134354177356986,0.0983363347453872,
0.106647058823529));
#2850=CARTESIAN_POINT('Ctrl Pts',(0.0110496975477847,0.0921780810593172,
0.107235294117647));
#2851=CARTESIAN_POINT('Ctrl Pts',(0.0060344188298375,0.0878812533156999,
0.107823529411765));
#2852=CARTESIAN_POINT('Ctrl Pts',(-0.000416904398755508,0.0864683917240252,
0.108411764705882));
#2853=CARTESIAN_POINT('Ctrl Pts',(-0.00676901454814752,0.0882757228854356,
0.109));
#2854=CARTESIAN_POINT('Ctrl Pts',(-0.0115102643216761,0.0928731460617408,
0.109588235294118));
#2855=CARTESIAN_POINT('Ctrl Pts',(-0.0135123519055511,0.0991665866615644,
0.110176470588235));
#2856=CARTESIAN_POINT('Ctrl Pts',(-0.0122988292828663,0.105658359310175,
0.110764705882353));
#2857=CARTESIAN_POINT('Ctrl Pts',(-0.0081584852417377,0.110803580442265,
0.111352941176471));
#2858=CARTESIAN_POINT('Ctrl Pts',(-0.00207662068687629,0.11337781291299,
0.111941176470588));
#2859=CARTESIAN_POINT('Ctrl Pts',(0.00449942894564834,0.112768452176173,
0.112529411764706));
#2860=CARTESIAN_POINT('Ctrl Pts',(0.0100047242237559,0.109120511225733,
0.113117647058823));
#2861=CARTESIAN_POINT('Ctrl Pts',(0.0131291391375374,0.103302111039816,
0.113705882352941));
#2862=CARTESIAN_POINT('Ctrl Pts',(0.0131291391375448,0.0966978889601809,
0.114294117647059));
#2863=CARTESIAN_POINT('Ctrl Pts',(0.0100047242237441,0.090879488774279,
0.114882352941177));
#2864=CARTESIAN_POINT('Ctrl Pts',(0.00449942894567153,0.0872315478238,0.115470588235294));
#2865=CARTESIAN_POINT('Ctrl Pts',(-0.00207662068692427,0.0866221870870693,
0.116058823529412));
#2866=CARTESIAN_POINT('Ctrl Pts',(-0.00815848524163652,0.0891964195576095,
0.116647058823529));
#2867=CARTESIAN_POINT('Ctrl Pts',(-0.0122988292830799,0.0943416406900915,
0.117235294117647));
#2868=CARTESIAN_POINT('Ctrl Pts',(-0.0135123519050992,0.100833413337872,
0.117823529411765));
#2869=CARTESIAN_POINT('Ctrl Pts',(-0.0115102643226317,0.10712685393945,
0.118411764705882));
#2870=CARTESIAN_POINT('Ctrl Pts',(-0.0067690145461269,0.111724277112046,
0.119));
#2871=CARTESIAN_POINT('Ctrl Pts',(-0.000416904403028811,0.113531608281301,
0.119588235294118));
#2872=CARTESIAN_POINT('Ctrl Pts',(0.00603441883887429,0.112118746673036,
0.120176470588235));
#2873=CARTESIAN_POINT('Ctrl Pts',(0.011049697528674,0.107821918964503,0.120764705882353));
#2874=CARTESIAN_POINT('Ctrl Pts',(0.013435417776113,0.101663665204238,0.121352941176471));
#2875=CARTESIAN_POINT('Ctrl Pts',(0.0126238360876968,0.0951094999188944,
0.121941176470588));
#2876=CARTESIAN_POINT('Ctrl Pts',(0.00880808965948752,0.0897191539171738,
0.122529411764706));
#2877=CARTESIAN_POINT('Ctrl Pts',(0.00289623192288566,0.0867753995279268,
0.123117647058823));
#2878=CARTESIAN_POINT('Ctrl Pts',(-0.00370485671388134,0.0869787754496465,
0.123705882352941));
#2879=CARTESIAN_POINT('Ctrl Pts',(-0.00942428332482987,0.0902808896276365,
0.124294117647059));
#2880=CARTESIAN_POINT('Ctrl Pts',(-0.0129009529146631,0.0958959057714733,
0.124882352941176));
#2881=CARTESIAN_POINT('Ctrl Pts',(-0.013307526074157,0.102487615847658,
0.125470588235294));
#2882=CARTESIAN_POINT('Ctrl Pts',(-0.0105471993574423,0.108487292576984,
0.126058823529412));
#2883=CARTESIAN_POINT('Ctrl Pts',(-0.00527696696089416,0.112467288329932,
0.126647058823529));
#2884=CARTESIAN_POINT('Ctrl Pts',(0.00124920202192173,0.113480188254679,
0.127235294117647));
#2885=CARTESIAN_POINT('Ctrl Pts',(0.00747776463299153,0.111285525177713,
0.127823529411765));
#2886=CARTESIAN_POINT('Ctrl Pts',(0.0119273930707485,0.106404353241838,
0.128411764705882));
#2887=CARTESIAN_POINT('Ctrl Pts',(0.013,0.102135461673028,0.128803921568627));
#2888=CARTESIAN_POINT('Ctrl Pts',(0.013,0.1,0.129));
#2889=CARTESIAN_POINT('',(0.011,0.1,0.129));
#2890=CARTESIAN_POINT('Origin',(0.012,0.1,0.129));
#2891=CARTESIAN_POINT('Origin',(0.012,0.1,0.129));
#2892=CARTESIAN_POINT('Origin',(0.012,0.1,0.069));
#2893=CARTESIAN_POINT('Origin',(0.012,0.1002,0.069));
#2894=CARTESIAN_POINT('',(0.013,0.1002,0.069));
#2895=CARTESIAN_POINT('Origin',(0.012,0.1002,0.069));
#2896=CARTESIAN_POINT('Origin',(0.012,0.1,0.069));
#2897=CARTESIAN_POINT('',(0.013,0.1,0.069));
#2898=CARTESIAN_POINT('Origin',(0.012,0.0998,0.129));
#2899=CARTESIAN_POINT('',(0.011,0.0998,0.129));
#2900=CARTESIAN_POINT('Origin',(0.012,0.0998,0.129));
#2901=CARTESIAN_POINT('Origin',(0.012,0.1,0.129));
#2902=CARTESIAN_POINT('',(0.011,0.1,0.129));
#2903=CARTESIAN_POINT('Origin',(0.012072655665834,0.1,0.128999966890821));
#2904=CARTESIAN_POINT('',(0.0128,0.1,0.129));
#2905=CARTESIAN_POINT('Ctrl Pts',(0.012795550824989,0.1,0.129084164583684));
#2906=CARTESIAN_POINT('Ctrl Pts',(0.0128065109241414,0.1,0.128980788288794));
#2907=CARTESIAN_POINT('Ctrl Pts',(0.0127971733194273,0.1,0.128876264310519));
#2908=CARTESIAN_POINT('Ctrl Pts',(0.01273894284265,0.1,0.128676616070674));
#2909=CARTESIAN_POINT('Ctrl Pts',(0.0126905890863854,0.1,0.128583415669068));
#2910=CARTESIAN_POINT('Ctrl Pts',(0.0125608192311434,0.1,0.12842069999684));
#2911=CARTESIAN_POINT('Ctrl Pts',(0.0124806172315645,0.1,0.128352770072348));
#2912=CARTESIAN_POINT('Ctrl Pts',(0.0122986001232159,0.1,0.128251402654115));
#2913=CARTESIAN_POINT('Ctrl Pts',(0.0121985042623683,0.1,0.128218970569259));
#2914=CARTESIAN_POINT('Ctrl Pts',(0.011991461560699,0.1,0.128194272485396));
#2915=CARTESIAN_POINT('Ctrl Pts',(0.0118864808100109,0.1,0.12820226457772));
#2916=CARTESIAN_POINT('Ctrl Pts',(0.0116855391175217,0.1,0.128258018328594));
#2917=CARTESIAN_POINT('Ctrl Pts',(0.011591480356604,0.1,0.128305237206557));
#2918=CARTESIAN_POINT('Ctrl Pts',(0.0114268871781384,0.1,0.128432991068645));
#2919=CARTESIAN_POINT('Ctrl Pts',(0.01135788705698,0.1,0.128512267855732));
#2920=CARTESIAN_POINT('Ctrl Pts',(0.0112542707037637,0.1,0.128692683961021));
#2921=CARTESIAN_POINT('Ctrl Pts',(0.0112205954941663,0.1,0.12879206031109));
#2922=CARTESIAN_POINT('Ctrl Pts',(0.0111932665477925,0.1,0.128998085283341));
#2923=CARTESIAN_POINT('Ctrl Pts',(0.0111998534464015,0.1,0.129102739758604));
#2924=CARTESIAN_POINT('Ctrl Pts',(0.0112527967359638,0.1,0.129303747760322));
#2925=CARTESIAN_POINT('Ctrl Pts',(0.0112986776409842,0.1,0.129398152539857));
#2926=CARTESIAN_POINT('Ctrl Pts',(0.0114241314310751,0.1,0.129564233661834));
#2927=CARTESIAN_POINT('Ctrl Pts',(0.0115025583507264,0.1,0.129634279097928));
#2928=CARTESIAN_POINT('Ctrl Pts',(0.0116819365784097,0.1,0.129740456010944));
#2929=CARTESIAN_POINT('Ctrl Pts',(0.0117812082745814,0.1,0.129775535962985));
#2930=CARTESIAN_POINT('Ctrl Pts',(0.0119876000296151,0.1,0.129805676555336));
#2931=CARTESIAN_POINT('Ctrl Pts',(0.0120927611834759,0.1,0.129800449323719));
#2932=CARTESIAN_POINT('Ctrl Pts',(0.0122950527498568,0.1,0.129749991479777));
#2933=CARTESIAN_POINT('Ctrl Pts',(0.012390264873179,0.1,0.129705277512647));
#2934=CARTESIAN_POINT('Ctrl Pts',(0.0125580731536322,0.1,0.129581927223253));
#2935=CARTESIAN_POINT('Ctrl Pts',(0.0126290918556275,0.1,0.129504510301396));
#2936=CARTESIAN_POINT('Ctrl Pts',(0.0127139179794737,0.1,0.129365381123719));
#2937=CARTESIAN_POINT('Ctrl Pts',(0.0127389166028262,0.1,0.129311873709646));
#2938=CARTESIAN_POINT('Ctrl Pts',(0.0127766860764674,0.1,0.129200358291751));
#2939=CARTESIAN_POINT('Ctrl Pts',(0.0127893453967228,0.1,0.129142694545271));
#2940=CARTESIAN_POINT('Ctrl Pts',(0.012795550824989,0.1,0.129084164583684));
#2941=CARTESIAN_POINT('Origin',(0.0120726533815699,0.1,0.069000029108072));
#2942=CARTESIAN_POINT('',(0.0128,0.1,0.069));
#2943=CARTESIAN_POINT('Ctrl Pts',(0.0128,0.1,0.069));
#2944=CARTESIAN_POINT('Ctrl Pts',(0.0128,0.1,0.0691039642971395));
#2945=CARTESIAN_POINT('Ctrl Pts',(0.0127796906071598,0.1,0.0692069295645441));
#2946=CARTESIAN_POINT('Ctrl Pts',(0.0127007217366579,0.1,0.0693993564555915));
#2947=CARTESIAN_POINT('Ctrl Pts',(0.0126427955807603,0.1,0.0694869595500495));
#2948=CARTESIAN_POINT('Ctrl Pts',(0.0124965532383091,0.1,0.0696351255530853));
#2949=CARTESIAN_POINT('Ctrl Pts',(0.0124096090340829,0.1,0.0696942389116229));
#2950=CARTESIAN_POINT('Ctrl Pts',(0.0122178682867878,0.1,0.0697758725374791));
#2951=CARTESIAN_POINT('Ctrl Pts',(0.0121148865907601,0.1,0.0697975776667348));
#2952=CARTESIAN_POINT('Ctrl Pts',(0.0119063692437003,0.1,0.0698003111647397));
#2953=CARTESIAN_POINT('Ctrl Pts',(0.0118028143609,0.1,0.0697812989767786));
#2954=CARTESIAN_POINT('Ctrl Pts',(0.011608896878098,0.1,0.0697046826183233));
#2955=CARTESIAN_POINT('Ctrl Pts',(0.0115203648599561,0.1,0.0696478296947068));
#2956=CARTESIAN_POINT('Ctrl Pts',(0.0113702134189336,0.1,0.0695034875674232));
#2957=CARTESIAN_POINT('Ctrl Pts',(0.0113099848096112,0.1,0.0694174183338586));
#2958=CARTESIAN_POINT('Ctrl Pts',(0.0112260005583773,0.1,0.0692271541228656));
#2959=CARTESIAN_POINT('Ctrl Pts',(0.0112030018072541,0.1,0.069124812695303));
#2960=CARTESIAN_POINT('Ctrl Pts',(0.011197548174168,0.1,0.068917074666875));
#2961=CARTESIAN_POINT('Ctrl Pts',(0.0112151385541187,0.1,0.0688136869299437));
#2962=CARTESIAN_POINT('Ctrl Pts',(0.0112889987392412,0.1,0.0686193273180819));
#2963=CARTESIAN_POINT('Ctrl Pts',(0.0113446038169066,0.1,0.0685302450906725));
#2964=CARTESIAN_POINT('Ctrl Pts',(0.0114869299622737,0.1,0.0683782493453543));
#2965=CARTESIAN_POINT('Ctrl Pts',(0.0115723417798702,0.1,0.0683168337719229));
#2966=CARTESIAN_POINT('Ctrl Pts',(0.0117619688189549,0.1,0.0682301370586234));
#2967=CARTESIAN_POINT('Ctrl Pts',(0.0118643992471027,0.1,0.0682057132359205));
#2968=CARTESIAN_POINT('Ctrl Pts',(0.0120728139990796,0.1,0.0681975033436317));
#2969=CARTESIAN_POINT('Ctrl Pts',(0.0121768181451009,0.1,0.0682137843803784));
#2970=CARTESIAN_POINT('Ctrl Pts',(0.0123726118205021,0.1,0.0682852721257699));
#2971=CARTESIAN_POINT('Ctrl Pts',(0.0124625482455476,0.1,0.0683397564949976));
#2972=CARTESIAN_POINT('Ctrl Pts',(0.0126163683384544,0.1,0.0684800676802572));
#2973=CARTESIAN_POINT('Ctrl Pts',(0.0126788098490612,0.1,0.0685645158992251));
#2974=CARTESIAN_POINT('Ctrl Pts',(0.012748477857575,0.1,0.0687117757512425));
#2975=CARTESIAN_POINT('Ctrl Pts',(0.012767692320781,0.1,0.0687676106047974));
#2976=CARTESIAN_POINT('Ctrl Pts',(0.0127934914161201,0.1,0.0688824725327952));
#2977=CARTESIAN_POINT('Ctrl Pts',(0.0128,0.1,0.0689411457990613));
#2978=CARTESIAN_POINT('Ctrl Pts',(0.0128,0.1,0.069));
#2979=CARTESIAN_POINT('Origin',(0.,0.1,0.062));
#2980=CARTESIAN_POINT('',(-0.03,0.1,0.142));
#2981=CARTESIAN_POINT('Origin',(0.,0.1,0.142));
#2982=CARTESIAN_POINT('',(-0.03,0.1,0.0621369455316239));
#2983=CARTESIAN_POINT('',(-0.03,0.1,0.062));
#2984=CARTESIAN_POINT('',(0.03,0.1,0.0621369455316239));
#2985=CARTESIAN_POINT('Ctrl Pts',(0.03,0.1,0.0621369455316239));
#2986=CARTESIAN_POINT('Ctrl Pts',(0.03,0.0980870814371158,0.0621369455316239));
#2987=CARTESIAN_POINT('Ctrl Pts',(0.0298141202723428,0.0961186496011137,
0.062227810699232));
#2988=CARTESIAN_POINT('Ctrl Pts',(0.0290419760100753,0.0922211647059087,
0.0625918990039824));
#2989=CARTESIAN_POINT('Ctrl Pts',(0.0284559844633481,0.090292011625786,
0.0628646301570714));
#2990=CARTESIAN_POINT('Ctrl Pts',(0.0269181265127676,0.0866058708607466,
0.0635383280108826));
#2991=CARTESIAN_POINT('Ctrl Pts',(0.02596504043701,0.0848454656455104,0.0639390216309425));
#2992=CARTESIAN_POINT('Ctrl Pts',(0.0237720358039759,0.081595284556582,
0.0647863575566845));
#2993=CARTESIAN_POINT('Ctrl Pts',(0.0225318668959032,0.0801054600247104,
0.0652321650590564));
#2994=CARTESIAN_POINT('Ctrl Pts',(0.0198964607390197,0.0774700538678268,
0.0660836261397864));
#2995=CARTESIAN_POINT('Ctrl Pts',(0.0184075681199468,0.0762301392294246,
0.0665204418204293));
#2996=CARTESIAN_POINT('Ctrl Pts',(0.0151569387793202,0.0740363320740405,
0.0673355400280076));
#2997=CARTESIAN_POINT('Ctrl Pts',(0.0133951478840194,0.0730822687666054,
0.0677131466826223));
#2998=CARTESIAN_POINT('Ctrl Pts',(0.0097061727520435,0.0715432878062158,
0.0683395232098492));
#2999=CARTESIAN_POINT('Ctrl Pts',(0.0077756081190875,0.0709571454463177,
0.0685883793108805));
#3000=CARTESIAN_POINT('Ctrl Pts',(0.00387762046748432,0.0701853804020581,
0.0689187196458974));
#3001=CARTESIAN_POINT('Ctrl Pts',(0.0019101322078325,0.07,0.069));
#3002=CARTESIAN_POINT('Ctrl Pts',(-0.0019101322078325,0.07,0.069));
#3003=CARTESIAN_POINT('Ctrl Pts',(-0.00387762046748432,0.0701853804020581,
0.0689187196458974));
#3004=CARTESIAN_POINT('Ctrl Pts',(-0.00777560811908751,0.0709571454463177,
0.0685883793108805));
#3005=CARTESIAN_POINT('Ctrl Pts',(-0.0097061727520435,0.0715432878062158,
0.0683395232098492));
#3006=CARTESIAN_POINT('Ctrl Pts',(-0.0133951478840194,0.0730822687666054,
0.0677131466826223));
#3007=CARTESIAN_POINT('Ctrl Pts',(-0.0151569387793202,0.0740363320740405,
0.0673355400280076));
#3008=CARTESIAN_POINT('Ctrl Pts',(-0.0184075681199467,0.0762301392294246,
0.0665204418204293));
#3009=CARTESIAN_POINT('Ctrl Pts',(-0.0198964607390197,0.0774700538678268,
0.0660836261397864));
#3010=CARTESIAN_POINT('Ctrl Pts',(-0.0225318668959032,0.0801054600247104,
0.0652321650590564));
#3011=CARTESIAN_POINT('Ctrl Pts',(-0.0237720358039759,0.081595284556582,
0.0647863575566845));
#3012=CARTESIAN_POINT('Ctrl Pts',(-0.0259650404370099,0.0848454656455104,
0.0639390216309425));
#3013=CARTESIAN_POINT('Ctrl Pts',(-0.0269181265127676,0.0866058708607466,
0.0635383280108826));
#3014=CARTESIAN_POINT('Ctrl Pts',(-0.028455984463348,0.090292011625786,
0.0628646301570715));
#3015=CARTESIAN_POINT('Ctrl Pts',(-0.0290419760100753,0.0922211647059086,
0.0625918990039824));
#3016=CARTESIAN_POINT('Ctrl Pts',(-0.0298141202723428,0.0961186496011137,
0.062227810699232));
#3017=CARTESIAN_POINT('Ctrl Pts',(-0.03,0.0980870814371158,0.0621369455316239));
#3018=CARTESIAN_POINT('Ctrl Pts',(-0.03,0.1,0.0621369455316239));
#3019=CARTESIAN_POINT('Ctrl Pts',(-0.03,0.1,0.0621369455316239));
#3020=CARTESIAN_POINT('Ctrl Pts',(-0.03,0.101912918562884,0.0621369455316239));
#3021=CARTESIAN_POINT('Ctrl Pts',(-0.0298141202723428,0.103881350398886,
0.062227810699232));
#3022=CARTESIAN_POINT('Ctrl Pts',(-0.0290419760100753,0.107778835294091,
0.0625918990039824));
#3023=CARTESIAN_POINT('Ctrl Pts',(-0.0284559844633481,0.109707988374214,
0.0628646301570715));
#3024=CARTESIAN_POINT('Ctrl Pts',(-0.0269181265127676,0.113394129139253,
0.0635383280108826));
#3025=CARTESIAN_POINT('Ctrl Pts',(-0.02596504043701,0.11515453435449,0.0639390216309425));
#3026=CARTESIAN_POINT('Ctrl Pts',(-0.0237720358039759,0.118404715443418,
0.0647863575566845));
#3027=CARTESIAN_POINT('Ctrl Pts',(-0.0225318668959032,0.11989453997529,
0.0652321650590564));
#3028=CARTESIAN_POINT('Ctrl Pts',(-0.0198964607390197,0.122529946132173,
0.0660836261397864));
#3029=CARTESIAN_POINT('Ctrl Pts',(-0.0184075681199467,0.123769860770575,
0.0665204418204293));
#3030=CARTESIAN_POINT('Ctrl Pts',(-0.0151569387793202,0.12596366792596,
0.0673355400280076));
#3031=CARTESIAN_POINT('Ctrl Pts',(-0.0133951478840194,0.126917731233395,
0.0677131466826223));
#3032=CARTESIAN_POINT('Ctrl Pts',(-0.0097061727520435,0.128456712193784,
0.0683395232098492));
#3033=CARTESIAN_POINT('Ctrl Pts',(-0.00777560811908751,0.129042854553682,
0.0685883793108805));
#3034=CARTESIAN_POINT('Ctrl Pts',(-0.00387762046748433,0.129814619597942,
0.0689187196458974));
#3035=CARTESIAN_POINT('Ctrl Pts',(-0.00191013220783251,0.13,0.069));
#3036=CARTESIAN_POINT('Ctrl Pts',(0.0019101322078325,0.13,0.069));
#3037=CARTESIAN_POINT('Ctrl Pts',(0.00387762046748433,0.129814619597942,
0.0689187196458974));
#3038=CARTESIAN_POINT('Ctrl Pts',(0.00777560811908751,0.129042854553682,
0.0685883793108805));
#3039=CARTESIAN_POINT('Ctrl Pts',(0.0097061727520435,0.128456712193784,
0.0683395232098492));
#3040=CARTESIAN_POINT('Ctrl Pts',(0.0133951478840194,0.126917731233395,
0.0677131466826223));
#3041=CARTESIAN_POINT('Ctrl Pts',(0.0151569387793202,0.12596366792596,0.0673355400280076));
#3042=CARTESIAN_POINT('Ctrl Pts',(0.0184075681199467,0.123769860770575,
0.0665204418204293));
#3043=CARTESIAN_POINT('Ctrl Pts',(0.0198964607390197,0.122529946132173,
0.0660836261397864));
#3044=CARTESIAN_POINT('Ctrl Pts',(0.0225318668959032,0.11989453997529,0.0652321650590564));
#3045=CARTESIAN_POINT('Ctrl Pts',(0.0237720358039759,0.118404715443418,
0.0647863575566845));
#3046=CARTESIAN_POINT('Ctrl Pts',(0.02596504043701,0.11515453435449,0.0639390216309425));
#3047=CARTESIAN_POINT('Ctrl Pts',(0.0269181265127676,0.113394129139253,
0.0635383280108826));
#3048=CARTESIAN_POINT('Ctrl Pts',(0.0284559844633481,0.109707988374214,
0.0628646301570715));
#3049=CARTESIAN_POINT('Ctrl Pts',(0.0290419760100753,0.107778835294091,
0.0625918990039824));
#3050=CARTESIAN_POINT('Ctrl Pts',(0.0298141202723428,0.103881350398886,
0.062227810699232));
#3051=CARTESIAN_POINT('Ctrl Pts',(0.03,0.101912918562884,0.0621369455316239));
#3052=CARTESIAN_POINT('Ctrl Pts',(0.03,0.1,0.0621369455316239));
#3053=CARTESIAN_POINT('Origin',(0.,0.1,0.142));
#3054=CARTESIAN_POINT('Origin',(0.,0.,0.));
#3055=CARTESIAN_POINT('',(-0.069,0.2,8.45006291411674E-18));
#3056=CARTESIAN_POINT('Origin',(0.,0.2,0.));
#3057=CARTESIAN_POINT('',(-0.069,0.,8.45006291411674E-18));
#3058=CARTESIAN_POINT('',(-0.069,0.,8.45006291411674E-18));
#3059=CARTESIAN_POINT('Origin',(0.,0.,0.));
#3060=CARTESIAN_POINT('Origin',(0.,0.2,0.));
#3061=CARTESIAN_POINT('Origin',(0.,0.,0.));
#3062=CARTESIAN_POINT('Ctrl Pts',(0.013,0.1,0.069));
#3063=CARTESIAN_POINT('Ctrl Pts',(0.013,0.0978645383269716,0.0691960784313726));
#3064=CARTESIAN_POINT('Ctrl Pts',(0.0119273930707485,0.093595646758162,
0.0695882352941177));
#3065=CARTESIAN_POINT('Ctrl Pts',(0.00747776463299151,0.0887144748222874,
0.0701764705882353));
#3066=CARTESIAN_POINT('Ctrl Pts',(0.00124920202192173,0.0865198117453211,
0.070764705882353));
#3067=CARTESIAN_POINT('Ctrl Pts',(-0.00527696696089414,0.0875327116700681,
0.0713529411764706));
#3068=CARTESIAN_POINT('Ctrl Pts',(-0.0105471993574422,0.0915127074230161,
0.0719411764705882));
#3069=CARTESIAN_POINT('Ctrl Pts',(-0.013307526074157,0.0975123841523423,
0.0725294117647059));
#3070=CARTESIAN_POINT('Ctrl Pts',(-0.0129009529146631,0.104104094228527,
0.0731176470588235));
#3071=CARTESIAN_POINT('Ctrl Pts',(-0.00942428332482992,0.109719110372363,
0.0737058823529412));
#3072=CARTESIAN_POINT('Ctrl Pts',(-0.00370485671388139,0.113021224550354,
0.0742941176470588));
#3073=CARTESIAN_POINT('Ctrl Pts',(0.00289623192288564,0.113224600472073,
0.0748823529411765));
#3074=CARTESIAN_POINT('Ctrl Pts',(0.00880808965948751,0.110280846082826,
0.0754705882352941));
#3075=CARTESIAN_POINT('Ctrl Pts',(0.0126238360876968,0.104890500081106,
0.0760588235294117));
#3076=CARTESIAN_POINT('Ctrl Pts',(0.013435417776113,0.0983363347957619,
0.0766470588235294));
#3077=CARTESIAN_POINT('Ctrl Pts',(0.011049697528674,0.0921780810354966,
0.077235294117647));
#3078=CARTESIAN_POINT('Ctrl Pts',(0.00603441883887432,0.087881253326964,
0.0778235294117647));
#3079=CARTESIAN_POINT('Ctrl Pts',(-0.000416904403028762,0.0864683917186988,
0.0784117647058823));
#3080=CARTESIAN_POINT('Ctrl Pts',(-0.00676901454612685,0.0882757228879543,
0.079));
#3081=CARTESIAN_POINT('Ctrl Pts',(-0.0115102643226317,0.0928731460605498,
0.0795882352941176));
#3082=CARTESIAN_POINT('Ctrl Pts',(-0.0135123519050992,0.0991665866621276,
0.0801764705882353));
#3083=CARTESIAN_POINT('Ctrl Pts',(-0.01229882928308,0.105658359309908,0.0807647058823529));
#3084=CARTESIAN_POINT('Ctrl Pts',(-0.00815848524163654,0.11080358044239,
0.0813529411764706));
#3085=CARTESIAN_POINT('Ctrl Pts',(-0.00207662068692428,0.113377812912931,
0.0819411764705882));
#3086=CARTESIAN_POINT('Ctrl Pts',(0.00449942894567153,0.1127684521762,0.0825294117647059));
#3087=CARTESIAN_POINT('Ctrl Pts',(0.0100047242237441,0.109120511225721,
0.0831176470588236));
#3088=CARTESIAN_POINT('Ctrl Pts',(0.0131291391375448,0.103302111039819,
0.0837058823529411));
#3089=CARTESIAN_POINT('Ctrl Pts',(0.0131291391375374,0.0966978889601842,
0.0842941176470588));
#3090=CARTESIAN_POINT('Ctrl Pts',(0.0100047242237559,0.0908794887742671,
0.0848823529411765));
#3091=CARTESIAN_POINT('Ctrl Pts',(0.00449942894564842,0.0872315478238274,
0.0854705882352941));
#3092=CARTESIAN_POINT('Ctrl Pts',(-0.00207662068687622,0.0866221870870101,
0.0860588235294117));
#3093=CARTESIAN_POINT('Ctrl Pts',(-0.00815848524173767,0.0891964195577353,
0.0866470588235294));
#3094=CARTESIAN_POINT('Ctrl Pts',(-0.0122988292828662,0.0943416406898253,
0.087235294117647));
#3095=CARTESIAN_POINT('Ctrl Pts',(-0.0135123519055511,0.100833413338436,
0.0878235294117647));
#3096=CARTESIAN_POINT('Ctrl Pts',(-0.0115102643216761,0.107126853938259,
0.0884117647058824));
#3097=CARTESIAN_POINT('Ctrl Pts',(-0.00676901454814754,0.111724277114564,
0.089));
#3098=CARTESIAN_POINT('Ctrl Pts',(-0.000416904398755553,0.113531608275975,
0.0895882352941177));
#3099=CARTESIAN_POINT('Ctrl Pts',(0.00603441882983748,0.1121187466843,0.0901764705882353));
#3100=CARTESIAN_POINT('Ctrl Pts',(0.0110496975477847,0.107821918940683,
0.090764705882353));
#3101=CARTESIAN_POINT('Ctrl Pts',(0.0134354177356986,0.101663665254613,
0.0913529411764706));
#3102=CARTESIAN_POINT('Ctrl Pts',(0.0126238361731633,0.0951094998123642,
0.0919411764705882));
#3103=CARTESIAN_POINT('Ctrl Pts',(0.00880808947874705,0.0897191541424591,
0.0925294117647059));
#3104=CARTESIAN_POINT('Ctrl Pts',(0.00289623230510969,0.0867753990515037,
0.0931176470588235));
#3105=CARTESIAN_POINT('Ctrl Pts',(-0.00370485752217493,0.0869787764571636,
0.0937058823529412));
#3106=CARTESIAN_POINT('Ctrl Pts',(-0.00942428161536477,0.0902808874969764,
0.0942941176470588));
#3107=CARTESIAN_POINT('Ctrl Pts',(-0.0129009565288644,0.095895910277238,
0.0948823529411765));
#3108=CARTESIAN_POINT('Ctrl Pts',(-0.013307518424396,0.102487606318631,
0.0954705882352941));
#3109=CARTESIAN_POINT('Ctrl Pts',(-0.0105472154862868,0.108487312725354,
0.0960588235294117));
#3110=CARTESIAN_POINT('Ctrl Pts',(-0.00527693249396109,0.112467245696877,
0.0966470588235294));
#3111=CARTESIAN_POINT('Ctrl Pts',(0.00124913173508159,0.113480278250858,
0.097235294117647));
#3112=CARTESIAN_POINT('Ctrl Pts',(0.00747793307571356,0.111285333345864,
0.0978235294117648));
#3113=CARTESIAN_POINT('Ctrl Pts',(0.0119271687204317,0.106404754337716,
0.0984117647058823));
#3114=CARTESIAN_POINT('Ctrl Pts',(0.013538029096295,0.1,0.099));
#3115=CARTESIAN_POINT('Ctrl Pts',(0.0119271687204317,0.0935952456622844,
0.0995882352941177));
#3116=CARTESIAN_POINT('Ctrl Pts',(0.00747793307571359,0.0887146666541356,
0.100176470588235));
#3117=CARTESIAN_POINT('Ctrl Pts',(0.00124913173508162,0.0865197217491423,
0.100764705882353));
#3118=CARTESIAN_POINT('Ctrl Pts',(-0.00527693249396106,0.0875327543031226,
0.101352941176471));
#3119=CARTESIAN_POINT('Ctrl Pts',(-0.0105472154862868,0.0915126872746456,
0.101941176470588));
#3120=CARTESIAN_POINT('Ctrl Pts',(-0.013307518424396,0.0975123936813691,
0.102529411764706));
#3121=CARTESIAN_POINT('Ctrl Pts',(-0.0129009565288645,0.104104089722762,
0.103117647058824));
#3122=CARTESIAN_POINT('Ctrl Pts',(-0.00942428161536481,0.109719112503024,
0.103705882352941));
#3123=CARTESIAN_POINT('Ctrl Pts',(-0.00370485752217499,0.113021223542836,
0.104294117647059));
#3124=CARTESIAN_POINT('Ctrl Pts',(0.00289623230510965,0.113224600948496,
0.104882352941176));
#3125=CARTESIAN_POINT('Ctrl Pts',(0.00880808947874703,0.110280845857541,
0.105470588235294));
#3126=CARTESIAN_POINT('Ctrl Pts',(0.0126238361731633,0.104890500187636,
0.106058823529412));
#3127=CARTESIAN_POINT('Ctrl Pts',(0.0134354177356986,0.0983363347453872,
0.106647058823529));
#3128=CARTESIAN_POINT('Ctrl Pts',(0.0110496975477847,0.0921780810593172,
0.107235294117647));
#3129=CARTESIAN_POINT('Ctrl Pts',(0.0060344188298375,0.0878812533156999,
0.107823529411765));
#3130=CARTESIAN_POINT('Ctrl Pts',(-0.000416904398755508,0.0864683917240252,
0.108411764705882));
#3131=CARTESIAN_POINT('Ctrl Pts',(-0.00676901454814752,0.0882757228854356,
0.109));
#3132=CARTESIAN_POINT('Ctrl Pts',(-0.0115102643216761,0.0928731460617408,
0.109588235294118));
#3133=CARTESIAN_POINT('Ctrl Pts',(-0.0135123519055511,0.0991665866615644,
0.110176470588235));
#3134=CARTESIAN_POINT('Ctrl Pts',(-0.0122988292828663,0.105658359310175,
0.110764705882353));
#3135=CARTESIAN_POINT('Ctrl Pts',(-0.0081584852417377,0.110803580442265,
0.111352941176471));
#3136=CARTESIAN_POINT('Ctrl Pts',(-0.00207662068687629,0.11337781291299,
0.111941176470588));
#3137=CARTESIAN_POINT('Ctrl Pts',(0.00449942894564834,0.112768452176173,
0.112529411764706));
#3138=CARTESIAN_POINT('Ctrl Pts',(0.0100047242237559,0.109120511225733,
0.113117647058823));
#3139=CARTESIAN_POINT('Ctrl Pts',(0.0131291391375374,0.103302111039816,
0.113705882352941));
#3140=CARTESIAN_POINT('Ctrl Pts',(0.0131291391375448,0.0966978889601809,
0.114294117647059));
#3141=CARTESIAN_POINT('Ctrl Pts',(0.0100047242237441,0.090879488774279,
0.114882352941177));
#3142=CARTESIAN_POINT('Ctrl Pts',(0.00449942894567153,0.0872315478238,0.115470588235294));
#3143=CARTESIAN_POINT('Ctrl Pts',(-0.00207662068692427,0.0866221870870693,
0.116058823529412));
#3144=CARTESIAN_POINT('Ctrl Pts',(-0.00815848524163652,0.0891964195576095,
0.116647058823529));
#3145=CARTESIAN_POINT('Ctrl Pts',(-0.0122988292830799,0.0943416406900915,
0.117235294117647));
#3146=CARTESIAN_POINT('Ctrl Pts',(-0.0135123519050992,0.100833413337872,
0.117823529411765));
#3147=CARTESIAN_POINT('Ctrl Pts',(-0.0115102643226317,0.10712685393945,
0.118411764705882));
#3148=CARTESIAN_POINT('Ctrl Pts',(-0.0067690145461269,0.111724277112046,
0.119));
#3149=CARTESIAN_POINT('Ctrl Pts',(-0.000416904403028811,0.113531608281301,
0.119588235294118));
#3150=CARTESIAN_POINT('Ctrl Pts',(0.00603441883887429,0.112118746673036,
0.120176470588235));
#3151=CARTESIAN_POINT('Ctrl Pts',(0.011049697528674,0.107821918964503,0.120764705882353));
#3152=CARTESIAN_POINT('Ctrl Pts',(0.013435417776113,0.101663665204238,0.121352941176471));
#3153=CARTESIAN_POINT('Ctrl Pts',(0.0126238360876968,0.0951094999188944,
0.121941176470588));
#3154=CARTESIAN_POINT('Ctrl Pts',(0.00880808965948752,0.0897191539171738,
0.122529411764706));
#3155=CARTESIAN_POINT('Ctrl Pts',(0.00289623192288566,0.0867753995279268,
0.123117647058823));
#3156=CARTESIAN_POINT('Ctrl Pts',(-0.00370485671388134,0.0869787754496465,
0.123705882352941));
#3157=CARTESIAN_POINT('Ctrl Pts',(-0.00942428332482987,0.0902808896276365,
0.124294117647059));
#3158=CARTESIAN_POINT('Ctrl Pts',(-0.0129009529146631,0.0958959057714733,
0.124882352941176));
#3159=CARTESIAN_POINT('Ctrl Pts',(-0.013307526074157,0.102487615847658,
0.125470588235294));
#3160=CARTESIAN_POINT('Ctrl Pts',(-0.0105471993574423,0.108487292576984,
0.126058823529412));
#3161=CARTESIAN_POINT('Ctrl Pts',(-0.00527696696089416,0.112467288329932,
0.126647058823529));
#3162=CARTESIAN_POINT('Ctrl Pts',(0.00124920202192173,0.113480188254679,
0.127235294117647));
#3163=CARTESIAN_POINT('Ctrl Pts',(0.00747776463299153,0.111285525177713,
0.127823529411765));
#3164=CARTESIAN_POINT('Ctrl Pts',(0.0119273930707485,0.106404353241838,
0.128411764705882));
#3165=CARTESIAN_POINT('Ctrl Pts',(0.013,0.102135461673028,0.128803921568627));
#3166=CARTESIAN_POINT('Ctrl Pts',(0.013,0.1,0.129));
#3167=CARTESIAN_POINT('Ctrl Pts',(0.013,0.1,0.0687008006996581));
#3168=CARTESIAN_POINT('Ctrl Pts',(0.013,0.0978640913159517,0.0688968791310307));
#3169=CARTESIAN_POINT('Ctrl Pts',(0.0119275705833237,0.093595767198135,
0.0692890359937758));
#3170=CARTESIAN_POINT('Ctrl Pts',(0.00747783062322962,0.088714235136459,
0.0698772712878934));
#3171=CARTESIAN_POINT('Ctrl Pts',(0.0012492274707526,0.086519695133621,
0.0704655065820111));
#3172=CARTESIAN_POINT('Ctrl Pts',(-0.00527703600132252,0.0875325381202086,
0.0710537418761287));
#3173=CARTESIAN_POINT('Ctrl Pts',(-0.0105473248903087,0.0915126150525186,
0.0716419771702464));
#3174=CARTESIAN_POINT('Ctrl Pts',(-0.0133076885639433,0.0975123489955587,
0.072230212464364));
#3175=CARTESIAN_POINT('Ctrl Pts',(-0.0129011088235091,0.104104146355104,
0.0728184477584816));
#3176=CARTESIAN_POINT('Ctrl Pts',(-0.00942439785536526,0.109719227111513,
0.0734066830525993));
#3177=CARTESIAN_POINT('Ctrl Pts',(-0.00370490152096527,0.113021382974999,
0.0739949183467169));
#3178=CARTESIAN_POINT('Ctrl Pts',(0.00289626698692941,0.113224760585656,
0.0745831536408346));
#3179=CARTESIAN_POINT('Ctrl Pts',(0.00880819649394201,0.110280970867611,
0.0751713889349522));
#3180=CARTESIAN_POINT('Ctrl Pts',(0.0126239891533425,0.104890559328108,
0.0757596242290699));
#3181=CARTESIAN_POINT('Ctrl Pts',(0.0134355807015454,0.0983363146483395,
0.0763478595231875));
#3182=CARTESIAN_POINT('Ctrl Pts',(0.011049831515849,0.09217798617348,0.0769360948173052));
#3183=CARTESIAN_POINT('Ctrl Pts',(0.00603449201429525,0.0878811063794679,
0.0775243301114228));
#3184=CARTESIAN_POINT('Ctrl Pts',(-0.000416909459088498,0.0864682276299818,
0.0781125654055405));
#3185=CARTESIAN_POINT('Ctrl Pts',(-0.00676909662772412,0.0882755807192637,
0.0787008006996581));
#3186=CARTESIAN_POINT('Ctrl Pts',(-0.0115104038976364,0.0928730596388286,
0.0792890359937758));
#3187=CARTESIAN_POINT('Ctrl Pts',(-0.0135125157574551,0.0991665765563511,
0.0798772712878934));
#3188=CARTESIAN_POINT('Ctrl Pts',(-0.0122989784202105,0.105658427923722,
0.0804655065820111));
#3189=CARTESIAN_POINT('Ctrl Pts',(-0.00815858417240574,0.110803711447986,
0.0810537418761286));
#3190=CARTESIAN_POINT('Ctrl Pts',(-0.00207664586828622,0.113377975133885,
0.0816419771702464));
#3191=CARTESIAN_POINT('Ctrl Pts',(0.0044994835062973,0.112768607008018,
0.082230212464364));
#3192=CARTESIAN_POINT('Ctrl Pts',(0.0100048455422449,0.109120621822142,
0.0828184477584818));
#3193=CARTESIAN_POINT('Ctrl Pts',(0.0131292983430831,0.103302151081622,
0.0834066830525993));
#3194=CARTESIAN_POINT('Ctrl Pts',(0.0131292983430745,0.0966978489183827,
0.083994918346717));
#3195=CARTESIAN_POINT('Ctrl Pts',(0.0100048455422585,0.0908793781778398,
0.0845831536408346));
#3196=CARTESIAN_POINT('Ctrl Pts',(0.00449948350627081,0.0872313929920236,
0.0851713889349522));
#3197=CARTESIAN_POINT('Ctrl Pts',(-0.00207664586823112,0.0866220248660243,
0.0857596242290699));
#3198=CARTESIAN_POINT('Ctrl Pts',(-0.00815858417252169,0.0891962885522051,
0.0863478595231875));
#3199=CARTESIAN_POINT('Ctrl Pts',(-0.0122989784199655,0.0943415720758723,
0.0869360948173051));
#3200=CARTESIAN_POINT('Ctrl Pts',(-0.0135125157579732,0.100833423444507,
0.0875243301114229));
#3201=CARTESIAN_POINT('Ctrl Pts',(-0.0115104038965408,0.107126940359356,
0.0881125654055405));
#3202=CARTESIAN_POINT('Ctrl Pts',(-0.00676909663004098,0.111724419284574,
0.0887008006996582));
#3203=CARTESIAN_POINT('Ctrl Pts',(-0.000416909454188978,0.113531772361902,
0.0892890359937758));
#3204=CARTESIAN_POINT('Ctrl Pts',(0.00603449200393391,0.112118893637696,
0.0898772712878934));
#3205=CARTESIAN_POINT('Ctrl Pts',(0.0110498315377607,0.107822013790223,
0.0904655065820111));
#3206=CARTESIAN_POINT('Ctrl Pts',(0.0134355806552077,0.10166368542842,0.0910537418761287));
#3207=CARTESIAN_POINT('Ctrl Pts',(0.0126239892513356,0.0951094405095643,
0.0916419771702463));
#3208=CARTESIAN_POINT('Ctrl Pts',(0.00880819628671102,0.0897190294756721,
0.092230212464364));
#3209=CARTESIAN_POINT('Ctrl Pts',(0.00289626742517477,0.0867752386883846,
0.0928184477584816));
#3210=CARTESIAN_POINT('Ctrl Pts',(-0.00370490244772771,0.0869786185602238,
0.0934066830525993));
#3211=CARTESIAN_POINT('Ctrl Pts',(-0.0094243958953495,0.0902807696418365,
0.0939949183467169));
#3212=CARTESIAN_POINT('Ctrl Pts',(-0.0129011129674319,0.095895860510547,
0.0945831536408346));
#3213=CARTESIAN_POINT('Ctrl Pts',(-0.0133076797929824,0.102487636483648,
0.0951713889349522));
#3214=CARTESIAN_POINT('Ctrl Pts',(-0.0105473433831042,0.10848741564354,
0.0957596242290699));
#3215=CARTESIAN_POINT('Ctrl Pts',(-0.00527699648268612,0.112467396876215,
0.0963478595231875));
#3216=CARTESIAN_POINT('Ctrl Pts',(0.00124914688220489,0.113480441714351,
0.0969360948173053));
#3217=CARTESIAN_POINT('Ctrl Pts',(0.00747802375403926,0.111285470193189,
0.0975243301114228));
#3218=CARTESIAN_POINT('Ctrl Pts',(0.0119273133507298,0.106404832002546,
0.0981125654055406));
#3219=CARTESIAN_POINT('Ctrl Pts',(0.0135381932600819,0.0999999999999999,
0.0987008006996581));
#3220=CARTESIAN_POINT('Ctrl Pts',(0.0119273133507298,0.0935951679974547,
0.0992890359937758));
#3221=CARTESIAN_POINT('Ctrl Pts',(0.00747802375403928,0.0887145298068112,
0.0998772712878934));
#3222=CARTESIAN_POINT('Ctrl Pts',(0.00124914688220492,0.0865195582856493,
0.100465506582011));
#3223=CARTESIAN_POINT('Ctrl Pts',(-0.00527699648268609,0.0875326031237854,
0.101053741876129));
#3224=CARTESIAN_POINT('Ctrl Pts',(-0.0105473433831042,0.0915125843564595,
0.101641977170246));
#3225=CARTESIAN_POINT('Ctrl Pts',(-0.0133076797929824,0.0975123635163524,
0.102230212464364));
#3226=CARTESIAN_POINT('Ctrl Pts',(-0.0129011129674319,0.104104139489453,
0.102818447758482));
#3227=CARTESIAN_POINT('Ctrl Pts',(-0.00942439589534954,0.109719230358164,
0.103406683052599));
#3228=CARTESIAN_POINT('Ctrl Pts',(-0.00370490244772776,0.113021381439776,
0.103994918346717));
#3229=CARTESIAN_POINT('Ctrl Pts',(0.00289626742517472,0.113224761311615,
0.104583153640835));
#3230=CARTESIAN_POINT('Ctrl Pts',(0.008808196286711,0.110280970524328,0.105171388934952));
#3231=CARTESIAN_POINT('Ctrl Pts',(0.0126239892513356,0.104890559490436,
0.10575962422907));
#3232=CARTESIAN_POINT('Ctrl Pts',(0.0134355806552077,0.09833631457158,0.106347859523188));
#3233=CARTESIAN_POINT('Ctrl Pts',(0.0110498315377607,0.0921779862097771,
0.106936094817305));
#3234=CARTESIAN_POINT('Ctrl Pts',(0.00603449200393394,0.0878811063623041,
0.107524330111423));
#3235=CARTESIAN_POINT('Ctrl Pts',(-0.000416909454188943,0.086468227638098,
0.10811256540554));
#3236=CARTESIAN_POINT('Ctrl Pts',(-0.00676909663004095,0.0882755807154258,
0.108700800699658));
#3237=CARTESIAN_POINT('Ctrl Pts',(-0.0115104038965408,0.0928730596406434,
0.109289035993776));
#3238=CARTESIAN_POINT('Ctrl Pts',(-0.0135125157579732,0.099166576555493,
0.109877271287893));
#3239=CARTESIAN_POINT('Ctrl Pts',(-0.0122989784199655,0.105658427924128,
0.110465506582011));
#3240=CARTESIAN_POINT('Ctrl Pts',(-0.00815858417252173,0.110803711447795,
0.111053741876129));
#3241=CARTESIAN_POINT('Ctrl Pts',(-0.00207664586823119,0.113377975133976,
0.111641977170246));
#3242=CARTESIAN_POINT('Ctrl Pts',(0.00449948350627073,0.112768607007977,
0.112230212464364));
#3243=CARTESIAN_POINT('Ctrl Pts',(0.0100048455422584,0.10912062182216,0.112818447758482));
#3244=CARTESIAN_POINT('Ctrl Pts',(0.0131292983430745,0.103302151081617,
0.113406683052599));
#3245=CARTESIAN_POINT('Ctrl Pts',(0.0131292983430831,0.0966978489183777,
0.113994918346717));
#3246=CARTESIAN_POINT('Ctrl Pts',(0.0100048455422449,0.090879378177858,
0.114583153640835));
#3247=CARTESIAN_POINT('Ctrl Pts',(0.00449948350629731,0.0872313929919817,
0.115171388934952));
#3248=CARTESIAN_POINT('Ctrl Pts',(-0.00207664586828621,0.0866220248661146,
0.11575962422907));
#3249=CARTESIAN_POINT('Ctrl Pts',(-0.00815858417240573,0.0891962885520135,
0.116347859523188));
#3250=CARTESIAN_POINT('Ctrl Pts',(-0.0122989784202105,0.094341572076278,
0.116936094817305));
#3251=CARTESIAN_POINT('Ctrl Pts',(-0.0135125157574551,0.100833423443649,
0.117524330111423));
#3252=CARTESIAN_POINT('Ctrl Pts',(-0.0115104038976364,0.107126940361171,
0.118112565405541));
#3253=CARTESIAN_POINT('Ctrl Pts',(-0.00676909662772418,0.111724419280736,
0.118700800699658));
#3254=CARTESIAN_POINT('Ctrl Pts',(-0.000416909459088544,0.113531772370018,
0.119289035993776));
#3255=CARTESIAN_POINT('Ctrl Pts',(0.00603449201429521,0.112118893620532,
0.119877271287893));
#3256=CARTESIAN_POINT('Ctrl Pts',(0.011049831515849,0.10782201382652,0.120465506582011));
#3257=CARTESIAN_POINT('Ctrl Pts',(0.0134355807015454,0.101663685351661,
0.121053741876129));
#3258=CARTESIAN_POINT('Ctrl Pts',(0.0126239891533425,0.0951094406718919,
0.121641977170246));
#3259=CARTESIAN_POINT('Ctrl Pts',(0.00880819649394201,0.0897190291323892,
0.122230212464364));
#3260=CARTESIAN_POINT('Ctrl Pts',(0.00289626698692944,0.0867752394143444,
0.122818447758482));
#3261=CARTESIAN_POINT('Ctrl Pts',(-0.00370490152096522,0.0869786170250006,
0.123406683052599));
#3262=CARTESIAN_POINT('Ctrl Pts',(-0.00942439785536521,0.0902807728884873,
0.123994918346717));
#3263=CARTESIAN_POINT('Ctrl Pts',(-0.0129011088235091,0.0958958536448963,
0.124583153640835));
#3264=CARTESIAN_POINT('Ctrl Pts',(-0.0133076885639433,0.102487651004441,
0.125171388934952));
#3265=CARTESIAN_POINT('Ctrl Pts',(-0.0105473248903087,0.108487384947481,
0.12575962422907));
#3266=CARTESIAN_POINT('Ctrl Pts',(-0.00527703600132254,0.112467461879791,
0.126347859523188));
#3267=CARTESIAN_POINT('Ctrl Pts',(0.0012492274707526,0.113480304866379,
0.126936094817305));
#3268=CARTESIAN_POINT('Ctrl Pts',(0.00747783062322963,0.111285764863541,
0.127524330111423));
#3269=CARTESIAN_POINT('Ctrl Pts',(0.0119275705833237,0.106404232801865,
0.128112565405541));
#3270=CARTESIAN_POINT('Ctrl Pts',(0.013,0.102135908684048,0.128504722268286));
#3271=CARTESIAN_POINT('Ctrl Pts',(0.013,0.1,0.128700800699658));
#3272=CARTESIAN_POINT('Ctrl Pts',(0.0127132432559566,0.1,0.0681041488768091));
#3273=CARTESIAN_POINT('Ctrl Pts',(0.0127132432559566,0.0979117010617359,
0.0683002273081816));
#3274=CARTESIAN_POINT('Ctrl Pts',(0.0116642729769837,0.0937368996337681,
0.0686923841709267));
#3275=CARTESIAN_POINT('Ctrl Pts',(0.0073128099201059,0.0889634445632189,
0.0692806194650443));
#3276=CARTESIAN_POINT('Ctrl Pts',(0.00122164354264056,0.0868171757842423,
0.0698688547591621));
#3277=CARTESIAN_POINT('Ctrl Pts',(-0.00516055750999498,0.0878077403708587,
0.0704570900532796));
#3278=CARTESIAN_POINT('Ctrl Pts',(-0.0103145306437876,0.0916999339551983,
0.0710453253473973));
#3279=CARTESIAN_POINT('Ctrl Pts',(-0.01301396467359,0.0975672610906831,
0.0716335606415149));
#3280=CARTESIAN_POINT('Ctrl Pts',(-0.0126163606485308,0.104013558456745,
0.0722217959356326));
#3281=CARTESIAN_POINT('Ctrl Pts',(-0.00921638556426446,0.109504708966646,
0.0728100312297502));
#3282=CARTESIAN_POINT('Ctrl Pts',(-0.00362312836160644,0.112733978979145,
0.0733982665238678));
#3283=CARTESIAN_POINT('Ctrl Pts',(0.00283234165699585,0.112932868571693,
0.0739865018179855));
#3284=CARTESIAN_POINT('Ctrl Pts',(0.00861378503208637,0.110054052743442,
0.0745747371121032));
#3285=CARTESIAN_POINT('Ctrl Pts',(0.0123453568936549,0.104782616674845,
0.0751629724062208));
#3286=CARTESIAN_POINT('Ctrl Pts',(0.0131390352566,0.0983730349003348,0.0757512077003385));
#3287=CARTESIAN_POINT('Ctrl Pts',(0.0108059435022238,0.0923506309408713,
0.0763394429944561));
#3288=CARTESIAN_POINT('Ctrl Pts',(0.00590130081554773,0.0881485903545472,
0.0769276782885738));
#3289=CARTESIAN_POINT('Ctrl Pts',(-0.000407707578620348,0.0867668961803199,
0.0775159135826914));
#3290=CARTESIAN_POINT('Ctrl Pts',(-0.00661969149466033,0.088534357999752,
0.078104148876809));
#3291=CARTESIAN_POINT('Ctrl Pts',(-0.0112563502882184,0.0930303629746469,
0.0786923841709267));
#3292=CARTESIAN_POINT('Ctrl Pts',(-0.0132142722355,0.0991849715867968,0.0792806194650444));
#3293=CARTESIAN_POINT('Ctrl Pts',(-0.0120275196698411,0.105533537081682,
0.0798688547591619));
#3294=CARTESIAN_POINT('Ctrl Pts',(-0.00797851075589332,0.110565255707246,
0.0804570900532796));
#3295=CARTESIAN_POINT('Ctrl Pts',(-0.00203081086694482,0.113082701145482,
0.0810453253473973));
#3296=CARTESIAN_POINT('Ctrl Pts',(0.00440017247995961,0.112486782779722,
0.0816335606415149));
#3297=CARTESIAN_POINT('Ctrl Pts',(0.0097840220904609,0.108919314647072,
0.0822217959356326));
#3298=CARTESIAN_POINT('Ctrl Pts',(0.0128395130618,0.103229267157816,0.0828100312297502));
#3299=CARTESIAN_POINT('Ctrl Pts',(0.0128395130617929,0.0967707328421874,
0.0833982665238679));
#3300=CARTESIAN_POINT('Ctrl Pts',(0.00978402209047224,0.091080685352917,
0.0839865018179855));
#3301=CARTESIAN_POINT('Ctrl Pts',(0.00440017247993746,0.0875132172203032,
0.0845747371121031));
#3302=CARTESIAN_POINT('Ctrl Pts',(-0.00203081086689874,0.0869172988544645,
0.0851629724062208));
#3303=CARTESIAN_POINT('Ctrl Pts',(-0.00797851075599029,0.0894347442928687,
0.0857512077003385));
#3304=CARTESIAN_POINT('Ctrl Pts',(-0.0120275196696362,0.0944664629180757,
0.086339442994456));
#3305=CARTESIAN_POINT('Ctrl Pts',(-0.0132142722359332,0.100815028413715,
0.0869276782885738));
#3306=CARTESIAN_POINT('Ctrl Pts',(-0.0112563502873022,0.10696963702427,
0.0875159135826914));
#3307=CARTESIAN_POINT('Ctrl Pts',(-0.00661969149659786,0.111465642002539,
0.0881041488768091));
#3308=CARTESIAN_POINT('Ctrl Pts',(-0.000407707574523033,0.113233103814835,
0.0886923841709267));
#3309=CARTESIAN_POINT('Ctrl Pts',(0.00590130080688288,0.111851409655699,
0.0892806194650443));
#3310=CARTESIAN_POINT('Ctrl Pts',(0.0108059435205478,0.10764936903746,0.0898688547591619));
#3311=CARTESIAN_POINT('Ctrl Pts',(0.0131390352178492,0.101626965145489,
0.0904570900532796));
#3312=CARTESIAN_POINT('Ctrl Pts',(0.0123453569756033,0.0952173832282481,
0.0910453253473972));
#3313=CARTESIAN_POINT('Ctrl Pts',(0.00861378485878591,0.0899459474614925,
0.091633560641515));
#3314=CARTESIAN_POINT('Ctrl Pts',(0.00283234202348603,0.0870671309949217,
0.0922217959356325));
#3315=CARTESIAN_POINT('Ctrl Pts',(-0.00362312913662738,0.0872660219373583,
0.0928100312297503));
#3316=CARTESIAN_POINT('Ctrl Pts',(-0.00921638392516774,0.0904952890951682,
0.0933982665238678));
#3317=CARTESIAN_POINT('Ctrl Pts',(-0.0126163641139572,0.0959864456420059,
0.0939865018179855));
#3318=CARTESIAN_POINT('Ctrl Pts',(-0.0130139573387239,0.102432730241189,
0.0945747371121032));
#3319=CARTESIAN_POINT('Ctrl Pts',(-0.0103145461087043,0.108300084373784,
0.0951629724062208));
#3320=CARTESIAN_POINT('Ctrl Pts',(-0.00516052446185904,0.11219222085262,
0.0957512077003384));
#3321=CARTESIAN_POINT('Ctrl Pts',(0.0012215761490885,0.113182906119384,
0.0963394429944561));
#3322=CARTESIAN_POINT('Ctrl Pts',(0.00731297142905031,0.111036381241984,
0.0969276782885737));
#3323=CARTESIAN_POINT('Ctrl Pts',(0.0116640578618252,0.106263466790565,
0.0975159135826914));
#3324=CARTESIAN_POINT('Ctrl Pts',(0.0132393829931957,0.1,0.098104148876809));
#3325=CARTESIAN_POINT('Ctrl Pts',(0.0116640578618252,0.0937365332094349,
0.0986923841709268));
#3326=CARTESIAN_POINT('Ctrl Pts',(0.00731297142905034,0.0889636187580162,
0.0992806194650443));
#3327=CARTESIAN_POINT('Ctrl Pts',(0.00122157614908852,0.0868170938806158,
0.099868854759162));
#3328=CARTESIAN_POINT('Ctrl Pts',(-0.00516052446185901,0.0878077791473795,
0.10045709005328));
#3329=CARTESIAN_POINT('Ctrl Pts',(-0.0103145461087043,0.091699915626216,
0.101045325347397));
#3330=CARTESIAN_POINT('Ctrl Pts',(-0.0130139573387239,0.0975672697588114,
0.101633560641515));
#3331=CARTESIAN_POINT('Ctrl Pts',(-0.0126163641139572,0.104013554357994,
0.102221795935633));
#3332=CARTESIAN_POINT('Ctrl Pts',(-0.00921638392516778,0.109504710904832,
0.10281003122975));
#3333=CARTESIAN_POINT('Ctrl Pts',(-0.00362312913662743,0.112733978062642,
0.103398266523868));
#3334=CARTESIAN_POINT('Ctrl Pts',(0.00283234202348599,0.112932869005078,
0.103986501817985));
#3335=CARTESIAN_POINT('Ctrl Pts',(0.00861378485878589,0.110054052538507,
0.104574737112103));
#3336=CARTESIAN_POINT('Ctrl Pts',(0.0123453569756033,0.104782616771752,
0.105162972406221));
#3337=CARTESIAN_POINT('Ctrl Pts',(0.0131390352178492,0.0983730348545107,
0.105751207700338));
#3338=CARTESIAN_POINT('Ctrl Pts',(0.0108059435205478,0.09235063096254,0.106339442994456));
#3339=CARTESIAN_POINT('Ctrl Pts',(0.00590130080688291,0.0881485903443007,
0.106927678288574));
#3340=CARTESIAN_POINT('Ctrl Pts',(-0.000407707574522991,0.0867668961851651,
0.107515913582691));
#3341=CARTESIAN_POINT('Ctrl Pts',(-0.00661969149659784,0.0885343579974609,
0.108104148876809));
#3342=CARTESIAN_POINT('Ctrl Pts',(-0.0112563502873022,0.0930303629757302,
0.108692384170927));
#3343=CARTESIAN_POINT('Ctrl Pts',(-0.0132142722359332,0.0991849715862847,
0.109280619465044));
#3344=CARTESIAN_POINT('Ctrl Pts',(-0.0120275196696362,0.105533537081924,
0.109868854759162));
#3345=CARTESIAN_POINT('Ctrl Pts',(-0.00797851075599032,0.110565255707131,
0.110457090053279));
#3346=CARTESIAN_POINT('Ctrl Pts',(-0.00203081086689881,0.113082701145535,
0.111045325347397));
#3347=CARTESIAN_POINT('Ctrl Pts',(0.00440017247993739,0.112486782779697,
0.111633560641515));
#3348=CARTESIAN_POINT('Ctrl Pts',(0.00978402209047219,0.108919314647083,
0.112221795935633));
#3349=CARTESIAN_POINT('Ctrl Pts',(0.0128395130617929,0.103229267157813,
0.11281003122975));
#3350=CARTESIAN_POINT('Ctrl Pts',(0.0128395130618,0.0967707328421843,0.113398266523868));
#3351=CARTESIAN_POINT('Ctrl Pts',(0.00978402209046092,0.0910806853529279,
0.113986501817986));
#3352=CARTESIAN_POINT('Ctrl Pts',(0.00440017247995963,0.0875132172202782,
0.114574737112103));
#3353=CARTESIAN_POINT('Ctrl Pts',(-0.00203081086694483,0.0869172988545184,
0.115162972406221));
#3354=CARTESIAN_POINT('Ctrl Pts',(-0.0079785107558933,0.0894347442927542,
0.115751207700338));
#3355=CARTESIAN_POINT('Ctrl Pts',(-0.0120275196698411,0.0944664629183179,
0.116339442994456));
#3356=CARTESIAN_POINT('Ctrl Pts',(-0.0132142722355,0.100815028413203,0.116927678288574));
#3357=CARTESIAN_POINT('Ctrl Pts',(-0.0112563502882184,0.106969637025353,
0.117515913582691));
#3358=CARTESIAN_POINT('Ctrl Pts',(-0.00661969149466039,0.111465642000248,
0.118104148876809));
#3359=CARTESIAN_POINT('Ctrl Pts',(-0.000407707578620391,0.11323310381968,
0.118692384170927));
#3360=CARTESIAN_POINT('Ctrl Pts',(0.0059013008155477,0.111851409645453,
0.119280619465044));
#3361=CARTESIAN_POINT('Ctrl Pts',(0.0108059435022238,0.107649369059129,
0.119868854759162));
#3362=CARTESIAN_POINT('Ctrl Pts',(0.0131390352566,0.101626965099665,0.12045709005328));
#3363=CARTESIAN_POINT('Ctrl Pts',(0.0123453568936549,0.0952173833251549,
0.121045325347397));
#3364=CARTESIAN_POINT('Ctrl Pts',(0.00861378503208638,0.0899459472565584,
0.121633560641515));
#3365=CARTESIAN_POINT('Ctrl Pts',(0.00283234165699587,0.0870671314283073,
0.122221795935632));
#3366=CARTESIAN_POINT('Ctrl Pts',(-0.00362312836160639,0.0872660210208546,
0.12281003122975));
#3367=CARTESIAN_POINT('Ctrl Pts',(-0.00921638556426441,0.0904952910333539,
0.123398266523868));
#3368=CARTESIAN_POINT('Ctrl Pts',(-0.0126163606485308,0.0959864415432549,
0.123986501817986));
#3369=CARTESIAN_POINT('Ctrl Pts',(-0.01301396467359,0.102432738909317,0.124574737112103));
#3370=CARTESIAN_POINT('Ctrl Pts',(-0.0103145306437876,0.108300066044802,
0.125162972406221));
#3371=CARTESIAN_POINT('Ctrl Pts',(-0.00516055750999499,0.112192259629141,
0.125751207700339));
#3372=CARTESIAN_POINT('Ctrl Pts',(0.00122164354264056,0.113182824215758,
0.126339442994456));
#3373=CARTESIAN_POINT('Ctrl Pts',(0.00731280992010591,0.111036555436781,
0.126927678288574));
#3374=CARTESIAN_POINT('Ctrl Pts',(0.0116642729769837,0.106263100366232,
0.127515913582691));
#3375=CARTESIAN_POINT('Ctrl Pts',(0.0127132432559566,0.102088298938264,
0.127908070445436));
#3376=CARTESIAN_POINT('Ctrl Pts',(0.0127132432559566,0.1,0.128104148876809));
#3377=CARTESIAN_POINT('Ctrl Pts',(0.0117456545457545,0.1,0.0678853839789739));
#3378=CARTESIAN_POINT('Ctrl Pts',(0.0117456545457545,0.0980705797593648,
0.0680814624103465));
#3379=CARTESIAN_POINT('Ctrl Pts',(0.0107765435117176,0.0942135921199696,
0.0684736192730916));
#3380=CARTESIAN_POINT('Ctrl Pts',(0.00675625001501845,0.089803391032496,
0.0690618545672092));
#3381=CARTESIAN_POINT('Ctrl Pts',(0.00112866917537468,0.0878204882926256,
0.0696500898613269));
#3382=CARTESIAN_POINT('Ctrl Pts',(-0.00476780319060212,0.0887356547496473,
0.0702383251554445));
#3383=CARTESIAN_POINT('Ctrl Pts',(-0.0095295214753782,0.0923316291773911,
0.0708265604495622));
#3384=CARTESIAN_POINT('Ctrl Pts',(-0.0120235099116583,0.0977524090970078,
0.0714147957436798));
#3385=CARTESIAN_POINT('Ctrl Pts',(-0.0116561661516271,0.103708098535657,
0.0720030310377975));
#3386=CARTESIAN_POINT('Ctrl Pts',(-0.00851495336175005,0.108781333129993,
0.0725912663319151));
#3387=CARTESIAN_POINT('Ctrl Pts',(-0.00334738260930877,0.111764833033727,
0.0731795016260327));
#3388=CARTESIAN_POINT('Ctrl Pts',(0.00261678038355826,0.111948585616531,
0.0737677369201504));
#3389=CARTESIAN_POINT('Ctrl Pts',(0.0079582149696348,0.109288868116562,
0.074355972214268));
#3390=CARTESIAN_POINT('Ctrl Pts',(0.0114057877707803,0.104418625655708,
0.0749442075083857));
#3391=CARTESIAN_POINT('Ctrl Pts',(0.0121390615898687,0.0984968584742628,
0.0755324428025033));
#3392=CARTESIAN_POINT('Ctrl Pts',(0.00998353464581242,0.0929328021171546,
0.076120678096621));
#3393=CARTESIAN_POINT('Ctrl Pts',(0.00545217001544868,0.0890505665915517,
0.0767089133907387));
#3394=CARTESIAN_POINT('Ctrl Pts',(-0.000376678143534985,0.0877740291315514,
0.0772971486848563));
#3395=CARTESIAN_POINT('Ctrl Pts',(-0.00611588607417371,0.0894069745853511,
0.0778853839789739));
#3396=CARTESIAN_POINT('Ctrl Pts',(-0.0103996622848406,0.0935608017291132,
0.0784736192730916));
#3397=CARTESIAN_POINT('Ctrl Pts',(-0.012208572500861,0.0992470010232109,
0.0790618545672092));
#3398=CARTESIAN_POINT('Ctrl Pts',(-0.0111121402130998,0.105112395706987,
0.0796500898613269));
#3399=CARTESIAN_POINT('Ctrl Pts',(-0.00737128956300645,0.109761164897582,
0.0802383251554444));
#3400=CARTESIAN_POINT('Ctrl Pts',(-0.00187625177253844,0.112087014902923,
0.0808265604495622));
#3401=CARTESIAN_POINT('Ctrl Pts',(0.0040652881808812,0.111536450146632,
0.0814147957436797));
#3402=CARTESIAN_POINT('Ctrl Pts',(0.00903938869373392,0.108240491612871,
0.0820030310377975));
#3403=CARTESIAN_POINT('Ctrl Pts',(0.0118623351552981,0.102983497049119,
0.0825912663319151));
#3404=CARTESIAN_POINT('Ctrl Pts',(0.0118623351552914,0.0970165029508836,
0.0831795016260328));
#3405=CARTESIAN_POINT('Ctrl Pts',(0.00903938869374462,0.0917595083871177,
0.0837677369201504));
#3406=CARTESIAN_POINT('Ctrl Pts',(0.00406528818086029,0.0884635498533929,
0.084355972214268));
#3407=CARTESIAN_POINT('Ctrl Pts',(-0.00187625177249494,0.0879129850970231,
0.0849442075083857));
#3408=CARTESIAN_POINT('Ctrl Pts',(-0.007371289563098,0.0902388351025326,
0.0855324428025034));
#3409=CARTESIAN_POINT('Ctrl Pts',(-0.0111121402129063,0.0948876042927711,
0.086120678096621));
#3410=CARTESIAN_POINT('Ctrl Pts',(-0.0122085725012701,0.100752998977301,
0.0867089133907387));
#3411=CARTESIAN_POINT('Ctrl Pts',(-0.0103996622839756,0.106439198269803,
0.0872971486848563));
#3412=CARTESIAN_POINT('Ctrl Pts',(-0.0061158860760029,0.11059302541694,
0.087885383978974));
#3413=CARTESIAN_POINT('Ctrl Pts',(-0.000376678139666756,0.112225970863603,
0.0884736192730916));
#3414=CARTESIAN_POINT('Ctrl Pts',(0.00545217000726828,0.110949433418695,
0.0890618545672092));
#3415=CARTESIAN_POINT('Ctrl Pts',(0.00998353466311191,0.107067197861177,
0.0896500898613269));
#3416=CARTESIAN_POINT('Ctrl Pts',(0.0121390615532845,0.10150314157156,0.0902383251554445));
#3417=CARTESIAN_POINT('Ctrl Pts',(0.0114057878481469,0.0955813742473879,
0.0908265604495621));
#3418=CARTESIAN_POINT('Ctrl Pts',(0.00795821480602357,0.0907111320883667,
0.0914147957436798));
#3419=CARTESIAN_POINT('Ctrl Pts',(0.00261678072955798,0.0880514139500944,
0.0920030310377974));
#3420=CARTESIAN_POINT('Ctrl Pts',(-0.0033473833409983,0.0882351678827537,
0.0925912663319152));
#3421=CARTESIAN_POINT('Ctrl Pts',(-0.00851495181429519,0.0912186649318675,
0.0931795016260327));
#3422=CARTESIAN_POINT('Ctrl Pts',(-0.0116561694233016,0.096291905562978,
0.0937677369201504));
#3423=CARTESIAN_POINT('Ctrl Pts',(-0.0120235029868843,0.102247582234973,
0.094355972214268));
#3424=CARTESIAN_POINT('Ctrl Pts',(-0.00952953607565175,0.107668389150365,
0.0949442075083857));
#3425=CARTESIAN_POINT('Ctrl Pts',(-0.00476777199018666,0.111264306469028,
0.0955324428025033));
#3426=CARTESIAN_POINT('Ctrl Pts',(0.00112860554979448,0.112179593568406,
0.0961206780966211));
#3427=CARTESIAN_POINT('Ctrl Pts',(0.00675640249400173,0.110196434441393,
0.0967089133907385));
#3428=CARTESIAN_POINT('Ctrl Pts',(0.0107763404236424,0.1057867725938,0.0972971486848564));
#3429=CARTESIAN_POINT('Ctrl Pts',(0.0122317721520058,0.1,0.0978853839789738));
#3430=CARTESIAN_POINT('Ctrl Pts',(0.0107763404236424,0.0942132274062,0.0984736192730917));
#3431=CARTESIAN_POINT('Ctrl Pts',(0.00675640249400176,0.0898035655586067,
0.0990618545672092));
#3432=CARTESIAN_POINT('Ctrl Pts',(0.0011286055497945,0.087820406431594,
0.0996500898613269));
#3433=CARTESIAN_POINT('Ctrl Pts',(-0.00476777199018664,0.0887356935309725,
0.100238325155445));
#3434=CARTESIAN_POINT('Ctrl Pts',(-0.00952953607565173,0.092331610849635,
0.100826560449562));
#3435=CARTESIAN_POINT('Ctrl Pts',(-0.0120235029868843,0.0977524177650268,
0.10141479574368));
#3436=CARTESIAN_POINT('Ctrl Pts',(-0.0116561694233016,0.103708094437022,
0.102003031037797));
#3437=CARTESIAN_POINT('Ctrl Pts',(-0.00851495181429522,0.108781335068133,
0.102591266331915));
#3438=CARTESIAN_POINT('Ctrl Pts',(-0.00334738334099835,0.111764832117246,
0.103179501626033));
#3439=CARTESIAN_POINT('Ctrl Pts',(0.00261678072955794,0.111948586049906,
0.10376773692015));
#3440=CARTESIAN_POINT('Ctrl Pts',(0.00795821480602355,0.109288867911633,
0.104355972214268));
#3441=CARTESIAN_POINT('Ctrl Pts',(0.0114057878481469,0.104418625752612,
0.104944207508386));
#3442=CARTESIAN_POINT('Ctrl Pts',(0.0121390615532846,0.0984968584284398,
0.105532442802503));
#3443=CARTESIAN_POINT('Ctrl Pts',(0.00998353466311192,0.0929328021388229,
0.106120678096621));
#3444=CARTESIAN_POINT('Ctrl Pts',(0.00545217000726831,0.0890505665813054,
0.106708913390739));
#3445=CARTESIAN_POINT('Ctrl Pts',(-0.000376678139666723,0.0877740291363965,
0.107297148684856));
#3446=CARTESIAN_POINT('Ctrl Pts',(-0.00611588607600288,0.0894069745830601,
0.107885383978974));
#3447=CARTESIAN_POINT('Ctrl Pts',(-0.0103996622839756,0.0935608017301965,
0.108473619273092));
#3448=CARTESIAN_POINT('Ctrl Pts',(-0.0122085725012701,0.0992470010226987,
0.109061854567209));
#3449=CARTESIAN_POINT('Ctrl Pts',(-0.0111121402129063,0.105112395707229,
0.109650089861327));
#3450=CARTESIAN_POINT('Ctrl Pts',(-0.00737128956309803,0.109761164897467,
0.110238325155445));
#3451=CARTESIAN_POINT('Ctrl Pts',(-0.001876251772495,0.112087014902977,
0.110826560449562));
#3452=CARTESIAN_POINT('Ctrl Pts',(0.00406528818086022,0.111536450146607,
0.11141479574368));
#3453=CARTESIAN_POINT('Ctrl Pts',(0.00903938869374458,0.108240491612882,
0.112003031037797));
#3454=CARTESIAN_POINT('Ctrl Pts',(0.0118623351552914,0.102983497049117,
0.112591266331915));
#3455=CARTESIAN_POINT('Ctrl Pts',(0.0118623351552981,0.0970165029508805,
0.113179501626033));
#3456=CARTESIAN_POINT('Ctrl Pts',(0.00903938869373394,0.0917595083871286,
0.11376773692015));
#3457=CARTESIAN_POINT('Ctrl Pts',(0.00406528818088121,0.0884635498533679,
0.114355972214268));
#3458=CARTESIAN_POINT('Ctrl Pts',(-0.00187625177253843,0.087912985097077,
0.114944207508386));
#3459=CARTESIAN_POINT('Ctrl Pts',(-0.00737128956300645,0.0902388351024182,
0.115532442802503));
#3460=CARTESIAN_POINT('Ctrl Pts',(-0.0111121402130998,0.0948876042930133,
0.116120678096621));
#3461=CARTESIAN_POINT('Ctrl Pts',(-0.012208572500861,0.100752998976789,
0.116708913390739));
#3462=CARTESIAN_POINT('Ctrl Pts',(-0.0103996622848406,0.106439198270887,
0.117297148684856));
#3463=CARTESIAN_POINT('Ctrl Pts',(-0.00611588607417376,0.110593025414649,
0.117885383978974));
#3464=CARTESIAN_POINT('Ctrl Pts',(-0.000376678143535022,0.112225970868449,
0.118473619273092));
#3465=CARTESIAN_POINT('Ctrl Pts',(0.00545217001544865,0.110949433408448,
0.119061854567209));
#3466=CARTESIAN_POINT('Ctrl Pts',(0.00998353464581242,0.107067197882845,
0.119650089861327));
#3467=CARTESIAN_POINT('Ctrl Pts',(0.0121390615898687,0.101503141525737,
0.120238325155444));
#3468=CARTESIAN_POINT('Ctrl Pts',(0.0114057877707803,0.0955813743442923,
0.120826560449562));
#3469=CARTESIAN_POINT('Ctrl Pts',(0.0079582149696348,0.0907111318834377,
0.12141479574368));
#3470=CARTESIAN_POINT('Ctrl Pts',(0.00261678038355829,0.0880514143834693,
0.122003031037797));
#3471=CARTESIAN_POINT('Ctrl Pts',(-0.00334738260930872,0.088235166966273,
0.122591266331915));
#3472=CARTESIAN_POINT('Ctrl Pts',(-0.00851495336175001,0.0912186668700072,
0.123179501626033));
#3473=CARTESIAN_POINT('Ctrl Pts',(-0.0116561661516271,0.0962919014643429,
0.12376773692015));
#3474=CARTESIAN_POINT('Ctrl Pts',(-0.0120235099116583,0.102247590902992,
0.124355972214268));
#3475=CARTESIAN_POINT('Ctrl Pts',(-0.00952952147537821,0.107668370822609,
0.124944207508386));
#3476=CARTESIAN_POINT('Ctrl Pts',(-0.00476780319060214,0.111264345250353,
0.125532442802503));
#3477=CARTESIAN_POINT('Ctrl Pts',(0.00112866917537468,0.112179511707374,
0.126120678096621));
#3478=CARTESIAN_POINT('Ctrl Pts',(0.00675625001501847,0.110196608967504,
0.126708913390739));
#3479=CARTESIAN_POINT('Ctrl Pts',(0.0107765435117175,0.10578640788003,0.127297148684856));
#3480=CARTESIAN_POINT('Ctrl Pts',(0.0117456545457545,0.101929420240635,
0.127689305547601));
#3481=CARTESIAN_POINT('Ctrl Pts',(0.0117456545457545,0.1,0.127885383978974));
#3482=CARTESIAN_POINT('Ctrl Pts',(0.0109669352445137,0.1,0.0685029127326086));
#3483=CARTESIAN_POINT('Ctrl Pts',(0.0109669352445137,0.0981982749616045,
0.0686989911639811));
#3484=CARTESIAN_POINT('Ctrl Pts',(0.0100621631651375,0.0945972822351296,
0.0690911480267262));
#3485=CARTESIAN_POINT('Ctrl Pts',(0.00630835360213819,0.0904792916450241,
0.0696793833208438));
#3486=CARTESIAN_POINT('Ctrl Pts',(0.00105385276523795,0.0886279136381932,
0.0702676186149615));
#3487=CARTESIAN_POINT('Ctrl Pts',(-0.00445173934148689,0.0894823775929386,
0.0708558539090792));
#3488=CARTESIAN_POINT('Ctrl Pts',(-0.00889779095237762,0.0928399847044608,
0.0714440892031968));
#3489=CARTESIAN_POINT('Ctrl Pts',(-0.0112264500841597,0.0979014035100512,
0.0720323244973144));
#3490=CARTESIAN_POINT('Ctrl Pts',(-0.0108834573899161,0.103462283099991,
0.0726205597914321));
#3491=CARTESIAN_POINT('Ctrl Pts',(-0.00795048170918271,0.108199201997019,
0.0732087950855497));
#3492=CARTESIAN_POINT('Ctrl Pts',(-0.00312547845642119,0.110984921072586,
0.0737970303796674));
#3493=CARTESIAN_POINT('Ctrl Pts',(0.00244330921484892,0.111156491974967,
0.074385265673785));
#3494=CARTESIAN_POINT('Ctrl Pts',(0.00743065040826111,0.108673092178442,
0.0749735009679027));
#3495=CARTESIAN_POINT('Ctrl Pts',(0.0106496773056393,0.10412570688007,0.0755617362620204));
#3496=CARTESIAN_POINT('Ctrl Pts',(0.011334341076016,0.0985965044786806,
0.0761499715561379));
#3497=CARTESIAN_POINT('Ctrl Pts',(0.00932170793728832,0.0934012995388983,
0.0767382068502556));
#3498=CARTESIAN_POINT('Ctrl Pts',(0.00509073572894859,0.0897764244909887,
0.0773264421443733));
#3499=CARTESIAN_POINT('Ctrl Pts',(-0.000351707463198182,0.0885845110214367,
0.0779146774384909));
#3500=CARTESIAN_POINT('Ctrl Pts',(-0.00571045283968064,0.0901092055470294,
0.0785029127326086));
#3501=CARTESIAN_POINT('Ctrl Pts',(-0.00971024971817675,0.0939876679179201,
0.0790911480267262));
#3502=CARTESIAN_POINT('Ctrl Pts',(-0.011399243979051,0.0992969186979049,
0.0796793833208439));
#3503=CARTESIAN_POINT('Ctrl Pts',(-0.0103754961859932,0.10477348567792,
0.0802676186149614));
#3504=CARTESIAN_POINT('Ctrl Pts',(-0.00688263334334705,0.109114079486374,
0.0808558539090791));
#3505=CARTESIAN_POINT('Ctrl Pts',(-0.00175187162298365,0.111285744655842,
0.0814440892031968));
#3506=CARTESIAN_POINT('Ctrl Pts',(0.00379579281819419,0.110771677840699,
0.0820323244973144));
#3507=CARTESIAN_POINT('Ctrl Pts',(0.00844015114251642,0.107694214405169,
0.0826205597914321));
#3508=CARTESIAN_POINT('Ctrl Pts',(0.0110759593381926,0.102785715592172,
0.0832087950855497));
#3509=CARTESIAN_POINT('Ctrl Pts',(0.0110759593381857,0.0972142844078317,
0.0837970303796674));
#3510=CARTESIAN_POINT('Ctrl Pts',(0.00844015114252726,0.0923057855948178,
0.084385265673785));
#3511=CARTESIAN_POINT('Ctrl Pts',(0.00379579281817297,0.0892283221593318,
0.0849735009679027));
#3512=CARTESIAN_POINT('Ctrl Pts',(-0.00175187162293953,0.088714255344092,
0.0855617362620203));
#3513=CARTESIAN_POINT('Ctrl Pts',(-0.00688263334343991,0.0908859205137657,
0.086149971556138));
#3514=CARTESIAN_POINT('Ctrl Pts',(-0.010375496185797,0.0952265143217838,
0.0867382068502556));
#3515=CARTESIAN_POINT('Ctrl Pts',(-0.0113992439794659,0.10070308130272,
0.0873264421443733));
#3516=CARTESIAN_POINT('Ctrl Pts',(-0.00971024971729943,0.106012332080758,
0.0879146774384909));
#3517=CARTESIAN_POINT('Ctrl Pts',(-0.00571045284153596,0.109890794455766,
0.0885029127326086));
#3518=CARTESIAN_POINT('Ctrl Pts',(-0.000351707459274703,0.111415488972651,
0.0890911480267262));
#3519=CARTESIAN_POINT('Ctrl Pts',(0.00509073572065137,0.110223575521514,
0.0896793833208439));
#3520=CARTESIAN_POINT('Ctrl Pts',(0.00932170795483489,0.106598700434661,
0.0902676186149615));
#3521=CARTESIAN_POINT('Ctrl Pts',(0.0113343410389093,0.101403495577236,
0.0908558539090791));
#3522=CARTESIAN_POINT('Ctrl Pts',(0.0106496773841109,0.0958742930016807,
0.0914440892031968));
#3523=CARTESIAN_POINT('Ctrl Pts',(0.00743065024231319,0.0913269080716255,
0.0920323244973144));
#3524=CARTESIAN_POINT('Ctrl Pts',(0.00244330956579018,0.0888435074962001,
0.0926205597914321));
#3525=CARTESIAN_POINT('Ctrl Pts',(-0.00312547919856066,0.0890150800457632,
0.0932087950855498));
#3526=CARTESIAN_POINT('Ctrl Pts',(-0.00795048013962722,0.0918007956379282,
0.0937970303796673));
#3527=CARTESIAN_POINT('Ctrl Pts',(-0.0108834607083164,0.0965377219013838,
0.094385265673785));
#3528=CARTESIAN_POINT('Ctrl Pts',(-0.0112264430604867,0.102098585912293,
0.0949735009679027));
#3529=CARTESIAN_POINT('Ctrl Pts',(-0.00889780576117115,0.107160037657589,
0.0955617362620203));
#3530=CARTESIAN_POINT('Ctrl Pts',(-0.00445170769546951,0.11051757506347,
0.096149971556138));
#3531=CARTESIAN_POINT('Ctrl Pts',(0.00105378823096214,0.111372186112877,
0.0967382068502556));
#3532=CARTESIAN_POINT('Ctrl Pts',(0.0063085082588145,0.109520494218794,
0.0973264421443733));
#3533=CARTESIAN_POINT('Ctrl Pts',(0.0100619571765741,0.105403156891893,
0.0979146774384909));
#3534=CARTESIAN_POINT('Ctrl Pts',(0.0114209056830719,0.1,0.0985029127326085));
#3535=CARTESIAN_POINT('Ctrl Pts',(0.0100619571765742,0.0945968431081069,
0.0990911480267262));
#3536=CARTESIAN_POINT('Ctrl Pts',(0.00630850825881451,0.0904795057812059,
0.0996793833208438));
#3537=CARTESIAN_POINT('Ctrl Pts',(0.00105378823096216,0.0886278138871231,
0.100267618614961));
#3538=CARTESIAN_POINT('Ctrl Pts',(-0.00445170769546949,0.0894824249365303,
0.100855853909079));
#3539=CARTESIAN_POINT('Ctrl Pts',(-0.00889780576117112,0.0928399623424109,
0.101444089203197));
#3540=CARTESIAN_POINT('Ctrl Pts',(-0.0112264430604867,0.097901414087707,
0.102032324497314));
#3541=CARTESIAN_POINT('Ctrl Pts',(-0.0108834607083164,0.103462278098616,
0.102620559791432));
#3542=CARTESIAN_POINT('Ctrl Pts',(-0.00795048013962725,0.108199204362072,
0.10320879508555));
#3543=CARTESIAN_POINT('Ctrl Pts',(-0.00312547919856072,0.110984919954237,
0.103797030379667));
#3544=CARTESIAN_POINT('Ctrl Pts',(0.00244330956579016,0.1111564925038,0.104385265673785));
#3545=CARTESIAN_POINT('Ctrl Pts',(0.00743065024231317,0.108673091928374,
0.104973500967903));
#3546=CARTESIAN_POINT('Ctrl Pts',(0.0106496773841109,0.104125706998319,
0.10556173626202));
#3547=CARTESIAN_POINT('Ctrl Pts',(0.0113343410389093,0.0985965044227643,
0.106149971556138));
#3548=CARTESIAN_POINT('Ctrl Pts',(0.0093217079548349,0.0934012995653393,
0.106738206850256));
#3549=CARTESIAN_POINT('Ctrl Pts',(0.00509073572065138,0.0897764244784856,
0.107326442144373));
#3550=CARTESIAN_POINT('Ctrl Pts',(-0.000351707459274666,0.0885845110273491,
0.107914677438491));
#3551=CARTESIAN_POINT('Ctrl Pts',(-0.00571045284153594,0.0901092055442337,
0.108502912732609));
#3552=CARTESIAN_POINT('Ctrl Pts',(-0.00971024971729943,0.0939876679192421,
0.109091148026726));
#3553=CARTESIAN_POINT('Ctrl Pts',(-0.0113992439794659,0.0992969186972799,
0.109679383320844));
#3554=CARTESIAN_POINT('Ctrl Pts',(-0.010375496185797,0.104773485678216,
0.110267618614961));
#3555=CARTESIAN_POINT('Ctrl Pts',(-0.00688263334343993,0.109114079486234,
0.110855853909079));
#3556=CARTESIAN_POINT('Ctrl Pts',(-0.00175187162293959,0.111285744655908,
0.111444089203197));
#3557=CARTESIAN_POINT('Ctrl Pts',(0.00379579281817291,0.110771677840668,
0.112032324497314));
#3558=CARTESIAN_POINT('Ctrl Pts',(0.00844015114252723,0.107694214405182,
0.112620559791432));
#3559=CARTESIAN_POINT('Ctrl Pts',(0.0110759593381857,0.102785715592168,
0.11320879508555));
#3560=CARTESIAN_POINT('Ctrl Pts',(0.0110759593381926,0.0972142844078281,
0.113797030379667));
#3561=CARTESIAN_POINT('Ctrl Pts',(0.00844015114251643,0.092305785594831,
0.114385265673785));
#3562=CARTESIAN_POINT('Ctrl Pts',(0.0037957928181942,0.0892283221593012,
0.114973500967903));
#3563=CARTESIAN_POINT('Ctrl Pts',(-0.00175187162298365,0.0887142553441578,
0.11556173626202));
#3564=CARTESIAN_POINT('Ctrl Pts',(-0.00688263334334703,0.090885920513626,
0.116149971556138));
#3565=CARTESIAN_POINT('Ctrl Pts',(-0.0103754961859932,0.0952265143220794,
0.116738206850256));
#3566=CARTESIAN_POINT('Ctrl Pts',(-0.011399243979051,0.100703081302095,
0.117326442144373));
#3567=CARTESIAN_POINT('Ctrl Pts',(-0.00971024971817678,0.10601233208208,
0.117914677438491));
#3568=CARTESIAN_POINT('Ctrl Pts',(-0.0057104528396807,0.109890794452971,
0.118502912732609));
#3569=CARTESIAN_POINT('Ctrl Pts',(-0.000351707463198217,0.111415488978563,
0.119091148026726));
#3570=CARTESIAN_POINT('Ctrl Pts',(0.00509073572894857,0.110223575509011,
0.119679383320844));
#3571=CARTESIAN_POINT('Ctrl Pts',(0.00932170793728832,0.106598700461102,
0.120267618614962));
#3572=CARTESIAN_POINT('Ctrl Pts',(0.011334341076016,0.101403495521319,0.120855853909079));
#3573=CARTESIAN_POINT('Ctrl Pts',(0.0106496773056393,0.0958742931199299,
0.121444089203197));
#3574=CARTESIAN_POINT('Ctrl Pts',(0.00743065040826111,0.0913269078215576,
0.122032324497314));
#3575=CARTESIAN_POINT('Ctrl Pts',(0.00244330921484895,0.0888435080250328,
0.122620559791432));
#3576=CARTESIAN_POINT('Ctrl Pts',(-0.00312547845642116,0.089015078927414,
0.12320879508555));
#3577=CARTESIAN_POINT('Ctrl Pts',(-0.00795048170918266,0.0918007980029809,
0.123797030379667));
#3578=CARTESIAN_POINT('Ctrl Pts',(-0.0108834573899161,0.0965377169000089,
0.124385265673785));
#3579=CARTESIAN_POINT('Ctrl Pts',(-0.0112264500841597,0.102098596489949,
0.124973500967903));
#3580=CARTESIAN_POINT('Ctrl Pts',(-0.00889779095237763,0.107160015295539,
0.12556173626202));
#3581=CARTESIAN_POINT('Ctrl Pts',(-0.0044517393414869,0.110517622407062,
0.126149971556138));
#3582=CARTESIAN_POINT('Ctrl Pts',(0.00105385276523795,0.111372086361807,
0.126738206850256));
#3583=CARTESIAN_POINT('Ctrl Pts',(0.0063083536021382,0.109520708354976,
0.127326442144373));
#3584=CARTESIAN_POINT('Ctrl Pts',(0.0100621631651375,0.10540271776487,0.127914677438491));
#3585=CARTESIAN_POINT('Ctrl Pts',(0.0109669352445137,0.101801725038395,
0.128306834301236));
#3586=CARTESIAN_POINT('Ctrl Pts',(0.0109669352445137,0.1,0.128502912732609));
#3587=CARTESIAN_POINT('Ctrl Pts',(0.0109701327783223,0.1,0.0694959391898165));
#3588=CARTESIAN_POINT('Ctrl Pts',(0.0109701327783223,0.0981982250397548,
0.069692017621189));
#3589=CARTESIAN_POINT('Ctrl Pts',(0.0100649081197079,0.0945955789251372,
0.0700841744839342));
#3590=CARTESIAN_POINT('Ctrl Pts',(0.00631012269395333,0.0904767706783063,
0.0706724097780517));
#3591=CARTESIAN_POINT('Ctrl Pts',(0.00105413296335275,0.0886247219932951,
0.0712606450721694));
#3592=CARTESIAN_POINT('Ctrl Pts',(-0.00445296387260486,0.0894794956297774,
0.0718488803662871));
#3593=CARTESIAN_POINT('Ctrl Pts',(-0.00890025170094471,0.0928379953561852,
0.0724371156604047));
#3594=CARTESIAN_POINT('Ctrl Pts',(-0.0112295504763034,0.0979008290294101,
0.0730253509545224));
#3595=CARTESIAN_POINT('Ctrl Pts',(-0.0108864647774264,0.103463237131669,
0.0736135862486399));
#3596=CARTESIAN_POINT('Ctrl Pts',(-0.00795267795990425,0.108201468416112,
0.0742018215427577));
#3597=CARTESIAN_POINT('Ctrl Pts',(-0.00312634207310428,0.110987955367452,
0.0747900568368753));
#3598=CARTESIAN_POINT('Ctrl Pts',(0.00244398429900538,0.111159574497102,
0.0753782921309929));
#3599=CARTESIAN_POINT('Ctrl Pts',(0.00743270328099647,0.108675488209122,
0.0759665274251106));
#3600=CARTESIAN_POINT('Ctrl Pts',(0.0106526195556391,0.104126846767946,
0.0765547627192282));
#3601=CARTESIAN_POINT('Ctrl Pts',(0.0113374724616918,0.0985961167002811,
0.0771429980133459));
#3602=CARTESIAN_POINT('Ctrl Pts',(0.00932428329257271,0.0933994764980049,
0.0777312333074635));
#3603=CARTESIAN_POINT('Ctrl Pts',(0.00509214216915857,0.0897735999691927,
0.0783194686015812));
#3604=CARTESIAN_POINT('Ctrl Pts',(-0.000351804630415172,0.0885813572133144,
0.0789077038956988));
#3605=CARTESIAN_POINT('Ctrl Pts',(-0.00571203049378896,0.0901064729690995,
0.0794959391898165));
#3606=CARTESIAN_POINT('Ctrl Pts',(-0.00971293241460769,0.0939860068631852,
0.0800841744839342));
#3607=CARTESIAN_POINT('Ctrl Pts',(-0.0114023933021279,0.0992967244539972,
0.0806724097780517));
#3608=CARTESIAN_POINT('Ctrl Pts',(-0.0103783626733254,0.104774804471516,
0.0812606450721694));
#3609=CARTESIAN_POINT('Ctrl Pts',(-0.00688453484100359,0.109116597476116,
0.081848880366287));
#3610=CARTESIAN_POINT('Ctrl Pts',(-0.00175235562082876,0.111288862621887,
0.0824371156604047));
#3611=CARTESIAN_POINT('Ctrl Pts',(0.00379684149981131,0.110774653783027,
0.0830253509545223));
#3612=CARTESIAN_POINT('Ctrl Pts',(0.00844248294296202,0.107696340122153,
0.08361358624864));
#3613=CARTESIAN_POINT('Ctrl Pts',(0.0110790193458227,0.10278648521498,0.0842018215427576));
#3614=CARTESIAN_POINT('Ctrl Pts',(0.011079019345817,0.0972135147850216,
0.0847900568368753));
#3615=CARTESIAN_POINT('Ctrl Pts',(0.00844248294297103,0.0923036598778409,
0.0853782921309929));
#3616=CARTESIAN_POINT('Ctrl Pts',(0.00379684149979369,0.0892253462169886,
0.0859665274251105));
#3617=CARTESIAN_POINT('Ctrl Pts',(-0.00175235562079211,0.0887111373780799,
0.0865547627192283));
#3618=CARTESIAN_POINT('Ctrl Pts',(-0.00688453484108071,0.0908834025239534,
0.0871429980133459));
#3619=CARTESIAN_POINT('Ctrl Pts',(-0.0103783626731624,0.0952251955283361,
0.0877312333074635));
#3620=CARTESIAN_POINT('Ctrl Pts',(-0.0114023933024724,0.100703275546315,
0.0883194686015811));
#3621=CARTESIAN_POINT('Ctrl Pts',(-0.00971293241387906,0.106013993136156,
0.0889077038956989));
#3622=CARTESIAN_POINT('Ctrl Pts',(-0.00571203049532984,0.109893527032294,
0.0894959391898165));
#3623=CARTESIAN_POINT('Ctrl Pts',(-0.000351804627156631,0.111418642783739,
0.0900841744839341));
#3624=CARTESIAN_POINT('Ctrl Pts',(0.00509214216226751,0.11022640003704,
0.0906724097780518));
#3625=CARTESIAN_POINT('Ctrl Pts',(0.00932428330714556,0.106600523488815,
0.0912606450721694));
#3626=CARTESIAN_POINT('Ctrl Pts',(0.0113374724308737,0.101403883327592,
0.0918488803662871));
#3627=CARTESIAN_POINT('Ctrl Pts',(0.0106526196208117,0.0958731531731105,
0.0924371156604047));
#3628=CARTESIAN_POINT('Ctrl Pts',(0.00743270314317257,0.0913245119155299,
0.0930253509545223));
#3629=CARTESIAN_POINT('Ctrl Pts',(0.00244398459047091,0.088840425239291,
0.0936135862486399));
#3630=CARTESIAN_POINT('Ctrl Pts',(-0.00312634268946974,0.0890120451900134,
0.0942018215427577));
#3631=CARTESIAN_POINT('Ctrl Pts',(-0.00795267665634901,0.09179853040499,
0.0947900568368753));
#3632=CARTESIAN_POINT('Ctrl Pts',(-0.0108864675334411,0.096536765361451,
0.0953782921309929));
#3633=CARTESIAN_POINT('Ctrl Pts',(-0.0112295446429667,0.102099165698541,
0.0959665274251106));
#3634=CARTESIAN_POINT('Ctrl Pts',(-0.00890026400001943,0.107162015795031,
0.0965547627192282));
#3635=CARTESIAN_POINT('Ctrl Pts',(-0.00445293758979312,0.110520480803638,
0.0971429980133459));
#3636=CARTESIAN_POINT('Ctrl Pts',(0.00105407936601687,0.111375327960479,
0.0977312333074635));
#3637=CARTESIAN_POINT('Ctrl Pts',(0.00631025114020489,0.109523124490725,
0.0983194686015812));
#3638=CARTESIAN_POINT('Ctrl Pts',(0.0100647370410357,0.105404649647583,
0.0989077038956988));
#3639=CARTESIAN_POINT('Ctrl Pts',(0.0114240609906596,0.1,0.0994959391898164));
#3640=CARTESIAN_POINT('Ctrl Pts',(0.0100647370410357,0.0945953503524174,
0.100084174483934));
#3641=CARTESIAN_POINT('Ctrl Pts',(0.00631025114020491,0.0904768755092746,
0.100672409778052));
#3642=CARTESIAN_POINT('Ctrl Pts',(0.00105407936601689,0.0886246720395212,
0.101260645072169));
#3643=CARTESIAN_POINT('Ctrl Pts',(-0.0044529375897931,0.0894795191963619,
0.101848880366287));
#3644=CARTESIAN_POINT('Ctrl Pts',(-0.00890026400001942,0.0928379842049692,
0.102437115660405));
#3645=CARTESIAN_POINT('Ctrl Pts',(-0.0112295446429667,0.0979008343014593,
0.103025350954522));
#3646=CARTESIAN_POINT('Ctrl Pts',(-0.0108864675334411,0.103463234638549,
0.10361358624864));
#3647=CARTESIAN_POINT('Ctrl Pts',(-0.00795267665634906,0.10820146959501,
0.104201821542758));
#3648=CARTESIAN_POINT('Ctrl Pts',(-0.00312634268946979,0.110987954809987,
0.104790056836875));
#3649=CARTESIAN_POINT('Ctrl Pts',(0.00244398459047087,0.111159574760709,
0.105378292130993));
#3650=CARTESIAN_POINT('Ctrl Pts',(0.00743270314317255,0.10867548808447,
0.10596652742511));
#3651=CARTESIAN_POINT('Ctrl Pts',(0.0106526196208117,0.10412684682689,0.106554762719228));
#3652=CARTESIAN_POINT('Ctrl Pts',(0.0113374724308737,0.0985961166724084,
0.107142998013346));
#3653=CARTESIAN_POINT('Ctrl Pts',(0.00932428330714557,0.0933994765111851,
0.107731233307464));
#3654=CARTESIAN_POINT('Ctrl Pts',(0.00509214216226753,0.0897735999629601,
0.108319468601581));
#3655=CARTESIAN_POINT('Ctrl Pts',(-0.000351804627156597,0.0885813572162616,
0.108907703895699));
#3656=CARTESIAN_POINT('Ctrl Pts',(-0.00571203049532982,0.090106472967706,
0.109495939189817));
#3657=CARTESIAN_POINT('Ctrl Pts',(-0.00971293241387905,0.0939860068638442,
0.110084174483934));
#3658=CARTESIAN_POINT('Ctrl Pts',(-0.0114023933024724,0.0992967244536856,
0.110672409778052));
#3659=CARTESIAN_POINT('Ctrl Pts',(-0.0103783626731624,0.104774804471664,
0.111260645072169));
#3660=CARTESIAN_POINT('Ctrl Pts',(-0.00688453484108074,0.109116597476047,
0.111848880366287));
#3661=CARTESIAN_POINT('Ctrl Pts',(-0.00175235562079217,0.11128886262192,
0.112437115660405));
#3662=CARTESIAN_POINT('Ctrl Pts',(0.00379684149979364,0.110774653783011,
0.113025350954522));
#3663=CARTESIAN_POINT('Ctrl Pts',(0.00844248294297098,0.107696340122159,
0.11361358624864));
#3664=CARTESIAN_POINT('Ctrl Pts',(0.011079019345817,0.102786485214979,0.114201821542758));
#3665=CARTESIAN_POINT('Ctrl Pts',(0.0110790193458227,0.0972135147850198,
0.114790056836875));
#3666=CARTESIAN_POINT('Ctrl Pts',(0.00844248294296203,0.0923036598778474,
0.115378292130993));
#3667=CARTESIAN_POINT('Ctrl Pts',(0.00379684149981132,0.0892253462169734,
0.115966527425111));
#3668=CARTESIAN_POINT('Ctrl Pts',(-0.00175235562082875,0.0887111373781127,
0.116554762719228));
#3669=CARTESIAN_POINT('Ctrl Pts',(-0.00688453484100358,0.0908834025238838,
0.117142998013346));
#3670=CARTESIAN_POINT('Ctrl Pts',(-0.0103783626733253,0.0952251955284836,
0.117731233307463));
#3671=CARTESIAN_POINT('Ctrl Pts',(-0.0114023933021279,0.100703275546003,
0.118319468601581));
#3672=CARTESIAN_POINT('Ctrl Pts',(-0.00971293241460772,0.106013993136815,
0.118907703895699));
#3673=CARTESIAN_POINT('Ctrl Pts',(-0.00571203049378901,0.1098935270309,
0.119495939189816));
#3674=CARTESIAN_POINT('Ctrl Pts',(-0.000351804630415208,0.111418642786686,
0.120084174483934));
#3675=CARTESIAN_POINT('Ctrl Pts',(0.00509214216915854,0.110226400030807,
0.120672409778052));
#3676=CARTESIAN_POINT('Ctrl Pts',(0.0093242832925727,0.106600523501995,
0.121260645072169));
#3677=CARTESIAN_POINT('Ctrl Pts',(0.0113374724616918,0.101403883299719,
0.121848880366287));
#3678=CARTESIAN_POINT('Ctrl Pts',(0.0106526195556391,0.0958731532320542,
0.122437115660405));
#3679=CARTESIAN_POINT('Ctrl Pts',(0.00743270328099648,0.0913245117908783,
0.123025350954522));
#3680=CARTESIAN_POINT('Ctrl Pts',(0.0024439842990054,0.0888404255028984,
0.12361358624864));
#3681=CARTESIAN_POINT('Ctrl Pts',(-0.00312634207310424,0.0890120446325476,
0.124201821542758));
#3682=CARTESIAN_POINT('Ctrl Pts',(-0.00795267795990422,0.0917985315838881,
0.124790056836875));
#3683=CARTESIAN_POINT('Ctrl Pts',(-0.0108864647774263,0.0965367628683313,
0.125378292130993));
#3684=CARTESIAN_POINT('Ctrl Pts',(-0.0112295504763034,0.10209917097059,
0.125966527425111));
#3685=CARTESIAN_POINT('Ctrl Pts',(-0.00890025170094472,0.107162004643815,
0.126554762719228));
#3686=CARTESIAN_POINT('Ctrl Pts',(-0.00445296387260488,0.110520504370223,
0.127142998013346));
#3687=CARTESIAN_POINT('Ctrl Pts',(0.00105413296335275,0.111375278006705,
0.127731233307463));
#3688=CARTESIAN_POINT('Ctrl Pts',(0.00631012269395334,0.109523229321694,
0.128319468601581));
#3689=CARTESIAN_POINT('Ctrl Pts',(0.0100649081197079,0.105404421074863,
0.128907703895699));
#3690=CARTESIAN_POINT('Ctrl Pts',(0.0109701327783223,0.101801774960245,
0.129299860758444));
#3691=CARTESIAN_POINT('Ctrl Pts',(0.0109701327783223,0.1,0.129495939189816));
#3692=CARTESIAN_POINT('Ctrl Pts',(0.0117446228373638,0.1,0.0701181422651875));
#3693=CARTESIAN_POINT('Ctrl Pts',(0.0117446228373638,0.0980705577974887,
0.0703142206965601));
#3694=CARTESIAN_POINT('Ctrl Pts',(0.0107756729492266,0.0942141519630087,
0.0707063775593052));
#3695=CARTESIAN_POINT('Ctrl Pts',(0.00675568482424202,0.0898041840286543,
0.0712946128534228));
#3696=CARTESIAN_POINT('Ctrl Pts',(0.00112858093468121,0.0878215081697202,
0.0718828481475405));
#3697=CARTESIAN_POINT('Ctrl Pts',(-0.00476741396620866,0.0887365698564763,
0.0724710834416581));
#3698=CARTESIAN_POINT('Ctrl Pts',(-0.00952873818726323,0.0923322631889094,
0.0730593187357758));
#3699=CARTESIAN_POINT('Ctrl Pts',(-0.012022523385144,0.0977525914634027,
0.0736475540298934));
#3700=CARTESIAN_POINT('Ctrl Pts',(-0.0116552090732955,0.103707795149485,
0.0742357893240111));
#3701=CARTESIAN_POINT('Ctrl Pts',(-0.0085142544788494,0.108780611794834,
0.0748240246181287));
#3702=CARTESIAN_POINT('Ctrl Pts',(-0.00334710777285447,0.111763867487791,
0.0754122599122463));
#3703=CARTESIAN_POINT('Ctrl Pts',(0.0026165655487825,0.111947604653541,
0.076000495206364));
#3704=CARTESIAN_POINT('Ctrl Pts',(0.00795756169328834,0.109288105646452,
0.0765887305004816));
#3705=CARTESIAN_POINT('Ctrl Pts',(0.0114048514674174,0.104418262908041,
0.0771769657945993));
#3706=CARTESIAN_POINT('Ctrl Pts',(0.0121380651001593,0.0984969818780388,
0.0777652010887169));
#3707=CARTESIAN_POINT('Ctrl Pts',(0.00998271509898428,0.0929333822561529,
0.0783534363828346));
#3708=CARTESIAN_POINT('Ctrl Pts',(0.0054517224488704,0.0890514654300721,
0.0789416716769522));
#3709=CARTESIAN_POINT('Ctrl Pts',(-0.000376647222397404,0.0877750327569615,
0.0795299069710698));
#3710=CARTESIAN_POINT('Ctrl Pts',(-0.00611538402263168,0.0894078441644752,
0.0801181422651875));
#3711=CARTESIAN_POINT('Ctrl Pts',(-0.0103988085794677,0.093561330320871,
0.0807063775593052));
#3712=CARTESIAN_POINT('Ctrl Pts',(-0.012207570302455,0.0992470628368173,
0.0812946128534228));
#3713=CARTESIAN_POINT('Ctrl Pts',(-0.0111112280205622,0.105111976031761,
0.0818828481475404));
#3714=CARTESIAN_POINT('Ctrl Pts',(-0.00737068445585586,0.109760363606253,
0.0824710834416581));
#3715=CARTESIAN_POINT('Ctrl Pts',(-0.00187609775154656,0.112086022683162,
0.0830593187357757));
#3716=CARTESIAN_POINT('Ctrl Pts',(0.00406495446248766,0.111535503122601,
0.0836475540298934));
#3717=CARTESIAN_POINT('Ctrl Pts',(0.00903864665278756,0.108239815153166,
0.084235789324011));
#3718=CARTESIAN_POINT('Ctrl Pts',(0.0118613613794497,0.102983252134664,
0.0848240246181286));
#3719=CARTESIAN_POINT('Ctrl Pts',(0.0118613613794426,0.0970167478653396,
0.0854122599122463));
#3720=CARTESIAN_POINT('Ctrl Pts',(0.00903864665279899,0.0917601848468208,
0.086000495206364));
#3721=CARTESIAN_POINT('Ctrl Pts',(0.0040649544624653,0.0884644968774302,
0.0865887305004816));
#3722=CARTESIAN_POINT('Ctrl Pts',(-0.00187609775150005,0.0879139773167708,
0.0871769657945993));
#3723=CARTESIAN_POINT('Ctrl Pts',(-0.00737068445595375,0.0902396363938894,
0.087765201088717));
#3724=CARTESIAN_POINT('Ctrl Pts',(-0.0111112280203553,0.0948880239679365,
0.0883534363828345));
#3725=CARTESIAN_POINT('Ctrl Pts',(-0.0122075703028923,0.100752937163821,
0.0889416716769522));
#3726=CARTESIAN_POINT('Ctrl Pts',(-0.0103988085785429,0.106438669677778,
0.0895299069710699));
#3727=CARTESIAN_POINT('Ctrl Pts',(-0.00611538402458754,0.110592155838381,
0.0901181422651876));
#3728=CARTESIAN_POINT('Ctrl Pts',(-0.000376647218261291,0.112224967236999,
0.0907063775593052));
#3729=CARTESIAN_POINT('Ctrl Pts',(0.0054517224401235,0.1109485345827,0.0912946128534228));
#3730=CARTESIAN_POINT('Ctrl Pts',(0.00998271511748181,0.107066617716838,
0.0918828481475404));
#3731=CARTESIAN_POINT('Ctrl Pts',(0.0121380650610415,0.10150301817908,0.0924710834416581));
#3732=CARTESIAN_POINT('Ctrl Pts',(0.0114048515501418,0.0955817369711674,
0.0930593187357758));
#3733=CARTESIAN_POINT('Ctrl Pts',(0.00795756151834662,0.090711894608993,
0.0936475540298934));
#3734=CARTESIAN_POINT('Ctrl Pts',(0.00261656591874355,0.0880523948062555,
0.094235789324011));
#3735=CARTESIAN_POINT('Ctrl Pts',(-0.00334710855521531,0.0882361336546046,
0.0948240246181287));
#3736=CARTESIAN_POINT('Ctrl Pts',(-0.0085142528242295,0.0912193857892616,
0.0954122599122464));
#3737=CARTESIAN_POINT('Ctrl Pts',(-0.0116552125715414,0.0962922099594361,
0.0960004952063639));
#3738=CARTESIAN_POINT('Ctrl Pts',(-0.0120225159808124,0.102247397731562,
0.0965887305004816));
#3739=CARTESIAN_POINT('Ctrl Pts',(-0.00952875379864153,0.107667759654397,
0.0971769657945993));
#3740=CARTESIAN_POINT('Ctrl Pts',(-0.00476738060508791,0.11126338178519,
0.097765201088717));
#3741=CARTESIAN_POINT('Ctrl Pts',(0.00112851290287355,0.112178593748901,
0.0983534363828345));
#3742=CARTESIAN_POINT('Ctrl Pts',(0.00675584786276881,0.110195597418879,
0.0989416716769522));
#3743=CARTESIAN_POINT('Ctrl Pts',(0.0107754557968042,0.10578629755922,0.0995299069710698));
#3744=CARTESIAN_POINT('Ctrl Pts',(0.0122307680491751,0.1,0.100118142265188));
#3745=CARTESIAN_POINT('Ctrl Pts',(0.0107754557968042,0.0942137024407796,
0.100706377559305));
#3746=CARTESIAN_POINT('Ctrl Pts',(0.00675584786276883,0.0898044025811214,
0.101294612853423));
#3747=CARTESIAN_POINT('Ctrl Pts',(0.00112851290287357,0.087821406251099,
0.10188284814754));
#3748=CARTESIAN_POINT('Ctrl Pts',(-0.00476738060508789,0.0887366182148098,
0.102471083441658));
#3749=CARTESIAN_POINT('Ctrl Pts',(-0.00952875379864151,0.092332240345603,
0.103059318735776));
#3750=CARTESIAN_POINT('Ctrl Pts',(-0.0120225159808124,0.0977526022684378,
0.103647554029893));
#3751=CARTESIAN_POINT('Ctrl Pts',(-0.0116552125715414,0.103707790040564,
0.104235789324011));
#3752=CARTESIAN_POINT('Ctrl Pts',(-0.00851425282422954,0.108780614210738,
0.104824024618129));
#3753=CARTESIAN_POINT('Ctrl Pts',(-0.00334710855521536,0.111763866345395,
0.105412259912246));
#3754=CARTESIAN_POINT('Ctrl Pts',(0.00261656591874351,0.111947605193745,
0.106000495206364));
#3755=CARTESIAN_POINT('Ctrl Pts',(0.0079575615183466,0.109288105391007,
0.106588730500482));
#3756=CARTESIAN_POINT('Ctrl Pts',(0.0114048515501418,0.104418263028833,
0.107176965794599));
#3757=CARTESIAN_POINT('Ctrl Pts',(0.0121380650610415,0.0984969818209202,
0.107765201088717));
#3758=CARTESIAN_POINT('Ctrl Pts',(0.00998271511748182,0.0929333822831625,
0.108353436382835));
#3759=CARTESIAN_POINT('Ctrl Pts',(0.00545172244012351,0.0890514654173001,
0.108941671676952));
#3760=CARTESIAN_POINT('Ctrl Pts',(-0.000376647218261249,0.087775032763001,
0.10952990697107));
#3761=CARTESIAN_POINT('Ctrl Pts',(-0.00611538402458753,0.0894078441616193,
0.110118142265188));
#3762=CARTESIAN_POINT('Ctrl Pts',(-0.0103988085785429,0.0935613303222215,
0.110706377559305));
#3763=CARTESIAN_POINT('Ctrl Pts',(-0.0122075703028923,0.0992470628361787,
0.111294612853423));
#3764=CARTESIAN_POINT('Ctrl Pts',(-0.0111112280203553,0.105111976032063,
0.11188284814754));
#3765=CARTESIAN_POINT('Ctrl Pts',(-0.00737068445595377,0.109760363606111,
0.112471083441658));
#3766=CARTESIAN_POINT('Ctrl Pts',(-0.00187609775150011,0.112086022683229,
0.113059318735776));
#3767=CARTESIAN_POINT('Ctrl Pts',(0.00406495446246523,0.11153550312257,
0.113647554029893));
#3768=CARTESIAN_POINT('Ctrl Pts',(0.00903864665279895,0.108239815153179,
0.114235789324011));
#3769=CARTESIAN_POINT('Ctrl Pts',(0.0118613613794425,0.10298325213466,0.114824024618129));
#3770=CARTESIAN_POINT('Ctrl Pts',(0.0118613613794498,0.0970167478653359,
0.115412259912246));
#3771=CARTESIAN_POINT('Ctrl Pts',(0.00903864665278757,0.0917601848468344,
0.116000495206364));
#3772=CARTESIAN_POINT('Ctrl Pts',(0.00406495446248767,0.0884644968773989,
0.116588730500482));
#3773=CARTESIAN_POINT('Ctrl Pts',(-0.00187609775154656,0.087913977316838,
0.117176965794599));
#3774=CARTESIAN_POINT('Ctrl Pts',(-0.00737068445585584,0.0902396363937467,
0.117765201088717));
#3775=CARTESIAN_POINT('Ctrl Pts',(-0.0111112280205621,0.0948880239682384,
0.118353436382835));
#3776=CARTESIAN_POINT('Ctrl Pts',(-0.012207570302455,0.100752937163183,
0.118941671676952));
#3777=CARTESIAN_POINT('Ctrl Pts',(-0.0103988085794678,0.106438669679129,
0.11952990697107));
#3778=CARTESIAN_POINT('Ctrl Pts',(-0.00611538402263173,0.110592155835525,
0.120118142265188));
#3779=CARTESIAN_POINT('Ctrl Pts',(-0.000376647222397445,0.112224967243038,
0.120706377559305));
#3780=CARTESIAN_POINT('Ctrl Pts',(0.00545172244887037,0.110948534569928,
0.121294612853423));
#3781=CARTESIAN_POINT('Ctrl Pts',(0.00998271509898428,0.107066617743847,
0.12188284814754));
#3782=CARTESIAN_POINT('Ctrl Pts',(0.0121380651001593,0.101503018121961,
0.122471083441658));
#3783=CARTESIAN_POINT('Ctrl Pts',(0.0114048514674173,0.0955817370919591,
0.123059318735776));
#3784=CARTESIAN_POINT('Ctrl Pts',(0.00795756169328834,0.0907118943535482,
0.123647554029893));
#3785=CARTESIAN_POINT('Ctrl Pts',(0.00261656554878252,0.088052395346459,
0.124235789324011));
#3786=CARTESIAN_POINT('Ctrl Pts',(-0.00334710777285443,0.0882361325122086,
0.124824024618129));
#3787=CARTESIAN_POINT('Ctrl Pts',(-0.00851425447884935,0.091219388205166,
0.125412259912246));
#3788=CARTESIAN_POINT('Ctrl Pts',(-0.0116552090732955,0.0962922048505147,
0.126000495206364));
#3789=CARTESIAN_POINT('Ctrl Pts',(-0.012022523385144,0.102247408536597,
0.126588730500482));
#3790=CARTESIAN_POINT('Ctrl Pts',(-0.00952873818726324,0.10766773681109,
0.127176965794599));
#3791=CARTESIAN_POINT('Ctrl Pts',(-0.00476741396620867,0.111263430143524,
0.127765201088717));
#3792=CARTESIAN_POINT('Ctrl Pts',(0.00112858093468121,0.11217849183028,
0.128353436382835));
#3793=CARTESIAN_POINT('Ctrl Pts',(0.00675568482424203,0.110195815971346,
0.128941671676952));
#3794=CARTESIAN_POINT('Ctrl Pts',(0.0107756729492266,0.105785848036991,
0.12952990697107));
#3795=CARTESIAN_POINT('Ctrl Pts',(0.0117446228373638,0.101929442202511,
0.129922063833815));
#3796=CARTESIAN_POINT('Ctrl Pts',(0.0117446228373638,0.1,0.130118142265188));
#3797=CARTESIAN_POINT('Ctrl Pts',(0.0127133661171292,0.1,0.0698935579472175));
#3798=CARTESIAN_POINT('Ctrl Pts',(0.0127133661171292,0.0979117863296684,
0.07008963637859));
#3799=CARTESIAN_POINT('Ctrl Pts',(0.01166434382589,0.0937368106953414,0.0704817932413351));
#3800=CARTESIAN_POINT('Ctrl Pts',(0.00731286502431398,0.0889633944471835,
0.0710700285354527));
#3801=CARTESIAN_POINT('Ctrl Pts',(0.00122164934529514,0.0868170758935731,
0.0716582638295704));
#3802=CARTESIAN_POINT('Ctrl Pts',(-0.00516059109523384,0.0878076634846736,
0.072246499123688));
#3803=CARTESIAN_POINT('Ctrl Pts',(-0.0103146007106883,0.0916998755331857,
0.0728347344178057));
#3804=CARTESIAN_POINT('Ctrl Pts',(-0.0130140521098147,0.0975672458740592,
0.0734229697119233));
#3805=CARTESIAN_POINT('Ctrl Pts',(-0.0126164457947332,0.104013584947305,
0.074011205006041));
#3806=CARTESIAN_POINT('Ctrl Pts',(-0.00921644761409301,0.109504773281832,
0.0745994403001587));
#3807=CARTESIAN_POINT('Ctrl Pts',(-0.00362315280569729,0.112734064668541,
0.0751876755942762));
#3808=CARTESIAN_POINT('Ctrl Pts',(0.00283236075727022,0.112932955784746,
0.0757759108883939));
#3809=CARTESIAN_POINT('Ctrl Pts',(0.00861384307386035,0.110054120469547,
0.0763641461825116));
#3810=CARTESIAN_POINT('Ctrl Pts',(0.012345440091576,0.104782648917909,0.0769523814766292));
#3811=CARTESIAN_POINT('Ctrl Pts',(0.0131391237987422,0.0983730239300449,
0.0775406167707469));
#3812=CARTESIAN_POINT('Ctrl Pts',(0.010806016323793,0.0923505793949605,
0.0781288520648645));
#3813=CARTESIAN_POINT('Ctrl Pts',(0.00590134058391327,0.0881485104868839,
0.0787170873589822));
#3814=CARTESIAN_POINT('Ctrl Pts',(-0.000407710326000978,0.0867668070035136,
0.0793053226530998));
#3815=CARTESIAN_POINT('Ctrl Pts',(-0.00661973610462001,0.0885342807328451,
0.0798935579472175));
#3816=CARTESIAN_POINT('Ctrl Pts',(-0.0112564261443709,0.0930303160066325,
0.0804817932413351));
#3817=CARTESIAN_POINT('Ctrl Pts',(-0.0132143612860747,0.0991849660942768,
0.0810700285354527));
#3818=CARTESIAN_POINT('Ctrl Pts',(-0.0120276007229051,0.105533574372045,
0.0816582638295704));
#3819=CARTESIAN_POINT('Ctrl Pts',(-0.00797856452282629,0.110565326906151,
0.082246499123688));
#3820=CARTESIAN_POINT('Ctrl Pts',(-0.00203082455251283,0.113082789309395,
0.0828347344178057));
#3821=CARTESIAN_POINT('Ctrl Pts',(0.00440020213258082,0.112486866927749,
0.0834229697119233));
#3822=CARTESIAN_POINT('Ctrl Pts',(0.00978408802467404,0.108919374754051,
0.084011205006041));
#3823=CARTESIAN_POINT('Ctrl Pts',(0.0128395995868688,0.103229288919743,
0.0845994403001586));
#3824=CARTESIAN_POINT('Ctrl Pts',(0.0128395995868619,0.0967707110802594,
0.0851876755942763));
#3825=CARTESIAN_POINT('Ctrl Pts',(0.00978408802468497,0.0910806252459401,
0.0857759108883939));
#3826=CARTESIAN_POINT('Ctrl Pts',(0.00440020213255946,0.0875131330722725,
0.0863641461825116));
#3827=CARTESIAN_POINT('Ctrl Pts',(-0.0020308245524684,0.0869172106905588,
0.0869523814766292));
#3828=CARTESIAN_POINT('Ctrl Pts',(-0.00797856452291976,0.0894346730939476,
0.0875406167707469));
#3829=CARTESIAN_POINT('Ctrl Pts',(-0.0120276007227076,0.0944664256277459,
0.0881288520648644));
#3830=CARTESIAN_POINT('Ctrl Pts',(-0.0132143612864923,0.100815033906166,
0.0887170873589823));
#3831=CARTESIAN_POINT('Ctrl Pts',(-0.0112564261434877,0.106969683992431,
0.0893053226530997));
#3832=CARTESIAN_POINT('Ctrl Pts',(-0.00661973610648769,0.111465719269135,
0.0898935579472175));
#3833=CARTESIAN_POINT('Ctrl Pts',(-0.000407710322051373,0.113233192992299,
0.0904817932413351));
#3834=CARTESIAN_POINT('Ctrl Pts',(0.00590134057556077,0.111851489521971,
0.0910700285354528));
#3835=CARTESIAN_POINT('Ctrl Pts',(0.0108060163414565,0.107649420586314,
0.0916582638295704));
#3836=CARTESIAN_POINT('Ctrl Pts',(0.0131391237613884,0.101626976109556,
0.092246499123688));
#3837=CARTESIAN_POINT('Ctrl Pts',(0.0123454401705701,0.0952173509983463,
0.0928347344178057));
#3838=CARTESIAN_POINT('Ctrl Pts',(0.0086138429068073,0.0899458797075532,
0.0934229697119232));
#3839=CARTESIAN_POINT('Ctrl Pts',(0.00283236111054858,0.0870670438407301,
0.094011205006041));
#3840=CARTESIAN_POINT('Ctrl Pts',(-0.00362315355277906,0.0872659361234863,
0.0945994403001586));
#3841=CARTESIAN_POINT('Ctrl Pts',(-0.00921644603408501,0.0904952250432246,
0.0951876755942763));
#3842=CARTESIAN_POINT('Ctrl Pts',(-0.0126164491352325,0.0959864185947912,
0.0957759108883939));
#3843=CARTESIAN_POINT('Ctrl Pts',(-0.0130140450393673,0.10243274663528,
0.0963641461825116));
#3844=CARTESIAN_POINT('Ctrl Pts',(-0.0103146156181015,0.108300140307788,
0.0969523814766292));
#3845=CARTESIAN_POINT('Ctrl Pts',(-0.00516055923846877,0.112192303015608,
0.0975406167707469));
#3846=CARTESIAN_POINT('Ctrl Pts',(0.00122158438125121,0.113182994958568,
0.0981288520648644));
#3847=CARTESIAN_POINT('Ctrl Pts',(0.0073130207109315,0.111036455615805,
0.0987170873589822));
#3848=CARTESIAN_POINT('Ctrl Pts',(0.0116641364655391,0.106263508999868,
0.0993053226530998));
#3849=CARTESIAN_POINT('Ctrl Pts',(0.0132394722129753,0.1,0.0998935579472175));
#3850=CARTESIAN_POINT('Ctrl Pts',(0.0116641364655391,0.0937364910001322,
0.100481793241335));
#3851=CARTESIAN_POINT('Ctrl Pts',(0.00731302071093152,0.088963544384195,
0.101070028535453));
#3852=CARTESIAN_POINT('Ctrl Pts',(0.00122158438125123,0.086817005041432,
0.10165826382957));
#3853=CARTESIAN_POINT('Ctrl Pts',(-0.00516055923846875,0.0878076969843922,
0.102246499123688));
#3854=CARTESIAN_POINT('Ctrl Pts',(-0.0103146156181015,0.0916998596922123,
0.102834734417806));
#3855=CARTESIAN_POINT('Ctrl Pts',(-0.0130140450393673,0.0975672533647199,
0.103422969711923));
#3856=CARTESIAN_POINT('Ctrl Pts',(-0.0126164491352325,0.104013581405209,
0.104011205006041));
#3857=CARTESIAN_POINT('Ctrl Pts',(-0.00921644603408506,0.109504774956775,
0.104599440300159));
#3858=CARTESIAN_POINT('Ctrl Pts',(-0.00362315355277911,0.112734063876514,
0.105187675594276));
#3859=CARTESIAN_POINT('Ctrl Pts',(0.00283236111054854,0.11293295615927,
0.105775910888394));
#3860=CARTESIAN_POINT('Ctrl Pts',(0.00861384290680728,0.110054120292447,
0.106364146182512));
#3861=CARTESIAN_POINT('Ctrl Pts',(0.0123454401705701,0.104782649001654,
0.106952381476629));
#3862=CARTESIAN_POINT('Ctrl Pts',(0.0131391237613884,0.0983730238904444,
0.107540616770747));
#3863=CARTESIAN_POINT('Ctrl Pts',(0.0108060163414565,0.0923505794136863,
0.108128852064865));
#3864=CARTESIAN_POINT('Ctrl Pts',(0.0059013405755608,0.0881485104780291,
0.108717087358982));
#3865=CARTESIAN_POINT('Ctrl Pts',(-0.000407710322051334,0.0867668070077007,
0.1093053226531));
#3866=CARTESIAN_POINT('Ctrl Pts',(-0.00661973610648766,0.0885342807308653,
0.109893557947218));
#3867=CARTESIAN_POINT('Ctrl Pts',(-0.0112564261434877,0.0930303160075687,
0.110481793241335));
#3868=CARTESIAN_POINT('Ctrl Pts',(-0.0132143612864923,0.0991849660938341,
0.111070028535453));
#3869=CARTESIAN_POINT('Ctrl Pts',(-0.0120276007227076,0.105533574372254,
0.11165826382957));
#3870=CARTESIAN_POINT('Ctrl Pts',(-0.00797856452291979,0.110565326906052,
0.112246499123688));
#3871=CARTESIAN_POINT('Ctrl Pts',(-0.00203082455246847,0.113082789309441,
0.112834734417806));
#3872=CARTESIAN_POINT('Ctrl Pts',(0.00440020213255939,0.112486866927728,
0.113422969711923));
#3873=CARTESIAN_POINT('Ctrl Pts',(0.00978408802468491,0.10891937475406,
0.114011205006041));
#3874=CARTESIAN_POINT('Ctrl Pts',(0.0128395995868619,0.103229288919741,
0.114599440300159));
#3875=CARTESIAN_POINT('Ctrl Pts',(0.0128395995868688,0.0967707110802568,
0.115187675594276));
#3876=CARTESIAN_POINT('Ctrl Pts',(0.00978408802467406,0.0910806252459494,
0.115775910888394));
#3877=CARTESIAN_POINT('Ctrl Pts',(0.00440020213258083,0.0875131330722509,
0.116364146182512));
#3878=CARTESIAN_POINT('Ctrl Pts',(-0.00203082455251283,0.0869172106906054,
0.116952381476629));
#3879=CARTESIAN_POINT('Ctrl Pts',(-0.00797856452282627,0.0894346730938487,
0.117540616770747));
#3880=CARTESIAN_POINT('Ctrl Pts',(-0.0120276007229051,0.0944664256279552,
0.118128852064865));
#3881=CARTESIAN_POINT('Ctrl Pts',(-0.0132143612860747,0.100815033905723,
0.118717087358982));
#3882=CARTESIAN_POINT('Ctrl Pts',(-0.0112564261443709,0.106969683993368,
0.1193053226531));
#3883=CARTESIAN_POINT('Ctrl Pts',(-0.00661973610462008,0.111465719267155,
0.119893557947217));
#3884=CARTESIAN_POINT('Ctrl Pts',(-0.000407710326001016,0.113233192996487,
0.120481793241335));
#3885=CARTESIAN_POINT('Ctrl Pts',(0.00590134058391323,0.111851489513116,
0.121070028535453));
#3886=CARTESIAN_POINT('Ctrl Pts',(0.010806016323793,0.10764942060504,0.12165826382957));
#3887=CARTESIAN_POINT('Ctrl Pts',(0.0131391237987422,0.101626976069955,
0.122246499123688));
#3888=CARTESIAN_POINT('Ctrl Pts',(0.012345440091576,0.0952173510820915,
0.122834734417806));
#3889=CARTESIAN_POINT('Ctrl Pts',(0.00861384307386036,0.0899458795304526,
0.123422969711923));
#3890=CARTESIAN_POINT('Ctrl Pts',(0.00283236075727024,0.0870670442152545,
0.124011205006041));
#3891=CARTESIAN_POINT('Ctrl Pts',(-0.00362315280569724,0.087265935331459,
0.124599440300159));
#3892=CARTESIAN_POINT('Ctrl Pts',(-0.00921644761409297,0.0904952267181684,
0.125187675594276));
#3893=CARTESIAN_POINT('Ctrl Pts',(-0.0126164457947332,0.0959864150526946,
0.125775910888394));
#3894=CARTESIAN_POINT('Ctrl Pts',(-0.0130140521098147,0.102432754125941,
0.126364146182512));
#3895=CARTESIAN_POINT('Ctrl Pts',(-0.0103146007106883,0.108300124466814,
0.126952381476629));
#3896=CARTESIAN_POINT('Ctrl Pts',(-0.00516059109523386,0.112192336515326,
0.127540616770747));
#3897=CARTESIAN_POINT('Ctrl Pts',(0.00122164934529515,0.113182924106427,
0.128128852064865));
#3898=CARTESIAN_POINT('Ctrl Pts',(0.00731286502431398,0.111036605552816,
0.128717087358982));
#3899=CARTESIAN_POINT('Ctrl Pts',(0.01166434382589,0.106263189304659,0.1293053226531));
#3900=CARTESIAN_POINT('Ctrl Pts',(0.0127133661171292,0.102088213670332,
0.129697479515845));
#3901=CARTESIAN_POINT('Ctrl Pts',(0.0127133661171292,0.1,0.129893557947217));
#3902=CARTESIAN_POINT('Ctrl Pts',(0.013,0.1,0.0692991993003419));
#3903=CARTESIAN_POINT('Ctrl Pts',(0.013,0.0978640330292896,0.0694952777317144));
#3904=CARTESIAN_POINT('Ctrl Pts',(0.0119275937295439,0.0935957829025444,
0.0698874345944595));
#3905=CARTESIAN_POINT('Ctrl Pts',(0.00747783922782893,0.0887142038833438,
0.0704756698885772));
#3906=CARTESIAN_POINT('Ctrl Pts',(0.00124923078907663,0.086519679928388,
0.0710639051826948));
#3907=CARTESIAN_POINT('Ctrl Pts',(-0.00527704500364224,0.0875325154906948,
0.0716521404768125));
#3908=CARTESIAN_POINT('Ctrl Pts',(-0.0105473412587906,0.0915126030081446,
0.0722403757709301));
#3909=CARTESIAN_POINT('Ctrl Pts',(-0.013307709751312,0.0975123444113953,
0.0728286110650478));
#3910=CARTESIAN_POINT('Ctrl Pts',(-0.0129011291527758,0.104104153151992,
0.0734168463591654));
#3911=CARTESIAN_POINT('Ctrl Pts',(-0.00942441278923113,0.109719242333364,
0.0740050816532831));
#3912=CARTESIAN_POINT('Ctrl Pts',(-0.00370490736345068,0.113021403632306,
0.0745933169474007));
#3913=CARTESIAN_POINT('Ctrl Pts',(0.0028962715590003,0.113224781463186,
0.0751815522415184));
#3914=CARTESIAN_POINT('Ctrl Pts',(0.00880821042430049,0.110280987138549,
0.075769787535636));
#3915=CARTESIAN_POINT('Ctrl Pts',(0.0126240091118787,0.104890567053443,
0.0763580228297537));
#3916=CARTESIAN_POINT('Ctrl Pts',(0.0134356019457189,0.0983363120212768,
0.0769462581238713));
#3917=CARTESIAN_POINT('Ctrl Pts',(0.0110498489867051,0.0921779738042317,
0.0775344934179889));
#3918=CARTESIAN_POINT('Ctrl Pts',(0.00603450155578493,0.0878810872186895,
0.0781227287121066));
#3919=CARTESIAN_POINT('Ctrl Pts',(-0.000416910118358258,0.0864682062341254,
0.0787109640062242));
#3920=CARTESIAN_POINT('Ctrl Pts',(-0.00676910733050797,0.0882755621816033,
0.0792991993003419));
#3921=CARTESIAN_POINT('Ctrl Pts',(-0.0115104220971008,0.0928730483701273,
0.0798874345944595));
#3922=CARTESIAN_POINT('Ctrl Pts',(-0.013512537122492,0.0991665752386387,
0.0804756698885772));
#3923=CARTESIAN_POINT('Ctrl Pts',(-0.0122989978664997,0.105658436870414,
0.0810639051826948));
#3924=CARTESIAN_POINT('Ctrl Pts',(-0.00815859707218686,0.110803728530068,
0.0816521404768125));
#3925=CARTESIAN_POINT('Ctrl Pts',(-0.00207664915173443,0.113377996286201,
0.0822403757709302));
#3926=CARTESIAN_POINT('Ctrl Pts',(0.00449949062056657,0.112768627196849,
0.0828286110650477));
#3927=CARTESIAN_POINT('Ctrl Pts',(0.0100048613612072,0.109120636243031,
0.0834168463591654));
#3928=CARTESIAN_POINT('Ctrl Pts',(0.013129319102212,0.103302156302753,0.084005081653283));
#3929=CARTESIAN_POINT('Ctrl Pts',(0.0131293191022034,0.096697843697252,
0.0845933169474007));
#3930=CARTESIAN_POINT('Ctrl Pts',(0.010004861361221,0.0908793637569502,
0.0851815522415183));
#3931=CARTESIAN_POINT('Ctrl Pts',(0.00449949062053962,0.0872313728031945,
0.085769787535636));
#3932=CARTESIAN_POINT('Ctrl Pts',(-0.00207664915167842,0.0866220037137051,
0.0863580228297536));
#3933=CARTESIAN_POINT('Ctrl Pts',(-0.00815859707230475,0.0891962714701317,
0.0869462581238714));
#3934=CARTESIAN_POINT('Ctrl Pts',(-0.0122989978662505,0.0943415631291615,
0.0875344934179889));
#3935=CARTESIAN_POINT('Ctrl Pts',(-0.0135125371230187,0.100833424762258,
0.0881227287121066));
#3936=CARTESIAN_POINT('Ctrl Pts',(-0.0115104220959869,0.107126951627976,
0.0887109640062242));
#3937=CARTESIAN_POINT('Ctrl Pts',(-0.00676910733286345,0.111724437822407,
0.0892991993003419));
#3938=CARTESIAN_POINT('Ctrl Pts',(-0.000416910113377068,0.113531793757395,
0.0898874345944596));
#3939=CARTESIAN_POINT('Ctrl Pts',(0.00603450154525089,0.112118912799243,
0.0904756698885771));
#3940=CARTESIAN_POINT('Ctrl Pts',(0.011049849008982,0.107822026157844,0.0910639051826948));
#3941=CARTESIAN_POINT('Ctrl Pts',(0.0134356018986087,0.101663688058923,
0.0916521404768125));
#3942=CARTESIAN_POINT('Ctrl Pts',(0.0126240092115051,0.0951094327769535,
0.0922403757709301));
#3943=CARTESIAN_POINT('Ctrl Pts',(0.00880821021361535,0.0897190132201201,
0.0928286110650478));
#3944=CARTESIAN_POINT('Ctrl Pts',(0.00289627200455038,0.0867752177783164,
0.0934168463591654));
#3945=CARTESIAN_POINT('Ctrl Pts',(-0.0037049083056605,0.0869785979717256,
0.0940050816532831));
#3946=CARTESIAN_POINT('Ctrl Pts',(-0.00942441079654558,0.0902807542744688,
0.0945933169474007));
#3947=CARTESIAN_POINT('Ctrl Pts',(-0.01290113336577,0.0958958540213683,
0.0951815522415184));
#3948=CARTESIAN_POINT('Ctrl Pts',(-0.0133077008341556,0.102487640416925,
0.095769787535636));
#3949=CARTESIAN_POINT('Ctrl Pts',(-0.0105473600598264,0.108487429063249,
0.0963580228297537));
#3950=CARTESIAN_POINT('Ctrl Pts',(-0.00527700482630412,0.112467416588791,
0.0969462581238713));
#3951=CARTESIAN_POINT('Ctrl Pts',(0.00124914885726863,0.113480463028683,
0.0975344934179889));
#3952=CARTESIAN_POINT('Ctrl Pts',(0.00747803557776776,0.111285488036985,
0.0981227287121067));
#3953=CARTESIAN_POINT('Ctrl Pts',(0.011927332209364,0.106404842129418,0.0987109640062241));
#3954=CARTESIAN_POINT('Ctrl Pts',(0.0135382146657269,0.0999999999999999,
0.0992991993003419));
#3955=CARTESIAN_POINT('Ctrl Pts',(0.011927332209364,0.0935951578705819,
0.0998874345944595));
#3956=CARTESIAN_POINT('Ctrl Pts',(0.00747803557776777,0.0887145119630145,
0.100475669888577));
#3957=CARTESIAN_POINT('Ctrl Pts',(0.00124914885726866,0.0865195369713171,
0.101063905182695));
#3958=CARTESIAN_POINT('Ctrl Pts',(-0.0052770048263041,0.0875325834112089,
0.101652140476812));
#3959=CARTESIAN_POINT('Ctrl Pts',(-0.0105473600598263,0.0915125709367511,
0.10224037577093));
#3960=CARTESIAN_POINT('Ctrl Pts',(-0.0133077008341556,0.0975123595830755,
0.102828611065048));
#3961=CARTESIAN_POINT('Ctrl Pts',(-0.01290113336577,0.104104145978631,0.103416846359165));
#3962=CARTESIAN_POINT('Ctrl Pts',(-0.00942441079654563,0.109719245725531,
0.104005081653283));
#3963=CARTESIAN_POINT('Ctrl Pts',(-0.00370490830566056,0.113021402028274,
0.104593316947401));
#3964=CARTESIAN_POINT('Ctrl Pts',(0.00289627200455035,0.113224782221684,
0.105181552241518));
#3965=CARTESIAN_POINT('Ctrl Pts',(0.00880821021361532,0.11028098677988,
0.105769787535636));
#3966=CARTESIAN_POINT('Ctrl Pts',(0.0126240092115051,0.104890567223047,
0.106358022829754));
#3967=CARTESIAN_POINT('Ctrl Pts',(0.0134356018986087,0.0983363119410768,
0.106946258123871));
#3968=CARTESIAN_POINT('Ctrl Pts',(0.011049849008982,0.0921779738421556,
0.107534493417989));
#3969=CARTESIAN_POINT('Ctrl Pts',(0.00603450154525091,0.0878810872007565,
0.108122728712107));
#3970=CARTESIAN_POINT('Ctrl Pts',(-0.000416910113377024,0.0864682062426053,
0.108710964006224));
#3971=CARTESIAN_POINT('Ctrl Pts',(-0.00676910733286344,0.0882755621775935,
0.109299199300342));
#3972=CARTESIAN_POINT('Ctrl Pts',(-0.0115104220959869,0.0928730483720234,
0.10988743459446));
#3973=CARTESIAN_POINT('Ctrl Pts',(-0.0135125371230187,0.0991665752377421,
0.110475669888577));
#3974=CARTESIAN_POINT('Ctrl Pts',(-0.0122989978662506,0.105658436870838,
0.111063905182695));
#3975=CARTESIAN_POINT('Ctrl Pts',(-0.00815859707230478,0.110803728529868,
0.111652140476812));
#3976=CARTESIAN_POINT('Ctrl Pts',(-0.00207664915167849,0.113377996286295,
0.11224037577093));
#3977=CARTESIAN_POINT('Ctrl Pts',(0.00449949062053955,0.112768627196806,
0.112828611065048));
#3978=CARTESIAN_POINT('Ctrl Pts',(0.0100048613612209,0.10912063624305,0.113416846359165));
#3979=CARTESIAN_POINT('Ctrl Pts',(0.0131293191022034,0.103302156302748,
0.114005081653283));
#3980=CARTESIAN_POINT('Ctrl Pts',(0.013129319102212,0.0966978436972467,
0.114593316947401));
#3981=CARTESIAN_POINT('Ctrl Pts',(0.0100048613612072,0.0908793637569691,
0.115181552241518));
#3982=CARTESIAN_POINT('Ctrl Pts',(0.00449949062056658,0.0872313728031508,
0.115769787535636));
#3983=CARTESIAN_POINT('Ctrl Pts',(-0.00207664915173443,0.0866220037137994,
0.116358022829754));
#3984=CARTESIAN_POINT('Ctrl Pts',(-0.00815859707218685,0.0891962714699315,
0.116946258123871));
#3985=CARTESIAN_POINT('Ctrl Pts',(-0.0122989978664997,0.0943415631295854,
0.117534493417989));
#3986=CARTESIAN_POINT('Ctrl Pts',(-0.013512537122492,0.100833424761361,
0.118122728712107));
#3987=CARTESIAN_POINT('Ctrl Pts',(-0.0115104220971008,0.107126951629873,
0.118710964006224));
#3988=CARTESIAN_POINT('Ctrl Pts',(-0.00676910733050803,0.111724437818396,
0.119299199300342));
#3989=CARTESIAN_POINT('Ctrl Pts',(-0.000416910118358305,0.113531793765875,
0.11988743459446));
#3990=CARTESIAN_POINT('Ctrl Pts',(0.0060345015557849,0.11211891278131,0.120475669888577));
#3991=CARTESIAN_POINT('Ctrl Pts',(0.0110498489867051,0.107822026195768,
0.121063905182695));
#3992=CARTESIAN_POINT('Ctrl Pts',(0.0134356019457189,0.101663687978723,
0.121652140476812));
#3993=CARTESIAN_POINT('Ctrl Pts',(0.0126240091118786,0.0951094329465566,
0.12224037577093));
#3994=CARTESIAN_POINT('Ctrl Pts',(0.00880821042430049,0.0897190128614512,
0.122828611065048));
#3995=CARTESIAN_POINT('Ctrl Pts',(0.00289627155900032,0.0867752185368139,
0.123416846359165));
#3996=CARTESIAN_POINT('Ctrl Pts',(-0.00370490736345063,0.0869785963676937,
0.124005081653283));
#3997=CARTESIAN_POINT('Ctrl Pts',(-0.00942441278923109,0.0902807576666359,
0.124593316947401));
#3998=CARTESIAN_POINT('Ctrl Pts',(-0.0129011291527758,0.0958958468480076,
0.125181552241518));
#3999=CARTESIAN_POINT('Ctrl Pts',(-0.013307709751312,0.102487655588605,
0.125769787535636));
#4000=CARTESIAN_POINT('Ctrl Pts',(-0.0105473412587906,0.108487396991855,
0.126358022829754));
#4001=CARTESIAN_POINT('Ctrl Pts',(-0.00527704500364226,0.112467484509305,
0.126946258123871));
#4002=CARTESIAN_POINT('Ctrl Pts',(0.00124923078907663,0.113480320071612,
0.127534493417989));
#4003=CARTESIAN_POINT('Ctrl Pts',(0.00747783922782893,0.111285796116656,
0.128122728712107));
#4004=CARTESIAN_POINT('Ctrl Pts',(0.0119275937295439,0.106404217097456,
0.128710964006224));
#4005=CARTESIAN_POINT('Ctrl Pts',(0.013,0.10213596697071,0.129103120868969));
#4006=CARTESIAN_POINT('Ctrl Pts',(0.013,0.1,0.129299199300342));
#4007=CARTESIAN_POINT('Ctrl Pts',(0.013,0.1,0.069));
#4008=CARTESIAN_POINT('Ctrl Pts',(0.013,0.0978645383269716,0.0691960784313726));
#4009=CARTESIAN_POINT('Ctrl Pts',(0.0119273930707485,0.093595646758162,
0.0695882352941177));
#4010=CARTESIAN_POINT('Ctrl Pts',(0.00747776463299151,0.0887144748222874,
0.0701764705882353));
#4011=CARTESIAN_POINT('Ctrl Pts',(0.00124920202192173,0.0865198117453211,
0.070764705882353));
#4012=CARTESIAN_POINT('Ctrl Pts',(-0.00527696696089414,0.0875327116700681,
0.0713529411764706));
#4013=CARTESIAN_POINT('Ctrl Pts',(-0.0105471993574422,0.0915127074230161,
0.0719411764705882));
#4014=CARTESIAN_POINT('Ctrl Pts',(-0.013307526074157,0.0975123841523423,
0.0725294117647059));
#4015=CARTESIAN_POINT('Ctrl Pts',(-0.0129009529146631,0.104104094228527,
0.0731176470588235));
#4016=CARTESIAN_POINT('Ctrl Pts',(-0.00942428332482992,0.109719110372363,
0.0737058823529412));
#4017=CARTESIAN_POINT('Ctrl Pts',(-0.00370485671388139,0.113021224550354,
0.0742941176470588));
#4018=CARTESIAN_POINT('Ctrl Pts',(0.00289623192288564,0.113224600472073,
0.0748823529411765));
#4019=CARTESIAN_POINT('Ctrl Pts',(0.00880808965948751,0.110280846082826,
0.0754705882352941));
#4020=CARTESIAN_POINT('Ctrl Pts',(0.0126238360876968,0.104890500081106,
0.0760588235294117));
#4021=CARTESIAN_POINT('Ctrl Pts',(0.013435417776113,0.0983363347957619,
0.0766470588235294));
#4022=CARTESIAN_POINT('Ctrl Pts',(0.011049697528674,0.0921780810354966,
0.077235294117647));
#4023=CARTESIAN_POINT('Ctrl Pts',(0.00603441883887432,0.087881253326964,
0.0778235294117647));
#4024=CARTESIAN_POINT('Ctrl Pts',(-0.000416904403028762,0.0864683917186988,
0.0784117647058823));
#4025=CARTESIAN_POINT('Ctrl Pts',(-0.00676901454612685,0.0882757228879543,
0.079));
#4026=CARTESIAN_POINT('Ctrl Pts',(-0.0115102643226317,0.0928731460605498,
0.0795882352941176));
#4027=CARTESIAN_POINT('Ctrl Pts',(-0.0135123519050992,0.0991665866621276,
0.0801764705882353));
#4028=CARTESIAN_POINT('Ctrl Pts',(-0.01229882928308,0.105658359309908,0.0807647058823529));
#4029=CARTESIAN_POINT('Ctrl Pts',(-0.00815848524163654,0.11080358044239,
0.0813529411764706));
#4030=CARTESIAN_POINT('Ctrl Pts',(-0.00207662068692428,0.113377812912931,
0.0819411764705882));
#4031=CARTESIAN_POINT('Ctrl Pts',(0.00449942894567153,0.1127684521762,0.0825294117647059));
#4032=CARTESIAN_POINT('Ctrl Pts',(0.0100047242237441,0.109120511225721,
0.0831176470588236));
#4033=CARTESIAN_POINT('Ctrl Pts',(0.0131291391375448,0.103302111039819,
0.0837058823529411));
#4034=CARTESIAN_POINT('Ctrl Pts',(0.0131291391375374,0.0966978889601842,
0.0842941176470588));
#4035=CARTESIAN_POINT('Ctrl Pts',(0.0100047242237559,0.0908794887742671,
0.0848823529411765));
#4036=CARTESIAN_POINT('Ctrl Pts',(0.00449942894564842,0.0872315478238274,
0.0854705882352941));
#4037=CARTESIAN_POINT('Ctrl Pts',(-0.00207662068687622,0.0866221870870101,
0.0860588235294117));
#4038=CARTESIAN_POINT('Ctrl Pts',(-0.00815848524173767,0.0891964195577353,
0.0866470588235294));
#4039=CARTESIAN_POINT('Ctrl Pts',(-0.0122988292828662,0.0943416406898253,
0.087235294117647));
#4040=CARTESIAN_POINT('Ctrl Pts',(-0.0135123519055511,0.100833413338436,
0.0878235294117647));
#4041=CARTESIAN_POINT('Ctrl Pts',(-0.0115102643216761,0.107126853938259,
0.0884117647058824));
#4042=CARTESIAN_POINT('Ctrl Pts',(-0.00676901454814754,0.111724277114564,
0.089));
#4043=CARTESIAN_POINT('Ctrl Pts',(-0.000416904398755553,0.113531608275975,
0.0895882352941177));
#4044=CARTESIAN_POINT('Ctrl Pts',(0.00603441882983748,0.1121187466843,0.0901764705882353));
#4045=CARTESIAN_POINT('Ctrl Pts',(0.0110496975477847,0.107821918940683,
0.090764705882353));
#4046=CARTESIAN_POINT('Ctrl Pts',(0.0134354177356986,0.101663665254613,
0.0913529411764706));
#4047=CARTESIAN_POINT('Ctrl Pts',(0.0126238361731633,0.0951094998123642,
0.0919411764705882));
#4048=CARTESIAN_POINT('Ctrl Pts',(0.00880808947874705,0.0897191541424591,
0.0925294117647059));
#4049=CARTESIAN_POINT('Ctrl Pts',(0.00289623230510969,0.0867753990515037,
0.0931176470588235));
#4050=CARTESIAN_POINT('Ctrl Pts',(-0.00370485752217493,0.0869787764571636,
0.0937058823529412));
#4051=CARTESIAN_POINT('Ctrl Pts',(-0.00942428161536477,0.0902808874969764,
0.0942941176470588));
#4052=CARTESIAN_POINT('Ctrl Pts',(-0.0129009565288644,0.095895910277238,
0.0948823529411765));
#4053=CARTESIAN_POINT('Ctrl Pts',(-0.013307518424396,0.102487606318631,
0.0954705882352941));
#4054=CARTESIAN_POINT('Ctrl Pts',(-0.0105472154862868,0.108487312725354,
0.0960588235294117));
#4055=CARTESIAN_POINT('Ctrl Pts',(-0.00527693249396109,0.112467245696877,
0.0966470588235294));
#4056=CARTESIAN_POINT('Ctrl Pts',(0.00124913173508159,0.113480278250858,
0.097235294117647));
#4057=CARTESIAN_POINT('Ctrl Pts',(0.00747793307571356,0.111285333345864,
0.0978235294117648));
#4058=CARTESIAN_POINT('Ctrl Pts',(0.0119271687204317,0.106404754337716,
0.0984117647058823));
#4059=CARTESIAN_POINT('Ctrl Pts',(0.013538029096295,0.1,0.099));
#4060=CARTESIAN_POINT('Ctrl Pts',(0.0119271687204317,0.0935952456622844,
0.0995882352941177));
#4061=CARTESIAN_POINT('Ctrl Pts',(0.00747793307571359,0.0887146666541356,
0.100176470588235));
#4062=CARTESIAN_POINT('Ctrl Pts',(0.00124913173508162,0.0865197217491423,
0.100764705882353));
#4063=CARTESIAN_POINT('Ctrl Pts',(-0.00527693249396106,0.0875327543031226,
0.101352941176471));
#4064=CARTESIAN_POINT('Ctrl Pts',(-0.0105472154862868,0.0915126872746456,
0.101941176470588));
#4065=CARTESIAN_POINT('Ctrl Pts',(-0.013307518424396,0.0975123936813691,
0.102529411764706));
#4066=CARTESIAN_POINT('Ctrl Pts',(-0.0129009565288645,0.104104089722762,
0.103117647058824));
#4067=CARTESIAN_POINT('Ctrl Pts',(-0.00942428161536481,0.109719112503024,
0.103705882352941));
#4068=CARTESIAN_POINT('Ctrl Pts',(-0.00370485752217499,0.113021223542836,
0.104294117647059));
#4069=CARTESIAN_POINT('Ctrl Pts',(0.00289623230510965,0.113224600948496,
0.104882352941176));
#4070=CARTESIAN_POINT('Ctrl Pts',(0.00880808947874703,0.110280845857541,
0.105470588235294));
#4071=CARTESIAN_POINT('Ctrl Pts',(0.0126238361731633,0.104890500187636,
0.106058823529412));
#4072=CARTESIAN_POINT('Ctrl Pts',(0.0134354177356986,0.0983363347453872,
0.106647058823529));
#4073=CARTESIAN_POINT('Ctrl Pts',(0.0110496975477847,0.0921780810593172,
0.107235294117647));
#4074=CARTESIAN_POINT('Ctrl Pts',(0.0060344188298375,0.0878812533156999,
0.107823529411765));
#4075=CARTESIAN_POINT('Ctrl Pts',(-0.000416904398755508,0.0864683917240252,
0.108411764705882));
#4076=CARTESIAN_POINT('Ctrl Pts',(-0.00676901454814752,0.0882757228854356,
0.109));
#4077=CARTESIAN_POINT('Ctrl Pts',(-0.0115102643216761,0.0928731460617408,
0.109588235294118));
#4078=CARTESIAN_POINT('Ctrl Pts',(-0.0135123519055511,0.0991665866615644,
0.110176470588235));
#4079=CARTESIAN_POINT('Ctrl Pts',(-0.0122988292828663,0.105658359310175,
0.110764705882353));
#4080=CARTESIAN_POINT('Ctrl Pts',(-0.0081584852417377,0.110803580442265,
0.111352941176471));
#4081=CARTESIAN_POINT('Ctrl Pts',(-0.00207662068687629,0.11337781291299,
0.111941176470588));
#4082=CARTESIAN_POINT('Ctrl Pts',(0.00449942894564834,0.112768452176173,
0.112529411764706));
#4083=CARTESIAN_POINT('Ctrl Pts',(0.0100047242237559,0.109120511225733,
0.113117647058823));
#4084=CARTESIAN_POINT('Ctrl Pts',(0.0131291391375374,0.103302111039816,
0.113705882352941));
#4085=CARTESIAN_POINT('Ctrl Pts',(0.0131291391375448,0.0966978889601809,
0.114294117647059));
#4086=CARTESIAN_POINT('Ctrl Pts',(0.0100047242237441,0.090879488774279,
0.114882352941177));
#4087=CARTESIAN_POINT('Ctrl Pts',(0.00449942894567153,0.0872315478238,0.115470588235294));
#4088=CARTESIAN_POINT('Ctrl Pts',(-0.00207662068692427,0.0866221870870693,
0.116058823529412));
#4089=CARTESIAN_POINT('Ctrl Pts',(-0.00815848524163652,0.0891964195576095,
0.116647058823529));
#4090=CARTESIAN_POINT('Ctrl Pts',(-0.0122988292830799,0.0943416406900915,
0.117235294117647));
#4091=CARTESIAN_POINT('Ctrl Pts',(-0.0135123519050992,0.100833413337872,
0.117823529411765));
#4092=CARTESIAN_POINT('Ctrl Pts',(-0.0115102643226317,0.10712685393945,
0.118411764705882));
#4093=CARTESIAN_POINT('Ctrl Pts',(-0.0067690145461269,0.111724277112046,
0.119));
#4094=CARTESIAN_POINT('Ctrl Pts',(-0.000416904403028811,0.113531608281301,
0.119588235294118));
#4095=CARTESIAN_POINT('Ctrl Pts',(0.00603441883887429,0.112118746673036,
0.120176470588235));
#4096=CARTESIAN_POINT('Ctrl Pts',(0.011049697528674,0.107821918964503,0.120764705882353));
#4097=CARTESIAN_POINT('Ctrl Pts',(0.013435417776113,0.101663665204238,0.121352941176471));
#4098=CARTESIAN_POINT('Ctrl Pts',(0.0126238360876968,0.0951094999188944,
0.121941176470588));
#4099=CARTESIAN_POINT('Ctrl Pts',(0.00880808965948752,0.0897191539171738,
0.122529411764706));
#4100=CARTESIAN_POINT('Ctrl Pts',(0.00289623192288566,0.0867753995279268,
0.123117647058823));
#4101=CARTESIAN_POINT('Ctrl Pts',(-0.00370485671388134,0.0869787754496465,
0.123705882352941));
#4102=CARTESIAN_POINT('Ctrl Pts',(-0.00942428332482987,0.0902808896276365,
0.124294117647059));
#4103=CARTESIAN_POINT('Ctrl Pts',(-0.0129009529146631,0.0958959057714733,
0.124882352941176));
#4104=CARTESIAN_POINT('Ctrl Pts',(-0.013307526074157,0.102487615847658,
0.125470588235294));
#4105=CARTESIAN_POINT('Ctrl Pts',(-0.0105471993574423,0.108487292576984,
0.126058823529412));
#4106=CARTESIAN_POINT('Ctrl Pts',(-0.00527696696089416,0.112467288329932,
0.126647058823529));
#4107=CARTESIAN_POINT('Ctrl Pts',(0.00124920202192173,0.113480188254679,
0.127235294117647));
#4108=CARTESIAN_POINT('Ctrl Pts',(0.00747776463299153,0.111285525177713,
0.127823529411765));
#4109=CARTESIAN_POINT('Ctrl Pts',(0.0119273930707485,0.106404353241838,
0.128411764705882));
#4110=CARTESIAN_POINT('Ctrl Pts',(0.013,0.102135461673028,0.128803921568627));
#4111=CARTESIAN_POINT('Ctrl Pts',(0.013,0.1,0.129));
#4112=CARTESIAN_POINT('',(0.013,0.1,0.069));
#4113=CARTESIAN_POINT('',(0.011,0.1,0.069));
#4114=CARTESIAN_POINT('Origin',(0.012,0.1,0.069));
#4115=CARTESIAN_POINT('Origin',(0.012,0.1,0.069));
#4116=CARTESIAN_POINT('',(0.013,0.1,0.129));
#4117=CARTESIAN_POINT('Ctrl Pts',(0.013,0.1,0.069));
#4118=CARTESIAN_POINT('Ctrl Pts',(0.013,0.0978645383269716,0.0691960784313726));
#4119=CARTESIAN_POINT('Ctrl Pts',(0.0119273930707485,0.093595646758162,
0.0695882352941177));
#4120=CARTESIAN_POINT('Ctrl Pts',(0.00747776463299151,0.0887144748222874,
0.0701764705882353));
#4121=CARTESIAN_POINT('Ctrl Pts',(0.00124920202192173,0.0865198117453211,
0.070764705882353));
#4122=CARTESIAN_POINT('Ctrl Pts',(-0.00527696696089414,0.0875327116700681,
0.0713529411764706));
#4123=CARTESIAN_POINT('Ctrl Pts',(-0.0105471993574422,0.0915127074230161,
0.0719411764705882));
#4124=CARTESIAN_POINT('Ctrl Pts',(-0.013307526074157,0.0975123841523423,
0.0725294117647059));
#4125=CARTESIAN_POINT('Ctrl Pts',(-0.0129009529146631,0.104104094228527,
0.0731176470588235));
#4126=CARTESIAN_POINT('Ctrl Pts',(-0.00942428332482992,0.109719110372363,
0.0737058823529412));
#4127=CARTESIAN_POINT('Ctrl Pts',(-0.00370485671388139,0.113021224550354,
0.0742941176470588));
#4128=CARTESIAN_POINT('Ctrl Pts',(0.00289623192288564,0.113224600472073,
0.0748823529411765));
#4129=CARTESIAN_POINT('Ctrl Pts',(0.00880808965948751,0.110280846082826,
0.0754705882352941));
#4130=CARTESIAN_POINT('Ctrl Pts',(0.0126238360876968,0.104890500081106,
0.0760588235294117));
#4131=CARTESIAN_POINT('Ctrl Pts',(0.013435417776113,0.0983363347957619,
0.0766470588235294));
#4132=CARTESIAN_POINT('Ctrl Pts',(0.011049697528674,0.0921780810354966,
0.077235294117647));
#4133=CARTESIAN_POINT('Ctrl Pts',(0.00603441883887432,0.087881253326964,
0.0778235294117647));
#4134=CARTESIAN_POINT('Ctrl Pts',(-0.000416904403028762,0.0864683917186988,
0.0784117647058823));
#4135=CARTESIAN_POINT('Ctrl Pts',(-0.00676901454612685,0.0882757228879543,
0.079));
#4136=CARTESIAN_POINT('Ctrl Pts',(-0.0115102643226317,0.0928731460605498,
0.0795882352941176));
#4137=CARTESIAN_POINT('Ctrl Pts',(-0.0135123519050992,0.0991665866621276,
0.0801764705882353));
#4138=CARTESIAN_POINT('Ctrl Pts',(-0.01229882928308,0.105658359309908,0.0807647058823529));
#4139=CARTESIAN_POINT('Ctrl Pts',(-0.00815848524163654,0.11080358044239,
0.0813529411764706));
#4140=CARTESIAN_POINT('Ctrl Pts',(-0.00207662068692428,0.113377812912931,
0.0819411764705882));
#4141=CARTESIAN_POINT('Ctrl Pts',(0.00449942894567153,0.1127684521762,0.0825294117647059));
#4142=CARTESIAN_POINT('Ctrl Pts',(0.0100047242237441,0.109120511225721,
0.0831176470588236));
#4143=CARTESIAN_POINT('Ctrl Pts',(0.0131291391375448,0.103302111039819,
0.0837058823529411));
#4144=CARTESIAN_POINT('Ctrl Pts',(0.0131291391375374,0.0966978889601842,
0.0842941176470588));
#4145=CARTESIAN_POINT('Ctrl Pts',(0.0100047242237559,0.0908794887742671,
0.0848823529411765));
#4146=CARTESIAN_POINT('Ctrl Pts',(0.00449942894564842,0.0872315478238274,
0.0854705882352941));
#4147=CARTESIAN_POINT('Ctrl Pts',(-0.00207662068687622,0.0866221870870101,
0.0860588235294117));
#4148=CARTESIAN_POINT('Ctrl Pts',(-0.00815848524173767,0.0891964195577353,
0.0866470588235294));
#4149=CARTESIAN_POINT('Ctrl Pts',(-0.0122988292828662,0.0943416406898253,
0.087235294117647));
#4150=CARTESIAN_POINT('Ctrl Pts',(-0.0135123519055511,0.100833413338436,
0.0878235294117647));
#4151=CARTESIAN_POINT('Ctrl Pts',(-0.0115102643216761,0.107126853938259,
0.0884117647058824));
#4152=CARTESIAN_POINT('Ctrl Pts',(-0.00676901454814754,0.111724277114564,
0.089));
#4153=CARTESIAN_POINT('Ctrl Pts',(-0.000416904398755553,0.113531608275975,
0.0895882352941177));
#4154=CARTESIAN_POINT('Ctrl Pts',(0.00603441882983748,0.1121187466843,0.0901764705882353));
#4155=CARTESIAN_POINT('Ctrl Pts',(0.0110496975477847,0.107821918940683,
0.090764705882353));
#4156=CARTESIAN_POINT('Ctrl Pts',(0.0134354177356986,0.101663665254613,
0.0913529411764706));
#4157=CARTESIAN_POINT('Ctrl Pts',(0.0126238361731633,0.0951094998123642,
0.0919411764705882));
#4158=CARTESIAN_POINT('Ctrl Pts',(0.00880808947874705,0.0897191541424591,
0.0925294117647059));
#4159=CARTESIAN_POINT('Ctrl Pts',(0.00289623230510969,0.0867753990515037,
0.0931176470588235));
#4160=CARTESIAN_POINT('Ctrl Pts',(-0.00370485752217493,0.0869787764571636,
0.0937058823529412));
#4161=CARTESIAN_POINT('Ctrl Pts',(-0.00942428161536477,0.0902808874969764,
0.0942941176470588));
#4162=CARTESIAN_POINT('Ctrl Pts',(-0.0129009565288644,0.095895910277238,
0.0948823529411765));
#4163=CARTESIAN_POINT('Ctrl Pts',(-0.013307518424396,0.102487606318631,
0.0954705882352941));
#4164=CARTESIAN_POINT('Ctrl Pts',(-0.0105472154862868,0.108487312725354,
0.0960588235294117));
#4165=CARTESIAN_POINT('Ctrl Pts',(-0.00527693249396109,0.112467245696877,
0.0966470588235294));
#4166=CARTESIAN_POINT('Ctrl Pts',(0.00124913173508159,0.113480278250858,
0.097235294117647));
#4167=CARTESIAN_POINT('Ctrl Pts',(0.00747793307571356,0.111285333345864,
0.0978235294117648));
#4168=CARTESIAN_POINT('Ctrl Pts',(0.0119271687204317,0.106404754337716,
0.0984117647058823));
#4169=CARTESIAN_POINT('Ctrl Pts',(0.013538029096295,0.1,0.099));
#4170=CARTESIAN_POINT('Ctrl Pts',(0.0119271687204317,0.0935952456622844,
0.0995882352941177));
#4171=CARTESIAN_POINT('Ctrl Pts',(0.00747793307571359,0.0887146666541356,
0.100176470588235));
#4172=CARTESIAN_POINT('Ctrl Pts',(0.00124913173508162,0.0865197217491423,
0.100764705882353));
#4173=CARTESIAN_POINT('Ctrl Pts',(-0.00527693249396106,0.0875327543031226,
0.101352941176471));
#4174=CARTESIAN_POINT('Ctrl Pts',(-0.0105472154862868,0.0915126872746456,
0.101941176470588));
#4175=CARTESIAN_POINT('Ctrl Pts',(-0.013307518424396,0.0975123936813691,
0.102529411764706));
#4176=CARTESIAN_POINT('Ctrl Pts',(-0.0129009565288645,0.104104089722762,
0.103117647058824));
#4177=CARTESIAN_POINT('Ctrl Pts',(-0.00942428161536481,0.109719112503024,
0.103705882352941));
#4178=CARTESIAN_POINT('Ctrl Pts',(-0.00370485752217499,0.113021223542836,
0.104294117647059));
#4179=CARTESIAN_POINT('Ctrl Pts',(0.00289623230510965,0.113224600948496,
0.104882352941176));
#4180=CARTESIAN_POINT('Ctrl Pts',(0.00880808947874703,0.110280845857541,
0.105470588235294));
#4181=CARTESIAN_POINT('Ctrl Pts',(0.0126238361731633,0.104890500187636,
0.106058823529412));
#4182=CARTESIAN_POINT('Ctrl Pts',(0.0134354177356986,0.0983363347453872,
0.106647058823529));
#4183=CARTESIAN_POINT('Ctrl Pts',(0.0110496975477847,0.0921780810593172,
0.107235294117647));
#4184=CARTESIAN_POINT('Ctrl Pts',(0.0060344188298375,0.0878812533156999,
0.107823529411765));
#4185=CARTESIAN_POINT('Ctrl Pts',(-0.000416904398755508,0.0864683917240252,
0.108411764705882));
#4186=CARTESIAN_POINT('Ctrl Pts',(-0.00676901454814752,0.0882757228854356,
0.109));
#4187=CARTESIAN_POINT('Ctrl Pts',(-0.0115102643216761,0.0928731460617408,
0.109588235294118));
#4188=CARTESIAN_POINT('Ctrl Pts',(-0.0135123519055511,0.0991665866615644,
0.110176470588235));
#4189=CARTESIAN_POINT('Ctrl Pts',(-0.0122988292828663,0.105658359310175,
0.110764705882353));
#4190=CARTESIAN_POINT('Ctrl Pts',(-0.0081584852417377,0.110803580442265,
0.111352941176471));
#4191=CARTESIAN_POINT('Ctrl Pts',(-0.00207662068687629,0.11337781291299,
0.111941176470588));
#4192=CARTESIAN_POINT('Ctrl Pts',(0.00449942894564834,0.112768452176173,
0.112529411764706));
#4193=CARTESIAN_POINT('Ctrl Pts',(0.0100047242237559,0.109120511225733,
0.113117647058823));
#4194=CARTESIAN_POINT('Ctrl Pts',(0.0131291391375374,0.103302111039816,
0.113705882352941));
#4195=CARTESIAN_POINT('Ctrl Pts',(0.0131291391375448,0.0966978889601809,
0.114294117647059));
#4196=CARTESIAN_POINT('Ctrl Pts',(0.0100047242237441,0.090879488774279,
0.114882352941177));
#4197=CARTESIAN_POINT('Ctrl Pts',(0.00449942894567153,0.0872315478238,0.115470588235294));
#4198=CARTESIAN_POINT('Ctrl Pts',(-0.00207662068692427,0.0866221870870693,
0.116058823529412));
#4199=CARTESIAN_POINT('Ctrl Pts',(-0.00815848524163652,0.0891964195576095,
0.116647058823529));
#4200=CARTESIAN_POINT('Ctrl Pts',(-0.0122988292830799,0.0943416406900915,
0.117235294117647));
#4201=CARTESIAN_POINT('Ctrl Pts',(-0.0135123519050992,0.100833413337872,
0.117823529411765));
#4202=CARTESIAN_POINT('Ctrl Pts',(-0.0115102643226317,0.10712685393945,
0.118411764705882));
#4203=CARTESIAN_POINT('Ctrl Pts',(-0.0067690145461269,0.111724277112046,
0.119));
#4204=CARTESIAN_POINT('Ctrl Pts',(-0.000416904403028811,0.113531608281301,
0.119588235294118));
#4205=CARTESIAN_POINT('Ctrl Pts',(0.00603441883887429,0.112118746673036,
0.120176470588235));
#4206=CARTESIAN_POINT('Ctrl Pts',(0.011049697528674,0.107821918964503,0.120764705882353));
#4207=CARTESIAN_POINT('Ctrl Pts',(0.013435417776113,0.101663665204238,0.121352941176471));
#4208=CARTESIAN_POINT('Ctrl Pts',(0.0126238360876968,0.0951094999188944,
0.121941176470588));
#4209=CARTESIAN_POINT('Ctrl Pts',(0.00880808965948752,0.0897191539171738,
0.122529411764706));
#4210=CARTESIAN_POINT('Ctrl Pts',(0.00289623192288566,0.0867753995279268,
0.123117647058823));
#4211=CARTESIAN_POINT('Ctrl Pts',(-0.00370485671388134,0.0869787754496465,
0.123705882352941));
#4212=CARTESIAN_POINT('Ctrl Pts',(-0.00942428332482987,0.0902808896276365,
0.124294117647059));
#4213=CARTESIAN_POINT('Ctrl Pts',(-0.0129009529146631,0.0958959057714733,
0.124882352941176));
#4214=CARTESIAN_POINT('Ctrl Pts',(-0.013307526074157,0.102487615847658,
0.125470588235294));
#4215=CARTESIAN_POINT('Ctrl Pts',(-0.0105471993574423,0.108487292576984,
0.126058823529412));
#4216=CARTESIAN_POINT('Ctrl Pts',(-0.00527696696089416,0.112467288329932,
0.126647058823529));
#4217=CARTESIAN_POINT('Ctrl Pts',(0.00124920202192173,0.113480188254679,
0.127235294117647));
#4218=CARTESIAN_POINT('Ctrl Pts',(0.00747776463299153,0.111285525177713,
0.127823529411765));
#4219=CARTESIAN_POINT('Ctrl Pts',(0.0119273930707485,0.106404353241838,
0.128411764705882));
#4220=CARTESIAN_POINT('Ctrl Pts',(0.013,0.102135461673028,0.128803921568627));
#4221=CARTESIAN_POINT('Ctrl Pts',(0.013,0.1,0.129));
#4222=CARTESIAN_POINT('',(0.011,0.1,0.129));
#4223=CARTESIAN_POINT('Origin',(0.012,0.1,0.129));
#4224=CARTESIAN_POINT('Origin',(0.012,0.1,0.129));
#4225=CARTESIAN_POINT('Origin',(0.012,0.1002,0.069));
#4226=CARTESIAN_POINT('',(0.013,0.1002,0.069));
#4227=CARTESIAN_POINT('Origin',(0.012,0.1002,0.069));
#4228=CARTESIAN_POINT('Origin',(0.012,0.1,0.069));
#4229=CARTESIAN_POINT('',(0.013,0.1,0.069));
#4230=CARTESIAN_POINT('Origin',(0.012,0.0998,0.129));
#4231=CARTESIAN_POINT('',(0.011,0.0998,0.129));
#4232=CARTESIAN_POINT('Origin',(0.012,0.0998,0.129));
#4233=CARTESIAN_POINT('Origin',(0.012,0.1,0.129));
#4234=CARTESIAN_POINT('',(0.011,0.1,0.129));
#4235=UNCERTAINTY_MEASURE_WITH_UNIT(LENGTH_MEASURE(1.E-5),#4239,
'DISTANCE_ACCURACY_VALUE',
'Maximum model space distance between geometric entities at asserted c
onnectivities');
#4236=UNCERTAINTY_MEASURE_WITH_UNIT(LENGTH_MEASURE(1.E-5),#4239,
'DISTANCE_ACCURACY_VALUE',
'Maximum model space distance between geometric entities at asserted c
onnectivities');
#4237=(
GEOMETRIC_REPRESENTATION_CONTEXT(3)
GLOBAL_UNCERTAINTY_ASSIGNED_CONTEXT((#4235))
GLOBAL_UNIT_ASSIGNED_CONTEXT((#4239,#4240,#4241))
REPRESENTATION_CONTEXT('','3D')
);
#4238=(
GEOMETRIC_REPRESENTATION_CONTEXT(3)
GLOBAL_UNCERTAINTY_ASSIGNED_CONTEXT((#4236))
GLOBAL_UNIT_ASSIGNED_CONTEXT((#4239,#4240,#4241))
REPRESENTATION_CONTEXT('','3D')
);
#4239=(
LENGTH_UNIT()
NAMED_UNIT(*)
SI_UNIT($,.METRE.)
);
#4240=(
NAMED_UNIT(*)
PLANE_ANGLE_UNIT()
SI_UNIT($,.RADIAN.)
);
#4241=(
NAMED_UNIT(*)
SI_UNIT($,.STERADIAN.)
SOLID_ANGLE_UNIT()
);
#4242=SHAPE_DEFINITION_REPRESENTATION(#4243,#4244);
#4243=PRODUCT_DEFINITION_SHAPE('',$,#4246);
#4244=SHAPE_REPRESENTATION('',(#256,#16,#17),#4237);
#4245=PRODUCT_DEFINITION_CONTEXT('part definition',#4250,'design');
#4246=PRODUCT_DEFINITION('probe_out','probe_out v4',#4247,#4245);
#4247=PRODUCT_DEFINITION_FORMATION('',$,#4252);
#4248=PRODUCT_RELATED_PRODUCT_CATEGORY('probe_out v4','probe_out v4',(#4252));
#4249=APPLICATION_PROTOCOL_DEFINITION('international standard',
'automotive_design',2009,#4250);
#4250=APPLICATION_CONTEXT(
'Core Data for Automotive Mechanical Design Process');
#4251=PRODUCT_CONTEXT('part definition',#4250,'mechanical');
#4252=PRODUCT('probe_out','probe_out v4',$,(#4251));
#4253=PRESENTATION_STYLE_ASSIGNMENT((#4254));
#4254=SURFACE_STYLE_USAGE(.BOTH.,#4255);
#4255=SURFACE_SIDE_STYLE('',(#4256));
#4256=SURFACE_STYLE_FILL_AREA(#4257);
#4257=FILL_AREA_STYLE('Steel - Satin',(#4258));
#4258=FILL_AREA_STYLE_COLOUR('Steel - Satin',#4259);
#4259=COLOUR_RGB('Steel - Satin',0.627450980392157,0.627450980392157,0.627450980392157);
ENDSEC;
END-ISO-10303-21;
