ISO-10303-21;
HEADER;
/* Generated by software containing ST-Developer
 * from STEP Tools, Inc. (www.steptools.com) 
 */

FILE_DESCRIPTION(
/* description */ (''),
/* implementation_level */ '2;1');

FILE_NAME(
/* name */ 'probe_out.step',
/* time_stamp */ '2025-11-06T11:59:41-05:00',
/* author */ (''),
/* organization */ (''),
/* preprocessor_version */ 'ST-DEVELOPER v20.1',
/* originating_system */ 'Autodesk Translation Framework v14.17.0.0',
/* authorisation */ '');

FILE_SCHEMA (('AUTOMOTIVE_DESIGN { 1 0 10303 214 3 1 1 }'));
ENDSEC;

DATA;
#10=MECHANICAL_DESIGN_GEOMETRIC_PRESENTATION_REPRESENTATION('',(#13),#1460);
#11=SHAPE_REPRESENTATION_RELATIONSHIP('SRR','None',#1466,#12);
#12=ADVANCED_BREP_SHAPE_REPRESENTATION('',(#138),#1459);
#13=STYLED_ITEM('',(#1475),#138);
#14=FACE_BOUND('',#51,.T.);
#15=ORIENTED_CLOSED_SHELL('',*,#136,.F.);
#16=LINE('',#1368,#20);
#17=LINE('',#1373,#21);
#18=LINE('',#1378,#22);
#19=LINE('',#1453,#23);
#20=VECTOR('',#174,0.001);
#21=VECTOR('',#181,0.001);
#22=VECTOR('',#186,0.03);
#23=VECTOR('',#193,0.069);
#24=CYLINDRICAL_SURFACE('',#146,0.001);
#25=CYLINDRICAL_SURFACE('',#149,0.001);
#26=CYLINDRICAL_SURFACE('',#150,0.03);
#27=CYLINDRICAL_SURFACE('',#153,0.069);
#28=PLANE('',#144);
#29=PLANE('',#147);
#30=PLANE('',#152);
#31=PLANE('',#156);
#32=PLANE('',#157);
#33=FACE_OUTER_BOUND('',#43,.T.);
#34=FACE_OUTER_BOUND('',#44,.T.);
#35=FACE_OUTER_BOUND('',#45,.T.);
#36=FACE_OUTER_BOUND('',#46,.T.);
#37=FACE_OUTER_BOUND('',#47,.T.);
#38=FACE_OUTER_BOUND('',#48,.T.);
#39=FACE_OUTER_BOUND('',#49,.T.);
#40=FACE_OUTER_BOUND('',#50,.T.);
#41=FACE_OUTER_BOUND('',#52,.T.);
#42=FACE_OUTER_BOUND('',#53,.T.);
#43=EDGE_LOOP('',(#93,#94,#95,#96,#97,#98));
#44=EDGE_LOOP('',(#99));
#45=EDGE_LOOP('',(#100,#101,#102,#103,#104));
#46=EDGE_LOOP('',(#105));
#47=EDGE_LOOP('',(#106,#107,#108,#109,#110));
#48=EDGE_LOOP('',(#111,#112,#113,#114,#115));
#49=EDGE_LOOP('',(#116));
#50=EDGE_LOOP('',(#117,#118,#119,#120));
#51=EDGE_LOOP('',(#121,#122));
#52=EDGE_LOOP('',(#123));
#53=EDGE_LOOP('',(#124));
#54=B_SPLINE_CURVE_WITH_KNOTS('',3,(#1256,#1257,#1258,#1259,#1260,#1261,
#1262,#1263,#1264,#1265,#1266,#1267,#1268,#1269,#1270,#1271,#1272,#1273,
#1274,#1275,#1276,#1277,#1278,#1279,#1280,#1281,#1282,#1283,#1284,#1285,
#1286,#1287,#1288,#1289,#1290,#1291,#1292,#1293,#1294,#1295,#1296,#1297,
#1298,#1299,#1300,#1301,#1302,#1303,#1304,#1305,#1306,#1307,#1308,#1309,
#1310,#1311,#1312,#1313,#1314,#1315,#1316,#1317,#1318,#1319,#1320,#1321,
#1322,#1323,#1324,#1325,#1326,#1327,#1328,#1329,#1330,#1331,#1332,#1333,
#1334,#1335,#1336,#1337,#1338,#1339,#1340,#1341,#1342,#1343,#1344,#1345,
#1346,#1347,#1348,#1349,#1350,#1351,#1352,#1353,#1354,#1355,#1356,#1357,
#1358,#1359,#1360),.UNSPECIFIED.,.F.,.F.,(4,1,1,1,1,1,1,1,1,1,1,1,1,1,1,
1,1,1,1,1,1,1,1,1,1,1,1,1,1,1,1,1,1,1,1,1,1,1,1,1,1,1,1,1,1,1,1,1,1,1,1,
1,1,1,1,1,1,1,1,1,1,1,1,1,1,1,1,1,1,1,1,1,1,1,1,1,1,1,1,1,1,1,1,1,1,1,1,
1,1,1,1,1,1,1,1,1,1,1,1,1,1,1,4),(0.,0.492798847621928,0.985597695243857,
1.47839654286579,1.97119539048771,2.46399423810964,2.95679308573157,3.4495919333535,
3.94239078097543,4.43518962859735,4.92798847621928,5.42078732384121,5.91358617146314,
6.40638501908507,6.899183866707,7.39198271432893,7.88478156195085,8.37758040957278,
8.87037925719471,9.36317810481664,9.85597695243857,10.3487758000605,10.8415746476824,
11.3343734953044,11.8271723429263,12.3199711905482,12.8127700381701,13.3055688857921,
13.798367733414,14.2911665810359,14.7839654286578,15.2767642762798,15.7695631239017,
16.2623619715236,16.7551608191456,17.2479596667675,17.7407585143894,18.2335573620113,
18.7263562096333,19.2191550572552,19.7119539048771,20.2047527524991,20.697551600121,
21.1903504477429,21.6831492953648,22.1759481429868,22.6687469906087,23.1615458382306,
23.6543446858526,24.1471435334745,24.6399423810964,25.1327412287183,25.6255400763403,
26.1183389239622,26.6111377715841,27.1039366192061,27.596735466828,28.0895343144499,
28.5823331620718,29.0751320096938,29.5679308573157,30.0607297049376,30.5535285525596,
31.0463274001815,31.5391262478034,32.0319250954253,32.5247239430473,33.0175227906692,
33.5103216382911,34.0031204859131,34.495919333535,34.9887181811569,35.4815170287788,
35.9743158764008,36.4671147240227,36.9599135716446,37.4527124192666,37.9455112668885,
38.4383101145104,38.9311089621323,39.4239078097543,39.9167066573762,40.4095055049981,
40.90230435262,41.395103200242,41.8879020478639,42.3807008954858,42.8734997431078,
43.3662985907297,43.8590974383516,44.3518962859736,44.8446951335955,45.3374939812174,
45.8302928288393,46.3230916764613,46.8158905240832,47.3086893717051,47.801488219327,
48.294287066949,48.7870859145709,49.2798847621928,49.7726836098148,50.2654824574367),
 .UNSPECIFIED.);
#55=B_SPLINE_CURVE_WITH_KNOTS('',3,(#1380,#1381,#1382,#1383,#1384,#1385,
#1386,#1387,#1388,#1389,#1390,#1391,#1392,#1393,#1394,#1395,#1396,#1397,
#1398,#1399,#1400,#1401,#1402,#1403,#1404,#1405,#1406,#1407,#1408,#1409,
#1410,#1411,#1412,#1413),.UNSPECIFIED.,.F.,.F.,(4,2,2,2,2,2,2,2,2,2,2,2,
2,2,2,2,4),(0.,0.573875568865262,1.14775113773052,1.72162670659579,2.29550227546105,
2.8685419378108,3.44158160016055,4.0146212625103,4.58766092486005,5.1607005872098,
5.73374024955955,6.3067799119093,6.87981957425905,7.45369514312431,8.02757071198958,
8.60144628085484,9.1753218497201),.UNSPECIFIED.);
#56=B_SPLINE_CURVE_WITH_KNOTS('',3,(#1414,#1415,#1416,#1417,#1418,#1419,
#1420,#1421,#1422,#1423,#1424,#1425,#1426,#1427,#1428,#1429,#1430,#1431,
#1432,#1433,#1434,#1435,#1436,#1437,#1438,#1439,#1440,#1441,#1442,#1443,
#1444,#1445,#1446,#1447),.UNSPECIFIED.,.F.,.F.,(4,2,2,2,2,2,2,2,2,2,2,2,
2,2,2,2,4),(9.1753218497201,9.74919741858536,10.3230729874506,10.8969485563159,
11.4708241251812,12.0438637875309,12.6169034498807,13.1899431122304,13.7629827745802,
14.3360224369299,14.9090620992797,15.4821017616294,16.0551414239792,16.6290169928444,
17.2028925617097,17.7767681305749,18.3506436994402),.UNSPECIFIED.);
#57=CIRCLE('',#140,0.001);
#58=CIRCLE('',#141,0.001);
#59=CIRCLE('',#142,0.001);
#60=CIRCLE('',#143,0.001);
#61=CIRCLE('',#145,0.001);
#62=CIRCLE('',#148,0.001);
#63=CIRCLE('',#151,0.03);
#64=CIRCLE('',#154,0.069);
#65=CIRCLE('',#155,0.069);
#66=VERTEX_POINT('',#1251);
#67=VERTEX_POINT('',#1252);
#68=VERTEX_POINT('',#1255);
#69=VERTEX_POINT('',#1361);
#70=VERTEX_POINT('',#1365);
#71=VERTEX_POINT('',#1370);
#72=VERTEX_POINT('',#1375);
#73=VERTEX_POINT('',#1377);
#74=VERTEX_POINT('',#1379);
#75=VERTEX_POINT('',#1450);
#76=VERTEX_POINT('',#1452);
#77=EDGE_CURVE('',#66,#67,#57,.T.);
#78=EDGE_CURVE('',#67,#66,#58,.T.);
#79=EDGE_CURVE('',#66,#68,#54,.T.);
#80=EDGE_CURVE('',#68,#69,#59,.T.);
#81=EDGE_CURVE('',#69,#68,#60,.T.);
#82=EDGE_CURVE('',#70,#70,#61,.T.);
#83=EDGE_CURVE('',#66,#70,#16,.T.);
#84=EDGE_CURVE('',#71,#71,#62,.T.);
#85=EDGE_CURVE('',#69,#71,#17,.T.);
#86=EDGE_CURVE('',#72,#72,#63,.T.);
#87=EDGE_CURVE('',#72,#73,#18,.T.);
#88=EDGE_CURVE('',#74,#73,#55,.T.);
#89=EDGE_CURVE('',#73,#74,#56,.T.);
#90=EDGE_CURVE('',#75,#75,#64,.T.);
#91=EDGE_CURVE('',#75,#76,#19,.T.);
#92=EDGE_CURVE('',#76,#76,#65,.T.);
#93=ORIENTED_EDGE('',*,*,#77,.T.);
#94=ORIENTED_EDGE('',*,*,#78,.T.);
#95=ORIENTED_EDGE('',*,*,#79,.T.);
#96=ORIENTED_EDGE('',*,*,#80,.T.);
#97=ORIENTED_EDGE('',*,*,#81,.T.);
#98=ORIENTED_EDGE('',*,*,#79,.F.);
#99=ORIENTED_EDGE('',*,*,#82,.F.);
#100=ORIENTED_EDGE('',*,*,#77,.F.);
#101=ORIENTED_EDGE('',*,*,#83,.T.);
#102=ORIENTED_EDGE('',*,*,#82,.T.);
#103=ORIENTED_EDGE('',*,*,#83,.F.);
#104=ORIENTED_EDGE('',*,*,#78,.F.);
#105=ORIENTED_EDGE('',*,*,#84,.F.);
#106=ORIENTED_EDGE('',*,*,#81,.F.);
#107=ORIENTED_EDGE('',*,*,#85,.T.);
#108=ORIENTED_EDGE('',*,*,#84,.T.);
#109=ORIENTED_EDGE('',*,*,#85,.F.);
#110=ORIENTED_EDGE('',*,*,#80,.F.);
#111=ORIENTED_EDGE('',*,*,#86,.F.);
#112=ORIENTED_EDGE('',*,*,#87,.T.);
#113=ORIENTED_EDGE('',*,*,#88,.F.);
#114=ORIENTED_EDGE('',*,*,#89,.F.);
#115=ORIENTED_EDGE('',*,*,#87,.F.);
#116=ORIENTED_EDGE('',*,*,#86,.T.);
#117=ORIENTED_EDGE('',*,*,#90,.F.);
#118=ORIENTED_EDGE('',*,*,#91,.T.);
#119=ORIENTED_EDGE('',*,*,#92,.T.);
#120=ORIENTED_EDGE('',*,*,#91,.F.);
#121=ORIENTED_EDGE('',*,*,#88,.T.);
#122=ORIENTED_EDGE('',*,*,#89,.T.);
#123=ORIENTED_EDGE('',*,*,#90,.T.);
#124=ORIENTED_EDGE('',*,*,#92,.F.);
#125=B_SPLINE_SURFACE_WITH_KNOTS('',3,3,((#201,#202,#203,#204,#205,#206,
#207,#208,#209,#210,#211,#212,#213,#214,#215,#216,#217,#218,#219,#220,#221,
#222,#223,#224,#225,#226,#227,#228,#229,#230,#231,#232,#233,#234,#235,#236,
#237,#238,#239,#240,#241,#242,#243,#244,#245,#246,#247,#248,#249,#250,#251,
#252,#253,#254,#255,#256,#257,#258,#259,#260,#261,#262,#263,#264,#265,#266,
#267,#268,#269,#270,#271,#272,#273,#274,#275,#276,#277,#278,#279,#280,#281,
#282,#283,#284,#285,#286,#287,#288,#289,#290,#291,#292,#293,#294,#295,#296,
#297,#298,#299,#300,#301,#302,#303,#304,#305),(#306,#307,#308,#309,#310,
#311,#312,#313,#314,#315,#316,#317,#318,#319,#320,#321,#322,#323,#324,#325,
#326,#327,#328,#329,#330,#331,#332,#333,#334,#335,#336,#337,#338,#339,#340,
#341,#342,#343,#344,#345,#346,#347,#348,#349,#350,#351,#352,#353,#354,#355,
#356,#357,#358,#359,#360,#361,#362,#363,#364,#365,#366,#367,#368,#369,#370,
#371,#372,#373,#374,#375,#376,#377,#378,#379,#380,#381,#382,#383,#384,#385,
#386,#387,#388,#389,#390,#391,#392,#393,#394,#395,#396,#397,#398,#399,#400,
#401,#402,#403,#404,#405,#406,#407,#408,#409,#410),(#411,#412,#413,#414,
#415,#416,#417,#418,#419,#420,#421,#422,#423,#424,#425,#426,#427,#428,#429,
#430,#431,#432,#433,#434,#435,#436,#437,#438,#439,#440,#441,#442,#443,#444,
#445,#446,#447,#448,#449,#450,#451,#452,#453,#454,#455,#456,#457,#458,#459,
#460,#461,#462,#463,#464,#465,#466,#467,#468,#469,#470,#471,#472,#473,#474,
#475,#476,#477,#478,#479,#480,#481,#482,#483,#484,#485,#486,#487,#488,#489,
#490,#491,#492,#493,#494,#495,#496,#497,#498,#499,#500,#501,#502,#503,#504,
#505,#506,#507,#508,#509,#510,#511,#512,#513,#514,#515),(#516,#517,#518,
#519,#520,#521,#522,#523,#524,#525,#526,#527,#528,#529,#530,#531,#532,#533,
#534,#535,#536,#537,#538,#539,#540,#541,#542,#543,#544,#545,#546,#547,#548,
#549,#550,#551,#552,#553,#554,#555,#556,#557,#558,#559,#560,#561,#562,#563,
#564,#565,#566,#567,#568,#569,#570,#571,#572,#573,#574,#575,#576,#577,#578,
#579,#580,#581,#582,#583,#584,#585,#586,#587,#588,#589,#590,#591,#592,#593,
#594,#595,#596,#597,#598,#599,#600,#601,#602,#603,#604,#605,#606,#607,#608,
#609,#610,#611,#612,#613,#614,#615,#616,#617,#618,#619,#620),(#621,#622,
#623,#624,#625,#626,#627,#628,#629,#630,#631,#632,#633,#634,#635,#636,#637,
#638,#639,#640,#641,#642,#643,#644,#645,#646,#647,#648,#649,#650,#651,#652,
#653,#654,#655,#656,#657,#658,#659,#660,#661,#662,#663,#664,#665,#666,#667,
#668,#669,#670,#671,#672,#673,#674,#675,#676,#677,#678,#679,#680,#681,#682,
#683,#684,#685,#686,#687,#688,#689,#690,#691,#692,#693,#694,#695,#696,#697,
#698,#699,#700,#701,#702,#703,#704,#705,#706,#707,#708,#709,#710,#711,#712,
#713,#714,#715,#716,#717,#718,#719,#720,#721,#722,#723,#724,#725),(#726,
#727,#728,#729,#730,#731,#732,#733,#734,#735,#736,#737,#738,#739,#740,#741,
#742,#743,#744,#745,#746,#747,#748,#749,#750,#751,#752,#753,#754,#755,#756,
#757,#758,#759,#760,#761,#762,#763,#764,#765,#766,#767,#768,#769,#770,#771,
#772,#773,#774,#775,#776,#777,#778,#779,#780,#781,#782,#783,#784,#785,#786,
#787,#788,#789,#790,#791,#792,#793,#794,#795,#796,#797,#798,#799,#800,#801,
#802,#803,#804,#805,#806,#807,#808,#809,#810,#811,#812,#813,#814,#815,#816,
#817,#818,#819,#820,#821,#822,#823,#824,#825,#826,#827,#828,#829,#830),
(#831,#832,#833,#834,#835,#836,#837,#838,#839,#840,#841,#842,#843,#844,
#845,#846,#847,#848,#849,#850,#851,#852,#853,#854,#855,#856,#857,#858,#859,
#860,#861,#862,#863,#864,#865,#866,#867,#868,#869,#870,#871,#872,#873,#874,
#875,#876,#877,#878,#879,#880,#881,#882,#883,#884,#885,#886,#887,#888,#889,
#890,#891,#892,#893,#894,#895,#896,#897,#898,#899,#900,#901,#902,#903,#904,
#905,#906,#907,#908,#909,#910,#911,#912,#913,#914,#915,#916,#917,#918,#919,
#920,#921,#922,#923,#924,#925,#926,#927,#928,#929,#930,#931,#932,#933,#934,
#935),(#936,#937,#938,#939,#940,#941,#942,#943,#944,#945,#946,#947,#948,
#949,#950,#951,#952,#953,#954,#955,#956,#957,#958,#959,#960,#961,#962,#963,
#964,#965,#966,#967,#968,#969,#970,#971,#972,#973,#974,#975,#976,#977,#978,
#979,#980,#981,#982,#983,#984,#985,#986,#987,#988,#989,#990,#991,#992,#993,
#994,#995,#996,#997,#998,#999,#1000,#1001,#1002,#1003,#1004,#1005,#1006,
#1007,#1008,#1009,#1010,#1011,#1012,#1013,#1014,#1015,#1016,#1017,#1018,
#1019,#1020,#1021,#1022,#1023,#1024,#1025,#1026,#1027,#1028,#1029,#1030,
#1031,#1032,#1033,#1034,#1035,#1036,#1037,#1038,#1039,#1040),(#1041,#1042,
#1043,#1044,#1045,#1046,#1047,#1048,#1049,#1050,#1051,#1052,#1053,#1054,
#1055,#1056,#1057,#1058,#1059,#1060,#1061,#1062,#1063,#1064,#1065,#1066,
#1067,#1068,#1069,#1070,#1071,#1072,#1073,#1074,#1075,#1076,#1077,#1078,
#1079,#1080,#1081,#1082,#1083,#1084,#1085,#1086,#1087,#1088,#1089,#1090,
#1091,#1092,#1093,#1094,#1095,#1096,#1097,#1098,#1099,#1100,#1101,#1102,
#1103,#1104,#1105,#1106,#1107,#1108,#1109,#1110,#1111,#1112,#1113,#1114,
#1115,#1116,#1117,#1118,#1119,#1120,#1121,#1122,#1123,#1124,#1125,#1126,
#1127,#1128,#1129,#1130,#1131,#1132,#1133,#1134,#1135,#1136,#1137,#1138,
#1139,#1140,#1141,#1142,#1143,#1144,#1145),(#1146,#1147,#1148,#1149,#1150,
#1151,#1152,#1153,#1154,#1155,#1156,#1157,#1158,#1159,#1160,#1161,#1162,
#1163,#1164,#1165,#1166,#1167,#1168,#1169,#1170,#1171,#1172,#1173,#1174,
#1175,#1176,#1177,#1178,#1179,#1180,#1181,#1182,#1183,#1184,#1185,#1186,
#1187,#1188,#1189,#1190,#1191,#1192,#1193,#1194,#1195,#1196,#1197,#1198,
#1199,#1200,#1201,#1202,#1203,#1204,#1205,#1206,#1207,#1208,#1209,#1210,
#1211,#1212,#1213,#1214,#1215,#1216,#1217,#1218,#1219,#1220,#1221,#1222,
#1223,#1224,#1225,#1226,#1227,#1228,#1229,#1230,#1231,#1232,#1233,#1234,
#1235,#1236,#1237,#1238,#1239,#1240,#1241,#1242,#1243,#1244,#1245,#1246,
#1247,#1248,#1249,#1250)),.UNSPECIFIED.,.T.,.F.,.F.,(4,1,1,1,1,1,1,4),(4,
1,1,1,1,1,1,1,1,1,1,1,1,1,1,1,1,1,1,1,1,1,1,1,1,1,1,1,1,1,1,1,1,1,1,1,1,
1,1,1,1,1,1,1,1,1,1,1,1,1,1,1,1,1,1,1,1,1,1,1,1,1,1,1,1,1,1,1,1,1,1,1,1,
1,1,1,1,1,1,1,1,1,1,1,1,1,1,1,1,1,1,1,1,1,1,1,1,1,1,1,1,1,4),(-3.14159265358979,
-2.24399475256414,-1.34639685153848,-0.448798950512828,0.448798950512828,
1.34639685153848,2.24399475256414,3.14159265358979),(0.,0.492798847621928,
0.985597695243857,1.47839654286579,1.97119539048771,2.46399423810964,2.95679308573157,
3.4495919333535,3.94239078097543,4.43518962859735,4.92798847621928,5.42078732384121,
5.91358617146314,6.40638501908507,6.899183866707,7.39198271432893,7.88478156195085,
8.37758040957278,8.87037925719471,9.36317810481664,9.85597695243857,10.3487758000605,
10.8415746476824,11.3343734953044,11.8271723429263,12.3199711905482,12.8127700381701,
13.3055688857921,13.798367733414,14.2911665810359,14.7839654286578,15.2767642762798,
15.7695631239017,16.2623619715236,16.7551608191456,17.2479596667675,17.7407585143894,
18.2335573620113,18.7263562096333,19.2191550572552,19.7119539048771,20.2047527524991,
20.697551600121,21.1903504477429,21.6831492953648,22.1759481429868,22.6687469906087,
23.1615458382306,23.6543446858526,24.1471435334745,24.6399423810964,25.1327412287183,
25.6255400763403,26.1183389239622,26.6111377715841,27.1039366192061,27.596735466828,
28.0895343144499,28.5823331620718,29.0751320096938,29.5679308573157,30.0607297049376,
30.5535285525596,31.0463274001815,31.5391262478034,32.0319250954253,32.5247239430473,
33.0175227906692,33.5103216382911,34.0031204859131,34.495919333535,34.9887181811569,
35.4815170287788,35.9743158764008,36.4671147240227,36.9599135716446,37.4527124192666,
37.9455112668885,38.4383101145104,38.9311089621323,39.4239078097543,39.9167066573762,
40.4095055049981,40.90230435262,41.395103200242,41.8879020478639,42.3807008954858,
42.8734997431078,43.3662985907297,43.8590974383516,44.3518962859736,44.8446951335955,
45.3374939812174,45.8302928288393,46.3230916764613,46.8158905240832,47.3086893717051,
47.801488219327,48.294287066949,48.7870859145709,49.2798847621928,49.7726836098148,
50.2654824574367),.UNSPECIFIED.);
#126=ADVANCED_FACE('',(#33),#125,.T.);
#127=ADVANCED_FACE('',(#34),#28,.F.);
#128=ADVANCED_FACE('',(#35),#24,.F.);
#129=ADVANCED_FACE('',(#36),#29,.F.);
#130=ADVANCED_FACE('',(#37),#25,.F.);
#131=ADVANCED_FACE('',(#38),#26,.T.);
#132=ADVANCED_FACE('',(#39),#30,.T.);
#133=ADVANCED_FACE('',(#40,#14),#27,.T.);
#134=ADVANCED_FACE('',(#41),#31,.T.);
#135=ADVANCED_FACE('',(#42),#32,.F.);
#136=CLOSED_SHELL('',(#126,#127,#128,#129,#130));
#137=CLOSED_SHELL('',(#131,#132,#133,#134,#135));
#138=BREP_WITH_VOIDS('Body13',#137,(#15));
#139=AXIS2_PLACEMENT_3D('',#200,#158,#159);
#140=AXIS2_PLACEMENT_3D('',#1253,#160,#161);
#141=AXIS2_PLACEMENT_3D('',#1254,#162,#163);
#142=AXIS2_PLACEMENT_3D('',#1362,#164,#165);
#143=AXIS2_PLACEMENT_3D('',#1363,#166,#167);
#144=AXIS2_PLACEMENT_3D('',#1364,#168,#169);
#145=AXIS2_PLACEMENT_3D('',#1366,#170,#171);
#146=AXIS2_PLACEMENT_3D('',#1367,#172,#173);
#147=AXIS2_PLACEMENT_3D('',#1369,#175,#176);
#148=AXIS2_PLACEMENT_3D('',#1371,#177,#178);
#149=AXIS2_PLACEMENT_3D('',#1372,#179,#180);
#150=AXIS2_PLACEMENT_3D('',#1374,#182,#183);
#151=AXIS2_PLACEMENT_3D('',#1376,#184,#185);
#152=AXIS2_PLACEMENT_3D('',#1448,#187,#188);
#153=AXIS2_PLACEMENT_3D('',#1449,#189,#190);
#154=AXIS2_PLACEMENT_3D('',#1451,#191,#192);
#155=AXIS2_PLACEMENT_3D('',#1454,#194,#195);
#156=AXIS2_PLACEMENT_3D('',#1455,#196,#197);
#157=AXIS2_PLACEMENT_3D('',#1456,#198,#199);
#158=DIRECTION('axis',(0.,0.,1.));
#159=DIRECTION('refdir',(1.,0.,0.));
#160=DIRECTION('center_axis',(0.,1.,0.));
#161=DIRECTION('ref_axis',(-1.,0.,0.));
#162=DIRECTION('center_axis',(0.,1.,0.));
#163=DIRECTION('ref_axis',(-1.,0.,0.));
#164=DIRECTION('center_axis',(1.95943487863577E-15,-1.,0.));
#165=DIRECTION('ref_axis',(-1.,-1.95943487863577E-15,0.));
#166=DIRECTION('center_axis',(1.95943487863577E-15,-1.,0.));
#167=DIRECTION('ref_axis',(-1.,-1.95943487863577E-15,0.));
#168=DIRECTION('center_axis',(0.,1.,0.));
#169=DIRECTION('ref_axis',(-1.,0.,0.));
#170=DIRECTION('center_axis',(0.,1.,0.));
#171=DIRECTION('ref_axis',(-1.,0.,0.));
#172=DIRECTION('center_axis',(0.,1.,0.));
#173=DIRECTION('ref_axis',(-1.,0.,0.));
#174=DIRECTION('',(0.,1.,0.));
#175=DIRECTION('center_axis',(0.,-1.,0.));
#176=DIRECTION('ref_axis',(1.,0.,0.));
#177=DIRECTION('center_axis',(0.,-1.,0.));
#178=DIRECTION('ref_axis',(1.,0.,0.));
#179=DIRECTION('center_axis',(0.,-1.,0.));
#180=DIRECTION('ref_axis',(1.,0.,0.));
#181=DIRECTION('',(0.,-1.,0.));
#182=DIRECTION('center_axis',(0.,0.,1.));
#183=DIRECTION('ref_axis',(1.,0.,0.));
#184=DIRECTION('center_axis',(0.,0.,1.));
#185=DIRECTION('ref_axis',(1.,0.,0.));
#186=DIRECTION('',(0.,0.,-1.));
#187=DIRECTION('center_axis',(0.,0.,1.));
#188=DIRECTION('ref_axis',(1.,0.,0.));
#189=DIRECTION('center_axis',(0.,1.,0.));
#190=DIRECTION('ref_axis',(1.,0.,0.));
#191=DIRECTION('center_axis',(0.,1.,0.));
#192=DIRECTION('ref_axis',(1.,0.,0.));
#193=DIRECTION('',(0.,-1.,0.));
#194=DIRECTION('center_axis',(0.,1.,0.));
#195=DIRECTION('ref_axis',(1.,0.,0.));
#196=DIRECTION('center_axis',(0.,1.,0.));
#197=DIRECTION('ref_axis',(1.,0.,0.));
#198=DIRECTION('center_axis',(0.,1.,0.));
#199=DIRECTION('ref_axis',(1.,0.,0.));
#200=CARTESIAN_POINT('',(0.,0.,0.));
#201=CARTESIAN_POINT('Ctrl Pts',(0.013,0.1,0.069));
#202=CARTESIAN_POINT('Ctrl Pts',(0.013,0.0978645383269716,0.0691960784313726));
#203=CARTESIAN_POINT('Ctrl Pts',(0.0119273930707485,0.093595646758162,0.0695882352941177));
#204=CARTESIAN_POINT('Ctrl Pts',(0.00747776463299151,0.0887144748222874,
0.0701764705882353));
#205=CARTESIAN_POINT('Ctrl Pts',(0.00124920202192173,0.0865198117453211,
0.070764705882353));
#206=CARTESIAN_POINT('Ctrl Pts',(-0.00527696696089414,0.0875327116700681,
0.0713529411764706));
#207=CARTESIAN_POINT('Ctrl Pts',(-0.0105471993574422,0.0915127074230161,
0.0719411764705882));
#208=CARTESIAN_POINT('Ctrl Pts',(-0.013307526074157,0.0975123841523423,
0.0725294117647059));
#209=CARTESIAN_POINT('Ctrl Pts',(-0.0129009529146631,0.104104094228527,
0.0731176470588235));
#210=CARTESIAN_POINT('Ctrl Pts',(-0.00942428332482992,0.109719110372363,
0.0737058823529412));
#211=CARTESIAN_POINT('Ctrl Pts',(-0.00370485671388139,0.113021224550354,
0.0742941176470588));
#212=CARTESIAN_POINT('Ctrl Pts',(0.00289623192288564,0.113224600472073,
0.0748823529411765));
#213=CARTESIAN_POINT('Ctrl Pts',(0.00880808965948751,0.110280846082826,
0.0754705882352941));
#214=CARTESIAN_POINT('Ctrl Pts',(0.0126238360876968,0.104890500081106,0.0760588235294117));
#215=CARTESIAN_POINT('Ctrl Pts',(0.013435417776113,0.0983363347957619,0.0766470588235294));
#216=CARTESIAN_POINT('Ctrl Pts',(0.011049697528674,0.0921780810354966,0.077235294117647));
#217=CARTESIAN_POINT('Ctrl Pts',(0.00603441883887432,0.087881253326964,
0.0778235294117647));
#218=CARTESIAN_POINT('Ctrl Pts',(-0.000416904403028762,0.0864683917186988,
0.0784117647058823));
#219=CARTESIAN_POINT('Ctrl Pts',(-0.00676901454612685,0.0882757228879543,
0.079));
#220=CARTESIAN_POINT('Ctrl Pts',(-0.0115102643226317,0.0928731460605498,
0.0795882352941176));
#221=CARTESIAN_POINT('Ctrl Pts',(-0.0135123519050992,0.0991665866621276,
0.0801764705882353));
#222=CARTESIAN_POINT('Ctrl Pts',(-0.01229882928308,0.105658359309908,0.0807647058823529));
#223=CARTESIAN_POINT('Ctrl Pts',(-0.00815848524163654,0.11080358044239,
0.0813529411764706));
#224=CARTESIAN_POINT('Ctrl Pts',(-0.00207662068692428,0.113377812912931,
0.0819411764705882));
#225=CARTESIAN_POINT('Ctrl Pts',(0.00449942894567153,0.1127684521762,0.0825294117647059));
#226=CARTESIAN_POINT('Ctrl Pts',(0.0100047242237441,0.109120511225721,0.0831176470588236));
#227=CARTESIAN_POINT('Ctrl Pts',(0.0131291391375448,0.103302111039819,0.0837058823529411));
#228=CARTESIAN_POINT('Ctrl Pts',(0.0131291391375374,0.0966978889601842,
0.0842941176470588));
#229=CARTESIAN_POINT('Ctrl Pts',(0.0100047242237559,0.0908794887742671,
0.0848823529411765));
#230=CARTESIAN_POINT('Ctrl Pts',(0.00449942894564842,0.0872315478238274,
0.0854705882352941));
#231=CARTESIAN_POINT('Ctrl Pts',(-0.00207662068687622,0.0866221870870101,
0.0860588235294117));
#232=CARTESIAN_POINT('Ctrl Pts',(-0.00815848524173767,0.0891964195577353,
0.0866470588235294));
#233=CARTESIAN_POINT('Ctrl Pts',(-0.0122988292828662,0.0943416406898253,
0.087235294117647));
#234=CARTESIAN_POINT('Ctrl Pts',(-0.0135123519055511,0.100833413338436,
0.0878235294117647));
#235=CARTESIAN_POINT('Ctrl Pts',(-0.0115102643216761,0.107126853938259,
0.0884117647058824));
#236=CARTESIAN_POINT('Ctrl Pts',(-0.00676901454814754,0.111724277114564,
0.089));
#237=CARTESIAN_POINT('Ctrl Pts',(-0.000416904398755553,0.113531608275975,
0.0895882352941177));
#238=CARTESIAN_POINT('Ctrl Pts',(0.00603441882983748,0.1121187466843,0.0901764705882353));
#239=CARTESIAN_POINT('Ctrl Pts',(0.0110496975477847,0.107821918940683,0.090764705882353));
#240=CARTESIAN_POINT('Ctrl Pts',(0.0134354177356986,0.101663665254613,0.0913529411764706));
#241=CARTESIAN_POINT('Ctrl Pts',(0.0126238361731633,0.0951094998123642,
0.0919411764705882));
#242=CARTESIAN_POINT('Ctrl Pts',(0.00880808947874705,0.0897191541424591,
0.0925294117647059));
#243=CARTESIAN_POINT('Ctrl Pts',(0.00289623230510969,0.0867753990515037,
0.0931176470588235));
#244=CARTESIAN_POINT('Ctrl Pts',(-0.00370485752217493,0.0869787764571636,
0.0937058823529412));
#245=CARTESIAN_POINT('Ctrl Pts',(-0.00942428161536477,0.0902808874969764,
0.0942941176470588));
#246=CARTESIAN_POINT('Ctrl Pts',(-0.0129009565288644,0.095895910277238,
0.0948823529411765));
#247=CARTESIAN_POINT('Ctrl Pts',(-0.013307518424396,0.102487606318631,0.0954705882352941));
#248=CARTESIAN_POINT('Ctrl Pts',(-0.0105472154862868,0.108487312725354,
0.0960588235294117));
#249=CARTESIAN_POINT('Ctrl Pts',(-0.00527693249396109,0.112467245696877,
0.0966470588235294));
#250=CARTESIAN_POINT('Ctrl Pts',(0.00124913173508159,0.113480278250858,
0.097235294117647));
#251=CARTESIAN_POINT('Ctrl Pts',(0.00747793307571356,0.111285333345864,
0.0978235294117648));
#252=CARTESIAN_POINT('Ctrl Pts',(0.0119271687204317,0.106404754337716,0.0984117647058823));
#253=CARTESIAN_POINT('Ctrl Pts',(0.013538029096295,0.1,0.099));
#254=CARTESIAN_POINT('Ctrl Pts',(0.0119271687204317,0.0935952456622844,
0.0995882352941177));
#255=CARTESIAN_POINT('Ctrl Pts',(0.00747793307571359,0.0887146666541356,
0.100176470588235));
#256=CARTESIAN_POINT('Ctrl Pts',(0.00124913173508162,0.0865197217491423,
0.100764705882353));
#257=CARTESIAN_POINT('Ctrl Pts',(-0.00527693249396106,0.0875327543031226,
0.101352941176471));
#258=CARTESIAN_POINT('Ctrl Pts',(-0.0105472154862868,0.0915126872746456,
0.101941176470588));
#259=CARTESIAN_POINT('Ctrl Pts',(-0.013307518424396,0.0975123936813691,
0.102529411764706));
#260=CARTESIAN_POINT('Ctrl Pts',(-0.0129009565288645,0.104104089722762,
0.103117647058824));
#261=CARTESIAN_POINT('Ctrl Pts',(-0.00942428161536481,0.109719112503024,
0.103705882352941));
#262=CARTESIAN_POINT('Ctrl Pts',(-0.00370485752217499,0.113021223542836,
0.104294117647059));
#263=CARTESIAN_POINT('Ctrl Pts',(0.00289623230510965,0.113224600948496,
0.104882352941176));
#264=CARTESIAN_POINT('Ctrl Pts',(0.00880808947874703,0.110280845857541,
0.105470588235294));
#265=CARTESIAN_POINT('Ctrl Pts',(0.0126238361731633,0.104890500187636,0.106058823529412));
#266=CARTESIAN_POINT('Ctrl Pts',(0.0134354177356986,0.0983363347453872,
0.106647058823529));
#267=CARTESIAN_POINT('Ctrl Pts',(0.0110496975477847,0.0921780810593172,
0.107235294117647));
#268=CARTESIAN_POINT('Ctrl Pts',(0.0060344188298375,0.0878812533156999,
0.107823529411765));
#269=CARTESIAN_POINT('Ctrl Pts',(-0.000416904398755508,0.0864683917240252,
0.108411764705882));
#270=CARTESIAN_POINT('Ctrl Pts',(-0.00676901454814752,0.0882757228854356,
0.109));
#271=CARTESIAN_POINT('Ctrl Pts',(-0.0115102643216761,0.0928731460617408,
0.109588235294118));
#272=CARTESIAN_POINT('Ctrl Pts',(-0.0135123519055511,0.0991665866615644,
0.110176470588235));
#273=CARTESIAN_POINT('Ctrl Pts',(-0.0122988292828663,0.105658359310175,
0.110764705882353));
#274=CARTESIAN_POINT('Ctrl Pts',(-0.0081584852417377,0.110803580442265,
0.111352941176471));
#275=CARTESIAN_POINT('Ctrl Pts',(-0.00207662068687629,0.11337781291299,
0.111941176470588));
#276=CARTESIAN_POINT('Ctrl Pts',(0.00449942894564834,0.112768452176173,
0.112529411764706));
#277=CARTESIAN_POINT('Ctrl Pts',(0.0100047242237559,0.109120511225733,0.113117647058823));
#278=CARTESIAN_POINT('Ctrl Pts',(0.0131291391375374,0.103302111039816,0.113705882352941));
#279=CARTESIAN_POINT('Ctrl Pts',(0.0131291391375448,0.0966978889601809,
0.114294117647059));
#280=CARTESIAN_POINT('Ctrl Pts',(0.0100047242237441,0.090879488774279,0.114882352941177));
#281=CARTESIAN_POINT('Ctrl Pts',(0.00449942894567153,0.0872315478238,0.115470588235294));
#282=CARTESIAN_POINT('Ctrl Pts',(-0.00207662068692427,0.0866221870870693,
0.116058823529412));
#283=CARTESIAN_POINT('Ctrl Pts',(-0.00815848524163652,0.0891964195576095,
0.116647058823529));
#284=CARTESIAN_POINT('Ctrl Pts',(-0.0122988292830799,0.0943416406900915,
0.117235294117647));
#285=CARTESIAN_POINT('Ctrl Pts',(-0.0135123519050992,0.100833413337872,
0.117823529411765));
#286=CARTESIAN_POINT('Ctrl Pts',(-0.0115102643226317,0.10712685393945,0.118411764705882));
#287=CARTESIAN_POINT('Ctrl Pts',(-0.0067690145461269,0.111724277112046,
0.119));
#288=CARTESIAN_POINT('Ctrl Pts',(-0.000416904403028811,0.113531608281301,
0.119588235294118));
#289=CARTESIAN_POINT('Ctrl Pts',(0.00603441883887429,0.112118746673036,
0.120176470588235));
#290=CARTESIAN_POINT('Ctrl Pts',(0.011049697528674,0.107821918964503,0.120764705882353));
#291=CARTESIAN_POINT('Ctrl Pts',(0.013435417776113,0.101663665204238,0.121352941176471));
#292=CARTESIAN_POINT('Ctrl Pts',(0.0126238360876968,0.0951094999188944,
0.121941176470588));
#293=CARTESIAN_POINT('Ctrl Pts',(0.00880808965948752,0.0897191539171738,
0.122529411764706));
#294=CARTESIAN_POINT('Ctrl Pts',(0.00289623192288566,0.0867753995279268,
0.123117647058823));
#295=CARTESIAN_POINT('Ctrl Pts',(-0.00370485671388134,0.0869787754496465,
0.123705882352941));
#296=CARTESIAN_POINT('Ctrl Pts',(-0.00942428332482987,0.0902808896276365,
0.124294117647059));
#297=CARTESIAN_POINT('Ctrl Pts',(-0.0129009529146631,0.0958959057714733,
0.124882352941176));
#298=CARTESIAN_POINT('Ctrl Pts',(-0.013307526074157,0.102487615847658,0.125470588235294));
#299=CARTESIAN_POINT('Ctrl Pts',(-0.0105471993574423,0.108487292576984,
0.126058823529412));
#300=CARTESIAN_POINT('Ctrl Pts',(-0.00527696696089416,0.112467288329932,
0.126647058823529));
#301=CARTESIAN_POINT('Ctrl Pts',(0.00124920202192173,0.113480188254679,
0.127235294117647));
#302=CARTESIAN_POINT('Ctrl Pts',(0.00747776463299153,0.111285525177713,
0.127823529411765));
#303=CARTESIAN_POINT('Ctrl Pts',(0.0119273930707485,0.106404353241838,0.128411764705882));
#304=CARTESIAN_POINT('Ctrl Pts',(0.013,0.102135461673028,0.128803921568627));
#305=CARTESIAN_POINT('Ctrl Pts',(0.013,0.1,0.129));
#306=CARTESIAN_POINT('Ctrl Pts',(0.013,0.1,0.0687008006996581));
#307=CARTESIAN_POINT('Ctrl Pts',(0.013,0.0978640913159517,0.0688968791310307));
#308=CARTESIAN_POINT('Ctrl Pts',(0.0119275705833237,0.093595767198135,0.0692890359937758));
#309=CARTESIAN_POINT('Ctrl Pts',(0.00747783062322962,0.088714235136459,
0.0698772712878934));
#310=CARTESIAN_POINT('Ctrl Pts',(0.0012492274707526,0.086519695133621,0.0704655065820111));
#311=CARTESIAN_POINT('Ctrl Pts',(-0.00527703600132252,0.0875325381202086,
0.0710537418761287));
#312=CARTESIAN_POINT('Ctrl Pts',(-0.0105473248903087,0.0915126150525186,
0.0716419771702464));
#313=CARTESIAN_POINT('Ctrl Pts',(-0.0133076885639433,0.0975123489955587,
0.072230212464364));
#314=CARTESIAN_POINT('Ctrl Pts',(-0.0129011088235091,0.104104146355104,
0.0728184477584816));
#315=CARTESIAN_POINT('Ctrl Pts',(-0.00942439785536526,0.109719227111513,
0.0734066830525993));
#316=CARTESIAN_POINT('Ctrl Pts',(-0.00370490152096527,0.113021382974999,
0.0739949183467169));
#317=CARTESIAN_POINT('Ctrl Pts',(0.00289626698692941,0.113224760585656,
0.0745831536408346));
#318=CARTESIAN_POINT('Ctrl Pts',(0.00880819649394201,0.110280970867611,
0.0751713889349522));
#319=CARTESIAN_POINT('Ctrl Pts',(0.0126239891533425,0.104890559328108,0.0757596242290699));
#320=CARTESIAN_POINT('Ctrl Pts',(0.0134355807015454,0.0983363146483395,
0.0763478595231875));
#321=CARTESIAN_POINT('Ctrl Pts',(0.011049831515849,0.09217798617348,0.0769360948173052));
#322=CARTESIAN_POINT('Ctrl Pts',(0.00603449201429525,0.0878811063794679,
0.0775243301114228));
#323=CARTESIAN_POINT('Ctrl Pts',(-0.000416909459088498,0.0864682276299818,
0.0781125654055405));
#324=CARTESIAN_POINT('Ctrl Pts',(-0.00676909662772412,0.0882755807192637,
0.0787008006996581));
#325=CARTESIAN_POINT('Ctrl Pts',(-0.0115104038976364,0.0928730596388286,
0.0792890359937758));
#326=CARTESIAN_POINT('Ctrl Pts',(-0.0135125157574551,0.0991665765563511,
0.0798772712878934));
#327=CARTESIAN_POINT('Ctrl Pts',(-0.0122989784202105,0.105658427923722,
0.0804655065820111));
#328=CARTESIAN_POINT('Ctrl Pts',(-0.00815858417240574,0.110803711447986,
0.0810537418761286));
#329=CARTESIAN_POINT('Ctrl Pts',(-0.00207664586828622,0.113377975133885,
0.0816419771702464));
#330=CARTESIAN_POINT('Ctrl Pts',(0.0044994835062973,0.112768607008018,0.082230212464364));
#331=CARTESIAN_POINT('Ctrl Pts',(0.0100048455422449,0.109120621822142,0.0828184477584818));
#332=CARTESIAN_POINT('Ctrl Pts',(0.0131292983430831,0.103302151081622,0.0834066830525993));
#333=CARTESIAN_POINT('Ctrl Pts',(0.0131292983430745,0.0966978489183827,
0.083994918346717));
#334=CARTESIAN_POINT('Ctrl Pts',(0.0100048455422585,0.0908793781778398,
0.0845831536408346));
#335=CARTESIAN_POINT('Ctrl Pts',(0.00449948350627081,0.0872313929920236,
0.0851713889349522));
#336=CARTESIAN_POINT('Ctrl Pts',(-0.00207664586823112,0.0866220248660243,
0.0857596242290699));
#337=CARTESIAN_POINT('Ctrl Pts',(-0.00815858417252169,0.0891962885522051,
0.0863478595231875));
#338=CARTESIAN_POINT('Ctrl Pts',(-0.0122989784199655,0.0943415720758723,
0.0869360948173051));
#339=CARTESIAN_POINT('Ctrl Pts',(-0.0135125157579732,0.100833423444507,
0.0875243301114229));
#340=CARTESIAN_POINT('Ctrl Pts',(-0.0115104038965408,0.107126940359356,
0.0881125654055405));
#341=CARTESIAN_POINT('Ctrl Pts',(-0.00676909663004098,0.111724419284574,
0.0887008006996582));
#342=CARTESIAN_POINT('Ctrl Pts',(-0.000416909454188978,0.113531772361902,
0.0892890359937758));
#343=CARTESIAN_POINT('Ctrl Pts',(0.00603449200393391,0.112118893637696,
0.0898772712878934));
#344=CARTESIAN_POINT('Ctrl Pts',(0.0110498315377607,0.107822013790223,0.0904655065820111));
#345=CARTESIAN_POINT('Ctrl Pts',(0.0134355806552077,0.10166368542842,0.0910537418761287));
#346=CARTESIAN_POINT('Ctrl Pts',(0.0126239892513356,0.0951094405095643,
0.0916419771702463));
#347=CARTESIAN_POINT('Ctrl Pts',(0.00880819628671102,0.0897190294756721,
0.092230212464364));
#348=CARTESIAN_POINT('Ctrl Pts',(0.00289626742517477,0.0867752386883846,
0.0928184477584816));
#349=CARTESIAN_POINT('Ctrl Pts',(-0.00370490244772771,0.0869786185602238,
0.0934066830525993));
#350=CARTESIAN_POINT('Ctrl Pts',(-0.0094243958953495,0.0902807696418365,
0.0939949183467169));
#351=CARTESIAN_POINT('Ctrl Pts',(-0.0129011129674319,0.095895860510547,
0.0945831536408346));
#352=CARTESIAN_POINT('Ctrl Pts',(-0.0133076797929824,0.102487636483648,
0.0951713889349522));
#353=CARTESIAN_POINT('Ctrl Pts',(-0.0105473433831042,0.10848741564354,0.0957596242290699));
#354=CARTESIAN_POINT('Ctrl Pts',(-0.00527699648268612,0.112467396876215,
0.0963478595231875));
#355=CARTESIAN_POINT('Ctrl Pts',(0.00124914688220489,0.113480441714351,
0.0969360948173053));
#356=CARTESIAN_POINT('Ctrl Pts',(0.00747802375403926,0.111285470193189,
0.0975243301114228));
#357=CARTESIAN_POINT('Ctrl Pts',(0.0119273133507298,0.106404832002546,0.0981125654055406));
#358=CARTESIAN_POINT('Ctrl Pts',(0.0135381932600819,0.0999999999999999,
0.0987008006996581));
#359=CARTESIAN_POINT('Ctrl Pts',(0.0119273133507298,0.0935951679974547,
0.0992890359937758));
#360=CARTESIAN_POINT('Ctrl Pts',(0.00747802375403928,0.0887145298068112,
0.0998772712878934));
#361=CARTESIAN_POINT('Ctrl Pts',(0.00124914688220492,0.0865195582856493,
0.100465506582011));
#362=CARTESIAN_POINT('Ctrl Pts',(-0.00527699648268609,0.0875326031237854,
0.101053741876129));
#363=CARTESIAN_POINT('Ctrl Pts',(-0.0105473433831042,0.0915125843564595,
0.101641977170246));
#364=CARTESIAN_POINT('Ctrl Pts',(-0.0133076797929824,0.0975123635163524,
0.102230212464364));
#365=CARTESIAN_POINT('Ctrl Pts',(-0.0129011129674319,0.104104139489453,
0.102818447758482));
#366=CARTESIAN_POINT('Ctrl Pts',(-0.00942439589534954,0.109719230358164,
0.103406683052599));
#367=CARTESIAN_POINT('Ctrl Pts',(-0.00370490244772776,0.113021381439776,
0.103994918346717));
#368=CARTESIAN_POINT('Ctrl Pts',(0.00289626742517472,0.113224761311615,
0.104583153640835));
#369=CARTESIAN_POINT('Ctrl Pts',(0.008808196286711,0.110280970524328,0.105171388934952));
#370=CARTESIAN_POINT('Ctrl Pts',(0.0126239892513356,0.104890559490436,0.10575962422907));
#371=CARTESIAN_POINT('Ctrl Pts',(0.0134355806552077,0.09833631457158,0.106347859523188));
#372=CARTESIAN_POINT('Ctrl Pts',(0.0110498315377607,0.0921779862097771,
0.106936094817305));
#373=CARTESIAN_POINT('Ctrl Pts',(0.00603449200393394,0.0878811063623041,
0.107524330111423));
#374=CARTESIAN_POINT('Ctrl Pts',(-0.000416909454188943,0.086468227638098,
0.10811256540554));
#375=CARTESIAN_POINT('Ctrl Pts',(-0.00676909663004095,0.0882755807154258,
0.108700800699658));
#376=CARTESIAN_POINT('Ctrl Pts',(-0.0115104038965408,0.0928730596406434,
0.109289035993776));
#377=CARTESIAN_POINT('Ctrl Pts',(-0.0135125157579732,0.099166576555493,
0.109877271287893));
#378=CARTESIAN_POINT('Ctrl Pts',(-0.0122989784199655,0.105658427924128,
0.110465506582011));
#379=CARTESIAN_POINT('Ctrl Pts',(-0.00815858417252173,0.110803711447795,
0.111053741876129));
#380=CARTESIAN_POINT('Ctrl Pts',(-0.00207664586823119,0.113377975133976,
0.111641977170246));
#381=CARTESIAN_POINT('Ctrl Pts',(0.00449948350627073,0.112768607007977,
0.112230212464364));
#382=CARTESIAN_POINT('Ctrl Pts',(0.0100048455422584,0.10912062182216,0.112818447758482));
#383=CARTESIAN_POINT('Ctrl Pts',(0.0131292983430745,0.103302151081617,0.113406683052599));
#384=CARTESIAN_POINT('Ctrl Pts',(0.0131292983430831,0.0966978489183777,
0.113994918346717));
#385=CARTESIAN_POINT('Ctrl Pts',(0.0100048455422449,0.090879378177858,0.114583153640835));
#386=CARTESIAN_POINT('Ctrl Pts',(0.00449948350629731,0.0872313929919817,
0.115171388934952));
#387=CARTESIAN_POINT('Ctrl Pts',(-0.00207664586828621,0.0866220248661146,
0.11575962422907));
#388=CARTESIAN_POINT('Ctrl Pts',(-0.00815858417240573,0.0891962885520135,
0.116347859523188));
#389=CARTESIAN_POINT('Ctrl Pts',(-0.0122989784202105,0.094341572076278,
0.116936094817305));
#390=CARTESIAN_POINT('Ctrl Pts',(-0.0135125157574551,0.100833423443649,
0.117524330111423));
#391=CARTESIAN_POINT('Ctrl Pts',(-0.0115104038976364,0.107126940361171,
0.118112565405541));
#392=CARTESIAN_POINT('Ctrl Pts',(-0.00676909662772418,0.111724419280736,
0.118700800699658));
#393=CARTESIAN_POINT('Ctrl Pts',(-0.000416909459088544,0.113531772370018,
0.119289035993776));
#394=CARTESIAN_POINT('Ctrl Pts',(0.00603449201429521,0.112118893620532,
0.119877271287893));
#395=CARTESIAN_POINT('Ctrl Pts',(0.011049831515849,0.10782201382652,0.120465506582011));
#396=CARTESIAN_POINT('Ctrl Pts',(0.0134355807015454,0.101663685351661,0.121053741876129));
#397=CARTESIAN_POINT('Ctrl Pts',(0.0126239891533425,0.0951094406718919,
0.121641977170246));
#398=CARTESIAN_POINT('Ctrl Pts',(0.00880819649394201,0.0897190291323892,
0.122230212464364));
#399=CARTESIAN_POINT('Ctrl Pts',(0.00289626698692944,0.0867752394143444,
0.122818447758482));
#400=CARTESIAN_POINT('Ctrl Pts',(-0.00370490152096522,0.0869786170250006,
0.123406683052599));
#401=CARTESIAN_POINT('Ctrl Pts',(-0.00942439785536521,0.0902807728884873,
0.123994918346717));
#402=CARTESIAN_POINT('Ctrl Pts',(-0.0129011088235091,0.0958958536448963,
0.124583153640835));
#403=CARTESIAN_POINT('Ctrl Pts',(-0.0133076885639433,0.102487651004441,
0.125171388934952));
#404=CARTESIAN_POINT('Ctrl Pts',(-0.0105473248903087,0.108487384947481,
0.12575962422907));
#405=CARTESIAN_POINT('Ctrl Pts',(-0.00527703600132254,0.112467461879791,
0.126347859523188));
#406=CARTESIAN_POINT('Ctrl Pts',(0.0012492274707526,0.113480304866379,0.126936094817305));
#407=CARTESIAN_POINT('Ctrl Pts',(0.00747783062322963,0.111285764863541,
0.127524330111423));
#408=CARTESIAN_POINT('Ctrl Pts',(0.0119275705833237,0.106404232801865,0.128112565405541));
#409=CARTESIAN_POINT('Ctrl Pts',(0.013,0.102135908684048,0.128504722268286));
#410=CARTESIAN_POINT('Ctrl Pts',(0.013,0.1,0.128700800699658));
#411=CARTESIAN_POINT('Ctrl Pts',(0.0127132432559566,0.1,0.0681041488768091));
#412=CARTESIAN_POINT('Ctrl Pts',(0.0127132432559566,0.0979117010617359,
0.0683002273081816));
#413=CARTESIAN_POINT('Ctrl Pts',(0.0116642729769837,0.0937368996337681,
0.0686923841709267));
#414=CARTESIAN_POINT('Ctrl Pts',(0.0073128099201059,0.0889634445632189,
0.0692806194650443));
#415=CARTESIAN_POINT('Ctrl Pts',(0.00122164354264056,0.0868171757842423,
0.0698688547591621));
#416=CARTESIAN_POINT('Ctrl Pts',(-0.00516055750999498,0.0878077403708587,
0.0704570900532796));
#417=CARTESIAN_POINT('Ctrl Pts',(-0.0103145306437876,0.0916999339551983,
0.0710453253473973));
#418=CARTESIAN_POINT('Ctrl Pts',(-0.01301396467359,0.0975672610906831,0.0716335606415149));
#419=CARTESIAN_POINT('Ctrl Pts',(-0.0126163606485308,0.104013558456745,
0.0722217959356326));
#420=CARTESIAN_POINT('Ctrl Pts',(-0.00921638556426446,0.109504708966646,
0.0728100312297502));
#421=CARTESIAN_POINT('Ctrl Pts',(-0.00362312836160644,0.112733978979145,
0.0733982665238678));
#422=CARTESIAN_POINT('Ctrl Pts',(0.00283234165699585,0.112932868571693,
0.0739865018179855));
#423=CARTESIAN_POINT('Ctrl Pts',(0.00861378503208637,0.110054052743442,
0.0745747371121032));
#424=CARTESIAN_POINT('Ctrl Pts',(0.0123453568936549,0.104782616674845,0.0751629724062208));
#425=CARTESIAN_POINT('Ctrl Pts',(0.0131390352566,0.0983730349003348,0.0757512077003385));
#426=CARTESIAN_POINT('Ctrl Pts',(0.0108059435022238,0.0923506309408713,
0.0763394429944561));
#427=CARTESIAN_POINT('Ctrl Pts',(0.00590130081554773,0.0881485903545472,
0.0769276782885738));
#428=CARTESIAN_POINT('Ctrl Pts',(-0.000407707578620348,0.0867668961803199,
0.0775159135826914));
#429=CARTESIAN_POINT('Ctrl Pts',(-0.00661969149466033,0.088534357999752,
0.078104148876809));
#430=CARTESIAN_POINT('Ctrl Pts',(-0.0112563502882184,0.0930303629746469,
0.0786923841709267));
#431=CARTESIAN_POINT('Ctrl Pts',(-0.0132142722355,0.0991849715867968,0.0792806194650444));
#432=CARTESIAN_POINT('Ctrl Pts',(-0.0120275196698411,0.105533537081682,
0.0798688547591619));
#433=CARTESIAN_POINT('Ctrl Pts',(-0.00797851075589332,0.110565255707246,
0.0804570900532796));
#434=CARTESIAN_POINT('Ctrl Pts',(-0.00203081086694482,0.113082701145482,
0.0810453253473973));
#435=CARTESIAN_POINT('Ctrl Pts',(0.00440017247995961,0.112486782779722,
0.0816335606415149));
#436=CARTESIAN_POINT('Ctrl Pts',(0.0097840220904609,0.108919314647072,0.0822217959356326));
#437=CARTESIAN_POINT('Ctrl Pts',(0.0128395130618,0.103229267157816,0.0828100312297502));
#438=CARTESIAN_POINT('Ctrl Pts',(0.0128395130617929,0.0967707328421874,
0.0833982665238679));
#439=CARTESIAN_POINT('Ctrl Pts',(0.00978402209047224,0.091080685352917,
0.0839865018179855));
#440=CARTESIAN_POINT('Ctrl Pts',(0.00440017247993746,0.0875132172203032,
0.0845747371121031));
#441=CARTESIAN_POINT('Ctrl Pts',(-0.00203081086689874,0.0869172988544645,
0.0851629724062208));
#442=CARTESIAN_POINT('Ctrl Pts',(-0.00797851075599029,0.0894347442928687,
0.0857512077003385));
#443=CARTESIAN_POINT('Ctrl Pts',(-0.0120275196696362,0.0944664629180757,
0.086339442994456));
#444=CARTESIAN_POINT('Ctrl Pts',(-0.0132142722359332,0.100815028413715,
0.0869276782885738));
#445=CARTESIAN_POINT('Ctrl Pts',(-0.0112563502873022,0.10696963702427,0.0875159135826914));
#446=CARTESIAN_POINT('Ctrl Pts',(-0.00661969149659786,0.111465642002539,
0.0881041488768091));
#447=CARTESIAN_POINT('Ctrl Pts',(-0.000407707574523033,0.113233103814835,
0.0886923841709267));
#448=CARTESIAN_POINT('Ctrl Pts',(0.00590130080688288,0.111851409655699,
0.0892806194650443));
#449=CARTESIAN_POINT('Ctrl Pts',(0.0108059435205478,0.10764936903746,0.0898688547591619));
#450=CARTESIAN_POINT('Ctrl Pts',(0.0131390352178492,0.101626965145489,0.0904570900532796));
#451=CARTESIAN_POINT('Ctrl Pts',(0.0123453569756033,0.0952173832282481,
0.0910453253473972));
#452=CARTESIAN_POINT('Ctrl Pts',(0.00861378485878591,0.0899459474614925,
0.091633560641515));
#453=CARTESIAN_POINT('Ctrl Pts',(0.00283234202348603,0.0870671309949217,
0.0922217959356325));
#454=CARTESIAN_POINT('Ctrl Pts',(-0.00362312913662738,0.0872660219373583,
0.0928100312297503));
#455=CARTESIAN_POINT('Ctrl Pts',(-0.00921638392516774,0.0904952890951682,
0.0933982665238678));
#456=CARTESIAN_POINT('Ctrl Pts',(-0.0126163641139572,0.0959864456420059,
0.0939865018179855));
#457=CARTESIAN_POINT('Ctrl Pts',(-0.0130139573387239,0.102432730241189,
0.0945747371121032));
#458=CARTESIAN_POINT('Ctrl Pts',(-0.0103145461087043,0.108300084373784,
0.0951629724062208));
#459=CARTESIAN_POINT('Ctrl Pts',(-0.00516052446185904,0.11219222085262,
0.0957512077003384));
#460=CARTESIAN_POINT('Ctrl Pts',(0.0012215761490885,0.113182906119384,0.0963394429944561));
#461=CARTESIAN_POINT('Ctrl Pts',(0.00731297142905031,0.111036381241984,
0.0969276782885737));
#462=CARTESIAN_POINT('Ctrl Pts',(0.0116640578618252,0.106263466790565,0.0975159135826914));
#463=CARTESIAN_POINT('Ctrl Pts',(0.0132393829931957,0.1,0.098104148876809));
#464=CARTESIAN_POINT('Ctrl Pts',(0.0116640578618252,0.0937365332094349,
0.0986923841709268));
#465=CARTESIAN_POINT('Ctrl Pts',(0.00731297142905034,0.0889636187580162,
0.0992806194650443));
#466=CARTESIAN_POINT('Ctrl Pts',(0.00122157614908852,0.0868170938806158,
0.099868854759162));
#467=CARTESIAN_POINT('Ctrl Pts',(-0.00516052446185901,0.0878077791473795,
0.10045709005328));
#468=CARTESIAN_POINT('Ctrl Pts',(-0.0103145461087043,0.091699915626216,
0.101045325347397));
#469=CARTESIAN_POINT('Ctrl Pts',(-0.0130139573387239,0.0975672697588114,
0.101633560641515));
#470=CARTESIAN_POINT('Ctrl Pts',(-0.0126163641139572,0.104013554357994,
0.102221795935633));
#471=CARTESIAN_POINT('Ctrl Pts',(-0.00921638392516778,0.109504710904832,
0.10281003122975));
#472=CARTESIAN_POINT('Ctrl Pts',(-0.00362312913662743,0.112733978062642,
0.103398266523868));
#473=CARTESIAN_POINT('Ctrl Pts',(0.00283234202348599,0.112932869005078,
0.103986501817985));
#474=CARTESIAN_POINT('Ctrl Pts',(0.00861378485878589,0.110054052538507,
0.104574737112103));
#475=CARTESIAN_POINT('Ctrl Pts',(0.0123453569756033,0.104782616771752,0.105162972406221));
#476=CARTESIAN_POINT('Ctrl Pts',(0.0131390352178492,0.0983730348545107,
0.105751207700338));
#477=CARTESIAN_POINT('Ctrl Pts',(0.0108059435205478,0.09235063096254,0.106339442994456));
#478=CARTESIAN_POINT('Ctrl Pts',(0.00590130080688291,0.0881485903443007,
0.106927678288574));
#479=CARTESIAN_POINT('Ctrl Pts',(-0.000407707574522991,0.0867668961851651,
0.107515913582691));
#480=CARTESIAN_POINT('Ctrl Pts',(-0.00661969149659784,0.0885343579974609,
0.108104148876809));
#481=CARTESIAN_POINT('Ctrl Pts',(-0.0112563502873022,0.0930303629757302,
0.108692384170927));
#482=CARTESIAN_POINT('Ctrl Pts',(-0.0132142722359332,0.0991849715862847,
0.109280619465044));
#483=CARTESIAN_POINT('Ctrl Pts',(-0.0120275196696362,0.105533537081924,
0.109868854759162));
#484=CARTESIAN_POINT('Ctrl Pts',(-0.00797851075599032,0.110565255707131,
0.110457090053279));
#485=CARTESIAN_POINT('Ctrl Pts',(-0.00203081086689881,0.113082701145535,
0.111045325347397));
#486=CARTESIAN_POINT('Ctrl Pts',(0.00440017247993739,0.112486782779697,
0.111633560641515));
#487=CARTESIAN_POINT('Ctrl Pts',(0.00978402209047219,0.108919314647083,
0.112221795935633));
#488=CARTESIAN_POINT('Ctrl Pts',(0.0128395130617929,0.103229267157813,0.11281003122975));
#489=CARTESIAN_POINT('Ctrl Pts',(0.0128395130618,0.0967707328421843,0.113398266523868));
#490=CARTESIAN_POINT('Ctrl Pts',(0.00978402209046092,0.0910806853529279,
0.113986501817986));
#491=CARTESIAN_POINT('Ctrl Pts',(0.00440017247995963,0.0875132172202782,
0.114574737112103));
#492=CARTESIAN_POINT('Ctrl Pts',(-0.00203081086694483,0.0869172988545184,
0.115162972406221));
#493=CARTESIAN_POINT('Ctrl Pts',(-0.0079785107558933,0.0894347442927542,
0.115751207700338));
#494=CARTESIAN_POINT('Ctrl Pts',(-0.0120275196698411,0.0944664629183179,
0.116339442994456));
#495=CARTESIAN_POINT('Ctrl Pts',(-0.0132142722355,0.100815028413203,0.116927678288574));
#496=CARTESIAN_POINT('Ctrl Pts',(-0.0112563502882184,0.106969637025353,
0.117515913582691));
#497=CARTESIAN_POINT('Ctrl Pts',(-0.00661969149466039,0.111465642000248,
0.118104148876809));
#498=CARTESIAN_POINT('Ctrl Pts',(-0.000407707578620391,0.11323310381968,
0.118692384170927));
#499=CARTESIAN_POINT('Ctrl Pts',(0.0059013008155477,0.111851409645453,0.119280619465044));
#500=CARTESIAN_POINT('Ctrl Pts',(0.0108059435022238,0.107649369059129,0.119868854759162));
#501=CARTESIAN_POINT('Ctrl Pts',(0.0131390352566,0.101626965099665,0.12045709005328));
#502=CARTESIAN_POINT('Ctrl Pts',(0.0123453568936549,0.0952173833251549,
0.121045325347397));
#503=CARTESIAN_POINT('Ctrl Pts',(0.00861378503208638,0.0899459472565584,
0.121633560641515));
#504=CARTESIAN_POINT('Ctrl Pts',(0.00283234165699587,0.0870671314283073,
0.122221795935632));
#505=CARTESIAN_POINT('Ctrl Pts',(-0.00362312836160639,0.0872660210208546,
0.12281003122975));
#506=CARTESIAN_POINT('Ctrl Pts',(-0.00921638556426441,0.0904952910333539,
0.123398266523868));
#507=CARTESIAN_POINT('Ctrl Pts',(-0.0126163606485308,0.0959864415432549,
0.123986501817986));
#508=CARTESIAN_POINT('Ctrl Pts',(-0.01301396467359,0.102432738909317,0.124574737112103));
#509=CARTESIAN_POINT('Ctrl Pts',(-0.0103145306437876,0.108300066044802,
0.125162972406221));
#510=CARTESIAN_POINT('Ctrl Pts',(-0.00516055750999499,0.112192259629141,
0.125751207700339));
#511=CARTESIAN_POINT('Ctrl Pts',(0.00122164354264056,0.113182824215758,
0.126339442994456));
#512=CARTESIAN_POINT('Ctrl Pts',(0.00731280992010591,0.111036555436781,
0.126927678288574));
#513=CARTESIAN_POINT('Ctrl Pts',(0.0116642729769837,0.106263100366232,0.127515913582691));
#514=CARTESIAN_POINT('Ctrl Pts',(0.0127132432559566,0.102088298938264,0.127908070445436));
#515=CARTESIAN_POINT('Ctrl Pts',(0.0127132432559566,0.1,0.128104148876809));
#516=CARTESIAN_POINT('Ctrl Pts',(0.0117456545457545,0.1,0.0678853839789739));
#517=CARTESIAN_POINT('Ctrl Pts',(0.0117456545457545,0.0980705797593648,
0.0680814624103465));
#518=CARTESIAN_POINT('Ctrl Pts',(0.0107765435117176,0.0942135921199696,
0.0684736192730916));
#519=CARTESIAN_POINT('Ctrl Pts',(0.00675625001501845,0.089803391032496,
0.0690618545672092));
#520=CARTESIAN_POINT('Ctrl Pts',(0.00112866917537468,0.0878204882926256,
0.0696500898613269));
#521=CARTESIAN_POINT('Ctrl Pts',(-0.00476780319060212,0.0887356547496473,
0.0702383251554445));
#522=CARTESIAN_POINT('Ctrl Pts',(-0.0095295214753782,0.0923316291773911,
0.0708265604495622));
#523=CARTESIAN_POINT('Ctrl Pts',(-0.0120235099116583,0.0977524090970078,
0.0714147957436798));
#524=CARTESIAN_POINT('Ctrl Pts',(-0.0116561661516271,0.103708098535657,
0.0720030310377975));
#525=CARTESIAN_POINT('Ctrl Pts',(-0.00851495336175005,0.108781333129993,
0.0725912663319151));
#526=CARTESIAN_POINT('Ctrl Pts',(-0.00334738260930877,0.111764833033727,
0.0731795016260327));
#527=CARTESIAN_POINT('Ctrl Pts',(0.00261678038355826,0.111948585616531,
0.0737677369201504));
#528=CARTESIAN_POINT('Ctrl Pts',(0.0079582149696348,0.109288868116562,0.074355972214268));
#529=CARTESIAN_POINT('Ctrl Pts',(0.0114057877707803,0.104418625655708,0.0749442075083857));
#530=CARTESIAN_POINT('Ctrl Pts',(0.0121390615898687,0.0984968584742628,
0.0755324428025033));
#531=CARTESIAN_POINT('Ctrl Pts',(0.00998353464581242,0.0929328021171546,
0.076120678096621));
#532=CARTESIAN_POINT('Ctrl Pts',(0.00545217001544868,0.0890505665915517,
0.0767089133907387));
#533=CARTESIAN_POINT('Ctrl Pts',(-0.000376678143534985,0.0877740291315514,
0.0772971486848563));
#534=CARTESIAN_POINT('Ctrl Pts',(-0.00611588607417371,0.0894069745853511,
0.0778853839789739));
#535=CARTESIAN_POINT('Ctrl Pts',(-0.0103996622848406,0.0935608017291132,
0.0784736192730916));
#536=CARTESIAN_POINT('Ctrl Pts',(-0.012208572500861,0.0992470010232109,
0.0790618545672092));
#537=CARTESIAN_POINT('Ctrl Pts',(-0.0111121402130998,0.105112395706987,
0.0796500898613269));
#538=CARTESIAN_POINT('Ctrl Pts',(-0.00737128956300645,0.109761164897582,
0.0802383251554444));
#539=CARTESIAN_POINT('Ctrl Pts',(-0.00187625177253844,0.112087014902923,
0.0808265604495622));
#540=CARTESIAN_POINT('Ctrl Pts',(0.0040652881808812,0.111536450146632,0.0814147957436797));
#541=CARTESIAN_POINT('Ctrl Pts',(0.00903938869373392,0.108240491612871,
0.0820030310377975));
#542=CARTESIAN_POINT('Ctrl Pts',(0.0118623351552981,0.102983497049119,0.0825912663319151));
#543=CARTESIAN_POINT('Ctrl Pts',(0.0118623351552914,0.0970165029508836,
0.0831795016260328));
#544=CARTESIAN_POINT('Ctrl Pts',(0.00903938869374462,0.0917595083871177,
0.0837677369201504));
#545=CARTESIAN_POINT('Ctrl Pts',(0.00406528818086029,0.0884635498533929,
0.084355972214268));
#546=CARTESIAN_POINT('Ctrl Pts',(-0.00187625177249494,0.0879129850970231,
0.0849442075083857));
#547=CARTESIAN_POINT('Ctrl Pts',(-0.007371289563098,0.0902388351025326,
0.0855324428025034));
#548=CARTESIAN_POINT('Ctrl Pts',(-0.0111121402129063,0.0948876042927711,
0.086120678096621));
#549=CARTESIAN_POINT('Ctrl Pts',(-0.0122085725012701,0.100752998977301,
0.0867089133907387));
#550=CARTESIAN_POINT('Ctrl Pts',(-0.0103996622839756,0.106439198269803,
0.0872971486848563));
#551=CARTESIAN_POINT('Ctrl Pts',(-0.0061158860760029,0.11059302541694,0.087885383978974));
#552=CARTESIAN_POINT('Ctrl Pts',(-0.000376678139666756,0.112225970863603,
0.0884736192730916));
#553=CARTESIAN_POINT('Ctrl Pts',(0.00545217000726828,0.110949433418695,
0.0890618545672092));
#554=CARTESIAN_POINT('Ctrl Pts',(0.00998353466311191,0.107067197861177,
0.0896500898613269));
#555=CARTESIAN_POINT('Ctrl Pts',(0.0121390615532845,0.10150314157156,0.0902383251554445));
#556=CARTESIAN_POINT('Ctrl Pts',(0.0114057878481469,0.0955813742473879,
0.0908265604495621));
#557=CARTESIAN_POINT('Ctrl Pts',(0.00795821480602357,0.0907111320883667,
0.0914147957436798));
#558=CARTESIAN_POINT('Ctrl Pts',(0.00261678072955798,0.0880514139500944,
0.0920030310377974));
#559=CARTESIAN_POINT('Ctrl Pts',(-0.0033473833409983,0.0882351678827537,
0.0925912663319152));
#560=CARTESIAN_POINT('Ctrl Pts',(-0.00851495181429519,0.0912186649318675,
0.0931795016260327));
#561=CARTESIAN_POINT('Ctrl Pts',(-0.0116561694233016,0.096291905562978,
0.0937677369201504));
#562=CARTESIAN_POINT('Ctrl Pts',(-0.0120235029868843,0.102247582234973,
0.094355972214268));
#563=CARTESIAN_POINT('Ctrl Pts',(-0.00952953607565175,0.107668389150365,
0.0949442075083857));
#564=CARTESIAN_POINT('Ctrl Pts',(-0.00476777199018666,0.111264306469028,
0.0955324428025033));
#565=CARTESIAN_POINT('Ctrl Pts',(0.00112860554979448,0.112179593568406,
0.0961206780966211));
#566=CARTESIAN_POINT('Ctrl Pts',(0.00675640249400173,0.110196434441393,
0.0967089133907385));
#567=CARTESIAN_POINT('Ctrl Pts',(0.0107763404236424,0.1057867725938,0.0972971486848564));
#568=CARTESIAN_POINT('Ctrl Pts',(0.0122317721520058,0.1,0.0978853839789738));
#569=CARTESIAN_POINT('Ctrl Pts',(0.0107763404236424,0.0942132274062,0.0984736192730917));
#570=CARTESIAN_POINT('Ctrl Pts',(0.00675640249400176,0.0898035655586067,
0.0990618545672092));
#571=CARTESIAN_POINT('Ctrl Pts',(0.0011286055497945,0.087820406431594,0.0996500898613269));
#572=CARTESIAN_POINT('Ctrl Pts',(-0.00476777199018664,0.0887356935309725,
0.100238325155445));
#573=CARTESIAN_POINT('Ctrl Pts',(-0.00952953607565173,0.092331610849635,
0.100826560449562));
#574=CARTESIAN_POINT('Ctrl Pts',(-0.0120235029868843,0.0977524177650268,
0.10141479574368));
#575=CARTESIAN_POINT('Ctrl Pts',(-0.0116561694233016,0.103708094437022,
0.102003031037797));
#576=CARTESIAN_POINT('Ctrl Pts',(-0.00851495181429522,0.108781335068133,
0.102591266331915));
#577=CARTESIAN_POINT('Ctrl Pts',(-0.00334738334099835,0.111764832117246,
0.103179501626033));
#578=CARTESIAN_POINT('Ctrl Pts',(0.00261678072955794,0.111948586049906,
0.10376773692015));
#579=CARTESIAN_POINT('Ctrl Pts',(0.00795821480602355,0.109288867911633,
0.104355972214268));
#580=CARTESIAN_POINT('Ctrl Pts',(0.0114057878481469,0.104418625752612,0.104944207508386));
#581=CARTESIAN_POINT('Ctrl Pts',(0.0121390615532846,0.0984968584284398,
0.105532442802503));
#582=CARTESIAN_POINT('Ctrl Pts',(0.00998353466311192,0.0929328021388229,
0.106120678096621));
#583=CARTESIAN_POINT('Ctrl Pts',(0.00545217000726831,0.0890505665813054,
0.106708913390739));
#584=CARTESIAN_POINT('Ctrl Pts',(-0.000376678139666723,0.0877740291363965,
0.107297148684856));
#585=CARTESIAN_POINT('Ctrl Pts',(-0.00611588607600288,0.0894069745830601,
0.107885383978974));
#586=CARTESIAN_POINT('Ctrl Pts',(-0.0103996622839756,0.0935608017301965,
0.108473619273092));
#587=CARTESIAN_POINT('Ctrl Pts',(-0.0122085725012701,0.0992470010226987,
0.109061854567209));
#588=CARTESIAN_POINT('Ctrl Pts',(-0.0111121402129063,0.105112395707229,
0.109650089861327));
#589=CARTESIAN_POINT('Ctrl Pts',(-0.00737128956309803,0.109761164897467,
0.110238325155445));
#590=CARTESIAN_POINT('Ctrl Pts',(-0.001876251772495,0.112087014902977,0.110826560449562));
#591=CARTESIAN_POINT('Ctrl Pts',(0.00406528818086022,0.111536450146607,
0.11141479574368));
#592=CARTESIAN_POINT('Ctrl Pts',(0.00903938869374458,0.108240491612882,
0.112003031037797));
#593=CARTESIAN_POINT('Ctrl Pts',(0.0118623351552914,0.102983497049117,0.112591266331915));
#594=CARTESIAN_POINT('Ctrl Pts',(0.0118623351552981,0.0970165029508805,
0.113179501626033));
#595=CARTESIAN_POINT('Ctrl Pts',(0.00903938869373394,0.0917595083871286,
0.11376773692015));
#596=CARTESIAN_POINT('Ctrl Pts',(0.00406528818088121,0.0884635498533679,
0.114355972214268));
#597=CARTESIAN_POINT('Ctrl Pts',(-0.00187625177253843,0.087912985097077,
0.114944207508386));
#598=CARTESIAN_POINT('Ctrl Pts',(-0.00737128956300645,0.0902388351024182,
0.115532442802503));
#599=CARTESIAN_POINT('Ctrl Pts',(-0.0111121402130998,0.0948876042930133,
0.116120678096621));
#600=CARTESIAN_POINT('Ctrl Pts',(-0.012208572500861,0.100752998976789,0.116708913390739));
#601=CARTESIAN_POINT('Ctrl Pts',(-0.0103996622848406,0.106439198270887,
0.117297148684856));
#602=CARTESIAN_POINT('Ctrl Pts',(-0.00611588607417376,0.110593025414649,
0.117885383978974));
#603=CARTESIAN_POINT('Ctrl Pts',(-0.000376678143535022,0.112225970868449,
0.118473619273092));
#604=CARTESIAN_POINT('Ctrl Pts',(0.00545217001544865,0.110949433408448,
0.119061854567209));
#605=CARTESIAN_POINT('Ctrl Pts',(0.00998353464581242,0.107067197882845,
0.119650089861327));
#606=CARTESIAN_POINT('Ctrl Pts',(0.0121390615898687,0.101503141525737,0.120238325155444));
#607=CARTESIAN_POINT('Ctrl Pts',(0.0114057877707803,0.0955813743442923,
0.120826560449562));
#608=CARTESIAN_POINT('Ctrl Pts',(0.0079582149696348,0.0907111318834377,
0.12141479574368));
#609=CARTESIAN_POINT('Ctrl Pts',(0.00261678038355829,0.0880514143834693,
0.122003031037797));
#610=CARTESIAN_POINT('Ctrl Pts',(-0.00334738260930872,0.088235166966273,
0.122591266331915));
#611=CARTESIAN_POINT('Ctrl Pts',(-0.00851495336175001,0.0912186668700072,
0.123179501626033));
#612=CARTESIAN_POINT('Ctrl Pts',(-0.0116561661516271,0.0962919014643429,
0.12376773692015));
#613=CARTESIAN_POINT('Ctrl Pts',(-0.0120235099116583,0.102247590902992,
0.124355972214268));
#614=CARTESIAN_POINT('Ctrl Pts',(-0.00952952147537821,0.107668370822609,
0.124944207508386));
#615=CARTESIAN_POINT('Ctrl Pts',(-0.00476780319060214,0.111264345250353,
0.125532442802503));
#616=CARTESIAN_POINT('Ctrl Pts',(0.00112866917537468,0.112179511707374,
0.126120678096621));
#617=CARTESIAN_POINT('Ctrl Pts',(0.00675625001501847,0.110196608967504,
0.126708913390739));
#618=CARTESIAN_POINT('Ctrl Pts',(0.0107765435117175,0.10578640788003,0.127297148684856));
#619=CARTESIAN_POINT('Ctrl Pts',(0.0117456545457545,0.101929420240635,0.127689305547601));
#620=CARTESIAN_POINT('Ctrl Pts',(0.0117456545457545,0.1,0.127885383978974));
#621=CARTESIAN_POINT('Ctrl Pts',(0.0109669352445137,0.1,0.0685029127326086));
#622=CARTESIAN_POINT('Ctrl Pts',(0.0109669352445137,0.0981982749616045,
0.0686989911639811));
#623=CARTESIAN_POINT('Ctrl Pts',(0.0100621631651375,0.0945972822351296,
0.0690911480267262));
#624=CARTESIAN_POINT('Ctrl Pts',(0.00630835360213819,0.0904792916450241,
0.0696793833208438));
#625=CARTESIAN_POINT('Ctrl Pts',(0.00105385276523795,0.0886279136381932,
0.0702676186149615));
#626=CARTESIAN_POINT('Ctrl Pts',(-0.00445173934148689,0.0894823775929386,
0.0708558539090792));
#627=CARTESIAN_POINT('Ctrl Pts',(-0.00889779095237762,0.0928399847044608,
0.0714440892031968));
#628=CARTESIAN_POINT('Ctrl Pts',(-0.0112264500841597,0.0979014035100512,
0.0720323244973144));
#629=CARTESIAN_POINT('Ctrl Pts',(-0.0108834573899161,0.103462283099991,
0.0726205597914321));
#630=CARTESIAN_POINT('Ctrl Pts',(-0.00795048170918271,0.108199201997019,
0.0732087950855497));
#631=CARTESIAN_POINT('Ctrl Pts',(-0.00312547845642119,0.110984921072586,
0.0737970303796674));
#632=CARTESIAN_POINT('Ctrl Pts',(0.00244330921484892,0.111156491974967,
0.074385265673785));
#633=CARTESIAN_POINT('Ctrl Pts',(0.00743065040826111,0.108673092178442,
0.0749735009679027));
#634=CARTESIAN_POINT('Ctrl Pts',(0.0106496773056393,0.10412570688007,0.0755617362620204));
#635=CARTESIAN_POINT('Ctrl Pts',(0.011334341076016,0.0985965044786806,0.0761499715561379));
#636=CARTESIAN_POINT('Ctrl Pts',(0.00932170793728832,0.0934012995388983,
0.0767382068502556));
#637=CARTESIAN_POINT('Ctrl Pts',(0.00509073572894859,0.0897764244909887,
0.0773264421443733));
#638=CARTESIAN_POINT('Ctrl Pts',(-0.000351707463198182,0.0885845110214367,
0.0779146774384909));
#639=CARTESIAN_POINT('Ctrl Pts',(-0.00571045283968064,0.0901092055470294,
0.0785029127326086));
#640=CARTESIAN_POINT('Ctrl Pts',(-0.00971024971817675,0.0939876679179201,
0.0790911480267262));
#641=CARTESIAN_POINT('Ctrl Pts',(-0.011399243979051,0.0992969186979049,
0.0796793833208439));
#642=CARTESIAN_POINT('Ctrl Pts',(-0.0103754961859932,0.10477348567792,0.0802676186149614));
#643=CARTESIAN_POINT('Ctrl Pts',(-0.00688263334334705,0.109114079486374,
0.0808558539090791));
#644=CARTESIAN_POINT('Ctrl Pts',(-0.00175187162298365,0.111285744655842,
0.0814440892031968));
#645=CARTESIAN_POINT('Ctrl Pts',(0.00379579281819419,0.110771677840699,
0.0820323244973144));
#646=CARTESIAN_POINT('Ctrl Pts',(0.00844015114251642,0.107694214405169,
0.0826205597914321));
#647=CARTESIAN_POINT('Ctrl Pts',(0.0110759593381926,0.102785715592172,0.0832087950855497));
#648=CARTESIAN_POINT('Ctrl Pts',(0.0110759593381857,0.0972142844078317,
0.0837970303796674));
#649=CARTESIAN_POINT('Ctrl Pts',(0.00844015114252726,0.0923057855948178,
0.084385265673785));
#650=CARTESIAN_POINT('Ctrl Pts',(0.00379579281817297,0.0892283221593318,
0.0849735009679027));
#651=CARTESIAN_POINT('Ctrl Pts',(-0.00175187162293953,0.088714255344092,
0.0855617362620203));
#652=CARTESIAN_POINT('Ctrl Pts',(-0.00688263334343991,0.0908859205137657,
0.086149971556138));
#653=CARTESIAN_POINT('Ctrl Pts',(-0.010375496185797,0.0952265143217838,
0.0867382068502556));
#654=CARTESIAN_POINT('Ctrl Pts',(-0.0113992439794659,0.10070308130272,0.0873264421443733));
#655=CARTESIAN_POINT('Ctrl Pts',(-0.00971024971729943,0.106012332080758,
0.0879146774384909));
#656=CARTESIAN_POINT('Ctrl Pts',(-0.00571045284153596,0.109890794455766,
0.0885029127326086));
#657=CARTESIAN_POINT('Ctrl Pts',(-0.000351707459274703,0.111415488972651,
0.0890911480267262));
#658=CARTESIAN_POINT('Ctrl Pts',(0.00509073572065137,0.110223575521514,
0.0896793833208439));
#659=CARTESIAN_POINT('Ctrl Pts',(0.00932170795483489,0.106598700434661,
0.0902676186149615));
#660=CARTESIAN_POINT('Ctrl Pts',(0.0113343410389093,0.101403495577236,0.0908558539090791));
#661=CARTESIAN_POINT('Ctrl Pts',(0.0106496773841109,0.0958742930016807,
0.0914440892031968));
#662=CARTESIAN_POINT('Ctrl Pts',(0.00743065024231319,0.0913269080716255,
0.0920323244973144));
#663=CARTESIAN_POINT('Ctrl Pts',(0.00244330956579018,0.0888435074962001,
0.0926205597914321));
#664=CARTESIAN_POINT('Ctrl Pts',(-0.00312547919856066,0.0890150800457632,
0.0932087950855498));
#665=CARTESIAN_POINT('Ctrl Pts',(-0.00795048013962722,0.0918007956379282,
0.0937970303796673));
#666=CARTESIAN_POINT('Ctrl Pts',(-0.0108834607083164,0.0965377219013838,
0.094385265673785));
#667=CARTESIAN_POINT('Ctrl Pts',(-0.0112264430604867,0.102098585912293,
0.0949735009679027));
#668=CARTESIAN_POINT('Ctrl Pts',(-0.00889780576117115,0.107160037657589,
0.0955617362620203));
#669=CARTESIAN_POINT('Ctrl Pts',(-0.00445170769546951,0.11051757506347,
0.096149971556138));
#670=CARTESIAN_POINT('Ctrl Pts',(0.00105378823096214,0.111372186112877,
0.0967382068502556));
#671=CARTESIAN_POINT('Ctrl Pts',(0.0063085082588145,0.109520494218794,0.0973264421443733));
#672=CARTESIAN_POINT('Ctrl Pts',(0.0100619571765741,0.105403156891893,0.0979146774384909));
#673=CARTESIAN_POINT('Ctrl Pts',(0.0114209056830719,0.1,0.0985029127326085));
#674=CARTESIAN_POINT('Ctrl Pts',(0.0100619571765742,0.0945968431081069,
0.0990911480267262));
#675=CARTESIAN_POINT('Ctrl Pts',(0.00630850825881451,0.0904795057812059,
0.0996793833208438));
#676=CARTESIAN_POINT('Ctrl Pts',(0.00105378823096216,0.0886278138871231,
0.100267618614961));
#677=CARTESIAN_POINT('Ctrl Pts',(-0.00445170769546949,0.0894824249365303,
0.100855853909079));
#678=CARTESIAN_POINT('Ctrl Pts',(-0.00889780576117112,0.0928399623424109,
0.101444089203197));
#679=CARTESIAN_POINT('Ctrl Pts',(-0.0112264430604867,0.097901414087707,
0.102032324497314));
#680=CARTESIAN_POINT('Ctrl Pts',(-0.0108834607083164,0.103462278098616,
0.102620559791432));
#681=CARTESIAN_POINT('Ctrl Pts',(-0.00795048013962725,0.108199204362072,
0.10320879508555));
#682=CARTESIAN_POINT('Ctrl Pts',(-0.00312547919856072,0.110984919954237,
0.103797030379667));
#683=CARTESIAN_POINT('Ctrl Pts',(0.00244330956579016,0.1111564925038,0.104385265673785));
#684=CARTESIAN_POINT('Ctrl Pts',(0.00743065024231317,0.108673091928374,
0.104973500967903));
#685=CARTESIAN_POINT('Ctrl Pts',(0.0106496773841109,0.104125706998319,0.10556173626202));
#686=CARTESIAN_POINT('Ctrl Pts',(0.0113343410389093,0.0985965044227643,
0.106149971556138));
#687=CARTESIAN_POINT('Ctrl Pts',(0.0093217079548349,0.0934012995653393,
0.106738206850256));
#688=CARTESIAN_POINT('Ctrl Pts',(0.00509073572065138,0.0897764244784856,
0.107326442144373));
#689=CARTESIAN_POINT('Ctrl Pts',(-0.000351707459274666,0.0885845110273491,
0.107914677438491));
#690=CARTESIAN_POINT('Ctrl Pts',(-0.00571045284153594,0.0901092055442337,
0.108502912732609));
#691=CARTESIAN_POINT('Ctrl Pts',(-0.00971024971729943,0.0939876679192421,
0.109091148026726));
#692=CARTESIAN_POINT('Ctrl Pts',(-0.0113992439794659,0.0992969186972799,
0.109679383320844));
#693=CARTESIAN_POINT('Ctrl Pts',(-0.010375496185797,0.104773485678216,0.110267618614961));
#694=CARTESIAN_POINT('Ctrl Pts',(-0.00688263334343993,0.109114079486234,
0.110855853909079));
#695=CARTESIAN_POINT('Ctrl Pts',(-0.00175187162293959,0.111285744655908,
0.111444089203197));
#696=CARTESIAN_POINT('Ctrl Pts',(0.00379579281817291,0.110771677840668,
0.112032324497314));
#697=CARTESIAN_POINT('Ctrl Pts',(0.00844015114252723,0.107694214405182,
0.112620559791432));
#698=CARTESIAN_POINT('Ctrl Pts',(0.0110759593381857,0.102785715592168,0.11320879508555));
#699=CARTESIAN_POINT('Ctrl Pts',(0.0110759593381926,0.0972142844078281,
0.113797030379667));
#700=CARTESIAN_POINT('Ctrl Pts',(0.00844015114251643,0.092305785594831,
0.114385265673785));
#701=CARTESIAN_POINT('Ctrl Pts',(0.0037957928181942,0.0892283221593012,
0.114973500967903));
#702=CARTESIAN_POINT('Ctrl Pts',(-0.00175187162298365,0.0887142553441578,
0.11556173626202));
#703=CARTESIAN_POINT('Ctrl Pts',(-0.00688263334334703,0.090885920513626,
0.116149971556138));
#704=CARTESIAN_POINT('Ctrl Pts',(-0.0103754961859932,0.0952265143220794,
0.116738206850256));
#705=CARTESIAN_POINT('Ctrl Pts',(-0.011399243979051,0.100703081302095,0.117326442144373));
#706=CARTESIAN_POINT('Ctrl Pts',(-0.00971024971817678,0.10601233208208,
0.117914677438491));
#707=CARTESIAN_POINT('Ctrl Pts',(-0.0057104528396807,0.109890794452971,
0.118502912732609));
#708=CARTESIAN_POINT('Ctrl Pts',(-0.000351707463198217,0.111415488978563,
0.119091148026726));
#709=CARTESIAN_POINT('Ctrl Pts',(0.00509073572894857,0.110223575509011,
0.119679383320844));
#710=CARTESIAN_POINT('Ctrl Pts',(0.00932170793728832,0.106598700461102,
0.120267618614962));
#711=CARTESIAN_POINT('Ctrl Pts',(0.011334341076016,0.101403495521319,0.120855853909079));
#712=CARTESIAN_POINT('Ctrl Pts',(0.0106496773056393,0.0958742931199299,
0.121444089203197));
#713=CARTESIAN_POINT('Ctrl Pts',(0.00743065040826111,0.0913269078215576,
0.122032324497314));
#714=CARTESIAN_POINT('Ctrl Pts',(0.00244330921484895,0.0888435080250328,
0.122620559791432));
#715=CARTESIAN_POINT('Ctrl Pts',(-0.00312547845642116,0.089015078927414,
0.12320879508555));
#716=CARTESIAN_POINT('Ctrl Pts',(-0.00795048170918266,0.0918007980029809,
0.123797030379667));
#717=CARTESIAN_POINT('Ctrl Pts',(-0.0108834573899161,0.0965377169000089,
0.124385265673785));
#718=CARTESIAN_POINT('Ctrl Pts',(-0.0112264500841597,0.102098596489949,
0.124973500967903));
#719=CARTESIAN_POINT('Ctrl Pts',(-0.00889779095237763,0.107160015295539,
0.12556173626202));
#720=CARTESIAN_POINT('Ctrl Pts',(-0.0044517393414869,0.110517622407062,
0.126149971556138));
#721=CARTESIAN_POINT('Ctrl Pts',(0.00105385276523795,0.111372086361807,
0.126738206850256));
#722=CARTESIAN_POINT('Ctrl Pts',(0.0063083536021382,0.109520708354976,0.127326442144373));
#723=CARTESIAN_POINT('Ctrl Pts',(0.0100621631651375,0.10540271776487,0.127914677438491));
#724=CARTESIAN_POINT('Ctrl Pts',(0.0109669352445137,0.101801725038395,0.128306834301236));
#725=CARTESIAN_POINT('Ctrl Pts',(0.0109669352445137,0.1,0.128502912732609));
#726=CARTESIAN_POINT('Ctrl Pts',(0.0109701327783223,0.1,0.0694959391898165));
#727=CARTESIAN_POINT('Ctrl Pts',(0.0109701327783223,0.0981982250397548,
0.069692017621189));
#728=CARTESIAN_POINT('Ctrl Pts',(0.0100649081197079,0.0945955789251372,
0.0700841744839342));
#729=CARTESIAN_POINT('Ctrl Pts',(0.00631012269395333,0.0904767706783063,
0.0706724097780517));
#730=CARTESIAN_POINT('Ctrl Pts',(0.00105413296335275,0.0886247219932951,
0.0712606450721694));
#731=CARTESIAN_POINT('Ctrl Pts',(-0.00445296387260486,0.0894794956297774,
0.0718488803662871));
#732=CARTESIAN_POINT('Ctrl Pts',(-0.00890025170094471,0.0928379953561852,
0.0724371156604047));
#733=CARTESIAN_POINT('Ctrl Pts',(-0.0112295504763034,0.0979008290294101,
0.0730253509545224));
#734=CARTESIAN_POINT('Ctrl Pts',(-0.0108864647774264,0.103463237131669,
0.0736135862486399));
#735=CARTESIAN_POINT('Ctrl Pts',(-0.00795267795990425,0.108201468416112,
0.0742018215427577));
#736=CARTESIAN_POINT('Ctrl Pts',(-0.00312634207310428,0.110987955367452,
0.0747900568368753));
#737=CARTESIAN_POINT('Ctrl Pts',(0.00244398429900538,0.111159574497102,
0.0753782921309929));
#738=CARTESIAN_POINT('Ctrl Pts',(0.00743270328099647,0.108675488209122,
0.0759665274251106));
#739=CARTESIAN_POINT('Ctrl Pts',(0.0106526195556391,0.104126846767946,0.0765547627192282));
#740=CARTESIAN_POINT('Ctrl Pts',(0.0113374724616918,0.0985961167002811,
0.0771429980133459));
#741=CARTESIAN_POINT('Ctrl Pts',(0.00932428329257271,0.0933994764980049,
0.0777312333074635));
#742=CARTESIAN_POINT('Ctrl Pts',(0.00509214216915857,0.0897735999691927,
0.0783194686015812));
#743=CARTESIAN_POINT('Ctrl Pts',(-0.000351804630415172,0.0885813572133144,
0.0789077038956988));
#744=CARTESIAN_POINT('Ctrl Pts',(-0.00571203049378896,0.0901064729690995,
0.0794959391898165));
#745=CARTESIAN_POINT('Ctrl Pts',(-0.00971293241460769,0.0939860068631852,
0.0800841744839342));
#746=CARTESIAN_POINT('Ctrl Pts',(-0.0114023933021279,0.0992967244539972,
0.0806724097780517));
#747=CARTESIAN_POINT('Ctrl Pts',(-0.0103783626733254,0.104774804471516,
0.0812606450721694));
#748=CARTESIAN_POINT('Ctrl Pts',(-0.00688453484100359,0.109116597476116,
0.081848880366287));
#749=CARTESIAN_POINT('Ctrl Pts',(-0.00175235562082876,0.111288862621887,
0.0824371156604047));
#750=CARTESIAN_POINT('Ctrl Pts',(0.00379684149981131,0.110774653783027,
0.0830253509545223));
#751=CARTESIAN_POINT('Ctrl Pts',(0.00844248294296202,0.107696340122153,
0.08361358624864));
#752=CARTESIAN_POINT('Ctrl Pts',(0.0110790193458227,0.10278648521498,0.0842018215427576));
#753=CARTESIAN_POINT('Ctrl Pts',(0.011079019345817,0.0972135147850216,0.0847900568368753));
#754=CARTESIAN_POINT('Ctrl Pts',(0.00844248294297103,0.0923036598778409,
0.0853782921309929));
#755=CARTESIAN_POINT('Ctrl Pts',(0.00379684149979369,0.0892253462169886,
0.0859665274251105));
#756=CARTESIAN_POINT('Ctrl Pts',(-0.00175235562079211,0.0887111373780799,
0.0865547627192283));
#757=CARTESIAN_POINT('Ctrl Pts',(-0.00688453484108071,0.0908834025239534,
0.0871429980133459));
#758=CARTESIAN_POINT('Ctrl Pts',(-0.0103783626731624,0.0952251955283361,
0.0877312333074635));
#759=CARTESIAN_POINT('Ctrl Pts',(-0.0114023933024724,0.100703275546315,
0.0883194686015811));
#760=CARTESIAN_POINT('Ctrl Pts',(-0.00971293241387906,0.106013993136156,
0.0889077038956989));
#761=CARTESIAN_POINT('Ctrl Pts',(-0.00571203049532984,0.109893527032294,
0.0894959391898165));
#762=CARTESIAN_POINT('Ctrl Pts',(-0.000351804627156631,0.111418642783739,
0.0900841744839341));
#763=CARTESIAN_POINT('Ctrl Pts',(0.00509214216226751,0.11022640003704,0.0906724097780518));
#764=CARTESIAN_POINT('Ctrl Pts',(0.00932428330714556,0.106600523488815,
0.0912606450721694));
#765=CARTESIAN_POINT('Ctrl Pts',(0.0113374724308737,0.101403883327592,0.0918488803662871));
#766=CARTESIAN_POINT('Ctrl Pts',(0.0106526196208117,0.0958731531731105,
0.0924371156604047));
#767=CARTESIAN_POINT('Ctrl Pts',(0.00743270314317257,0.0913245119155299,
0.0930253509545223));
#768=CARTESIAN_POINT('Ctrl Pts',(0.00244398459047091,0.088840425239291,
0.0936135862486399));
#769=CARTESIAN_POINT('Ctrl Pts',(-0.00312634268946974,0.0890120451900134,
0.0942018215427577));
#770=CARTESIAN_POINT('Ctrl Pts',(-0.00795267665634901,0.09179853040499,
0.0947900568368753));
#771=CARTESIAN_POINT('Ctrl Pts',(-0.0108864675334411,0.096536765361451,
0.0953782921309929));
#772=CARTESIAN_POINT('Ctrl Pts',(-0.0112295446429667,0.102099165698541,
0.0959665274251106));
#773=CARTESIAN_POINT('Ctrl Pts',(-0.00890026400001943,0.107162015795031,
0.0965547627192282));
#774=CARTESIAN_POINT('Ctrl Pts',(-0.00445293758979312,0.110520480803638,
0.0971429980133459));
#775=CARTESIAN_POINT('Ctrl Pts',(0.00105407936601687,0.111375327960479,
0.0977312333074635));
#776=CARTESIAN_POINT('Ctrl Pts',(0.00631025114020489,0.109523124490725,
0.0983194686015812));
#777=CARTESIAN_POINT('Ctrl Pts',(0.0100647370410357,0.105404649647583,0.0989077038956988));
#778=CARTESIAN_POINT('Ctrl Pts',(0.0114240609906596,0.1,0.0994959391898164));
#779=CARTESIAN_POINT('Ctrl Pts',(0.0100647370410357,0.0945953503524174,
0.100084174483934));
#780=CARTESIAN_POINT('Ctrl Pts',(0.00631025114020491,0.0904768755092746,
0.100672409778052));
#781=CARTESIAN_POINT('Ctrl Pts',(0.00105407936601689,0.0886246720395212,
0.101260645072169));
#782=CARTESIAN_POINT('Ctrl Pts',(-0.0044529375897931,0.0894795191963619,
0.101848880366287));
#783=CARTESIAN_POINT('Ctrl Pts',(-0.00890026400001942,0.0928379842049692,
0.102437115660405));
#784=CARTESIAN_POINT('Ctrl Pts',(-0.0112295446429667,0.0979008343014593,
0.103025350954522));
#785=CARTESIAN_POINT('Ctrl Pts',(-0.0108864675334411,0.103463234638549,
0.10361358624864));
#786=CARTESIAN_POINT('Ctrl Pts',(-0.00795267665634906,0.10820146959501,
0.104201821542758));
#787=CARTESIAN_POINT('Ctrl Pts',(-0.00312634268946979,0.110987954809987,
0.104790056836875));
#788=CARTESIAN_POINT('Ctrl Pts',(0.00244398459047087,0.111159574760709,
0.105378292130993));
#789=CARTESIAN_POINT('Ctrl Pts',(0.00743270314317255,0.10867548808447,0.10596652742511));
#790=CARTESIAN_POINT('Ctrl Pts',(0.0106526196208117,0.10412684682689,0.106554762719228));
#791=CARTESIAN_POINT('Ctrl Pts',(0.0113374724308737,0.0985961166724084,
0.107142998013346));
#792=CARTESIAN_POINT('Ctrl Pts',(0.00932428330714557,0.0933994765111851,
0.107731233307464));
#793=CARTESIAN_POINT('Ctrl Pts',(0.00509214216226753,0.0897735999629601,
0.108319468601581));
#794=CARTESIAN_POINT('Ctrl Pts',(-0.000351804627156597,0.0885813572162616,
0.108907703895699));
#795=CARTESIAN_POINT('Ctrl Pts',(-0.00571203049532982,0.090106472967706,
0.109495939189817));
#796=CARTESIAN_POINT('Ctrl Pts',(-0.00971293241387905,0.0939860068638442,
0.110084174483934));
#797=CARTESIAN_POINT('Ctrl Pts',(-0.0114023933024724,0.0992967244536856,
0.110672409778052));
#798=CARTESIAN_POINT('Ctrl Pts',(-0.0103783626731624,0.104774804471664,
0.111260645072169));
#799=CARTESIAN_POINT('Ctrl Pts',(-0.00688453484108074,0.109116597476047,
0.111848880366287));
#800=CARTESIAN_POINT('Ctrl Pts',(-0.00175235562079217,0.11128886262192,
0.112437115660405));
#801=CARTESIAN_POINT('Ctrl Pts',(0.00379684149979364,0.110774653783011,
0.113025350954522));
#802=CARTESIAN_POINT('Ctrl Pts',(0.00844248294297098,0.107696340122159,
0.11361358624864));
#803=CARTESIAN_POINT('Ctrl Pts',(0.011079019345817,0.102786485214979,0.114201821542758));
#804=CARTESIAN_POINT('Ctrl Pts',(0.0110790193458227,0.0972135147850198,
0.114790056836875));
#805=CARTESIAN_POINT('Ctrl Pts',(0.00844248294296203,0.0923036598778474,
0.115378292130993));
#806=CARTESIAN_POINT('Ctrl Pts',(0.00379684149981132,0.0892253462169734,
0.115966527425111));
#807=CARTESIAN_POINT('Ctrl Pts',(-0.00175235562082875,0.0887111373781127,
0.116554762719228));
#808=CARTESIAN_POINT('Ctrl Pts',(-0.00688453484100358,0.0908834025238838,
0.117142998013346));
#809=CARTESIAN_POINT('Ctrl Pts',(-0.0103783626733253,0.0952251955284836,
0.117731233307463));
#810=CARTESIAN_POINT('Ctrl Pts',(-0.0114023933021279,0.100703275546003,
0.118319468601581));
#811=CARTESIAN_POINT('Ctrl Pts',(-0.00971293241460772,0.106013993136815,
0.118907703895699));
#812=CARTESIAN_POINT('Ctrl Pts',(-0.00571203049378901,0.1098935270309,0.119495939189816));
#813=CARTESIAN_POINT('Ctrl Pts',(-0.000351804630415208,0.111418642786686,
0.120084174483934));
#814=CARTESIAN_POINT('Ctrl Pts',(0.00509214216915854,0.110226400030807,
0.120672409778052));
#815=CARTESIAN_POINT('Ctrl Pts',(0.0093242832925727,0.106600523501995,0.121260645072169));
#816=CARTESIAN_POINT('Ctrl Pts',(0.0113374724616918,0.101403883299719,0.121848880366287));
#817=CARTESIAN_POINT('Ctrl Pts',(0.0106526195556391,0.0958731532320542,
0.122437115660405));
#818=CARTESIAN_POINT('Ctrl Pts',(0.00743270328099648,0.0913245117908783,
0.123025350954522));
#819=CARTESIAN_POINT('Ctrl Pts',(0.0024439842990054,0.0888404255028984,
0.12361358624864));
#820=CARTESIAN_POINT('Ctrl Pts',(-0.00312634207310424,0.0890120446325476,
0.124201821542758));
#821=CARTESIAN_POINT('Ctrl Pts',(-0.00795267795990422,0.0917985315838881,
0.124790056836875));
#822=CARTESIAN_POINT('Ctrl Pts',(-0.0108864647774263,0.0965367628683313,
0.125378292130993));
#823=CARTESIAN_POINT('Ctrl Pts',(-0.0112295504763034,0.10209917097059,0.125966527425111));
#824=CARTESIAN_POINT('Ctrl Pts',(-0.00890025170094472,0.107162004643815,
0.126554762719228));
#825=CARTESIAN_POINT('Ctrl Pts',(-0.00445296387260488,0.110520504370223,
0.127142998013346));
#826=CARTESIAN_POINT('Ctrl Pts',(0.00105413296335275,0.111375278006705,
0.127731233307463));
#827=CARTESIAN_POINT('Ctrl Pts',(0.00631012269395334,0.109523229321694,
0.128319468601581));
#828=CARTESIAN_POINT('Ctrl Pts',(0.0100649081197079,0.105404421074863,0.128907703895699));
#829=CARTESIAN_POINT('Ctrl Pts',(0.0109701327783223,0.101801774960245,0.129299860758444));
#830=CARTESIAN_POINT('Ctrl Pts',(0.0109701327783223,0.1,0.129495939189816));
#831=CARTESIAN_POINT('Ctrl Pts',(0.0117446228373638,0.1,0.0701181422651875));
#832=CARTESIAN_POINT('Ctrl Pts',(0.0117446228373638,0.0980705577974887,
0.0703142206965601));
#833=CARTESIAN_POINT('Ctrl Pts',(0.0107756729492266,0.0942141519630087,
0.0707063775593052));
#834=CARTESIAN_POINT('Ctrl Pts',(0.00675568482424202,0.0898041840286543,
0.0712946128534228));
#835=CARTESIAN_POINT('Ctrl Pts',(0.00112858093468121,0.0878215081697202,
0.0718828481475405));
#836=CARTESIAN_POINT('Ctrl Pts',(-0.00476741396620866,0.0887365698564763,
0.0724710834416581));
#837=CARTESIAN_POINT('Ctrl Pts',(-0.00952873818726323,0.0923322631889094,
0.0730593187357758));
#838=CARTESIAN_POINT('Ctrl Pts',(-0.012022523385144,0.0977525914634027,
0.0736475540298934));
#839=CARTESIAN_POINT('Ctrl Pts',(-0.0116552090732955,0.103707795149485,
0.0742357893240111));
#840=CARTESIAN_POINT('Ctrl Pts',(-0.0085142544788494,0.108780611794834,
0.0748240246181287));
#841=CARTESIAN_POINT('Ctrl Pts',(-0.00334710777285447,0.111763867487791,
0.0754122599122463));
#842=CARTESIAN_POINT('Ctrl Pts',(0.0026165655487825,0.111947604653541,0.076000495206364));
#843=CARTESIAN_POINT('Ctrl Pts',(0.00795756169328834,0.109288105646452,
0.0765887305004816));
#844=CARTESIAN_POINT('Ctrl Pts',(0.0114048514674174,0.104418262908041,0.0771769657945993));
#845=CARTESIAN_POINT('Ctrl Pts',(0.0121380651001593,0.0984969818780388,
0.0777652010887169));
#846=CARTESIAN_POINT('Ctrl Pts',(0.00998271509898428,0.0929333822561529,
0.0783534363828346));
#847=CARTESIAN_POINT('Ctrl Pts',(0.0054517224488704,0.0890514654300721,
0.0789416716769522));
#848=CARTESIAN_POINT('Ctrl Pts',(-0.000376647222397404,0.0877750327569615,
0.0795299069710698));
#849=CARTESIAN_POINT('Ctrl Pts',(-0.00611538402263168,0.0894078441644752,
0.0801181422651875));
#850=CARTESIAN_POINT('Ctrl Pts',(-0.0103988085794677,0.093561330320871,
0.0807063775593052));
#851=CARTESIAN_POINT('Ctrl Pts',(-0.012207570302455,0.0992470628368173,
0.0812946128534228));
#852=CARTESIAN_POINT('Ctrl Pts',(-0.0111112280205622,0.105111976031761,
0.0818828481475404));
#853=CARTESIAN_POINT('Ctrl Pts',(-0.00737068445585586,0.109760363606253,
0.0824710834416581));
#854=CARTESIAN_POINT('Ctrl Pts',(-0.00187609775154656,0.112086022683162,
0.0830593187357757));
#855=CARTESIAN_POINT('Ctrl Pts',(0.00406495446248766,0.111535503122601,
0.0836475540298934));
#856=CARTESIAN_POINT('Ctrl Pts',(0.00903864665278756,0.108239815153166,
0.084235789324011));
#857=CARTESIAN_POINT('Ctrl Pts',(0.0118613613794497,0.102983252134664,0.0848240246181286));
#858=CARTESIAN_POINT('Ctrl Pts',(0.0118613613794426,0.0970167478653396,
0.0854122599122463));
#859=CARTESIAN_POINT('Ctrl Pts',(0.00903864665279899,0.0917601848468208,
0.086000495206364));
#860=CARTESIAN_POINT('Ctrl Pts',(0.0040649544624653,0.0884644968774302,
0.0865887305004816));
#861=CARTESIAN_POINT('Ctrl Pts',(-0.00187609775150005,0.0879139773167708,
0.0871769657945993));
#862=CARTESIAN_POINT('Ctrl Pts',(-0.00737068445595375,0.0902396363938894,
0.087765201088717));
#863=CARTESIAN_POINT('Ctrl Pts',(-0.0111112280203553,0.0948880239679365,
0.0883534363828345));
#864=CARTESIAN_POINT('Ctrl Pts',(-0.0122075703028923,0.100752937163821,
0.0889416716769522));
#865=CARTESIAN_POINT('Ctrl Pts',(-0.0103988085785429,0.106438669677778,
0.0895299069710699));
#866=CARTESIAN_POINT('Ctrl Pts',(-0.00611538402458754,0.110592155838381,
0.0901181422651876));
#867=CARTESIAN_POINT('Ctrl Pts',(-0.000376647218261291,0.112224967236999,
0.0907063775593052));
#868=CARTESIAN_POINT('Ctrl Pts',(0.0054517224401235,0.1109485345827,0.0912946128534228));
#869=CARTESIAN_POINT('Ctrl Pts',(0.00998271511748181,0.107066617716838,
0.0918828481475404));
#870=CARTESIAN_POINT('Ctrl Pts',(0.0121380650610415,0.10150301817908,0.0924710834416581));
#871=CARTESIAN_POINT('Ctrl Pts',(0.0114048515501418,0.0955817369711674,
0.0930593187357758));
#872=CARTESIAN_POINT('Ctrl Pts',(0.00795756151834662,0.090711894608993,
0.0936475540298934));
#873=CARTESIAN_POINT('Ctrl Pts',(0.00261656591874355,0.0880523948062555,
0.094235789324011));
#874=CARTESIAN_POINT('Ctrl Pts',(-0.00334710855521531,0.0882361336546046,
0.0948240246181287));
#875=CARTESIAN_POINT('Ctrl Pts',(-0.0085142528242295,0.0912193857892616,
0.0954122599122464));
#876=CARTESIAN_POINT('Ctrl Pts',(-0.0116552125715414,0.0962922099594361,
0.0960004952063639));
#877=CARTESIAN_POINT('Ctrl Pts',(-0.0120225159808124,0.102247397731562,
0.0965887305004816));
#878=CARTESIAN_POINT('Ctrl Pts',(-0.00952875379864153,0.107667759654397,
0.0971769657945993));
#879=CARTESIAN_POINT('Ctrl Pts',(-0.00476738060508791,0.11126338178519,
0.097765201088717));
#880=CARTESIAN_POINT('Ctrl Pts',(0.00112851290287355,0.112178593748901,
0.0983534363828345));
#881=CARTESIAN_POINT('Ctrl Pts',(0.00675584786276881,0.110195597418879,
0.0989416716769522));
#882=CARTESIAN_POINT('Ctrl Pts',(0.0107754557968042,0.10578629755922,0.0995299069710698));
#883=CARTESIAN_POINT('Ctrl Pts',(0.0122307680491751,0.1,0.100118142265188));
#884=CARTESIAN_POINT('Ctrl Pts',(0.0107754557968042,0.0942137024407796,
0.100706377559305));
#885=CARTESIAN_POINT('Ctrl Pts',(0.00675584786276883,0.0898044025811214,
0.101294612853423));
#886=CARTESIAN_POINT('Ctrl Pts',(0.00112851290287357,0.087821406251099,
0.10188284814754));
#887=CARTESIAN_POINT('Ctrl Pts',(-0.00476738060508789,0.0887366182148098,
0.102471083441658));
#888=CARTESIAN_POINT('Ctrl Pts',(-0.00952875379864151,0.092332240345603,
0.103059318735776));
#889=CARTESIAN_POINT('Ctrl Pts',(-0.0120225159808124,0.0977526022684378,
0.103647554029893));
#890=CARTESIAN_POINT('Ctrl Pts',(-0.0116552125715414,0.103707790040564,
0.104235789324011));
#891=CARTESIAN_POINT('Ctrl Pts',(-0.00851425282422954,0.108780614210738,
0.104824024618129));
#892=CARTESIAN_POINT('Ctrl Pts',(-0.00334710855521536,0.111763866345395,
0.105412259912246));
#893=CARTESIAN_POINT('Ctrl Pts',(0.00261656591874351,0.111947605193745,
0.106000495206364));
#894=CARTESIAN_POINT('Ctrl Pts',(0.0079575615183466,0.109288105391007,0.106588730500482));
#895=CARTESIAN_POINT('Ctrl Pts',(0.0114048515501418,0.104418263028833,0.107176965794599));
#896=CARTESIAN_POINT('Ctrl Pts',(0.0121380650610415,0.0984969818209202,
0.107765201088717));
#897=CARTESIAN_POINT('Ctrl Pts',(0.00998271511748182,0.0929333822831625,
0.108353436382835));
#898=CARTESIAN_POINT('Ctrl Pts',(0.00545172244012351,0.0890514654173001,
0.108941671676952));
#899=CARTESIAN_POINT('Ctrl Pts',(-0.000376647218261249,0.087775032763001,
0.10952990697107));
#900=CARTESIAN_POINT('Ctrl Pts',(-0.00611538402458753,0.0894078441616193,
0.110118142265188));
#901=CARTESIAN_POINT('Ctrl Pts',(-0.0103988085785429,0.0935613303222215,
0.110706377559305));
#902=CARTESIAN_POINT('Ctrl Pts',(-0.0122075703028923,0.0992470628361787,
0.111294612853423));
#903=CARTESIAN_POINT('Ctrl Pts',(-0.0111112280203553,0.105111976032063,
0.11188284814754));
#904=CARTESIAN_POINT('Ctrl Pts',(-0.00737068445595377,0.109760363606111,
0.112471083441658));
#905=CARTESIAN_POINT('Ctrl Pts',(-0.00187609775150011,0.112086022683229,
0.113059318735776));
#906=CARTESIAN_POINT('Ctrl Pts',(0.00406495446246523,0.11153550312257,0.113647554029893));
#907=CARTESIAN_POINT('Ctrl Pts',(0.00903864665279895,0.108239815153179,
0.114235789324011));
#908=CARTESIAN_POINT('Ctrl Pts',(0.0118613613794425,0.10298325213466,0.114824024618129));
#909=CARTESIAN_POINT('Ctrl Pts',(0.0118613613794498,0.0970167478653359,
0.115412259912246));
#910=CARTESIAN_POINT('Ctrl Pts',(0.00903864665278757,0.0917601848468344,
0.116000495206364));
#911=CARTESIAN_POINT('Ctrl Pts',(0.00406495446248767,0.0884644968773989,
0.116588730500482));
#912=CARTESIAN_POINT('Ctrl Pts',(-0.00187609775154656,0.087913977316838,
0.117176965794599));
#913=CARTESIAN_POINT('Ctrl Pts',(-0.00737068445585584,0.0902396363937467,
0.117765201088717));
#914=CARTESIAN_POINT('Ctrl Pts',(-0.0111112280205621,0.0948880239682384,
0.118353436382835));
#915=CARTESIAN_POINT('Ctrl Pts',(-0.012207570302455,0.100752937163183,0.118941671676952));
#916=CARTESIAN_POINT('Ctrl Pts',(-0.0103988085794678,0.106438669679129,
0.11952990697107));
#917=CARTESIAN_POINT('Ctrl Pts',(-0.00611538402263173,0.110592155835525,
0.120118142265188));
#918=CARTESIAN_POINT('Ctrl Pts',(-0.000376647222397445,0.112224967243038,
0.120706377559305));
#919=CARTESIAN_POINT('Ctrl Pts',(0.00545172244887037,0.110948534569928,
0.121294612853423));
#920=CARTESIAN_POINT('Ctrl Pts',(0.00998271509898428,0.107066617743847,
0.12188284814754));
#921=CARTESIAN_POINT('Ctrl Pts',(0.0121380651001593,0.101503018121961,0.122471083441658));
#922=CARTESIAN_POINT('Ctrl Pts',(0.0114048514674173,0.0955817370919591,
0.123059318735776));
#923=CARTESIAN_POINT('Ctrl Pts',(0.00795756169328834,0.0907118943535482,
0.123647554029893));
#924=CARTESIAN_POINT('Ctrl Pts',(0.00261656554878252,0.088052395346459,
0.124235789324011));
#925=CARTESIAN_POINT('Ctrl Pts',(-0.00334710777285443,0.0882361325122086,
0.124824024618129));
#926=CARTESIAN_POINT('Ctrl Pts',(-0.00851425447884935,0.091219388205166,
0.125412259912246));
#927=CARTESIAN_POINT('Ctrl Pts',(-0.0116552090732955,0.0962922048505147,
0.126000495206364));
#928=CARTESIAN_POINT('Ctrl Pts',(-0.012022523385144,0.102247408536597,0.126588730500482));
#929=CARTESIAN_POINT('Ctrl Pts',(-0.00952873818726324,0.10766773681109,
0.127176965794599));
#930=CARTESIAN_POINT('Ctrl Pts',(-0.00476741396620867,0.111263430143524,
0.127765201088717));
#931=CARTESIAN_POINT('Ctrl Pts',(0.00112858093468121,0.11217849183028,0.128353436382835));
#932=CARTESIAN_POINT('Ctrl Pts',(0.00675568482424203,0.110195815971346,
0.128941671676952));
#933=CARTESIAN_POINT('Ctrl Pts',(0.0107756729492266,0.105785848036991,0.12952990697107));
#934=CARTESIAN_POINT('Ctrl Pts',(0.0117446228373638,0.101929442202511,0.129922063833815));
#935=CARTESIAN_POINT('Ctrl Pts',(0.0117446228373638,0.1,0.130118142265188));
#936=CARTESIAN_POINT('Ctrl Pts',(0.0127133661171292,0.1,0.0698935579472175));
#937=CARTESIAN_POINT('Ctrl Pts',(0.0127133661171292,0.0979117863296684,
0.07008963637859));
#938=CARTESIAN_POINT('Ctrl Pts',(0.01166434382589,0.0937368106953414,0.0704817932413351));
#939=CARTESIAN_POINT('Ctrl Pts',(0.00731286502431398,0.0889633944471835,
0.0710700285354527));
#940=CARTESIAN_POINT('Ctrl Pts',(0.00122164934529514,0.0868170758935731,
0.0716582638295704));
#941=CARTESIAN_POINT('Ctrl Pts',(-0.00516059109523384,0.0878076634846736,
0.072246499123688));
#942=CARTESIAN_POINT('Ctrl Pts',(-0.0103146007106883,0.0916998755331857,
0.0728347344178057));
#943=CARTESIAN_POINT('Ctrl Pts',(-0.0130140521098147,0.0975672458740592,
0.0734229697119233));
#944=CARTESIAN_POINT('Ctrl Pts',(-0.0126164457947332,0.104013584947305,
0.074011205006041));
#945=CARTESIAN_POINT('Ctrl Pts',(-0.00921644761409301,0.109504773281832,
0.0745994403001587));
#946=CARTESIAN_POINT('Ctrl Pts',(-0.00362315280569729,0.112734064668541,
0.0751876755942762));
#947=CARTESIAN_POINT('Ctrl Pts',(0.00283236075727022,0.112932955784746,
0.0757759108883939));
#948=CARTESIAN_POINT('Ctrl Pts',(0.00861384307386035,0.110054120469547,
0.0763641461825116));
#949=CARTESIAN_POINT('Ctrl Pts',(0.012345440091576,0.104782648917909,0.0769523814766292));
#950=CARTESIAN_POINT('Ctrl Pts',(0.0131391237987422,0.0983730239300449,
0.0775406167707469));
#951=CARTESIAN_POINT('Ctrl Pts',(0.010806016323793,0.0923505793949605,0.0781288520648645));
#952=CARTESIAN_POINT('Ctrl Pts',(0.00590134058391327,0.0881485104868839,
0.0787170873589822));
#953=CARTESIAN_POINT('Ctrl Pts',(-0.000407710326000978,0.0867668070035136,
0.0793053226530998));
#954=CARTESIAN_POINT('Ctrl Pts',(-0.00661973610462001,0.0885342807328451,
0.0798935579472175));
#955=CARTESIAN_POINT('Ctrl Pts',(-0.0112564261443709,0.0930303160066325,
0.0804817932413351));
#956=CARTESIAN_POINT('Ctrl Pts',(-0.0132143612860747,0.0991849660942768,
0.0810700285354527));
#957=CARTESIAN_POINT('Ctrl Pts',(-0.0120276007229051,0.105533574372045,
0.0816582638295704));
#958=CARTESIAN_POINT('Ctrl Pts',(-0.00797856452282629,0.110565326906151,
0.082246499123688));
#959=CARTESIAN_POINT('Ctrl Pts',(-0.00203082455251283,0.113082789309395,
0.0828347344178057));
#960=CARTESIAN_POINT('Ctrl Pts',(0.00440020213258082,0.112486866927749,
0.0834229697119233));
#961=CARTESIAN_POINT('Ctrl Pts',(0.00978408802467404,0.108919374754051,
0.084011205006041));
#962=CARTESIAN_POINT('Ctrl Pts',(0.0128395995868688,0.103229288919743,0.0845994403001586));
#963=CARTESIAN_POINT('Ctrl Pts',(0.0128395995868619,0.0967707110802594,
0.0851876755942763));
#964=CARTESIAN_POINT('Ctrl Pts',(0.00978408802468497,0.0910806252459401,
0.0857759108883939));
#965=CARTESIAN_POINT('Ctrl Pts',(0.00440020213255946,0.0875131330722725,
0.0863641461825116));
#966=CARTESIAN_POINT('Ctrl Pts',(-0.0020308245524684,0.0869172106905588,
0.0869523814766292));
#967=CARTESIAN_POINT('Ctrl Pts',(-0.00797856452291976,0.0894346730939476,
0.0875406167707469));
#968=CARTESIAN_POINT('Ctrl Pts',(-0.0120276007227076,0.0944664256277459,
0.0881288520648644));
#969=CARTESIAN_POINT('Ctrl Pts',(-0.0132143612864923,0.100815033906166,
0.0887170873589823));
#970=CARTESIAN_POINT('Ctrl Pts',(-0.0112564261434877,0.106969683992431,
0.0893053226530997));
#971=CARTESIAN_POINT('Ctrl Pts',(-0.00661973610648769,0.111465719269135,
0.0898935579472175));
#972=CARTESIAN_POINT('Ctrl Pts',(-0.000407710322051373,0.113233192992299,
0.0904817932413351));
#973=CARTESIAN_POINT('Ctrl Pts',(0.00590134057556077,0.111851489521971,
0.0910700285354528));
#974=CARTESIAN_POINT('Ctrl Pts',(0.0108060163414565,0.107649420586314,0.0916582638295704));
#975=CARTESIAN_POINT('Ctrl Pts',(0.0131391237613884,0.101626976109556,0.092246499123688));
#976=CARTESIAN_POINT('Ctrl Pts',(0.0123454401705701,0.0952173509983463,
0.0928347344178057));
#977=CARTESIAN_POINT('Ctrl Pts',(0.0086138429068073,0.0899458797075532,
0.0934229697119232));
#978=CARTESIAN_POINT('Ctrl Pts',(0.00283236111054858,0.0870670438407301,
0.094011205006041));
#979=CARTESIAN_POINT('Ctrl Pts',(-0.00362315355277906,0.0872659361234863,
0.0945994403001586));
#980=CARTESIAN_POINT('Ctrl Pts',(-0.00921644603408501,0.0904952250432246,
0.0951876755942763));
#981=CARTESIAN_POINT('Ctrl Pts',(-0.0126164491352325,0.0959864185947912,
0.0957759108883939));
#982=CARTESIAN_POINT('Ctrl Pts',(-0.0130140450393673,0.10243274663528,0.0963641461825116));
#983=CARTESIAN_POINT('Ctrl Pts',(-0.0103146156181015,0.108300140307788,
0.0969523814766292));
#984=CARTESIAN_POINT('Ctrl Pts',(-0.00516055923846877,0.112192303015608,
0.0975406167707469));
#985=CARTESIAN_POINT('Ctrl Pts',(0.00122158438125121,0.113182994958568,
0.0981288520648644));
#986=CARTESIAN_POINT('Ctrl Pts',(0.0073130207109315,0.111036455615805,0.0987170873589822));
#987=CARTESIAN_POINT('Ctrl Pts',(0.0116641364655391,0.106263508999868,0.0993053226530998));
#988=CARTESIAN_POINT('Ctrl Pts',(0.0132394722129753,0.1,0.0998935579472175));
#989=CARTESIAN_POINT('Ctrl Pts',(0.0116641364655391,0.0937364910001322,
0.100481793241335));
#990=CARTESIAN_POINT('Ctrl Pts',(0.00731302071093152,0.088963544384195,
0.101070028535453));
#991=CARTESIAN_POINT('Ctrl Pts',(0.00122158438125123,0.086817005041432,
0.10165826382957));
#992=CARTESIAN_POINT('Ctrl Pts',(-0.00516055923846875,0.0878076969843922,
0.102246499123688));
#993=CARTESIAN_POINT('Ctrl Pts',(-0.0103146156181015,0.0916998596922123,
0.102834734417806));
#994=CARTESIAN_POINT('Ctrl Pts',(-0.0130140450393673,0.0975672533647199,
0.103422969711923));
#995=CARTESIAN_POINT('Ctrl Pts',(-0.0126164491352325,0.104013581405209,
0.104011205006041));
#996=CARTESIAN_POINT('Ctrl Pts',(-0.00921644603408506,0.109504774956775,
0.104599440300159));
#997=CARTESIAN_POINT('Ctrl Pts',(-0.00362315355277911,0.112734063876514,
0.105187675594276));
#998=CARTESIAN_POINT('Ctrl Pts',(0.00283236111054854,0.11293295615927,0.105775910888394));
#999=CARTESIAN_POINT('Ctrl Pts',(0.00861384290680728,0.110054120292447,
0.106364146182512));
#1000=CARTESIAN_POINT('Ctrl Pts',(0.0123454401705701,0.104782649001654,
0.106952381476629));
#1001=CARTESIAN_POINT('Ctrl Pts',(0.0131391237613884,0.0983730238904444,
0.107540616770747));
#1002=CARTESIAN_POINT('Ctrl Pts',(0.0108060163414565,0.0923505794136863,
0.108128852064865));
#1003=CARTESIAN_POINT('Ctrl Pts',(0.0059013405755608,0.0881485104780291,
0.108717087358982));
#1004=CARTESIAN_POINT('Ctrl Pts',(-0.000407710322051334,0.0867668070077007,
0.1093053226531));
#1005=CARTESIAN_POINT('Ctrl Pts',(-0.00661973610648766,0.0885342807308653,
0.109893557947218));
#1006=CARTESIAN_POINT('Ctrl Pts',(-0.0112564261434877,0.0930303160075687,
0.110481793241335));
#1007=CARTESIAN_POINT('Ctrl Pts',(-0.0132143612864923,0.0991849660938341,
0.111070028535453));
#1008=CARTESIAN_POINT('Ctrl Pts',(-0.0120276007227076,0.105533574372254,
0.11165826382957));
#1009=CARTESIAN_POINT('Ctrl Pts',(-0.00797856452291979,0.110565326906052,
0.112246499123688));
#1010=CARTESIAN_POINT('Ctrl Pts',(-0.00203082455246847,0.113082789309441,
0.112834734417806));
#1011=CARTESIAN_POINT('Ctrl Pts',(0.00440020213255939,0.112486866927728,
0.113422969711923));
#1012=CARTESIAN_POINT('Ctrl Pts',(0.00978408802468491,0.10891937475406,
0.114011205006041));
#1013=CARTESIAN_POINT('Ctrl Pts',(0.0128395995868619,0.103229288919741,
0.114599440300159));
#1014=CARTESIAN_POINT('Ctrl Pts',(0.0128395995868688,0.0967707110802568,
0.115187675594276));
#1015=CARTESIAN_POINT('Ctrl Pts',(0.00978408802467406,0.0910806252459494,
0.115775910888394));
#1016=CARTESIAN_POINT('Ctrl Pts',(0.00440020213258083,0.0875131330722509,
0.116364146182512));
#1017=CARTESIAN_POINT('Ctrl Pts',(-0.00203082455251283,0.0869172106906054,
0.116952381476629));
#1018=CARTESIAN_POINT('Ctrl Pts',(-0.00797856452282627,0.0894346730938487,
0.117540616770747));
#1019=CARTESIAN_POINT('Ctrl Pts',(-0.0120276007229051,0.0944664256279552,
0.118128852064865));
#1020=CARTESIAN_POINT('Ctrl Pts',(-0.0132143612860747,0.100815033905723,
0.118717087358982));
#1021=CARTESIAN_POINT('Ctrl Pts',(-0.0112564261443709,0.106969683993368,
0.1193053226531));
#1022=CARTESIAN_POINT('Ctrl Pts',(-0.00661973610462008,0.111465719267155,
0.119893557947217));
#1023=CARTESIAN_POINT('Ctrl Pts',(-0.000407710326001016,0.113233192996487,
0.120481793241335));
#1024=CARTESIAN_POINT('Ctrl Pts',(0.00590134058391323,0.111851489513116,
0.121070028535453));
#1025=CARTESIAN_POINT('Ctrl Pts',(0.010806016323793,0.10764942060504,0.12165826382957));
#1026=CARTESIAN_POINT('Ctrl Pts',(0.0131391237987422,0.101626976069955,
0.122246499123688));
#1027=CARTESIAN_POINT('Ctrl Pts',(0.012345440091576,0.0952173510820915,
0.122834734417806));
#1028=CARTESIAN_POINT('Ctrl Pts',(0.00861384307386036,0.0899458795304526,
0.123422969711923));
#1029=CARTESIAN_POINT('Ctrl Pts',(0.00283236075727024,0.0870670442152545,
0.124011205006041));
#1030=CARTESIAN_POINT('Ctrl Pts',(-0.00362315280569724,0.087265935331459,
0.124599440300159));
#1031=CARTESIAN_POINT('Ctrl Pts',(-0.00921644761409297,0.0904952267181684,
0.125187675594276));
#1032=CARTESIAN_POINT('Ctrl Pts',(-0.0126164457947332,0.0959864150526946,
0.125775910888394));
#1033=CARTESIAN_POINT('Ctrl Pts',(-0.0130140521098147,0.102432754125941,
0.126364146182512));
#1034=CARTESIAN_POINT('Ctrl Pts',(-0.0103146007106883,0.108300124466814,
0.126952381476629));
#1035=CARTESIAN_POINT('Ctrl Pts',(-0.00516059109523386,0.112192336515326,
0.127540616770747));
#1036=CARTESIAN_POINT('Ctrl Pts',(0.00122164934529515,0.113182924106427,
0.128128852064865));
#1037=CARTESIAN_POINT('Ctrl Pts',(0.00731286502431398,0.111036605552816,
0.128717087358982));
#1038=CARTESIAN_POINT('Ctrl Pts',(0.01166434382589,0.106263189304659,0.1293053226531));
#1039=CARTESIAN_POINT('Ctrl Pts',(0.0127133661171292,0.102088213670332,
0.129697479515845));
#1040=CARTESIAN_POINT('Ctrl Pts',(0.0127133661171292,0.1,0.129893557947217));
#1041=CARTESIAN_POINT('Ctrl Pts',(0.013,0.1,0.0692991993003419));
#1042=CARTESIAN_POINT('Ctrl Pts',(0.013,0.0978640330292896,0.0694952777317144));
#1043=CARTESIAN_POINT('Ctrl Pts',(0.0119275937295439,0.0935957829025444,
0.0698874345944595));
#1044=CARTESIAN_POINT('Ctrl Pts',(0.00747783922782893,0.0887142038833438,
0.0704756698885772));
#1045=CARTESIAN_POINT('Ctrl Pts',(0.00124923078907663,0.086519679928388,
0.0710639051826948));
#1046=CARTESIAN_POINT('Ctrl Pts',(-0.00527704500364224,0.0875325154906948,
0.0716521404768125));
#1047=CARTESIAN_POINT('Ctrl Pts',(-0.0105473412587906,0.0915126030081446,
0.0722403757709301));
#1048=CARTESIAN_POINT('Ctrl Pts',(-0.013307709751312,0.0975123444113953,
0.0728286110650478));
#1049=CARTESIAN_POINT('Ctrl Pts',(-0.0129011291527758,0.104104153151992,
0.0734168463591654));
#1050=CARTESIAN_POINT('Ctrl Pts',(-0.00942441278923113,0.109719242333364,
0.0740050816532831));
#1051=CARTESIAN_POINT('Ctrl Pts',(-0.00370490736345068,0.113021403632306,
0.0745933169474007));
#1052=CARTESIAN_POINT('Ctrl Pts',(0.0028962715590003,0.113224781463186,
0.0751815522415184));
#1053=CARTESIAN_POINT('Ctrl Pts',(0.00880821042430049,0.110280987138549,
0.075769787535636));
#1054=CARTESIAN_POINT('Ctrl Pts',(0.0126240091118787,0.104890567053443,
0.0763580228297537));
#1055=CARTESIAN_POINT('Ctrl Pts',(0.0134356019457189,0.0983363120212768,
0.0769462581238713));
#1056=CARTESIAN_POINT('Ctrl Pts',(0.0110498489867051,0.0921779738042317,
0.0775344934179889));
#1057=CARTESIAN_POINT('Ctrl Pts',(0.00603450155578493,0.0878810872186895,
0.0781227287121066));
#1058=CARTESIAN_POINT('Ctrl Pts',(-0.000416910118358258,0.0864682062341254,
0.0787109640062242));
#1059=CARTESIAN_POINT('Ctrl Pts',(-0.00676910733050797,0.0882755621816033,
0.0792991993003419));
#1060=CARTESIAN_POINT('Ctrl Pts',(-0.0115104220971008,0.0928730483701273,
0.0798874345944595));
#1061=CARTESIAN_POINT('Ctrl Pts',(-0.013512537122492,0.0991665752386387,
0.0804756698885772));
#1062=CARTESIAN_POINT('Ctrl Pts',(-0.0122989978664997,0.105658436870414,
0.0810639051826948));
#1063=CARTESIAN_POINT('Ctrl Pts',(-0.00815859707218686,0.110803728530068,
0.0816521404768125));
#1064=CARTESIAN_POINT('Ctrl Pts',(-0.00207664915173443,0.113377996286201,
0.0822403757709302));
#1065=CARTESIAN_POINT('Ctrl Pts',(0.00449949062056657,0.112768627196849,
0.0828286110650477));
#1066=CARTESIAN_POINT('Ctrl Pts',(0.0100048613612072,0.109120636243031,
0.0834168463591654));
#1067=CARTESIAN_POINT('Ctrl Pts',(0.013129319102212,0.103302156302753,0.084005081653283));
#1068=CARTESIAN_POINT('Ctrl Pts',(0.0131293191022034,0.096697843697252,
0.0845933169474007));
#1069=CARTESIAN_POINT('Ctrl Pts',(0.010004861361221,0.0908793637569502,
0.0851815522415183));
#1070=CARTESIAN_POINT('Ctrl Pts',(0.00449949062053962,0.0872313728031945,
0.085769787535636));
#1071=CARTESIAN_POINT('Ctrl Pts',(-0.00207664915167842,0.0866220037137051,
0.0863580228297536));
#1072=CARTESIAN_POINT('Ctrl Pts',(-0.00815859707230475,0.0891962714701317,
0.0869462581238714));
#1073=CARTESIAN_POINT('Ctrl Pts',(-0.0122989978662505,0.0943415631291615,
0.0875344934179889));
#1074=CARTESIAN_POINT('Ctrl Pts',(-0.0135125371230187,0.100833424762258,
0.0881227287121066));
#1075=CARTESIAN_POINT('Ctrl Pts',(-0.0115104220959869,0.107126951627976,
0.0887109640062242));
#1076=CARTESIAN_POINT('Ctrl Pts',(-0.00676910733286345,0.111724437822407,
0.0892991993003419));
#1077=CARTESIAN_POINT('Ctrl Pts',(-0.000416910113377068,0.113531793757395,
0.0898874345944596));
#1078=CARTESIAN_POINT('Ctrl Pts',(0.00603450154525089,0.112118912799243,
0.0904756698885771));
#1079=CARTESIAN_POINT('Ctrl Pts',(0.011049849008982,0.107822026157844,0.0910639051826948));
#1080=CARTESIAN_POINT('Ctrl Pts',(0.0134356018986087,0.101663688058923,
0.0916521404768125));
#1081=CARTESIAN_POINT('Ctrl Pts',(0.0126240092115051,0.0951094327769535,
0.0922403757709301));
#1082=CARTESIAN_POINT('Ctrl Pts',(0.00880821021361535,0.0897190132201201,
0.0928286110650478));
#1083=CARTESIAN_POINT('Ctrl Pts',(0.00289627200455038,0.0867752177783164,
0.0934168463591654));
#1084=CARTESIAN_POINT('Ctrl Pts',(-0.0037049083056605,0.0869785979717256,
0.0940050816532831));
#1085=CARTESIAN_POINT('Ctrl Pts',(-0.00942441079654558,0.0902807542744688,
0.0945933169474007));
#1086=CARTESIAN_POINT('Ctrl Pts',(-0.01290113336577,0.0958958540213683,
0.0951815522415184));
#1087=CARTESIAN_POINT('Ctrl Pts',(-0.0133077008341556,0.102487640416925,
0.095769787535636));
#1088=CARTESIAN_POINT('Ctrl Pts',(-0.0105473600598264,0.108487429063249,
0.0963580228297537));
#1089=CARTESIAN_POINT('Ctrl Pts',(-0.00527700482630412,0.112467416588791,
0.0969462581238713));
#1090=CARTESIAN_POINT('Ctrl Pts',(0.00124914885726863,0.113480463028683,
0.0975344934179889));
#1091=CARTESIAN_POINT('Ctrl Pts',(0.00747803557776776,0.111285488036985,
0.0981227287121067));
#1092=CARTESIAN_POINT('Ctrl Pts',(0.011927332209364,0.106404842129418,0.0987109640062241));
#1093=CARTESIAN_POINT('Ctrl Pts',(0.0135382146657269,0.0999999999999999,
0.0992991993003419));
#1094=CARTESIAN_POINT('Ctrl Pts',(0.011927332209364,0.0935951578705819,
0.0998874345944595));
#1095=CARTESIAN_POINT('Ctrl Pts',(0.00747803557776777,0.0887145119630145,
0.100475669888577));
#1096=CARTESIAN_POINT('Ctrl Pts',(0.00124914885726866,0.0865195369713171,
0.101063905182695));
#1097=CARTESIAN_POINT('Ctrl Pts',(-0.0052770048263041,0.0875325834112089,
0.101652140476812));
#1098=CARTESIAN_POINT('Ctrl Pts',(-0.0105473600598263,0.0915125709367511,
0.10224037577093));
#1099=CARTESIAN_POINT('Ctrl Pts',(-0.0133077008341556,0.0975123595830755,
0.102828611065048));
#1100=CARTESIAN_POINT('Ctrl Pts',(-0.01290113336577,0.104104145978631,0.103416846359165));
#1101=CARTESIAN_POINT('Ctrl Pts',(-0.00942441079654563,0.109719245725531,
0.104005081653283));
#1102=CARTESIAN_POINT('Ctrl Pts',(-0.00370490830566056,0.113021402028274,
0.104593316947401));
#1103=CARTESIAN_POINT('Ctrl Pts',(0.00289627200455035,0.113224782221684,
0.105181552241518));
#1104=CARTESIAN_POINT('Ctrl Pts',(0.00880821021361532,0.11028098677988,
0.105769787535636));
#1105=CARTESIAN_POINT('Ctrl Pts',(0.0126240092115051,0.104890567223047,
0.106358022829754));
#1106=CARTESIAN_POINT('Ctrl Pts',(0.0134356018986087,0.0983363119410768,
0.106946258123871));
#1107=CARTESIAN_POINT('Ctrl Pts',(0.011049849008982,0.0921779738421556,
0.107534493417989));
#1108=CARTESIAN_POINT('Ctrl Pts',(0.00603450154525091,0.0878810872007565,
0.108122728712107));
#1109=CARTESIAN_POINT('Ctrl Pts',(-0.000416910113377024,0.0864682062426053,
0.108710964006224));
#1110=CARTESIAN_POINT('Ctrl Pts',(-0.00676910733286344,0.0882755621775935,
0.109299199300342));
#1111=CARTESIAN_POINT('Ctrl Pts',(-0.0115104220959869,0.0928730483720234,
0.10988743459446));
#1112=CARTESIAN_POINT('Ctrl Pts',(-0.0135125371230187,0.0991665752377421,
0.110475669888577));
#1113=CARTESIAN_POINT('Ctrl Pts',(-0.0122989978662506,0.105658436870838,
0.111063905182695));
#1114=CARTESIAN_POINT('Ctrl Pts',(-0.00815859707230478,0.110803728529868,
0.111652140476812));
#1115=CARTESIAN_POINT('Ctrl Pts',(-0.00207664915167849,0.113377996286295,
0.11224037577093));
#1116=CARTESIAN_POINT('Ctrl Pts',(0.00449949062053955,0.112768627196806,
0.112828611065048));
#1117=CARTESIAN_POINT('Ctrl Pts',(0.0100048613612209,0.10912063624305,0.113416846359165));
#1118=CARTESIAN_POINT('Ctrl Pts',(0.0131293191022034,0.103302156302748,
0.114005081653283));
#1119=CARTESIAN_POINT('Ctrl Pts',(0.013129319102212,0.0966978436972467,
0.114593316947401));
#1120=CARTESIAN_POINT('Ctrl Pts',(0.0100048613612072,0.0908793637569691,
0.115181552241518));
#1121=CARTESIAN_POINT('Ctrl Pts',(0.00449949062056658,0.0872313728031508,
0.115769787535636));
#1122=CARTESIAN_POINT('Ctrl Pts',(-0.00207664915173443,0.0866220037137994,
0.116358022829754));
#1123=CARTESIAN_POINT('Ctrl Pts',(-0.00815859707218685,0.0891962714699315,
0.116946258123871));
#1124=CARTESIAN_POINT('Ctrl Pts',(-0.0122989978664997,0.0943415631295854,
0.117534493417989));
#1125=CARTESIAN_POINT('Ctrl Pts',(-0.013512537122492,0.100833424761361,
0.118122728712107));
#1126=CARTESIAN_POINT('Ctrl Pts',(-0.0115104220971008,0.107126951629873,
0.118710964006224));
#1127=CARTESIAN_POINT('Ctrl Pts',(-0.00676910733050803,0.111724437818396,
0.119299199300342));
#1128=CARTESIAN_POINT('Ctrl Pts',(-0.000416910118358305,0.113531793765875,
0.11988743459446));
#1129=CARTESIAN_POINT('Ctrl Pts',(0.0060345015557849,0.11211891278131,0.120475669888577));
#1130=CARTESIAN_POINT('Ctrl Pts',(0.0110498489867051,0.107822026195768,
0.121063905182695));
#1131=CARTESIAN_POINT('Ctrl Pts',(0.0134356019457189,0.101663687978723,
0.121652140476812));
#1132=CARTESIAN_POINT('Ctrl Pts',(0.0126240091118786,0.0951094329465566,
0.12224037577093));
#1133=CARTESIAN_POINT('Ctrl Pts',(0.00880821042430049,0.0897190128614512,
0.122828611065048));
#1134=CARTESIAN_POINT('Ctrl Pts',(0.00289627155900032,0.0867752185368139,
0.123416846359165));
#1135=CARTESIAN_POINT('Ctrl Pts',(-0.00370490736345063,0.0869785963676937,
0.124005081653283));
#1136=CARTESIAN_POINT('Ctrl Pts',(-0.00942441278923109,0.0902807576666359,
0.124593316947401));
#1137=CARTESIAN_POINT('Ctrl Pts',(-0.0129011291527758,0.0958958468480076,
0.125181552241518));
#1138=CARTESIAN_POINT('Ctrl Pts',(-0.013307709751312,0.102487655588605,
0.125769787535636));
#1139=CARTESIAN_POINT('Ctrl Pts',(-0.0105473412587906,0.108487396991855,
0.126358022829754));
#1140=CARTESIAN_POINT('Ctrl Pts',(-0.00527704500364226,0.112467484509305,
0.126946258123871));
#1141=CARTESIAN_POINT('Ctrl Pts',(0.00124923078907663,0.113480320071612,
0.127534493417989));
#1142=CARTESIAN_POINT('Ctrl Pts',(0.00747783922782893,0.111285796116656,
0.128122728712107));
#1143=CARTESIAN_POINT('Ctrl Pts',(0.0119275937295439,0.106404217097456,
0.128710964006224));
#1144=CARTESIAN_POINT('Ctrl Pts',(0.013,0.10213596697071,0.129103120868969));
#1145=CARTESIAN_POINT('Ctrl Pts',(0.013,0.1,0.129299199300342));
#1146=CARTESIAN_POINT('Ctrl Pts',(0.013,0.1,0.069));
#1147=CARTESIAN_POINT('Ctrl Pts',(0.013,0.0978645383269716,0.0691960784313726));
#1148=CARTESIAN_POINT('Ctrl Pts',(0.0119273930707485,0.093595646758162,
0.0695882352941177));
#1149=CARTESIAN_POINT('Ctrl Pts',(0.00747776463299151,0.0887144748222874,
0.0701764705882353));
#1150=CARTESIAN_POINT('Ctrl Pts',(0.00124920202192173,0.0865198117453211,
0.070764705882353));
#1151=CARTESIAN_POINT('Ctrl Pts',(-0.00527696696089414,0.0875327116700681,
0.0713529411764706));
#1152=CARTESIAN_POINT('Ctrl Pts',(-0.0105471993574422,0.0915127074230161,
0.0719411764705882));
#1153=CARTESIAN_POINT('Ctrl Pts',(-0.013307526074157,0.0975123841523423,
0.0725294117647059));
#1154=CARTESIAN_POINT('Ctrl Pts',(-0.0129009529146631,0.104104094228527,
0.0731176470588235));
#1155=CARTESIAN_POINT('Ctrl Pts',(-0.00942428332482992,0.109719110372363,
0.0737058823529412));
#1156=CARTESIAN_POINT('Ctrl Pts',(-0.00370485671388139,0.113021224550354,
0.0742941176470588));
#1157=CARTESIAN_POINT('Ctrl Pts',(0.00289623192288564,0.113224600472073,
0.0748823529411765));
#1158=CARTESIAN_POINT('Ctrl Pts',(0.00880808965948751,0.110280846082826,
0.0754705882352941));
#1159=CARTESIAN_POINT('Ctrl Pts',(0.0126238360876968,0.104890500081106,
0.0760588235294117));
#1160=CARTESIAN_POINT('Ctrl Pts',(0.013435417776113,0.0983363347957619,
0.0766470588235294));
#1161=CARTESIAN_POINT('Ctrl Pts',(0.011049697528674,0.0921780810354966,
0.077235294117647));
#1162=CARTESIAN_POINT('Ctrl Pts',(0.00603441883887432,0.087881253326964,
0.0778235294117647));
#1163=CARTESIAN_POINT('Ctrl Pts',(-0.000416904403028762,0.0864683917186988,
0.0784117647058823));
#1164=CARTESIAN_POINT('Ctrl Pts',(-0.00676901454612685,0.0882757228879543,
0.079));
#1165=CARTESIAN_POINT('Ctrl Pts',(-0.0115102643226317,0.0928731460605498,
0.0795882352941176));
#1166=CARTESIAN_POINT('Ctrl Pts',(-0.0135123519050992,0.0991665866621276,
0.0801764705882353));
#1167=CARTESIAN_POINT('Ctrl Pts',(-0.01229882928308,0.105658359309908,0.0807647058823529));
#1168=CARTESIAN_POINT('Ctrl Pts',(-0.00815848524163654,0.11080358044239,
0.0813529411764706));
#1169=CARTESIAN_POINT('Ctrl Pts',(-0.00207662068692428,0.113377812912931,
0.0819411764705882));
#1170=CARTESIAN_POINT('Ctrl Pts',(0.00449942894567153,0.1127684521762,0.0825294117647059));
#1171=CARTESIAN_POINT('Ctrl Pts',(0.0100047242237441,0.109120511225721,
0.0831176470588236));
#1172=CARTESIAN_POINT('Ctrl Pts',(0.0131291391375448,0.103302111039819,
0.0837058823529411));
#1173=CARTESIAN_POINT('Ctrl Pts',(0.0131291391375374,0.0966978889601842,
0.0842941176470588));
#1174=CARTESIAN_POINT('Ctrl Pts',(0.0100047242237559,0.0908794887742671,
0.0848823529411765));
#1175=CARTESIAN_POINT('Ctrl Pts',(0.00449942894564842,0.0872315478238274,
0.0854705882352941));
#1176=CARTESIAN_POINT('Ctrl Pts',(-0.00207662068687622,0.0866221870870101,
0.0860588235294117));
#1177=CARTESIAN_POINT('Ctrl Pts',(-0.00815848524173767,0.0891964195577353,
0.0866470588235294));
#1178=CARTESIAN_POINT('Ctrl Pts',(-0.0122988292828662,0.0943416406898253,
0.087235294117647));
#1179=CARTESIAN_POINT('Ctrl Pts',(-0.0135123519055511,0.100833413338436,
0.0878235294117647));
#1180=CARTESIAN_POINT('Ctrl Pts',(-0.0115102643216761,0.107126853938259,
0.0884117647058824));
#1181=CARTESIAN_POINT('Ctrl Pts',(-0.00676901454814754,0.111724277114564,
0.089));
#1182=CARTESIAN_POINT('Ctrl Pts',(-0.000416904398755553,0.113531608275975,
0.0895882352941177));
#1183=CARTESIAN_POINT('Ctrl Pts',(0.00603441882983748,0.1121187466843,0.0901764705882353));
#1184=CARTESIAN_POINT('Ctrl Pts',(0.0110496975477847,0.107821918940683,
0.090764705882353));
#1185=CARTESIAN_POINT('Ctrl Pts',(0.0134354177356986,0.101663665254613,
0.0913529411764706));
#1186=CARTESIAN_POINT('Ctrl Pts',(0.0126238361731633,0.0951094998123642,
0.0919411764705882));
#1187=CARTESIAN_POINT('Ctrl Pts',(0.00880808947874705,0.0897191541424591,
0.0925294117647059));
#1188=CARTESIAN_POINT('Ctrl Pts',(0.00289623230510969,0.0867753990515037,
0.0931176470588235));
#1189=CARTESIAN_POINT('Ctrl Pts',(-0.00370485752217493,0.0869787764571636,
0.0937058823529412));
#1190=CARTESIAN_POINT('Ctrl Pts',(-0.00942428161536477,0.0902808874969764,
0.0942941176470588));
#1191=CARTESIAN_POINT('Ctrl Pts',(-0.0129009565288644,0.095895910277238,
0.0948823529411765));
#1192=CARTESIAN_POINT('Ctrl Pts',(-0.013307518424396,0.102487606318631,
0.0954705882352941));
#1193=CARTESIAN_POINT('Ctrl Pts',(-0.0105472154862868,0.108487312725354,
0.0960588235294117));
#1194=CARTESIAN_POINT('Ctrl Pts',(-0.00527693249396109,0.112467245696877,
0.0966470588235294));
#1195=CARTESIAN_POINT('Ctrl Pts',(0.00124913173508159,0.113480278250858,
0.097235294117647));
#1196=CARTESIAN_POINT('Ctrl Pts',(0.00747793307571356,0.111285333345864,
0.0978235294117648));
#1197=CARTESIAN_POINT('Ctrl Pts',(0.0119271687204317,0.106404754337716,
0.0984117647058823));
#1198=CARTESIAN_POINT('Ctrl Pts',(0.013538029096295,0.1,0.099));
#1199=CARTESIAN_POINT('Ctrl Pts',(0.0119271687204317,0.0935952456622844,
0.0995882352941177));
#1200=CARTESIAN_POINT('Ctrl Pts',(0.00747793307571359,0.0887146666541356,
0.100176470588235));
#1201=CARTESIAN_POINT('Ctrl Pts',(0.00124913173508162,0.0865197217491423,
0.100764705882353));
#1202=CARTESIAN_POINT('Ctrl Pts',(-0.00527693249396106,0.0875327543031226,
0.101352941176471));
#1203=CARTESIAN_POINT('Ctrl Pts',(-0.0105472154862868,0.0915126872746456,
0.101941176470588));
#1204=CARTESIAN_POINT('Ctrl Pts',(-0.013307518424396,0.0975123936813691,
0.102529411764706));
#1205=CARTESIAN_POINT('Ctrl Pts',(-0.0129009565288645,0.104104089722762,
0.103117647058824));
#1206=CARTESIAN_POINT('Ctrl Pts',(-0.00942428161536481,0.109719112503024,
0.103705882352941));
#1207=CARTESIAN_POINT('Ctrl Pts',(-0.00370485752217499,0.113021223542836,
0.104294117647059));
#1208=CARTESIAN_POINT('Ctrl Pts',(0.00289623230510965,0.113224600948496,
0.104882352941176));
#1209=CARTESIAN_POINT('Ctrl Pts',(0.00880808947874703,0.110280845857541,
0.105470588235294));
#1210=CARTESIAN_POINT('Ctrl Pts',(0.0126238361731633,0.104890500187636,
0.106058823529412));
#1211=CARTESIAN_POINT('Ctrl Pts',(0.0134354177356986,0.0983363347453872,
0.106647058823529));
#1212=CARTESIAN_POINT('Ctrl Pts',(0.0110496975477847,0.0921780810593172,
0.107235294117647));
#1213=CARTESIAN_POINT('Ctrl Pts',(0.0060344188298375,0.0878812533156999,
0.107823529411765));
#1214=CARTESIAN_POINT('Ctrl Pts',(-0.000416904398755508,0.0864683917240252,
0.108411764705882));
#1215=CARTESIAN_POINT('Ctrl Pts',(-0.00676901454814752,0.0882757228854356,
0.109));
#1216=CARTESIAN_POINT('Ctrl Pts',(-0.0115102643216761,0.0928731460617408,
0.109588235294118));
#1217=CARTESIAN_POINT('Ctrl Pts',(-0.0135123519055511,0.0991665866615644,
0.110176470588235));
#1218=CARTESIAN_POINT('Ctrl Pts',(-0.0122988292828663,0.105658359310175,
0.110764705882353));
#1219=CARTESIAN_POINT('Ctrl Pts',(-0.0081584852417377,0.110803580442265,
0.111352941176471));
#1220=CARTESIAN_POINT('Ctrl Pts',(-0.00207662068687629,0.11337781291299,
0.111941176470588));
#1221=CARTESIAN_POINT('Ctrl Pts',(0.00449942894564834,0.112768452176173,
0.112529411764706));
#1222=CARTESIAN_POINT('Ctrl Pts',(0.0100047242237559,0.109120511225733,
0.113117647058823));
#1223=CARTESIAN_POINT('Ctrl Pts',(0.0131291391375374,0.103302111039816,
0.113705882352941));
#1224=CARTESIAN_POINT('Ctrl Pts',(0.0131291391375448,0.0966978889601809,
0.114294117647059));
#1225=CARTESIAN_POINT('Ctrl Pts',(0.0100047242237441,0.090879488774279,
0.114882352941177));
#1226=CARTESIAN_POINT('Ctrl Pts',(0.00449942894567153,0.0872315478238,0.115470588235294));
#1227=CARTESIAN_POINT('Ctrl Pts',(-0.00207662068692427,0.0866221870870693,
0.116058823529412));
#1228=CARTESIAN_POINT('Ctrl Pts',(-0.00815848524163652,0.0891964195576095,
0.116647058823529));
#1229=CARTESIAN_POINT('Ctrl Pts',(-0.0122988292830799,0.0943416406900915,
0.117235294117647));
#1230=CARTESIAN_POINT('Ctrl Pts',(-0.0135123519050992,0.100833413337872,
0.117823529411765));
#1231=CARTESIAN_POINT('Ctrl Pts',(-0.0115102643226317,0.10712685393945,
0.118411764705882));
#1232=CARTESIAN_POINT('Ctrl Pts',(-0.0067690145461269,0.111724277112046,
0.119));
#1233=CARTESIAN_POINT('Ctrl Pts',(-0.000416904403028811,0.113531608281301,
0.119588235294118));
#1234=CARTESIAN_POINT('Ctrl Pts',(0.00603441883887429,0.112118746673036,
0.120176470588235));
#1235=CARTESIAN_POINT('Ctrl Pts',(0.011049697528674,0.107821918964503,0.120764705882353));
#1236=CARTESIAN_POINT('Ctrl Pts',(0.013435417776113,0.101663665204238,0.121352941176471));
#1237=CARTESIAN_POINT('Ctrl Pts',(0.0126238360876968,0.0951094999188944,
0.121941176470588));
#1238=CARTESIAN_POINT('Ctrl Pts',(0.00880808965948752,0.0897191539171738,
0.122529411764706));
#1239=CARTESIAN_POINT('Ctrl Pts',(0.00289623192288566,0.0867753995279268,
0.123117647058823));
#1240=CARTESIAN_POINT('Ctrl Pts',(-0.00370485671388134,0.0869787754496465,
0.123705882352941));
#1241=CARTESIAN_POINT('Ctrl Pts',(-0.00942428332482987,0.0902808896276365,
0.124294117647059));
#1242=CARTESIAN_POINT('Ctrl Pts',(-0.0129009529146631,0.0958959057714733,
0.124882352941176));
#1243=CARTESIAN_POINT('Ctrl Pts',(-0.013307526074157,0.102487615847658,
0.125470588235294));
#1244=CARTESIAN_POINT('Ctrl Pts',(-0.0105471993574423,0.108487292576984,
0.126058823529412));
#1245=CARTESIAN_POINT('Ctrl Pts',(-0.00527696696089416,0.112467288329932,
0.126647058823529));
#1246=CARTESIAN_POINT('Ctrl Pts',(0.00124920202192173,0.113480188254679,
0.127235294117647));
#1247=CARTESIAN_POINT('Ctrl Pts',(0.00747776463299153,0.111285525177713,
0.127823529411765));
#1248=CARTESIAN_POINT('Ctrl Pts',(0.0119273930707485,0.106404353241838,
0.128411764705882));
#1249=CARTESIAN_POINT('Ctrl Pts',(0.013,0.102135461673028,0.128803921568627));
#1250=CARTESIAN_POINT('Ctrl Pts',(0.013,0.1,0.129));
#1251=CARTESIAN_POINT('',(0.013,0.1,0.069));
#1252=CARTESIAN_POINT('',(0.011,0.1,0.069));
#1253=CARTESIAN_POINT('Origin',(0.012,0.1,0.069));
#1254=CARTESIAN_POINT('Origin',(0.012,0.1,0.069));
#1255=CARTESIAN_POINT('',(0.013,0.1,0.129));
#1256=CARTESIAN_POINT('Ctrl Pts',(0.013,0.1,0.069));
#1257=CARTESIAN_POINT('Ctrl Pts',(0.013,0.0978645383269716,0.0691960784313726));
#1258=CARTESIAN_POINT('Ctrl Pts',(0.0119273930707485,0.093595646758162,
0.0695882352941177));
#1259=CARTESIAN_POINT('Ctrl Pts',(0.00747776463299151,0.0887144748222874,
0.0701764705882353));
#1260=CARTESIAN_POINT('Ctrl Pts',(0.00124920202192173,0.0865198117453211,
0.070764705882353));
#1261=CARTESIAN_POINT('Ctrl Pts',(-0.00527696696089414,0.0875327116700681,
0.0713529411764706));
#1262=CARTESIAN_POINT('Ctrl Pts',(-0.0105471993574422,0.0915127074230161,
0.0719411764705882));
#1263=CARTESIAN_POINT('Ctrl Pts',(-0.013307526074157,0.0975123841523423,
0.0725294117647059));
#1264=CARTESIAN_POINT('Ctrl Pts',(-0.0129009529146631,0.104104094228527,
0.0731176470588235));
#1265=CARTESIAN_POINT('Ctrl Pts',(-0.00942428332482992,0.109719110372363,
0.0737058823529412));
#1266=CARTESIAN_POINT('Ctrl Pts',(-0.00370485671388139,0.113021224550354,
0.0742941176470588));
#1267=CARTESIAN_POINT('Ctrl Pts',(0.00289623192288564,0.113224600472073,
0.0748823529411765));
#1268=CARTESIAN_POINT('Ctrl Pts',(0.00880808965948751,0.110280846082826,
0.0754705882352941));
#1269=CARTESIAN_POINT('Ctrl Pts',(0.0126238360876968,0.104890500081106,
0.0760588235294117));
#1270=CARTESIAN_POINT('Ctrl Pts',(0.013435417776113,0.0983363347957619,
0.0766470588235294));
#1271=CARTESIAN_POINT('Ctrl Pts',(0.011049697528674,0.0921780810354966,
0.077235294117647));
#1272=CARTESIAN_POINT('Ctrl Pts',(0.00603441883887432,0.087881253326964,
0.0778235294117647));
#1273=CARTESIAN_POINT('Ctrl Pts',(-0.000416904403028762,0.0864683917186988,
0.0784117647058823));
#1274=CARTESIAN_POINT('Ctrl Pts',(-0.00676901454612685,0.0882757228879543,
0.079));
#1275=CARTESIAN_POINT('Ctrl Pts',(-0.0115102643226317,0.0928731460605498,
0.0795882352941176));
#1276=CARTESIAN_POINT('Ctrl Pts',(-0.0135123519050992,0.0991665866621276,
0.0801764705882353));
#1277=CARTESIAN_POINT('Ctrl Pts',(-0.01229882928308,0.105658359309908,0.0807647058823529));
#1278=CARTESIAN_POINT('Ctrl Pts',(-0.00815848524163654,0.11080358044239,
0.0813529411764706));
#1279=CARTESIAN_POINT('Ctrl Pts',(-0.00207662068692428,0.113377812912931,
0.0819411764705882));
#1280=CARTESIAN_POINT('Ctrl Pts',(0.00449942894567153,0.1127684521762,0.0825294117647059));
#1281=CARTESIAN_POINT('Ctrl Pts',(0.0100047242237441,0.109120511225721,
0.0831176470588236));
#1282=CARTESIAN_POINT('Ctrl Pts',(0.0131291391375448,0.103302111039819,
0.0837058823529411));
#1283=CARTESIAN_POINT('Ctrl Pts',(0.0131291391375374,0.0966978889601842,
0.0842941176470588));
#1284=CARTESIAN_POINT('Ctrl Pts',(0.0100047242237559,0.0908794887742671,
0.0848823529411765));
#1285=CARTESIAN_POINT('Ctrl Pts',(0.00449942894564842,0.0872315478238274,
0.0854705882352941));
#1286=CARTESIAN_POINT('Ctrl Pts',(-0.00207662068687622,0.0866221870870101,
0.0860588235294117));
#1287=CARTESIAN_POINT('Ctrl Pts',(-0.00815848524173767,0.0891964195577353,
0.0866470588235294));
#1288=CARTESIAN_POINT('Ctrl Pts',(-0.0122988292828662,0.0943416406898253,
0.087235294117647));
#1289=CARTESIAN_POINT('Ctrl Pts',(-0.0135123519055511,0.100833413338436,
0.0878235294117647));
#1290=CARTESIAN_POINT('Ctrl Pts',(-0.0115102643216761,0.107126853938259,
0.0884117647058824));
#1291=CARTESIAN_POINT('Ctrl Pts',(-0.00676901454814754,0.111724277114564,
0.089));
#1292=CARTESIAN_POINT('Ctrl Pts',(-0.000416904398755553,0.113531608275975,
0.0895882352941177));
#1293=CARTESIAN_POINT('Ctrl Pts',(0.00603441882983748,0.1121187466843,0.0901764705882353));
#1294=CARTESIAN_POINT('Ctrl Pts',(0.0110496975477847,0.107821918940683,
0.090764705882353));
#1295=CARTESIAN_POINT('Ctrl Pts',(0.0134354177356986,0.101663665254613,
0.0913529411764706));
#1296=CARTESIAN_POINT('Ctrl Pts',(0.0126238361731633,0.0951094998123642,
0.0919411764705882));
#1297=CARTESIAN_POINT('Ctrl Pts',(0.00880808947874705,0.0897191541424591,
0.0925294117647059));
#1298=CARTESIAN_POINT('Ctrl Pts',(0.00289623230510969,0.0867753990515037,
0.0931176470588235));
#1299=CARTESIAN_POINT('Ctrl Pts',(-0.00370485752217493,0.0869787764571636,
0.0937058823529412));
#1300=CARTESIAN_POINT('Ctrl Pts',(-0.00942428161536477,0.0902808874969764,
0.0942941176470588));
#1301=CARTESIAN_POINT('Ctrl Pts',(-0.0129009565288644,0.095895910277238,
0.0948823529411765));
#1302=CARTESIAN_POINT('Ctrl Pts',(-0.013307518424396,0.102487606318631,
0.0954705882352941));
#1303=CARTESIAN_POINT('Ctrl Pts',(-0.0105472154862868,0.108487312725354,
0.0960588235294117));
#1304=CARTESIAN_POINT('Ctrl Pts',(-0.00527693249396109,0.112467245696877,
0.0966470588235294));
#1305=CARTESIAN_POINT('Ctrl Pts',(0.00124913173508159,0.113480278250858,
0.097235294117647));
#1306=CARTESIAN_POINT('Ctrl Pts',(0.00747793307571356,0.111285333345864,
0.0978235294117648));
#1307=CARTESIAN_POINT('Ctrl Pts',(0.0119271687204317,0.106404754337716,
0.0984117647058823));
#1308=CARTESIAN_POINT('Ctrl Pts',(0.013538029096295,0.1,0.099));
#1309=CARTESIAN_POINT('Ctrl Pts',(0.0119271687204317,0.0935952456622844,
0.0995882352941177));
#1310=CARTESIAN_POINT('Ctrl Pts',(0.00747793307571359,0.0887146666541356,
0.100176470588235));
#1311=CARTESIAN_POINT('Ctrl Pts',(0.00124913173508162,0.0865197217491423,
0.100764705882353));
#1312=CARTESIAN_POINT('Ctrl Pts',(-0.00527693249396106,0.0875327543031226,
0.101352941176471));
#1313=CARTESIAN_POINT('Ctrl Pts',(-0.0105472154862868,0.0915126872746456,
0.101941176470588));
#1314=CARTESIAN_POINT('Ctrl Pts',(-0.013307518424396,0.0975123936813691,
0.102529411764706));
#1315=CARTESIAN_POINT('Ctrl Pts',(-0.0129009565288645,0.104104089722762,
0.103117647058824));
#1316=CARTESIAN_POINT('Ctrl Pts',(-0.00942428161536481,0.109719112503024,
0.103705882352941));
#1317=CARTESIAN_POINT('Ctrl Pts',(-0.00370485752217499,0.113021223542836,
0.104294117647059));
#1318=CARTESIAN_POINT('Ctrl Pts',(0.00289623230510965,0.113224600948496,
0.104882352941176));
#1319=CARTESIAN_POINT('Ctrl Pts',(0.00880808947874703,0.110280845857541,
0.105470588235294));
#1320=CARTESIAN_POINT('Ctrl Pts',(0.0126238361731633,0.104890500187636,
0.106058823529412));
#1321=CARTESIAN_POINT('Ctrl Pts',(0.0134354177356986,0.0983363347453872,
0.106647058823529));
#1322=CARTESIAN_POINT('Ctrl Pts',(0.0110496975477847,0.0921780810593172,
0.107235294117647));
#1323=CARTESIAN_POINT('Ctrl Pts',(0.0060344188298375,0.0878812533156999,
0.107823529411765));
#1324=CARTESIAN_POINT('Ctrl Pts',(-0.000416904398755508,0.0864683917240252,
0.108411764705882));
#1325=CARTESIAN_POINT('Ctrl Pts',(-0.00676901454814752,0.0882757228854356,
0.109));
#1326=CARTESIAN_POINT('Ctrl Pts',(-0.0115102643216761,0.0928731460617408,
0.109588235294118));
#1327=CARTESIAN_POINT('Ctrl Pts',(-0.0135123519055511,0.0991665866615644,
0.110176470588235));
#1328=CARTESIAN_POINT('Ctrl Pts',(-0.0122988292828663,0.105658359310175,
0.110764705882353));
#1329=CARTESIAN_POINT('Ctrl Pts',(-0.0081584852417377,0.110803580442265,
0.111352941176471));
#1330=CARTESIAN_POINT('Ctrl Pts',(-0.00207662068687629,0.11337781291299,
0.111941176470588));
#1331=CARTESIAN_POINT('Ctrl Pts',(0.00449942894564834,0.112768452176173,
0.112529411764706));
#1332=CARTESIAN_POINT('Ctrl Pts',(0.0100047242237559,0.109120511225733,
0.113117647058823));
#1333=CARTESIAN_POINT('Ctrl Pts',(0.0131291391375374,0.103302111039816,
0.113705882352941));
#1334=CARTESIAN_POINT('Ctrl Pts',(0.0131291391375448,0.0966978889601809,
0.114294117647059));
#1335=CARTESIAN_POINT('Ctrl Pts',(0.0100047242237441,0.090879488774279,
0.114882352941177));
#1336=CARTESIAN_POINT('Ctrl Pts',(0.00449942894567153,0.0872315478238,0.115470588235294));
#1337=CARTESIAN_POINT('Ctrl Pts',(-0.00207662068692427,0.0866221870870693,
0.116058823529412));
#1338=CARTESIAN_POINT('Ctrl Pts',(-0.00815848524163652,0.0891964195576095,
0.116647058823529));
#1339=CARTESIAN_POINT('Ctrl Pts',(-0.0122988292830799,0.0943416406900915,
0.117235294117647));
#1340=CARTESIAN_POINT('Ctrl Pts',(-0.0135123519050992,0.100833413337872,
0.117823529411765));
#1341=CARTESIAN_POINT('Ctrl Pts',(-0.0115102643226317,0.10712685393945,
0.118411764705882));
#1342=CARTESIAN_POINT('Ctrl Pts',(-0.0067690145461269,0.111724277112046,
0.119));
#1343=CARTESIAN_POINT('Ctrl Pts',(-0.000416904403028811,0.113531608281301,
0.119588235294118));
#1344=CARTESIAN_POINT('Ctrl Pts',(0.00603441883887429,0.112118746673036,
0.120176470588235));
#1345=CARTESIAN_POINT('Ctrl Pts',(0.011049697528674,0.107821918964503,0.120764705882353));
#1346=CARTESIAN_POINT('Ctrl Pts',(0.013435417776113,0.101663665204238,0.121352941176471));
#1347=CARTESIAN_POINT('Ctrl Pts',(0.0126238360876968,0.0951094999188944,
0.121941176470588));
#1348=CARTESIAN_POINT('Ctrl Pts',(0.00880808965948752,0.0897191539171738,
0.122529411764706));
#1349=CARTESIAN_POINT('Ctrl Pts',(0.00289623192288566,0.0867753995279268,
0.123117647058823));
#1350=CARTESIAN_POINT('Ctrl Pts',(-0.00370485671388134,0.0869787754496465,
0.123705882352941));
#1351=CARTESIAN_POINT('Ctrl Pts',(-0.00942428332482987,0.0902808896276365,
0.124294117647059));
#1352=CARTESIAN_POINT('Ctrl Pts',(-0.0129009529146631,0.0958959057714733,
0.124882352941176));
#1353=CARTESIAN_POINT('Ctrl Pts',(-0.013307526074157,0.102487615847658,
0.125470588235294));
#1354=CARTESIAN_POINT('Ctrl Pts',(-0.0105471993574423,0.108487292576984,
0.126058823529412));
#1355=CARTESIAN_POINT('Ctrl Pts',(-0.00527696696089416,0.112467288329932,
0.126647058823529));
#1356=CARTESIAN_POINT('Ctrl Pts',(0.00124920202192173,0.113480188254679,
0.127235294117647));
#1357=CARTESIAN_POINT('Ctrl Pts',(0.00747776463299153,0.111285525177713,
0.127823529411765));
#1358=CARTESIAN_POINT('Ctrl Pts',(0.0119273930707485,0.106404353241838,
0.128411764705882));
#1359=CARTESIAN_POINT('Ctrl Pts',(0.013,0.102135461673028,0.128803921568627));
#1360=CARTESIAN_POINT('Ctrl Pts',(0.013,0.1,0.129));
#1361=CARTESIAN_POINT('',(0.011,0.1,0.129));
#1362=CARTESIAN_POINT('Origin',(0.012,0.1,0.129));
#1363=CARTESIAN_POINT('Origin',(0.012,0.1,0.129));
#1364=CARTESIAN_POINT('Origin',(0.012,0.1002,0.069));
#1365=CARTESIAN_POINT('',(0.013,0.1002,0.069));
#1366=CARTESIAN_POINT('Origin',(0.012,0.1002,0.069));
#1367=CARTESIAN_POINT('Origin',(0.012,0.1,0.069));
#1368=CARTESIAN_POINT('',(0.013,0.1,0.069));
#1369=CARTESIAN_POINT('Origin',(0.012,0.0998,0.129));
#1370=CARTESIAN_POINT('',(0.011,0.0998,0.129));
#1371=CARTESIAN_POINT('Origin',(0.012,0.0998,0.129));
#1372=CARTESIAN_POINT('Origin',(0.012,0.1,0.129));
#1373=CARTESIAN_POINT('',(0.011,0.1,0.129));
#1374=CARTESIAN_POINT('Origin',(0.,0.1,0.062));
#1375=CARTESIAN_POINT('',(-0.03,0.1,0.142));
#1376=CARTESIAN_POINT('Origin',(0.,0.1,0.142));
#1377=CARTESIAN_POINT('',(-0.03,0.1,0.0621369455316239));
#1378=CARTESIAN_POINT('',(-0.03,0.1,0.062));
#1379=CARTESIAN_POINT('',(0.03,0.1,0.0621369455316239));
#1380=CARTESIAN_POINT('Ctrl Pts',(0.03,0.1,0.0621369455316239));
#1381=CARTESIAN_POINT('Ctrl Pts',(0.03,0.0980870814371158,0.0621369455316239));
#1382=CARTESIAN_POINT('Ctrl Pts',(0.0298141202723428,0.0961186496011137,
0.062227810699232));
#1383=CARTESIAN_POINT('Ctrl Pts',(0.0290419760100753,0.0922211647059087,
0.0625918990039824));
#1384=CARTESIAN_POINT('Ctrl Pts',(0.0284559844633481,0.090292011625786,
0.0628646301570714));
#1385=CARTESIAN_POINT('Ctrl Pts',(0.0269181265127676,0.0866058708607466,
0.0635383280108826));
#1386=CARTESIAN_POINT('Ctrl Pts',(0.02596504043701,0.0848454656455104,0.0639390216309425));
#1387=CARTESIAN_POINT('Ctrl Pts',(0.0237720358039759,0.081595284556582,
0.0647863575566845));
#1388=CARTESIAN_POINT('Ctrl Pts',(0.0225318668959032,0.0801054600247104,
0.0652321650590564));
#1389=CARTESIAN_POINT('Ctrl Pts',(0.0198964607390197,0.0774700538678268,
0.0660836261397864));
#1390=CARTESIAN_POINT('Ctrl Pts',(0.0184075681199468,0.0762301392294246,
0.0665204418204293));
#1391=CARTESIAN_POINT('Ctrl Pts',(0.0151569387793202,0.0740363320740405,
0.0673355400280076));
#1392=CARTESIAN_POINT('Ctrl Pts',(0.0133951478840194,0.0730822687666054,
0.0677131466826223));
#1393=CARTESIAN_POINT('Ctrl Pts',(0.0097061727520435,0.0715432878062158,
0.0683395232098492));
#1394=CARTESIAN_POINT('Ctrl Pts',(0.0077756081190875,0.0709571454463177,
0.0685883793108805));
#1395=CARTESIAN_POINT('Ctrl Pts',(0.00387762046748432,0.0701853804020581,
0.0689187196458974));
#1396=CARTESIAN_POINT('Ctrl Pts',(0.0019101322078325,0.07,0.069));
#1397=CARTESIAN_POINT('Ctrl Pts',(-0.0019101322078325,0.07,0.069));
#1398=CARTESIAN_POINT('Ctrl Pts',(-0.00387762046748432,0.0701853804020581,
0.0689187196458974));
#1399=CARTESIAN_POINT('Ctrl Pts',(-0.00777560811908751,0.0709571454463177,
0.0685883793108805));
#1400=CARTESIAN_POINT('Ctrl Pts',(-0.0097061727520435,0.0715432878062158,
0.0683395232098492));
#1401=CARTESIAN_POINT('Ctrl Pts',(-0.0133951478840194,0.0730822687666054,
0.0677131466826223));
#1402=CARTESIAN_POINT('Ctrl Pts',(-0.0151569387793202,0.0740363320740405,
0.0673355400280076));
#1403=CARTESIAN_POINT('Ctrl Pts',(-0.0184075681199467,0.0762301392294246,
0.0665204418204293));
#1404=CARTESIAN_POINT('Ctrl Pts',(-0.0198964607390197,0.0774700538678268,
0.0660836261397864));
#1405=CARTESIAN_POINT('Ctrl Pts',(-0.0225318668959032,0.0801054600247104,
0.0652321650590564));
#1406=CARTESIAN_POINT('Ctrl Pts',(-0.0237720358039759,0.081595284556582,
0.0647863575566845));
#1407=CARTESIAN_POINT('Ctrl Pts',(-0.0259650404370099,0.0848454656455104,
0.0639390216309425));
#1408=CARTESIAN_POINT('Ctrl Pts',(-0.0269181265127676,0.0866058708607466,
0.0635383280108826));
#1409=CARTESIAN_POINT('Ctrl Pts',(-0.028455984463348,0.090292011625786,
0.0628646301570715));
#1410=CARTESIAN_POINT('Ctrl Pts',(-0.0290419760100753,0.0922211647059086,
0.0625918990039824));
#1411=CARTESIAN_POINT('Ctrl Pts',(-0.0298141202723428,0.0961186496011137,
0.062227810699232));
#1412=CARTESIAN_POINT('Ctrl Pts',(-0.03,0.0980870814371158,0.0621369455316239));
#1413=CARTESIAN_POINT('Ctrl Pts',(-0.03,0.1,0.0621369455316239));
#1414=CARTESIAN_POINT('Ctrl Pts',(-0.03,0.1,0.0621369455316239));
#1415=CARTESIAN_POINT('Ctrl Pts',(-0.03,0.101912918562884,0.0621369455316239));
#1416=CARTESIAN_POINT('Ctrl Pts',(-0.0298141202723428,0.103881350398886,
0.062227810699232));
#1417=CARTESIAN_POINT('Ctrl Pts',(-0.0290419760100753,0.107778835294091,
0.0625918990039824));
#1418=CARTESIAN_POINT('Ctrl Pts',(-0.0284559844633481,0.109707988374214,
0.0628646301570715));
#1419=CARTESIAN_POINT('Ctrl Pts',(-0.0269181265127676,0.113394129139253,
0.0635383280108826));
#1420=CARTESIAN_POINT('Ctrl Pts',(-0.02596504043701,0.11515453435449,0.0639390216309425));
#1421=CARTESIAN_POINT('Ctrl Pts',(-0.0237720358039759,0.118404715443418,
0.0647863575566845));
#1422=CARTESIAN_POINT('Ctrl Pts',(-0.0225318668959032,0.11989453997529,
0.0652321650590564));
#1423=CARTESIAN_POINT('Ctrl Pts',(-0.0198964607390197,0.122529946132173,
0.0660836261397864));
#1424=CARTESIAN_POINT('Ctrl Pts',(-0.0184075681199467,0.123769860770575,
0.0665204418204293));
#1425=CARTESIAN_POINT('Ctrl Pts',(-0.0151569387793202,0.12596366792596,
0.0673355400280076));
#1426=CARTESIAN_POINT('Ctrl Pts',(-0.0133951478840194,0.126917731233395,
0.0677131466826223));
#1427=CARTESIAN_POINT('Ctrl Pts',(-0.0097061727520435,0.128456712193784,
0.0683395232098492));
#1428=CARTESIAN_POINT('Ctrl Pts',(-0.00777560811908751,0.129042854553682,
0.0685883793108805));
#1429=CARTESIAN_POINT('Ctrl Pts',(-0.00387762046748433,0.129814619597942,
0.0689187196458974));
#1430=CARTESIAN_POINT('Ctrl Pts',(-0.00191013220783251,0.13,0.069));
#1431=CARTESIAN_POINT('Ctrl Pts',(0.0019101322078325,0.13,0.069));
#1432=CARTESIAN_POINT('Ctrl Pts',(0.00387762046748433,0.129814619597942,
0.0689187196458974));
#1433=CARTESIAN_POINT('Ctrl Pts',(0.00777560811908751,0.129042854553682,
0.0685883793108805));
#1434=CARTESIAN_POINT('Ctrl Pts',(0.0097061727520435,0.128456712193784,
0.0683395232098492));
#1435=CARTESIAN_POINT('Ctrl Pts',(0.0133951478840194,0.126917731233395,
0.0677131466826223));
#1436=CARTESIAN_POINT('Ctrl Pts',(0.0151569387793202,0.12596366792596,0.0673355400280076));
#1437=CARTESIAN_POINT('Ctrl Pts',(0.0184075681199467,0.123769860770575,
0.0665204418204293));
#1438=CARTESIAN_POINT('Ctrl Pts',(0.0198964607390197,0.122529946132173,
0.0660836261397864));
#1439=CARTESIAN_POINT('Ctrl Pts',(0.0225318668959032,0.11989453997529,0.0652321650590564));
#1440=CARTESIAN_POINT('Ctrl Pts',(0.0237720358039759,0.118404715443418,
0.0647863575566845));
#1441=CARTESIAN_POINT('Ctrl Pts',(0.02596504043701,0.11515453435449,0.0639390216309425));
#1442=CARTESIAN_POINT('Ctrl Pts',(0.0269181265127676,0.113394129139253,
0.0635383280108826));
#1443=CARTESIAN_POINT('Ctrl Pts',(0.0284559844633481,0.109707988374214,
0.0628646301570715));
#1444=CARTESIAN_POINT('Ctrl Pts',(0.0290419760100753,0.107778835294091,
0.0625918990039824));
#1445=CARTESIAN_POINT('Ctrl Pts',(0.0298141202723428,0.103881350398886,
0.062227810699232));
#1446=CARTESIAN_POINT('Ctrl Pts',(0.03,0.101912918562884,0.0621369455316239));
#1447=CARTESIAN_POINT('Ctrl Pts',(0.03,0.1,0.0621369455316239));
#1448=CARTESIAN_POINT('Origin',(0.,0.1,0.142));
#1449=CARTESIAN_POINT('Origin',(0.,0.,0.));
#1450=CARTESIAN_POINT('',(-0.069,0.2,8.45006291411674E-18));
#1451=CARTESIAN_POINT('Origin',(0.,0.2,0.));
#1452=CARTESIAN_POINT('',(-0.069,0.,8.45006291411674E-18));
#1453=CARTESIAN_POINT('',(-0.069,0.,8.45006291411674E-18));
#1454=CARTESIAN_POINT('Origin',(0.,0.,0.));
#1455=CARTESIAN_POINT('Origin',(0.,0.2,0.));
#1456=CARTESIAN_POINT('Origin',(0.,0.,0.));
#1457=UNCERTAINTY_MEASURE_WITH_UNIT(LENGTH_MEASURE(1.E-5),#1461,
'DISTANCE_ACCURACY_VALUE',
'Maximum model space distance between geometric entities at asserted c
onnectivities');
#1458=UNCERTAINTY_MEASURE_WITH_UNIT(LENGTH_MEASURE(1.E-5),#1461,
'DISTANCE_ACCURACY_VALUE',
'Maximum model space distance between geometric entities at asserted c
onnectivities');
#1459=(
GEOMETRIC_REPRESENTATION_CONTEXT(3)
GLOBAL_UNCERTAINTY_ASSIGNED_CONTEXT((#1457))
GLOBAL_UNIT_ASSIGNED_CONTEXT((#1461,#1462,#1463))
REPRESENTATION_CONTEXT('','3D')
);
#1460=(
GEOMETRIC_REPRESENTATION_CONTEXT(3)
GLOBAL_UNCERTAINTY_ASSIGNED_CONTEXT((#1458))
GLOBAL_UNIT_ASSIGNED_CONTEXT((#1461,#1462,#1463))
REPRESENTATION_CONTEXT('','3D')
);
#1461=(
LENGTH_UNIT()
NAMED_UNIT(*)
SI_UNIT($,.METRE.)
);
#1462=(
NAMED_UNIT(*)
PLANE_ANGLE_UNIT()
SI_UNIT($,.RADIAN.)
);
#1463=(
NAMED_UNIT(*)
SI_UNIT($,.STERADIAN.)
SOLID_ANGLE_UNIT()
);
#1464=SHAPE_DEFINITION_REPRESENTATION(#1465,#1466);
#1465=PRODUCT_DEFINITION_SHAPE('',$,#1468);
#1466=SHAPE_REPRESENTATION('',(#139),#1459);
#1467=PRODUCT_DEFINITION_CONTEXT('part definition',#1472,'design');
#1468=PRODUCT_DEFINITION('probe_out','probe_out v3',#1469,#1467);
#1469=PRODUCT_DEFINITION_FORMATION('',$,#1474);
#1470=PRODUCT_RELATED_PRODUCT_CATEGORY('probe_out v3','probe_out v3',(#1474));
#1471=APPLICATION_PROTOCOL_DEFINITION('international standard',
'automotive_design',2009,#1472);
#1472=APPLICATION_CONTEXT(
'Core Data for Automotive Mechanical Design Process');
#1473=PRODUCT_CONTEXT('part definition',#1472,'mechanical');
#1474=PRODUCT('probe_out','probe_out v3',$,(#1473));
#1475=PRESENTATION_STYLE_ASSIGNMENT((#1476));
#1476=SURFACE_STYLE_USAGE(.BOTH.,#1477);
#1477=SURFACE_SIDE_STYLE('',(#1478));
#1478=SURFACE_STYLE_FILL_AREA(#1479);
#1479=FILL_AREA_STYLE('Steel - Satin',(#1480));
#1480=FILL_AREA_STYLE_COLOUR('Steel - Satin',#1481);
#1481=COLOUR_RGB('Steel - Satin',0.627450980392157,0.627450980392157,0.627450980392157);
ENDSEC;
END-ISO-10303-21;
