# Selection   : patch(inlet)
# Faces       : 1369
# Area        : 1.408977e-02
# Time        	areaAverage(p)	areaAverage(U)
0             	0.000000e+00	(0.000000e+00 6.270000e-05 0.000000e+00)
0.001         	8.432073e-03	(0.000000e+00 4.607563e-05 0.000000e+00)
0.002         	-2.820575e-04	(0.000000e+00 4.607563e-05 0.000000e+00)
0.003         	-6.480087e-05	(0.000000e+00 4.607563e-05 0.000000e+00)
0.004         	-2.983154e-05	(0.000000e+00 4.607563e-05 0.000000e+00)
0.005         	-1.479060e-05	(0.000000e+00 4.607563e-05 0.000000e+00)
0.006         	-6.315169e-06	(0.000000e+00 4.607563e-05 0.000000e+00)
0.007         	-1.088034e-06	(0.000000e+00 4.607563e-05 0.000000e+00)
0.008         	2.333432e-06	(0.000000e+00 4.607563e-05 0.000000e+00)
0.009         	4.671169e-06	(0.000000e+00 4.607563e-05 0.000000e+00)
0.01          	6.320065e-06	(0.000000e+00 4.607563e-05 0.000000e+00)
0.011         	7.499385e-06	(0.000000e+00 4.607563e-05 0.000000e+00)
0.012         	8.354396e-06	(0.000000e+00 4.607563e-05 0.000000e+00)
0.013         	8.975738e-06	(0.000000e+00 4.607563e-05 0.000000e+00)
0.014         	9.432201e-06	(0.000000e+00 4.607563e-05 0.000000e+00)
0.015         	9.759391e-06	(0.000000e+00 4.607563e-05 0.000000e+00)
0.016         	9.991338e-06	(0.000000e+00 4.607563e-05 0.000000e+00)
0.017         	1.015004e-05	(0.000000e+00 4.607563e-05 0.000000e+00)
0.018         	1.025247e-05	(0.000000e+00 4.607563e-05 0.000000e+00)
0.019         	1.031060e-05	(0.000000e+00 4.607563e-05 0.000000e+00)
0.02          	1.033540e-05	(0.000000e+00 4.607563e-05 0.000000e+00)
0.021         	1.033157e-05	(0.000000e+00 4.607563e-05 0.000000e+00)
0.022         	1.030531e-05	(0.000000e+00 4.607563e-05 0.000000e+00)
0.023         	1.026267e-05	(0.000000e+00 4.607563e-05 0.000000e+00)
0.024         	1.020619e-05	(0.000000e+00 4.607563e-05 0.000000e+00)
0.025         	1.013923e-05	(0.000000e+00 4.607563e-05 0.000000e+00)
0.026         	1.006365e-05	(0.000000e+00 4.607563e-05 0.000000e+00)
0.027         	9.981365e-06	(0.000000e+00 4.607563e-05 0.000000e+00)
0.028         	9.893986e-06	(0.000000e+00 4.607563e-05 0.000000e+00)
0.029         	9.802462e-06	(0.000000e+00 4.607563e-05 0.000000e+00)
0.03          	9.707862e-06	(0.000000e+00 4.607563e-05 0.000000e+00)
0.031         	9.611286e-06	(0.000000e+00 4.607563e-05 0.000000e+00)
0.032         	9.513148e-06	(0.000000e+00 4.607563e-05 0.000000e+00)
0.033         	9.414127e-06	(0.000000e+00 4.607563e-05 0.000000e+00)
0.034         	9.314473e-06	(0.000000e+00 4.607563e-05 0.000000e+00)
0.035         	9.214931e-06	(0.000000e+00 4.607563e-05 0.000000e+00)
0.036         	9.115375e-06	(0.000000e+00 4.607563e-05 0.000000e+00)
0.037         	9.016322e-06	(0.000000e+00 4.607563e-05 0.000000e+00)
0.038         	8.917875e-06	(0.000000e+00 4.607563e-05 0.000000e+00)
0.039         	8.820126e-06	(0.000000e+00 4.607563e-05 0.000000e+00)
0.04          	8.723287e-06	(0.000000e+00 4.607563e-05 0.000000e+00)
0.041         	8.627441e-06	(0.000000e+00 4.607563e-05 0.000000e+00)
0.042         	8.532779e-06	(0.000000e+00 4.607563e-05 0.000000e+00)
0.043         	8.439381e-06	(0.000000e+00 4.607563e-05 0.000000e+00)
0.044         	8.347134e-06	(0.000000e+00 4.607563e-05 0.000000e+00)
0.045         	8.256204e-06	(0.000000e+00 4.607563e-05 0.000000e+00)
0.046         	8.166506e-06	(0.000000e+00 4.607563e-05 0.000000e+00)
0.047         	8.078163e-06	(0.000000e+00 4.607563e-05 0.000000e+00)
0.048         	7.991118e-06	(0.000000e+00 4.607563e-05 0.000000e+00)
0.049         	7.905437e-06	(0.000000e+00 4.607563e-05 0.000000e+00)
0.05          	7.821703e-06	(0.000000e+00 4.607563e-05 0.000000e+00)
0.051         	7.737826e-06	(0.000000e+00 4.607563e-05 0.000000e+00)
0.052         	7.656009e-06	(0.000000e+00 4.607563e-05 0.000000e+00)
0.053         	7.575419e-06	(0.000000e+00 4.607563e-05 0.000000e+00)
0.054         	7.496208e-06	(0.000000e+00 4.607563e-05 0.000000e+00)
0.055         	7.418234e-06	(0.000000e+00 4.607563e-05 0.000000e+00)
0.056         	7.341442e-06	(0.000000e+00 4.607563e-05 0.000000e+00)
0.057         	7.265910e-06	(0.000000e+00 4.607563e-05 0.000000e+00)
0.058         	7.191585e-06	(0.000000e+00 4.607563e-05 0.000000e+00)
0.059         	7.118445e-06	(0.000000e+00 4.607563e-05 0.000000e+00)
0.06          	7.046439e-06	(0.000000e+00 4.607563e-05 0.000000e+00)
0.061         	6.975580e-06	(0.000000e+00 4.607563e-05 0.000000e+00)
0.062         	6.905848e-06	(0.000000e+00 4.607563e-05 0.000000e+00)
0.063         	6.837170e-06	(0.000000e+00 4.607563e-05 0.000000e+00)
0.064         	6.769589e-06	(0.000000e+00 4.607563e-05 0.000000e+00)
0.065         	6.703058e-06	(0.000000e+00 4.607563e-05 0.000000e+00)
0.066         	6.637571e-06	(0.000000e+00 4.607563e-05 0.000000e+00)
0.067         	6.573084e-06	(0.000000e+00 4.607563e-05 0.000000e+00)
0.068         	6.509597e-06	(0.000000e+00 4.607563e-05 0.000000e+00)
0.069         	6.447074e-06	(0.000000e+00 4.607563e-05 0.000000e+00)
0.07          	6.385479e-06	(0.000000e+00 4.607563e-05 0.000000e+00)
0.071         	6.324838e-06	(0.000000e+00 4.607563e-05 0.000000e+00)
0.072         	6.265064e-06	(0.000000e+00 4.607563e-05 0.000000e+00)
0.073         	6.206167e-06	(0.000000e+00 4.607563e-05 0.000000e+00)
0.074         	6.148180e-06	(0.000000e+00 4.607563e-05 0.000000e+00)
0.075         	6.091046e-06	(0.000000e+00 4.607563e-05 0.000000e+00)
0.076         	6.034702e-06	(0.000000e+00 4.607563e-05 0.000000e+00)
0.077         	5.979201e-06	(0.000000e+00 4.607563e-05 0.000000e+00)
0.078         	5.924514e-06	(0.000000e+00 4.607563e-05 0.000000e+00)
0.079         	5.870606e-06	(0.000000e+00 4.607563e-05 0.000000e+00)
0.08          	5.817448e-06	(0.000000e+00 4.607563e-05 0.000000e+00)
0.081         	5.765078e-06	(0.000000e+00 4.607563e-05 0.000000e+00)
0.082         	5.713422e-06	(0.000000e+00 4.607563e-05 0.000000e+00)
0.083         	5.662538e-06	(0.000000e+00 4.607563e-05 0.000000e+00)
0.084         	5.612347e-06	(0.000000e+00 4.607563e-05 0.000000e+00)
0.085         	5.562854e-06	(0.000000e+00 4.607563e-05 0.000000e+00)
0.086         	5.514064e-06	(0.000000e+00 4.607563e-05 0.000000e+00)
0.087         	5.465936e-06	(0.000000e+00 4.607563e-05 0.000000e+00)
0.088         	5.418471e-06	(0.000000e+00 4.607563e-05 0.000000e+00)
0.089         	5.371632e-06	(0.000000e+00 4.607563e-05 0.000000e+00)
0.09          	5.325401e-06	(0.000000e+00 4.607563e-05 0.000000e+00)
0.091         	5.279838e-06	(0.000000e+00 4.607563e-05 0.000000e+00)
0.092         	5.234853e-06	(0.000000e+00 4.607563e-05 0.000000e+00)
0.093         	5.190443e-06	(0.000000e+00 4.607563e-05 0.000000e+00)
0.094         	5.146616e-06	(0.000000e+00 4.607563e-05 0.000000e+00)
0.095         	5.103384e-06	(0.000000e+00 4.607563e-05 0.000000e+00)
0.096         	5.060741e-06	(0.000000e+00 4.607563e-05 0.000000e+00)
0.097         	5.018621e-06	(0.000000e+00 4.607563e-05 0.000000e+00)
0.098         	4.977032e-06	(0.000000e+00 4.607563e-05 0.000000e+00)
0.099         	4.935983e-06	(0.000000e+00 4.607563e-05 0.000000e+00)
0.1           	4.895439e-06	(0.000000e+00 4.607563e-05 0.000000e+00)
0.101         	4.855433e-06	(0.000000e+00 4.607563e-05 0.000000e+00)
0.102         	4.815950e-06	(0.000000e+00 4.607563e-05 0.000000e+00)
0.103         	4.776946e-06	(0.000000e+00 4.607563e-05 0.000000e+00)
0.104         	4.738440e-06	(0.000000e+00 4.607563e-05 0.000000e+00)
0.105         	4.700405e-06	(0.000000e+00 4.607563e-05 0.000000e+00)
0.106         	4.662813e-06	(0.000000e+00 4.607563e-05 0.000000e+00)
0.107         	4.625701e-06	(0.000000e+00 4.607563e-05 0.000000e+00)
0.108         	4.589064e-06	(0.000000e+00 4.607563e-05 0.000000e+00)
0.109         	4.552872e-06	(0.000000e+00 4.607563e-05 0.000000e+00)
0.11          	4.517082e-06	(0.000000e+00 4.607563e-05 0.000000e+00)
0.111         	4.481733e-06	(0.000000e+00 4.607563e-05 0.000000e+00)
0.112         	4.446790e-06	(0.000000e+00 4.607563e-05 0.000000e+00)
0.113         	4.412281e-06	(0.000000e+00 4.607563e-05 0.000000e+00)
0.114         	4.378220e-06	(0.000000e+00 4.607563e-05 0.000000e+00)
0.115         	4.344559e-06	(0.000000e+00 4.607563e-05 0.000000e+00)
0.116         	4.311267e-06	(0.000000e+00 4.607563e-05 0.000000e+00)
0.117         	4.278348e-06	(0.000000e+00 4.607563e-05 0.000000e+00)
0.118         	4.245835e-06	(0.000000e+00 4.607563e-05 0.000000e+00)
0.119         	4.213702e-06	(0.000000e+00 4.607563e-05 0.000000e+00)
0.12          	4.181939e-06	(0.000000e+00 4.607563e-05 0.000000e+00)
0.121         	4.150553e-06	(0.000000e+00 4.607563e-05 0.000000e+00)
0.122         	4.119533e-06	(0.000000e+00 4.607563e-05 0.000000e+00)
0.123         	4.088851e-06	(0.000000e+00 4.607563e-05 0.000000e+00)
0.124         	4.058500e-06	(0.000000e+00 4.607563e-05 0.000000e+00)
0.125         	4.028517e-06	(0.000000e+00 4.607563e-05 0.000000e+00)
0.126         	3.998891e-06	(0.000000e+00 4.607563e-05 0.000000e+00)
0.127         	3.969559e-06	(0.000000e+00 4.607563e-05 0.000000e+00)
0.128         	3.940555e-06	(0.000000e+00 4.607563e-05 0.000000e+00)
0.129         	3.911843e-06	(0.000000e+00 4.607563e-05 0.000000e+00)
0.13          	3.883491e-06	(0.000000e+00 4.607563e-05 0.000000e+00)
0.131         	3.855471e-06	(0.000000e+00 4.607563e-05 0.000000e+00)
0.132         	3.827730e-06	(0.000000e+00 4.607563e-05 0.000000e+00)
0.133         	3.800293e-06	(0.000000e+00 4.607563e-05 0.000000e+00)
0.134         	3.773155e-06	(0.000000e+00 4.607563e-05 0.000000e+00)
0.135         	3.746314e-06	(0.000000e+00 4.607563e-05 0.000000e+00)
0.136         	3.719771e-06	(0.000000e+00 4.607563e-05 0.000000e+00)
0.137         	3.693515e-06	(0.000000e+00 4.607563e-05 0.000000e+00)
0.138         	3.667543e-06	(0.000000e+00 4.607563e-05 0.000000e+00)
0.139         	3.641838e-06	(0.000000e+00 4.607563e-05 0.000000e+00)
0.14          	3.616412e-06	(0.000000e+00 4.607563e-05 0.000000e+00)
0.141         	3.591257e-06	(0.000000e+00 4.607563e-05 0.000000e+00)
0.142         	3.566377e-06	(0.000000e+00 4.607563e-05 0.000000e+00)
0.143         	3.541735e-06	(0.000000e+00 4.607563e-05 0.000000e+00)
0.144         	3.517377e-06	(0.000000e+00 4.607563e-05 0.000000e+00)
0.145         	3.493249e-06	(0.000000e+00 4.607563e-05 0.000000e+00)
0.146         	3.469386e-06	(0.000000e+00 4.607563e-05 0.000000e+00)
0.147         	3.445774e-06	(0.000000e+00 4.607563e-05 0.000000e+00)
0.148         	3.422402e-06	(0.000000e+00 4.607563e-05 0.000000e+00)
0.149         	3.399269e-06	(0.000000e+00 4.607563e-05 0.000000e+00)
0.15          	3.376355e-06	(0.000000e+00 4.607563e-05 0.000000e+00)
0.151         	3.353691e-06	(0.000000e+00 4.607563e-05 0.000000e+00)
0.152         	3.331257e-06	(0.000000e+00 4.607563e-05 0.000000e+00)
0.153         	3.309073e-06	(0.000000e+00 4.607563e-05 0.000000e+00)
0.154         	3.287091e-06	(0.000000e+00 4.607563e-05 0.000000e+00)
0.155         	3.265317e-06	(0.000000e+00 4.607563e-05 0.000000e+00)
0.156         	3.243752e-06	(0.000000e+00 4.607563e-05 0.000000e+00)
0.157         	3.222399e-06	(0.000000e+00 4.607563e-05 0.000000e+00)
0.158         	3.201285e-06	(0.000000e+00 4.607563e-05 0.000000e+00)
0.159         	3.180390e-06	(0.000000e+00 4.607563e-05 0.000000e+00)
0.16          	3.159694e-06	(0.000000e+00 4.607563e-05 0.000000e+00)
0.161         	3.139206e-06	(0.000000e+00 4.607563e-05 0.000000e+00)
0.162         	3.118898e-06	(0.000000e+00 4.607563e-05 0.000000e+00)
0.163         	3.098807e-06	(0.000000e+00 4.607563e-05 0.000000e+00)
0.164         	3.078906e-06	(0.000000e+00 4.607563e-05 0.000000e+00)
0.165         	3.059220e-06	(0.000000e+00 4.607563e-05 0.000000e+00)
0.166         	3.039721e-06	(0.000000e+00 4.607563e-05 0.000000e+00)
0.167         	3.020387e-06	(0.000000e+00 4.607563e-05 0.000000e+00)
0.168         	3.001258e-06	(0.000000e+00 4.607563e-05 0.000000e+00)
0.169         	2.982320e-06	(0.000000e+00 4.607563e-05 0.000000e+00)
0.17          	2.963541e-06	(0.000000e+00 4.607563e-05 0.000000e+00)
0.171         	2.944952e-06	(0.000000e+00 4.607563e-05 0.000000e+00)
0.172         	2.926547e-06	(0.000000e+00 4.607563e-05 0.000000e+00)
0.173         	2.908326e-06	(0.000000e+00 4.607563e-05 0.000000e+00)
0.174         	2.890261e-06	(0.000000e+00 4.607563e-05 0.000000e+00)
0.175         	2.872358e-06	(0.000000e+00 4.607563e-05 0.000000e+00)
0.176         	2.854651e-06	(0.000000e+00 4.607563e-05 0.000000e+00)
0.177         	2.837098e-06	(0.000000e+00 4.607563e-05 0.000000e+00)
0.178         	2.819705e-06	(0.000000e+00 4.607563e-05 0.000000e+00)
0.179         	2.802484e-06	(0.000000e+00 4.607563e-05 0.000000e+00)
0.18          	2.785429e-06	(0.000000e+00 4.607563e-05 0.000000e+00)
0.181         	2.768519e-06	(0.000000e+00 4.607563e-05 0.000000e+00)
0.182         	2.751770e-06	(0.000000e+00 4.607563e-05 0.000000e+00)
0.183         	2.735162e-06	(0.000000e+00 4.607563e-05 0.000000e+00)
0.184         	2.718726e-06	(0.000000e+00 4.607563e-05 0.000000e+00)
0.185         	2.702455e-06	(0.000000e+00 4.607563e-05 0.000000e+00)
0.186         	2.686316e-06	(0.000000e+00 4.607563e-05 0.000000e+00)
0.187         	2.670317e-06	(0.000000e+00 4.607563e-05 0.000000e+00)
0.188         	2.654458e-06	(0.000000e+00 4.607563e-05 0.000000e+00)
0.189         	2.638751e-06	(0.000000e+00 4.607563e-05 0.000000e+00)
0.19          	2.623198e-06	(0.000000e+00 4.607563e-05 0.000000e+00)
0.191         	2.607787e-06	(0.000000e+00 4.607563e-05 0.000000e+00)
0.192         	2.592509e-06	(0.000000e+00 4.607563e-05 0.000000e+00)
0.193         	2.577615e-06	(0.000000e+00 4.607563e-05 0.000000e+00)
0.194         	2.562154e-06	(0.000000e+00 4.607563e-05 0.000000e+00)
0.195         	2.547499e-06	(0.000000e+00 4.607563e-05 0.000000e+00)
0.196         	2.533004e-06	(0.000000e+00 4.607563e-05 0.000000e+00)
0.197         	2.517949e-06	(0.000000e+00 4.607563e-05 0.000000e+00)
0.198         	2.503927e-06	(0.000000e+00 4.607563e-05 0.000000e+00)
0.199         	2.489118e-06	(0.000000e+00 4.607563e-05 0.000000e+00)
0.2           	2.475351e-06	(0.000000e+00 4.607563e-05 0.000000e+00)
0.201         	2.461037e-06	(0.000000e+00 4.607563e-05 0.000000e+00)
0.202         	2.447059e-06	(0.000000e+00 4.607563e-05 0.000000e+00)
0.203         	2.433211e-06	(0.000000e+00 4.607563e-05 0.000000e+00)
0.204         	2.419499e-06	(0.000000e+00 4.607563e-05 0.000000e+00)
0.205         	2.405888e-06	(0.000000e+00 4.607563e-05 0.000000e+00)
0.206         	2.392398e-06	(0.000000e+00 4.607563e-05 0.000000e+00)
0.207         	2.379049e-06	(0.000000e+00 4.607563e-05 0.000000e+00)
0.208         	2.365798e-06	(0.000000e+00 4.607563e-05 0.000000e+00)
0.209         	2.352661e-06	(0.000000e+00 4.607563e-05 0.000000e+00)
0.21          	2.339651e-06	(0.000000e+00 4.607563e-05 0.000000e+00)
0.211         	2.326736e-06	(0.000000e+00 4.607563e-05 0.000000e+00)
0.212         	2.313946e-06	(0.000000e+00 4.607563e-05 0.000000e+00)
0.213         	2.301271e-06	(0.000000e+00 4.607563e-05 0.000000e+00)
0.214         	2.288706e-06	(0.000000e+00 4.607563e-05 0.000000e+00)
0.215         	2.276234e-06	(0.000000e+00 4.607563e-05 0.000000e+00)
0.216         	2.263869e-06	(0.000000e+00 4.607563e-05 0.000000e+00)
0.217         	2.251615e-06	(0.000000e+00 4.607563e-05 0.000000e+00)
0.218         	2.239448e-06	(0.000000e+00 4.607563e-05 0.000000e+00)
0.219         	2.227403e-06	(0.000000e+00 4.607563e-05 0.000000e+00)
0.22          	2.215449e-06	(0.000000e+00 4.607563e-05 0.000000e+00)
0.221         	2.203604e-06	(0.000000e+00 4.607563e-05 0.000000e+00)
0.222         	2.191852e-06	(0.000000e+00 4.607563e-05 0.000000e+00)
0.223         	2.180219e-06	(0.000000e+00 4.607563e-05 0.000000e+00)
0.224         	2.168656e-06	(0.000000e+00 4.607563e-05 0.000000e+00)
0.225         	2.157203e-06	(0.000000e+00 4.607563e-05 0.000000e+00)
0.226         	2.145852e-06	(0.000000e+00 4.607563e-05 0.000000e+00)
0.227         	2.134577e-06	(0.000000e+00 4.607563e-05 0.000000e+00)
0.228         	2.123409e-06	(0.000000e+00 4.607563e-05 0.000000e+00)
0.229         	2.112334e-06	(0.000000e+00 4.607563e-05 0.000000e+00)
0.23          	2.101355e-06	(0.000000e+00 4.607563e-05 0.000000e+00)
0.231         	2.090473e-06	(0.000000e+00 4.607563e-05 0.000000e+00)
0.232         	2.079664e-06	(0.000000e+00 4.607563e-05 0.000000e+00)
0.233         	2.068957e-06	(0.000000e+00 4.607563e-05 0.000000e+00)
0.234         	2.058342e-06	(0.000000e+00 4.607563e-05 0.000000e+00)
0.235         	2.047799e-06	(0.000000e+00 4.607563e-05 0.000000e+00)
0.236         	2.037348e-06	(0.000000e+00 4.607563e-05 0.000000e+00)
0.237         	2.026977e-06	(0.000000e+00 4.607563e-05 0.000000e+00)
0.238         	2.016703e-06	(0.000000e+00 4.607563e-05 0.000000e+00)
0.239         	2.006498e-06	(0.000000e+00 4.607563e-05 0.000000e+00)
0.24          	1.996382e-06	(0.000000e+00 4.607563e-05 0.000000e+00)
0.241         	1.986347e-06	(0.000000e+00 4.607563e-05 0.000000e+00)
0.242         	1.976403e-06	(0.000000e+00 4.607563e-05 0.000000e+00)
0.243         	1.966533e-06	(0.000000e+00 4.607563e-05 0.000000e+00)
0.244         	1.956734e-06	(0.000000e+00 4.607563e-05 0.000000e+00)
0.245         	1.947022e-06	(0.000000e+00 4.607563e-05 0.000000e+00)
0.246         	1.937392e-06	(0.000000e+00 4.607563e-05 0.000000e+00)
0.247         	1.927834e-06	(0.000000e+00 4.607563e-05 0.000000e+00)
0.248         	1.918345e-06	(0.000000e+00 4.607563e-05 0.000000e+00)
0.249         	1.908937e-06	(0.000000e+00 4.607563e-05 0.000000e+00)
0.25          	1.899601e-06	(0.000000e+00 4.607563e-05 0.000000e+00)
0.251         	1.890350e-06	(0.000000e+00 4.607563e-05 0.000000e+00)
0.252         	1.881169e-06	(0.000000e+00 4.607563e-05 0.000000e+00)
0.253         	1.872063e-06	(0.000000e+00 4.607563e-05 0.000000e+00)
0.254         	1.863025e-06	(0.000000e+00 4.607563e-05 0.000000e+00)
0.255         	1.854053e-06	(0.000000e+00 4.607563e-05 0.000000e+00)
0.256         	1.845165e-06	(0.000000e+00 4.607563e-05 0.000000e+00)
0.257         	1.836327e-06	(0.000000e+00 4.607563e-05 0.000000e+00)
0.258         	1.827581e-06	(0.000000e+00 4.607563e-05 0.000000e+00)
0.259         	1.818894e-06	(0.000000e+00 4.607563e-05 0.000000e+00)
0.26          	1.810271e-06	(0.000000e+00 4.607563e-05 0.000000e+00)
0.261         	1.801730e-06	(0.000000e+00 4.607563e-05 0.000000e+00)
0.262         	1.793244e-06	(0.000000e+00 4.607563e-05 0.000000e+00)
0.263         	1.784817e-06	(0.000000e+00 4.607563e-05 0.000000e+00)
0.264         	1.776471e-06	(0.000000e+00 4.607563e-05 0.000000e+00)
0.265         	1.768189e-06	(0.000000e+00 4.607563e-05 0.000000e+00)
0.266         	1.759959e-06	(0.000000e+00 4.607563e-05 0.000000e+00)
0.267         	1.751805e-06	(0.000000e+00 4.607563e-05 0.000000e+00)
0.268         	1.743710e-06	(0.000000e+00 4.607563e-05 0.000000e+00)
0.269         	1.735684e-06	(0.000000e+00 4.607563e-05 0.000000e+00)
0.27          	1.727712e-06	(0.000000e+00 4.607563e-05 0.000000e+00)
0.271         	1.719792e-06	(0.000000e+00 4.607563e-05 0.000000e+00)
0.272         	1.711945e-06	(0.000000e+00 4.607563e-05 0.000000e+00)
0.273         	1.704156e-06	(0.000000e+00 4.607563e-05 0.000000e+00)
0.274         	1.696417e-06	(0.000000e+00 4.607563e-05 0.000000e+00)
0.275         	1.688752e-06	(0.000000e+00 4.607563e-05 0.000000e+00)
0.276         	1.681136e-06	(0.000000e+00 4.607563e-05 0.000000e+00)
0.277         	1.673586e-06	(0.000000e+00 4.607563e-05 0.000000e+00)
0.278         	1.666107e-06	(0.000000e+00 4.607563e-05 0.000000e+00)
0.279         	1.658651e-06	(0.000000e+00 4.607563e-05 0.000000e+00)
0.28          	1.651268e-06	(0.000000e+00 4.607563e-05 0.000000e+00)
0.281         	1.643946e-06	(0.000000e+00 4.607563e-05 0.000000e+00)
0.282         	1.636662e-06	(0.000000e+00 4.607563e-05 0.000000e+00)
0.283         	1.629447e-06	(0.000000e+00 4.607563e-05 0.000000e+00)
0.284         	1.622286e-06	(0.000000e+00 4.607563e-05 0.000000e+00)
0.285         	1.615178e-06	(0.000000e+00 4.607563e-05 0.000000e+00)
0.286         	1.608123e-06	(0.000000e+00 4.607563e-05 0.000000e+00)
0.287         	1.601115e-06	(0.000000e+00 4.607563e-05 0.000000e+00)
0.288         	1.594163e-06	(0.000000e+00 4.607563e-05 0.000000e+00)
0.289         	1.587274e-06	(0.000000e+00 4.607563e-05 0.000000e+00)
0.29          	1.580421e-06	(0.000000e+00 4.607563e-05 0.000000e+00)
0.291         	1.573623e-06	(0.000000e+00 4.607563e-05 0.000000e+00)
0.292         	1.566876e-06	(0.000000e+00 4.607563e-05 0.000000e+00)
0.293         	1.560176e-06	(0.000000e+00 4.607563e-05 0.000000e+00)
0.294         	1.553522e-06	(0.000000e+00 4.607563e-05 0.000000e+00)
0.295         	1.546929e-06	(0.000000e+00 4.607563e-05 0.000000e+00)
0.296         	1.540382e-06	(0.000000e+00 4.607563e-05 0.000000e+00)
0.297         	1.533868e-06	(0.000000e+00 4.607563e-05 0.000000e+00)
0.298         	1.527411e-06	(0.000000e+00 4.607563e-05 0.000000e+00)
0.299         	1.521018e-06	(0.000000e+00 4.607563e-05 0.000000e+00)
0.3           	1.514657e-06	(0.000000e+00 4.607563e-05 0.000000e+00)
0.301         	1.508337e-06	(0.000000e+00 4.607563e-05 0.000000e+00)
0.302         	1.502073e-06	(0.000000e+00 4.607563e-05 0.000000e+00)
0.303         	1.495854e-06	(0.000000e+00 4.607563e-05 0.000000e+00)
0.304         	1.489676e-06	(0.000000e+00 4.607563e-05 0.000000e+00)
0.305         	1.483535e-06	(0.000000e+00 4.607563e-05 0.000000e+00)
0.306         	1.477451e-06	(0.000000e+00 4.607563e-05 0.000000e+00)
0.307         	1.471404e-06	(0.000000e+00 4.607563e-05 0.000000e+00)
0.308         	1.465397e-06	(0.000000e+00 4.607563e-05 0.000000e+00)
0.309         	1.459435e-06	(0.000000e+00 4.607563e-05 0.000000e+00)
0.31          	1.453522e-06	(0.000000e+00 4.607563e-05 0.000000e+00)
0.311         	1.447640e-06	(0.000000e+00 4.607563e-05 0.000000e+00)
0.312         	1.441794e-06	(0.000000e+00 4.607563e-05 0.000000e+00)
0.313         	1.436011e-06	(0.000000e+00 4.607563e-05 0.000000e+00)
0.314         	1.430259e-06	(0.000000e+00 4.607563e-05 0.000000e+00)
0.315         	1.424560e-06	(0.000000e+00 4.607563e-05 0.000000e+00)
0.316         	1.418896e-06	(0.000000e+00 4.607563e-05 0.000000e+00)
0.317         	1.413266e-06	(0.000000e+00 4.607563e-05 0.000000e+00)
0.318         	1.407687e-06	(0.000000e+00 4.607563e-05 0.000000e+00)
0.319         	1.402142e-06	(0.000000e+00 4.607563e-05 0.000000e+00)
0.32          	1.396641e-06	(0.000000e+00 4.607563e-05 0.000000e+00)
0.321         	1.391173e-06	(0.000000e+00 4.607563e-05 0.000000e+00)
0.322         	1.385745e-06	(0.000000e+00 4.607563e-05 0.000000e+00)
0.323         	1.380354e-06	(0.000000e+00 4.607563e-05 0.000000e+00)
0.324         	1.375001e-06	(0.000000e+00 4.607563e-05 0.000000e+00)
0.325         	1.369681e-06	(0.000000e+00 4.607563e-05 0.000000e+00)
0.326         	1.364404e-06	(0.000000e+00 4.607563e-05 0.000000e+00)
0.327         	1.359164e-06	(0.000000e+00 4.607563e-05 0.000000e+00)
0.328         	1.353957e-06	(0.000000e+00 4.607563e-05 0.000000e+00)
0.329         	1.348780e-06	(0.000000e+00 4.607563e-05 0.000000e+00)
0.33          	1.343657e-06	(0.000000e+00 4.607563e-05 0.000000e+00)
0.331         	1.338558e-06	(0.000000e+00 4.607563e-05 0.000000e+00)
0.332         	1.333495e-06	(0.000000e+00 4.607563e-05 0.000000e+00)
0.333         	1.328468e-06	(0.000000e+00 4.607563e-05 0.000000e+00)
0.334         	1.323470e-06	(0.000000e+00 4.607563e-05 0.000000e+00)
0.335         	1.318520e-06	(0.000000e+00 4.607563e-05 0.000000e+00)
0.336         	1.313597e-06	(0.000000e+00 4.607563e-05 0.000000e+00)
0.337         	1.308713e-06	(0.000000e+00 4.607563e-05 0.000000e+00)
0.338         	1.303856e-06	(0.000000e+00 4.607563e-05 0.000000e+00)
0.339         	1.299034e-06	(0.000000e+00 4.607563e-05 0.000000e+00)
0.34          	1.294248e-06	(0.000000e+00 4.607563e-05 0.000000e+00)
0.341         	1.289493e-06	(0.000000e+00 4.607563e-05 0.000000e+00)
0.342         	1.284773e-06	(0.000000e+00 4.607563e-05 0.000000e+00)
0.343         	1.280083e-06	(0.000000e+00 4.607563e-05 0.000000e+00)
0.344         	1.275427e-06	(0.000000e+00 4.607563e-05 0.000000e+00)
0.345         	1.270795e-06	(0.000000e+00 4.607563e-05 0.000000e+00)
0.346         	1.266205e-06	(0.000000e+00 4.607563e-05 0.000000e+00)
0.347         	1.261642e-06	(0.000000e+00 4.607563e-05 0.000000e+00)
0.348         	1.257108e-06	(0.000000e+00 4.607563e-05 0.000000e+00)
0.349         	1.252604e-06	(0.000000e+00 4.607563e-05 0.000000e+00)
0.35          	1.248133e-06	(0.000000e+00 4.607563e-05 0.000000e+00)
0.351         	1.243696e-06	(0.000000e+00 4.607563e-05 0.000000e+00)
0.352         	1.239282e-06	(0.000000e+00 4.607563e-05 0.000000e+00)
0.353         	1.234901e-06	(0.000000e+00 4.607563e-05 0.000000e+00)
0.354         	1.230551e-06	(0.000000e+00 4.607563e-05 0.000000e+00)
0.355         	1.226227e-06	(0.000000e+00 4.607563e-05 0.000000e+00)
0.356         	1.221932e-06	(0.000000e+00 4.607563e-05 0.000000e+00)
0.357         	1.217671e-06	(0.000000e+00 4.607563e-05 0.000000e+00)
0.358         	1.213431e-06	(0.000000e+00 4.607563e-05 0.000000e+00)
0.359         	1.209217e-06	(0.000000e+00 4.607563e-05 0.000000e+00)
0.36          	1.205038e-06	(0.000000e+00 4.607563e-05 0.000000e+00)
0.361         	1.200883e-06	(0.000000e+00 4.607563e-05 0.000000e+00)
0.362         	1.196760e-06	(0.000000e+00 4.607563e-05 0.000000e+00)
0.363         	1.192661e-06	(0.000000e+00 4.607563e-05 0.000000e+00)
0.364         	1.188592e-06	(0.000000e+00 4.607563e-05 0.000000e+00)
0.365         	1.184554e-06	(0.000000e+00 4.607563e-05 0.000000e+00)
0.366         	1.180540e-06	(0.000000e+00 4.607563e-05 0.000000e+00)
0.367         	1.176545e-06	(0.000000e+00 4.607563e-05 0.000000e+00)
0.368         	1.172581e-06	(0.000000e+00 4.607563e-05 0.000000e+00)
0.369         	1.168644e-06	(0.000000e+00 4.607563e-05 0.000000e+00)
0.37          	1.164729e-06	(0.000000e+00 4.607563e-05 0.000000e+00)
0.371         	1.160845e-06	(0.000000e+00 4.607563e-05 0.000000e+00)
0.372         	1.156986e-06	(0.000000e+00 4.607563e-05 0.000000e+00)
0.373         	1.153151e-06	(0.000000e+00 4.607563e-05 0.000000e+00)
0.374         	1.149341e-06	(0.000000e+00 4.607563e-05 0.000000e+00)
0.375         	1.145556e-06	(0.000000e+00 4.607563e-05 0.000000e+00)
0.376         	1.141796e-06	(0.000000e+00 4.607563e-05 0.000000e+00)
0.377         	1.138059e-06	(0.000000e+00 4.607563e-05 0.000000e+00)
0.378         	1.134345e-06	(0.000000e+00 4.607563e-05 0.000000e+00)
0.379         	1.130655e-06	(0.000000e+00 4.607563e-05 0.000000e+00)
0.38          	1.126993e-06	(0.000000e+00 4.607563e-05 0.000000e+00)
0.381         	1.123352e-06	(0.000000e+00 4.607563e-05 0.000000e+00)
0.382         	1.119740e-06	(0.000000e+00 4.607563e-05 0.000000e+00)
0.383         	1.116148e-06	(0.000000e+00 4.607563e-05 0.000000e+00)
0.384         	1.112579e-06	(0.000000e+00 4.607563e-05 0.000000e+00)
0.385         	1.109033e-06	(0.000000e+00 4.607563e-05 0.000000e+00)
0.386         	1.105508e-06	(0.000000e+00 4.607563e-05 0.000000e+00)
0.387         	1.102007e-06	(0.000000e+00 4.607563e-05 0.000000e+00)
0.388         	1.098524e-06	(0.000000e+00 4.607563e-05 0.000000e+00)
0.389         	1.095067e-06	(0.000000e+00 4.607563e-05 0.000000e+00)
0.39          	1.091635e-06	(0.000000e+00 4.607563e-05 0.000000e+00)
0.391         	1.088223e-06	(0.000000e+00 4.607563e-05 0.000000e+00)
0.392         	1.084833e-06	(0.000000e+00 4.607563e-05 0.000000e+00)
0.393         	1.081464e-06	(0.000000e+00 4.607563e-05 0.000000e+00)
0.394         	1.078121e-06	(0.000000e+00 4.607563e-05 0.000000e+00)
0.395         	1.074795e-06	(0.000000e+00 4.607563e-05 0.000000e+00)
0.396         	1.071489e-06	(0.000000e+00 4.607563e-05 0.000000e+00)
0.397         	1.068206e-06	(0.000000e+00 4.607563e-05 0.000000e+00)
0.398         	1.064944e-06	(0.000000e+00 4.607563e-05 0.000000e+00)
0.399         	1.061706e-06	(0.000000e+00 4.607563e-05 0.000000e+00)
0.4           	1.058481e-06	(0.000000e+00 4.607563e-05 0.000000e+00)
0.401         	1.055277e-06	(0.000000e+00 4.607563e-05 0.000000e+00)
0.402         	1.052092e-06	(0.000000e+00 4.607563e-05 0.000000e+00)
0.403         	1.048935e-06	(0.000000e+00 4.607563e-05 0.000000e+00)
0.404         	1.045796e-06	(0.000000e+00 4.607563e-05 0.000000e+00)
0.405         	1.042674e-06	(0.000000e+00 4.607563e-05 0.000000e+00)
0.406         	1.039572e-06	(0.000000e+00 4.607563e-05 0.000000e+00)
0.407         	1.036485e-06	(0.000000e+00 4.607563e-05 0.000000e+00)
0.408         	1.033425e-06	(0.000000e+00 4.607563e-05 0.000000e+00)
0.409         	1.030371e-06	(0.000000e+00 4.607563e-05 0.000000e+00)
0.41          	1.027346e-06	(0.000000e+00 4.607563e-05 0.000000e+00)
0.411         	1.024336e-06	(0.000000e+00 4.607563e-05 0.000000e+00)
0.412         	1.021350e-06	(0.000000e+00 4.607563e-05 0.000000e+00)
0.413         	1.018380e-06	(0.000000e+00 4.607563e-05 0.000000e+00)
0.414         	1.015427e-06	(0.000000e+00 4.607563e-05 0.000000e+00)
0.415         	1.012492e-06	(0.000000e+00 4.607563e-05 0.000000e+00)
0.416         	1.009578e-06	(0.000000e+00 4.607563e-05 0.000000e+00)
0.417         	1.006681e-06	(0.000000e+00 4.607563e-05 0.000000e+00)
0.418         	1.003800e-06	(0.000000e+00 4.607563e-05 0.000000e+00)
0.419         	1.000932e-06	(0.000000e+00 4.607563e-05 0.000000e+00)
0.42          	9.980910e-07	(0.000000e+00 4.607563e-05 0.000000e+00)
0.421         	9.952673e-07	(0.000000e+00 4.607563e-05 0.000000e+00)
0.422         	9.924581e-07	(0.000000e+00 4.607563e-05 0.000000e+00)
0.423         	9.896655e-07	(0.000000e+00 4.607563e-05 0.000000e+00)
0.424         	9.868926e-07	(0.000000e+00 4.607563e-05 0.000000e+00)
0.425         	9.841327e-07	(0.000000e+00 4.607563e-05 0.000000e+00)
0.426         	9.813871e-07	(0.000000e+00 4.607563e-05 0.000000e+00)
0.427         	9.786621e-07	(0.000000e+00 4.607563e-05 0.000000e+00)
0.428         	9.759560e-07	(0.000000e+00 4.607563e-05 0.000000e+00)
0.429         	9.732643e-07	(0.000000e+00 4.607563e-05 0.000000e+00)
0.43          	9.705900e-07	(0.000000e+00 4.607563e-05 0.000000e+00)
0.431         	9.679269e-07	(0.000000e+00 4.607563e-05 0.000000e+00)
0.432         	9.652837e-07	(0.000000e+00 4.607563e-05 0.000000e+00)
0.433         	9.626544e-07	(0.000000e+00 4.607563e-05 0.000000e+00)
0.434         	9.600448e-07	(0.000000e+00 4.607563e-05 0.000000e+00)
0.435         	9.574503e-07	(0.000000e+00 4.607563e-05 0.000000e+00)
0.436         	9.548694e-07	(0.000000e+00 4.607563e-05 0.000000e+00)
0.437         	9.523012e-07	(0.000000e+00 4.607563e-05 0.000000e+00)
0.438         	9.497516e-07	(0.000000e+00 4.607563e-05 0.000000e+00)
0.439         	9.472185e-07	(0.000000e+00 4.607563e-05 0.000000e+00)
0.44          	9.447015e-07	(0.000000e+00 4.607563e-05 0.000000e+00)
0.441         	9.421967e-07	(0.000000e+00 4.607563e-05 0.000000e+00)
0.442         	9.397030e-07	(0.000000e+00 4.607563e-05 0.000000e+00)
0.443         	9.372283e-07	(0.000000e+00 4.607563e-05 0.000000e+00)
0.444         	9.347740e-07	(0.000000e+00 4.607563e-05 0.000000e+00)
0.445         	9.323307e-07	(0.000000e+00 4.607563e-05 0.000000e+00)
0.446         	9.299006e-07	(0.000000e+00 4.607563e-05 0.000000e+00)
0.447         	9.274863e-07	(0.000000e+00 4.607563e-05 0.000000e+00)
0.448         	9.250815e-07	(0.000000e+00 4.607563e-05 0.000000e+00)
0.449         	9.226935e-07	(0.000000e+00 4.607563e-05 0.000000e+00)
0.45          	9.203197e-07	(0.000000e+00 4.607563e-05 0.000000e+00)
0.451         	9.179610e-07	(0.000000e+00 4.607563e-05 0.000000e+00)
0.452         	9.156181e-07	(0.000000e+00 4.607563e-05 0.000000e+00)
0.453         	9.132869e-07	(0.000000e+00 4.607563e-05 0.000000e+00)
0.454         	9.109715e-07	(0.000000e+00 4.607563e-05 0.000000e+00)
0.455         	9.086693e-07	(0.000000e+00 4.607563e-05 0.000000e+00)
0.456         	9.063781e-07	(0.000000e+00 4.607563e-05 0.000000e+00)
0.457         	9.040998e-07	(0.000000e+00 4.607563e-05 0.000000e+00)
0.458         	9.018482e-07	(0.000000e+00 4.607563e-05 0.000000e+00)
0.459         	8.995809e-07	(0.000000e+00 4.607563e-05 0.000000e+00)
0.46          	8.973525e-07	(0.000000e+00 4.607563e-05 0.000000e+00)
0.461         	8.951266e-07	(0.000000e+00 4.607563e-05 0.000000e+00)
0.462         	8.929119e-07	(0.000000e+00 4.607563e-05 0.000000e+00)
0.463         	8.907145e-07	(0.000000e+00 4.607563e-05 0.000000e+00)
0.464         	8.885281e-07	(0.000000e+00 4.607563e-05 0.000000e+00)
0.465         	8.863560e-07	(0.000000e+00 4.607563e-05 0.000000e+00)
0.466         	8.841949e-07	(0.000000e+00 4.607563e-05 0.000000e+00)
0.467         	8.820475e-07	(0.000000e+00 4.607563e-05 0.000000e+00)
0.468         	8.799140e-07	(0.000000e+00 4.607563e-05 0.000000e+00)
0.469         	8.777913e-07	(0.000000e+00 4.607563e-05 0.000000e+00)
0.47          	8.756755e-07	(0.000000e+00 4.607563e-05 0.000000e+00)
0.471         	8.735718e-07	(0.000000e+00 4.607563e-05 0.000000e+00)
0.472         	8.714822e-07	(0.000000e+00 4.607563e-05 0.000000e+00)
0.473         	8.694038e-07	(0.000000e+00 4.607563e-05 0.000000e+00)
0.474         	8.673402e-07	(0.000000e+00 4.607563e-05 0.000000e+00)
0.475         	8.652880e-07	(0.000000e+00 4.607563e-05 0.000000e+00)
0.476         	8.632493e-07	(0.000000e+00 4.607563e-05 0.000000e+00)
0.477         	8.612211e-07	(0.000000e+00 4.607563e-05 0.000000e+00)
0.478         	8.592057e-07	(0.000000e+00 4.607563e-05 0.000000e+00)
0.479         	8.572023e-07	(0.000000e+00 4.607563e-05 0.000000e+00)
0.48          	8.552092e-07	(0.000000e+00 4.607563e-05 0.000000e+00)
0.481         	8.532261e-07	(0.000000e+00 4.607563e-05 0.000000e+00)
0.482         	8.512590e-07	(0.000000e+00 4.607563e-05 0.000000e+00)
0.483         	8.493001e-07	(0.000000e+00 4.607563e-05 0.000000e+00)
0.484         	8.473499e-07	(0.000000e+00 4.607563e-05 0.000000e+00)
0.485         	8.454121e-07	(0.000000e+00 4.607563e-05 0.000000e+00)
0.486         	8.434836e-07	(0.000000e+00 4.607563e-05 0.000000e+00)
0.487         	8.415688e-07	(0.000000e+00 4.607563e-05 0.000000e+00)
0.488         	8.396632e-07	(0.000000e+00 4.607563e-05 0.000000e+00)
0.489         	8.377665e-07	(0.000000e+00 4.607563e-05 0.000000e+00)
0.49          	8.358824e-07	(0.000000e+00 4.607563e-05 0.000000e+00)
0.491         	8.340107e-07	(0.000000e+00 4.607563e-05 0.000000e+00)
0.492         	8.321481e-07	(0.000000e+00 4.607563e-05 0.000000e+00)
0.493         	8.302957e-07	(0.000000e+00 4.607563e-05 0.000000e+00)
0.494         	8.284537e-07	(0.000000e+00 4.607563e-05 0.000000e+00)
0.495         	8.266220e-07	(0.000000e+00 4.607563e-05 0.000000e+00)
0.496         	8.248003e-07	(0.000000e+00 4.607563e-05 0.000000e+00)
0.497         	8.229895e-07	(0.000000e+00 4.607563e-05 0.000000e+00)
0.498         	8.212957e-07	(0.000000e+00 4.607563e-05 0.000000e+00)
0.499         	8.192952e-07	(0.000000e+00 4.607563e-05 0.000000e+00)
0.5           	8.177161e-07	(0.000000e+00 4.607563e-05 0.000000e+00)
0.501         	8.157366e-07	(0.000000e+00 4.607563e-05 0.000000e+00)
0.502         	8.141809e-07	(0.000000e+00 4.607563e-05 0.000000e+00)
0.503         	8.122257e-07	(0.000000e+00 4.607563e-05 0.000000e+00)
0.504         	8.106853e-07	(0.000000e+00 4.607563e-05 0.000000e+00)
0.505         	8.087483e-07	(0.000000e+00 4.607563e-05 0.000000e+00)
0.506         	8.072274e-07	(0.000000e+00 4.607563e-05 0.000000e+00)
0.507         	8.053043e-07	(0.000000e+00 4.607563e-05 0.000000e+00)
0.508         	8.038065e-07	(0.000000e+00 4.607563e-05 0.000000e+00)
0.509         	8.019026e-07	(0.000000e+00 4.607563e-05 0.000000e+00)
0.51          	8.004173e-07	(0.000000e+00 4.607563e-05 0.000000e+00)
0.511         	7.985352e-07	(0.000000e+00 4.607563e-05 0.000000e+00)
0.512         	7.970648e-07	(0.000000e+00 4.607563e-05 0.000000e+00)
0.513         	7.952144e-07	(0.000000e+00 4.607563e-05 0.000000e+00)
0.514         	7.937571e-07	(0.000000e+00 4.607563e-05 0.000000e+00)
0.515         	7.919220e-07	(0.000000e+00 4.607563e-05 0.000000e+00)
0.516         	7.904832e-07	(0.000000e+00 4.607563e-05 0.000000e+00)
0.517         	7.887701e-07	(0.000000e+00 4.607563e-05 0.000000e+00)
0.518         	7.871465e-07	(0.000000e+00 4.607563e-05 0.000000e+00)
0.519         	7.855420e-07	(0.000000e+00 4.607563e-05 0.000000e+00)
0.52          	7.839410e-07	(0.000000e+00 4.607563e-05 0.000000e+00)
0.521         	7.823525e-07	(0.000000e+00 4.607563e-05 0.000000e+00)
0.522         	7.807734e-07	(0.000000e+00 4.607563e-05 0.000000e+00)
0.523         	7.792012e-07	(0.000000e+00 4.607563e-05 0.000000e+00)
0.524         	7.776381e-07	(0.000000e+00 4.607563e-05 0.000000e+00)
0.525         	7.760759e-07	(0.000000e+00 4.607563e-05 0.000000e+00)
0.526         	7.745271e-07	(0.000000e+00 4.607563e-05 0.000000e+00)
0.527         	7.729943e-07	(0.000000e+00 4.607563e-05 0.000000e+00)
0.528         	7.714662e-07	(0.000000e+00 4.607563e-05 0.000000e+00)
0.529         	7.699397e-07	(0.000000e+00 4.607563e-05 0.000000e+00)
0.53          	7.684257e-07	(0.000000e+00 4.607563e-05 0.000000e+00)
0.531         	7.669280e-07	(0.000000e+00 4.607563e-05 0.000000e+00)
0.532         	7.654219e-07	(0.000000e+00 4.607563e-05 0.000000e+00)
0.533         	7.639322e-07	(0.000000e+00 4.607563e-05 0.000000e+00)
0.534         	7.624507e-07	(0.000000e+00 4.607563e-05 0.000000e+00)
0.535         	7.609748e-07	(0.000000e+00 4.607563e-05 0.000000e+00)
0.536         	7.595096e-07	(0.000000e+00 4.607563e-05 0.000000e+00)
0.537         	7.580483e-07	(0.000000e+00 4.607563e-05 0.000000e+00)
0.538         	7.565964e-07	(0.000000e+00 4.607563e-05 0.000000e+00)
0.539         	7.551552e-07	(0.000000e+00 4.607563e-05 0.000000e+00)
0.54          	7.537152e-07	(0.000000e+00 4.607563e-05 0.000000e+00)
0.541         	7.522883e-07	(0.000000e+00 4.607563e-05 0.000000e+00)
0.542         	7.508613e-07	(0.000000e+00 4.607563e-05 0.000000e+00)
0.543         	7.494490e-07	(0.000000e+00 4.607563e-05 0.000000e+00)
0.544         	7.480438e-07	(0.000000e+00 4.607563e-05 0.000000e+00)
0.545         	7.466402e-07	(0.000000e+00 4.607563e-05 0.000000e+00)
0.546         	7.452543e-07	(0.000000e+00 4.607563e-05 0.000000e+00)
0.547         	7.438563e-07	(0.000000e+00 4.607563e-05 0.000000e+00)
0.548         	7.424883e-07	(0.000000e+00 4.607563e-05 0.000000e+00)
0.549         	7.411102e-07	(0.000000e+00 4.607563e-05 0.000000e+00)
0.55          	7.397489e-07	(0.000000e+00 4.607563e-05 0.000000e+00)
0.551         	7.383933e-07	(0.000000e+00 4.607563e-05 0.000000e+00)
0.552         	7.370417e-07	(0.000000e+00 4.607563e-05 0.000000e+00)
0.553         	7.357006e-07	(0.000000e+00 4.607563e-05 0.000000e+00)
0.554         	7.343632e-07	(0.000000e+00 4.607563e-05 0.000000e+00)
0.555         	7.330353e-07	(0.000000e+00 4.607563e-05 0.000000e+00)
0.556         	7.317207e-07	(0.000000e+00 4.607563e-05 0.000000e+00)
0.557         	7.303842e-07	(0.000000e+00 4.607563e-05 0.000000e+00)
0.558         	7.290874e-07	(0.000000e+00 4.607563e-05 0.000000e+00)
0.559         	7.277926e-07	(0.000000e+00 4.607563e-05 0.000000e+00)
0.56          	7.264884e-07	(0.000000e+00 4.607563e-05 0.000000e+00)
0.561         	7.252053e-07	(0.000000e+00 4.607563e-05 0.000000e+00)
0.562         	7.239213e-07	(0.000000e+00 4.607563e-05 0.000000e+00)
0.563         	7.226493e-07	(0.000000e+00 4.607563e-05 0.000000e+00)
0.564         	7.213751e-07	(0.000000e+00 4.607563e-05 0.000000e+00)
0.565         	7.201145e-07	(0.000000e+00 4.607563e-05 0.000000e+00)
0.566         	7.188595e-07	(0.000000e+00 4.607563e-05 0.000000e+00)
0.567         	7.176120e-07	(0.000000e+00 4.607563e-05 0.000000e+00)
0.568         	7.163638e-07	(0.000000e+00 4.607563e-05 0.000000e+00)
0.569         	7.151310e-07	(0.000000e+00 4.607563e-05 0.000000e+00)
0.57          	7.138993e-07	(0.000000e+00 4.607563e-05 0.000000e+00)
0.571         	7.126649e-07	(0.000000e+00 4.607563e-05 0.000000e+00)
0.572         	7.114485e-07	(0.000000e+00 4.607563e-05 0.000000e+00)
0.573         	7.102361e-07	(0.000000e+00 4.607563e-05 0.000000e+00)
0.574         	7.090281e-07	(0.000000e+00 4.607563e-05 0.000000e+00)
0.575         	7.078345e-07	(0.000000e+00 4.607563e-05 0.000000e+00)
0.576         	7.066354e-07	(0.000000e+00 4.607563e-05 0.000000e+00)
0.577         	7.054414e-07	(0.000000e+00 4.607563e-05 0.000000e+00)
0.578         	7.042602e-07	(0.000000e+00 4.607563e-05 0.000000e+00)
0.579         	7.030865e-07	(0.000000e+00 4.607563e-05 0.000000e+00)
0.58          	7.019075e-07	(0.000000e+00 4.607563e-05 0.000000e+00)
0.581         	7.007462e-07	(0.000000e+00 4.607563e-05 0.000000e+00)
0.582         	6.995854e-07	(0.000000e+00 4.607563e-05 0.000000e+00)
0.583         	6.984354e-07	(0.000000e+00 4.607563e-05 0.000000e+00)
0.584         	6.972848e-07	(0.000000e+00 4.607563e-05 0.000000e+00)
0.585         	6.961463e-07	(0.000000e+00 4.607563e-05 0.000000e+00)
0.586         	6.949956e-07	(0.000000e+00 4.607563e-05 0.000000e+00)
0.587         	6.938708e-07	(0.000000e+00 4.607563e-05 0.000000e+00)
0.588         	6.927494e-07	(0.000000e+00 4.607563e-05 0.000000e+00)
0.589         	6.916217e-07	(0.000000e+00 4.607563e-05 0.000000e+00)
0.59          	6.905115e-07	(0.000000e+00 4.607563e-05 0.000000e+00)
0.591         	6.894057e-07	(0.000000e+00 4.607563e-05 0.000000e+00)
0.592         	6.882910e-07	(0.000000e+00 4.607563e-05 0.000000e+00)
0.593         	6.871963e-07	(0.000000e+00 4.607563e-05 0.000000e+00)
0.594         	6.861050e-07	(0.000000e+00 4.607563e-05 0.000000e+00)
0.595         	6.850097e-07	(0.000000e+00 4.607563e-05 0.000000e+00)
0.596         	6.839301e-07	(0.000000e+00 4.607563e-05 0.000000e+00)
0.597         	6.828538e-07	(0.000000e+00 4.607563e-05 0.000000e+00)
0.598         	6.817825e-07	(0.000000e+00 4.607563e-05 0.000000e+00)
0.599         	6.807167e-07	(0.000000e+00 4.607563e-05 0.000000e+00)
0.6           	6.796511e-07	(0.000000e+00 4.607563e-05 0.000000e+00)
0.601         	6.785870e-07	(0.000000e+00 4.607563e-05 0.000000e+00)
0.602         	6.775397e-07	(0.000000e+00 4.607563e-05 0.000000e+00)
0.603         	6.764950e-07	(0.000000e+00 4.607563e-05 0.000000e+00)
0.604         	6.754499e-07	(0.000000e+00 4.607563e-05 0.000000e+00)
0.605         	6.744153e-07	(0.000000e+00 4.607563e-05 0.000000e+00)
0.606         	6.733837e-07	(0.000000e+00 4.607563e-05 0.000000e+00)
0.607         	6.723572e-07	(0.000000e+00 4.607563e-05 0.000000e+00)
0.608         	6.713348e-07	(0.000000e+00 4.607563e-05 0.000000e+00)
0.609         	6.703168e-07	(0.000000e+00 4.607563e-05 0.000000e+00)
0.61          	6.693068e-07	(0.000000e+00 4.607563e-05 0.000000e+00)
0.611         	6.682997e-07	(0.000000e+00 4.607563e-05 0.000000e+00)
0.612         	6.672981e-07	(0.000000e+00 4.607563e-05 0.000000e+00)
0.613         	6.663037e-07	(0.000000e+00 4.607563e-05 0.000000e+00)
0.614         	6.652999e-07	(0.000000e+00 4.607563e-05 0.000000e+00)
0.615         	6.643163e-07	(0.000000e+00 4.607563e-05 0.000000e+00)
0.616         	6.633330e-07	(0.000000e+00 4.607563e-05 0.000000e+00)
0.617         	6.623537e-07	(0.000000e+00 4.607563e-05 0.000000e+00)
0.618         	6.613767e-07	(0.000000e+00 4.607563e-05 0.000000e+00)
0.619         	6.604099e-07	(0.000000e+00 4.607563e-05 0.000000e+00)
0.62          	6.594458e-07	(0.000000e+00 4.607563e-05 0.000000e+00)
0.621         	6.584873e-07	(0.000000e+00 4.607563e-05 0.000000e+00)
0.622         	6.575202e-07	(0.000000e+00 4.607563e-05 0.000000e+00)
0.623         	6.565761e-07	(0.000000e+00 4.607563e-05 0.000000e+00)
0.624         	6.556175e-07	(0.000000e+00 4.607563e-05 0.000000e+00)
0.625         	6.546789e-07	(0.000000e+00 4.607563e-05 0.000000e+00)
0.626         	6.537438e-07	(0.000000e+00 4.607563e-05 0.000000e+00)
0.627         	6.528070e-07	(0.000000e+00 4.607563e-05 0.000000e+00)
0.628         	6.518769e-07	(0.000000e+00 4.607563e-05 0.000000e+00)
0.629         	6.509542e-07	(0.000000e+00 4.607563e-05 0.000000e+00)
0.63          	6.500275e-07	(0.000000e+00 4.607563e-05 0.000000e+00)
0.631         	6.491175e-07	(0.000000e+00 4.607563e-05 0.000000e+00)
0.632         	6.481930e-07	(0.000000e+00 4.607563e-05 0.000000e+00)
0.633         	6.472871e-07	(0.000000e+00 4.607563e-05 0.000000e+00)
0.634         	6.463871e-07	(0.000000e+00 4.607563e-05 0.000000e+00)
0.635         	6.454856e-07	(0.000000e+00 4.607563e-05 0.000000e+00)
0.636         	6.445825e-07	(0.000000e+00 4.607563e-05 0.000000e+00)
0.637         	6.436997e-07	(0.000000e+00 4.607563e-05 0.000000e+00)
0.638         	6.428043e-07	(0.000000e+00 4.607563e-05 0.000000e+00)
0.639         	6.419253e-07	(0.000000e+00 4.607563e-05 0.000000e+00)
0.64          	6.410429e-07	(0.000000e+00 4.607563e-05 0.000000e+00)
0.641         	6.401796e-07	(0.000000e+00 4.607563e-05 0.000000e+00)
0.642         	6.392923e-07	(0.000000e+00 4.607563e-05 0.000000e+00)
0.643         	6.384217e-07	(0.000000e+00 4.607563e-05 0.000000e+00)
0.644         	6.375570e-07	(0.000000e+00 4.607563e-05 0.000000e+00)
0.645         	6.367027e-07	(0.000000e+00 4.607563e-05 0.000000e+00)
0.646         	6.358455e-07	(0.000000e+00 4.607563e-05 0.000000e+00)
0.647         	6.349944e-07	(0.000000e+00 4.607563e-05 0.000000e+00)
0.648         	6.341451e-07	(0.000000e+00 4.607563e-05 0.000000e+00)
0.649         	6.332985e-07	(0.000000e+00 4.607563e-05 0.000000e+00)
0.65          	6.324560e-07	(0.000000e+00 4.607563e-05 0.000000e+00)
0.651         	6.316254e-07	(0.000000e+00 4.607563e-05 0.000000e+00)
0.652         	6.307901e-07	(0.000000e+00 4.607563e-05 0.000000e+00)
0.653         	6.299630e-07	(0.000000e+00 4.607563e-05 0.000000e+00)
0.654         	6.291311e-07	(0.000000e+00 4.607563e-05 0.000000e+00)
0.655         	6.283111e-07	(0.000000e+00 4.607563e-05 0.000000e+00)
0.656         	6.274967e-07	(0.000000e+00 4.607563e-05 0.000000e+00)
0.657         	6.266685e-07	(0.000000e+00 4.607563e-05 0.000000e+00)
0.658         	6.258671e-07	(0.000000e+00 4.607563e-05 0.000000e+00)
0.659         	6.250597e-07	(0.000000e+00 4.607563e-05 0.000000e+00)
0.66          	6.242541e-07	(0.000000e+00 4.607563e-05 0.000000e+00)
0.661         	6.234483e-07	(0.000000e+00 4.607563e-05 0.000000e+00)
0.662         	6.226526e-07	(0.000000e+00 4.607563e-05 0.000000e+00)
0.663         	6.218599e-07	(0.000000e+00 4.607563e-05 0.000000e+00)
0.664         	6.210693e-07	(0.000000e+00 4.607563e-05 0.000000e+00)
0.665         	6.202764e-07	(0.000000e+00 4.607563e-05 0.000000e+00)
0.666         	6.194953e-07	(0.000000e+00 4.607563e-05 0.000000e+00)
0.667         	6.187168e-07	(0.000000e+00 4.607563e-05 0.000000e+00)
0.668         	6.179424e-07	(0.000000e+00 4.607563e-05 0.000000e+00)
0.669         	6.171698e-07	(0.000000e+00 4.607563e-05 0.000000e+00)
0.67          	6.164025e-07	(0.000000e+00 4.607563e-05 0.000000e+00)
0.671         	6.156340e-07	(0.000000e+00 4.607563e-05 0.000000e+00)
0.672         	6.148691e-07	(0.000000e+00 4.607563e-05 0.000000e+00)
0.673         	6.141094e-07	(0.000000e+00 4.607563e-05 0.000000e+00)
0.674         	6.133553e-07	(0.000000e+00 4.607563e-05 0.000000e+00)
0.675         	6.126005e-07	(0.000000e+00 4.607563e-05 0.000000e+00)
0.676         	6.118540e-07	(0.000000e+00 4.607563e-05 0.000000e+00)
0.677         	6.111060e-07	(0.000000e+00 4.607563e-05 0.000000e+00)
0.678         	6.103704e-07	(0.000000e+00 4.607563e-05 0.000000e+00)
0.679         	6.096153e-07	(0.000000e+00 4.607563e-05 0.000000e+00)
0.68          	6.088839e-07	(0.000000e+00 4.607563e-05 0.000000e+00)
0.681         	6.081555e-07	(0.000000e+00 4.607563e-05 0.000000e+00)
0.682         	6.074210e-07	(0.000000e+00 4.607563e-05 0.000000e+00)
0.683         	6.066952e-07	(0.000000e+00 4.607563e-05 0.000000e+00)
0.684         	6.059710e-07	(0.000000e+00 4.607563e-05 0.000000e+00)
0.685         	6.052495e-07	(0.000000e+00 4.607563e-05 0.000000e+00)
0.686         	6.045344e-07	(0.000000e+00 4.607563e-05 0.000000e+00)
0.687         	6.038144e-07	(0.000000e+00 4.607563e-05 0.000000e+00)
0.688         	6.031038e-07	(0.000000e+00 4.607563e-05 0.000000e+00)
0.689         	6.023935e-07	(0.000000e+00 4.607563e-05 0.000000e+00)
0.69          	6.016893e-07	(0.000000e+00 4.607563e-05 0.000000e+00)
0.691         	6.009908e-07	(0.000000e+00 4.607563e-05 0.000000e+00)
0.692         	6.002872e-07	(0.000000e+00 4.607563e-05 0.000000e+00)
0.693         	5.995880e-07	(0.000000e+00 4.607563e-05 0.000000e+00)
0.694         	5.988959e-07	(0.000000e+00 4.607563e-05 0.000000e+00)
0.695         	5.982042e-07	(0.000000e+00 4.607563e-05 0.000000e+00)
0.696         	5.975198e-07	(0.000000e+00 4.607563e-05 0.000000e+00)
0.697         	5.968302e-07	(0.000000e+00 4.607563e-05 0.000000e+00)
0.698         	5.961518e-07	(0.000000e+00 4.607563e-05 0.000000e+00)
0.699         	5.954690e-07	(0.000000e+00 4.607563e-05 0.000000e+00)
0.7           	5.947933e-07	(0.000000e+00 4.607563e-05 0.000000e+00)
0.701         	5.941196e-07	(0.000000e+00 4.607563e-05 0.000000e+00)
0.702         	5.934490e-07	(0.000000e+00 4.607563e-05 0.000000e+00)
0.703         	5.927784e-07	(0.000000e+00 4.607563e-05 0.000000e+00)
0.704         	5.921127e-07	(0.000000e+00 4.607563e-05 0.000000e+00)
0.705         	5.914499e-07	(0.000000e+00 4.607563e-05 0.000000e+00)
0.706         	5.907945e-07	(0.000000e+00 4.607563e-05 0.000000e+00)
0.707         	5.901294e-07	(0.000000e+00 4.607563e-05 0.000000e+00)
0.708         	5.894755e-07	(0.000000e+00 4.607563e-05 0.000000e+00)
0.709         	5.888291e-07	(0.000000e+00 4.607563e-05 0.000000e+00)
0.71          	5.881765e-07	(0.000000e+00 4.607563e-05 0.000000e+00)
0.711         	5.875316e-07	(0.000000e+00 4.607563e-05 0.000000e+00)
0.712         	5.868884e-07	(0.000000e+00 4.607563e-05 0.000000e+00)
0.713         	5.862458e-07	(0.000000e+00 4.607563e-05 0.000000e+00)
0.714         	5.855969e-07	(0.000000e+00 4.607563e-05 0.000000e+00)
0.715         	5.849692e-07	(0.000000e+00 4.607563e-05 0.000000e+00)
0.716         	5.843365e-07	(0.000000e+00 4.607563e-05 0.000000e+00)
0.717         	5.837064e-07	(0.000000e+00 4.607563e-05 0.000000e+00)
0.718         	5.830763e-07	(0.000000e+00 4.607563e-05 0.000000e+00)
0.719         	5.824547e-07	(0.000000e+00 4.607563e-05 0.000000e+00)
0.72          	5.818305e-07	(0.000000e+00 4.607563e-05 0.000000e+00)
0.721         	5.812111e-07	(0.000000e+00 4.607563e-05 0.000000e+00)
0.722         	5.805885e-07	(0.000000e+00 4.607563e-05 0.000000e+00)
0.723         	5.799742e-07	(0.000000e+00 4.607563e-05 0.000000e+00)
0.724         	5.793583e-07	(0.000000e+00 4.607563e-05 0.000000e+00)
0.725         	5.787556e-07	(0.000000e+00 4.607563e-05 0.000000e+00)
0.726         	5.781379e-07	(0.000000e+00 4.607563e-05 0.000000e+00)
0.727         	5.775309e-07	(0.000000e+00 4.607563e-05 0.000000e+00)
0.728         	5.769392e-07	(0.000000e+00 4.607563e-05 0.000000e+00)
0.729         	5.763216e-07	(0.000000e+00 4.607563e-05 0.000000e+00)
0.73          	5.757342e-07	(0.000000e+00 4.607563e-05 0.000000e+00)
0.731         	5.751365e-07	(0.000000e+00 4.607563e-05 0.000000e+00)
0.732         	5.745501e-07	(0.000000e+00 4.607563e-05 0.000000e+00)
0.733         	5.739629e-07	(0.000000e+00 4.607563e-05 0.000000e+00)
0.734         	5.733445e-07	(0.000000e+00 4.607563e-05 0.000000e+00)
0.735         	5.727752e-07	(0.000000e+00 4.607563e-05 0.000000e+00)
0.736         	5.721937e-07	(0.000000e+00 4.607563e-05 0.000000e+00)
0.737         	5.716105e-07	(0.000000e+00 4.607563e-05 0.000000e+00)
0.738         	5.710291e-07	(0.000000e+00 4.607563e-05 0.000000e+00)
0.739         	5.704519e-07	(0.000000e+00 4.607563e-05 0.000000e+00)
0.74          	5.698765e-07	(0.000000e+00 4.607563e-05 0.000000e+00)
0.741         	5.693069e-07	(0.000000e+00 4.607563e-05 0.000000e+00)
0.742         	5.687322e-07	(0.000000e+00 4.607563e-05 0.000000e+00)
0.743         	5.681629e-07	(0.000000e+00 4.607563e-05 0.000000e+00)
0.744         	5.675984e-07	(0.000000e+00 4.607563e-05 0.000000e+00)
0.745         	5.670360e-07	(0.000000e+00 4.607563e-05 0.000000e+00)
0.746         	5.664741e-07	(0.000000e+00 4.607563e-05 0.000000e+00)
0.747         	5.659147e-07	(0.000000e+00 4.607563e-05 0.000000e+00)
0.748         	5.653525e-07	(0.000000e+00 4.607563e-05 0.000000e+00)
0.749         	5.647976e-07	(0.000000e+00 4.607563e-05 0.000000e+00)
0.75          	5.642459e-07	(0.000000e+00 4.607563e-05 0.000000e+00)
0.751         	5.636951e-07	(0.000000e+00 4.607563e-05 0.000000e+00)
0.752         	5.631471e-07	(0.000000e+00 4.607563e-05 0.000000e+00)
0.753         	5.625982e-07	(0.000000e+00 4.607563e-05 0.000000e+00)
0.754         	5.620553e-07	(0.000000e+00 4.607563e-05 0.000000e+00)
0.755         	5.615128e-07	(0.000000e+00 4.607563e-05 0.000000e+00)
0.756         	5.609748e-07	(0.000000e+00 4.607563e-05 0.000000e+00)
0.757         	5.604325e-07	(0.000000e+00 4.607563e-05 0.000000e+00)
0.758         	5.598958e-07	(0.000000e+00 4.607563e-05 0.000000e+00)
0.759         	5.593651e-07	(0.000000e+00 4.607563e-05 0.000000e+00)
0.76          	5.588297e-07	(0.000000e+00 4.607563e-05 0.000000e+00)
0.761         	5.583011e-07	(0.000000e+00 4.607563e-05 0.000000e+00)
0.762         	5.577691e-07	(0.000000e+00 4.607563e-05 0.000000e+00)
0.763         	5.572417e-07	(0.000000e+00 4.607563e-05 0.000000e+00)
0.764         	5.567170e-07	(0.000000e+00 4.607563e-05 0.000000e+00)
0.765         	5.561987e-07	(0.000000e+00 4.607563e-05 0.000000e+00)
0.766         	5.556766e-07	(0.000000e+00 4.607563e-05 0.000000e+00)
0.767         	5.551578e-07	(0.000000e+00 4.607563e-05 0.000000e+00)
0.768         	5.546456e-07	(0.000000e+00 4.607563e-05 0.000000e+00)
0.769         	5.541265e-07	(0.000000e+00 4.607563e-05 0.000000e+00)
0.77          	5.536139e-07	(0.000000e+00 4.607563e-05 0.000000e+00)
0.771         	5.531040e-07	(0.000000e+00 4.607563e-05 0.000000e+00)
0.772         	5.525949e-07	(0.000000e+00 4.607563e-05 0.000000e+00)
0.773         	5.520891e-07	(0.000000e+00 4.607563e-05 0.000000e+00)
0.774         	5.515836e-07	(0.000000e+00 4.607563e-05 0.000000e+00)
0.775         	5.510774e-07	(0.000000e+00 4.607563e-05 0.000000e+00)
0.776         	5.505801e-07	(0.000000e+00 4.607563e-05 0.000000e+00)
0.777         	5.500772e-07	(0.000000e+00 4.607563e-05 0.000000e+00)
0.778         	5.495822e-07	(0.000000e+00 4.607563e-05 0.000000e+00)
0.779         	5.490893e-07	(0.000000e+00 4.607563e-05 0.000000e+00)
0.78          	5.485932e-07	(0.000000e+00 4.607563e-05 0.000000e+00)
0.781         	5.481023e-07	(0.000000e+00 4.607563e-05 0.000000e+00)
0.782         	5.476143e-07	(0.000000e+00 4.607563e-05 0.000000e+00)
0.783         	5.471208e-07	(0.000000e+00 4.607563e-05 0.000000e+00)
0.784         	5.466409e-07	(0.000000e+00 4.607563e-05 0.000000e+00)
0.785         	5.461468e-07	(0.000000e+00 4.607563e-05 0.000000e+00)
0.786         	5.456686e-07	(0.000000e+00 4.607563e-05 0.000000e+00)
0.787         	5.451867e-07	(0.000000e+00 4.607563e-05 0.000000e+00)
0.788         	5.447103e-07	(0.000000e+00 4.607563e-05 0.000000e+00)
0.789         	5.442304e-07	(0.000000e+00 4.607563e-05 0.000000e+00)
0.79          	5.437535e-07	(0.000000e+00 4.607563e-05 0.000000e+00)
0.791         	5.432760e-07	(0.000000e+00 4.607563e-05 0.000000e+00)
0.792         	5.428092e-07	(0.000000e+00 4.607563e-05 0.000000e+00)
0.793         	5.423338e-07	(0.000000e+00 4.607563e-05 0.000000e+00)
0.794         	5.418631e-07	(0.000000e+00 4.607563e-05 0.000000e+00)
0.795         	5.413979e-07	(0.000000e+00 4.607563e-05 0.000000e+00)
0.796         	5.409313e-07	(0.000000e+00 4.607563e-05 0.000000e+00)
0.797         	5.404685e-07	(0.000000e+00 4.607563e-05 0.000000e+00)
0.798         	5.400074e-07	(0.000000e+00 4.607563e-05 0.000000e+00)
0.799         	5.395400e-07	(0.000000e+00 4.607563e-05 0.000000e+00)
0.8           	5.390830e-07	(0.000000e+00 4.607563e-05 0.000000e+00)
0.801         	5.386262e-07	(0.000000e+00 4.607563e-05 0.000000e+00)
0.802         	5.381730e-07	(0.000000e+00 4.607563e-05 0.000000e+00)
0.803         	5.377170e-07	(0.000000e+00 4.607563e-05 0.000000e+00)
0.804         	5.372674e-07	(0.000000e+00 4.607563e-05 0.000000e+00)
0.805         	5.368092e-07	(0.000000e+00 4.607563e-05 0.000000e+00)
0.806         	5.363632e-07	(0.000000e+00 4.607563e-05 0.000000e+00)
0.807         	5.359146e-07	(0.000000e+00 4.607563e-05 0.000000e+00)
0.808         	5.354711e-07	(0.000000e+00 4.607563e-05 0.000000e+00)
0.809         	5.350251e-07	(0.000000e+00 4.607563e-05 0.000000e+00)
0.81          	5.345829e-07	(0.000000e+00 4.607563e-05 0.000000e+00)
0.811         	5.341404e-07	(0.000000e+00 4.607563e-05 0.000000e+00)
0.812         	5.336993e-07	(0.000000e+00 4.607563e-05 0.000000e+00)
0.813         	5.332629e-07	(0.000000e+00 4.607563e-05 0.000000e+00)
0.814         	5.328249e-07	(0.000000e+00 4.607563e-05 0.000000e+00)
0.815         	5.323904e-07	(0.000000e+00 4.607563e-05 0.000000e+00)
0.816         	5.319537e-07	(0.000000e+00 4.607563e-05 0.000000e+00)
0.817         	5.315226e-07	(0.000000e+00 4.607563e-05 0.000000e+00)
0.818         	5.310913e-07	(0.000000e+00 4.607563e-05 0.000000e+00)
0.819         	5.306604e-07	(0.000000e+00 4.607563e-05 0.000000e+00)
0.82          	5.302344e-07	(0.000000e+00 4.607563e-05 0.000000e+00)
0.821         	5.298074e-07	(0.000000e+00 4.607563e-05 0.000000e+00)
0.822         	5.293866e-07	(0.000000e+00 4.607563e-05 0.000000e+00)
0.823         	5.289562e-07	(0.000000e+00 4.607563e-05 0.000000e+00)
0.824         	5.285379e-07	(0.000000e+00 4.607563e-05 0.000000e+00)
0.825         	5.281185e-07	(0.000000e+00 4.607563e-05 0.000000e+00)
0.826         	5.277001e-07	(0.000000e+00 4.607563e-05 0.000000e+00)
0.827         	5.272793e-07	(0.000000e+00 4.607563e-05 0.000000e+00)
0.828         	5.268659e-07	(0.000000e+00 4.607563e-05 0.000000e+00)
0.829         	5.264496e-07	(0.000000e+00 4.607563e-05 0.000000e+00)
0.83          	5.260365e-07	(0.000000e+00 4.607563e-05 0.000000e+00)
0.831         	5.256230e-07	(0.000000e+00 4.607563e-05 0.000000e+00)
0.832         	5.252143e-07	(0.000000e+00 4.607563e-05 0.000000e+00)
0.833         	5.248057e-07	(0.000000e+00 4.607563e-05 0.000000e+00)
0.834         	5.243951e-07	(0.000000e+00 4.607563e-05 0.000000e+00)
0.835         	5.239889e-07	(0.000000e+00 4.607563e-05 0.000000e+00)
0.836         	5.235806e-07	(0.000000e+00 4.607563e-05 0.000000e+00)
0.837         	5.231807e-07	(0.000000e+00 4.607563e-05 0.000000e+00)
0.838         	5.227768e-07	(0.000000e+00 4.607563e-05 0.000000e+00)
0.839         	5.223770e-07	(0.000000e+00 4.607563e-05 0.000000e+00)
0.84          	5.219786e-07	(0.000000e+00 4.607563e-05 0.000000e+00)
0.841         	5.215770e-07	(0.000000e+00 4.607563e-05 0.000000e+00)
0.842         	5.211783e-07	(0.000000e+00 4.607563e-05 0.000000e+00)
0.843         	5.207839e-07	(0.000000e+00 4.607563e-05 0.000000e+00)
0.844         	5.203908e-07	(0.000000e+00 4.607563e-05 0.000000e+00)
0.845         	5.199975e-07	(0.000000e+00 4.607563e-05 0.000000e+00)
0.846         	5.196014e-07	(0.000000e+00 4.607563e-05 0.000000e+00)
0.847         	5.192103e-07	(0.000000e+00 4.607563e-05 0.000000e+00)
0.848         	5.188252e-07	(0.000000e+00 4.607563e-05 0.000000e+00)
0.849         	5.184364e-07	(0.000000e+00 4.607563e-05 0.000000e+00)
0.85          	5.180476e-07	(0.000000e+00 4.607563e-05 0.000000e+00)
0.851         	5.176654e-07	(0.000000e+00 4.607563e-05 0.000000e+00)
0.852         	5.172791e-07	(0.000000e+00 4.607563e-05 0.000000e+00)
0.853         	5.168966e-07	(0.000000e+00 4.607563e-05 0.000000e+00)
0.854         	5.165159e-07	(0.000000e+00 4.607563e-05 0.000000e+00)
0.855         	5.161352e-07	(0.000000e+00 4.607563e-05 0.000000e+00)
0.856         	5.157574e-07	(0.000000e+00 4.607563e-05 0.000000e+00)
0.857         	5.153777e-07	(0.000000e+00 4.607563e-05 0.000000e+00)
0.858         	5.150026e-07	(0.000000e+00 4.607563e-05 0.000000e+00)
0.859         	5.146277e-07	(0.000000e+00 4.607563e-05 0.000000e+00)
0.86          	5.142500e-07	(0.000000e+00 4.607563e-05 0.000000e+00)
0.861         	5.138775e-07	(0.000000e+00 4.607563e-05 0.000000e+00)
0.862         	5.135083e-07	(0.000000e+00 4.607563e-05 0.000000e+00)
0.863         	5.131364e-07	(0.000000e+00 4.607563e-05 0.000000e+00)
0.864         	5.127661e-07	(0.000000e+00 4.607563e-05 0.000000e+00)
0.865         	5.123986e-07	(0.000000e+00 4.607563e-05 0.000000e+00)
0.866         	5.120325e-07	(0.000000e+00 4.607563e-05 0.000000e+00)
0.867         	5.116659e-07	(0.000000e+00 4.607563e-05 0.000000e+00)
0.868         	5.112999e-07	(0.000000e+00 4.607563e-05 0.000000e+00)
0.869         	5.109371e-07	(0.000000e+00 4.607563e-05 0.000000e+00)
0.87          	5.105749e-07	(0.000000e+00 4.607563e-05 0.000000e+00)
0.871         	5.102135e-07	(0.000000e+00 4.607563e-05 0.000000e+00)
0.872         	5.098523e-07	(0.000000e+00 4.607563e-05 0.000000e+00)
0.873         	5.094944e-07	(0.000000e+00 4.607563e-05 0.000000e+00)
0.874         	5.091379e-07	(0.000000e+00 4.607563e-05 0.000000e+00)
0.875         	5.087806e-07	(0.000000e+00 4.607563e-05 0.000000e+00)
0.876         	5.084235e-07	(0.000000e+00 4.607563e-05 0.000000e+00)
0.877         	5.080699e-07	(0.000000e+00 4.607563e-05 0.000000e+00)
0.878         	5.077174e-07	(0.000000e+00 4.607563e-05 0.000000e+00)
0.879         	5.073659e-07	(0.000000e+00 4.607563e-05 0.000000e+00)
0.88          	5.070137e-07	(0.000000e+00 4.607563e-05 0.000000e+00)
0.881         	5.066613e-07	(0.000000e+00 4.607563e-05 0.000000e+00)
0.882         	5.063145e-07	(0.000000e+00 4.607563e-05 0.000000e+00)
0.883         	5.059584e-07	(0.000000e+00 4.607563e-05 0.000000e+00)
0.884         	5.056104e-07	(0.000000e+00 4.607563e-05 0.000000e+00)
0.885         	5.052716e-07	(0.000000e+00 4.607563e-05 0.000000e+00)
0.886         	5.049229e-07	(0.000000e+00 4.607563e-05 0.000000e+00)
0.887         	5.045820e-07	(0.000000e+00 4.607563e-05 0.000000e+00)
0.888         	5.042384e-07	(0.000000e+00 4.607563e-05 0.000000e+00)
0.889         	5.038989e-07	(0.000000e+00 4.607563e-05 0.000000e+00)
0.89          	5.035560e-07	(0.000000e+00 4.607563e-05 0.000000e+00)
0.891         	5.032196e-07	(0.000000e+00 4.607563e-05 0.000000e+00)
0.892         	5.028805e-07	(0.000000e+00 4.607563e-05 0.000000e+00)
0.893         	5.025406e-07	(0.000000e+00 4.607563e-05 0.000000e+00)
0.894         	5.022044e-07	(0.000000e+00 4.607563e-05 0.000000e+00)
0.895         	5.018669e-07	(0.000000e+00 4.607563e-05 0.000000e+00)
0.896         	5.015334e-07	(0.000000e+00 4.607563e-05 0.000000e+00)
0.897         	5.012022e-07	(0.000000e+00 4.607563e-05 0.000000e+00)
0.898         	5.008706e-07	(0.000000e+00 4.607563e-05 0.000000e+00)
0.899         	5.005401e-07	(0.000000e+00 4.607563e-05 0.000000e+00)
0.9           	5.002072e-07	(0.000000e+00 4.607563e-05 0.000000e+00)
0.901         	4.998788e-07	(0.000000e+00 4.607563e-05 0.000000e+00)
0.902         	4.995510e-07	(0.000000e+00 4.607563e-05 0.000000e+00)
0.903         	4.992242e-07	(0.000000e+00 4.607563e-05 0.000000e+00)
0.904         	4.988992e-07	(0.000000e+00 4.607563e-05 0.000000e+00)
0.905         	4.985720e-07	(0.000000e+00 4.607563e-05 0.000000e+00)
0.906         	4.982472e-07	(0.000000e+00 4.607563e-05 0.000000e+00)
0.907         	4.979259e-07	(0.000000e+00 4.607563e-05 0.000000e+00)
0.908         	4.976051e-07	(0.000000e+00 4.607563e-05 0.000000e+00)
0.909         	4.972859e-07	(0.000000e+00 4.607563e-05 0.000000e+00)
0.91          	4.969574e-07	(0.000000e+00 4.607563e-05 0.000000e+00)
0.911         	4.966394e-07	(0.000000e+00 4.607563e-05 0.000000e+00)
0.912         	4.963316e-07	(0.000000e+00 4.607563e-05 0.000000e+00)
0.913         	4.960034e-07	(0.000000e+00 4.607563e-05 0.000000e+00)
0.914         	4.956868e-07	(0.000000e+00 4.607563e-05 0.000000e+00)
0.915         	4.953720e-07	(0.000000e+00 4.607563e-05 0.000000e+00)
0.916         	4.950602e-07	(0.000000e+00 4.607563e-05 0.000000e+00)
0.917         	4.947448e-07	(0.000000e+00 4.607563e-05 0.000000e+00)
0.918         	4.944316e-07	(0.000000e+00 4.607563e-05 0.000000e+00)
0.919         	4.941210e-07	(0.000000e+00 4.607563e-05 0.000000e+00)
0.92          	4.938084e-07	(0.000000e+00 4.607563e-05 0.000000e+00)
0.921         	4.934984e-07	(0.000000e+00 4.607563e-05 0.000000e+00)
0.922         	4.931881e-07	(0.000000e+00 4.607563e-05 0.000000e+00)
0.923         	4.928846e-07	(0.000000e+00 4.607563e-05 0.000000e+00)
0.924         	4.925688e-07	(0.000000e+00 4.607563e-05 0.000000e+00)
0.925         	4.922649e-07	(0.000000e+00 4.607563e-05 0.000000e+00)
0.926         	4.919601e-07	(0.000000e+00 4.607563e-05 0.000000e+00)
0.927         	4.916558e-07	(0.000000e+00 4.607563e-05 0.000000e+00)
0.928         	4.913516e-07	(0.000000e+00 4.607563e-05 0.000000e+00)
0.929         	4.910489e-07	(0.000000e+00 4.607563e-05 0.000000e+00)
0.93          	4.907465e-07	(0.000000e+00 4.607563e-05 0.000000e+00)
0.931         	4.904457e-07	(0.000000e+00 4.607563e-05 0.000000e+00)
0.932         	4.901444e-07	(0.000000e+00 4.607563e-05 0.000000e+00)
0.933         	4.898444e-07	(0.000000e+00 4.607563e-05 0.000000e+00)
0.934         	4.895452e-07	(0.000000e+00 4.607563e-05 0.000000e+00)
0.935         	4.892502e-07	(0.000000e+00 4.607563e-05 0.000000e+00)
0.936         	4.889513e-07	(0.000000e+00 4.607563e-05 0.000000e+00)
0.937         	4.886555e-07	(0.000000e+00 4.607563e-05 0.000000e+00)
0.938         	4.883603e-07	(0.000000e+00 4.607563e-05 0.000000e+00)
0.939         	4.880647e-07	(0.000000e+00 4.607563e-05 0.000000e+00)
0.94          	4.877716e-07	(0.000000e+00 4.607563e-05 0.000000e+00)
0.941         	4.874792e-07	(0.000000e+00 4.607563e-05 0.000000e+00)
0.942         	4.871877e-07	(0.000000e+00 4.607563e-05 0.000000e+00)
0.943         	4.868965e-07	(0.000000e+00 4.607563e-05 0.000000e+00)
0.944         	4.866052e-07	(0.000000e+00 4.607563e-05 0.000000e+00)
0.945         	4.863196e-07	(0.000000e+00 4.607563e-05 0.000000e+00)
0.946         	4.860267e-07	(0.000000e+00 4.607563e-05 0.000000e+00)
0.947         	4.857372e-07	(0.000000e+00 4.607563e-05 0.000000e+00)
0.948         	4.854531e-07	(0.000000e+00 4.607563e-05 0.000000e+00)
0.949         	4.851668e-07	(0.000000e+00 4.607563e-05 0.000000e+00)
0.95          	4.848811e-07	(0.000000e+00 4.607563e-05 0.000000e+00)
0.951         	4.845998e-07	(0.000000e+00 4.607563e-05 0.000000e+00)
0.952         	4.843156e-07	(0.000000e+00 4.607563e-05 0.000000e+00)
0.953         	4.840232e-07	(0.000000e+00 4.607563e-05 0.000000e+00)
0.954         	4.837420e-07	(0.000000e+00 4.607563e-05 0.000000e+00)
0.955         	4.834655e-07	(0.000000e+00 4.607563e-05 0.000000e+00)
0.956         	4.831813e-07	(0.000000e+00 4.607563e-05 0.000000e+00)
0.957         	4.829034e-07	(0.000000e+00 4.607563e-05 0.000000e+00)
0.958         	4.826226e-07	(0.000000e+00 4.607563e-05 0.000000e+00)
0.959         	4.823438e-07	(0.000000e+00 4.607563e-05 0.000000e+00)
0.96          	4.820688e-07	(0.000000e+00 4.607563e-05 0.000000e+00)
0.961         	4.817905e-07	(0.000000e+00 4.607563e-05 0.000000e+00)
0.962         	4.815123e-07	(0.000000e+00 4.607563e-05 0.000000e+00)
0.963         	4.812383e-07	(0.000000e+00 4.607563e-05 0.000000e+00)
0.964         	4.809644e-07	(0.000000e+00 4.607563e-05 0.000000e+00)
0.965         	4.806911e-07	(0.000000e+00 4.607563e-05 0.000000e+00)
0.966         	4.804159e-07	(0.000000e+00 4.607563e-05 0.000000e+00)
0.967         	4.801451e-07	(0.000000e+00 4.607563e-05 0.000000e+00)
0.968         	4.798684e-07	(0.000000e+00 4.607563e-05 0.000000e+00)
0.969         	4.795995e-07	(0.000000e+00 4.607563e-05 0.000000e+00)
0.97          	4.793298e-07	(0.000000e+00 4.607563e-05 0.000000e+00)
0.971         	4.790590e-07	(0.000000e+00 4.607563e-05 0.000000e+00)
0.972         	4.787901e-07	(0.000000e+00 4.607563e-05 0.000000e+00)
0.973         	4.785216e-07	(0.000000e+00 4.607563e-05 0.000000e+00)
0.974         	4.782555e-07	(0.000000e+00 4.607563e-05 0.000000e+00)
0.975         	4.779885e-07	(0.000000e+00 4.607563e-05 0.000000e+00)
0.976         	4.777205e-07	(0.000000e+00 4.607563e-05 0.000000e+00)
0.977         	4.774554e-07	(0.000000e+00 4.607563e-05 0.000000e+00)
0.978         	4.771923e-07	(0.000000e+00 4.607563e-05 0.000000e+00)
0.979         	4.769257e-07	(0.000000e+00 4.607563e-05 0.000000e+00)
0.98          	4.766663e-07	(0.000000e+00 4.607563e-05 0.000000e+00)
0.981         	4.764022e-07	(0.000000e+00 4.607563e-05 0.000000e+00)
0.982         	4.761395e-07	(0.000000e+00 4.607563e-05 0.000000e+00)
0.983         	4.758805e-07	(0.000000e+00 4.607563e-05 0.000000e+00)
0.984         	4.756182e-07	(0.000000e+00 4.607563e-05 0.000000e+00)
0.985         	4.753578e-07	(0.000000e+00 4.607563e-05 0.000000e+00)
0.986         	4.751009e-07	(0.000000e+00 4.607563e-05 0.000000e+00)
0.987         	4.748409e-07	(0.000000e+00 4.607563e-05 0.000000e+00)
0.988         	4.745847e-07	(0.000000e+00 4.607563e-05 0.000000e+00)
0.989         	4.743268e-07	(0.000000e+00 4.607563e-05 0.000000e+00)
0.99          	4.740716e-07	(0.000000e+00 4.607563e-05 0.000000e+00)
0.991         	4.738134e-07	(0.000000e+00 4.607563e-05 0.000000e+00)
0.992         	4.735591e-07	(0.000000e+00 4.607563e-05 0.000000e+00)
0.993         	4.733043e-07	(0.000000e+00 4.607563e-05 0.000000e+00)
0.994         	4.730526e-07	(0.000000e+00 4.607563e-05 0.000000e+00)
0.995         	4.727986e-07	(0.000000e+00 4.607563e-05 0.000000e+00)
0.996         	4.725476e-07	(0.000000e+00 4.607563e-05 0.000000e+00)
0.997         	4.722942e-07	(0.000000e+00 4.607563e-05 0.000000e+00)
0.998         	4.720429e-07	(0.000000e+00 4.607563e-05 0.000000e+00)
0.999         	4.717923e-07	(0.000000e+00 4.607563e-05 0.000000e+00)
1             	4.715423e-07	(0.000000e+00 4.607563e-05 0.000000e+00)
1.001         	4.712947e-07	(0.000000e+00 4.607563e-05 0.000000e+00)
1.002         	4.710455e-07	(0.000000e+00 4.607563e-05 0.000000e+00)
1.003         	4.707979e-07	(0.000000e+00 4.607563e-05 0.000000e+00)
1.004         	4.705505e-07	(0.000000e+00 4.607563e-05 0.000000e+00)
1.005         	4.703029e-07	(0.000000e+00 4.607563e-05 0.000000e+00)
1.006         	4.700569e-07	(0.000000e+00 4.607563e-05 0.000000e+00)
1.007         	4.698113e-07	(0.000000e+00 4.607563e-05 0.000000e+00)
1.008         	4.695660e-07	(0.000000e+00 4.607563e-05 0.000000e+00)
1.009         	4.693232e-07	(0.000000e+00 4.607563e-05 0.000000e+00)
1.01          	4.690786e-07	(0.000000e+00 4.607563e-05 0.000000e+00)
1.011         	4.688358e-07	(0.000000e+00 4.607563e-05 0.000000e+00)
1.012         	4.685926e-07	(0.000000e+00 4.607563e-05 0.000000e+00)
1.013         	4.683503e-07	(0.000000e+00 4.607563e-05 0.000000e+00)
1.014         	4.681099e-07	(0.000000e+00 4.607563e-05 0.000000e+00)
1.015         	4.678682e-07	(0.000000e+00 4.607563e-05 0.000000e+00)
1.016         	4.676284e-07	(0.000000e+00 4.607563e-05 0.000000e+00)
1.017         	4.673899e-07	(0.000000e+00 4.607563e-05 0.000000e+00)
1.018         	4.671502e-07	(0.000000e+00 4.607563e-05 0.000000e+00)
1.019         	4.669111e-07	(0.000000e+00 4.607563e-05 0.000000e+00)
1.02          	4.666724e-07	(0.000000e+00 4.607563e-05 0.000000e+00)
1.021         	4.664362e-07	(0.000000e+00 4.607563e-05 0.000000e+00)
1.022         	4.661995e-07	(0.000000e+00 4.607563e-05 0.000000e+00)
1.023         	4.659617e-07	(0.000000e+00 4.607563e-05 0.000000e+00)
1.024         	4.657287e-07	(0.000000e+00 4.607563e-05 0.000000e+00)
1.025         	4.654933e-07	(0.000000e+00 4.607563e-05 0.000000e+00)
1.026         	4.652600e-07	(0.000000e+00 4.607563e-05 0.000000e+00)
1.027         	4.650232e-07	(0.000000e+00 4.607563e-05 0.000000e+00)
1.028         	4.647922e-07	(0.000000e+00 4.607563e-05 0.000000e+00)
1.029         	4.645596e-07	(0.000000e+00 4.607563e-05 0.000000e+00)
1.03          	4.643274e-07	(0.000000e+00 4.607563e-05 0.000000e+00)
1.031         	4.640963e-07	(0.000000e+00 4.607563e-05 0.000000e+00)
1.032         	4.638657e-07	(0.000000e+00 4.607563e-05 0.000000e+00)
1.033         	4.636346e-07	(0.000000e+00 4.607563e-05 0.000000e+00)
1.034         	4.634051e-07	(0.000000e+00 4.607563e-05 0.000000e+00)
1.035         	4.631760e-07	(0.000000e+00 4.607563e-05 0.000000e+00)
1.036         	4.629476e-07	(0.000000e+00 4.607563e-05 0.000000e+00)
1.037         	4.627197e-07	(0.000000e+00 4.607563e-05 0.000000e+00)
1.038         	4.624913e-07	(0.000000e+00 4.607563e-05 0.000000e+00)
1.039         	4.622633e-07	(0.000000e+00 4.607563e-05 0.000000e+00)
1.04          	4.620383e-07	(0.000000e+00 4.607563e-05 0.000000e+00)
1.041         	4.618120e-07	(0.000000e+00 4.607563e-05 0.000000e+00)
1.042         	4.615865e-07	(0.000000e+00 4.607563e-05 0.000000e+00)
1.043         	4.613617e-07	(0.000000e+00 4.607563e-05 0.000000e+00)
1.044         	4.611370e-07	(0.000000e+00 4.607563e-05 0.000000e+00)
1.045         	4.609139e-07	(0.000000e+00 4.607563e-05 0.000000e+00)
1.046         	4.606890e-07	(0.000000e+00 4.607563e-05 0.000000e+00)
1.047         	4.604665e-07	(0.000000e+00 4.607563e-05 0.000000e+00)
1.048         	4.602452e-07	(0.000000e+00 4.607563e-05 0.000000e+00)
1.049         	4.600232e-07	(0.000000e+00 4.607563e-05 0.000000e+00)
1.05          	4.598058e-07	(0.000000e+00 4.607563e-05 0.000000e+00)
1.051         	4.595838e-07	(0.000000e+00 4.607563e-05 0.000000e+00)
1.052         	4.593575e-07	(0.000000e+00 4.607563e-05 0.000000e+00)
1.053         	4.591381e-07	(0.000000e+00 4.607563e-05 0.000000e+00)
1.054         	4.589216e-07	(0.000000e+00 4.607563e-05 0.000000e+00)
1.055         	4.587032e-07	(0.000000e+00 4.607563e-05 0.000000e+00)
1.056         	4.584843e-07	(0.000000e+00 4.607563e-05 0.000000e+00)
1.057         	4.582680e-07	(0.000000e+00 4.607563e-05 0.000000e+00)
1.058         	4.580494e-07	(0.000000e+00 4.607563e-05 0.000000e+00)
1.059         	4.578315e-07	(0.000000e+00 4.607563e-05 0.000000e+00)
1.06          	4.576158e-07	(0.000000e+00 4.607563e-05 0.000000e+00)
1.061         	4.573995e-07	(0.000000e+00 4.607563e-05 0.000000e+00)
1.062         	4.571847e-07	(0.000000e+00 4.607563e-05 0.000000e+00)
1.063         	4.569723e-07	(0.000000e+00 4.607563e-05 0.000000e+00)
1.064         	4.567572e-07	(0.000000e+00 4.607563e-05 0.000000e+00)
1.065         	4.565466e-07	(0.000000e+00 4.607563e-05 0.000000e+00)
1.066         	4.563296e-07	(0.000000e+00 4.607563e-05 0.000000e+00)
1.067         	4.561195e-07	(0.000000e+00 4.607563e-05 0.000000e+00)
1.068         	4.559033e-07	(0.000000e+00 4.607563e-05 0.000000e+00)
1.069         	4.556933e-07	(0.000000e+00 4.607563e-05 0.000000e+00)
1.07          	4.554830e-07	(0.000000e+00 4.607563e-05 0.000000e+00)
1.071         	4.552722e-07	(0.000000e+00 4.607563e-05 0.000000e+00)
1.072         	4.550617e-07	(0.000000e+00 4.607563e-05 0.000000e+00)
1.073         	4.548521e-07	(0.000000e+00 4.607563e-05 0.000000e+00)
1.074         	4.546419e-07	(0.000000e+00 4.607563e-05 0.000000e+00)
1.075         	4.544318e-07	(0.000000e+00 4.607563e-05 0.000000e+00)
1.076         	4.542235e-07	(0.000000e+00 4.607563e-05 0.000000e+00)
1.077         	4.540166e-07	(0.000000e+00 4.607563e-05 0.000000e+00)
1.078         	4.538110e-07	(0.000000e+00 4.607563e-05 0.000000e+00)
1.079         	4.536020e-07	(0.000000e+00 4.607563e-05 0.000000e+00)
1.08          	4.533943e-07	(0.000000e+00 4.607563e-05 0.000000e+00)
1.081         	4.531904e-07	(0.000000e+00 4.607563e-05 0.000000e+00)
1.082         	4.529843e-07	(0.000000e+00 4.607563e-05 0.000000e+00)
1.083         	4.527781e-07	(0.000000e+00 4.607563e-05 0.000000e+00)
1.084         	4.525743e-07	(0.000000e+00 4.607563e-05 0.000000e+00)
1.085         	4.523692e-07	(0.000000e+00 4.607563e-05 0.000000e+00)
1.086         	4.521650e-07	(0.000000e+00 4.607563e-05 0.000000e+00)
1.087         	4.519621e-07	(0.000000e+00 4.607563e-05 0.000000e+00)
1.088         	4.517607e-07	(0.000000e+00 4.607563e-05 0.000000e+00)
1.089         	4.515575e-07	(0.000000e+00 4.607563e-05 0.000000e+00)
1.09          	4.513547e-07	(0.000000e+00 4.607563e-05 0.000000e+00)
1.091         	4.511535e-07	(0.000000e+00 4.607563e-05 0.000000e+00)
1.092         	4.509541e-07	(0.000000e+00 4.607563e-05 0.000000e+00)
1.093         	4.507530e-07	(0.000000e+00 4.607563e-05 0.000000e+00)
1.094         	4.505542e-07	(0.000000e+00 4.607563e-05 0.000000e+00)
1.095         	4.503494e-07	(0.000000e+00 4.607563e-05 0.000000e+00)
1.096         	4.501510e-07	(0.000000e+00 4.607563e-05 0.000000e+00)
1.097         	4.499530e-07	(0.000000e+00 4.607563e-05 0.000000e+00)
1.098         	4.497565e-07	(0.000000e+00 4.607563e-05 0.000000e+00)
1.099         	4.495580e-07	(0.000000e+00 4.607563e-05 0.000000e+00)
1.1           	4.493594e-07	(0.000000e+00 4.607563e-05 0.000000e+00)
1.101         	4.491613e-07	(0.000000e+00 4.607563e-05 0.000000e+00)
1.102         	4.489663e-07	(0.000000e+00 4.607563e-05 0.000000e+00)
1.103         	4.487683e-07	(0.000000e+00 4.607563e-05 0.000000e+00)
1.104         	4.485718e-07	(0.000000e+00 4.607563e-05 0.000000e+00)
1.105         	4.483749e-07	(0.000000e+00 4.607563e-05 0.000000e+00)
1.106         	4.481785e-07	(0.000000e+00 4.607563e-05 0.000000e+00)
1.107         	4.479853e-07	(0.000000e+00 4.607563e-05 0.000000e+00)
1.108         	4.477908e-07	(0.000000e+00 4.607563e-05 0.000000e+00)
1.109         	4.475966e-07	(0.000000e+00 4.607563e-05 0.000000e+00)
1.11          	4.474030e-07	(0.000000e+00 4.607563e-05 0.000000e+00)
1.111         	4.472099e-07	(0.000000e+00 4.607563e-05 0.000000e+00)
1.112         	4.470162e-07	(0.000000e+00 4.607563e-05 0.000000e+00)
1.113         	4.468251e-07	(0.000000e+00 4.607563e-05 0.000000e+00)
1.114         	4.466324e-07	(0.000000e+00 4.607563e-05 0.000000e+00)
1.115         	4.464396e-07	(0.000000e+00 4.607563e-05 0.000000e+00)
1.116         	4.462490e-07	(0.000000e+00 4.607563e-05 0.000000e+00)
1.117         	4.460594e-07	(0.000000e+00 4.607563e-05 0.000000e+00)
1.118         	4.458690e-07	(0.000000e+00 4.607563e-05 0.000000e+00)
1.119         	4.456780e-07	(0.000000e+00 4.607563e-05 0.000000e+00)
1.12          	4.454893e-07	(0.000000e+00 4.607563e-05 0.000000e+00)
1.121         	4.452976e-07	(0.000000e+00 4.607563e-05 0.000000e+00)
1.122         	4.451107e-07	(0.000000e+00 4.607563e-05 0.000000e+00)
1.123         	4.449245e-07	(0.000000e+00 4.607563e-05 0.000000e+00)
1.124         	4.447287e-07	(0.000000e+00 4.607563e-05 0.000000e+00)
1.125         	4.445485e-07	(0.000000e+00 4.607563e-05 0.000000e+00)
1.126         	4.443558e-07	(0.000000e+00 4.607563e-05 0.000000e+00)
1.127         	4.441757e-07	(0.000000e+00 4.607563e-05 0.000000e+00)
1.128         	4.439830e-07	(0.000000e+00 4.607563e-05 0.000000e+00)
1.129         	4.437983e-07	(0.000000e+00 4.607563e-05 0.000000e+00)
1.13          	4.436130e-07	(0.000000e+00 4.607563e-05 0.000000e+00)
1.131         	4.434274e-07	(0.000000e+00 4.607563e-05 0.000000e+00)
1.132         	4.432431e-07	(0.000000e+00 4.607563e-05 0.000000e+00)
1.133         	4.430559e-07	(0.000000e+00 4.607563e-05 0.000000e+00)
1.134         	4.428727e-07	(0.000000e+00 4.607563e-05 0.000000e+00)
1.135         	4.426885e-07	(0.000000e+00 4.607563e-05 0.000000e+00)
1.136         	4.425053e-07	(0.000000e+00 4.607563e-05 0.000000e+00)
1.137         	4.423222e-07	(0.000000e+00 4.607563e-05 0.000000e+00)
1.138         	4.421386e-07	(0.000000e+00 4.607563e-05 0.000000e+00)
1.139         	4.419563e-07	(0.000000e+00 4.607563e-05 0.000000e+00)
1.14          	4.417752e-07	(0.000000e+00 4.607563e-05 0.000000e+00)
1.141         	4.415933e-07	(0.000000e+00 4.607563e-05 0.000000e+00)
1.142         	4.414106e-07	(0.000000e+00 4.607563e-05 0.000000e+00)
1.143         	4.412296e-07	(0.000000e+00 4.607563e-05 0.000000e+00)
1.144         	4.410499e-07	(0.000000e+00 4.607563e-05 0.000000e+00)
1.145         	4.408696e-07	(0.000000e+00 4.607563e-05 0.000000e+00)
1.146         	4.406889e-07	(0.000000e+00 4.607563e-05 0.000000e+00)
1.147         	4.405100e-07	(0.000000e+00 4.607563e-05 0.000000e+00)
1.148         	4.403309e-07	(0.000000e+00 4.607563e-05 0.000000e+00)
1.149         	4.401518e-07	(0.000000e+00 4.607563e-05 0.000000e+00)
1.15          	4.399723e-07	(0.000000e+00 4.607563e-05 0.000000e+00)
1.151         	4.397954e-07	(0.000000e+00 4.607563e-05 0.000000e+00)
1.152         	4.396156e-07	(0.000000e+00 4.607563e-05 0.000000e+00)
1.153         	4.394401e-07	(0.000000e+00 4.607563e-05 0.000000e+00)
1.154         	4.392629e-07	(0.000000e+00 4.607563e-05 0.000000e+00)
1.155         	4.390842e-07	(0.000000e+00 4.607563e-05 0.000000e+00)
1.156         	4.389074e-07	(0.000000e+00 4.607563e-05 0.000000e+00)
1.157         	4.387323e-07	(0.000000e+00 4.607563e-05 0.000000e+00)
1.158         	4.385565e-07	(0.000000e+00 4.607563e-05 0.000000e+00)
1.159         	4.383811e-07	(0.000000e+00 4.607563e-05 0.000000e+00)
1.16          	4.382063e-07	(0.000000e+00 4.607563e-05 0.000000e+00)
1.161         	4.380330e-07	(0.000000e+00 4.607563e-05 0.000000e+00)
1.162         	4.378564e-07	(0.000000e+00 4.607563e-05 0.000000e+00)
1.163         	4.376825e-07	(0.000000e+00 4.607563e-05 0.000000e+00)
1.164         	4.375073e-07	(0.000000e+00 4.607563e-05 0.000000e+00)
1.165         	4.373339e-07	(0.000000e+00 4.607563e-05 0.000000e+00)
1.166         	4.371608e-07	(0.000000e+00 4.607563e-05 0.000000e+00)
1.167         	4.369910e-07	(0.000000e+00 4.607563e-05 0.000000e+00)
1.168         	4.368165e-07	(0.000000e+00 4.607563e-05 0.000000e+00)
1.169         	4.366449e-07	(0.000000e+00 4.607563e-05 0.000000e+00)
1.17          	4.364741e-07	(0.000000e+00 4.607563e-05 0.000000e+00)
1.171         	4.363009e-07	(0.000000e+00 4.607563e-05 0.000000e+00)
1.172         	4.361317e-07	(0.000000e+00 4.607563e-05 0.000000e+00)
1.173         	4.359597e-07	(0.000000e+00 4.607563e-05 0.000000e+00)
1.174         	4.357890e-07	(0.000000e+00 4.607563e-05 0.000000e+00)
1.175         	4.356210e-07	(0.000000e+00 4.607563e-05 0.000000e+00)
1.176         	4.354495e-07	(0.000000e+00 4.607563e-05 0.000000e+00)
1.177         	4.352797e-07	(0.000000e+00 4.607563e-05 0.000000e+00)
1.178         	4.351112e-07	(0.000000e+00 4.607563e-05 0.000000e+00)
1.179         	4.349426e-07	(0.000000e+00 4.607563e-05 0.000000e+00)
1.18          	4.347737e-07	(0.000000e+00 4.607563e-05 0.000000e+00)
1.181         	4.346055e-07	(0.000000e+00 4.607563e-05 0.000000e+00)
1.182         	4.344366e-07	(0.000000e+00 4.607563e-05 0.000000e+00)
1.183         	4.342710e-07	(0.000000e+00 4.607563e-05 0.000000e+00)
1.184         	4.341024e-07	(0.000000e+00 4.607563e-05 0.000000e+00)
1.185         	4.339353e-07	(0.000000e+00 4.607563e-05 0.000000e+00)
1.186         	4.337682e-07	(0.000000e+00 4.607563e-05 0.000000e+00)
1.187         	4.336018e-07	(0.000000e+00 4.607563e-05 0.000000e+00)
1.188         	4.334366e-07	(0.000000e+00 4.607563e-05 0.000000e+00)
1.189         	4.332707e-07	(0.000000e+00 4.607563e-05 0.000000e+00)
1.19          	4.331049e-07	(0.000000e+00 4.607563e-05 0.000000e+00)
1.191         	4.329392e-07	(0.000000e+00 4.607563e-05 0.000000e+00)
1.192         	4.327745e-07	(0.000000e+00 4.607563e-05 0.000000e+00)
1.193         	4.326095e-07	(0.000000e+00 4.607563e-05 0.000000e+00)
1.194         	4.324456e-07	(0.000000e+00 4.607563e-05 0.000000e+00)
1.195         	4.322809e-07	(0.000000e+00 4.607563e-05 0.000000e+00)
1.196         	4.321213e-07	(0.000000e+00 4.607563e-05 0.000000e+00)
1.197         	4.319558e-07	(0.000000e+00 4.607563e-05 0.000000e+00)
1.198         	4.317888e-07	(0.000000e+00 4.607563e-05 0.000000e+00)
1.199         	4.316284e-07	(0.000000e+00 4.607563e-05 0.000000e+00)
1.2           	4.314677e-07	(0.000000e+00 4.607563e-05 0.000000e+00)
1.201         	4.313057e-07	(0.000000e+00 4.607563e-05 0.000000e+00)
1.202         	4.311425e-07	(0.000000e+00 4.607563e-05 0.000000e+00)
1.203         	4.309844e-07	(0.000000e+00 4.607563e-05 0.000000e+00)
1.204         	4.308176e-07	(0.000000e+00 4.607563e-05 0.000000e+00)
1.205         	4.306575e-07	(0.000000e+00 4.607563e-05 0.000000e+00)
1.206         	4.304978e-07	(0.000000e+00 4.607563e-05 0.000000e+00)
1.207         	4.303375e-07	(0.000000e+00 4.607563e-05 0.000000e+00)
1.208         	4.301772e-07	(0.000000e+00 4.607563e-05 0.000000e+00)
1.209         	4.300179e-07	(0.000000e+00 4.607563e-05 0.000000e+00)
1.21          	4.298576e-07	(0.000000e+00 4.607563e-05 0.000000e+00)
1.211         	4.296995e-07	(0.000000e+00 4.607563e-05 0.000000e+00)
1.212         	4.295395e-07	(0.000000e+00 4.607563e-05 0.000000e+00)
1.213         	4.293797e-07	(0.000000e+00 4.607563e-05 0.000000e+00)
1.214         	4.292210e-07	(0.000000e+00 4.607563e-05 0.000000e+00)
1.215         	4.290635e-07	(0.000000e+00 4.607563e-05 0.000000e+00)
1.216         	4.289052e-07	(0.000000e+00 4.607563e-05 0.000000e+00)
1.217         	4.287470e-07	(0.000000e+00 4.607563e-05 0.000000e+00)
1.218         	4.285904e-07	(0.000000e+00 4.607563e-05 0.000000e+00)
1.219         	4.284343e-07	(0.000000e+00 4.607563e-05 0.000000e+00)
1.22          	4.282768e-07	(0.000000e+00 4.607563e-05 0.000000e+00)
1.221         	4.281205e-07	(0.000000e+00 4.607563e-05 0.000000e+00)
1.222         	4.279636e-07	(0.000000e+00 4.607563e-05 0.000000e+00)
1.223         	4.278076e-07	(0.000000e+00 4.607563e-05 0.000000e+00)
1.224         	4.276508e-07	(0.000000e+00 4.607563e-05 0.000000e+00)
1.225         	4.274984e-07	(0.000000e+00 4.607563e-05 0.000000e+00)
1.226         	4.273388e-07	(0.000000e+00 4.607563e-05 0.000000e+00)
1.227         	4.271850e-07	(0.000000e+00 4.607563e-05 0.000000e+00)
1.228         	4.270313e-07	(0.000000e+00 4.607563e-05 0.000000e+00)
1.229         	4.268770e-07	(0.000000e+00 4.607563e-05 0.000000e+00)
1.23          	4.267260e-07	(0.000000e+00 4.607563e-05 0.000000e+00)
1.231         	4.265681e-07	(0.000000e+00 4.607563e-05 0.000000e+00)
1.232         	4.264157e-07	(0.000000e+00 4.607563e-05 0.000000e+00)
1.233         	4.262638e-07	(0.000000e+00 4.607563e-05 0.000000e+00)
1.234         	4.261113e-07	(0.000000e+00 4.607563e-05 0.000000e+00)
1.235         	4.259571e-07	(0.000000e+00 4.607563e-05 0.000000e+00)
1.236         	4.258040e-07	(0.000000e+00 4.607563e-05 0.000000e+00)
1.237         	4.256504e-07	(0.000000e+00 4.607563e-05 0.000000e+00)
1.238         	4.255001e-07	(0.000000e+00 4.607563e-05 0.000000e+00)
1.239         	4.253507e-07	(0.000000e+00 4.607563e-05 0.000000e+00)
1.24          	4.251910e-07	(0.000000e+00 4.607563e-05 0.000000e+00)
1.241         	4.250439e-07	(0.000000e+00 4.607563e-05 0.000000e+00)
1.242         	4.248919e-07	(0.000000e+00 4.607563e-05 0.000000e+00)
1.243         	4.247422e-07	(0.000000e+00 4.607563e-05 0.000000e+00)
1.244         	4.245924e-07	(0.000000e+00 4.607563e-05 0.000000e+00)
1.245         	4.244412e-07	(0.000000e+00 4.607563e-05 0.000000e+00)
1.246         	4.242929e-07	(0.000000e+00 4.607563e-05 0.000000e+00)
1.247         	4.241398e-07	(0.000000e+00 4.607563e-05 0.000000e+00)
1.248         	4.239906e-07	(0.000000e+00 4.607563e-05 0.000000e+00)
1.249         	4.238419e-07	(0.000000e+00 4.607563e-05 0.000000e+00)
1.25          	4.236929e-07	(0.000000e+00 4.607563e-05 0.000000e+00)
1.251         	4.235440e-07	(0.000000e+00 4.607563e-05 0.000000e+00)
1.252         	4.233955e-07	(0.000000e+00 4.607563e-05 0.000000e+00)
1.253         	4.232472e-07	(0.000000e+00 4.607563e-05 0.000000e+00)
1.254         	4.230993e-07	(0.000000e+00 4.607563e-05 0.000000e+00)
1.255         	4.229517e-07	(0.000000e+00 4.607563e-05 0.000000e+00)
1.256         	4.228031e-07	(0.000000e+00 4.607563e-05 0.000000e+00)
1.257         	4.226547e-07	(0.000000e+00 4.607563e-05 0.000000e+00)
1.258         	4.225076e-07	(0.000000e+00 4.607563e-05 0.000000e+00)
1.259         	4.223611e-07	(0.000000e+00 4.607563e-05 0.000000e+00)
1.26          	4.222162e-07	(0.000000e+00 4.607563e-05 0.000000e+00)
1.261         	4.220680e-07	(0.000000e+00 4.607563e-05 0.000000e+00)
1.262         	4.219220e-07	(0.000000e+00 4.607563e-05 0.000000e+00)
1.263         	4.217768e-07	(0.000000e+00 4.607563e-05 0.000000e+00)
1.264         	4.216307e-07	(0.000000e+00 4.607563e-05 0.000000e+00)
1.265         	4.214858e-07	(0.000000e+00 4.607563e-05 0.000000e+00)
1.266         	4.213398e-07	(0.000000e+00 4.607563e-05 0.000000e+00)
1.267         	4.211943e-07	(0.000000e+00 4.607563e-05 0.000000e+00)
1.268         	4.210500e-07	(0.000000e+00 4.607563e-05 0.000000e+00)
1.269         	4.209055e-07	(0.000000e+00 4.607563e-05 0.000000e+00)
1.27          	4.207624e-07	(0.000000e+00 4.607563e-05 0.000000e+00)
1.271         	4.206161e-07	(0.000000e+00 4.607563e-05 0.000000e+00)
1.272         	4.204725e-07	(0.000000e+00 4.607563e-05 0.000000e+00)
1.273         	4.203293e-07	(0.000000e+00 4.607563e-05 0.000000e+00)
1.274         	4.201869e-07	(0.000000e+00 4.607563e-05 0.000000e+00)
1.275         	4.200421e-07	(0.000000e+00 4.607563e-05 0.000000e+00)
1.276         	4.198997e-07	(0.000000e+00 4.607563e-05 0.000000e+00)
1.277         	4.197577e-07	(0.000000e+00 4.607563e-05 0.000000e+00)
1.278         	4.196149e-07	(0.000000e+00 4.607563e-05 0.000000e+00)
1.279         	4.194723e-07	(0.000000e+00 4.607563e-05 0.000000e+00)
1.28          	4.193313e-07	(0.000000e+00 4.607563e-05 0.000000e+00)
1.281         	4.191893e-07	(0.000000e+00 4.607563e-05 0.000000e+00)
1.282         	4.190486e-07	(0.000000e+00 4.607563e-05 0.000000e+00)
1.283         	4.189058e-07	(0.000000e+00 4.607563e-05 0.000000e+00)
1.284         	4.187651e-07	(0.000000e+00 4.607563e-05 0.000000e+00)
1.285         	4.186248e-07	(0.000000e+00 4.607563e-05 0.000000e+00)
1.286         	4.184838e-07	(0.000000e+00 4.607563e-05 0.000000e+00)
1.287         	4.183429e-07	(0.000000e+00 4.607563e-05 0.000000e+00)
1.288         	4.182012e-07	(0.000000e+00 4.607563e-05 0.000000e+00)
1.289         	4.180624e-07	(0.000000e+00 4.607563e-05 0.000000e+00)
1.29          	4.179232e-07	(0.000000e+00 4.607563e-05 0.000000e+00)
1.291         	4.177838e-07	(0.000000e+00 4.607563e-05 0.000000e+00)
1.292         	4.176431e-07	(0.000000e+00 4.607563e-05 0.000000e+00)
1.293         	4.175053e-07	(0.000000e+00 4.607563e-05 0.000000e+00)
1.294         	4.173656e-07	(0.000000e+00 4.607563e-05 0.000000e+00)
1.295         	4.172276e-07	(0.000000e+00 4.607563e-05 0.000000e+00)
1.296         	4.170887e-07	(0.000000e+00 4.607563e-05 0.000000e+00)
1.297         	4.169498e-07	(0.000000e+00 4.607563e-05 0.000000e+00)
1.298         	4.168123e-07	(0.000000e+00 4.607563e-05 0.000000e+00)
1.299         	4.166730e-07	(0.000000e+00 4.607563e-05 0.000000e+00)
1.3           	4.165359e-07	(0.000000e+00 4.607563e-05 0.000000e+00)
1.301         	4.163990e-07	(0.000000e+00 4.607563e-05 0.000000e+00)
1.302         	4.162617e-07	(0.000000e+00 4.607563e-05 0.000000e+00)
1.303         	4.161259e-07	(0.000000e+00 4.607563e-05 0.000000e+00)
1.304         	4.159870e-07	(0.000000e+00 4.607563e-05 0.000000e+00)
1.305         	4.158477e-07	(0.000000e+00 4.607563e-05 0.000000e+00)
1.306         	4.157133e-07	(0.000000e+00 4.607563e-05 0.000000e+00)
1.307         	4.155782e-07	(0.000000e+00 4.607563e-05 0.000000e+00)
1.308         	4.154415e-07	(0.000000e+00 4.607563e-05 0.000000e+00)
1.309         	4.153061e-07	(0.000000e+00 4.607563e-05 0.000000e+00)
1.31          	4.151707e-07	(0.000000e+00 4.607563e-05 0.000000e+00)
1.311         	4.150347e-07	(0.000000e+00 4.607563e-05 0.000000e+00)
1.312         	4.148997e-07	(0.000000e+00 4.607563e-05 0.000000e+00)
1.313         	4.147643e-07	(0.000000e+00 4.607563e-05 0.000000e+00)
1.314         	4.146296e-07	(0.000000e+00 4.607563e-05 0.000000e+00)
1.315         	4.144934e-07	(0.000000e+00 4.607563e-05 0.000000e+00)
1.316         	4.143597e-07	(0.000000e+00 4.607563e-05 0.000000e+00)
1.317         	4.142261e-07	(0.000000e+00 4.607563e-05 0.000000e+00)
1.318         	4.140918e-07	(0.000000e+00 4.607563e-05 0.000000e+00)
1.319         	4.139577e-07	(0.000000e+00 4.607563e-05 0.000000e+00)
1.32          	4.138238e-07	(0.000000e+00 4.607563e-05 0.000000e+00)
1.321         	4.136895e-07	(0.000000e+00 4.607563e-05 0.000000e+00)
1.322         	4.135570e-07	(0.000000e+00 4.607563e-05 0.000000e+00)
1.323         	4.134234e-07	(0.000000e+00 4.607563e-05 0.000000e+00)
1.324         	4.132911e-07	(0.000000e+00 4.607563e-05 0.000000e+00)
1.325         	4.131580e-07	(0.000000e+00 4.607563e-05 0.000000e+00)
1.326         	4.130263e-07	(0.000000e+00 4.607563e-05 0.000000e+00)
1.327         	4.128939e-07	(0.000000e+00 4.607563e-05 0.000000e+00)
1.328         	4.127644e-07	(0.000000e+00 4.607563e-05 0.000000e+00)
1.329         	4.126261e-07	(0.000000e+00 4.607563e-05 0.000000e+00)
1.33          	4.124969e-07	(0.000000e+00 4.607563e-05 0.000000e+00)
1.331         	4.123654e-07	(0.000000e+00 4.607563e-05 0.000000e+00)
1.332         	4.122338e-07	(0.000000e+00 4.607563e-05 0.000000e+00)
1.333         	4.121038e-07	(0.000000e+00 4.607563e-05 0.000000e+00)
1.334         	4.119721e-07	(0.000000e+00 4.607563e-05 0.000000e+00)
1.335         	4.118430e-07	(0.000000e+00 4.607563e-05 0.000000e+00)
1.336         	4.117113e-07	(0.000000e+00 4.607563e-05 0.000000e+00)
1.337         	4.115792e-07	(0.000000e+00 4.607563e-05 0.000000e+00)
1.338         	4.114500e-07	(0.000000e+00 4.607563e-05 0.000000e+00)
1.339         	4.113185e-07	(0.000000e+00 4.607563e-05 0.000000e+00)
1.34          	4.111899e-07	(0.000000e+00 4.607563e-05 0.000000e+00)
1.341         	4.110614e-07	(0.000000e+00 4.607563e-05 0.000000e+00)
1.342         	4.109316e-07	(0.000000e+00 4.607563e-05 0.000000e+00)
1.343         	4.107999e-07	(0.000000e+00 4.607563e-05 0.000000e+00)
1.344         	4.106706e-07	(0.000000e+00 4.607563e-05 0.000000e+00)
1.345         	4.105447e-07	(0.000000e+00 4.607563e-05 0.000000e+00)
1.346         	4.104152e-07	(0.000000e+00 4.607563e-05 0.000000e+00)
1.347         	4.102859e-07	(0.000000e+00 4.607563e-05 0.000000e+00)
1.348         	4.101614e-07	(0.000000e+00 4.607563e-05 0.000000e+00)
1.349         	4.100302e-07	(0.000000e+00 4.607563e-05 0.000000e+00)
1.35          	4.099020e-07	(0.000000e+00 4.607563e-05 0.000000e+00)
1.351         	4.097756e-07	(0.000000e+00 4.607563e-05 0.000000e+00)
1.352         	4.096467e-07	(0.000000e+00 4.607563e-05 0.000000e+00)
1.353         	4.095202e-07	(0.000000e+00 4.607563e-05 0.000000e+00)
1.354         	4.093933e-07	(0.000000e+00 4.607563e-05 0.000000e+00)
1.355         	4.092644e-07	(0.000000e+00 4.607563e-05 0.000000e+00)
1.356         	4.091374e-07	(0.000000e+00 4.607563e-05 0.000000e+00)
1.357         	4.090123e-07	(0.000000e+00 4.607563e-05 0.000000e+00)
1.358         	4.088848e-07	(0.000000e+00 4.607563e-05 0.000000e+00)
1.359         	4.087576e-07	(0.000000e+00 4.607563e-05 0.000000e+00)
1.36          	4.086317e-07	(0.000000e+00 4.607563e-05 0.000000e+00)
1.361         	4.085066e-07	(0.000000e+00 4.607563e-05 0.000000e+00)
1.362         	4.083801e-07	(0.000000e+00 4.607563e-05 0.000000e+00)
1.363         	4.082544e-07	(0.000000e+00 4.607563e-05 0.000000e+00)
1.364         	4.081293e-07	(0.000000e+00 4.607563e-05 0.000000e+00)
1.365         	4.080032e-07	(0.000000e+00 4.607563e-05 0.000000e+00)
1.366         	4.078784e-07	(0.000000e+00 4.607563e-05 0.000000e+00)
1.367         	4.077521e-07	(0.000000e+00 4.607563e-05 0.000000e+00)
1.368         	4.076281e-07	(0.000000e+00 4.607563e-05 0.000000e+00)
1.369         	4.075040e-07	(0.000000e+00 4.607563e-05 0.000000e+00)
1.37          	4.073790e-07	(0.000000e+00 4.607563e-05 0.000000e+00)
1.371         	4.072546e-07	(0.000000e+00 4.607563e-05 0.000000e+00)
1.372         	4.071307e-07	(0.000000e+00 4.607563e-05 0.000000e+00)
1.373         	4.070057e-07	(0.000000e+00 4.607563e-05 0.000000e+00)
1.374         	4.068820e-07	(0.000000e+00 4.607563e-05 0.000000e+00)
1.375         	4.067579e-07	(0.000000e+00 4.607563e-05 0.000000e+00)
1.376         	4.066344e-07	(0.000000e+00 4.607563e-05 0.000000e+00)
1.377         	4.065122e-07	(0.000000e+00 4.607563e-05 0.000000e+00)
1.378         	4.063887e-07	(0.000000e+00 4.607563e-05 0.000000e+00)
1.379         	4.062657e-07	(0.000000e+00 4.607563e-05 0.000000e+00)
1.38          	4.061420e-07	(0.000000e+00 4.607563e-05 0.000000e+00)
1.381         	4.060196e-07	(0.000000e+00 4.607563e-05 0.000000e+00)
1.382         	4.058978e-07	(0.000000e+00 4.607563e-05 0.000000e+00)
1.383         	4.057758e-07	(0.000000e+00 4.607563e-05 0.000000e+00)
1.384         	4.056551e-07	(0.000000e+00 4.607563e-05 0.000000e+00)
1.385         	4.055310e-07	(0.000000e+00 4.607563e-05 0.000000e+00)
1.386         	4.054101e-07	(0.000000e+00 4.607563e-05 0.000000e+00)
1.387         	4.052847e-07	(0.000000e+00 4.607563e-05 0.000000e+00)
1.388         	4.051645e-07	(0.000000e+00 4.607563e-05 0.000000e+00)
1.389         	4.050446e-07	(0.000000e+00 4.607563e-05 0.000000e+00)
1.39          	4.049211e-07	(0.000000e+00 4.607563e-05 0.000000e+00)
1.391         	4.048008e-07	(0.000000e+00 4.607563e-05 0.000000e+00)
1.392         	4.046804e-07	(0.000000e+00 4.607563e-05 0.000000e+00)
1.393         	4.045609e-07	(0.000000e+00 4.607563e-05 0.000000e+00)
1.394         	4.044399e-07	(0.000000e+00 4.607563e-05 0.000000e+00)
1.395         	4.043188e-07	(0.000000e+00 4.607563e-05 0.000000e+00)
1.396         	4.041993e-07	(0.000000e+00 4.607563e-05 0.000000e+00)
1.397         	4.040796e-07	(0.000000e+00 4.607563e-05 0.000000e+00)
1.398         	4.039600e-07	(0.000000e+00 4.607563e-05 0.000000e+00)
1.399         	4.038393e-07	(0.000000e+00 4.607563e-05 0.000000e+00)
1.4           	4.037189e-07	(0.000000e+00 4.607563e-05 0.000000e+00)
1.401         	4.035987e-07	(0.000000e+00 4.607563e-05 0.000000e+00)
1.402         	4.034805e-07	(0.000000e+00 4.607563e-05 0.000000e+00)
1.403         	4.033603e-07	(0.000000e+00 4.607563e-05 0.000000e+00)
1.404         	4.032427e-07	(0.000000e+00 4.607563e-05 0.000000e+00)
1.405         	4.031245e-07	(0.000000e+00 4.607563e-05 0.000000e+00)
1.406         	4.030037e-07	(0.000000e+00 4.607563e-05 0.000000e+00)
1.407         	4.028856e-07	(0.000000e+00 4.607563e-05 0.000000e+00)
1.408         	4.027675e-07	(0.000000e+00 4.607563e-05 0.000000e+00)
1.409         	4.026491e-07	(0.000000e+00 4.607563e-05 0.000000e+00)
1.41          	4.025317e-07	(0.000000e+00 4.607563e-05 0.000000e+00)
1.411         	4.024126e-07	(0.000000e+00 4.607563e-05 0.000000e+00)
1.412         	4.022950e-07	(0.000000e+00 4.607563e-05 0.000000e+00)
1.413         	4.021789e-07	(0.000000e+00 4.607563e-05 0.000000e+00)
1.414         	4.020609e-07	(0.000000e+00 4.607563e-05 0.000000e+00)
1.415         	4.019418e-07	(0.000000e+00 4.607563e-05 0.000000e+00)
1.416         	4.018269e-07	(0.000000e+00 4.607563e-05 0.000000e+00)
1.417         	4.017074e-07	(0.000000e+00 4.607563e-05 0.000000e+00)
1.418         	4.015909e-07	(0.000000e+00 4.607563e-05 0.000000e+00)
1.419         	4.014751e-07	(0.000000e+00 4.607563e-05 0.000000e+00)
1.42          	4.013576e-07	(0.000000e+00 4.607563e-05 0.000000e+00)
1.421         	4.012456e-07	(0.000000e+00 4.607563e-05 0.000000e+00)
1.422         	4.011229e-07	(0.000000e+00 4.607563e-05 0.000000e+00)
1.423         	4.010088e-07	(0.000000e+00 4.607563e-05 0.000000e+00)
1.424         	4.008949e-07	(0.000000e+00 4.607563e-05 0.000000e+00)
1.425         	4.007789e-07	(0.000000e+00 4.607563e-05 0.000000e+00)
1.426         	4.006626e-07	(0.000000e+00 4.607563e-05 0.000000e+00)
1.427         	4.005467e-07	(0.000000e+00 4.607563e-05 0.000000e+00)
1.428         	4.004315e-07	(0.000000e+00 4.607563e-05 0.000000e+00)
1.429         	4.003163e-07	(0.000000e+00 4.607563e-05 0.000000e+00)
1.43          	4.002008e-07	(0.000000e+00 4.607563e-05 0.000000e+00)
1.431         	4.000862e-07	(0.000000e+00 4.607563e-05 0.000000e+00)
1.432         	3.999717e-07	(0.000000e+00 4.607563e-05 0.000000e+00)
1.433         	3.998566e-07	(0.000000e+00 4.607563e-05 0.000000e+00)
1.434         	3.997420e-07	(0.000000e+00 4.607563e-05 0.000000e+00)
1.435         	3.996287e-07	(0.000000e+00 4.607563e-05 0.000000e+00)
1.436         	3.995148e-07	(0.000000e+00 4.607563e-05 0.000000e+00)
1.437         	3.993989e-07	(0.000000e+00 4.607563e-05 0.000000e+00)
1.438         	3.992860e-07	(0.000000e+00 4.607563e-05 0.000000e+00)
1.439         	3.991673e-07	(0.000000e+00 4.607563e-05 0.000000e+00)
1.44          	3.990541e-07	(0.000000e+00 4.607563e-05 0.000000e+00)
1.441         	3.989418e-07	(0.000000e+00 4.607563e-05 0.000000e+00)
1.442         	3.988281e-07	(0.000000e+00 4.607563e-05 0.000000e+00)
1.443         	3.987150e-07	(0.000000e+00 4.607563e-05 0.000000e+00)
1.444         	3.986027e-07	(0.000000e+00 4.607563e-05 0.000000e+00)
1.445         	3.984894e-07	(0.000000e+00 4.607563e-05 0.000000e+00)
1.446         	3.983752e-07	(0.000000e+00 4.607563e-05 0.000000e+00)
1.447         	3.982619e-07	(0.000000e+00 4.607563e-05 0.000000e+00)
1.448         	3.981492e-07	(0.000000e+00 4.607563e-05 0.000000e+00)
1.449         	3.980369e-07	(0.000000e+00 4.607563e-05 0.000000e+00)
1.45          	3.979258e-07	(0.000000e+00 4.607563e-05 0.000000e+00)
1.451         	3.978130e-07	(0.000000e+00 4.607563e-05 0.000000e+00)
1.452         	3.977003e-07	(0.000000e+00 4.607563e-05 0.000000e+00)
1.453         	3.975892e-07	(0.000000e+00 4.607563e-05 0.000000e+00)
1.454         	3.974792e-07	(0.000000e+00 4.607563e-05 0.000000e+00)
1.455         	3.973656e-07	(0.000000e+00 4.607563e-05 0.000000e+00)
1.456         	3.972523e-07	(0.000000e+00 4.607563e-05 0.000000e+00)
1.457         	3.971418e-07	(0.000000e+00 4.607563e-05 0.000000e+00)
1.458         	3.970318e-07	(0.000000e+00 4.607563e-05 0.000000e+00)
1.459         	3.969194e-07	(0.000000e+00 4.607563e-05 0.000000e+00)
1.46          	3.968084e-07	(0.000000e+00 4.607563e-05 0.000000e+00)
1.461         	3.966981e-07	(0.000000e+00 4.607563e-05 0.000000e+00)
1.462         	3.965870e-07	(0.000000e+00 4.607563e-05 0.000000e+00)
1.463         	3.964759e-07	(0.000000e+00 4.607563e-05 0.000000e+00)
1.464         	3.963652e-07	(0.000000e+00 4.607563e-05 0.000000e+00)
1.465         	3.962547e-07	(0.000000e+00 4.607563e-05 0.000000e+00)
1.466         	3.961447e-07	(0.000000e+00 4.607563e-05 0.000000e+00)
1.467         	3.960352e-07	(0.000000e+00 4.607563e-05 0.000000e+00)
1.468         	3.959245e-07	(0.000000e+00 4.607563e-05 0.000000e+00)
1.469         	3.958144e-07	(0.000000e+00 4.607563e-05 0.000000e+00)
1.47          	3.957050e-07	(0.000000e+00 4.607563e-05 0.000000e+00)
1.471         	3.955948e-07	(0.000000e+00 4.607563e-05 0.000000e+00)
1.472         	3.954858e-07	(0.000000e+00 4.607563e-05 0.000000e+00)
1.473         	3.953772e-07	(0.000000e+00 4.607563e-05 0.000000e+00)
1.474         	3.952659e-07	(0.000000e+00 4.607563e-05 0.000000e+00)
1.475         	3.951570e-07	(0.000000e+00 4.607563e-05 0.000000e+00)
1.476         	3.950500e-07	(0.000000e+00 4.607563e-05 0.000000e+00)
1.477         	3.949400e-07	(0.000000e+00 4.607563e-05 0.000000e+00)
1.478         	3.948305e-07	(0.000000e+00 4.607563e-05 0.000000e+00)
1.479         	3.947220e-07	(0.000000e+00 4.607563e-05 0.000000e+00)
1.48          	3.946143e-07	(0.000000e+00 4.607563e-05 0.000000e+00)
1.481         	3.945060e-07	(0.000000e+00 4.607563e-05 0.000000e+00)
1.482         	3.943978e-07	(0.000000e+00 4.607563e-05 0.000000e+00)
1.483         	3.942888e-07	(0.000000e+00 4.607563e-05 0.000000e+00)
1.484         	3.941808e-07	(0.000000e+00 4.607563e-05 0.000000e+00)
1.485         	3.940734e-07	(0.000000e+00 4.607563e-05 0.000000e+00)
1.486         	3.939657e-07	(0.000000e+00 4.607563e-05 0.000000e+00)
1.487         	3.938585e-07	(0.000000e+00 4.607563e-05 0.000000e+00)
1.488         	3.937527e-07	(0.000000e+00 4.607563e-05 0.000000e+00)
1.489         	3.936434e-07	(0.000000e+00 4.607563e-05 0.000000e+00)
1.49          	3.935363e-07	(0.000000e+00 4.607563e-05 0.000000e+00)
1.491         	3.934289e-07	(0.000000e+00 4.607563e-05 0.000000e+00)
1.492         	3.933237e-07	(0.000000e+00 4.607563e-05 0.000000e+00)
1.493         	3.932161e-07	(0.000000e+00 4.607563e-05 0.000000e+00)
1.494         	3.931087e-07	(0.000000e+00 4.607563e-05 0.000000e+00)
1.495         	3.930033e-07	(0.000000e+00 4.607563e-05 0.000000e+00)
1.496         	3.928967e-07	(0.000000e+00 4.607563e-05 0.000000e+00)
1.497         	3.927891e-07	(0.000000e+00 4.607563e-05 0.000000e+00)
1.498         	3.926830e-07	(0.000000e+00 4.607563e-05 0.000000e+00)
1.499         	3.925775e-07	(0.000000e+00 4.607563e-05 0.000000e+00)
1.5           	3.924727e-07	(0.000000e+00 4.607563e-05 0.000000e+00)
1.501         	3.923652e-07	(0.000000e+00 4.607563e-05 0.000000e+00)
1.502         	3.922620e-07	(0.000000e+00 4.607563e-05 0.000000e+00)
1.503         	3.921518e-07	(0.000000e+00 4.607563e-05 0.000000e+00)
1.504         	3.920467e-07	(0.000000e+00 4.607563e-05 0.000000e+00)
1.505         	3.919426e-07	(0.000000e+00 4.607563e-05 0.000000e+00)
1.506         	3.918379e-07	(0.000000e+00 4.607563e-05 0.000000e+00)
1.507         	3.917324e-07	(0.000000e+00 4.607563e-05 0.000000e+00)
1.508         	3.916272e-07	(0.000000e+00 4.607563e-05 0.000000e+00)
1.509         	3.915225e-07	(0.000000e+00 4.607563e-05 0.000000e+00)
1.51          	3.914177e-07	(0.000000e+00 4.607563e-05 0.000000e+00)
1.511         	3.913138e-07	(0.000000e+00 4.607563e-05 0.000000e+00)
1.512         	3.912064e-07	(0.000000e+00 4.607563e-05 0.000000e+00)
1.513         	3.911032e-07	(0.000000e+00 4.607563e-05 0.000000e+00)
1.514         	3.909995e-07	(0.000000e+00 4.607563e-05 0.000000e+00)
1.515         	3.908950e-07	(0.000000e+00 4.607563e-05 0.000000e+00)
1.516         	3.907906e-07	(0.000000e+00 4.607563e-05 0.000000e+00)
1.517         	3.906863e-07	(0.000000e+00 4.607563e-05 0.000000e+00)
1.518         	3.905838e-07	(0.000000e+00 4.607563e-05 0.000000e+00)
1.519         	3.904791e-07	(0.000000e+00 4.607563e-05 0.000000e+00)
1.52          	3.903753e-07	(0.000000e+00 4.607563e-05 0.000000e+00)
1.521         	3.902727e-07	(0.000000e+00 4.607563e-05 0.000000e+00)
1.522         	3.901688e-07	(0.000000e+00 4.607563e-05 0.000000e+00)
1.523         	3.900659e-07	(0.000000e+00 4.607563e-05 0.000000e+00)
1.524         	3.899641e-07	(0.000000e+00 4.607563e-05 0.000000e+00)
1.525         	3.898597e-07	(0.000000e+00 4.607563e-05 0.000000e+00)
1.526         	3.897555e-07	(0.000000e+00 4.607563e-05 0.000000e+00)
1.527         	3.896506e-07	(0.000000e+00 4.607563e-05 0.000000e+00)
1.528         	3.895463e-07	(0.000000e+00 4.607563e-05 0.000000e+00)
1.529         	3.894446e-07	(0.000000e+00 4.607563e-05 0.000000e+00)
1.53          	3.893436e-07	(0.000000e+00 4.607563e-05 0.000000e+00)
1.531         	3.892415e-07	(0.000000e+00 4.607563e-05 0.000000e+00)
1.532         	3.891396e-07	(0.000000e+00 4.607563e-05 0.000000e+00)
1.533         	3.890366e-07	(0.000000e+00 4.607563e-05 0.000000e+00)
1.534         	3.889326e-07	(0.000000e+00 4.607563e-05 0.000000e+00)
1.535         	3.888308e-07	(0.000000e+00 4.607563e-05 0.000000e+00)
1.536         	3.887307e-07	(0.000000e+00 4.607563e-05 0.000000e+00)
1.537         	3.886283e-07	(0.000000e+00 4.607563e-05 0.000000e+00)
1.538         	3.885268e-07	(0.000000e+00 4.607563e-05 0.000000e+00)
1.539         	3.884249e-07	(0.000000e+00 4.607563e-05 0.000000e+00)
1.54          	3.883230e-07	(0.000000e+00 4.607563e-05 0.000000e+00)
1.541         	3.882219e-07	(0.000000e+00 4.607563e-05 0.000000e+00)
1.542         	3.881210e-07	(0.000000e+00 4.607563e-05 0.000000e+00)
1.543         	3.880200e-07	(0.000000e+00 4.607563e-05 0.000000e+00)
1.544         	3.879186e-07	(0.000000e+00 4.607563e-05 0.000000e+00)
1.545         	3.878176e-07	(0.000000e+00 4.607563e-05 0.000000e+00)
1.546         	3.877170e-07	(0.000000e+00 4.607563e-05 0.000000e+00)
1.547         	3.876165e-07	(0.000000e+00 4.607563e-05 0.000000e+00)
1.548         	3.875158e-07	(0.000000e+00 4.607563e-05 0.000000e+00)
1.549         	3.874156e-07	(0.000000e+00 4.607563e-05 0.000000e+00)
1.55          	3.873144e-07	(0.000000e+00 4.607563e-05 0.000000e+00)
1.551         	3.872142e-07	(0.000000e+00 4.607563e-05 0.000000e+00)
1.552         	3.871133e-07	(0.000000e+00 4.607563e-05 0.000000e+00)
1.553         	3.870139e-07	(0.000000e+00 4.607563e-05 0.000000e+00)
1.554         	3.869148e-07	(0.000000e+00 4.607563e-05 0.000000e+00)
1.555         	3.868154e-07	(0.000000e+00 4.607563e-05 0.000000e+00)
1.556         	3.867146e-07	(0.000000e+00 4.607563e-05 0.000000e+00)
1.557         	3.866148e-07	(0.000000e+00 4.607563e-05 0.000000e+00)
1.558         	3.865152e-07	(0.000000e+00 4.607563e-05 0.000000e+00)
1.559         	3.864178e-07	(0.000000e+00 4.607563e-05 0.000000e+00)
1.56          	3.863176e-07	(0.000000e+00 4.607563e-05 0.000000e+00)
1.561         	3.862171e-07	(0.000000e+00 4.607563e-05 0.000000e+00)
1.562         	3.861188e-07	(0.000000e+00 4.607563e-05 0.000000e+00)
1.563         	3.860195e-07	(0.000000e+00 4.607563e-05 0.000000e+00)
1.564         	3.859212e-07	(0.000000e+00 4.607563e-05 0.000000e+00)
1.565         	3.858203e-07	(0.000000e+00 4.607563e-05 0.000000e+00)
1.566         	3.857217e-07	(0.000000e+00 4.607563e-05 0.000000e+00)
1.567         	3.856239e-07	(0.000000e+00 4.607563e-05 0.000000e+00)
1.568         	3.855256e-07	(0.000000e+00 4.607563e-05 0.000000e+00)
1.569         	3.854266e-07	(0.000000e+00 4.607563e-05 0.000000e+00)
1.57          	3.853290e-07	(0.000000e+00 4.607563e-05 0.000000e+00)
1.571         	3.852301e-07	(0.000000e+00 4.607563e-05 0.000000e+00)
1.572         	3.851325e-07	(0.000000e+00 4.607563e-05 0.000000e+00)
1.573         	3.850343e-07	(0.000000e+00 4.607563e-05 0.000000e+00)
1.574         	3.849379e-07	(0.000000e+00 4.607563e-05 0.000000e+00)
1.575         	3.848376e-07	(0.000000e+00 4.607563e-05 0.000000e+00)
1.576         	3.847406e-07	(0.000000e+00 4.607563e-05 0.000000e+00)
1.577         	3.846428e-07	(0.000000e+00 4.607563e-05 0.000000e+00)
1.578         	3.845459e-07	(0.000000e+00 4.607563e-05 0.000000e+00)
1.579         	3.844504e-07	(0.000000e+00 4.607563e-05 0.000000e+00)
1.58          	3.843501e-07	(0.000000e+00 4.607563e-05 0.000000e+00)
1.581         	3.842527e-07	(0.000000e+00 4.607563e-05 0.000000e+00)
1.582         	3.841566e-07	(0.000000e+00 4.607563e-05 0.000000e+00)
1.583         	3.840596e-07	(0.000000e+00 4.607563e-05 0.000000e+00)
1.584         	3.839635e-07	(0.000000e+00 4.607563e-05 0.000000e+00)
1.585         	3.838645e-07	(0.000000e+00 4.607563e-05 0.000000e+00)
1.586         	3.837682e-07	(0.000000e+00 4.607563e-05 0.000000e+00)
1.587         	3.836722e-07	(0.000000e+00 4.607563e-05 0.000000e+00)
1.588         	3.835761e-07	(0.000000e+00 4.607563e-05 0.000000e+00)
1.589         	3.834799e-07	(0.000000e+00 4.607563e-05 0.000000e+00)
1.59          	3.833828e-07	(0.000000e+00 4.607563e-05 0.000000e+00)
1.591         	3.832864e-07	(0.000000e+00 4.607563e-05 0.000000e+00)
1.592         	3.831905e-07	(0.000000e+00 4.607563e-05 0.000000e+00)
1.593         	3.830949e-07	(0.000000e+00 4.607563e-05 0.000000e+00)
1.594         	3.830003e-07	(0.000000e+00 4.607563e-05 0.000000e+00)
1.595         	3.829033e-07	(0.000000e+00 4.607563e-05 0.000000e+00)
1.596         	3.828033e-07	(0.000000e+00 4.607563e-05 0.000000e+00)
1.597         	3.827094e-07	(0.000000e+00 4.607563e-05 0.000000e+00)
1.598         	3.826151e-07	(0.000000e+00 4.607563e-05 0.000000e+00)
1.599         	3.825200e-07	(0.000000e+00 4.607563e-05 0.000000e+00)
1.6           	3.824246e-07	(0.000000e+00 4.607563e-05 0.000000e+00)
1.601         	3.823295e-07	(0.000000e+00 4.607563e-05 0.000000e+00)
1.602         	3.822341e-07	(0.000000e+00 4.607563e-05 0.000000e+00)
1.603         	3.821386e-07	(0.000000e+00 4.607563e-05 0.000000e+00)
1.604         	3.820442e-07	(0.000000e+00 4.607563e-05 0.000000e+00)
1.605         	3.819486e-07	(0.000000e+00 4.607563e-05 0.000000e+00)
1.606         	3.818558e-07	(0.000000e+00 4.607563e-05 0.000000e+00)
1.607         	3.817576e-07	(0.000000e+00 4.607563e-05 0.000000e+00)
1.608         	3.816631e-07	(0.000000e+00 4.607563e-05 0.000000e+00)
1.609         	3.815691e-07	(0.000000e+00 4.607563e-05 0.000000e+00)
1.61          	3.814751e-07	(0.000000e+00 4.607563e-05 0.000000e+00)
1.611         	3.813811e-07	(0.000000e+00 4.607563e-05 0.000000e+00)
1.612         	3.812870e-07	(0.000000e+00 4.607563e-05 0.000000e+00)
1.613         	3.811925e-07	(0.000000e+00 4.607563e-05 0.000000e+00)
1.614         	3.810978e-07	(0.000000e+00 4.607563e-05 0.000000e+00)
1.615         	3.810049e-07	(0.000000e+00 4.607563e-05 0.000000e+00)
1.616         	3.809106e-07	(0.000000e+00 4.607563e-05 0.000000e+00)
1.617         	3.808161e-07	(0.000000e+00 4.607563e-05 0.000000e+00)
1.618         	3.807223e-07	(0.000000e+00 4.607563e-05 0.000000e+00)
1.619         	3.806291e-07	(0.000000e+00 4.607563e-05 0.000000e+00)
1.62          	3.805347e-07	(0.000000e+00 4.607563e-05 0.000000e+00)
1.621         	3.804414e-07	(0.000000e+00 4.607563e-05 0.000000e+00)
1.622         	3.803478e-07	(0.000000e+00 4.607563e-05 0.000000e+00)
1.623         	3.802552e-07	(0.000000e+00 4.607563e-05 0.000000e+00)
1.624         	3.801614e-07	(0.000000e+00 4.607563e-05 0.000000e+00)
1.625         	3.800686e-07	(0.000000e+00 4.607563e-05 0.000000e+00)
1.626         	3.799758e-07	(0.000000e+00 4.607563e-05 0.000000e+00)
1.627         	3.798814e-07	(0.000000e+00 4.607563e-05 0.000000e+00)
1.628         	3.797894e-07	(0.000000e+00 4.607563e-05 0.000000e+00)
1.629         	3.796956e-07	(0.000000e+00 4.607563e-05 0.000000e+00)
1.63          	3.796025e-07	(0.000000e+00 4.607563e-05 0.000000e+00)
1.631         	3.795131e-07	(0.000000e+00 4.607563e-05 0.000000e+00)
1.632         	3.794189e-07	(0.000000e+00 4.607563e-05 0.000000e+00)
1.633         	3.793238e-07	(0.000000e+00 4.607563e-05 0.000000e+00)
1.634         	3.792339e-07	(0.000000e+00 4.607563e-05 0.000000e+00)
1.635         	3.791422e-07	(0.000000e+00 4.607563e-05 0.000000e+00)
1.636         	3.790501e-07	(0.000000e+00 4.607563e-05 0.000000e+00)
1.637         	3.789580e-07	(0.000000e+00 4.607563e-05 0.000000e+00)
1.638         	3.788668e-07	(0.000000e+00 4.607563e-05 0.000000e+00)
1.639         	3.787718e-07	(0.000000e+00 4.607563e-05 0.000000e+00)
1.64          	3.786819e-07	(0.000000e+00 4.607563e-05 0.000000e+00)
1.641         	3.785901e-07	(0.000000e+00 4.607563e-05 0.000000e+00)
1.642         	3.784979e-07	(0.000000e+00 4.607563e-05 0.000000e+00)
1.643         	3.784081e-07	(0.000000e+00 4.607563e-05 0.000000e+00)
1.644         	3.783143e-07	(0.000000e+00 4.607563e-05 0.000000e+00)
1.645         	3.782249e-07	(0.000000e+00 4.607563e-05 0.000000e+00)
1.646         	3.781331e-07	(0.000000e+00 4.607563e-05 0.000000e+00)
1.647         	3.780427e-07	(0.000000e+00 4.607563e-05 0.000000e+00)
1.648         	3.779520e-07	(0.000000e+00 4.607563e-05 0.000000e+00)
1.649         	3.778600e-07	(0.000000e+00 4.607563e-05 0.000000e+00)
1.65          	3.777704e-07	(0.000000e+00 4.607563e-05 0.000000e+00)
1.651         	3.776769e-07	(0.000000e+00 4.607563e-05 0.000000e+00)
1.652         	3.775859e-07	(0.000000e+00 4.607563e-05 0.000000e+00)
1.653         	3.774959e-07	(0.000000e+00 4.607563e-05 0.000000e+00)
1.654         	3.774060e-07	(0.000000e+00 4.607563e-05 0.000000e+00)
1.655         	3.773158e-07	(0.000000e+00 4.607563e-05 0.000000e+00)
1.656         	3.772254e-07	(0.000000e+00 4.607563e-05 0.000000e+00)
1.657         	3.771352e-07	(0.000000e+00 4.607563e-05 0.000000e+00)
1.658         	3.770438e-07	(0.000000e+00 4.607563e-05 0.000000e+00)
1.659         	3.769536e-07	(0.000000e+00 4.607563e-05 0.000000e+00)
1.66          	3.768643e-07	(0.000000e+00 4.607563e-05 0.000000e+00)
1.661         	3.767741e-07	(0.000000e+00 4.607563e-05 0.000000e+00)
1.662         	3.766843e-07	(0.000000e+00 4.607563e-05 0.000000e+00)
1.663         	3.765941e-07	(0.000000e+00 4.607563e-05 0.000000e+00)
1.664         	3.765061e-07	(0.000000e+00 4.607563e-05 0.000000e+00)
1.665         	3.764125e-07	(0.000000e+00 4.607563e-05 0.000000e+00)
1.666         	3.763241e-07	(0.000000e+00 4.607563e-05 0.000000e+00)
1.667         	3.762329e-07	(0.000000e+00 4.607563e-05 0.000000e+00)
1.668         	3.761444e-07	(0.000000e+00 4.607563e-05 0.000000e+00)
1.669         	3.760559e-07	(0.000000e+00 4.607563e-05 0.000000e+00)
1.67          	3.759658e-07	(0.000000e+00 4.607563e-05 0.000000e+00)
1.671         	3.758771e-07	(0.000000e+00 4.607563e-05 0.000000e+00)
1.672         	3.757880e-07	(0.000000e+00 4.607563e-05 0.000000e+00)
1.673         	3.756989e-07	(0.000000e+00 4.607563e-05 0.000000e+00)
1.674         	3.756091e-07	(0.000000e+00 4.607563e-05 0.000000e+00)
1.675         	3.755209e-07	(0.000000e+00 4.607563e-05 0.000000e+00)
1.676         	3.754325e-07	(0.000000e+00 4.607563e-05 0.000000e+00)
1.677         	3.753434e-07	(0.000000e+00 4.607563e-05 0.000000e+00)
1.678         	3.752551e-07	(0.000000e+00 4.607563e-05 0.000000e+00)
1.679         	3.751663e-07	(0.000000e+00 4.607563e-05 0.000000e+00)
1.68          	3.750781e-07	(0.000000e+00 4.607563e-05 0.000000e+00)
1.681         	3.749897e-07	(0.000000e+00 4.607563e-05 0.000000e+00)
1.682         	3.749017e-07	(0.000000e+00 4.607563e-05 0.000000e+00)
1.683         	3.748124e-07	(0.000000e+00 4.607563e-05 0.000000e+00)
1.684         	3.747243e-07	(0.000000e+00 4.607563e-05 0.000000e+00)
1.685         	3.746364e-07	(0.000000e+00 4.607563e-05 0.000000e+00)
1.686         	3.745487e-07	(0.000000e+00 4.607563e-05 0.000000e+00)
1.687         	3.744614e-07	(0.000000e+00 4.607563e-05 0.000000e+00)
1.688         	3.743730e-07	(0.000000e+00 4.607563e-05 0.000000e+00)
1.689         	3.742839e-07	(0.000000e+00 4.607563e-05 0.000000e+00)
1.69          	3.741967e-07	(0.000000e+00 4.607563e-05 0.000000e+00)
1.691         	3.741102e-07	(0.000000e+00 4.607563e-05 0.000000e+00)
1.692         	3.740220e-07	(0.000000e+00 4.607563e-05 0.000000e+00)
1.693         	3.739350e-07	(0.000000e+00 4.607563e-05 0.000000e+00)
1.694         	3.738456e-07	(0.000000e+00 4.607563e-05 0.000000e+00)
1.695         	3.737583e-07	(0.000000e+00 4.607563e-05 0.000000e+00)
1.696         	3.736723e-07	(0.000000e+00 4.607563e-05 0.000000e+00)
1.697         	3.735850e-07	(0.000000e+00 4.607563e-05 0.000000e+00)
1.698         	3.734986e-07	(0.000000e+00 4.607563e-05 0.000000e+00)
1.699         	3.734120e-07	(0.000000e+00 4.607563e-05 0.000000e+00)
1.7           	3.733221e-07	(0.000000e+00 4.607563e-05 0.000000e+00)
1.701         	3.732366e-07	(0.000000e+00 4.607563e-05 0.000000e+00)
1.702         	3.731509e-07	(0.000000e+00 4.607563e-05 0.000000e+00)
1.703         	3.730637e-07	(0.000000e+00 4.607563e-05 0.000000e+00)
1.704         	3.729781e-07	(0.000000e+00 4.607563e-05 0.000000e+00)
1.705         	3.728900e-07	(0.000000e+00 4.607563e-05 0.000000e+00)
1.706         	3.728036e-07	(0.000000e+00 4.607563e-05 0.000000e+00)
1.707         	3.727172e-07	(0.000000e+00 4.607563e-05 0.000000e+00)
1.708         	3.726322e-07	(0.000000e+00 4.607563e-05 0.000000e+00)
1.709         	3.725459e-07	(0.000000e+00 4.607563e-05 0.000000e+00)
1.71          	3.724588e-07	(0.000000e+00 4.607563e-05 0.000000e+00)
1.711         	3.723716e-07	(0.000000e+00 4.607563e-05 0.000000e+00)
1.712         	3.722866e-07	(0.000000e+00 4.607563e-05 0.000000e+00)
1.713         	3.722031e-07	(0.000000e+00 4.607563e-05 0.000000e+00)
1.714         	3.721138e-07	(0.000000e+00 4.607563e-05 0.000000e+00)
1.715         	3.720287e-07	(0.000000e+00 4.607563e-05 0.000000e+00)
1.716         	3.719441e-07	(0.000000e+00 4.607563e-05 0.000000e+00)
1.717         	3.718585e-07	(0.000000e+00 4.607563e-05 0.000000e+00)
1.718         	3.717720e-07	(0.000000e+00 4.607563e-05 0.000000e+00)
1.719         	3.716878e-07	(0.000000e+00 4.607563e-05 0.000000e+00)
1.72          	3.716016e-07	(0.000000e+00 4.607563e-05 0.000000e+00)
1.721         	3.715153e-07	(0.000000e+00 4.607563e-05 0.000000e+00)
1.722         	3.714321e-07	(0.000000e+00 4.607563e-05 0.000000e+00)
1.723         	3.713460e-07	(0.000000e+00 4.607563e-05 0.000000e+00)
1.724         	3.712606e-07	(0.000000e+00 4.607563e-05 0.000000e+00)
1.725         	3.711751e-07	(0.000000e+00 4.607563e-05 0.000000e+00)
1.726         	3.710899e-07	(0.000000e+00 4.607563e-05 0.000000e+00)
1.727         	3.710048e-07	(0.000000e+00 4.607563e-05 0.000000e+00)
1.728         	3.709196e-07	(0.000000e+00 4.607563e-05 0.000000e+00)
1.729         	3.708354e-07	(0.000000e+00 4.607563e-05 0.000000e+00)
1.73          	3.707508e-07	(0.000000e+00 4.607563e-05 0.000000e+00)
1.731         	3.706661e-07	(0.000000e+00 4.607563e-05 0.000000e+00)
1.732         	3.705823e-07	(0.000000e+00 4.607563e-05 0.000000e+00)
1.733         	3.704973e-07	(0.000000e+00 4.607563e-05 0.000000e+00)
1.734         	3.704127e-07	(0.000000e+00 4.607563e-05 0.000000e+00)
1.735         	3.703308e-07	(0.000000e+00 4.607563e-05 0.000000e+00)
1.736         	3.702432e-07	(0.000000e+00 4.607563e-05 0.000000e+00)
1.737         	3.701597e-07	(0.000000e+00 4.607563e-05 0.000000e+00)
1.738         	3.700755e-07	(0.000000e+00 4.607563e-05 0.000000e+00)
1.739         	3.699925e-07	(0.000000e+00 4.607563e-05 0.000000e+00)
1.74          	3.699092e-07	(0.000000e+00 4.607563e-05 0.000000e+00)
1.741         	3.698249e-07	(0.000000e+00 4.607563e-05 0.000000e+00)
1.742         	3.697402e-07	(0.000000e+00 4.607563e-05 0.000000e+00)
1.743         	3.696571e-07	(0.000000e+00 4.607563e-05 0.000000e+00)
1.744         	3.695740e-07	(0.000000e+00 4.607563e-05 0.000000e+00)
1.745         	3.694878e-07	(0.000000e+00 4.607563e-05 0.000000e+00)
1.746         	3.694046e-07	(0.000000e+00 4.607563e-05 0.000000e+00)
1.747         	3.693217e-07	(0.000000e+00 4.607563e-05 0.000000e+00)
1.748         	3.692383e-07	(0.000000e+00 4.607563e-05 0.000000e+00)
1.749         	3.691552e-07	(0.000000e+00 4.607563e-05 0.000000e+00)
1.75          	3.690716e-07	(0.000000e+00 4.607563e-05 0.000000e+00)
1.751         	3.689888e-07	(0.000000e+00 4.607563e-05 0.000000e+00)
1.752         	3.689061e-07	(0.000000e+00 4.607563e-05 0.000000e+00)
1.753         	3.688238e-07	(0.000000e+00 4.607563e-05 0.000000e+00)
1.754         	3.687405e-07	(0.000000e+00 4.607563e-05 0.000000e+00)
1.755         	3.686570e-07	(0.000000e+00 4.607563e-05 0.000000e+00)
1.756         	3.685716e-07	(0.000000e+00 4.607563e-05 0.000000e+00)
1.757         	3.684887e-07	(0.000000e+00 4.607563e-05 0.000000e+00)
1.758         	3.684065e-07	(0.000000e+00 4.607563e-05 0.000000e+00)
1.759         	3.683274e-07	(0.000000e+00 4.607563e-05 0.000000e+00)
1.76          	3.682418e-07	(0.000000e+00 4.607563e-05 0.000000e+00)
1.761         	3.681596e-07	(0.000000e+00 4.607563e-05 0.000000e+00)
1.762         	3.680773e-07	(0.000000e+00 4.607563e-05 0.000000e+00)
1.763         	3.679951e-07	(0.000000e+00 4.607563e-05 0.000000e+00)
1.764         	3.679135e-07	(0.000000e+00 4.607563e-05 0.000000e+00)
1.765         	3.678315e-07	(0.000000e+00 4.607563e-05 0.000000e+00)
1.766         	3.677492e-07	(0.000000e+00 4.607563e-05 0.000000e+00)
1.767         	3.676670e-07	(0.000000e+00 4.607563e-05 0.000000e+00)
1.768         	3.675847e-07	(0.000000e+00 4.607563e-05 0.000000e+00)
1.769         	3.675031e-07	(0.000000e+00 4.607563e-05 0.000000e+00)
1.77          	3.674221e-07	(0.000000e+00 4.607563e-05 0.000000e+00)
1.771         	3.673389e-07	(0.000000e+00 4.607563e-05 0.000000e+00)
1.772         	3.672574e-07	(0.000000e+00 4.607563e-05 0.000000e+00)
1.773         	3.671754e-07	(0.000000e+00 4.607563e-05 0.000000e+00)
1.774         	3.670931e-07	(0.000000e+00 4.607563e-05 0.000000e+00)
1.775         	3.670125e-07	(0.000000e+00 4.607563e-05 0.000000e+00)
1.776         	3.669291e-07	(0.000000e+00 4.607563e-05 0.000000e+00)
1.777         	3.668482e-07	(0.000000e+00 4.607563e-05 0.000000e+00)
1.778         	3.667665e-07	(0.000000e+00 4.607563e-05 0.000000e+00)
1.779         	3.666857e-07	(0.000000e+00 4.607563e-05 0.000000e+00)
1.78          	3.666048e-07	(0.000000e+00 4.607563e-05 0.000000e+00)
1.781         	3.665238e-07	(0.000000e+00 4.607563e-05 0.000000e+00)
1.782         	3.664420e-07	(0.000000e+00 4.607563e-05 0.000000e+00)
1.783         	3.663611e-07	(0.000000e+00 4.607563e-05 0.000000e+00)
1.784         	3.662801e-07	(0.000000e+00 4.607563e-05 0.000000e+00)
1.785         	3.661992e-07	(0.000000e+00 4.607563e-05 0.000000e+00)
1.786         	3.661191e-07	(0.000000e+00 4.607563e-05 0.000000e+00)
1.787         	3.660376e-07	(0.000000e+00 4.607563e-05 0.000000e+00)
1.788         	3.659562e-07	(0.000000e+00 4.607563e-05 0.000000e+00)
1.789         	3.658750e-07	(0.000000e+00 4.607563e-05 0.000000e+00)
1.79          	3.657952e-07	(0.000000e+00 4.607563e-05 0.000000e+00)
1.791         	3.657151e-07	(0.000000e+00 4.607563e-05 0.000000e+00)
1.792         	3.656342e-07	(0.000000e+00 4.607563e-05 0.000000e+00)
1.793         	3.655536e-07	(0.000000e+00 4.607563e-05 0.000000e+00)
1.794         	3.654732e-07	(0.000000e+00 4.607563e-05 0.000000e+00)
1.795         	3.653933e-07	(0.000000e+00 4.607563e-05 0.000000e+00)
1.796         	3.653135e-07	(0.000000e+00 4.607563e-05 0.000000e+00)
1.797         	3.652324e-07	(0.000000e+00 4.607563e-05 0.000000e+00)
1.798         	3.651522e-07	(0.000000e+00 4.607563e-05 0.000000e+00)
1.799         	3.650722e-07	(0.000000e+00 4.607563e-05 0.000000e+00)
1.8           	3.649923e-07	(0.000000e+00 4.607563e-05 0.000000e+00)
1.801         	3.649138e-07	(0.000000e+00 4.607563e-05 0.000000e+00)
1.802         	3.648344e-07	(0.000000e+00 4.607563e-05 0.000000e+00)
1.803         	3.647529e-07	(0.000000e+00 4.607563e-05 0.000000e+00)
1.804         	3.646708e-07	(0.000000e+00 4.607563e-05 0.000000e+00)
1.805         	3.645918e-07	(0.000000e+00 4.607563e-05 0.000000e+00)
1.806         	3.645145e-07	(0.000000e+00 4.607563e-05 0.000000e+00)
1.807         	3.644349e-07	(0.000000e+00 4.607563e-05 0.000000e+00)
1.808         	3.643550e-07	(0.000000e+00 4.607563e-05 0.000000e+00)
1.809         	3.642736e-07	(0.000000e+00 4.607563e-05 0.000000e+00)
1.81          	3.641947e-07	(0.000000e+00 4.607563e-05 0.000000e+00)
1.811         	3.641159e-07	(0.000000e+00 4.607563e-05 0.000000e+00)
1.812         	3.640368e-07	(0.000000e+00 4.607563e-05 0.000000e+00)
1.813         	3.639577e-07	(0.000000e+00 4.607563e-05 0.000000e+00)
1.814         	3.638793e-07	(0.000000e+00 4.607563e-05 0.000000e+00)
1.815         	3.637995e-07	(0.000000e+00 4.607563e-05 0.000000e+00)
1.816         	3.637205e-07	(0.000000e+00 4.607563e-05 0.000000e+00)
1.817         	3.636417e-07	(0.000000e+00 4.607563e-05 0.000000e+00)
1.818         	3.635626e-07	(0.000000e+00 4.607563e-05 0.000000e+00)
1.819         	3.634836e-07	(0.000000e+00 4.607563e-05 0.000000e+00)
1.82          	3.634045e-07	(0.000000e+00 4.607563e-05 0.000000e+00)
1.821         	3.633247e-07	(0.000000e+00 4.607563e-05 0.000000e+00)
1.822         	3.632463e-07	(0.000000e+00 4.607563e-05 0.000000e+00)
1.823         	3.631684e-07	(0.000000e+00 4.607563e-05 0.000000e+00)
1.824         	3.630902e-07	(0.000000e+00 4.607563e-05 0.000000e+00)
1.825         	3.630117e-07	(0.000000e+00 4.607563e-05 0.000000e+00)
1.826         	3.629339e-07	(0.000000e+00 4.607563e-05 0.000000e+00)
1.827         	3.628548e-07	(0.000000e+00 4.607563e-05 0.000000e+00)
1.828         	3.627762e-07	(0.000000e+00 4.607563e-05 0.000000e+00)
1.829         	3.626981e-07	(0.000000e+00 4.607563e-05 0.000000e+00)
1.83          	3.626201e-07	(0.000000e+00 4.607563e-05 0.000000e+00)
1.831         	3.625424e-07	(0.000000e+00 4.607563e-05 0.000000e+00)
1.832         	3.624639e-07	(0.000000e+00 4.607563e-05 0.000000e+00)
1.833         	3.623858e-07	(0.000000e+00 4.607563e-05 0.000000e+00)
1.834         	3.623088e-07	(0.000000e+00 4.607563e-05 0.000000e+00)
1.835         	3.622312e-07	(0.000000e+00 4.607563e-05 0.000000e+00)
1.836         	3.621529e-07	(0.000000e+00 4.607563e-05 0.000000e+00)
1.837         	3.620748e-07	(0.000000e+00 4.607563e-05 0.000000e+00)
1.838         	3.619974e-07	(0.000000e+00 4.607563e-05 0.000000e+00)
1.839         	3.619198e-07	(0.000000e+00 4.607563e-05 0.000000e+00)
1.84          	3.618428e-07	(0.000000e+00 4.607563e-05 0.000000e+00)
1.841         	3.617656e-07	(0.000000e+00 4.607563e-05 0.000000e+00)
1.842         	3.616877e-07	(0.000000e+00 4.607563e-05 0.000000e+00)
1.843         	3.616109e-07	(0.000000e+00 4.607563e-05 0.000000e+00)
1.844         	3.615327e-07	(0.000000e+00 4.607563e-05 0.000000e+00)
1.845         	3.614556e-07	(0.000000e+00 4.607563e-05 0.000000e+00)
1.846         	3.613792e-07	(0.000000e+00 4.607563e-05 0.000000e+00)
1.847         	3.613013e-07	(0.000000e+00 4.607563e-05 0.000000e+00)
1.848         	3.612244e-07	(0.000000e+00 4.607563e-05 0.000000e+00)
1.849         	3.611475e-07	(0.000000e+00 4.607563e-05 0.000000e+00)
1.85          	3.610702e-07	(0.000000e+00 4.607563e-05 0.000000e+00)
1.851         	3.609930e-07	(0.000000e+00 4.607563e-05 0.000000e+00)
1.852         	3.609164e-07	(0.000000e+00 4.607563e-05 0.000000e+00)
1.853         	3.608400e-07	(0.000000e+00 4.607563e-05 0.000000e+00)
1.854         	3.607631e-07	(0.000000e+00 4.607563e-05 0.000000e+00)
1.855         	3.606859e-07	(0.000000e+00 4.607563e-05 0.000000e+00)
1.856         	3.606096e-07	(0.000000e+00 4.607563e-05 0.000000e+00)
1.857         	3.605332e-07	(0.000000e+00 4.607563e-05 0.000000e+00)
1.858         	3.604569e-07	(0.000000e+00 4.607563e-05 0.000000e+00)
1.859         	3.603803e-07	(0.000000e+00 4.607563e-05 0.000000e+00)
1.86          	3.603036e-07	(0.000000e+00 4.607563e-05 0.000000e+00)
1.861         	3.602273e-07	(0.000000e+00 4.607563e-05 0.000000e+00)
1.862         	3.601513e-07	(0.000000e+00 4.607563e-05 0.000000e+00)
1.863         	3.600753e-07	(0.000000e+00 4.607563e-05 0.000000e+00)
1.864         	3.599995e-07	(0.000000e+00 4.607563e-05 0.000000e+00)
1.865         	3.599232e-07	(0.000000e+00 4.607563e-05 0.000000e+00)
1.866         	3.598473e-07	(0.000000e+00 4.607563e-05 0.000000e+00)
1.867         	3.597702e-07	(0.000000e+00 4.607563e-05 0.000000e+00)
1.868         	3.596945e-07	(0.000000e+00 4.607563e-05 0.000000e+00)
1.869         	3.596189e-07	(0.000000e+00 4.607563e-05 0.000000e+00)
1.87          	3.595428e-07	(0.000000e+00 4.607563e-05 0.000000e+00)
1.871         	3.594676e-07	(0.000000e+00 4.607563e-05 0.000000e+00)
1.872         	3.593919e-07	(0.000000e+00 4.607563e-05 0.000000e+00)
1.873         	3.593165e-07	(0.000000e+00 4.607563e-05 0.000000e+00)
1.874         	3.592411e-07	(0.000000e+00 4.607563e-05 0.000000e+00)
1.875         	3.591650e-07	(0.000000e+00 4.607563e-05 0.000000e+00)
1.876         	3.590891e-07	(0.000000e+00 4.607563e-05 0.000000e+00)
1.877         	3.590138e-07	(0.000000e+00 4.607563e-05 0.000000e+00)
1.878         	3.589382e-07	(0.000000e+00 4.607563e-05 0.000000e+00)
1.879         	3.588631e-07	(0.000000e+00 4.607563e-05 0.000000e+00)
1.88          	3.587886e-07	(0.000000e+00 4.607563e-05 0.000000e+00)
1.881         	3.587134e-07	(0.000000e+00 4.607563e-05 0.000000e+00)
1.882         	3.586374e-07	(0.000000e+00 4.607563e-05 0.000000e+00)
1.883         	3.585622e-07	(0.000000e+00 4.607563e-05 0.000000e+00)
1.884         	3.584869e-07	(0.000000e+00 4.607563e-05 0.000000e+00)
1.885         	3.584136e-07	(0.000000e+00 4.607563e-05 0.000000e+00)
1.886         	3.583380e-07	(0.000000e+00 4.607563e-05 0.000000e+00)
1.887         	3.582624e-07	(0.000000e+00 4.607563e-05 0.000000e+00)
1.888         	3.581869e-07	(0.000000e+00 4.607563e-05 0.000000e+00)
1.889         	3.581155e-07	(0.000000e+00 4.607563e-05 0.000000e+00)
1.89          	3.580371e-07	(0.000000e+00 4.607563e-05 0.000000e+00)
1.891         	3.579629e-07	(0.000000e+00 4.607563e-05 0.000000e+00)
1.892         	3.578889e-07	(0.000000e+00 4.607563e-05 0.000000e+00)
1.893         	3.578148e-07	(0.000000e+00 4.607563e-05 0.000000e+00)
1.894         	3.577400e-07	(0.000000e+00 4.607563e-05 0.000000e+00)
1.895         	3.576660e-07	(0.000000e+00 4.607563e-05 0.000000e+00)
1.896         	3.575912e-07	(0.000000e+00 4.607563e-05 0.000000e+00)
1.897         	3.575165e-07	(0.000000e+00 4.607563e-05 0.000000e+00)
1.898         	3.574427e-07	(0.000000e+00 4.607563e-05 0.000000e+00)
1.899         	3.573686e-07	(0.000000e+00 4.607563e-05 0.000000e+00)
1.9           	3.572945e-07	(0.000000e+00 4.607563e-05 0.000000e+00)
1.901         	3.572207e-07	(0.000000e+00 4.607563e-05 0.000000e+00)
1.902         	3.571464e-07	(0.000000e+00 4.607563e-05 0.000000e+00)
1.903         	3.570726e-07	(0.000000e+00 4.607563e-05 0.000000e+00)
1.904         	3.569979e-07	(0.000000e+00 4.607563e-05 0.000000e+00)
1.905         	3.569246e-07	(0.000000e+00 4.607563e-05 0.000000e+00)
1.906         	3.568507e-07	(0.000000e+00 4.607563e-05 0.000000e+00)
1.907         	3.567780e-07	(0.000000e+00 4.607563e-05 0.000000e+00)
1.908         	3.567045e-07	(0.000000e+00 4.607563e-05 0.000000e+00)
1.909         	3.566293e-07	(0.000000e+00 4.607563e-05 0.000000e+00)
1.91          	3.565562e-07	(0.000000e+00 4.607563e-05 0.000000e+00)
1.911         	3.564822e-07	(0.000000e+00 4.607563e-05 0.000000e+00)
1.912         	3.564084e-07	(0.000000e+00 4.607563e-05 0.000000e+00)
1.913         	3.563360e-07	(0.000000e+00 4.607563e-05 0.000000e+00)
1.914         	3.562621e-07	(0.000000e+00 4.607563e-05 0.000000e+00)
1.915         	3.561885e-07	(0.000000e+00 4.607563e-05 0.000000e+00)
1.916         	3.561156e-07	(0.000000e+00 4.607563e-05 0.000000e+00)
1.917         	3.560421e-07	(0.000000e+00 4.607563e-05 0.000000e+00)
1.918         	3.559693e-07	(0.000000e+00 4.607563e-05 0.000000e+00)
1.919         	3.558957e-07	(0.000000e+00 4.607563e-05 0.000000e+00)
1.92          	3.558226e-07	(0.000000e+00 4.607563e-05 0.000000e+00)
1.921         	3.557505e-07	(0.000000e+00 4.607563e-05 0.000000e+00)
1.922         	3.556767e-07	(0.000000e+00 4.607563e-05 0.000000e+00)
1.923         	3.556043e-07	(0.000000e+00 4.607563e-05 0.000000e+00)
1.924         	3.555300e-07	(0.000000e+00 4.607563e-05 0.000000e+00)
1.925         	3.554575e-07	(0.000000e+00 4.607563e-05 0.000000e+00)
1.926         	3.553842e-07	(0.000000e+00 4.607563e-05 0.000000e+00)
1.927         	3.553121e-07	(0.000000e+00 4.607563e-05 0.000000e+00)
1.928         	3.552397e-07	(0.000000e+00 4.607563e-05 0.000000e+00)
1.929         	3.551668e-07	(0.000000e+00 4.607563e-05 0.000000e+00)
1.93          	3.550943e-07	(0.000000e+00 4.607563e-05 0.000000e+00)
1.931         	3.550218e-07	(0.000000e+00 4.607563e-05 0.000000e+00)
1.932         	3.549491e-07	(0.000000e+00 4.607563e-05 0.000000e+00)
1.933         	3.548775e-07	(0.000000e+00 4.607563e-05 0.000000e+00)
1.934         	3.548046e-07	(0.000000e+00 4.607563e-05 0.000000e+00)
1.935         	3.547314e-07	(0.000000e+00 4.607563e-05 0.000000e+00)
1.936         	3.546599e-07	(0.000000e+00 4.607563e-05 0.000000e+00)
1.937         	3.545881e-07	(0.000000e+00 4.607563e-05 0.000000e+00)
1.938         	3.545153e-07	(0.000000e+00 4.607563e-05 0.000000e+00)
1.939         	3.544431e-07	(0.000000e+00 4.607563e-05 0.000000e+00)
1.94          	3.543713e-07	(0.000000e+00 4.607563e-05 0.000000e+00)
1.941         	3.542993e-07	(0.000000e+00 4.607563e-05 0.000000e+00)
1.942         	3.542266e-07	(0.000000e+00 4.607563e-05 0.000000e+00)
1.943         	3.541557e-07	(0.000000e+00 4.607563e-05 0.000000e+00)
1.944         	3.540831e-07	(0.000000e+00 4.607563e-05 0.000000e+00)
1.945         	3.540121e-07	(0.000000e+00 4.607563e-05 0.000000e+00)
1.946         	3.539407e-07	(0.000000e+00 4.607563e-05 0.000000e+00)
1.947         	3.538694e-07	(0.000000e+00 4.607563e-05 0.000000e+00)
1.948         	3.537966e-07	(0.000000e+00 4.607563e-05 0.000000e+00)
1.949         	3.537265e-07	(0.000000e+00 4.607563e-05 0.000000e+00)
1.95          	3.536538e-07	(0.000000e+00 4.607563e-05 0.000000e+00)
1.951         	3.535823e-07	(0.000000e+00 4.607563e-05 0.000000e+00)
1.952         	3.535072e-07	(0.000000e+00 4.607563e-05 0.000000e+00)
1.953         	3.534364e-07	(0.000000e+00 4.607563e-05 0.000000e+00)
1.954         	3.533668e-07	(0.000000e+00 4.607563e-05 0.000000e+00)
1.955         	3.532968e-07	(0.000000e+00 4.607563e-05 0.000000e+00)
1.956         	3.532244e-07	(0.000000e+00 4.607563e-05 0.000000e+00)
1.957         	3.531534e-07	(0.000000e+00 4.607563e-05 0.000000e+00)
1.958         	3.530820e-07	(0.000000e+00 4.607563e-05 0.000000e+00)
1.959         	3.530107e-07	(0.000000e+00 4.607563e-05 0.000000e+00)
1.96          	3.529394e-07	(0.000000e+00 4.607563e-05 0.000000e+00)
1.961         	3.528688e-07	(0.000000e+00 4.607563e-05 0.000000e+00)
1.962         	3.527977e-07	(0.000000e+00 4.607563e-05 0.000000e+00)
1.963         	3.527267e-07	(0.000000e+00 4.607563e-05 0.000000e+00)
1.964         	3.526573e-07	(0.000000e+00 4.607563e-05 0.000000e+00)
1.965         	3.525862e-07	(0.000000e+00 4.607563e-05 0.000000e+00)
1.966         	3.525138e-07	(0.000000e+00 4.607563e-05 0.000000e+00)
1.967         	3.524440e-07	(0.000000e+00 4.607563e-05 0.000000e+00)
1.968         	3.523741e-07	(0.000000e+00 4.607563e-05 0.000000e+00)
1.969         	3.523036e-07	(0.000000e+00 4.607563e-05 0.000000e+00)
1.97          	3.522320e-07	(0.000000e+00 4.607563e-05 0.000000e+00)
1.971         	3.521619e-07	(0.000000e+00 4.607563e-05 0.000000e+00)
1.972         	3.520914e-07	(0.000000e+00 4.607563e-05 0.000000e+00)
1.973         	3.520221e-07	(0.000000e+00 4.607563e-05 0.000000e+00)
1.974         	3.519505e-07	(0.000000e+00 4.607563e-05 0.000000e+00)
1.975         	3.518793e-07	(0.000000e+00 4.607563e-05 0.000000e+00)
1.976         	3.518092e-07	(0.000000e+00 4.607563e-05 0.000000e+00)
1.977         	3.517398e-07	(0.000000e+00 4.607563e-05 0.000000e+00)
1.978         	3.516702e-07	(0.000000e+00 4.607563e-05 0.000000e+00)
1.979         	3.515998e-07	(0.000000e+00 4.607563e-05 0.000000e+00)
1.98          	3.515299e-07	(0.000000e+00 4.607563e-05 0.000000e+00)
1.981         	3.514591e-07	(0.000000e+00 4.607563e-05 0.000000e+00)
1.982         	3.513894e-07	(0.000000e+00 4.607563e-05 0.000000e+00)
1.983         	3.513192e-07	(0.000000e+00 4.607563e-05 0.000000e+00)
1.984         	3.512497e-07	(0.000000e+00 4.607563e-05 0.000000e+00)
1.985         	3.511804e-07	(0.000000e+00 4.607563e-05 0.000000e+00)
1.986         	3.511109e-07	(0.000000e+00 4.607563e-05 0.000000e+00)
1.987         	3.510405e-07	(0.000000e+00 4.607563e-05 0.000000e+00)
1.988         	3.509710e-07	(0.000000e+00 4.607563e-05 0.000000e+00)
1.989         	3.508989e-07	(0.000000e+00 4.607563e-05 0.000000e+00)
1.99          	3.508301e-07	(0.000000e+00 4.607563e-05 0.000000e+00)
1.991         	3.507617e-07	(0.000000e+00 4.607563e-05 0.000000e+00)
1.992         	3.506914e-07	(0.000000e+00 4.607563e-05 0.000000e+00)
1.993         	3.506201e-07	(0.000000e+00 4.607563e-05 0.000000e+00)
1.994         	3.505517e-07	(0.000000e+00 4.607563e-05 0.000000e+00)
1.995         	3.504832e-07	(0.000000e+00 4.607563e-05 0.000000e+00)
1.996         	3.504135e-07	(0.000000e+00 4.607563e-05 0.000000e+00)
1.997         	3.503445e-07	(0.000000e+00 4.607563e-05 0.000000e+00)
1.998         	3.502749e-07	(0.000000e+00 4.607563e-05 0.000000e+00)
1.999         	3.502062e-07	(0.000000e+00 4.607563e-05 0.000000e+00)
2             	3.501372e-07	(0.000000e+00 4.607563e-05 0.000000e+00)
2.001         	3.500674e-07	(0.000000e+00 4.607563e-05 0.000000e+00)
2.002         	3.499977e-07	(0.000000e+00 4.607563e-05 0.000000e+00)
2.003         	3.499293e-07	(0.000000e+00 4.607563e-05 0.000000e+00)
2.004         	3.498609e-07	(0.000000e+00 4.607563e-05 0.000000e+00)
2.005         	3.497930e-07	(0.000000e+00 4.607563e-05 0.000000e+00)
2.006         	3.497231e-07	(0.000000e+00 4.607563e-05 0.000000e+00)
2.007         	3.496541e-07	(0.000000e+00 4.607563e-05 0.000000e+00)
2.008         	3.495857e-07	(0.000000e+00 4.607563e-05 0.000000e+00)
2.009         	3.495169e-07	(0.000000e+00 4.607563e-05 0.000000e+00)
2.01          	3.494486e-07	(0.000000e+00 4.607563e-05 0.000000e+00)
2.011         	3.493799e-07	(0.000000e+00 4.607563e-05 0.000000e+00)
2.012         	3.493114e-07	(0.000000e+00 4.607563e-05 0.000000e+00)
2.013         	3.492427e-07	(0.000000e+00 4.607563e-05 0.000000e+00)
2.014         	3.491739e-07	(0.000000e+00 4.607563e-05 0.000000e+00)
2.015         	3.491055e-07	(0.000000e+00 4.607563e-05 0.000000e+00)
2.016         	3.490372e-07	(0.000000e+00 4.607563e-05 0.000000e+00)
2.017         	3.489694e-07	(0.000000e+00 4.607563e-05 0.000000e+00)
2.018         	3.489010e-07	(0.000000e+00 4.607563e-05 0.000000e+00)
2.019         	3.488326e-07	(0.000000e+00 4.607563e-05 0.000000e+00)
2.02          	3.487628e-07	(0.000000e+00 4.607563e-05 0.000000e+00)
2.021         	3.486948e-07	(0.000000e+00 4.607563e-05 0.000000e+00)
2.022         	3.486273e-07	(0.000000e+00 4.607563e-05 0.000000e+00)
2.023         	3.485596e-07	(0.000000e+00 4.607563e-05 0.000000e+00)
2.024         	3.484908e-07	(0.000000e+00 4.607563e-05 0.000000e+00)
2.025         	3.484229e-07	(0.000000e+00 4.607563e-05 0.000000e+00)
2.026         	3.483557e-07	(0.000000e+00 4.607563e-05 0.000000e+00)
2.027         	3.482882e-07	(0.000000e+00 4.607563e-05 0.000000e+00)
2.028         	3.482207e-07	(0.000000e+00 4.607563e-05 0.000000e+00)
2.029         	3.481491e-07	(0.000000e+00 4.607563e-05 0.000000e+00)
2.03          	3.480821e-07	(0.000000e+00 4.607563e-05 0.000000e+00)
2.031         	3.480144e-07	(0.000000e+00 4.607563e-05 0.000000e+00)
2.032         	3.479469e-07	(0.000000e+00 4.607563e-05 0.000000e+00)
2.033         	3.478791e-07	(0.000000e+00 4.607563e-05 0.000000e+00)
2.034         	3.478117e-07	(0.000000e+00 4.607563e-05 0.000000e+00)
2.035         	3.477446e-07	(0.000000e+00 4.607563e-05 0.000000e+00)
2.036         	3.476785e-07	(0.000000e+00 4.607563e-05 0.000000e+00)
2.037         	3.476085e-07	(0.000000e+00 4.607563e-05 0.000000e+00)
2.038         	3.475416e-07	(0.000000e+00 4.607563e-05 0.000000e+00)
2.039         	3.474747e-07	(0.000000e+00 4.607563e-05 0.000000e+00)
2.04          	3.474081e-07	(0.000000e+00 4.607563e-05 0.000000e+00)
2.041         	3.473404e-07	(0.000000e+00 4.607563e-05 0.000000e+00)
2.042         	3.472733e-07	(0.000000e+00 4.607563e-05 0.000000e+00)
2.043         	3.472063e-07	(0.000000e+00 4.607563e-05 0.000000e+00)
2.044         	3.471387e-07	(0.000000e+00 4.607563e-05 0.000000e+00)
2.045         	3.470715e-07	(0.000000e+00 4.607563e-05 0.000000e+00)
2.046         	3.470038e-07	(0.000000e+00 4.607563e-05 0.000000e+00)
2.047         	3.469355e-07	(0.000000e+00 4.607563e-05 0.000000e+00)
2.048         	3.468690e-07	(0.000000e+00 4.607563e-05 0.000000e+00)
2.049         	3.468025e-07	(0.000000e+00 4.607563e-05 0.000000e+00)
2.05          	3.467363e-07	(0.000000e+00 4.607563e-05 0.000000e+00)
2.051         	3.466686e-07	(0.000000e+00 4.607563e-05 0.000000e+00)
2.052         	3.466017e-07	(0.000000e+00 4.607563e-05 0.000000e+00)
2.053         	3.465355e-07	(0.000000e+00 4.607563e-05 0.000000e+00)
2.054         	3.464688e-07	(0.000000e+00 4.607563e-05 0.000000e+00)
2.055         	3.464017e-07	(0.000000e+00 4.607563e-05 0.000000e+00)
2.056         	3.463351e-07	(0.000000e+00 4.607563e-05 0.000000e+00)
2.057         	3.462689e-07	(0.000000e+00 4.607563e-05 0.000000e+00)
2.058         	3.462010e-07	(0.000000e+00 4.607563e-05 0.000000e+00)
2.059         	3.461350e-07	(0.000000e+00 4.607563e-05 0.000000e+00)
2.06          	3.460692e-07	(0.000000e+00 4.607563e-05 0.000000e+00)
2.061         	3.460025e-07	(0.000000e+00 4.607563e-05 0.000000e+00)
2.062         	3.459365e-07	(0.000000e+00 4.607563e-05 0.000000e+00)
2.063         	3.458699e-07	(0.000000e+00 4.607563e-05 0.000000e+00)
2.064         	3.458036e-07	(0.000000e+00 4.607563e-05 0.000000e+00)
2.065         	3.457374e-07	(0.000000e+00 4.607563e-05 0.000000e+00)
2.066         	3.456712e-07	(0.000000e+00 4.607563e-05 0.000000e+00)
2.067         	3.456049e-07	(0.000000e+00 4.607563e-05 0.000000e+00)
2.068         	3.455394e-07	(0.000000e+00 4.607563e-05 0.000000e+00)
2.069         	3.454724e-07	(0.000000e+00 4.607563e-05 0.000000e+00)
2.07          	3.454067e-07	(0.000000e+00 4.607563e-05 0.000000e+00)
2.071         	3.453407e-07	(0.000000e+00 4.607563e-05 0.000000e+00)
2.072         	3.452747e-07	(0.000000e+00 4.607563e-05 0.000000e+00)
2.073         	3.452087e-07	(0.000000e+00 4.607563e-05 0.000000e+00)
2.074         	3.451430e-07	(0.000000e+00 4.607563e-05 0.000000e+00)
2.075         	3.450769e-07	(0.000000e+00 4.607563e-05 0.000000e+00)
2.076         	3.450114e-07	(0.000000e+00 4.607563e-05 0.000000e+00)
2.077         	3.449458e-07	(0.000000e+00 4.607563e-05 0.000000e+00)
2.078         	3.448798e-07	(0.000000e+00 4.607563e-05 0.000000e+00)
2.079         	3.448142e-07	(0.000000e+00 4.607563e-05 0.000000e+00)
2.08          	3.447490e-07	(0.000000e+00 4.607563e-05 0.000000e+00)
2.081         	3.446830e-07	(0.000000e+00 4.607563e-05 0.000000e+00)
2.082         	3.446171e-07	(0.000000e+00 4.607563e-05 0.000000e+00)
2.083         	3.445517e-07	(0.000000e+00 4.607563e-05 0.000000e+00)
2.084         	3.444853e-07	(0.000000e+00 4.607563e-05 0.000000e+00)
2.085         	3.444225e-07	(0.000000e+00 4.607563e-05 0.000000e+00)
2.086         	3.443544e-07	(0.000000e+00 4.607563e-05 0.000000e+00)
2.087         	3.442885e-07	(0.000000e+00 4.607563e-05 0.000000e+00)
2.088         	3.442242e-07	(0.000000e+00 4.607563e-05 0.000000e+00)
2.089         	3.441593e-07	(0.000000e+00 4.607563e-05 0.000000e+00)
2.09          	3.440943e-07	(0.000000e+00 4.607563e-05 0.000000e+00)
2.091         	3.440289e-07	(0.000000e+00 4.607563e-05 0.000000e+00)
2.092         	3.439639e-07	(0.000000e+00 4.607563e-05 0.000000e+00)
2.093         	3.438987e-07	(0.000000e+00 4.607563e-05 0.000000e+00)
2.094         	3.438334e-07	(0.000000e+00 4.607563e-05 0.000000e+00)
2.095         	3.437680e-07	(0.000000e+00 4.607563e-05 0.000000e+00)
2.096         	3.437032e-07	(0.000000e+00 4.607563e-05 0.000000e+00)
2.097         	3.436388e-07	(0.000000e+00 4.607563e-05 0.000000e+00)
2.098         	3.435736e-07	(0.000000e+00 4.607563e-05 0.000000e+00)
2.099         	3.435092e-07	(0.000000e+00 4.607563e-05 0.000000e+00)
2.1           	3.434437e-07	(0.000000e+00 4.607563e-05 0.000000e+00)
2.101         	3.433787e-07	(0.000000e+00 4.607563e-05 0.000000e+00)
2.102         	3.433158e-07	(0.000000e+00 4.607563e-05 0.000000e+00)
2.103         	3.432507e-07	(0.000000e+00 4.607563e-05 0.000000e+00)
2.104         	3.431843e-07	(0.000000e+00 4.607563e-05 0.000000e+00)
2.105         	3.431207e-07	(0.000000e+00 4.607563e-05 0.000000e+00)
2.106         	3.430564e-07	(0.000000e+00 4.607563e-05 0.000000e+00)
2.107         	3.429940e-07	(0.000000e+00 4.607563e-05 0.000000e+00)
2.108         	3.429263e-07	(0.000000e+00 4.607563e-05 0.000000e+00)
2.109         	3.428637e-07	(0.000000e+00 4.607563e-05 0.000000e+00)
2.11          	3.427960e-07	(0.000000e+00 4.607563e-05 0.000000e+00)
2.111         	3.427317e-07	(0.000000e+00 4.607563e-05 0.000000e+00)
2.112         	3.426684e-07	(0.000000e+00 4.607563e-05 0.000000e+00)
2.113         	3.426052e-07	(0.000000e+00 4.607563e-05 0.000000e+00)
2.114         	3.425408e-07	(0.000000e+00 4.607563e-05 0.000000e+00)
2.115         	3.424765e-07	(0.000000e+00 4.607563e-05 0.000000e+00)
2.116         	3.424121e-07	(0.000000e+00 4.607563e-05 0.000000e+00)
2.117         	3.423484e-07	(0.000000e+00 4.607563e-05 0.000000e+00)
2.118         	3.422838e-07	(0.000000e+00 4.607563e-05 0.000000e+00)
2.119         	3.422197e-07	(0.000000e+00 4.607563e-05 0.000000e+00)
2.12          	3.421557e-07	(0.000000e+00 4.607563e-05 0.000000e+00)
2.121         	3.420920e-07	(0.000000e+00 4.607563e-05 0.000000e+00)
2.122         	3.420282e-07	(0.000000e+00 4.607563e-05 0.000000e+00)
2.123         	3.419647e-07	(0.000000e+00 4.607563e-05 0.000000e+00)
2.124         	3.418993e-07	(0.000000e+00 4.607563e-05 0.000000e+00)
2.125         	3.418362e-07	(0.000000e+00 4.607563e-05 0.000000e+00)
2.126         	3.417727e-07	(0.000000e+00 4.607563e-05 0.000000e+00)
2.127         	3.417079e-07	(0.000000e+00 4.607563e-05 0.000000e+00)
2.128         	3.416445e-07	(0.000000e+00 4.607563e-05 0.000000e+00)
2.129         	3.415816e-07	(0.000000e+00 4.607563e-05 0.000000e+00)
2.13          	3.415178e-07	(0.000000e+00 4.607563e-05 0.000000e+00)
2.131         	3.414542e-07	(0.000000e+00 4.607563e-05 0.000000e+00)
2.132         	3.413910e-07	(0.000000e+00 4.607563e-05 0.000000e+00)
2.133         	3.413268e-07	(0.000000e+00 4.607563e-05 0.000000e+00)
2.134         	3.412634e-07	(0.000000e+00 4.607563e-05 0.000000e+00)
2.135         	3.412002e-07	(0.000000e+00 4.607563e-05 0.000000e+00)
2.136         	3.411370e-07	(0.000000e+00 4.607563e-05 0.000000e+00)
2.137         	3.410718e-07	(0.000000e+00 4.607563e-05 0.000000e+00)
2.138         	3.410086e-07	(0.000000e+00 4.607563e-05 0.000000e+00)
2.139         	3.409460e-07	(0.000000e+00 4.607563e-05 0.000000e+00)
2.14          	3.408830e-07	(0.000000e+00 4.607563e-05 0.000000e+00)
2.141         	3.408208e-07	(0.000000e+00 4.607563e-05 0.000000e+00)
2.142         	3.407556e-07	(0.000000e+00 4.607563e-05 0.000000e+00)
2.143         	3.406931e-07	(0.000000e+00 4.607563e-05 0.000000e+00)
2.144         	3.406303e-07	(0.000000e+00 4.607563e-05 0.000000e+00)
2.145         	3.405670e-07	(0.000000e+00 4.607563e-05 0.000000e+00)
2.146         	3.405040e-07	(0.000000e+00 4.607563e-05 0.000000e+00)
2.147         	3.404407e-07	(0.000000e+00 4.607563e-05 0.000000e+00)
2.148         	3.403782e-07	(0.000000e+00 4.607563e-05 0.000000e+00)
2.149         	3.403150e-07	(0.000000e+00 4.607563e-05 0.000000e+00)
2.15          	3.402529e-07	(0.000000e+00 4.607563e-05 0.000000e+00)
2.151         	3.401893e-07	(0.000000e+00 4.607563e-05 0.000000e+00)
2.152         	3.401262e-07	(0.000000e+00 4.607563e-05 0.000000e+00)
2.153         	3.400639e-07	(0.000000e+00 4.607563e-05 0.000000e+00)
2.154         	3.400005e-07	(0.000000e+00 4.607563e-05 0.000000e+00)
2.155         	3.399380e-07	(0.000000e+00 4.607563e-05 0.000000e+00)
2.156         	3.398756e-07	(0.000000e+00 4.607563e-05 0.000000e+00)
2.157         	3.398141e-07	(0.000000e+00 4.607563e-05 0.000000e+00)
2.158         	3.397511e-07	(0.000000e+00 4.607563e-05 0.000000e+00)
2.159         	3.396888e-07	(0.000000e+00 4.607563e-05 0.000000e+00)
2.16          	3.396248e-07	(0.000000e+00 4.607563e-05 0.000000e+00)
2.161         	3.395627e-07	(0.000000e+00 4.607563e-05 0.000000e+00)
2.162         	3.395012e-07	(0.000000e+00 4.607563e-05 0.000000e+00)
2.163         	3.394388e-07	(0.000000e+00 4.607563e-05 0.000000e+00)
2.164         	3.393764e-07	(0.000000e+00 4.607563e-05 0.000000e+00)
2.165         	3.393147e-07	(0.000000e+00 4.607563e-05 0.000000e+00)
2.166         	3.392519e-07	(0.000000e+00 4.607563e-05 0.000000e+00)
2.167         	3.391905e-07	(0.000000e+00 4.607563e-05 0.000000e+00)
2.168         	3.391267e-07	(0.000000e+00 4.607563e-05 0.000000e+00)
2.169         	3.390650e-07	(0.000000e+00 4.607563e-05 0.000000e+00)
2.17          	3.390037e-07	(0.000000e+00 4.607563e-05 0.000000e+00)
2.171         	3.389423e-07	(0.000000e+00 4.607563e-05 0.000000e+00)
2.172         	3.388801e-07	(0.000000e+00 4.607563e-05 0.000000e+00)
2.173         	3.388160e-07	(0.000000e+00 4.607563e-05 0.000000e+00)
2.174         	3.387545e-07	(0.000000e+00 4.607563e-05 0.000000e+00)
2.175         	3.386936e-07	(0.000000e+00 4.607563e-05 0.000000e+00)
2.176         	3.386322e-07	(0.000000e+00 4.607563e-05 0.000000e+00)
2.177         	3.385700e-07	(0.000000e+00 4.607563e-05 0.000000e+00)
2.178         	3.385082e-07	(0.000000e+00 4.607563e-05 0.000000e+00)
2.179         	3.384460e-07	(0.000000e+00 4.607563e-05 0.000000e+00)
2.18          	3.383847e-07	(0.000000e+00 4.607563e-05 0.000000e+00)
2.181         	3.383234e-07	(0.000000e+00 4.607563e-05 0.000000e+00)
2.182         	3.382614e-07	(0.000000e+00 4.607563e-05 0.000000e+00)
2.183         	3.381994e-07	(0.000000e+00 4.607563e-05 0.000000e+00)
2.184         	3.381377e-07	(0.000000e+00 4.607563e-05 0.000000e+00)
2.185         	3.380773e-07	(0.000000e+00 4.607563e-05 0.000000e+00)
2.186         	3.380145e-07	(0.000000e+00 4.607563e-05 0.000000e+00)
2.187         	3.379536e-07	(0.000000e+00 4.607563e-05 0.000000e+00)
2.188         	3.378923e-07	(0.000000e+00 4.607563e-05 0.000000e+00)
2.189         	3.378304e-07	(0.000000e+00 4.607563e-05 0.000000e+00)
2.19          	3.377702e-07	(0.000000e+00 4.607563e-05 0.000000e+00)
2.191         	3.377078e-07	(0.000000e+00 4.607563e-05 0.000000e+00)
2.192         	3.376468e-07	(0.000000e+00 4.607563e-05 0.000000e+00)
2.193         	3.375864e-07	(0.000000e+00 4.607563e-05 0.000000e+00)
2.194         	3.375244e-07	(0.000000e+00 4.607563e-05 0.000000e+00)
2.195         	3.374643e-07	(0.000000e+00 4.607563e-05 0.000000e+00)
2.196         	3.374004e-07	(0.000000e+00 4.607563e-05 0.000000e+00)
2.197         	3.373403e-07	(0.000000e+00 4.607563e-05 0.000000e+00)
2.198         	3.372787e-07	(0.000000e+00 4.607563e-05 0.000000e+00)
2.199         	3.372183e-07	(0.000000e+00 4.607563e-05 0.000000e+00)
2.2           	3.371573e-07	(0.000000e+00 4.607563e-05 0.000000e+00)
2.201         	3.370964e-07	(0.000000e+00 4.607563e-05 0.000000e+00)
2.202         	3.370353e-07	(0.000000e+00 4.607563e-05 0.000000e+00)
2.203         	3.369747e-07	(0.000000e+00 4.607563e-05 0.000000e+00)
2.204         	3.369138e-07	(0.000000e+00 4.607563e-05 0.000000e+00)
2.205         	3.368535e-07	(0.000000e+00 4.607563e-05 0.000000e+00)
2.206         	3.367921e-07	(0.000000e+00 4.607563e-05 0.000000e+00)
2.207         	3.367311e-07	(0.000000e+00 4.607563e-05 0.000000e+00)
2.208         	3.366708e-07	(0.000000e+00 4.607563e-05 0.000000e+00)
2.209         	3.366097e-07	(0.000000e+00 4.607563e-05 0.000000e+00)
2.21          	3.365498e-07	(0.000000e+00 4.607563e-05 0.000000e+00)
2.211         	3.364887e-07	(0.000000e+00 4.607563e-05 0.000000e+00)
2.212         	3.364277e-07	(0.000000e+00 4.607563e-05 0.000000e+00)
2.213         	3.363677e-07	(0.000000e+00 4.607563e-05 0.000000e+00)
2.214         	3.363075e-07	(0.000000e+00 4.607563e-05 0.000000e+00)
2.215         	3.362468e-07	(0.000000e+00 4.607563e-05 0.000000e+00)
2.216         	3.361859e-07	(0.000000e+00 4.607563e-05 0.000000e+00)
2.217         	3.361261e-07	(0.000000e+00 4.607563e-05 0.000000e+00)
2.218         	3.360655e-07	(0.000000e+00 4.607563e-05 0.000000e+00)
2.219         	3.360046e-07	(0.000000e+00 4.607563e-05 0.000000e+00)
2.22          	3.359452e-07	(0.000000e+00 4.607563e-05 0.000000e+00)
2.221         	3.358851e-07	(0.000000e+00 4.607563e-05 0.000000e+00)
2.222         	3.358244e-07	(0.000000e+00 4.607563e-05 0.000000e+00)
2.223         	3.357645e-07	(0.000000e+00 4.607563e-05 0.000000e+00)
2.224         	3.357042e-07	(0.000000e+00 4.607563e-05 0.000000e+00)
2.225         	3.356437e-07	(0.000000e+00 4.607563e-05 0.000000e+00)
2.226         	3.355838e-07	(0.000000e+00 4.607563e-05 0.000000e+00)
2.227         	3.355242e-07	(0.000000e+00 4.607563e-05 0.000000e+00)
2.228         	3.354641e-07	(0.000000e+00 4.607563e-05 0.000000e+00)
2.229         	3.354031e-07	(0.000000e+00 4.607563e-05 0.000000e+00)
2.23          	3.353439e-07	(0.000000e+00 4.607563e-05 0.000000e+00)
2.231         	3.352846e-07	(0.000000e+00 4.607563e-05 0.000000e+00)
2.232         	3.352261e-07	(0.000000e+00 4.607563e-05 0.000000e+00)
2.233         	3.351646e-07	(0.000000e+00 4.607563e-05 0.000000e+00)
2.234         	3.351046e-07	(0.000000e+00 4.607563e-05 0.000000e+00)
2.235         	3.350450e-07	(0.000000e+00 4.607563e-05 0.000000e+00)
2.236         	3.349858e-07	(0.000000e+00 4.607563e-05 0.000000e+00)
2.237         	3.349268e-07	(0.000000e+00 4.607563e-05 0.000000e+00)
2.238         	3.348667e-07	(0.000000e+00 4.607563e-05 0.000000e+00)
2.239         	3.348078e-07	(0.000000e+00 4.607563e-05 0.000000e+00)
2.24          	3.347479e-07	(0.000000e+00 4.607563e-05 0.000000e+00)
2.241         	3.346884e-07	(0.000000e+00 4.607563e-05 0.000000e+00)
2.242         	3.346270e-07	(0.000000e+00 4.607563e-05 0.000000e+00)
2.243         	3.345679e-07	(0.000000e+00 4.607563e-05 0.000000e+00)
2.244         	3.345096e-07	(0.000000e+00 4.607563e-05 0.000000e+00)
2.245         	3.344503e-07	(0.000000e+00 4.607563e-05 0.000000e+00)
2.246         	3.343906e-07	(0.000000e+00 4.607563e-05 0.000000e+00)
2.247         	3.343313e-07	(0.000000e+00 4.607563e-05 0.000000e+00)
2.248         	3.342724e-07	(0.000000e+00 4.607563e-05 0.000000e+00)
2.249         	3.342131e-07	(0.000000e+00 4.607563e-05 0.000000e+00)
2.25          	3.341532e-07	(0.000000e+00 4.607563e-05 0.000000e+00)
2.251         	3.340946e-07	(0.000000e+00 4.607563e-05 0.000000e+00)
2.252         	3.340355e-07	(0.000000e+00 4.607563e-05 0.000000e+00)
2.253         	3.339764e-07	(0.000000e+00 4.607563e-05 0.000000e+00)
2.254         	3.339175e-07	(0.000000e+00 4.607563e-05 0.000000e+00)
2.255         	3.338587e-07	(0.000000e+00 4.607563e-05 0.000000e+00)
2.256         	3.338000e-07	(0.000000e+00 4.607563e-05 0.000000e+00)
2.257         	3.337408e-07	(0.000000e+00 4.607563e-05 0.000000e+00)
2.258         	3.336817e-07	(0.000000e+00 4.607563e-05 0.000000e+00)
2.259         	3.336209e-07	(0.000000e+00 4.607563e-05 0.000000e+00)
2.26          	3.335622e-07	(0.000000e+00 4.607563e-05 0.000000e+00)
2.261         	3.335010e-07	(0.000000e+00 4.607563e-05 0.000000e+00)
2.262         	3.334431e-07	(0.000000e+00 4.607563e-05 0.000000e+00)
2.263         	3.333850e-07	(0.000000e+00 4.607563e-05 0.000000e+00)
2.264         	3.333268e-07	(0.000000e+00 4.607563e-05 0.000000e+00)
2.265         	3.332675e-07	(0.000000e+00 4.607563e-05 0.000000e+00)
2.266         	3.332088e-07	(0.000000e+00 4.607563e-05 0.000000e+00)
2.267         	3.331501e-07	(0.000000e+00 4.607563e-05 0.000000e+00)
2.268         	3.330918e-07	(0.000000e+00 4.607563e-05 0.000000e+00)
2.269         	3.330334e-07	(0.000000e+00 4.607563e-05 0.000000e+00)
2.27          	3.329746e-07	(0.000000e+00 4.607563e-05 0.000000e+00)
2.271         	3.329152e-07	(0.000000e+00 4.607563e-05 0.000000e+00)
2.272         	3.328569e-07	(0.000000e+00 4.607563e-05 0.000000e+00)
2.273         	3.327990e-07	(0.000000e+00 4.607563e-05 0.000000e+00)
2.274         	3.327408e-07	(0.000000e+00 4.607563e-05 0.000000e+00)
2.275         	3.326822e-07	(0.000000e+00 4.607563e-05 0.000000e+00)
2.276         	3.326241e-07	(0.000000e+00 4.607563e-05 0.000000e+00)
2.277         	3.325661e-07	(0.000000e+00 4.607563e-05 0.000000e+00)
2.278         	3.325069e-07	(0.000000e+00 4.607563e-05 0.000000e+00)
2.279         	3.324493e-07	(0.000000e+00 4.607563e-05 0.000000e+00)
2.28          	3.323898e-07	(0.000000e+00 4.607563e-05 0.000000e+00)
2.281         	3.323317e-07	(0.000000e+00 4.607563e-05 0.000000e+00)
2.282         	3.322734e-07	(0.000000e+00 4.607563e-05 0.000000e+00)
2.283         	3.322160e-07	(0.000000e+00 4.607563e-05 0.000000e+00)
2.284         	3.321562e-07	(0.000000e+00 4.607563e-05 0.000000e+00)
2.285         	3.321002e-07	(0.000000e+00 4.607563e-05 0.000000e+00)
2.286         	3.320407e-07	(0.000000e+00 4.607563e-05 0.000000e+00)
2.287         	3.319831e-07	(0.000000e+00 4.607563e-05 0.000000e+00)
2.288         	3.319255e-07	(0.000000e+00 4.607563e-05 0.000000e+00)
2.289         	3.318677e-07	(0.000000e+00 4.607563e-05 0.000000e+00)
2.29          	3.318098e-07	(0.000000e+00 4.607563e-05 0.000000e+00)
2.291         	3.317520e-07	(0.000000e+00 4.607563e-05 0.000000e+00)
2.292         	3.316943e-07	(0.000000e+00 4.607563e-05 0.000000e+00)
2.293         	3.316367e-07	(0.000000e+00 4.607563e-05 0.000000e+00)
2.294         	3.315783e-07	(0.000000e+00 4.607563e-05 0.000000e+00)
2.295         	3.315208e-07	(0.000000e+00 4.607563e-05 0.000000e+00)
2.296         	3.314628e-07	(0.000000e+00 4.607563e-05 0.000000e+00)
2.297         	3.314062e-07	(0.000000e+00 4.607563e-05 0.000000e+00)
2.298         	3.313477e-07	(0.000000e+00 4.607563e-05 0.000000e+00)
2.299         	3.312896e-07	(0.000000e+00 4.607563e-05 0.000000e+00)
2.3           	3.312320e-07	(0.000000e+00 4.607563e-05 0.000000e+00)
2.301         	3.311754e-07	(0.000000e+00 4.607563e-05 0.000000e+00)
2.302         	3.311175e-07	(0.000000e+00 4.607563e-05 0.000000e+00)
2.303         	3.310595e-07	(0.000000e+00 4.607563e-05 0.000000e+00)
2.304         	3.310021e-07	(0.000000e+00 4.607563e-05 0.000000e+00)
2.305         	3.309448e-07	(0.000000e+00 4.607563e-05 0.000000e+00)
2.306         	3.308876e-07	(0.000000e+00 4.607563e-05 0.000000e+00)
2.307         	3.308302e-07	(0.000000e+00 4.607563e-05 0.000000e+00)
2.308         	3.307725e-07	(0.000000e+00 4.607563e-05 0.000000e+00)
2.309         	3.307153e-07	(0.000000e+00 4.607563e-05 0.000000e+00)
2.31          	3.306585e-07	(0.000000e+00 4.607563e-05 0.000000e+00)
2.311         	3.306010e-07	(0.000000e+00 4.607563e-05 0.000000e+00)
2.312         	3.305435e-07	(0.000000e+00 4.607563e-05 0.000000e+00)
2.313         	3.304863e-07	(0.000000e+00 4.607563e-05 0.000000e+00)
2.314         	3.304294e-07	(0.000000e+00 4.607563e-05 0.000000e+00)
2.315         	3.303719e-07	(0.000000e+00 4.607563e-05 0.000000e+00)
2.316         	3.303144e-07	(0.000000e+00 4.607563e-05 0.000000e+00)
2.317         	3.302577e-07	(0.000000e+00 4.607563e-05 0.000000e+00)
2.318         	3.302015e-07	(0.000000e+00 4.607563e-05 0.000000e+00)
2.319         	3.301446e-07	(0.000000e+00 4.607563e-05 0.000000e+00)
2.32          	3.300873e-07	(0.000000e+00 4.607563e-05 0.000000e+00)
2.321         	3.300308e-07	(0.000000e+00 4.607563e-05 0.000000e+00)
2.322         	3.299739e-07	(0.000000e+00 4.607563e-05 0.000000e+00)
2.323         	3.299170e-07	(0.000000e+00 4.607563e-05 0.000000e+00)
2.324         	3.298608e-07	(0.000000e+00 4.607563e-05 0.000000e+00)
2.325         	3.298048e-07	(0.000000e+00 4.607563e-05 0.000000e+00)
2.326         	3.297468e-07	(0.000000e+00 4.607563e-05 0.000000e+00)
2.327         	3.296889e-07	(0.000000e+00 4.607563e-05 0.000000e+00)
2.328         	3.296328e-07	(0.000000e+00 4.607563e-05 0.000000e+00)
2.329         	3.295769e-07	(0.000000e+00 4.607563e-05 0.000000e+00)
2.33          	3.295206e-07	(0.000000e+00 4.607563e-05 0.000000e+00)
2.331         	3.294640e-07	(0.000000e+00 4.607563e-05 0.000000e+00)
2.332         	3.294070e-07	(0.000000e+00 4.607563e-05 0.000000e+00)
2.333         	3.293501e-07	(0.000000e+00 4.607563e-05 0.000000e+00)
2.334         	3.292938e-07	(0.000000e+00 4.607563e-05 0.000000e+00)
2.335         	3.292377e-07	(0.000000e+00 4.607563e-05 0.000000e+00)
2.336         	3.291800e-07	(0.000000e+00 4.607563e-05 0.000000e+00)
2.337         	3.291241e-07	(0.000000e+00 4.607563e-05 0.000000e+00)
2.338         	3.290679e-07	(0.000000e+00 4.607563e-05 0.000000e+00)
2.339         	3.290113e-07	(0.000000e+00 4.607563e-05 0.000000e+00)
2.34          	3.289551e-07	(0.000000e+00 4.607563e-05 0.000000e+00)
2.341         	3.288993e-07	(0.000000e+00 4.607563e-05 0.000000e+00)
2.342         	3.288433e-07	(0.000000e+00 4.607563e-05 0.000000e+00)
2.343         	3.287860e-07	(0.000000e+00 4.607563e-05 0.000000e+00)
2.344         	3.287301e-07	(0.000000e+00 4.607563e-05 0.000000e+00)
2.345         	3.286740e-07	(0.000000e+00 4.607563e-05 0.000000e+00)
2.346         	3.286255e-07	(0.000000e+00 4.607563e-05 0.000000e+00)
2.347         	3.285533e-07	(0.000000e+00 4.607563e-05 0.000000e+00)
2.348         	3.285085e-07	(0.000000e+00 4.607563e-05 0.000000e+00)
2.349         	3.284524e-07	(0.000000e+00 4.607563e-05 0.000000e+00)
2.35          	3.283927e-07	(0.000000e+00 4.607563e-05 0.000000e+00)
2.351         	3.283369e-07	(0.000000e+00 4.607563e-05 0.000000e+00)
2.352         	3.282816e-07	(0.000000e+00 4.607563e-05 0.000000e+00)
2.353         	3.282258e-07	(0.000000e+00 4.607563e-05 0.000000e+00)
2.354         	3.281698e-07	(0.000000e+00 4.607563e-05 0.000000e+00)
2.355         	3.281140e-07	(0.000000e+00 4.607563e-05 0.000000e+00)
2.356         	3.280584e-07	(0.000000e+00 4.607563e-05 0.000000e+00)
2.357         	3.280022e-07	(0.000000e+00 4.607563e-05 0.000000e+00)
2.358         	3.279441e-07	(0.000000e+00 4.607563e-05 0.000000e+00)
2.359         	3.278886e-07	(0.000000e+00 4.607563e-05 0.000000e+00)
2.36          	3.278339e-07	(0.000000e+00 4.607563e-05 0.000000e+00)
2.361         	3.277786e-07	(0.000000e+00 4.607563e-05 0.000000e+00)
2.362         	3.277225e-07	(0.000000e+00 4.607563e-05 0.000000e+00)
2.363         	3.276666e-07	(0.000000e+00 4.607563e-05 0.000000e+00)
2.364         	3.276114e-07	(0.000000e+00 4.607563e-05 0.000000e+00)
2.365         	3.275565e-07	(0.000000e+00 4.607563e-05 0.000000e+00)
2.366         	3.275010e-07	(0.000000e+00 4.607563e-05 0.000000e+00)
2.367         	3.274450e-07	(0.000000e+00 4.607563e-05 0.000000e+00)
2.368         	3.273891e-07	(0.000000e+00 4.607563e-05 0.000000e+00)
2.369         	3.273341e-07	(0.000000e+00 4.607563e-05 0.000000e+00)
2.37          	3.272801e-07	(0.000000e+00 4.607563e-05 0.000000e+00)
2.371         	3.272218e-07	(0.000000e+00 4.607563e-05 0.000000e+00)
2.372         	3.271667e-07	(0.000000e+00 4.607563e-05 0.000000e+00)
2.373         	3.271128e-07	(0.000000e+00 4.607563e-05 0.000000e+00)
2.374         	3.270571e-07	(0.000000e+00 4.607563e-05 0.000000e+00)
2.375         	3.270021e-07	(0.000000e+00 4.607563e-05 0.000000e+00)
2.376         	3.269466e-07	(0.000000e+00 4.607563e-05 0.000000e+00)
2.377         	3.268918e-07	(0.000000e+00 4.607563e-05 0.000000e+00)
2.378         	3.268366e-07	(0.000000e+00 4.607563e-05 0.000000e+00)
2.379         	3.267812e-07	(0.000000e+00 4.607563e-05 0.000000e+00)
2.38          	3.267261e-07	(0.000000e+00 4.607563e-05 0.000000e+00)
2.381         	3.266714e-07	(0.000000e+00 4.607563e-05 0.000000e+00)
2.382         	3.266166e-07	(0.000000e+00 4.607563e-05 0.000000e+00)
2.383         	3.265610e-07	(0.000000e+00 4.607563e-05 0.000000e+00)
2.384         	3.265054e-07	(0.000000e+00 4.607563e-05 0.000000e+00)
2.385         	3.264513e-07	(0.000000e+00 4.607563e-05 0.000000e+00)
2.386         	3.263966e-07	(0.000000e+00 4.607563e-05 0.000000e+00)
2.387         	3.263415e-07	(0.000000e+00 4.607563e-05 0.000000e+00)
2.388         	3.262867e-07	(0.000000e+00 4.607563e-05 0.000000e+00)
2.389         	3.262363e-07	(0.000000e+00 4.607563e-05 0.000000e+00)
2.39          	3.261730e-07	(0.000000e+00 4.607563e-05 0.000000e+00)
2.391         	3.261210e-07	(0.000000e+00 4.607563e-05 0.000000e+00)
2.392         	3.260651e-07	(0.000000e+00 4.607563e-05 0.000000e+00)
2.393         	3.260118e-07	(0.000000e+00 4.607563e-05 0.000000e+00)
2.394         	3.259598e-07	(0.000000e+00 4.607563e-05 0.000000e+00)
2.395         	3.259017e-07	(0.000000e+00 4.607563e-05 0.000000e+00)
2.396         	3.258471e-07	(0.000000e+00 4.607563e-05 0.000000e+00)
2.397         	3.257936e-07	(0.000000e+00 4.607563e-05 0.000000e+00)
2.398         	3.257398e-07	(0.000000e+00 4.607563e-05 0.000000e+00)
2.399         	3.256845e-07	(0.000000e+00 4.607563e-05 0.000000e+00)
2.4           	3.256304e-07	(0.000000e+00 4.607563e-05 0.000000e+00)
2.401         	3.255763e-07	(0.000000e+00 4.607563e-05 0.000000e+00)
2.402         	3.255207e-07	(0.000000e+00 4.607563e-05 0.000000e+00)
2.403         	3.254667e-07	(0.000000e+00 4.607563e-05 0.000000e+00)
2.404         	3.254127e-07	(0.000000e+00 4.607563e-05 0.000000e+00)
2.405         	3.253592e-07	(0.000000e+00 4.607563e-05 0.000000e+00)
2.406         	3.253040e-07	(0.000000e+00 4.607563e-05 0.000000e+00)
2.407         	3.252476e-07	(0.000000e+00 4.607563e-05 0.000000e+00)
2.408         	3.251946e-07	(0.000000e+00 4.607563e-05 0.000000e+00)
2.409         	3.251406e-07	(0.000000e+00 4.607563e-05 0.000000e+00)
2.41          	3.250867e-07	(0.000000e+00 4.607563e-05 0.000000e+00)
2.411         	3.250319e-07	(0.000000e+00 4.607563e-05 0.000000e+00)
2.412         	3.249777e-07	(0.000000e+00 4.607563e-05 0.000000e+00)
2.413         	3.249240e-07	(0.000000e+00 4.607563e-05 0.000000e+00)
2.414         	3.248702e-07	(0.000000e+00 4.607563e-05 0.000000e+00)
2.415         	3.248157e-07	(0.000000e+00 4.607563e-05 0.000000e+00)
2.416         	3.247618e-07	(0.000000e+00 4.607563e-05 0.000000e+00)
2.417         	3.247076e-07	(0.000000e+00 4.607563e-05 0.000000e+00)
2.418         	3.246538e-07	(0.000000e+00 4.607563e-05 0.000000e+00)
2.419         	3.245986e-07	(0.000000e+00 4.607563e-05 0.000000e+00)
2.42          	3.245447e-07	(0.000000e+00 4.607563e-05 0.000000e+00)
2.421         	3.244918e-07	(0.000000e+00 4.607563e-05 0.000000e+00)
2.422         	3.244378e-07	(0.000000e+00 4.607563e-05 0.000000e+00)
2.423         	3.243833e-07	(0.000000e+00 4.607563e-05 0.000000e+00)
2.424         	3.243300e-07	(0.000000e+00 4.607563e-05 0.000000e+00)
2.425         	3.242761e-07	(0.000000e+00 4.607563e-05 0.000000e+00)
2.426         	3.242236e-07	(0.000000e+00 4.607563e-05 0.000000e+00)
2.427         	3.241677e-07	(0.000000e+00 4.607563e-05 0.000000e+00)
2.428         	3.241135e-07	(0.000000e+00 4.607563e-05 0.000000e+00)
2.429         	3.240605e-07	(0.000000e+00 4.607563e-05 0.000000e+00)
2.43          	3.240070e-07	(0.000000e+00 4.607563e-05 0.000000e+00)
2.431         	3.239536e-07	(0.000000e+00 4.607563e-05 0.000000e+00)
2.432         	3.239001e-07	(0.000000e+00 4.607563e-05 0.000000e+00)
2.433         	3.238465e-07	(0.000000e+00 4.607563e-05 0.000000e+00)
2.434         	3.237935e-07	(0.000000e+00 4.607563e-05 0.000000e+00)
2.435         	3.237381e-07	(0.000000e+00 4.607563e-05 0.000000e+00)
2.436         	3.236854e-07	(0.000000e+00 4.607563e-05 0.000000e+00)
2.437         	3.236339e-07	(0.000000e+00 4.607563e-05 0.000000e+00)
2.438         	3.235800e-07	(0.000000e+00 4.607563e-05 0.000000e+00)
2.439         	3.235244e-07	(0.000000e+00 4.607563e-05 0.000000e+00)
2.44          	3.234720e-07	(0.000000e+00 4.607563e-05 0.000000e+00)
2.441         	3.234190e-07	(0.000000e+00 4.607563e-05 0.000000e+00)
2.442         	3.233658e-07	(0.000000e+00 4.607563e-05 0.000000e+00)
2.443         	3.233127e-07	(0.000000e+00 4.607563e-05 0.000000e+00)
2.444         	3.232600e-07	(0.000000e+00 4.607563e-05 0.000000e+00)
2.445         	3.232063e-07	(0.000000e+00 4.607563e-05 0.000000e+00)
2.446         	3.231529e-07	(0.000000e+00 4.607563e-05 0.000000e+00)
2.447         	3.230995e-07	(0.000000e+00 4.607563e-05 0.000000e+00)
2.448         	3.230464e-07	(0.000000e+00 4.607563e-05 0.000000e+00)
2.449         	3.229934e-07	(0.000000e+00 4.607563e-05 0.000000e+00)
2.45          	3.229406e-07	(0.000000e+00 4.607563e-05 0.000000e+00)
2.451         	3.228872e-07	(0.000000e+00 4.607563e-05 0.000000e+00)
2.452         	3.228348e-07	(0.000000e+00 4.607563e-05 0.000000e+00)
2.453         	3.227812e-07	(0.000000e+00 4.607563e-05 0.000000e+00)
2.454         	3.227283e-07	(0.000000e+00 4.607563e-05 0.000000e+00)
2.455         	3.226751e-07	(0.000000e+00 4.607563e-05 0.000000e+00)
2.456         	3.226226e-07	(0.000000e+00 4.607563e-05 0.000000e+00)
2.457         	3.225691e-07	(0.000000e+00 4.607563e-05 0.000000e+00)
2.458         	3.225159e-07	(0.000000e+00 4.607563e-05 0.000000e+00)
2.459         	3.224638e-07	(0.000000e+00 4.607563e-05 0.000000e+00)
2.46          	3.224109e-07	(0.000000e+00 4.607563e-05 0.000000e+00)
2.461         	3.223580e-07	(0.000000e+00 4.607563e-05 0.000000e+00)
2.462         	3.223050e-07	(0.000000e+00 4.607563e-05 0.000000e+00)
2.463         	3.222523e-07	(0.000000e+00 4.607563e-05 0.000000e+00)
2.464         	3.221993e-07	(0.000000e+00 4.607563e-05 0.000000e+00)
2.465         	3.221470e-07	(0.000000e+00 4.607563e-05 0.000000e+00)
2.466         	3.220944e-07	(0.000000e+00 4.607563e-05 0.000000e+00)
2.467         	3.220422e-07	(0.000000e+00 4.607563e-05 0.000000e+00)
2.468         	3.219889e-07	(0.000000e+00 4.607563e-05 0.000000e+00)
2.469         	3.219357e-07	(0.000000e+00 4.607563e-05 0.000000e+00)
2.47          	3.218842e-07	(0.000000e+00 4.607563e-05 0.000000e+00)
2.471         	3.218307e-07	(0.000000e+00 4.607563e-05 0.000000e+00)
2.472         	3.217782e-07	(0.000000e+00 4.607563e-05 0.000000e+00)
2.473         	3.217261e-07	(0.000000e+00 4.607563e-05 0.000000e+00)
2.474         	3.216744e-07	(0.000000e+00 4.607563e-05 0.000000e+00)
2.475         	3.216208e-07	(0.000000e+00 4.607563e-05 0.000000e+00)
2.476         	3.215697e-07	(0.000000e+00 4.607563e-05 0.000000e+00)
2.477         	3.215165e-07	(0.000000e+00 4.607563e-05 0.000000e+00)
2.478         	3.214640e-07	(0.000000e+00 4.607563e-05 0.000000e+00)
2.479         	3.214122e-07	(0.000000e+00 4.607563e-05 0.000000e+00)
2.48          	3.213604e-07	(0.000000e+00 4.607563e-05 0.000000e+00)
2.481         	3.213078e-07	(0.000000e+00 4.607563e-05 0.000000e+00)
2.482         	3.212552e-07	(0.000000e+00 4.607563e-05 0.000000e+00)
2.483         	3.212036e-07	(0.000000e+00 4.607563e-05 0.000000e+00)
2.484         	3.211505e-07	(0.000000e+00 4.607563e-05 0.000000e+00)
2.485         	3.210990e-07	(0.000000e+00 4.607563e-05 0.000000e+00)
2.486         	3.210467e-07	(0.000000e+00 4.607563e-05 0.000000e+00)
2.487         	3.209943e-07	(0.000000e+00 4.607563e-05 0.000000e+00)
2.488         	3.209428e-07	(0.000000e+00 4.607563e-05 0.000000e+00)
2.489         	3.208908e-07	(0.000000e+00 4.607563e-05 0.000000e+00)
2.49          	3.208382e-07	(0.000000e+00 4.607563e-05 0.000000e+00)
2.491         	3.207867e-07	(0.000000e+00 4.607563e-05 0.000000e+00)
2.492         	3.207345e-07	(0.000000e+00 4.607563e-05 0.000000e+00)
2.493         	3.206827e-07	(0.000000e+00 4.607563e-05 0.000000e+00)
2.494         	3.206309e-07	(0.000000e+00 4.607563e-05 0.000000e+00)
2.495         	3.205787e-07	(0.000000e+00 4.607563e-05 0.000000e+00)
2.496         	3.205273e-07	(0.000000e+00 4.607563e-05 0.000000e+00)
2.497         	3.204755e-07	(0.000000e+00 4.607563e-05 0.000000e+00)
2.498         	3.204235e-07	(0.000000e+00 4.607563e-05 0.000000e+00)
2.499         	3.203717e-07	(0.000000e+00 4.607563e-05 0.000000e+00)
2.5           	3.203204e-07	(0.000000e+00 4.607563e-05 0.000000e+00)
2.501         	3.202684e-07	(0.000000e+00 4.607563e-05 0.000000e+00)
2.502         	3.202169e-07	(0.000000e+00 4.607563e-05 0.000000e+00)
2.503         	3.201648e-07	(0.000000e+00 4.607563e-05 0.000000e+00)
2.504         	3.201140e-07	(0.000000e+00 4.607563e-05 0.000000e+00)
2.505         	3.200613e-07	(0.000000e+00 4.607563e-05 0.000000e+00)
2.506         	3.200104e-07	(0.000000e+00 4.607563e-05 0.000000e+00)
2.507         	3.199591e-07	(0.000000e+00 4.607563e-05 0.000000e+00)
2.508         	3.199063e-07	(0.000000e+00 4.607563e-05 0.000000e+00)
2.509         	3.198553e-07	(0.000000e+00 4.607563e-05 0.000000e+00)
2.51          	3.198043e-07	(0.000000e+00 4.607563e-05 0.000000e+00)
2.511         	3.197530e-07	(0.000000e+00 4.607563e-05 0.000000e+00)
2.512         	3.197008e-07	(0.000000e+00 4.607563e-05 0.000000e+00)
2.513         	3.196503e-07	(0.000000e+00 4.607563e-05 0.000000e+00)
2.514         	3.195978e-07	(0.000000e+00 4.607563e-05 0.000000e+00)
2.515         	3.195466e-07	(0.000000e+00 4.607563e-05 0.000000e+00)
2.516         	3.194962e-07	(0.000000e+00 4.607563e-05 0.000000e+00)
2.517         	3.194439e-07	(0.000000e+00 4.607563e-05 0.000000e+00)
2.518         	3.193932e-07	(0.000000e+00 4.607563e-05 0.000000e+00)
2.519         	3.193418e-07	(0.000000e+00 4.607563e-05 0.000000e+00)
2.52          	3.192910e-07	(0.000000e+00 4.607563e-05 0.000000e+00)
2.521         	3.192396e-07	(0.000000e+00 4.607563e-05 0.000000e+00)
2.522         	3.191882e-07	(0.000000e+00 4.607563e-05 0.000000e+00)
2.523         	3.191368e-07	(0.000000e+00 4.607563e-05 0.000000e+00)
2.524         	3.190860e-07	(0.000000e+00 4.607563e-05 0.000000e+00)
2.525         	3.190357e-07	(0.000000e+00 4.607563e-05 0.000000e+00)
2.526         	3.189841e-07	(0.000000e+00 4.607563e-05 0.000000e+00)
2.527         	3.189323e-07	(0.000000e+00 4.607563e-05 0.000000e+00)
2.528         	3.188817e-07	(0.000000e+00 4.607563e-05 0.000000e+00)
2.529         	3.188311e-07	(0.000000e+00 4.607563e-05 0.000000e+00)
2.53          	3.187806e-07	(0.000000e+00 4.607563e-05 0.000000e+00)
2.531         	3.187291e-07	(0.000000e+00 4.607563e-05 0.000000e+00)
2.532         	3.186781e-07	(0.000000e+00 4.607563e-05 0.000000e+00)
2.533         	3.186272e-07	(0.000000e+00 4.607563e-05 0.000000e+00)
2.534         	3.185769e-07	(0.000000e+00 4.607563e-05 0.000000e+00)
2.535         	3.185256e-07	(0.000000e+00 4.607563e-05 0.000000e+00)
2.536         	3.184749e-07	(0.000000e+00 4.607563e-05 0.000000e+00)
2.537         	3.184238e-07	(0.000000e+00 4.607563e-05 0.000000e+00)
2.538         	3.183736e-07	(0.000000e+00 4.607563e-05 0.000000e+00)
2.539         	3.183231e-07	(0.000000e+00 4.607563e-05 0.000000e+00)
2.54          	3.182715e-07	(0.000000e+00 4.607563e-05 0.000000e+00)
2.541         	3.182217e-07	(0.000000e+00 4.607563e-05 0.000000e+00)
2.542         	3.181711e-07	(0.000000e+00 4.607563e-05 0.000000e+00)
2.543         	3.181203e-07	(0.000000e+00 4.607563e-05 0.000000e+00)
2.544         	3.180697e-07	(0.000000e+00 4.607563e-05 0.000000e+00)
2.545         	3.180178e-07	(0.000000e+00 4.607563e-05 0.000000e+00)
2.546         	3.179685e-07	(0.000000e+00 4.607563e-05 0.000000e+00)
2.547         	3.179175e-07	(0.000000e+00 4.607563e-05 0.000000e+00)
2.548         	3.178681e-07	(0.000000e+00 4.607563e-05 0.000000e+00)
2.549         	3.178163e-07	(0.000000e+00 4.607563e-05 0.000000e+00)
2.55          	3.177651e-07	(0.000000e+00 4.607563e-05 0.000000e+00)
2.551         	3.177167e-07	(0.000000e+00 4.607563e-05 0.000000e+00)
2.552         	3.176647e-07	(0.000000e+00 4.607563e-05 0.000000e+00)
2.553         	3.176159e-07	(0.000000e+00 4.607563e-05 0.000000e+00)
2.554         	3.175648e-07	(0.000000e+00 4.607563e-05 0.000000e+00)
2.555         	3.175142e-07	(0.000000e+00 4.607563e-05 0.000000e+00)
2.556         	3.174640e-07	(0.000000e+00 4.607563e-05 0.000000e+00)
2.557         	3.174141e-07	(0.000000e+00 4.607563e-05 0.000000e+00)
2.558         	3.173643e-07	(0.000000e+00 4.607563e-05 0.000000e+00)
2.559         	3.173146e-07	(0.000000e+00 4.607563e-05 0.000000e+00)
2.56          	3.172647e-07	(0.000000e+00 4.607563e-05 0.000000e+00)
2.561         	3.172130e-07	(0.000000e+00 4.607563e-05 0.000000e+00)
2.562         	3.171618e-07	(0.000000e+00 4.607563e-05 0.000000e+00)
2.563         	3.171121e-07	(0.000000e+00 4.607563e-05 0.000000e+00)
2.564         	3.170625e-07	(0.000000e+00 4.607563e-05 0.000000e+00)
2.565         	3.170126e-07	(0.000000e+00 4.607563e-05 0.000000e+00)
2.566         	3.169631e-07	(0.000000e+00 4.607563e-05 0.000000e+00)
2.567         	3.169139e-07	(0.000000e+00 4.607563e-05 0.000000e+00)
2.568         	3.168607e-07	(0.000000e+00 4.607563e-05 0.000000e+00)
2.569         	3.168118e-07	(0.000000e+00 4.607563e-05 0.000000e+00)
2.57          	3.167624e-07	(0.000000e+00 4.607563e-05 0.000000e+00)
2.571         	3.167130e-07	(0.000000e+00 4.607563e-05 0.000000e+00)
2.572         	3.166628e-07	(0.000000e+00 4.607563e-05 0.000000e+00)
2.573         	3.166135e-07	(0.000000e+00 4.607563e-05 0.000000e+00)
2.574         	3.165638e-07	(0.000000e+00 4.607563e-05 0.000000e+00)
2.575         	3.165126e-07	(0.000000e+00 4.607563e-05 0.000000e+00)
2.576         	3.164636e-07	(0.000000e+00 4.607563e-05 0.000000e+00)
2.577         	3.164135e-07	(0.000000e+00 4.607563e-05 0.000000e+00)
2.578         	3.163639e-07	(0.000000e+00 4.607563e-05 0.000000e+00)
2.579         	3.163145e-07	(0.000000e+00 4.607563e-05 0.000000e+00)
2.58          	3.162647e-07	(0.000000e+00 4.607563e-05 0.000000e+00)
2.581         	3.162153e-07	(0.000000e+00 4.607563e-05 0.000000e+00)
2.582         	3.161655e-07	(0.000000e+00 4.607563e-05 0.000000e+00)
2.583         	3.161160e-07	(0.000000e+00 4.607563e-05 0.000000e+00)
2.584         	3.160666e-07	(0.000000e+00 4.607563e-05 0.000000e+00)
2.585         	3.160161e-07	(0.000000e+00 4.607563e-05 0.000000e+00)
2.586         	3.159673e-07	(0.000000e+00 4.607563e-05 0.000000e+00)
2.587         	3.159177e-07	(0.000000e+00 4.607563e-05 0.000000e+00)
2.588         	3.158679e-07	(0.000000e+00 4.607563e-05 0.000000e+00)
2.589         	3.158185e-07	(0.000000e+00 4.607563e-05 0.000000e+00)
2.59          	3.157695e-07	(0.000000e+00 4.607563e-05 0.000000e+00)
2.591         	3.157202e-07	(0.000000e+00 4.607563e-05 0.000000e+00)
2.592         	3.156711e-07	(0.000000e+00 4.607563e-05 0.000000e+00)
2.593         	3.156213e-07	(0.000000e+00 4.607563e-05 0.000000e+00)
2.594         	3.155708e-07	(0.000000e+00 4.607563e-05 0.000000e+00)
2.595         	3.155228e-07	(0.000000e+00 4.607563e-05 0.000000e+00)
2.596         	3.154735e-07	(0.000000e+00 4.607563e-05 0.000000e+00)
2.597         	3.154247e-07	(0.000000e+00 4.607563e-05 0.000000e+00)
2.598         	3.153749e-07	(0.000000e+00 4.607563e-05 0.000000e+00)
2.599         	3.153246e-07	(0.000000e+00 4.607563e-05 0.000000e+00)
2.6           	3.152761e-07	(0.000000e+00 4.607563e-05 0.000000e+00)
2.601         	3.152268e-07	(0.000000e+00 4.607563e-05 0.000000e+00)
2.602         	3.151780e-07	(0.000000e+00 4.607563e-05 0.000000e+00)
2.603         	3.151290e-07	(0.000000e+00 4.607563e-05 0.000000e+00)
2.604         	3.150799e-07	(0.000000e+00 4.607563e-05 0.000000e+00)
2.605         	3.150314e-07	(0.000000e+00 4.607563e-05 0.000000e+00)
2.606         	3.149817e-07	(0.000000e+00 4.607563e-05 0.000000e+00)
2.607         	3.149330e-07	(0.000000e+00 4.607563e-05 0.000000e+00)
2.608         	3.148838e-07	(0.000000e+00 4.607563e-05 0.000000e+00)
2.609         	3.148346e-07	(0.000000e+00 4.607563e-05 0.000000e+00)
2.61          	3.147862e-07	(0.000000e+00 4.607563e-05 0.000000e+00)
2.611         	3.147364e-07	(0.000000e+00 4.607563e-05 0.000000e+00)
2.612         	3.146881e-07	(0.000000e+00 4.607563e-05 0.000000e+00)
2.613         	3.146389e-07	(0.000000e+00 4.607563e-05 0.000000e+00)
2.614         	3.145901e-07	(0.000000e+00 4.607563e-05 0.000000e+00)
2.615         	3.145412e-07	(0.000000e+00 4.607563e-05 0.000000e+00)
2.616         	3.144923e-07	(0.000000e+00 4.607563e-05 0.000000e+00)
2.617         	3.144436e-07	(0.000000e+00 4.607563e-05 0.000000e+00)
2.618         	3.143947e-07	(0.000000e+00 4.607563e-05 0.000000e+00)
2.619         	3.143467e-07	(0.000000e+00 4.607563e-05 0.000000e+00)
2.62          	3.142977e-07	(0.000000e+00 4.607563e-05 0.000000e+00)
2.621         	3.142485e-07	(0.000000e+00 4.607563e-05 0.000000e+00)
2.622         	3.142002e-07	(0.000000e+00 4.607563e-05 0.000000e+00)
2.623         	3.141517e-07	(0.000000e+00 4.607563e-05 0.000000e+00)
2.624         	3.141028e-07	(0.000000e+00 4.607563e-05 0.000000e+00)
2.625         	3.140541e-07	(0.000000e+00 4.607563e-05 0.000000e+00)
2.626         	3.140057e-07	(0.000000e+00 4.607563e-05 0.000000e+00)
2.627         	3.139569e-07	(0.000000e+00 4.607563e-05 0.000000e+00)
2.628         	3.139084e-07	(0.000000e+00 4.607563e-05 0.000000e+00)
2.629         	3.138602e-07	(0.000000e+00 4.607563e-05 0.000000e+00)
2.63          	3.138118e-07	(0.000000e+00 4.607563e-05 0.000000e+00)
2.631         	3.137633e-07	(0.000000e+00 4.607563e-05 0.000000e+00)
2.632         	3.137143e-07	(0.000000e+00 4.607563e-05 0.000000e+00)
2.633         	3.136657e-07	(0.000000e+00 4.607563e-05 0.000000e+00)
2.634         	3.136183e-07	(0.000000e+00 4.607563e-05 0.000000e+00)
2.635         	3.135694e-07	(0.000000e+00 4.607563e-05 0.000000e+00)
2.636         	3.135201e-07	(0.000000e+00 4.607563e-05 0.000000e+00)
2.637         	3.134717e-07	(0.000000e+00 4.607563e-05 0.000000e+00)
2.638         	3.134244e-07	(0.000000e+00 4.607563e-05 0.000000e+00)
2.639         	3.133764e-07	(0.000000e+00 4.607563e-05 0.000000e+00)
2.64          	3.133271e-07	(0.000000e+00 4.607563e-05 0.000000e+00)
2.641         	3.132792e-07	(0.000000e+00 4.607563e-05 0.000000e+00)
2.642         	3.132318e-07	(0.000000e+00 4.607563e-05 0.000000e+00)
2.643         	3.131829e-07	(0.000000e+00 4.607563e-05 0.000000e+00)
2.644         	3.131347e-07	(0.000000e+00 4.607563e-05 0.000000e+00)
2.645         	3.130867e-07	(0.000000e+00 4.607563e-05 0.000000e+00)
2.646         	3.130389e-07	(0.000000e+00 4.607563e-05 0.000000e+00)
2.647         	3.129908e-07	(0.000000e+00 4.607563e-05 0.000000e+00)
2.648         	3.129435e-07	(0.000000e+00 4.607563e-05 0.000000e+00)
2.649         	3.128941e-07	(0.000000e+00 4.607563e-05 0.000000e+00)
2.65          	3.128473e-07	(0.000000e+00 4.607563e-05 0.000000e+00)
2.651         	3.127978e-07	(0.000000e+00 4.607563e-05 0.000000e+00)
2.652         	3.127509e-07	(0.000000e+00 4.607563e-05 0.000000e+00)
2.653         	3.127030e-07	(0.000000e+00 4.607563e-05 0.000000e+00)
2.654         	3.126554e-07	(0.000000e+00 4.607563e-05 0.000000e+00)
2.655         	3.126070e-07	(0.000000e+00 4.607563e-05 0.000000e+00)
2.656         	3.125593e-07	(0.000000e+00 4.607563e-05 0.000000e+00)
2.657         	3.125118e-07	(0.000000e+00 4.607563e-05 0.000000e+00)
2.658         	3.124639e-07	(0.000000e+00 4.607563e-05 0.000000e+00)
2.659         	3.124169e-07	(0.000000e+00 4.607563e-05 0.000000e+00)
2.66          	3.123678e-07	(0.000000e+00 4.607563e-05 0.000000e+00)
2.661         	3.123200e-07	(0.000000e+00 4.607563e-05 0.000000e+00)
2.662         	3.122724e-07	(0.000000e+00 4.607563e-05 0.000000e+00)
2.663         	3.122250e-07	(0.000000e+00 4.607563e-05 0.000000e+00)
2.664         	3.121776e-07	(0.000000e+00 4.607563e-05 0.000000e+00)
2.665         	3.121293e-07	(0.000000e+00 4.607563e-05 0.000000e+00)
2.666         	3.120818e-07	(0.000000e+00 4.607563e-05 0.000000e+00)
2.667         	3.120335e-07	(0.000000e+00 4.607563e-05 0.000000e+00)
2.668         	3.119870e-07	(0.000000e+00 4.607563e-05 0.000000e+00)
2.669         	3.119393e-07	(0.000000e+00 4.607563e-05 0.000000e+00)
2.67          	3.118916e-07	(0.000000e+00 4.607563e-05 0.000000e+00)
2.671         	3.118448e-07	(0.000000e+00 4.607563e-05 0.000000e+00)
2.672         	3.117962e-07	(0.000000e+00 4.607563e-05 0.000000e+00)
2.673         	3.117493e-07	(0.000000e+00 4.607563e-05 0.000000e+00)
2.674         	3.117025e-07	(0.000000e+00 4.607563e-05 0.000000e+00)
2.675         	3.116543e-07	(0.000000e+00 4.607563e-05 0.000000e+00)
2.676         	3.116064e-07	(0.000000e+00 4.607563e-05 0.000000e+00)
2.677         	3.115597e-07	(0.000000e+00 4.607563e-05 0.000000e+00)
2.678         	3.115124e-07	(0.000000e+00 4.607563e-05 0.000000e+00)
2.679         	3.114650e-07	(0.000000e+00 4.607563e-05 0.000000e+00)
2.68          	3.114180e-07	(0.000000e+00 4.607563e-05 0.000000e+00)
2.681         	3.113703e-07	(0.000000e+00 4.607563e-05 0.000000e+00)
2.682         	3.113231e-07	(0.000000e+00 4.607563e-05 0.000000e+00)
2.683         	3.112760e-07	(0.000000e+00 4.607563e-05 0.000000e+00)
2.684         	3.112289e-07	(0.000000e+00 4.607563e-05 0.000000e+00)
2.685         	3.111817e-07	(0.000000e+00 4.607563e-05 0.000000e+00)
2.686         	3.111342e-07	(0.000000e+00 4.607563e-05 0.000000e+00)
2.687         	3.110871e-07	(0.000000e+00 4.607563e-05 0.000000e+00)
2.688         	3.110401e-07	(0.000000e+00 4.607563e-05 0.000000e+00)
2.689         	3.109930e-07	(0.000000e+00 4.607563e-05 0.000000e+00)
2.69          	3.109456e-07	(0.000000e+00 4.607563e-05 0.000000e+00)
2.691         	3.108987e-07	(0.000000e+00 4.607563e-05 0.000000e+00)
2.692         	3.108518e-07	(0.000000e+00 4.607563e-05 0.000000e+00)
2.693         	3.108049e-07	(0.000000e+00 4.607563e-05 0.000000e+00)
2.694         	3.107574e-07	(0.000000e+00 4.607563e-05 0.000000e+00)
2.695         	3.107107e-07	(0.000000e+00 4.607563e-05 0.000000e+00)
2.696         	3.106636e-07	(0.000000e+00 4.607563e-05 0.000000e+00)
2.697         	3.106167e-07	(0.000000e+00 4.607563e-05 0.000000e+00)
2.698         	3.105699e-07	(0.000000e+00 4.607563e-05 0.000000e+00)
2.699         	3.105229e-07	(0.000000e+00 4.607563e-05 0.000000e+00)
2.7           	3.104760e-07	(0.000000e+00 4.607563e-05 0.000000e+00)
2.701         	3.104293e-07	(0.000000e+00 4.607563e-05 0.000000e+00)
2.702         	3.103824e-07	(0.000000e+00 4.607563e-05 0.000000e+00)
2.703         	3.103355e-07	(0.000000e+00 4.607563e-05 0.000000e+00)
2.704         	3.102888e-07	(0.000000e+00 4.607563e-05 0.000000e+00)
2.705         	3.102423e-07	(0.000000e+00 4.607563e-05 0.000000e+00)
2.706         	3.101958e-07	(0.000000e+00 4.607563e-05 0.000000e+00)
2.707         	3.101493e-07	(0.000000e+00 4.607563e-05 0.000000e+00)
2.708         	3.101012e-07	(0.000000e+00 4.607563e-05 0.000000e+00)
2.709         	3.100558e-07	(0.000000e+00 4.607563e-05 0.000000e+00)
2.71          	3.100083e-07	(0.000000e+00 4.607563e-05 0.000000e+00)
2.711         	3.099619e-07	(0.000000e+00 4.607563e-05 0.000000e+00)
2.712         	3.099155e-07	(0.000000e+00 4.607563e-05 0.000000e+00)
2.713         	3.098692e-07	(0.000000e+00 4.607563e-05 0.000000e+00)
2.714         	3.098229e-07	(0.000000e+00 4.607563e-05 0.000000e+00)
2.715         	3.097765e-07	(0.000000e+00 4.607563e-05 0.000000e+00)
2.716         	3.097299e-07	(0.000000e+00 4.607563e-05 0.000000e+00)
2.717         	3.096847e-07	(0.000000e+00 4.607563e-05 0.000000e+00)
2.718         	3.096372e-07	(0.000000e+00 4.607563e-05 0.000000e+00)
2.719         	3.095881e-07	(0.000000e+00 4.607563e-05 0.000000e+00)
2.72          	3.095432e-07	(0.000000e+00 4.607563e-05 0.000000e+00)
2.721         	3.094959e-07	(0.000000e+00 4.607563e-05 0.000000e+00)
2.722         	3.094519e-07	(0.000000e+00 4.607563e-05 0.000000e+00)
2.723         	3.094033e-07	(0.000000e+00 4.607563e-05 0.000000e+00)
2.724         	3.093582e-07	(0.000000e+00 4.607563e-05 0.000000e+00)
2.725         	3.093115e-07	(0.000000e+00 4.607563e-05 0.000000e+00)
2.726         	3.092654e-07	(0.000000e+00 4.607563e-05 0.000000e+00)
2.727         	3.092197e-07	(0.000000e+00 4.607563e-05 0.000000e+00)
2.728         	3.091729e-07	(0.000000e+00 4.607563e-05 0.000000e+00)
2.729         	3.091266e-07	(0.000000e+00 4.607563e-05 0.000000e+00)
2.73          	3.090802e-07	(0.000000e+00 4.607563e-05 0.000000e+00)
2.731         	3.090343e-07	(0.000000e+00 4.607563e-05 0.000000e+00)
2.732         	3.089884e-07	(0.000000e+00 4.607563e-05 0.000000e+00)
2.733         	3.089421e-07	(0.000000e+00 4.607563e-05 0.000000e+00)
2.734         	3.088961e-07	(0.000000e+00 4.607563e-05 0.000000e+00)
2.735         	3.088502e-07	(0.000000e+00 4.607563e-05 0.000000e+00)
2.736         	3.088040e-07	(0.000000e+00 4.607563e-05 0.000000e+00)
2.737         	3.087583e-07	(0.000000e+00 4.607563e-05 0.000000e+00)
2.738         	3.087119e-07	(0.000000e+00 4.607563e-05 0.000000e+00)
2.739         	3.086658e-07	(0.000000e+00 4.607563e-05 0.000000e+00)
2.74          	3.086202e-07	(0.000000e+00 4.607563e-05 0.000000e+00)
2.741         	3.085741e-07	(0.000000e+00 4.607563e-05 0.000000e+00)
2.742         	3.085285e-07	(0.000000e+00 4.607563e-05 0.000000e+00)
2.743         	3.084825e-07	(0.000000e+00 4.607563e-05 0.000000e+00)
2.744         	3.084365e-07	(0.000000e+00 4.607563e-05 0.000000e+00)
2.745         	3.083911e-07	(0.000000e+00 4.607563e-05 0.000000e+00)
2.746         	3.083446e-07	(0.000000e+00 4.607563e-05 0.000000e+00)
2.747         	3.082993e-07	(0.000000e+00 4.607563e-05 0.000000e+00)
2.748         	3.082533e-07	(0.000000e+00 4.607563e-05 0.000000e+00)
2.749         	3.082085e-07	(0.000000e+00 4.607563e-05 0.000000e+00)
2.75          	3.081632e-07	(0.000000e+00 4.607563e-05 0.000000e+00)
2.751         	3.081153e-07	(0.000000e+00 4.607563e-05 0.000000e+00)
2.752         	3.080696e-07	(0.000000e+00 4.607563e-05 0.000000e+00)
2.753         	3.080207e-07	(0.000000e+00 4.607563e-05 0.000000e+00)
2.754         	3.079771e-07	(0.000000e+00 4.607563e-05 0.000000e+00)
2.755         	3.079318e-07	(0.000000e+00 4.607563e-05 0.000000e+00)
2.756         	3.078878e-07	(0.000000e+00 4.607563e-05 0.000000e+00)
2.757         	3.078446e-07	(0.000000e+00 4.607563e-05 0.000000e+00)
2.758         	3.077920e-07	(0.000000e+00 4.607563e-05 0.000000e+00)
2.759         	3.077467e-07	(0.000000e+00 4.607563e-05 0.000000e+00)
2.76          	3.077034e-07	(0.000000e+00 4.607563e-05 0.000000e+00)
2.761         	3.076589e-07	(0.000000e+00 4.607563e-05 0.000000e+00)
2.762         	3.076132e-07	(0.000000e+00 4.607563e-05 0.000000e+00)
2.763         	3.075685e-07	(0.000000e+00 4.607563e-05 0.000000e+00)
2.764         	3.075213e-07	(0.000000e+00 4.607563e-05 0.000000e+00)
2.765         	3.074773e-07	(0.000000e+00 4.607563e-05 0.000000e+00)
2.766         	3.074309e-07	(0.000000e+00 4.607563e-05 0.000000e+00)
2.767         	3.073859e-07	(0.000000e+00 4.607563e-05 0.000000e+00)
2.768         	3.073406e-07	(0.000000e+00 4.607563e-05 0.000000e+00)
2.769         	3.072953e-07	(0.000000e+00 4.607563e-05 0.000000e+00)
2.77          	3.072500e-07	(0.000000e+00 4.607563e-05 0.000000e+00)
2.771         	3.072048e-07	(0.000000e+00 4.607563e-05 0.000000e+00)
2.772         	3.071598e-07	(0.000000e+00 4.607563e-05 0.000000e+00)
2.773         	3.071141e-07	(0.000000e+00 4.607563e-05 0.000000e+00)
2.774         	3.070688e-07	(0.000000e+00 4.607563e-05 0.000000e+00)
2.775         	3.070239e-07	(0.000000e+00 4.607563e-05 0.000000e+00)
2.776         	3.069784e-07	(0.000000e+00 4.607563e-05 0.000000e+00)
2.777         	3.069338e-07	(0.000000e+00 4.607563e-05 0.000000e+00)
2.778         	3.068880e-07	(0.000000e+00 4.607563e-05 0.000000e+00)
2.779         	3.068431e-07	(0.000000e+00 4.607563e-05 0.000000e+00)
2.78          	3.067980e-07	(0.000000e+00 4.607563e-05 0.000000e+00)
2.781         	3.067531e-07	(0.000000e+00 4.607563e-05 0.000000e+00)
2.782         	3.067085e-07	(0.000000e+00 4.607563e-05 0.000000e+00)
2.783         	3.066637e-07	(0.000000e+00 4.607563e-05 0.000000e+00)
2.784         	3.066183e-07	(0.000000e+00 4.607563e-05 0.000000e+00)
2.785         	3.065725e-07	(0.000000e+00 4.607563e-05 0.000000e+00)
2.786         	3.065281e-07	(0.000000e+00 4.607563e-05 0.000000e+00)
2.787         	3.064819e-07	(0.000000e+00 4.607563e-05 0.000000e+00)
2.788         	3.064367e-07	(0.000000e+00 4.607563e-05 0.000000e+00)
2.789         	3.063926e-07	(0.000000e+00 4.607563e-05 0.000000e+00)
2.79          	3.063477e-07	(0.000000e+00 4.607563e-05 0.000000e+00)
2.791         	3.063032e-07	(0.000000e+00 4.607563e-05 0.000000e+00)
2.792         	3.062581e-07	(0.000000e+00 4.607563e-05 0.000000e+00)
2.793         	3.062134e-07	(0.000000e+00 4.607563e-05 0.000000e+00)
2.794         	3.061686e-07	(0.000000e+00 4.607563e-05 0.000000e+00)
2.795         	3.061238e-07	(0.000000e+00 4.607563e-05 0.000000e+00)
2.796         	3.060791e-07	(0.000000e+00 4.607563e-05 0.000000e+00)
2.797         	3.060347e-07	(0.000000e+00 4.607563e-05 0.000000e+00)
2.798         	3.059894e-07	(0.000000e+00 4.607563e-05 0.000000e+00)
2.799         	3.059447e-07	(0.000000e+00 4.607563e-05 0.000000e+00)
2.8           	3.059002e-07	(0.000000e+00 4.607563e-05 0.000000e+00)
2.801         	3.058558e-07	(0.000000e+00 4.607563e-05 0.000000e+00)
2.802         	3.058107e-07	(0.000000e+00 4.607563e-05 0.000000e+00)
2.803         	3.057660e-07	(0.000000e+00 4.607563e-05 0.000000e+00)
2.804         	3.057225e-07	(0.000000e+00 4.607563e-05 0.000000e+00)
2.805         	3.056762e-07	(0.000000e+00 4.607563e-05 0.000000e+00)
2.806         	3.056315e-07	(0.000000e+00 4.607563e-05 0.000000e+00)
2.807         	3.055879e-07	(0.000000e+00 4.607563e-05 0.000000e+00)
2.808         	3.055427e-07	(0.000000e+00 4.607563e-05 0.000000e+00)
2.809         	3.054989e-07	(0.000000e+00 4.607563e-05 0.000000e+00)
2.81          	3.054537e-07	(0.000000e+00 4.607563e-05 0.000000e+00)
2.811         	3.054092e-07	(0.000000e+00 4.607563e-05 0.000000e+00)
2.812         	3.053651e-07	(0.000000e+00 4.607563e-05 0.000000e+00)
2.813         	3.053212e-07	(0.000000e+00 4.607563e-05 0.000000e+00)
2.814         	3.052759e-07	(0.000000e+00 4.607563e-05 0.000000e+00)
2.815         	3.052311e-07	(0.000000e+00 4.607563e-05 0.000000e+00)
2.816         	3.051871e-07	(0.000000e+00 4.607563e-05 0.000000e+00)
2.817         	3.051432e-07	(0.000000e+00 4.607563e-05 0.000000e+00)
2.818         	3.050984e-07	(0.000000e+00 4.607563e-05 0.000000e+00)
2.819         	3.050540e-07	(0.000000e+00 4.607563e-05 0.000000e+00)
2.82          	3.050100e-07	(0.000000e+00 4.607563e-05 0.000000e+00)
2.821         	3.049661e-07	(0.000000e+00 4.607563e-05 0.000000e+00)
2.822         	3.049229e-07	(0.000000e+00 4.607563e-05 0.000000e+00)
2.823         	3.048783e-07	(0.000000e+00 4.607563e-05 0.000000e+00)
2.824         	3.048331e-07	(0.000000e+00 4.607563e-05 0.000000e+00)
2.825         	3.047890e-07	(0.000000e+00 4.607563e-05 0.000000e+00)
2.826         	3.047447e-07	(0.000000e+00 4.607563e-05 0.000000e+00)
2.827         	3.047009e-07	(0.000000e+00 4.607563e-05 0.000000e+00)
2.828         	3.046577e-07	(0.000000e+00 4.607563e-05 0.000000e+00)
2.829         	3.046142e-07	(0.000000e+00 4.607563e-05 0.000000e+00)
2.83          	3.045690e-07	(0.000000e+00 4.607563e-05 0.000000e+00)
2.831         	3.045254e-07	(0.000000e+00 4.607563e-05 0.000000e+00)
2.832         	3.044806e-07	(0.000000e+00 4.607563e-05 0.000000e+00)
2.833         	3.044372e-07	(0.000000e+00 4.607563e-05 0.000000e+00)
2.834         	3.043930e-07	(0.000000e+00 4.607563e-05 0.000000e+00)
2.835         	3.043492e-07	(0.000000e+00 4.607563e-05 0.000000e+00)
2.836         	3.043050e-07	(0.000000e+00 4.607563e-05 0.000000e+00)
2.837         	3.042613e-07	(0.000000e+00 4.607563e-05 0.000000e+00)
2.838         	3.042174e-07	(0.000000e+00 4.607563e-05 0.000000e+00)
2.839         	3.041734e-07	(0.000000e+00 4.607563e-05 0.000000e+00)
2.84          	3.041294e-07	(0.000000e+00 4.607563e-05 0.000000e+00)
2.841         	3.040856e-07	(0.000000e+00 4.607563e-05 0.000000e+00)
2.842         	3.040419e-07	(0.000000e+00 4.607563e-05 0.000000e+00)
2.843         	3.039980e-07	(0.000000e+00 4.607563e-05 0.000000e+00)
2.844         	3.039537e-07	(0.000000e+00 4.607563e-05 0.000000e+00)
2.845         	3.039106e-07	(0.000000e+00 4.607563e-05 0.000000e+00)
2.846         	3.038665e-07	(0.000000e+00 4.607563e-05 0.000000e+00)
2.847         	3.038226e-07	(0.000000e+00 4.607563e-05 0.000000e+00)
2.848         	3.037789e-07	(0.000000e+00 4.607563e-05 0.000000e+00)
2.849         	3.037358e-07	(0.000000e+00 4.607563e-05 0.000000e+00)
2.85          	3.036915e-07	(0.000000e+00 4.607563e-05 0.000000e+00)
2.851         	3.036479e-07	(0.000000e+00 4.607563e-05 0.000000e+00)
2.852         	3.036044e-07	(0.000000e+00 4.607563e-05 0.000000e+00)
2.853         	3.035612e-07	(0.000000e+00 4.607563e-05 0.000000e+00)
2.854         	3.035164e-07	(0.000000e+00 4.607563e-05 0.000000e+00)
2.855         	3.034739e-07	(0.000000e+00 4.607563e-05 0.000000e+00)
2.856         	3.034296e-07	(0.000000e+00 4.607563e-05 0.000000e+00)
2.857         	3.033864e-07	(0.000000e+00 4.607563e-05 0.000000e+00)
2.858         	3.033428e-07	(0.000000e+00 4.607563e-05 0.000000e+00)
2.859         	3.032993e-07	(0.000000e+00 4.607563e-05 0.000000e+00)
2.86          	3.032562e-07	(0.000000e+00 4.607563e-05 0.000000e+00)
2.861         	3.032127e-07	(0.000000e+00 4.607563e-05 0.000000e+00)
2.862         	3.031694e-07	(0.000000e+00 4.607563e-05 0.000000e+00)
2.863         	3.031255e-07	(0.000000e+00 4.607563e-05 0.000000e+00)
2.864         	3.030821e-07	(0.000000e+00 4.607563e-05 0.000000e+00)
2.865         	3.030384e-07	(0.000000e+00 4.607563e-05 0.000000e+00)
2.866         	3.029950e-07	(0.000000e+00 4.607563e-05 0.000000e+00)
2.867         	3.029520e-07	(0.000000e+00 4.607563e-05 0.000000e+00)
2.868         	3.029090e-07	(0.000000e+00 4.607563e-05 0.000000e+00)
2.869         	3.028654e-07	(0.000000e+00 4.607563e-05 0.000000e+00)
2.87          	3.028224e-07	(0.000000e+00 4.607563e-05 0.000000e+00)
2.871         	3.027789e-07	(0.000000e+00 4.607563e-05 0.000000e+00)
2.872         	3.027352e-07	(0.000000e+00 4.607563e-05 0.000000e+00)
2.873         	3.026919e-07	(0.000000e+00 4.607563e-05 0.000000e+00)
2.874         	3.026491e-07	(0.000000e+00 4.607563e-05 0.000000e+00)
2.875         	3.026058e-07	(0.000000e+00 4.607563e-05 0.000000e+00)
2.876         	3.025630e-07	(0.000000e+00 4.607563e-05 0.000000e+00)
2.877         	3.025194e-07	(0.000000e+00 4.607563e-05 0.000000e+00)
2.878         	3.024760e-07	(0.000000e+00 4.607563e-05 0.000000e+00)
2.879         	3.024330e-07	(0.000000e+00 4.607563e-05 0.000000e+00)
2.88          	3.023902e-07	(0.000000e+00 4.607563e-05 0.000000e+00)
2.881         	3.023468e-07	(0.000000e+00 4.607563e-05 0.000000e+00)
2.882         	3.023042e-07	(0.000000e+00 4.607563e-05 0.000000e+00)
2.883         	3.022604e-07	(0.000000e+00 4.607563e-05 0.000000e+00)
2.884         	3.022179e-07	(0.000000e+00 4.607563e-05 0.000000e+00)
2.885         	3.021745e-07	(0.000000e+00 4.607563e-05 0.000000e+00)
2.886         	3.021323e-07	(0.000000e+00 4.607563e-05 0.000000e+00)
2.887         	3.020897e-07	(0.000000e+00 4.607563e-05 0.000000e+00)
2.888         	3.020450e-07	(0.000000e+00 4.607563e-05 0.000000e+00)
2.889         	3.020026e-07	(0.000000e+00 4.607563e-05 0.000000e+00)
2.89          	3.019604e-07	(0.000000e+00 4.607563e-05 0.000000e+00)
2.891         	3.019178e-07	(0.000000e+00 4.607563e-05 0.000000e+00)
2.892         	3.018748e-07	(0.000000e+00 4.607563e-05 0.000000e+00)
2.893         	3.018325e-07	(0.000000e+00 4.607563e-05 0.000000e+00)
2.894         	3.017889e-07	(0.000000e+00 4.607563e-05 0.000000e+00)
2.895         	3.017460e-07	(0.000000e+00 4.607563e-05 0.000000e+00)
2.896         	3.017034e-07	(0.000000e+00 4.607563e-05 0.000000e+00)
2.897         	3.016609e-07	(0.000000e+00 4.607563e-05 0.000000e+00)
2.898         	3.016178e-07	(0.000000e+00 4.607563e-05 0.000000e+00)
2.899         	3.015748e-07	(0.000000e+00 4.607563e-05 0.000000e+00)
2.9           	3.015327e-07	(0.000000e+00 4.607563e-05 0.000000e+00)
2.901         	3.014901e-07	(0.000000e+00 4.607563e-05 0.000000e+00)
2.902         	3.014474e-07	(0.000000e+00 4.607563e-05 0.000000e+00)
2.903         	3.014046e-07	(0.000000e+00 4.607563e-05 0.000000e+00)
2.904         	3.013620e-07	(0.000000e+00 4.607563e-05 0.000000e+00)
2.905         	3.013198e-07	(0.000000e+00 4.607563e-05 0.000000e+00)
2.906         	3.012769e-07	(0.000000e+00 4.607563e-05 0.000000e+00)
2.907         	3.012346e-07	(0.000000e+00 4.607563e-05 0.000000e+00)
2.908         	3.011923e-07	(0.000000e+00 4.607563e-05 0.000000e+00)
2.909         	3.011504e-07	(0.000000e+00 4.607563e-05 0.000000e+00)
2.91          	3.011067e-07	(0.000000e+00 4.607563e-05 0.000000e+00)
2.911         	3.010660e-07	(0.000000e+00 4.607563e-05 0.000000e+00)
2.912         	3.010224e-07	(0.000000e+00 4.607563e-05 0.000000e+00)
2.913         	3.009766e-07	(0.000000e+00 4.607563e-05 0.000000e+00)
2.914         	3.009361e-07	(0.000000e+00 4.607563e-05 0.000000e+00)
2.915         	3.008936e-07	(0.000000e+00 4.607563e-05 0.000000e+00)
2.916         	3.008514e-07	(0.000000e+00 4.607563e-05 0.000000e+00)
2.917         	3.008093e-07	(0.000000e+00 4.607563e-05 0.000000e+00)
2.918         	3.007671e-07	(0.000000e+00 4.607563e-05 0.000000e+00)
2.919         	3.007241e-07	(0.000000e+00 4.607563e-05 0.000000e+00)
2.92          	3.006815e-07	(0.000000e+00 4.607563e-05 0.000000e+00)
2.921         	3.006396e-07	(0.000000e+00 4.607563e-05 0.000000e+00)
2.922         	3.005977e-07	(0.000000e+00 4.607563e-05 0.000000e+00)
2.923         	3.005557e-07	(0.000000e+00 4.607563e-05 0.000000e+00)
2.924         	3.005128e-07	(0.000000e+00 4.607563e-05 0.000000e+00)
2.925         	3.004708e-07	(0.000000e+00 4.607563e-05 0.000000e+00)
2.926         	3.004290e-07	(0.000000e+00 4.607563e-05 0.000000e+00)
2.927         	3.003866e-07	(0.000000e+00 4.607563e-05 0.000000e+00)
2.928         	3.003447e-07	(0.000000e+00 4.607563e-05 0.000000e+00)
2.929         	3.003023e-07	(0.000000e+00 4.607563e-05 0.000000e+00)
2.93          	3.002603e-07	(0.000000e+00 4.607563e-05 0.000000e+00)
2.931         	3.002186e-07	(0.000000e+00 4.607563e-05 0.000000e+00)
2.932         	3.001757e-07	(0.000000e+00 4.607563e-05 0.000000e+00)
2.933         	3.001337e-07	(0.000000e+00 4.607563e-05 0.000000e+00)
2.934         	3.000923e-07	(0.000000e+00 4.607563e-05 0.000000e+00)
2.935         	3.000502e-07	(0.000000e+00 4.607563e-05 0.000000e+00)
2.936         	3.000082e-07	(0.000000e+00 4.607563e-05 0.000000e+00)
2.937         	2.999660e-07	(0.000000e+00 4.607563e-05 0.000000e+00)
2.938         	2.999243e-07	(0.000000e+00 4.607563e-05 0.000000e+00)
2.939         	2.998817e-07	(0.000000e+00 4.607563e-05 0.000000e+00)
2.94          	2.998409e-07	(0.000000e+00 4.607563e-05 0.000000e+00)
2.941         	2.997984e-07	(0.000000e+00 4.607563e-05 0.000000e+00)
2.942         	2.997560e-07	(0.000000e+00 4.607563e-05 0.000000e+00)
2.943         	2.997141e-07	(0.000000e+00 4.607563e-05 0.000000e+00)
2.944         	2.996725e-07	(0.000000e+00 4.607563e-05 0.000000e+00)
2.945         	2.996315e-07	(0.000000e+00 4.607563e-05 0.000000e+00)
2.946         	2.995883e-07	(0.000000e+00 4.607563e-05 0.000000e+00)
2.947         	2.995475e-07	(0.000000e+00 4.607563e-05 0.000000e+00)
2.948         	2.995045e-07	(0.000000e+00 4.607563e-05 0.000000e+00)
2.949         	2.994631e-07	(0.000000e+00 4.607563e-05 0.000000e+00)
2.95          	2.994214e-07	(0.000000e+00 4.607563e-05 0.000000e+00)
2.951         	2.993813e-07	(0.000000e+00 4.607563e-05 0.000000e+00)
2.952         	2.993373e-07	(0.000000e+00 4.607563e-05 0.000000e+00)
2.953         	2.992958e-07	(0.000000e+00 4.607563e-05 0.000000e+00)
2.954         	2.992549e-07	(0.000000e+00 4.607563e-05 0.000000e+00)
2.955         	2.992137e-07	(0.000000e+00 4.607563e-05 0.000000e+00)
2.956         	2.991718e-07	(0.000000e+00 4.607563e-05 0.000000e+00)
2.957         	2.991299e-07	(0.000000e+00 4.607563e-05 0.000000e+00)
2.958         	2.990880e-07	(0.000000e+00 4.607563e-05 0.000000e+00)
2.959         	2.990466e-07	(0.000000e+00 4.607563e-05 0.000000e+00)
2.96          	2.990055e-07	(0.000000e+00 4.607563e-05 0.000000e+00)
2.961         	2.989629e-07	(0.000000e+00 4.607563e-05 0.000000e+00)
2.962         	2.989216e-07	(0.000000e+00 4.607563e-05 0.000000e+00)
2.963         	2.988812e-07	(0.000000e+00 4.607563e-05 0.000000e+00)
2.964         	2.988397e-07	(0.000000e+00 4.607563e-05 0.000000e+00)
2.965         	2.987970e-07	(0.000000e+00 4.607563e-05 0.000000e+00)
2.966         	2.987555e-07	(0.000000e+00 4.607563e-05 0.000000e+00)
2.967         	2.987147e-07	(0.000000e+00 4.607563e-05 0.000000e+00)
2.968         	2.986735e-07	(0.000000e+00 4.607563e-05 0.000000e+00)
2.969         	2.986323e-07	(0.000000e+00 4.607563e-05 0.000000e+00)
2.97          	2.985906e-07	(0.000000e+00 4.607563e-05 0.000000e+00)
2.971         	2.985492e-07	(0.000000e+00 4.607563e-05 0.000000e+00)
2.972         	2.985081e-07	(0.000000e+00 4.607563e-05 0.000000e+00)
2.973         	2.984666e-07	(0.000000e+00 4.607563e-05 0.000000e+00)
2.974         	2.984253e-07	(0.000000e+00 4.607563e-05 0.000000e+00)
2.975         	2.983840e-07	(0.000000e+00 4.607563e-05 0.000000e+00)
2.976         	2.983423e-07	(0.000000e+00 4.607563e-05 0.000000e+00)
2.977         	2.983018e-07	(0.000000e+00 4.607563e-05 0.000000e+00)
2.978         	2.982601e-07	(0.000000e+00 4.607563e-05 0.000000e+00)
2.979         	2.982189e-07	(0.000000e+00 4.607563e-05 0.000000e+00)
2.98          	2.981781e-07	(0.000000e+00 4.607563e-05 0.000000e+00)
2.981         	2.981364e-07	(0.000000e+00 4.607563e-05 0.000000e+00)
2.982         	2.980955e-07	(0.000000e+00 4.607563e-05 0.000000e+00)
2.983         	2.980543e-07	(0.000000e+00 4.607563e-05 0.000000e+00)
2.984         	2.980131e-07	(0.000000e+00 4.607563e-05 0.000000e+00)
2.985         	2.979719e-07	(0.000000e+00 4.607563e-05 0.000000e+00)
2.986         	2.979309e-07	(0.000000e+00 4.607563e-05 0.000000e+00)
2.987         	2.978899e-07	(0.000000e+00 4.607563e-05 0.000000e+00)
2.988         	2.978486e-07	(0.000000e+00 4.607563e-05 0.000000e+00)
2.989         	2.978076e-07	(0.000000e+00 4.607563e-05 0.000000e+00)
2.99          	2.977669e-07	(0.000000e+00 4.607563e-05 0.000000e+00)
2.991         	2.977258e-07	(0.000000e+00 4.607563e-05 0.000000e+00)
2.992         	2.976848e-07	(0.000000e+00 4.607563e-05 0.000000e+00)
2.993         	2.976437e-07	(0.000000e+00 4.607563e-05 0.000000e+00)
2.994         	2.976036e-07	(0.000000e+00 4.607563e-05 0.000000e+00)
2.995         	2.975618e-07	(0.000000e+00 4.607563e-05 0.000000e+00)
2.996         	2.975207e-07	(0.000000e+00 4.607563e-05 0.000000e+00)
2.997         	2.974801e-07	(0.000000e+00 4.607563e-05 0.000000e+00)
2.998         	2.974387e-07	(0.000000e+00 4.607563e-05 0.000000e+00)
2.999         	2.973980e-07	(0.000000e+00 4.607563e-05 0.000000e+00)
3             	2.973575e-07	(0.000000e+00 4.607563e-05 0.000000e+00)
3.001         	2.973167e-07	(0.000000e+00 4.607563e-05 0.000000e+00)
3.002         	2.972758e-07	(0.000000e+00 4.607563e-05 0.000000e+00)
3.003         	2.972350e-07	(0.000000e+00 4.607563e-05 0.000000e+00)
3.004         	2.971944e-07	(0.000000e+00 4.607563e-05 0.000000e+00)
3.005         	2.971535e-07	(0.000000e+00 4.607563e-05 0.000000e+00)
3.006         	2.971121e-07	(0.000000e+00 4.607563e-05 0.000000e+00)
3.007         	2.970720e-07	(0.000000e+00 4.607563e-05 0.000000e+00)
3.008         	2.970321e-07	(0.000000e+00 4.607563e-05 0.000000e+00)
3.009         	2.969903e-07	(0.000000e+00 4.607563e-05 0.000000e+00)
3.01          	2.969514e-07	(0.000000e+00 4.607563e-05 0.000000e+00)
3.011         	2.969089e-07	(0.000000e+00 4.607563e-05 0.000000e+00)
3.012         	2.968693e-07	(0.000000e+00 4.607563e-05 0.000000e+00)
3.013         	2.968276e-07	(0.000000e+00 4.607563e-05 0.000000e+00)
3.014         	2.967873e-07	(0.000000e+00 4.607563e-05 0.000000e+00)
3.015         	2.967480e-07	(0.000000e+00 4.607563e-05 0.000000e+00)
3.016         	2.967068e-07	(0.000000e+00 4.607563e-05 0.000000e+00)
3.017         	2.966657e-07	(0.000000e+00 4.607563e-05 0.000000e+00)
3.018         	2.966249e-07	(0.000000e+00 4.607563e-05 0.000000e+00)
3.019         	2.965849e-07	(0.000000e+00 4.607563e-05 0.000000e+00)
3.02          	2.965448e-07	(0.000000e+00 4.607563e-05 0.000000e+00)
3.021         	2.965044e-07	(0.000000e+00 4.607563e-05 0.000000e+00)
3.022         	2.964637e-07	(0.000000e+00 4.607563e-05 0.000000e+00)
3.023         	2.964240e-07	(0.000000e+00 4.607563e-05 0.000000e+00)
3.024         	2.963825e-07	(0.000000e+00 4.607563e-05 0.000000e+00)
3.025         	2.963420e-07	(0.000000e+00 4.607563e-05 0.000000e+00)
3.026         	2.963018e-07	(0.000000e+00 4.607563e-05 0.000000e+00)
3.027         	2.962616e-07	(0.000000e+00 4.607563e-05 0.000000e+00)
3.028         	2.962221e-07	(0.000000e+00 4.607563e-05 0.000000e+00)
3.029         	2.961810e-07	(0.000000e+00 4.607563e-05 0.000000e+00)
3.03          	2.961411e-07	(0.000000e+00 4.607563e-05 0.000000e+00)
3.031         	2.961008e-07	(0.000000e+00 4.607563e-05 0.000000e+00)
3.032         	2.960591e-07	(0.000000e+00 4.607563e-05 0.000000e+00)
3.033         	2.960193e-07	(0.000000e+00 4.607563e-05 0.000000e+00)
3.034         	2.959803e-07	(0.000000e+00 4.607563e-05 0.000000e+00)
3.035         	2.959405e-07	(0.000000e+00 4.607563e-05 0.000000e+00)
3.036         	2.958986e-07	(0.000000e+00 4.607563e-05 0.000000e+00)
3.037         	2.958589e-07	(0.000000e+00 4.607563e-05 0.000000e+00)
3.038         	2.958192e-07	(0.000000e+00 4.607563e-05 0.000000e+00)
3.039         	2.957785e-07	(0.000000e+00 4.607563e-05 0.000000e+00)
3.04          	2.957384e-07	(0.000000e+00 4.607563e-05 0.000000e+00)
3.041         	2.956991e-07	(0.000000e+00 4.607563e-05 0.000000e+00)
3.042         	2.956582e-07	(0.000000e+00 4.607563e-05 0.000000e+00)
3.043         	2.956178e-07	(0.000000e+00 4.607563e-05 0.000000e+00)
3.044         	2.955782e-07	(0.000000e+00 4.607563e-05 0.000000e+00)
3.045         	2.955380e-07	(0.000000e+00 4.607563e-05 0.000000e+00)
3.046         	2.954989e-07	(0.000000e+00 4.607563e-05 0.000000e+00)
3.047         	2.954581e-07	(0.000000e+00 4.607563e-05 0.000000e+00)
3.048         	2.954177e-07	(0.000000e+00 4.607563e-05 0.000000e+00)
3.049         	2.953780e-07	(0.000000e+00 4.607563e-05 0.000000e+00)
3.05          	2.953385e-07	(0.000000e+00 4.607563e-05 0.000000e+00)
3.051         	2.952983e-07	(0.000000e+00 4.607563e-05 0.000000e+00)
3.052         	2.952582e-07	(0.000000e+00 4.607563e-05 0.000000e+00)
3.053         	2.952185e-07	(0.000000e+00 4.607563e-05 0.000000e+00)
3.054         	2.951787e-07	(0.000000e+00 4.607563e-05 0.000000e+00)
3.055         	2.951388e-07	(0.000000e+00 4.607563e-05 0.000000e+00)
3.056         	2.950990e-07	(0.000000e+00 4.607563e-05 0.000000e+00)
3.057         	2.950590e-07	(0.000000e+00 4.607563e-05 0.000000e+00)
3.058         	2.950195e-07	(0.000000e+00 4.607563e-05 0.000000e+00)
3.059         	2.949793e-07	(0.000000e+00 4.607563e-05 0.000000e+00)
3.06          	2.949397e-07	(0.000000e+00 4.607563e-05 0.000000e+00)
3.061         	2.948999e-07	(0.000000e+00 4.607563e-05 0.000000e+00)
3.062         	2.948601e-07	(0.000000e+00 4.607563e-05 0.000000e+00)
3.063         	2.948204e-07	(0.000000e+00 4.607563e-05 0.000000e+00)
3.064         	2.947810e-07	(0.000000e+00 4.607563e-05 0.000000e+00)
3.065         	2.947410e-07	(0.000000e+00 4.607563e-05 0.000000e+00)
3.066         	2.947013e-07	(0.000000e+00 4.607563e-05 0.000000e+00)
3.067         	2.946616e-07	(0.000000e+00 4.607563e-05 0.000000e+00)
3.068         	2.946224e-07	(0.000000e+00 4.607563e-05 0.000000e+00)
3.069         	2.945823e-07	(0.000000e+00 4.607563e-05 0.000000e+00)
3.07          	2.945428e-07	(0.000000e+00 4.607563e-05 0.000000e+00)
3.071         	2.945033e-07	(0.000000e+00 4.607563e-05 0.000000e+00)
3.072         	2.944641e-07	(0.000000e+00 4.607563e-05 0.000000e+00)
3.073         	2.944248e-07	(0.000000e+00 4.607563e-05 0.000000e+00)
3.074         	2.943845e-07	(0.000000e+00 4.607563e-05 0.000000e+00)
3.075         	2.943448e-07	(0.000000e+00 4.607563e-05 0.000000e+00)
3.076         	2.943054e-07	(0.000000e+00 4.607563e-05 0.000000e+00)
3.077         	2.942662e-07	(0.000000e+00 4.607563e-05 0.000000e+00)
3.078         	2.942266e-07	(0.000000e+00 4.607563e-05 0.000000e+00)
3.079         	2.941872e-07	(0.000000e+00 4.607563e-05 0.000000e+00)
3.08          	2.941479e-07	(0.000000e+00 4.607563e-05 0.000000e+00)
3.081         	2.941084e-07	(0.000000e+00 4.607563e-05 0.000000e+00)
3.082         	2.940691e-07	(0.000000e+00 4.607563e-05 0.000000e+00)
3.083         	2.940295e-07	(0.000000e+00 4.607563e-05 0.000000e+00)
3.084         	2.939901e-07	(0.000000e+00 4.607563e-05 0.000000e+00)
3.085         	2.939521e-07	(0.000000e+00 4.607563e-05 0.000000e+00)
3.086         	2.939104e-07	(0.000000e+00 4.607563e-05 0.000000e+00)
3.087         	2.938715e-07	(0.000000e+00 4.607563e-05 0.000000e+00)
3.088         	2.938329e-07	(0.000000e+00 4.607563e-05 0.000000e+00)
3.089         	2.937934e-07	(0.000000e+00 4.607563e-05 0.000000e+00)
3.09          	2.937538e-07	(0.000000e+00 4.607563e-05 0.000000e+00)
3.091         	2.937147e-07	(0.000000e+00 4.607563e-05 0.000000e+00)
3.092         	2.936757e-07	(0.000000e+00 4.607563e-05 0.000000e+00)
3.093         	2.936366e-07	(0.000000e+00 4.607563e-05 0.000000e+00)
3.094         	2.935970e-07	(0.000000e+00 4.607563e-05 0.000000e+00)
3.095         	2.935578e-07	(0.000000e+00 4.607563e-05 0.000000e+00)
3.096         	2.935190e-07	(0.000000e+00 4.607563e-05 0.000000e+00)
3.097         	2.934799e-07	(0.000000e+00 4.607563e-05 0.000000e+00)
3.098         	2.934408e-07	(0.000000e+00 4.607563e-05 0.000000e+00)
3.099         	2.934014e-07	(0.000000e+00 4.607563e-05 0.000000e+00)
3.1           	2.933623e-07	(0.000000e+00 4.607563e-05 0.000000e+00)
3.101         	2.933233e-07	(0.000000e+00 4.607563e-05 0.000000e+00)
3.102         	2.932843e-07	(0.000000e+00 4.607563e-05 0.000000e+00)
3.103         	2.932451e-07	(0.000000e+00 4.607563e-05 0.000000e+00)
3.104         	2.932060e-07	(0.000000e+00 4.607563e-05 0.000000e+00)
3.105         	2.931669e-07	(0.000000e+00 4.607563e-05 0.000000e+00)
3.106         	2.931284e-07	(0.000000e+00 4.607563e-05 0.000000e+00)
3.107         	2.930896e-07	(0.000000e+00 4.607563e-05 0.000000e+00)
3.108         	2.930510e-07	(0.000000e+00 4.607563e-05 0.000000e+00)
3.109         	2.930128e-07	(0.000000e+00 4.607563e-05 0.000000e+00)
3.11          	2.929705e-07	(0.000000e+00 4.607563e-05 0.000000e+00)
3.111         	2.929320e-07	(0.000000e+00 4.607563e-05 0.000000e+00)
3.112         	2.928945e-07	(0.000000e+00 4.607563e-05 0.000000e+00)
3.113         	2.928561e-07	(0.000000e+00 4.607563e-05 0.000000e+00)
3.114         	2.928166e-07	(0.000000e+00 4.607563e-05 0.000000e+00)
3.115         	2.927776e-07	(0.000000e+00 4.607563e-05 0.000000e+00)
3.116         	2.927397e-07	(0.000000e+00 4.607563e-05 0.000000e+00)
3.117         	2.927001e-07	(0.000000e+00 4.607563e-05 0.000000e+00)
3.118         	2.926616e-07	(0.000000e+00 4.607563e-05 0.000000e+00)
3.119         	2.926228e-07	(0.000000e+00 4.607563e-05 0.000000e+00)
3.12          	2.925845e-07	(0.000000e+00 4.607563e-05 0.000000e+00)
3.121         	2.925444e-07	(0.000000e+00 4.607563e-05 0.000000e+00)
3.122         	2.925061e-07	(0.000000e+00 4.607563e-05 0.000000e+00)
3.123         	2.924682e-07	(0.000000e+00 4.607563e-05 0.000000e+00)
3.124         	2.924292e-07	(0.000000e+00 4.607563e-05 0.000000e+00)
3.125         	2.923906e-07	(0.000000e+00 4.607563e-05 0.000000e+00)
3.126         	2.923519e-07	(0.000000e+00 4.607563e-05 0.000000e+00)
3.127         	2.923131e-07	(0.000000e+00 4.607563e-05 0.000000e+00)
3.128         	2.922746e-07	(0.000000e+00 4.607563e-05 0.000000e+00)
3.129         	2.922359e-07	(0.000000e+00 4.607563e-05 0.000000e+00)
3.13          	2.921970e-07	(0.000000e+00 4.607563e-05 0.000000e+00)
3.131         	2.921589e-07	(0.000000e+00 4.607563e-05 0.000000e+00)
3.132         	2.921205e-07	(0.000000e+00 4.607563e-05 0.000000e+00)
3.133         	2.920814e-07	(0.000000e+00 4.607563e-05 0.000000e+00)
3.134         	2.920430e-07	(0.000000e+00 4.607563e-05 0.000000e+00)
3.135         	2.920045e-07	(0.000000e+00 4.607563e-05 0.000000e+00)
3.136         	2.919664e-07	(0.000000e+00 4.607563e-05 0.000000e+00)
3.137         	2.919277e-07	(0.000000e+00 4.607563e-05 0.000000e+00)
3.138         	2.918892e-07	(0.000000e+00 4.607563e-05 0.000000e+00)
3.139         	2.918502e-07	(0.000000e+00 4.607563e-05 0.000000e+00)
3.14          	2.918118e-07	(0.000000e+00 4.607563e-05 0.000000e+00)
3.141         	2.917739e-07	(0.000000e+00 4.607563e-05 0.000000e+00)
3.142         	2.917352e-07	(0.000000e+00 4.607563e-05 0.000000e+00)
3.143         	2.916967e-07	(0.000000e+00 4.607563e-05 0.000000e+00)
3.144         	2.916585e-07	(0.000000e+00 4.607563e-05 0.000000e+00)
3.145         	2.916204e-07	(0.000000e+00 4.607563e-05 0.000000e+00)
3.146         	2.915827e-07	(0.000000e+00 4.607563e-05 0.000000e+00)
3.147         	2.915423e-07	(0.000000e+00 4.607563e-05 0.000000e+00)
3.148         	2.915048e-07	(0.000000e+00 4.607563e-05 0.000000e+00)
3.149         	2.914663e-07	(0.000000e+00 4.607563e-05 0.000000e+00)
3.15          	2.914290e-07	(0.000000e+00 4.607563e-05 0.000000e+00)
3.151         	2.913902e-07	(0.000000e+00 4.607563e-05 0.000000e+00)
3.152         	2.913519e-07	(0.000000e+00 4.607563e-05 0.000000e+00)
3.153         	2.913143e-07	(0.000000e+00 4.607563e-05 0.000000e+00)
3.154         	2.912764e-07	(0.000000e+00 4.607563e-05 0.000000e+00)
3.155         	2.912365e-07	(0.000000e+00 4.607563e-05 0.000000e+00)
3.156         	2.911981e-07	(0.000000e+00 4.607563e-05 0.000000e+00)
3.157         	2.911606e-07	(0.000000e+00 4.607563e-05 0.000000e+00)
3.158         	2.911227e-07	(0.000000e+00 4.607563e-05 0.000000e+00)
3.159         	2.910850e-07	(0.000000e+00 4.607563e-05 0.000000e+00)
3.16          	2.910469e-07	(0.000000e+00 4.607563e-05 0.000000e+00)
3.161         	2.910082e-07	(0.000000e+00 4.607563e-05 0.000000e+00)
3.162         	2.909699e-07	(0.000000e+00 4.607563e-05 0.000000e+00)
3.163         	2.909316e-07	(0.000000e+00 4.607563e-05 0.000000e+00)
3.164         	2.908943e-07	(0.000000e+00 4.607563e-05 0.000000e+00)
3.165         	2.908559e-07	(0.000000e+00 4.607563e-05 0.000000e+00)
3.166         	2.908180e-07	(0.000000e+00 4.607563e-05 0.000000e+00)
3.167         	2.907801e-07	(0.000000e+00 4.607563e-05 0.000000e+00)
3.168         	2.907423e-07	(0.000000e+00 4.607563e-05 0.000000e+00)
3.169         	2.907047e-07	(0.000000e+00 4.607563e-05 0.000000e+00)
3.17          	2.906662e-07	(0.000000e+00 4.607563e-05 0.000000e+00)
3.171         	2.906281e-07	(0.000000e+00 4.607563e-05 0.000000e+00)
3.172         	2.905903e-07	(0.000000e+00 4.607563e-05 0.000000e+00)
3.173         	2.905525e-07	(0.000000e+00 4.607563e-05 0.000000e+00)
3.174         	2.905146e-07	(0.000000e+00 4.607563e-05 0.000000e+00)
3.175         	2.904769e-07	(0.000000e+00 4.607563e-05 0.000000e+00)
3.176         	2.904391e-07	(0.000000e+00 4.607563e-05 0.000000e+00)
3.177         	2.904014e-07	(0.000000e+00 4.607563e-05 0.000000e+00)
3.178         	2.903637e-07	(0.000000e+00 4.607563e-05 0.000000e+00)
3.179         	2.903256e-07	(0.000000e+00 4.607563e-05 0.000000e+00)
3.18          	2.902881e-07	(0.000000e+00 4.607563e-05 0.000000e+00)
3.181         	2.902501e-07	(0.000000e+00 4.607563e-05 0.000000e+00)
3.182         	2.902123e-07	(0.000000e+00 4.607563e-05 0.000000e+00)
3.183         	2.901748e-07	(0.000000e+00 4.607563e-05 0.000000e+00)
3.184         	2.901378e-07	(0.000000e+00 4.607563e-05 0.000000e+00)
3.185         	2.900990e-07	(0.000000e+00 4.607563e-05 0.000000e+00)
3.186         	2.900621e-07	(0.000000e+00 4.607563e-05 0.000000e+00)
3.187         	2.900228e-07	(0.000000e+00 4.607563e-05 0.000000e+00)
3.188         	2.899858e-07	(0.000000e+00 4.607563e-05 0.000000e+00)
3.189         	2.899482e-07	(0.000000e+00 4.607563e-05 0.000000e+00)
3.19          	2.899110e-07	(0.000000e+00 4.607563e-05 0.000000e+00)
3.191         	2.898733e-07	(0.000000e+00 4.607563e-05 0.000000e+00)
3.192         	2.898353e-07	(0.000000e+00 4.607563e-05 0.000000e+00)
3.193         	2.897976e-07	(0.000000e+00 4.607563e-05 0.000000e+00)
3.194         	2.897606e-07	(0.000000e+00 4.607563e-05 0.000000e+00)
3.195         	2.897227e-07	(0.000000e+00 4.607563e-05 0.000000e+00)
3.196         	2.896850e-07	(0.000000e+00 4.607563e-05 0.000000e+00)
3.197         	2.896478e-07	(0.000000e+00 4.607563e-05 0.000000e+00)
3.198         	2.896104e-07	(0.000000e+00 4.607563e-05 0.000000e+00)
3.199         	2.895727e-07	(0.000000e+00 4.607563e-05 0.000000e+00)
3.2           	2.895353e-07	(0.000000e+00 4.607563e-05 0.000000e+00)
3.201         	2.894979e-07	(0.000000e+00 4.607563e-05 0.000000e+00)
3.202         	2.894600e-07	(0.000000e+00 4.607563e-05 0.000000e+00)
3.203         	2.894229e-07	(0.000000e+00 4.607563e-05 0.000000e+00)
3.204         	2.893859e-07	(0.000000e+00 4.607563e-05 0.000000e+00)
3.205         	2.893483e-07	(0.000000e+00 4.607563e-05 0.000000e+00)
3.206         	2.893115e-07	(0.000000e+00 4.607563e-05 0.000000e+00)
3.207         	2.892729e-07	(0.000000e+00 4.607563e-05 0.000000e+00)
3.208         	2.892358e-07	(0.000000e+00 4.607563e-05 0.000000e+00)
3.209         	2.891990e-07	(0.000000e+00 4.607563e-05 0.000000e+00)
3.21          	2.891604e-07	(0.000000e+00 4.607563e-05 0.000000e+00)
3.211         	2.891237e-07	(0.000000e+00 4.607563e-05 0.000000e+00)
3.212         	2.890865e-07	(0.000000e+00 4.607563e-05 0.000000e+00)
3.213         	2.890497e-07	(0.000000e+00 4.607563e-05 0.000000e+00)
3.214         	2.890121e-07	(0.000000e+00 4.607563e-05 0.000000e+00)
3.215         	2.889748e-07	(0.000000e+00 4.607563e-05 0.000000e+00)
3.216         	2.889376e-07	(0.000000e+00 4.607563e-05 0.000000e+00)
3.217         	2.889012e-07	(0.000000e+00 4.607563e-05 0.000000e+00)
3.218         	2.888632e-07	(0.000000e+00 4.607563e-05 0.000000e+00)
3.219         	2.888260e-07	(0.000000e+00 4.607563e-05 0.000000e+00)
3.22          	2.887886e-07	(0.000000e+00 4.607563e-05 0.000000e+00)
3.221         	2.887515e-07	(0.000000e+00 4.607563e-05 0.000000e+00)
3.222         	2.887144e-07	(0.000000e+00 4.607563e-05 0.000000e+00)
3.223         	2.886771e-07	(0.000000e+00 4.607563e-05 0.000000e+00)
3.224         	2.886404e-07	(0.000000e+00 4.607563e-05 0.000000e+00)
3.225         	2.886031e-07	(0.000000e+00 4.607563e-05 0.000000e+00)
3.226         	2.885660e-07	(0.000000e+00 4.607563e-05 0.000000e+00)
3.227         	2.885289e-07	(0.000000e+00 4.607563e-05 0.000000e+00)
3.228         	2.884920e-07	(0.000000e+00 4.607563e-05 0.000000e+00)
3.229         	2.884552e-07	(0.000000e+00 4.607563e-05 0.000000e+00)
3.23          	2.884178e-07	(0.000000e+00 4.607563e-05 0.000000e+00)
3.231         	2.883810e-07	(0.000000e+00 4.607563e-05 0.000000e+00)
3.232         	2.883441e-07	(0.000000e+00 4.607563e-05 0.000000e+00)
3.233         	2.883065e-07	(0.000000e+00 4.607563e-05 0.000000e+00)
3.234         	2.882703e-07	(0.000000e+00 4.607563e-05 0.000000e+00)
3.235         	2.882330e-07	(0.000000e+00 4.607563e-05 0.000000e+00)
3.236         	2.881965e-07	(0.000000e+00 4.607563e-05 0.000000e+00)
3.237         	2.881595e-07	(0.000000e+00 4.607563e-05 0.000000e+00)
3.238         	2.881224e-07	(0.000000e+00 4.607563e-05 0.000000e+00)
3.239         	2.880854e-07	(0.000000e+00 4.607563e-05 0.000000e+00)
3.24          	2.880484e-07	(0.000000e+00 4.607563e-05 0.000000e+00)
3.241         	2.880132e-07	(0.000000e+00 4.607563e-05 0.000000e+00)
3.242         	2.879746e-07	(0.000000e+00 4.607563e-05 0.000000e+00)
3.243         	2.879379e-07	(0.000000e+00 4.607563e-05 0.000000e+00)
3.244         	2.879015e-07	(0.000000e+00 4.607563e-05 0.000000e+00)
3.245         	2.878647e-07	(0.000000e+00 4.607563e-05 0.000000e+00)
3.246         	2.878283e-07	(0.000000e+00 4.607563e-05 0.000000e+00)
3.247         	2.877914e-07	(0.000000e+00 4.607563e-05 0.000000e+00)
3.248         	2.877540e-07	(0.000000e+00 4.607563e-05 0.000000e+00)
3.249         	2.877191e-07	(0.000000e+00 4.607563e-05 0.000000e+00)
3.25          	2.876798e-07	(0.000000e+00 4.607563e-05 0.000000e+00)
3.251         	2.876434e-07	(0.000000e+00 4.607563e-05 0.000000e+00)
3.252         	2.876072e-07	(0.000000e+00 4.607563e-05 0.000000e+00)
3.253         	2.875705e-07	(0.000000e+00 4.607563e-05 0.000000e+00)
3.254         	2.875341e-07	(0.000000e+00 4.607563e-05 0.000000e+00)
3.255         	2.874976e-07	(0.000000e+00 4.607563e-05 0.000000e+00)
3.256         	2.874610e-07	(0.000000e+00 4.607563e-05 0.000000e+00)
3.257         	2.874250e-07	(0.000000e+00 4.607563e-05 0.000000e+00)
3.258         	2.873880e-07	(0.000000e+00 4.607563e-05 0.000000e+00)
3.259         	2.873506e-07	(0.000000e+00 4.607563e-05 0.000000e+00)
3.26          	2.873141e-07	(0.000000e+00 4.607563e-05 0.000000e+00)
3.261         	2.872777e-07	(0.000000e+00 4.607563e-05 0.000000e+00)
3.262         	2.872414e-07	(0.000000e+00 4.607563e-05 0.000000e+00)
3.263         	2.872050e-07	(0.000000e+00 4.607563e-05 0.000000e+00)
3.264         	2.871686e-07	(0.000000e+00 4.607563e-05 0.000000e+00)
3.265         	2.871320e-07	(0.000000e+00 4.607563e-05 0.000000e+00)
3.266         	2.870955e-07	(0.000000e+00 4.607563e-05 0.000000e+00)
3.267         	2.870594e-07	(0.000000e+00 4.607563e-05 0.000000e+00)
3.268         	2.870226e-07	(0.000000e+00 4.607563e-05 0.000000e+00)
3.269         	2.869863e-07	(0.000000e+00 4.607563e-05 0.000000e+00)
3.27          	2.869499e-07	(0.000000e+00 4.607563e-05 0.000000e+00)
3.271         	2.869135e-07	(0.000000e+00 4.607563e-05 0.000000e+00)
3.272         	2.868771e-07	(0.000000e+00 4.607563e-05 0.000000e+00)
3.273         	2.868409e-07	(0.000000e+00 4.607563e-05 0.000000e+00)
3.274         	2.868050e-07	(0.000000e+00 4.607563e-05 0.000000e+00)
3.275         	2.867688e-07	(0.000000e+00 4.607563e-05 0.000000e+00)
3.276         	2.867315e-07	(0.000000e+00 4.607563e-05 0.000000e+00)
3.277         	2.866956e-07	(0.000000e+00 4.607563e-05 0.000000e+00)
3.278         	2.866591e-07	(0.000000e+00 4.607563e-05 0.000000e+00)
3.279         	2.866230e-07	(0.000000e+00 4.607563e-05 0.000000e+00)
3.28          	2.865882e-07	(0.000000e+00 4.607563e-05 0.000000e+00)
3.281         	2.865494e-07	(0.000000e+00 4.607563e-05 0.000000e+00)
3.282         	2.865137e-07	(0.000000e+00 4.607563e-05 0.000000e+00)
3.283         	2.864782e-07	(0.000000e+00 4.607563e-05 0.000000e+00)
3.284         	2.864420e-07	(0.000000e+00 4.607563e-05 0.000000e+00)
3.285         	2.864063e-07	(0.000000e+00 4.607563e-05 0.000000e+00)
3.286         	2.863701e-07	(0.000000e+00 4.607563e-05 0.000000e+00)
3.287         	2.863340e-07	(0.000000e+00 4.607563e-05 0.000000e+00)
3.288         	2.862971e-07	(0.000000e+00 4.607563e-05 0.000000e+00)
3.289         	2.862613e-07	(0.000000e+00 4.607563e-05 0.000000e+00)
3.29          	2.862257e-07	(0.000000e+00 4.607563e-05 0.000000e+00)
3.291         	2.861892e-07	(0.000000e+00 4.607563e-05 0.000000e+00)
3.292         	2.861535e-07	(0.000000e+00 4.607563e-05 0.000000e+00)
3.293         	2.861179e-07	(0.000000e+00 4.607563e-05 0.000000e+00)
3.294         	2.860804e-07	(0.000000e+00 4.607563e-05 0.000000e+00)
3.295         	2.860443e-07	(0.000000e+00 4.607563e-05 0.000000e+00)
3.296         	2.860091e-07	(0.000000e+00 4.607563e-05 0.000000e+00)
3.297         	2.859733e-07	(0.000000e+00 4.607563e-05 0.000000e+00)
3.298         	2.859371e-07	(0.000000e+00 4.607563e-05 0.000000e+00)
3.299         	2.859011e-07	(0.000000e+00 4.607563e-05 0.000000e+00)
3.3           	2.858648e-07	(0.000000e+00 4.607563e-05 0.000000e+00)
3.301         	2.858290e-07	(0.000000e+00 4.607563e-05 0.000000e+00)
3.302         	2.857935e-07	(0.000000e+00 4.607563e-05 0.000000e+00)
3.303         	2.857574e-07	(0.000000e+00 4.607563e-05 0.000000e+00)
3.304         	2.857214e-07	(0.000000e+00 4.607563e-05 0.000000e+00)
3.305         	2.856855e-07	(0.000000e+00 4.607563e-05 0.000000e+00)
3.306         	2.856498e-07	(0.000000e+00 4.607563e-05 0.000000e+00)
3.307         	2.856145e-07	(0.000000e+00 4.607563e-05 0.000000e+00)
3.308         	2.855776e-07	(0.000000e+00 4.607563e-05 0.000000e+00)
3.309         	2.855420e-07	(0.000000e+00 4.607563e-05 0.000000e+00)
3.31          	2.855070e-07	(0.000000e+00 4.607563e-05 0.000000e+00)
3.311         	2.854704e-07	(0.000000e+00 4.607563e-05 0.000000e+00)
3.312         	2.854348e-07	(0.000000e+00 4.607563e-05 0.000000e+00)
3.313         	2.853989e-07	(0.000000e+00 4.607563e-05 0.000000e+00)
3.314         	2.853636e-07	(0.000000e+00 4.607563e-05 0.000000e+00)
3.315         	2.853275e-07	(0.000000e+00 4.607563e-05 0.000000e+00)
3.316         	2.852920e-07	(0.000000e+00 4.607563e-05 0.000000e+00)
3.317         	2.852563e-07	(0.000000e+00 4.607563e-05 0.000000e+00)
3.318         	2.852207e-07	(0.000000e+00 4.607563e-05 0.000000e+00)
3.319         	2.851850e-07	(0.000000e+00 4.607563e-05 0.000000e+00)
3.32          	2.851494e-07	(0.000000e+00 4.607563e-05 0.000000e+00)
3.321         	2.851139e-07	(0.000000e+00 4.607563e-05 0.000000e+00)
3.322         	2.850781e-07	(0.000000e+00 4.607563e-05 0.000000e+00)
3.323         	2.850424e-07	(0.000000e+00 4.607563e-05 0.000000e+00)
3.324         	2.850069e-07	(0.000000e+00 4.607563e-05 0.000000e+00)
3.325         	2.849716e-07	(0.000000e+00 4.607563e-05 0.000000e+00)
3.326         	2.849360e-07	(0.000000e+00 4.607563e-05 0.000000e+00)
3.327         	2.849002e-07	(0.000000e+00 4.607563e-05 0.000000e+00)
3.328         	2.848643e-07	(0.000000e+00 4.607563e-05 0.000000e+00)
3.329         	2.848287e-07	(0.000000e+00 4.607563e-05 0.000000e+00)
3.33          	2.847937e-07	(0.000000e+00 4.607563e-05 0.000000e+00)
3.331         	2.847582e-07	(0.000000e+00 4.607563e-05 0.000000e+00)
3.332         	2.847225e-07	(0.000000e+00 4.607563e-05 0.000000e+00)
3.333         	2.846873e-07	(0.000000e+00 4.607563e-05 0.000000e+00)
3.334         	2.846516e-07	(0.000000e+00 4.607563e-05 0.000000e+00)
3.335         	2.846161e-07	(0.000000e+00 4.607563e-05 0.000000e+00)
3.336         	2.845808e-07	(0.000000e+00 4.607563e-05 0.000000e+00)
3.337         	2.845452e-07	(0.000000e+00 4.607563e-05 0.000000e+00)
3.338         	2.845104e-07	(0.000000e+00 4.607563e-05 0.000000e+00)
3.339         	2.844748e-07	(0.000000e+00 4.607563e-05 0.000000e+00)
3.34          	2.844391e-07	(0.000000e+00 4.607563e-05 0.000000e+00)
3.341         	2.844040e-07	(0.000000e+00 4.607563e-05 0.000000e+00)
3.342         	2.843680e-07	(0.000000e+00 4.607563e-05 0.000000e+00)
3.343         	2.843330e-07	(0.000000e+00 4.607563e-05 0.000000e+00)
3.344         	2.842978e-07	(0.000000e+00 4.607563e-05 0.000000e+00)
3.345         	2.842626e-07	(0.000000e+00 4.607563e-05 0.000000e+00)
3.346         	2.842275e-07	(0.000000e+00 4.607563e-05 0.000000e+00)
3.347         	2.841920e-07	(0.000000e+00 4.607563e-05 0.000000e+00)
3.348         	2.841568e-07	(0.000000e+00 4.607563e-05 0.000000e+00)
3.349         	2.841217e-07	(0.000000e+00 4.607563e-05 0.000000e+00)
3.35          	2.840865e-07	(0.000000e+00 4.607563e-05 0.000000e+00)
3.351         	2.840515e-07	(0.000000e+00 4.607563e-05 0.000000e+00)
3.352         	2.840165e-07	(0.000000e+00 4.607563e-05 0.000000e+00)
3.353         	2.839818e-07	(0.000000e+00 4.607563e-05 0.000000e+00)
3.354         	2.839461e-07	(0.000000e+00 4.607563e-05 0.000000e+00)
3.355         	2.839088e-07	(0.000000e+00 4.607563e-05 0.000000e+00)
3.356         	2.838742e-07	(0.000000e+00 4.607563e-05 0.000000e+00)
3.357         	2.838401e-07	(0.000000e+00 4.607563e-05 0.000000e+00)
3.358         	2.838052e-07	(0.000000e+00 4.607563e-05 0.000000e+00)
3.359         	2.837697e-07	(0.000000e+00 4.607563e-05 0.000000e+00)
3.36          	2.837348e-07	(0.000000e+00 4.607563e-05 0.000000e+00)
3.361         	2.836997e-07	(0.000000e+00 4.607563e-05 0.000000e+00)
3.362         	2.836646e-07	(0.000000e+00 4.607563e-05 0.000000e+00)
3.363         	2.836295e-07	(0.000000e+00 4.607563e-05 0.000000e+00)
3.364         	2.835946e-07	(0.000000e+00 4.607563e-05 0.000000e+00)
3.365         	2.835593e-07	(0.000000e+00 4.607563e-05 0.000000e+00)
3.366         	2.835246e-07	(0.000000e+00 4.607563e-05 0.000000e+00)
3.367         	2.834901e-07	(0.000000e+00 4.607563e-05 0.000000e+00)
3.368         	2.834541e-07	(0.000000e+00 4.607563e-05 0.000000e+00)
3.369         	2.834194e-07	(0.000000e+00 4.607563e-05 0.000000e+00)
3.37          	2.833841e-07	(0.000000e+00 4.607563e-05 0.000000e+00)
3.371         	2.833495e-07	(0.000000e+00 4.607563e-05 0.000000e+00)
3.372         	2.833147e-07	(0.000000e+00 4.607563e-05 0.000000e+00)
3.373         	2.832800e-07	(0.000000e+00 4.607563e-05 0.000000e+00)
3.374         	2.832450e-07	(0.000000e+00 4.607563e-05 0.000000e+00)
3.375         	2.832098e-07	(0.000000e+00 4.607563e-05 0.000000e+00)
3.376         	2.831750e-07	(0.000000e+00 4.607563e-05 0.000000e+00)
3.377         	2.831401e-07	(0.000000e+00 4.607563e-05 0.000000e+00)
3.378         	2.831053e-07	(0.000000e+00 4.607563e-05 0.000000e+00)
3.379         	2.830706e-07	(0.000000e+00 4.607563e-05 0.000000e+00)
3.38          	2.830357e-07	(0.000000e+00 4.607563e-05 0.000000e+00)
3.381         	2.830010e-07	(0.000000e+00 4.607563e-05 0.000000e+00)
3.382         	2.829668e-07	(0.000000e+00 4.607563e-05 0.000000e+00)
3.383         	2.829317e-07	(0.000000e+00 4.607563e-05 0.000000e+00)
3.384         	2.828967e-07	(0.000000e+00 4.607563e-05 0.000000e+00)
3.385         	2.828620e-07	(0.000000e+00 4.607563e-05 0.000000e+00)
3.386         	2.828272e-07	(0.000000e+00 4.607563e-05 0.000000e+00)
3.387         	2.827925e-07	(0.000000e+00 4.607563e-05 0.000000e+00)
3.388         	2.827582e-07	(0.000000e+00 4.607563e-05 0.000000e+00)
3.389         	2.827237e-07	(0.000000e+00 4.607563e-05 0.000000e+00)
3.39          	2.826884e-07	(0.000000e+00 4.607563e-05 0.000000e+00)
3.391         	2.826542e-07	(0.000000e+00 4.607563e-05 0.000000e+00)
3.392         	2.826196e-07	(0.000000e+00 4.607563e-05 0.000000e+00)
3.393         	2.825856e-07	(0.000000e+00 4.607563e-05 0.000000e+00)
3.394         	2.825505e-07	(0.000000e+00 4.607563e-05 0.000000e+00)
3.395         	2.825145e-07	(0.000000e+00 4.607563e-05 0.000000e+00)
3.396         	2.824806e-07	(0.000000e+00 4.607563e-05 0.000000e+00)
3.397         	2.824463e-07	(0.000000e+00 4.607563e-05 0.000000e+00)
3.398         	2.824123e-07	(0.000000e+00 4.607563e-05 0.000000e+00)
3.399         	2.823773e-07	(0.000000e+00 4.607563e-05 0.000000e+00)
3.4           	2.823437e-07	(0.000000e+00 4.607563e-05 0.000000e+00)
3.401         	2.823093e-07	(0.000000e+00 4.607563e-05 0.000000e+00)
3.402         	2.822730e-07	(0.000000e+00 4.607563e-05 0.000000e+00)
3.403         	2.822388e-07	(0.000000e+00 4.607563e-05 0.000000e+00)
3.404         	2.822046e-07	(0.000000e+00 4.607563e-05 0.000000e+00)
3.405         	2.821705e-07	(0.000000e+00 4.607563e-05 0.000000e+00)
3.406         	2.821362e-07	(0.000000e+00 4.607563e-05 0.000000e+00)
3.407         	2.821018e-07	(0.000000e+00 4.607563e-05 0.000000e+00)
3.408         	2.820670e-07	(0.000000e+00 4.607563e-05 0.000000e+00)
3.409         	2.820326e-07	(0.000000e+00 4.607563e-05 0.000000e+00)
3.41          	2.819986e-07	(0.000000e+00 4.607563e-05 0.000000e+00)
3.411         	2.819642e-07	(0.000000e+00 4.607563e-05 0.000000e+00)
3.412         	2.819297e-07	(0.000000e+00 4.607563e-05 0.000000e+00)
3.413         	2.818954e-07	(0.000000e+00 4.607563e-05 0.000000e+00)
3.414         	2.818611e-07	(0.000000e+00 4.607563e-05 0.000000e+00)
3.415         	2.818271e-07	(0.000000e+00 4.607563e-05 0.000000e+00)
3.416         	2.817929e-07	(0.000000e+00 4.607563e-05 0.000000e+00)
3.417         	2.817588e-07	(0.000000e+00 4.607563e-05 0.000000e+00)
3.418         	2.817244e-07	(0.000000e+00 4.607563e-05 0.000000e+00)
3.419         	2.816894e-07	(0.000000e+00 4.607563e-05 0.000000e+00)
3.42          	2.816552e-07	(0.000000e+00 4.607563e-05 0.000000e+00)
3.421         	2.816205e-07	(0.000000e+00 4.607563e-05 0.000000e+00)
3.422         	2.815862e-07	(0.000000e+00 4.607563e-05 0.000000e+00)
3.423         	2.815524e-07	(0.000000e+00 4.607563e-05 0.000000e+00)
3.424         	2.815183e-07	(0.000000e+00 4.607563e-05 0.000000e+00)
3.425         	2.814842e-07	(0.000000e+00 4.607563e-05 0.000000e+00)
3.426         	2.814502e-07	(0.000000e+00 4.607563e-05 0.000000e+00)
3.427         	2.814158e-07	(0.000000e+00 4.607563e-05 0.000000e+00)
3.428         	2.813819e-07	(0.000000e+00 4.607563e-05 0.000000e+00)
3.429         	2.813481e-07	(0.000000e+00 4.607563e-05 0.000000e+00)
3.43          	2.813138e-07	(0.000000e+00 4.607563e-05 0.000000e+00)
3.431         	2.812794e-07	(0.000000e+00 4.607563e-05 0.000000e+00)
3.432         	2.812452e-07	(0.000000e+00 4.607563e-05 0.000000e+00)
3.433         	2.812112e-07	(0.000000e+00 4.607563e-05 0.000000e+00)
3.434         	2.811774e-07	(0.000000e+00 4.607563e-05 0.000000e+00)
3.435         	2.811431e-07	(0.000000e+00 4.607563e-05 0.000000e+00)
3.436         	2.811088e-07	(0.000000e+00 4.607563e-05 0.000000e+00)
3.437         	2.810752e-07	(0.000000e+00 4.607563e-05 0.000000e+00)
3.438         	2.810410e-07	(0.000000e+00 4.607563e-05 0.000000e+00)
3.439         	2.810077e-07	(0.000000e+00 4.607563e-05 0.000000e+00)
3.44          	2.809732e-07	(0.000000e+00 4.607563e-05 0.000000e+00)
3.441         	2.809386e-07	(0.000000e+00 4.607563e-05 0.000000e+00)
3.442         	2.809054e-07	(0.000000e+00 4.607563e-05 0.000000e+00)
3.443         	2.808717e-07	(0.000000e+00 4.607563e-05 0.000000e+00)
3.444         	2.808373e-07	(0.000000e+00 4.607563e-05 0.000000e+00)
3.445         	2.808038e-07	(0.000000e+00 4.607563e-05 0.000000e+00)
3.446         	2.807695e-07	(0.000000e+00 4.607563e-05 0.000000e+00)
3.447         	2.807355e-07	(0.000000e+00 4.607563e-05 0.000000e+00)
3.448         	2.807019e-07	(0.000000e+00 4.607563e-05 0.000000e+00)
3.449         	2.806683e-07	(0.000000e+00 4.607563e-05 0.000000e+00)
3.45          	2.806342e-07	(0.000000e+00 4.607563e-05 0.000000e+00)
3.451         	2.806005e-07	(0.000000e+00 4.607563e-05 0.000000e+00)
3.452         	2.805666e-07	(0.000000e+00 4.607563e-05 0.000000e+00)
3.453         	2.805329e-07	(0.000000e+00 4.607563e-05 0.000000e+00)
3.454         	2.804989e-07	(0.000000e+00 4.607563e-05 0.000000e+00)
3.455         	2.804650e-07	(0.000000e+00 4.607563e-05 0.000000e+00)
3.456         	2.804312e-07	(0.000000e+00 4.607563e-05 0.000000e+00)
3.457         	2.803976e-07	(0.000000e+00 4.607563e-05 0.000000e+00)
3.458         	2.803641e-07	(0.000000e+00 4.607563e-05 0.000000e+00)
3.459         	2.803300e-07	(0.000000e+00 4.607563e-05 0.000000e+00)
3.46          	2.802961e-07	(0.000000e+00 4.607563e-05 0.000000e+00)
3.461         	2.802626e-07	(0.000000e+00 4.607563e-05 0.000000e+00)
3.462         	2.802290e-07	(0.000000e+00 4.607563e-05 0.000000e+00)
3.463         	2.801954e-07	(0.000000e+00 4.607563e-05 0.000000e+00)
3.464         	2.801619e-07	(0.000000e+00 4.607563e-05 0.000000e+00)
3.465         	2.801281e-07	(0.000000e+00 4.607563e-05 0.000000e+00)
3.466         	2.800947e-07	(0.000000e+00 4.607563e-05 0.000000e+00)
3.467         	2.800607e-07	(0.000000e+00 4.607563e-05 0.000000e+00)
3.468         	2.800273e-07	(0.000000e+00 4.607563e-05 0.000000e+00)
3.469         	2.799931e-07	(0.000000e+00 4.607563e-05 0.000000e+00)
3.47          	2.799601e-07	(0.000000e+00 4.607563e-05 0.000000e+00)
3.471         	2.799263e-07	(0.000000e+00 4.607563e-05 0.000000e+00)
3.472         	2.798927e-07	(0.000000e+00 4.607563e-05 0.000000e+00)
3.473         	2.798584e-07	(0.000000e+00 4.607563e-05 0.000000e+00)
3.474         	2.798250e-07	(0.000000e+00 4.607563e-05 0.000000e+00)
3.475         	2.797918e-07	(0.000000e+00 4.607563e-05 0.000000e+00)
3.476         	2.797581e-07	(0.000000e+00 4.607563e-05 0.000000e+00)
3.477         	2.797266e-07	(0.000000e+00 4.607563e-05 0.000000e+00)
3.478         	2.796949e-07	(0.000000e+00 4.607563e-05 0.000000e+00)
3.479         	2.796564e-07	(0.000000e+00 4.607563e-05 0.000000e+00)
3.48          	2.796245e-07	(0.000000e+00 4.607563e-05 0.000000e+00)
3.481         	2.795918e-07	(0.000000e+00 4.607563e-05 0.000000e+00)
3.482         	2.795595e-07	(0.000000e+00 4.607563e-05 0.000000e+00)
3.483         	2.795263e-07	(0.000000e+00 4.607563e-05 0.000000e+00)
3.484         	2.794921e-07	(0.000000e+00 4.607563e-05 0.000000e+00)
3.485         	2.794586e-07	(0.000000e+00 4.607563e-05 0.000000e+00)
3.486         	2.794263e-07	(0.000000e+00 4.607563e-05 0.000000e+00)
3.487         	2.793930e-07	(0.000000e+00 4.607563e-05 0.000000e+00)
3.488         	2.793586e-07	(0.000000e+00 4.607563e-05 0.000000e+00)
3.489         	2.793250e-07	(0.000000e+00 4.607563e-05 0.000000e+00)
3.49          	2.792930e-07	(0.000000e+00 4.607563e-05 0.000000e+00)
3.491         	2.792587e-07	(0.000000e+00 4.607563e-05 0.000000e+00)
3.492         	2.792262e-07	(0.000000e+00 4.607563e-05 0.000000e+00)
3.493         	2.791924e-07	(0.000000e+00 4.607563e-05 0.000000e+00)
3.494         	2.791593e-07	(0.000000e+00 4.607563e-05 0.000000e+00)
3.495         	2.791269e-07	(0.000000e+00 4.607563e-05 0.000000e+00)
3.496         	2.790931e-07	(0.000000e+00 4.607563e-05 0.000000e+00)
3.497         	2.790596e-07	(0.000000e+00 4.607563e-05 0.000000e+00)
3.498         	2.790265e-07	(0.000000e+00 4.607563e-05 0.000000e+00)
3.499         	2.789942e-07	(0.000000e+00 4.607563e-05 0.000000e+00)
3.5           	2.789636e-07	(0.000000e+00 4.607563e-05 0.000000e+00)
3.501         	2.789245e-07	(0.000000e+00 4.607563e-05 0.000000e+00)
3.502         	2.788923e-07	(0.000000e+00 4.607563e-05 0.000000e+00)
3.503         	2.788607e-07	(0.000000e+00 4.607563e-05 0.000000e+00)
3.504         	2.788279e-07	(0.000000e+00 4.607563e-05 0.000000e+00)
3.505         	2.787950e-07	(0.000000e+00 4.607563e-05 0.000000e+00)
3.506         	2.787616e-07	(0.000000e+00 4.607563e-05 0.000000e+00)
3.507         	2.787285e-07	(0.000000e+00 4.607563e-05 0.000000e+00)
3.508         	2.786955e-07	(0.000000e+00 4.607563e-05 0.000000e+00)
3.509         	2.786625e-07	(0.000000e+00 4.607563e-05 0.000000e+00)
3.51          	2.786295e-07	(0.000000e+00 4.607563e-05 0.000000e+00)
3.511         	2.785966e-07	(0.000000e+00 4.607563e-05 0.000000e+00)
3.512         	2.785633e-07	(0.000000e+00 4.607563e-05 0.000000e+00)
3.513         	2.785305e-07	(0.000000e+00 4.607563e-05 0.000000e+00)
3.514         	2.784973e-07	(0.000000e+00 4.607563e-05 0.000000e+00)
3.515         	2.784642e-07	(0.000000e+00 4.607563e-05 0.000000e+00)
3.516         	2.784313e-07	(0.000000e+00 4.607563e-05 0.000000e+00)
3.517         	2.783986e-07	(0.000000e+00 4.607563e-05 0.000000e+00)
3.518         	2.783653e-07	(0.000000e+00 4.607563e-05 0.000000e+00)
3.519         	2.783327e-07	(0.000000e+00 4.607563e-05 0.000000e+00)
3.52          	2.782995e-07	(0.000000e+00 4.607563e-05 0.000000e+00)
3.521         	2.782670e-07	(0.000000e+00 4.607563e-05 0.000000e+00)
3.522         	2.782341e-07	(0.000000e+00 4.607563e-05 0.000000e+00)
3.523         	2.782015e-07	(0.000000e+00 4.607563e-05 0.000000e+00)
3.524         	2.781685e-07	(0.000000e+00 4.607563e-05 0.000000e+00)
3.525         	2.781350e-07	(0.000000e+00 4.607563e-05 0.000000e+00)
3.526         	2.781024e-07	(0.000000e+00 4.607563e-05 0.000000e+00)
3.527         	2.780696e-07	(0.000000e+00 4.607563e-05 0.000000e+00)
3.528         	2.780370e-07	(0.000000e+00 4.607563e-05 0.000000e+00)
3.529         	2.780037e-07	(0.000000e+00 4.607563e-05 0.000000e+00)
3.53          	2.779709e-07	(0.000000e+00 4.607563e-05 0.000000e+00)
3.531         	2.779381e-07	(0.000000e+00 4.607563e-05 0.000000e+00)
3.532         	2.779059e-07	(0.000000e+00 4.607563e-05 0.000000e+00)
3.533         	2.778718e-07	(0.000000e+00 4.607563e-05 0.000000e+00)
3.534         	2.778398e-07	(0.000000e+00 4.607563e-05 0.000000e+00)
3.535         	2.778066e-07	(0.000000e+00 4.607563e-05 0.000000e+00)
3.536         	2.777742e-07	(0.000000e+00 4.607563e-05 0.000000e+00)
3.537         	2.777418e-07	(0.000000e+00 4.607563e-05 0.000000e+00)
3.538         	2.777087e-07	(0.000000e+00 4.607563e-05 0.000000e+00)
3.539         	2.776762e-07	(0.000000e+00 4.607563e-05 0.000000e+00)
3.54          	2.776437e-07	(0.000000e+00 4.607563e-05 0.000000e+00)
3.541         	2.776109e-07	(0.000000e+00 4.607563e-05 0.000000e+00)
3.542         	2.775790e-07	(0.000000e+00 4.607563e-05 0.000000e+00)
3.543         	2.775463e-07	(0.000000e+00 4.607563e-05 0.000000e+00)
3.544         	2.775134e-07	(0.000000e+00 4.607563e-05 0.000000e+00)
3.545         	2.774804e-07	(0.000000e+00 4.607563e-05 0.000000e+00)
3.546         	2.774482e-07	(0.000000e+00 4.607563e-05 0.000000e+00)
3.547         	2.774156e-07	(0.000000e+00 4.607563e-05 0.000000e+00)
3.548         	2.773831e-07	(0.000000e+00 4.607563e-05 0.000000e+00)
3.549         	2.773504e-07	(0.000000e+00 4.607563e-05 0.000000e+00)
3.55          	2.773182e-07	(0.000000e+00 4.607563e-05 0.000000e+00)
3.551         	2.772850e-07	(0.000000e+00 4.607563e-05 0.000000e+00)
3.552         	2.772531e-07	(0.000000e+00 4.607563e-05 0.000000e+00)
3.553         	2.772199e-07	(0.000000e+00 4.607563e-05 0.000000e+00)
3.554         	2.771882e-07	(0.000000e+00 4.607563e-05 0.000000e+00)
3.555         	2.771550e-07	(0.000000e+00 4.607563e-05 0.000000e+00)
3.556         	2.771230e-07	(0.000000e+00 4.607563e-05 0.000000e+00)
3.557         	2.770915e-07	(0.000000e+00 4.607563e-05 0.000000e+00)
3.558         	2.770592e-07	(0.000000e+00 4.607563e-05 0.000000e+00)
3.559         	2.770263e-07	(0.000000e+00 4.607563e-05 0.000000e+00)
3.56          	2.769941e-07	(0.000000e+00 4.607563e-05 0.000000e+00)
3.561         	2.769617e-07	(0.000000e+00 4.607563e-05 0.000000e+00)
3.562         	2.769295e-07	(0.000000e+00 4.607563e-05 0.000000e+00)
3.563         	2.768971e-07	(0.000000e+00 4.607563e-05 0.000000e+00)
3.564         	2.768644e-07	(0.000000e+00 4.607563e-05 0.000000e+00)
3.565         	2.768323e-07	(0.000000e+00 4.607563e-05 0.000000e+00)
3.566         	2.767997e-07	(0.000000e+00 4.607563e-05 0.000000e+00)
3.567         	2.767676e-07	(0.000000e+00 4.607563e-05 0.000000e+00)
3.568         	2.767360e-07	(0.000000e+00 4.607563e-05 0.000000e+00)
3.569         	2.767034e-07	(0.000000e+00 4.607563e-05 0.000000e+00)
3.57          	2.766700e-07	(0.000000e+00 4.607563e-05 0.000000e+00)
3.571         	2.766382e-07	(0.000000e+00 4.607563e-05 0.000000e+00)
3.572         	2.766065e-07	(0.000000e+00 4.607563e-05 0.000000e+00)
3.573         	2.765744e-07	(0.000000e+00 4.607563e-05 0.000000e+00)
3.574         	2.765418e-07	(0.000000e+00 4.607563e-05 0.000000e+00)
3.575         	2.765094e-07	(0.000000e+00 4.607563e-05 0.000000e+00)
3.576         	2.764774e-07	(0.000000e+00 4.607563e-05 0.000000e+00)
3.577         	2.764451e-07	(0.000000e+00 4.607563e-05 0.000000e+00)
3.578         	2.764127e-07	(0.000000e+00 4.607563e-05 0.000000e+00)
3.579         	2.763808e-07	(0.000000e+00 4.607563e-05 0.000000e+00)
3.58          	2.763489e-07	(0.000000e+00 4.607563e-05 0.000000e+00)
3.581         	2.763169e-07	(0.000000e+00 4.607563e-05 0.000000e+00)
3.582         	2.762851e-07	(0.000000e+00 4.607563e-05 0.000000e+00)
3.583         	2.762517e-07	(0.000000e+00 4.607563e-05 0.000000e+00)
3.584         	2.762195e-07	(0.000000e+00 4.607563e-05 0.000000e+00)
3.585         	2.761879e-07	(0.000000e+00 4.607563e-05 0.000000e+00)
3.586         	2.761559e-07	(0.000000e+00 4.607563e-05 0.000000e+00)
3.587         	2.761247e-07	(0.000000e+00 4.607563e-05 0.000000e+00)
3.588         	2.760914e-07	(0.000000e+00 4.607563e-05 0.000000e+00)
3.589         	2.760600e-07	(0.000000e+00 4.607563e-05 0.000000e+00)
3.59          	2.760272e-07	(0.000000e+00 4.607563e-05 0.000000e+00)
3.591         	2.759958e-07	(0.000000e+00 4.607563e-05 0.000000e+00)
3.592         	2.759633e-07	(0.000000e+00 4.607563e-05 0.000000e+00)
3.593         	2.759318e-07	(0.000000e+00 4.607563e-05 0.000000e+00)
3.594         	2.758997e-07	(0.000000e+00 4.607563e-05 0.000000e+00)
3.595         	2.758679e-07	(0.000000e+00 4.607563e-05 0.000000e+00)
3.596         	2.758358e-07	(0.000000e+00 4.607563e-05 0.000000e+00)
3.597         	2.758039e-07	(0.000000e+00 4.607563e-05 0.000000e+00)
3.598         	2.757718e-07	(0.000000e+00 4.607563e-05 0.000000e+00)
3.599         	2.757402e-07	(0.000000e+00 4.607563e-05 0.000000e+00)
3.6           	2.757082e-07	(0.000000e+00 4.607563e-05 0.000000e+00)
3.601         	2.756764e-07	(0.000000e+00 4.607563e-05 0.000000e+00)
3.602         	2.756443e-07	(0.000000e+00 4.607563e-05 0.000000e+00)
3.603         	2.756125e-07	(0.000000e+00 4.607563e-05 0.000000e+00)
3.604         	2.755808e-07	(0.000000e+00 4.607563e-05 0.000000e+00)
3.605         	2.755490e-07	(0.000000e+00 4.607563e-05 0.000000e+00)
3.606         	2.755171e-07	(0.000000e+00 4.607563e-05 0.000000e+00)
3.607         	2.754853e-07	(0.000000e+00 4.607563e-05 0.000000e+00)
3.608         	2.754536e-07	(0.000000e+00 4.607563e-05 0.000000e+00)
3.609         	2.754222e-07	(0.000000e+00 4.607563e-05 0.000000e+00)
3.61          	2.753902e-07	(0.000000e+00 4.607563e-05 0.000000e+00)
3.611         	2.753585e-07	(0.000000e+00 4.607563e-05 0.000000e+00)
3.612         	2.753263e-07	(0.000000e+00 4.607563e-05 0.000000e+00)
3.613         	2.752951e-07	(0.000000e+00 4.607563e-05 0.000000e+00)
3.614         	2.752632e-07	(0.000000e+00 4.607563e-05 0.000000e+00)
3.615         	2.752314e-07	(0.000000e+00 4.607563e-05 0.000000e+00)
3.616         	2.751992e-07	(0.000000e+00 4.607563e-05 0.000000e+00)
3.617         	2.751675e-07	(0.000000e+00 4.607563e-05 0.000000e+00)
3.618         	2.751364e-07	(0.000000e+00 4.607563e-05 0.000000e+00)
3.619         	2.751047e-07	(0.000000e+00 4.607563e-05 0.000000e+00)
3.62          	2.750730e-07	(0.000000e+00 4.607563e-05 0.000000e+00)
3.621         	2.750415e-07	(0.000000e+00 4.607563e-05 0.000000e+00)
3.622         	2.750098e-07	(0.000000e+00 4.607563e-05 0.000000e+00)
3.623         	2.749782e-07	(0.000000e+00 4.607563e-05 0.000000e+00)
3.624         	2.749468e-07	(0.000000e+00 4.607563e-05 0.000000e+00)
3.625         	2.749150e-07	(0.000000e+00 4.607563e-05 0.000000e+00)
3.626         	2.748832e-07	(0.000000e+00 4.607563e-05 0.000000e+00)
3.627         	2.748519e-07	(0.000000e+00 4.607563e-05 0.000000e+00)
3.628         	2.748204e-07	(0.000000e+00 4.607563e-05 0.000000e+00)
3.629         	2.747891e-07	(0.000000e+00 4.607563e-05 0.000000e+00)
3.63          	2.747584e-07	(0.000000e+00 4.607563e-05 0.000000e+00)
3.631         	2.747269e-07	(0.000000e+00 4.607563e-05 0.000000e+00)
3.632         	2.746948e-07	(0.000000e+00 4.607563e-05 0.000000e+00)
3.633         	2.746633e-07	(0.000000e+00 4.607563e-05 0.000000e+00)
3.634         	2.746316e-07	(0.000000e+00 4.607563e-05 0.000000e+00)
3.635         	2.745980e-07	(0.000000e+00 4.607563e-05 0.000000e+00)
3.636         	2.745678e-07	(0.000000e+00 4.607563e-05 0.000000e+00)
3.637         	2.745361e-07	(0.000000e+00 4.607563e-05 0.000000e+00)
3.638         	2.745051e-07	(0.000000e+00 4.607563e-05 0.000000e+00)
3.639         	2.744742e-07	(0.000000e+00 4.607563e-05 0.000000e+00)
3.64          	2.744427e-07	(0.000000e+00 4.607563e-05 0.000000e+00)
3.641         	2.744109e-07	(0.000000e+00 4.607563e-05 0.000000e+00)
3.642         	2.743796e-07	(0.000000e+00 4.607563e-05 0.000000e+00)
3.643         	2.743484e-07	(0.000000e+00 4.607563e-05 0.000000e+00)
3.644         	2.743174e-07	(0.000000e+00 4.607563e-05 0.000000e+00)
3.645         	2.742860e-07	(0.000000e+00 4.607563e-05 0.000000e+00)
3.646         	2.742546e-07	(0.000000e+00 4.607563e-05 0.000000e+00)
3.647         	2.742231e-07	(0.000000e+00 4.607563e-05 0.000000e+00)
3.648         	2.741915e-07	(0.000000e+00 4.607563e-05 0.000000e+00)
3.649         	2.741603e-07	(0.000000e+00 4.607563e-05 0.000000e+00)
3.65          	2.741293e-07	(0.000000e+00 4.607563e-05 0.000000e+00)
3.651         	2.740983e-07	(0.000000e+00 4.607563e-05 0.000000e+00)
3.652         	2.740665e-07	(0.000000e+00 4.607563e-05 0.000000e+00)
3.653         	2.740352e-07	(0.000000e+00 4.607563e-05 0.000000e+00)
3.654         	2.740045e-07	(0.000000e+00 4.607563e-05 0.000000e+00)
3.655         	2.739726e-07	(0.000000e+00 4.607563e-05 0.000000e+00)
3.656         	2.739412e-07	(0.000000e+00 4.607563e-05 0.000000e+00)
3.657         	2.739103e-07	(0.000000e+00 4.607563e-05 0.000000e+00)
3.658         	2.738791e-07	(0.000000e+00 4.607563e-05 0.000000e+00)
3.659         	2.738480e-07	(0.000000e+00 4.607563e-05 0.000000e+00)
3.66          	2.738171e-07	(0.000000e+00 4.607563e-05 0.000000e+00)
3.661         	2.737858e-07	(0.000000e+00 4.607563e-05 0.000000e+00)
3.662         	2.737548e-07	(0.000000e+00 4.607563e-05 0.000000e+00)
3.663         	2.737241e-07	(0.000000e+00 4.607563e-05 0.000000e+00)
3.664         	2.736921e-07	(0.000000e+00 4.607563e-05 0.000000e+00)
3.665         	2.736616e-07	(0.000000e+00 4.607563e-05 0.000000e+00)
3.666         	2.736299e-07	(0.000000e+00 4.607563e-05 0.000000e+00)
3.667         	2.735988e-07	(0.000000e+00 4.607563e-05 0.000000e+00)
3.668         	2.735680e-07	(0.000000e+00 4.607563e-05 0.000000e+00)
3.669         	2.735374e-07	(0.000000e+00 4.607563e-05 0.000000e+00)
3.67          	2.735061e-07	(0.000000e+00 4.607563e-05 0.000000e+00)
3.671         	2.734748e-07	(0.000000e+00 4.607563e-05 0.000000e+00)
3.672         	2.734441e-07	(0.000000e+00 4.607563e-05 0.000000e+00)
3.673         	2.734116e-07	(0.000000e+00 4.607563e-05 0.000000e+00)
3.674         	2.733811e-07	(0.000000e+00 4.607563e-05 0.000000e+00)
3.675         	2.733510e-07	(0.000000e+00 4.607563e-05 0.000000e+00)
3.676         	2.733199e-07	(0.000000e+00 4.607563e-05 0.000000e+00)
3.677         	2.732892e-07	(0.000000e+00 4.607563e-05 0.000000e+00)
3.678         	2.732583e-07	(0.000000e+00 4.607563e-05 0.000000e+00)
3.679         	2.732266e-07	(0.000000e+00 4.607563e-05 0.000000e+00)
3.68          	2.731952e-07	(0.000000e+00 4.607563e-05 0.000000e+00)
3.681         	2.731650e-07	(0.000000e+00 4.607563e-05 0.000000e+00)
3.682         	2.731338e-07	(0.000000e+00 4.607563e-05 0.000000e+00)
3.683         	2.731031e-07	(0.000000e+00 4.607563e-05 0.000000e+00)
3.684         	2.730720e-07	(0.000000e+00 4.607563e-05 0.000000e+00)
3.685         	2.730412e-07	(0.000000e+00 4.607563e-05 0.000000e+00)
3.686         	2.730105e-07	(0.000000e+00 4.607563e-05 0.000000e+00)
3.687         	2.729795e-07	(0.000000e+00 4.607563e-05 0.000000e+00)
3.688         	2.729489e-07	(0.000000e+00 4.607563e-05 0.000000e+00)
3.689         	2.729181e-07	(0.000000e+00 4.607563e-05 0.000000e+00)
3.69          	2.728873e-07	(0.000000e+00 4.607563e-05 0.000000e+00)
3.691         	2.728567e-07	(0.000000e+00 4.607563e-05 0.000000e+00)
3.692         	2.728256e-07	(0.000000e+00 4.607563e-05 0.000000e+00)
3.693         	2.727946e-07	(0.000000e+00 4.607563e-05 0.000000e+00)
3.694         	2.727640e-07	(0.000000e+00 4.607563e-05 0.000000e+00)
3.695         	2.727335e-07	(0.000000e+00 4.607563e-05 0.000000e+00)
3.696         	2.727026e-07	(0.000000e+00 4.607563e-05 0.000000e+00)
3.697         	2.726720e-07	(0.000000e+00 4.607563e-05 0.000000e+00)
3.698         	2.726407e-07	(0.000000e+00 4.607563e-05 0.000000e+00)
3.699         	2.726102e-07	(0.000000e+00 4.607563e-05 0.000000e+00)
3.7           	2.725799e-07	(0.000000e+00 4.607563e-05 0.000000e+00)
3.701         	2.725489e-07	(0.000000e+00 4.607563e-05 0.000000e+00)
3.702         	2.725184e-07	(0.000000e+00 4.607563e-05 0.000000e+00)
3.703         	2.724878e-07	(0.000000e+00 4.607563e-05 0.000000e+00)
3.704         	2.724576e-07	(0.000000e+00 4.607563e-05 0.000000e+00)
3.705         	2.724264e-07	(0.000000e+00 4.607563e-05 0.000000e+00)
3.706         	2.723963e-07	(0.000000e+00 4.607563e-05 0.000000e+00)
3.707         	2.723650e-07	(0.000000e+00 4.607563e-05 0.000000e+00)
3.708         	2.723347e-07	(0.000000e+00 4.607563e-05 0.000000e+00)
3.709         	2.723042e-07	(0.000000e+00 4.607563e-05 0.000000e+00)
3.71          	2.722738e-07	(0.000000e+00 4.607563e-05 0.000000e+00)
3.711         	2.722432e-07	(0.000000e+00 4.607563e-05 0.000000e+00)
3.712         	2.722128e-07	(0.000000e+00 4.607563e-05 0.000000e+00)
3.713         	2.721816e-07	(0.000000e+00 4.607563e-05 0.000000e+00)
3.714         	2.721513e-07	(0.000000e+00 4.607563e-05 0.000000e+00)
3.715         	2.721202e-07	(0.000000e+00 4.607563e-05 0.000000e+00)
3.716         	2.720901e-07	(0.000000e+00 4.607563e-05 0.000000e+00)
3.717         	2.720595e-07	(0.000000e+00 4.607563e-05 0.000000e+00)
3.718         	2.720294e-07	(0.000000e+00 4.607563e-05 0.000000e+00)
3.719         	2.719985e-07	(0.000000e+00 4.607563e-05 0.000000e+00)
3.72          	2.719688e-07	(0.000000e+00 4.607563e-05 0.000000e+00)
3.721         	2.719375e-07	(0.000000e+00 4.607563e-05 0.000000e+00)
3.722         	2.719069e-07	(0.000000e+00 4.607563e-05 0.000000e+00)
3.723         	2.718763e-07	(0.000000e+00 4.607563e-05 0.000000e+00)
3.724         	2.718463e-07	(0.000000e+00 4.607563e-05 0.000000e+00)
3.725         	2.718159e-07	(0.000000e+00 4.607563e-05 0.000000e+00)
3.726         	2.717856e-07	(0.000000e+00 4.607563e-05 0.000000e+00)
3.727         	2.717553e-07	(0.000000e+00 4.607563e-05 0.000000e+00)
3.728         	2.717248e-07	(0.000000e+00 4.607563e-05 0.000000e+00)
3.729         	2.716948e-07	(0.000000e+00 4.607563e-05 0.000000e+00)
3.73          	2.716642e-07	(0.000000e+00 4.607563e-05 0.000000e+00)
3.731         	2.716341e-07	(0.000000e+00 4.607563e-05 0.000000e+00)
3.732         	2.716035e-07	(0.000000e+00 4.607563e-05 0.000000e+00)
3.733         	2.715728e-07	(0.000000e+00 4.607563e-05 0.000000e+00)
3.734         	2.715428e-07	(0.000000e+00 4.607563e-05 0.000000e+00)
3.735         	2.715128e-07	(0.000000e+00 4.607563e-05 0.000000e+00)
3.736         	2.714827e-07	(0.000000e+00 4.607563e-05 0.000000e+00)
3.737         	2.714525e-07	(0.000000e+00 4.607563e-05 0.000000e+00)
3.738         	2.714224e-07	(0.000000e+00 4.607563e-05 0.000000e+00)
3.739         	2.713916e-07	(0.000000e+00 4.607563e-05 0.000000e+00)
3.74          	2.713620e-07	(0.000000e+00 4.607563e-05 0.000000e+00)
3.741         	2.713314e-07	(0.000000e+00 4.607563e-05 0.000000e+00)
3.742         	2.713010e-07	(0.000000e+00 4.607563e-05 0.000000e+00)
3.743         	2.712707e-07	(0.000000e+00 4.607563e-05 0.000000e+00)
3.744         	2.712408e-07	(0.000000e+00 4.607563e-05 0.000000e+00)
3.745         	2.712106e-07	(0.000000e+00 4.607563e-05 0.000000e+00)
3.746         	2.711804e-07	(0.000000e+00 4.607563e-05 0.000000e+00)
3.747         	2.711504e-07	(0.000000e+00 4.607563e-05 0.000000e+00)
3.748         	2.711201e-07	(0.000000e+00 4.607563e-05 0.000000e+00)
3.749         	2.710902e-07	(0.000000e+00 4.607563e-05 0.000000e+00)
3.75          	2.710601e-07	(0.000000e+00 4.607563e-05 0.000000e+00)
3.751         	2.710299e-07	(0.000000e+00 4.607563e-05 0.000000e+00)
3.752         	2.710002e-07	(0.000000e+00 4.607563e-05 0.000000e+00)
3.753         	2.709698e-07	(0.000000e+00 4.607563e-05 0.000000e+00)
3.754         	2.709397e-07	(0.000000e+00 4.607563e-05 0.000000e+00)
3.755         	2.709099e-07	(0.000000e+00 4.607563e-05 0.000000e+00)
3.756         	2.708800e-07	(0.000000e+00 4.607563e-05 0.000000e+00)
3.757         	2.708502e-07	(0.000000e+00 4.607563e-05 0.000000e+00)
3.758         	2.708194e-07	(0.000000e+00 4.607563e-05 0.000000e+00)
3.759         	2.707891e-07	(0.000000e+00 4.607563e-05 0.000000e+00)
3.76          	2.707596e-07	(0.000000e+00 4.607563e-05 0.000000e+00)
3.761         	2.707298e-07	(0.000000e+00 4.607563e-05 0.000000e+00)
3.762         	2.706999e-07	(0.000000e+00 4.607563e-05 0.000000e+00)
3.763         	2.706700e-07	(0.000000e+00 4.607563e-05 0.000000e+00)
3.764         	2.706405e-07	(0.000000e+00 4.607563e-05 0.000000e+00)
3.765         	2.706100e-07	(0.000000e+00 4.607563e-05 0.000000e+00)
3.766         	2.705811e-07	(0.000000e+00 4.607563e-05 0.000000e+00)
3.767         	2.705480e-07	(0.000000e+00 4.607563e-05 0.000000e+00)
3.768         	2.705190e-07	(0.000000e+00 4.607563e-05 0.000000e+00)
3.769         	2.704919e-07	(0.000000e+00 4.607563e-05 0.000000e+00)
3.77          	2.704597e-07	(0.000000e+00 4.607563e-05 0.000000e+00)
3.771         	2.704293e-07	(0.000000e+00 4.607563e-05 0.000000e+00)
3.772         	2.704000e-07	(0.000000e+00 4.607563e-05 0.000000e+00)
3.773         	2.703707e-07	(0.000000e+00 4.607563e-05 0.000000e+00)
3.774         	2.703411e-07	(0.000000e+00 4.607563e-05 0.000000e+00)
3.775         	2.703112e-07	(0.000000e+00 4.607563e-05 0.000000e+00)
3.776         	2.702811e-07	(0.000000e+00 4.607563e-05 0.000000e+00)
3.777         	2.702519e-07	(0.000000e+00 4.607563e-05 0.000000e+00)
3.778         	2.702219e-07	(0.000000e+00 4.607563e-05 0.000000e+00)
3.779         	2.701916e-07	(0.000000e+00 4.607563e-05 0.000000e+00)
3.78          	2.701619e-07	(0.000000e+00 4.607563e-05 0.000000e+00)
3.781         	2.701322e-07	(0.000000e+00 4.607563e-05 0.000000e+00)
3.782         	2.701028e-07	(0.000000e+00 4.607563e-05 0.000000e+00)
3.783         	2.700729e-07	(0.000000e+00 4.607563e-05 0.000000e+00)
3.784         	2.700432e-07	(0.000000e+00 4.607563e-05 0.000000e+00)
3.785         	2.700135e-07	(0.000000e+00 4.607563e-05 0.000000e+00)
3.786         	2.699841e-07	(0.000000e+00 4.607563e-05 0.000000e+00)
3.787         	2.699539e-07	(0.000000e+00 4.607563e-05 0.000000e+00)
3.788         	2.699239e-07	(0.000000e+00 4.607563e-05 0.000000e+00)
3.789         	2.698944e-07	(0.000000e+00 4.607563e-05 0.000000e+00)
3.79          	2.698649e-07	(0.000000e+00 4.607563e-05 0.000000e+00)
3.791         	2.698352e-07	(0.000000e+00 4.607563e-05 0.000000e+00)
3.792         	2.698055e-07	(0.000000e+00 4.607563e-05 0.000000e+00)
3.793         	2.697759e-07	(0.000000e+00 4.607563e-05 0.000000e+00)
3.794         	2.697462e-07	(0.000000e+00 4.607563e-05 0.000000e+00)
3.795         	2.697167e-07	(0.000000e+00 4.607563e-05 0.000000e+00)
3.796         	2.696871e-07	(0.000000e+00 4.607563e-05 0.000000e+00)
3.797         	2.696574e-07	(0.000000e+00 4.607563e-05 0.000000e+00)
3.798         	2.696281e-07	(0.000000e+00 4.607563e-05 0.000000e+00)
3.799         	2.695982e-07	(0.000000e+00 4.607563e-05 0.000000e+00)
3.8           	2.695688e-07	(0.000000e+00 4.607563e-05 0.000000e+00)
3.801         	2.695391e-07	(0.000000e+00 4.607563e-05 0.000000e+00)
3.802         	2.695095e-07	(0.000000e+00 4.607563e-05 0.000000e+00)
3.803         	2.694802e-07	(0.000000e+00 4.607563e-05 0.000000e+00)
3.804         	2.694508e-07	(0.000000e+00 4.607563e-05 0.000000e+00)
3.805         	2.694212e-07	(0.000000e+00 4.607563e-05 0.000000e+00)
3.806         	2.693916e-07	(0.000000e+00 4.607563e-05 0.000000e+00)
3.807         	2.693621e-07	(0.000000e+00 4.607563e-05 0.000000e+00)
3.808         	2.693325e-07	(0.000000e+00 4.607563e-05 0.000000e+00)
3.809         	2.693034e-07	(0.000000e+00 4.607563e-05 0.000000e+00)
3.81          	2.692737e-07	(0.000000e+00 4.607563e-05 0.000000e+00)
3.811         	2.692442e-07	(0.000000e+00 4.607563e-05 0.000000e+00)
3.812         	2.692154e-07	(0.000000e+00 4.607563e-05 0.000000e+00)
3.813         	2.691859e-07	(0.000000e+00 4.607563e-05 0.000000e+00)
3.814         	2.691562e-07	(0.000000e+00 4.607563e-05 0.000000e+00)
3.815         	2.691268e-07	(0.000000e+00 4.607563e-05 0.000000e+00)
3.816         	2.690972e-07	(0.000000e+00 4.607563e-05 0.000000e+00)
3.817         	2.690677e-07	(0.000000e+00 4.607563e-05 0.000000e+00)
3.818         	2.690383e-07	(0.000000e+00 4.607563e-05 0.000000e+00)
3.819         	2.690092e-07	(0.000000e+00 4.607563e-05 0.000000e+00)
3.82          	2.689802e-07	(0.000000e+00 4.607563e-05 0.000000e+00)
3.821         	2.689496e-07	(0.000000e+00 4.607563e-05 0.000000e+00)
3.822         	2.689208e-07	(0.000000e+00 4.607563e-05 0.000000e+00)
3.823         	2.688919e-07	(0.000000e+00 4.607563e-05 0.000000e+00)
3.824         	2.688623e-07	(0.000000e+00 4.607563e-05 0.000000e+00)
3.825         	2.688326e-07	(0.000000e+00 4.607563e-05 0.000000e+00)
3.826         	2.688038e-07	(0.000000e+00 4.607563e-05 0.000000e+00)
3.827         	2.687746e-07	(0.000000e+00 4.607563e-05 0.000000e+00)
3.828         	2.687453e-07	(0.000000e+00 4.607563e-05 0.000000e+00)
3.829         	2.687165e-07	(0.000000e+00 4.607563e-05 0.000000e+00)
3.83          	2.686869e-07	(0.000000e+00 4.607563e-05 0.000000e+00)
3.831         	2.686572e-07	(0.000000e+00 4.607563e-05 0.000000e+00)
3.832         	2.686285e-07	(0.000000e+00 4.607563e-05 0.000000e+00)
3.833         	2.686003e-07	(0.000000e+00 4.607563e-05 0.000000e+00)
3.834         	2.685704e-07	(0.000000e+00 4.607563e-05 0.000000e+00)
3.835         	2.685404e-07	(0.000000e+00 4.607563e-05 0.000000e+00)
3.836         	2.685118e-07	(0.000000e+00 4.607563e-05 0.000000e+00)
3.837         	2.684829e-07	(0.000000e+00 4.607563e-05 0.000000e+00)
3.838         	2.684529e-07	(0.000000e+00 4.607563e-05 0.000000e+00)
3.839         	2.684241e-07	(0.000000e+00 4.607563e-05 0.000000e+00)
3.84          	2.683954e-07	(0.000000e+00 4.607563e-05 0.000000e+00)
3.841         	2.683665e-07	(0.000000e+00 4.607563e-05 0.000000e+00)
3.842         	2.683374e-07	(0.000000e+00 4.607563e-05 0.000000e+00)
3.843         	2.683074e-07	(0.000000e+00 4.607563e-05 0.000000e+00)
3.844         	2.682784e-07	(0.000000e+00 4.607563e-05 0.000000e+00)
3.845         	2.682500e-07	(0.000000e+00 4.607563e-05 0.000000e+00)
3.846         	2.682209e-07	(0.000000e+00 4.607563e-05 0.000000e+00)
3.847         	2.681917e-07	(0.000000e+00 4.607563e-05 0.000000e+00)
3.848         	2.681630e-07	(0.000000e+00 4.607563e-05 0.000000e+00)
3.849         	2.681337e-07	(0.000000e+00 4.607563e-05 0.000000e+00)
3.85          	2.681050e-07	(0.000000e+00 4.607563e-05 0.000000e+00)
3.851         	2.680757e-07	(0.000000e+00 4.607563e-05 0.000000e+00)
3.852         	2.680462e-07	(0.000000e+00 4.607563e-05 0.000000e+00)
3.853         	2.680175e-07	(0.000000e+00 4.607563e-05 0.000000e+00)
3.854         	2.679887e-07	(0.000000e+00 4.607563e-05 0.000000e+00)
3.855         	2.679600e-07	(0.000000e+00 4.607563e-05 0.000000e+00)
3.856         	2.679306e-07	(0.000000e+00 4.607563e-05 0.000000e+00)
3.857         	2.679018e-07	(0.000000e+00 4.607563e-05 0.000000e+00)
3.858         	2.678730e-07	(0.000000e+00 4.607563e-05 0.000000e+00)
3.859         	2.678441e-07	(0.000000e+00 4.607563e-05 0.000000e+00)
3.86          	2.678154e-07	(0.000000e+00 4.607563e-05 0.000000e+00)
3.861         	2.677863e-07	(0.000000e+00 4.607563e-05 0.000000e+00)
3.862         	2.677575e-07	(0.000000e+00 4.607563e-05 0.000000e+00)
3.863         	2.677282e-07	(0.000000e+00 4.607563e-05 0.000000e+00)
3.864         	2.676996e-07	(0.000000e+00 4.607563e-05 0.000000e+00)
3.865         	2.676709e-07	(0.000000e+00 4.607563e-05 0.000000e+00)
3.866         	2.676420e-07	(0.000000e+00 4.607563e-05 0.000000e+00)
3.867         	2.676131e-07	(0.000000e+00 4.607563e-05 0.000000e+00)
3.868         	2.675846e-07	(0.000000e+00 4.607563e-05 0.000000e+00)
3.869         	2.675555e-07	(0.000000e+00 4.607563e-05 0.000000e+00)
3.87          	2.675269e-07	(0.000000e+00 4.607563e-05 0.000000e+00)
3.871         	2.674982e-07	(0.000000e+00 4.607563e-05 0.000000e+00)
3.872         	2.674690e-07	(0.000000e+00 4.607563e-05 0.000000e+00)
3.873         	2.674405e-07	(0.000000e+00 4.607563e-05 0.000000e+00)
3.874         	2.674120e-07	(0.000000e+00 4.607563e-05 0.000000e+00)
3.875         	2.673831e-07	(0.000000e+00 4.607563e-05 0.000000e+00)
3.876         	2.673544e-07	(0.000000e+00 4.607563e-05 0.000000e+00)
3.877         	2.673257e-07	(0.000000e+00 4.607563e-05 0.000000e+00)
3.878         	2.672970e-07	(0.000000e+00 4.607563e-05 0.000000e+00)
3.879         	2.672682e-07	(0.000000e+00 4.607563e-05 0.000000e+00)
3.88          	2.672393e-07	(0.000000e+00 4.607563e-05 0.000000e+00)
3.881         	2.672107e-07	(0.000000e+00 4.607563e-05 0.000000e+00)
3.882         	2.671825e-07	(0.000000e+00 4.607563e-05 0.000000e+00)
3.883         	2.671535e-07	(0.000000e+00 4.607563e-05 0.000000e+00)
3.884         	2.671248e-07	(0.000000e+00 4.607563e-05 0.000000e+00)
3.885         	2.670962e-07	(0.000000e+00 4.607563e-05 0.000000e+00)
3.886         	2.670674e-07	(0.000000e+00 4.607563e-05 0.000000e+00)
3.887         	2.670387e-07	(0.000000e+00 4.607563e-05 0.000000e+00)
3.888         	2.670101e-07	(0.000000e+00 4.607563e-05 0.000000e+00)
3.889         	2.669818e-07	(0.000000e+00 4.607563e-05 0.000000e+00)
3.89          	2.669531e-07	(0.000000e+00 4.607563e-05 0.000000e+00)
3.891         	2.669254e-07	(0.000000e+00 4.607563e-05 0.000000e+00)
3.892         	2.668965e-07	(0.000000e+00 4.607563e-05 0.000000e+00)
3.893         	2.668666e-07	(0.000000e+00 4.607563e-05 0.000000e+00)
3.894         	2.668383e-07	(0.000000e+00 4.607563e-05 0.000000e+00)
3.895         	2.668100e-07	(0.000000e+00 4.607563e-05 0.000000e+00)
3.896         	2.667817e-07	(0.000000e+00 4.607563e-05 0.000000e+00)
3.897         	2.667532e-07	(0.000000e+00 4.607563e-05 0.000000e+00)
3.898         	2.667248e-07	(0.000000e+00 4.607563e-05 0.000000e+00)
3.899         	2.666961e-07	(0.000000e+00 4.607563e-05 0.000000e+00)
3.9           	2.666677e-07	(0.000000e+00 4.607563e-05 0.000000e+00)
3.901         	2.666392e-07	(0.000000e+00 4.607563e-05 0.000000e+00)
3.902         	2.666108e-07	(0.000000e+00 4.607563e-05 0.000000e+00)
3.903         	2.665823e-07	(0.000000e+00 4.607563e-05 0.000000e+00)
3.904         	2.665539e-07	(0.000000e+00 4.607563e-05 0.000000e+00)
3.905         	2.665255e-07	(0.000000e+00 4.607563e-05 0.000000e+00)
3.906         	2.664971e-07	(0.000000e+00 4.607563e-05 0.000000e+00)
3.907         	2.664687e-07	(0.000000e+00 4.607563e-05 0.000000e+00)
3.908         	2.664400e-07	(0.000000e+00 4.607563e-05 0.000000e+00)
3.909         	2.664118e-07	(0.000000e+00 4.607563e-05 0.000000e+00)
3.91          	2.663836e-07	(0.000000e+00 4.607563e-05 0.000000e+00)
3.911         	2.663554e-07	(0.000000e+00 4.607563e-05 0.000000e+00)
3.912         	2.663263e-07	(0.000000e+00 4.607563e-05 0.000000e+00)
3.913         	2.662984e-07	(0.000000e+00 4.607563e-05 0.000000e+00)
3.914         	2.662696e-07	(0.000000e+00 4.607563e-05 0.000000e+00)
3.915         	2.662417e-07	(0.000000e+00 4.607563e-05 0.000000e+00)
3.916         	2.662133e-07	(0.000000e+00 4.607563e-05 0.000000e+00)
3.917         	2.661849e-07	(0.000000e+00 4.607563e-05 0.000000e+00)
3.918         	2.661566e-07	(0.000000e+00 4.607563e-05 0.000000e+00)
3.919         	2.661286e-07	(0.000000e+00 4.607563e-05 0.000000e+00)
3.92          	2.661004e-07	(0.000000e+00 4.607563e-05 0.000000e+00)
3.921         	2.660720e-07	(0.000000e+00 4.607563e-05 0.000000e+00)
3.922         	2.660440e-07	(0.000000e+00 4.607563e-05 0.000000e+00)
3.923         	2.660154e-07	(0.000000e+00 4.607563e-05 0.000000e+00)
3.924         	2.659874e-07	(0.000000e+00 4.607563e-05 0.000000e+00)
3.925         	2.659593e-07	(0.000000e+00 4.607563e-05 0.000000e+00)
3.926         	2.659316e-07	(0.000000e+00 4.607563e-05 0.000000e+00)
3.927         	2.659033e-07	(0.000000e+00 4.607563e-05 0.000000e+00)
3.928         	2.658733e-07	(0.000000e+00 4.607563e-05 0.000000e+00)
3.929         	2.658455e-07	(0.000000e+00 4.607563e-05 0.000000e+00)
3.93          	2.658182e-07	(0.000000e+00 4.607563e-05 0.000000e+00)
3.931         	2.657902e-07	(0.000000e+00 4.607563e-05 0.000000e+00)
3.932         	2.657620e-07	(0.000000e+00 4.607563e-05 0.000000e+00)
3.933         	2.657338e-07	(0.000000e+00 4.607563e-05 0.000000e+00)
3.934         	2.657057e-07	(0.000000e+00 4.607563e-05 0.000000e+00)
3.935         	2.656776e-07	(0.000000e+00 4.607563e-05 0.000000e+00)
3.936         	2.656493e-07	(0.000000e+00 4.607563e-05 0.000000e+00)
3.937         	2.656209e-07	(0.000000e+00 4.607563e-05 0.000000e+00)
3.938         	2.655933e-07	(0.000000e+00 4.607563e-05 0.000000e+00)
3.939         	2.655648e-07	(0.000000e+00 4.607563e-05 0.000000e+00)
3.94          	2.655369e-07	(0.000000e+00 4.607563e-05 0.000000e+00)
3.941         	2.655091e-07	(0.000000e+00 4.607563e-05 0.000000e+00)
3.942         	2.654807e-07	(0.000000e+00 4.607563e-05 0.000000e+00)
3.943         	2.654525e-07	(0.000000e+00 4.607563e-05 0.000000e+00)
3.944         	2.654247e-07	(0.000000e+00 4.607563e-05 0.000000e+00)
3.945         	2.653969e-07	(0.000000e+00 4.607563e-05 0.000000e+00)
3.946         	2.653692e-07	(0.000000e+00 4.607563e-05 0.000000e+00)
3.947         	2.653405e-07	(0.000000e+00 4.607563e-05 0.000000e+00)
3.948         	2.653128e-07	(0.000000e+00 4.607563e-05 0.000000e+00)
3.949         	2.652851e-07	(0.000000e+00 4.607563e-05 0.000000e+00)
3.95          	2.652576e-07	(0.000000e+00 4.607563e-05 0.000000e+00)
3.951         	2.652282e-07	(0.000000e+00 4.607563e-05 0.000000e+00)
3.952         	2.652006e-07	(0.000000e+00 4.607563e-05 0.000000e+00)
3.953         	2.651730e-07	(0.000000e+00 4.607563e-05 0.000000e+00)
3.954         	2.651457e-07	(0.000000e+00 4.607563e-05 0.000000e+00)
3.955         	2.651172e-07	(0.000000e+00 4.607563e-05 0.000000e+00)
3.956         	2.650889e-07	(0.000000e+00 4.607563e-05 0.000000e+00)
3.957         	2.650613e-07	(0.000000e+00 4.607563e-05 0.000000e+00)
3.958         	2.650334e-07	(0.000000e+00 4.607563e-05 0.000000e+00)
3.959         	2.650056e-07	(0.000000e+00 4.607563e-05 0.000000e+00)
3.96          	2.649777e-07	(0.000000e+00 4.607563e-05 0.000000e+00)
3.961         	2.649500e-07	(0.000000e+00 4.607563e-05 0.000000e+00)
3.962         	2.649221e-07	(0.000000e+00 4.607563e-05 0.000000e+00)
3.963         	2.648943e-07	(0.000000e+00 4.607563e-05 0.000000e+00)
3.964         	2.648666e-07	(0.000000e+00 4.607563e-05 0.000000e+00)
3.965         	2.648383e-07	(0.000000e+00 4.607563e-05 0.000000e+00)
3.966         	2.648108e-07	(0.000000e+00 4.607563e-05 0.000000e+00)
3.967         	2.647834e-07	(0.000000e+00 4.607563e-05 0.000000e+00)
3.968         	2.647552e-07	(0.000000e+00 4.607563e-05 0.000000e+00)
3.969         	2.647288e-07	(0.000000e+00 4.607563e-05 0.000000e+00)
3.97          	2.646988e-07	(0.000000e+00 4.607563e-05 0.000000e+00)
3.971         	2.646725e-07	(0.000000e+00 4.607563e-05 0.000000e+00)
3.972         	2.646433e-07	(0.000000e+00 4.607563e-05 0.000000e+00)
3.973         	2.646162e-07	(0.000000e+00 4.607563e-05 0.000000e+00)
3.974         	2.645890e-07	(0.000000e+00 4.607563e-05 0.000000e+00)
3.975         	2.645601e-07	(0.000000e+00 4.607563e-05 0.000000e+00)
3.976         	2.645325e-07	(0.000000e+00 4.607563e-05 0.000000e+00)
3.977         	2.645053e-07	(0.000000e+00 4.607563e-05 0.000000e+00)
3.978         	2.644778e-07	(0.000000e+00 4.607563e-05 0.000000e+00)
3.979         	2.644506e-07	(0.000000e+00 4.607563e-05 0.000000e+00)
3.98          	2.644219e-07	(0.000000e+00 4.607563e-05 0.000000e+00)
3.981         	2.643940e-07	(0.000000e+00 4.607563e-05 0.000000e+00)
3.982         	2.643670e-07	(0.000000e+00 4.607563e-05 0.000000e+00)
3.983         	2.643391e-07	(0.000000e+00 4.607563e-05 0.000000e+00)
3.984         	2.643115e-07	(0.000000e+00 4.607563e-05 0.000000e+00)
3.985         	2.642840e-07	(0.000000e+00 4.607563e-05 0.000000e+00)
3.986         	2.642566e-07	(0.000000e+00 4.607563e-05 0.000000e+00)
3.987         	2.642288e-07	(0.000000e+00 4.607563e-05 0.000000e+00)
3.988         	2.642014e-07	(0.000000e+00 4.607563e-05 0.000000e+00)
3.989         	2.641736e-07	(0.000000e+00 4.607563e-05 0.000000e+00)
3.99          	2.641460e-07	(0.000000e+00 4.607563e-05 0.000000e+00)
3.991         	2.641186e-07	(0.000000e+00 4.607563e-05 0.000000e+00)
3.992         	2.640912e-07	(0.000000e+00 4.607563e-05 0.000000e+00)
3.993         	2.640635e-07	(0.000000e+00 4.607563e-05 0.000000e+00)
3.994         	2.640360e-07	(0.000000e+00 4.607563e-05 0.000000e+00)
3.995         	2.640087e-07	(0.000000e+00 4.607563e-05 0.000000e+00)
3.996         	2.639811e-07	(0.000000e+00 4.607563e-05 0.000000e+00)
3.997         	2.639538e-07	(0.000000e+00 4.607563e-05 0.000000e+00)
3.998         	2.639257e-07	(0.000000e+00 4.607563e-05 0.000000e+00)
3.999         	2.638984e-07	(0.000000e+00 4.607563e-05 0.000000e+00)
4             	2.638709e-07	(0.000000e+00 4.607563e-05 0.000000e+00)
4.001         	2.638435e-07	(0.000000e+00 4.607563e-05 0.000000e+00)
4.002         	2.638161e-07	(0.000000e+00 4.607563e-05 0.000000e+00)
4.003         	2.637890e-07	(0.000000e+00 4.607563e-05 0.000000e+00)
4.004         	2.637612e-07	(0.000000e+00 4.607563e-05 0.000000e+00)
4.005         	2.637336e-07	(0.000000e+00 4.607563e-05 0.000000e+00)
4.006         	2.637065e-07	(0.000000e+00 4.607563e-05 0.000000e+00)
4.007         	2.636789e-07	(0.000000e+00 4.607563e-05 0.000000e+00)
4.008         	2.636517e-07	(0.000000e+00 4.607563e-05 0.000000e+00)
4.009         	2.636240e-07	(0.000000e+00 4.607563e-05 0.000000e+00)
4.01          	2.635964e-07	(0.000000e+00 4.607563e-05 0.000000e+00)
4.011         	2.635694e-07	(0.000000e+00 4.607563e-05 0.000000e+00)
4.012         	2.635425e-07	(0.000000e+00 4.607563e-05 0.000000e+00)
4.013         	2.635154e-07	(0.000000e+00 4.607563e-05 0.000000e+00)
4.014         	2.634874e-07	(0.000000e+00 4.607563e-05 0.000000e+00)
4.015         	2.634601e-07	(0.000000e+00 4.607563e-05 0.000000e+00)
4.016         	2.634334e-07	(0.000000e+00 4.607563e-05 0.000000e+00)
4.017         	2.634070e-07	(0.000000e+00 4.607563e-05 0.000000e+00)
4.018         	2.633778e-07	(0.000000e+00 4.607563e-05 0.000000e+00)
4.019         	2.633513e-07	(0.000000e+00 4.607563e-05 0.000000e+00)
4.02          	2.633230e-07	(0.000000e+00 4.607563e-05 0.000000e+00)
4.021         	2.632959e-07	(0.000000e+00 4.607563e-05 0.000000e+00)
4.022         	2.632690e-07	(0.000000e+00 4.607563e-05 0.000000e+00)
4.023         	2.632419e-07	(0.000000e+00 4.607563e-05 0.000000e+00)
4.024         	2.632147e-07	(0.000000e+00 4.607563e-05 0.000000e+00)
4.025         	2.631876e-07	(0.000000e+00 4.607563e-05 0.000000e+00)
4.026         	2.631605e-07	(0.000000e+00 4.607563e-05 0.000000e+00)
4.027         	2.631328e-07	(0.000000e+00 4.607563e-05 0.000000e+00)
4.028         	2.631059e-07	(0.000000e+00 4.607563e-05 0.000000e+00)
4.029         	2.630785e-07	(0.000000e+00 4.607563e-05 0.000000e+00)
4.03          	2.630514e-07	(0.000000e+00 4.607563e-05 0.000000e+00)
4.031         	2.630241e-07	(0.000000e+00 4.607563e-05 0.000000e+00)
4.032         	2.629972e-07	(0.000000e+00 4.607563e-05 0.000000e+00)
4.033         	2.629700e-07	(0.000000e+00 4.607563e-05 0.000000e+00)
4.034         	2.629431e-07	(0.000000e+00 4.607563e-05 0.000000e+00)
4.035         	2.629158e-07	(0.000000e+00 4.607563e-05 0.000000e+00)
4.036         	2.628887e-07	(0.000000e+00 4.607563e-05 0.000000e+00)
4.037         	2.628615e-07	(0.000000e+00 4.607563e-05 0.000000e+00)
4.038         	2.628348e-07	(0.000000e+00 4.607563e-05 0.000000e+00)
4.039         	2.628079e-07	(0.000000e+00 4.607563e-05 0.000000e+00)
4.04          	2.627802e-07	(0.000000e+00 4.607563e-05 0.000000e+00)
4.041         	2.627526e-07	(0.000000e+00 4.607563e-05 0.000000e+00)
4.042         	2.627259e-07	(0.000000e+00 4.607563e-05 0.000000e+00)
4.043         	2.626992e-07	(0.000000e+00 4.607563e-05 0.000000e+00)
4.044         	2.626727e-07	(0.000000e+00 4.607563e-05 0.000000e+00)
4.045         	2.626452e-07	(0.000000e+00 4.607563e-05 0.000000e+00)
4.046         	2.626183e-07	(0.000000e+00 4.607563e-05 0.000000e+00)
4.047         	2.625908e-07	(0.000000e+00 4.607563e-05 0.000000e+00)
4.048         	2.625638e-07	(0.000000e+00 4.607563e-05 0.000000e+00)
4.049         	2.625380e-07	(0.000000e+00 4.607563e-05 0.000000e+00)
4.05          	2.625088e-07	(0.000000e+00 4.607563e-05 0.000000e+00)
4.051         	2.624819e-07	(0.000000e+00 4.607563e-05 0.000000e+00)
4.052         	2.624546e-07	(0.000000e+00 4.607563e-05 0.000000e+00)
4.053         	2.624280e-07	(0.000000e+00 4.607563e-05 0.000000e+00)
4.054         	2.624014e-07	(0.000000e+00 4.607563e-05 0.000000e+00)
4.055         	2.623745e-07	(0.000000e+00 4.607563e-05 0.000000e+00)
4.056         	2.623478e-07	(0.000000e+00 4.607563e-05 0.000000e+00)
4.057         	2.623208e-07	(0.000000e+00 4.607563e-05 0.000000e+00)
4.058         	2.622934e-07	(0.000000e+00 4.607563e-05 0.000000e+00)
4.059         	2.622667e-07	(0.000000e+00 4.607563e-05 0.000000e+00)
4.06          	2.622392e-07	(0.000000e+00 4.607563e-05 0.000000e+00)
4.061         	2.622125e-07	(0.000000e+00 4.607563e-05 0.000000e+00)
4.062         	2.621858e-07	(0.000000e+00 4.607563e-05 0.000000e+00)
4.063         	2.621591e-07	(0.000000e+00 4.607563e-05 0.000000e+00)
4.064         	2.621323e-07	(0.000000e+00 4.607563e-05 0.000000e+00)
4.065         	2.621054e-07	(0.000000e+00 4.607563e-05 0.000000e+00)
4.066         	2.620793e-07	(0.000000e+00 4.607563e-05 0.000000e+00)
4.067         	2.620518e-07	(0.000000e+00 4.607563e-05 0.000000e+00)
4.068         	2.620251e-07	(0.000000e+00 4.607563e-05 0.000000e+00)
4.069         	2.619985e-07	(0.000000e+00 4.607563e-05 0.000000e+00)
4.07          	2.619711e-07	(0.000000e+00 4.607563e-05 0.000000e+00)
4.071         	2.619446e-07	(0.000000e+00 4.607563e-05 0.000000e+00)
4.072         	2.619179e-07	(0.000000e+00 4.607563e-05 0.000000e+00)
4.073         	2.618913e-07	(0.000000e+00 4.607563e-05 0.000000e+00)
4.074         	2.618645e-07	(0.000000e+00 4.607563e-05 0.000000e+00)
4.075         	2.618381e-07	(0.000000e+00 4.607563e-05 0.000000e+00)
4.076         	2.618108e-07	(0.000000e+00 4.607563e-05 0.000000e+00)
4.077         	2.617842e-07	(0.000000e+00 4.607563e-05 0.000000e+00)
4.078         	2.617575e-07	(0.000000e+00 4.607563e-05 0.000000e+00)
4.079         	2.617308e-07	(0.000000e+00 4.607563e-05 0.000000e+00)
4.08          	2.617043e-07	(0.000000e+00 4.607563e-05 0.000000e+00)
4.081         	2.616775e-07	(0.000000e+00 4.607563e-05 0.000000e+00)
4.082         	2.616507e-07	(0.000000e+00 4.607563e-05 0.000000e+00)
4.083         	2.616243e-07	(0.000000e+00 4.607563e-05 0.000000e+00)
4.084         	2.615972e-07	(0.000000e+00 4.607563e-05 0.000000e+00)
4.085         	2.615707e-07	(0.000000e+00 4.607563e-05 0.000000e+00)
4.086         	2.615437e-07	(0.000000e+00 4.607563e-05 0.000000e+00)
4.087         	2.615192e-07	(0.000000e+00 4.607563e-05 0.000000e+00)
4.088         	2.614906e-07	(0.000000e+00 4.607563e-05 0.000000e+00)
4.089         	2.614632e-07	(0.000000e+00 4.607563e-05 0.000000e+00)
4.09          	2.614375e-07	(0.000000e+00 4.607563e-05 0.000000e+00)
4.091         	2.614114e-07	(0.000000e+00 4.607563e-05 0.000000e+00)
4.092         	2.613846e-07	(0.000000e+00 4.607563e-05 0.000000e+00)
4.093         	2.613583e-07	(0.000000e+00 4.607563e-05 0.000000e+00)
4.094         	2.613314e-07	(0.000000e+00 4.607563e-05 0.000000e+00)
4.095         	2.613047e-07	(0.000000e+00 4.607563e-05 0.000000e+00)
4.096         	2.612783e-07	(0.000000e+00 4.607563e-05 0.000000e+00)
4.097         	2.612525e-07	(0.000000e+00 4.607563e-05 0.000000e+00)
4.098         	2.612257e-07	(0.000000e+00 4.607563e-05 0.000000e+00)
4.099         	2.611986e-07	(0.000000e+00 4.607563e-05 0.000000e+00)
4.1           	2.611723e-07	(0.000000e+00 4.607563e-05 0.000000e+00)
4.101         	2.611459e-07	(0.000000e+00 4.607563e-05 0.000000e+00)
4.102         	2.611196e-07	(0.000000e+00 4.607563e-05 0.000000e+00)
4.103         	2.610930e-07	(0.000000e+00 4.607563e-05 0.000000e+00)
4.104         	2.610666e-07	(0.000000e+00 4.607563e-05 0.000000e+00)
4.105         	2.610399e-07	(0.000000e+00 4.607563e-05 0.000000e+00)
4.106         	2.610136e-07	(0.000000e+00 4.607563e-05 0.000000e+00)
4.107         	2.609874e-07	(0.000000e+00 4.607563e-05 0.000000e+00)
4.108         	2.609607e-07	(0.000000e+00 4.607563e-05 0.000000e+00)
4.109         	2.609342e-07	(0.000000e+00 4.607563e-05 0.000000e+00)
4.11          	2.609081e-07	(0.000000e+00 4.607563e-05 0.000000e+00)
4.111         	2.608816e-07	(0.000000e+00 4.607563e-05 0.000000e+00)
4.112         	2.608548e-07	(0.000000e+00 4.607563e-05 0.000000e+00)
4.113         	2.608286e-07	(0.000000e+00 4.607563e-05 0.000000e+00)
4.114         	2.608021e-07	(0.000000e+00 4.607563e-05 0.000000e+00)
4.115         	2.607758e-07	(0.000000e+00 4.607563e-05 0.000000e+00)
4.116         	2.607494e-07	(0.000000e+00 4.607563e-05 0.000000e+00)
4.117         	2.607232e-07	(0.000000e+00 4.607563e-05 0.000000e+00)
4.118         	2.606968e-07	(0.000000e+00 4.607563e-05 0.000000e+00)
4.119         	2.606708e-07	(0.000000e+00 4.607563e-05 0.000000e+00)
4.12          	2.606442e-07	(0.000000e+00 4.607563e-05 0.000000e+00)
4.121         	2.606179e-07	(0.000000e+00 4.607563e-05 0.000000e+00)
4.122         	2.605915e-07	(0.000000e+00 4.607563e-05 0.000000e+00)
4.123         	2.605651e-07	(0.000000e+00 4.607563e-05 0.000000e+00)
4.124         	2.605392e-07	(0.000000e+00 4.607563e-05 0.000000e+00)
4.125         	2.605125e-07	(0.000000e+00 4.607563e-05 0.000000e+00)
4.126         	2.604863e-07	(0.000000e+00 4.607563e-05 0.000000e+00)
4.127         	2.604605e-07	(0.000000e+00 4.607563e-05 0.000000e+00)
4.128         	2.604342e-07	(0.000000e+00 4.607563e-05 0.000000e+00)
4.129         	2.604086e-07	(0.000000e+00 4.607563e-05 0.000000e+00)
4.13          	2.603820e-07	(0.000000e+00 4.607563e-05 0.000000e+00)
4.131         	2.603539e-07	(0.000000e+00 4.607563e-05 0.000000e+00)
4.132         	2.603280e-07	(0.000000e+00 4.607563e-05 0.000000e+00)
4.133         	2.603026e-07	(0.000000e+00 4.607563e-05 0.000000e+00)
4.134         	2.602770e-07	(0.000000e+00 4.607563e-05 0.000000e+00)
4.135         	2.602510e-07	(0.000000e+00 4.607563e-05 0.000000e+00)
4.136         	2.602242e-07	(0.000000e+00 4.607563e-05 0.000000e+00)
4.137         	2.601985e-07	(0.000000e+00 4.607563e-05 0.000000e+00)
4.138         	2.601721e-07	(0.000000e+00 4.607563e-05 0.000000e+00)
4.139         	2.601455e-07	(0.000000e+00 4.607563e-05 0.000000e+00)
4.14          	2.601196e-07	(0.000000e+00 4.607563e-05 0.000000e+00)
4.141         	2.600937e-07	(0.000000e+00 4.607563e-05 0.000000e+00)
4.142         	2.600670e-07	(0.000000e+00 4.607563e-05 0.000000e+00)
4.143         	2.600411e-07	(0.000000e+00 4.607563e-05 0.000000e+00)
4.144         	2.600145e-07	(0.000000e+00 4.607563e-05 0.000000e+00)
4.145         	2.599886e-07	(0.000000e+00 4.607563e-05 0.000000e+00)
4.146         	2.599623e-07	(0.000000e+00 4.607563e-05 0.000000e+00)
4.147         	2.599366e-07	(0.000000e+00 4.607563e-05 0.000000e+00)
4.148         	2.599108e-07	(0.000000e+00 4.607563e-05 0.000000e+00)
4.149         	2.598837e-07	(0.000000e+00 4.607563e-05 0.000000e+00)
4.15          	2.598579e-07	(0.000000e+00 4.607563e-05 0.000000e+00)
4.151         	2.598328e-07	(0.000000e+00 4.607563e-05 0.000000e+00)
4.152         	2.598063e-07	(0.000000e+00 4.607563e-05 0.000000e+00)
4.153         	2.597803e-07	(0.000000e+00 4.607563e-05 0.000000e+00)
4.154         	2.597542e-07	(0.000000e+00 4.607563e-05 0.000000e+00)
4.155         	2.597283e-07	(0.000000e+00 4.607563e-05 0.000000e+00)
4.156         	2.597021e-07	(0.000000e+00 4.607563e-05 0.000000e+00)
4.157         	2.596764e-07	(0.000000e+00 4.607563e-05 0.000000e+00)
4.158         	2.596502e-07	(0.000000e+00 4.607563e-05 0.000000e+00)
4.159         	2.596240e-07	(0.000000e+00 4.607563e-05 0.000000e+00)
4.16          	2.595984e-07	(0.000000e+00 4.607563e-05 0.000000e+00)
4.161         	2.595728e-07	(0.000000e+00 4.607563e-05 0.000000e+00)
4.162         	2.595464e-07	(0.000000e+00 4.607563e-05 0.000000e+00)
4.163         	2.595201e-07	(0.000000e+00 4.607563e-05 0.000000e+00)
4.164         	2.594944e-07	(0.000000e+00 4.607563e-05 0.000000e+00)
4.165         	2.594692e-07	(0.000000e+00 4.607563e-05 0.000000e+00)
4.166         	2.594426e-07	(0.000000e+00 4.607563e-05 0.000000e+00)
4.167         	2.594169e-07	(0.000000e+00 4.607563e-05 0.000000e+00)
4.168         	2.593915e-07	(0.000000e+00 4.607563e-05 0.000000e+00)
4.169         	2.593645e-07	(0.000000e+00 4.607563e-05 0.000000e+00)
4.17          	2.593398e-07	(0.000000e+00 4.607563e-05 0.000000e+00)
4.171         	2.593140e-07	(0.000000e+00 4.607563e-05 0.000000e+00)
4.172         	2.592876e-07	(0.000000e+00 4.607563e-05 0.000000e+00)
4.173         	2.592621e-07	(0.000000e+00 4.607563e-05 0.000000e+00)
4.174         	2.592364e-07	(0.000000e+00 4.607563e-05 0.000000e+00)
4.175         	2.592107e-07	(0.000000e+00 4.607563e-05 0.000000e+00)
4.176         	2.591847e-07	(0.000000e+00 4.607563e-05 0.000000e+00)
4.177         	2.591591e-07	(0.000000e+00 4.607563e-05 0.000000e+00)
4.178         	2.591365e-07	(0.000000e+00 4.607563e-05 0.000000e+00)
4.179         	2.591072e-07	(0.000000e+00 4.607563e-05 0.000000e+00)
4.18          	2.590808e-07	(0.000000e+00 4.607563e-05 0.000000e+00)
4.181         	2.590560e-07	(0.000000e+00 4.607563e-05 0.000000e+00)
4.182         	2.590312e-07	(0.000000e+00 4.607563e-05 0.000000e+00)
4.183         	2.590054e-07	(0.000000e+00 4.607563e-05 0.000000e+00)
4.184         	2.589792e-07	(0.000000e+00 4.607563e-05 0.000000e+00)
4.185         	2.589535e-07	(0.000000e+00 4.607563e-05 0.000000e+00)
4.186         	2.589279e-07	(0.000000e+00 4.607563e-05 0.000000e+00)
4.187         	2.589022e-07	(0.000000e+00 4.607563e-05 0.000000e+00)
4.188         	2.588762e-07	(0.000000e+00 4.607563e-05 0.000000e+00)
4.189         	2.588512e-07	(0.000000e+00 4.607563e-05 0.000000e+00)
4.19          	2.588250e-07	(0.000000e+00 4.607563e-05 0.000000e+00)
4.191         	2.587991e-07	(0.000000e+00 4.607563e-05 0.000000e+00)
4.192         	2.587738e-07	(0.000000e+00 4.607563e-05 0.000000e+00)
4.193         	2.587494e-07	(0.000000e+00 4.607563e-05 0.000000e+00)
4.194         	2.587230e-07	(0.000000e+00 4.607563e-05 0.000000e+00)
4.195         	2.586973e-07	(0.000000e+00 4.607563e-05 0.000000e+00)
4.196         	2.586713e-07	(0.000000e+00 4.607563e-05 0.000000e+00)
4.197         	2.586433e-07	(0.000000e+00 4.607563e-05 0.000000e+00)
4.198         	2.586186e-07	(0.000000e+00 4.607563e-05 0.000000e+00)
4.199         	2.585938e-07	(0.000000e+00 4.607563e-05 0.000000e+00)
4.2           	2.585684e-07	(0.000000e+00 4.607563e-05 0.000000e+00)
4.201         	2.585428e-07	(0.000000e+00 4.607563e-05 0.000000e+00)
4.202         	2.585171e-07	(0.000000e+00 4.607563e-05 0.000000e+00)
4.203         	2.584918e-07	(0.000000e+00 4.607563e-05 0.000000e+00)
4.204         	2.584660e-07	(0.000000e+00 4.607563e-05 0.000000e+00)
4.205         	2.584405e-07	(0.000000e+00 4.607563e-05 0.000000e+00)
4.206         	2.584149e-07	(0.000000e+00 4.607563e-05 0.000000e+00)
4.207         	2.583897e-07	(0.000000e+00 4.607563e-05 0.000000e+00)
4.208         	2.583643e-07	(0.000000e+00 4.607563e-05 0.000000e+00)
4.209         	2.583387e-07	(0.000000e+00 4.607563e-05 0.000000e+00)
4.21          	2.583130e-07	(0.000000e+00 4.607563e-05 0.000000e+00)
4.211         	2.582879e-07	(0.000000e+00 4.607563e-05 0.000000e+00)
4.212         	2.582625e-07	(0.000000e+00 4.607563e-05 0.000000e+00)
4.213         	2.582367e-07	(0.000000e+00 4.607563e-05 0.000000e+00)
4.214         	2.582109e-07	(0.000000e+00 4.607563e-05 0.000000e+00)
4.215         	2.581860e-07	(0.000000e+00 4.607563e-05 0.000000e+00)
4.216         	2.581601e-07	(0.000000e+00 4.607563e-05 0.000000e+00)
4.217         	2.581347e-07	(0.000000e+00 4.607563e-05 0.000000e+00)
4.218         	2.581094e-07	(0.000000e+00 4.607563e-05 0.000000e+00)
4.219         	2.580849e-07	(0.000000e+00 4.607563e-05 0.000000e+00)
4.22          	2.580596e-07	(0.000000e+00 4.607563e-05 0.000000e+00)
4.221         	2.580331e-07	(0.000000e+00 4.607563e-05 0.000000e+00)
4.222         	2.580074e-07	(0.000000e+00 4.607563e-05 0.000000e+00)
4.223         	2.579822e-07	(0.000000e+00 4.607563e-05 0.000000e+00)
4.224         	2.579573e-07	(0.000000e+00 4.607563e-05 0.000000e+00)
4.225         	2.579322e-07	(0.000000e+00 4.607563e-05 0.000000e+00)
4.226         	2.579064e-07	(0.000000e+00 4.607563e-05 0.000000e+00)
4.227         	2.578803e-07	(0.000000e+00 4.607563e-05 0.000000e+00)
4.228         	2.578552e-07	(0.000000e+00 4.607563e-05 0.000000e+00)
4.229         	2.578300e-07	(0.000000e+00 4.607563e-05 0.000000e+00)
4.23          	2.578047e-07	(0.000000e+00 4.607563e-05 0.000000e+00)
4.231         	2.577794e-07	(0.000000e+00 4.607563e-05 0.000000e+00)
4.232         	2.577542e-07	(0.000000e+00 4.607563e-05 0.000000e+00)
4.233         	2.577289e-07	(0.000000e+00 4.607563e-05 0.000000e+00)
4.234         	2.577036e-07	(0.000000e+00 4.607563e-05 0.000000e+00)
4.235         	2.576781e-07	(0.000000e+00 4.607563e-05 0.000000e+00)
4.236         	2.576529e-07	(0.000000e+00 4.607563e-05 0.000000e+00)
4.237         	2.576278e-07	(0.000000e+00 4.607563e-05 0.000000e+00)
4.238         	2.576024e-07	(0.000000e+00 4.607563e-05 0.000000e+00)
4.239         	2.575771e-07	(0.000000e+00 4.607563e-05 0.000000e+00)
4.24          	2.575519e-07	(0.000000e+00 4.607563e-05 0.000000e+00)
4.241         	2.575268e-07	(0.000000e+00 4.607563e-05 0.000000e+00)
4.242         	2.575019e-07	(0.000000e+00 4.607563e-05 0.000000e+00)
4.243         	2.574765e-07	(0.000000e+00 4.607563e-05 0.000000e+00)
4.244         	2.574510e-07	(0.000000e+00 4.607563e-05 0.000000e+00)
4.245         	2.574258e-07	(0.000000e+00 4.607563e-05 0.000000e+00)
4.246         	2.574008e-07	(0.000000e+00 4.607563e-05 0.000000e+00)
4.247         	2.573757e-07	(0.000000e+00 4.607563e-05 0.000000e+00)
4.248         	2.573509e-07	(0.000000e+00 4.607563e-05 0.000000e+00)
4.249         	2.573260e-07	(0.000000e+00 4.607563e-05 0.000000e+00)
4.25          	2.573013e-07	(0.000000e+00 4.607563e-05 0.000000e+00)
4.251         	2.572745e-07	(0.000000e+00 4.607563e-05 0.000000e+00)
4.252         	2.572493e-07	(0.000000e+00 4.607563e-05 0.000000e+00)
4.253         	2.572270e-07	(0.000000e+00 4.607563e-05 0.000000e+00)
4.254         	2.571995e-07	(0.000000e+00 4.607563e-05 0.000000e+00)
4.255         	2.571735e-07	(0.000000e+00 4.607563e-05 0.000000e+00)
4.256         	2.571498e-07	(0.000000e+00 4.607563e-05 0.000000e+00)
4.257         	2.571249e-07	(0.000000e+00 4.607563e-05 0.000000e+00)
4.258         	2.570999e-07	(0.000000e+00 4.607563e-05 0.000000e+00)
4.259         	2.570744e-07	(0.000000e+00 4.607563e-05 0.000000e+00)
4.26          	2.570494e-07	(0.000000e+00 4.607563e-05 0.000000e+00)
4.261         	2.570244e-07	(0.000000e+00 4.607563e-05 0.000000e+00)
4.262         	2.569994e-07	(0.000000e+00 4.607563e-05 0.000000e+00)
4.263         	2.569744e-07	(0.000000e+00 4.607563e-05 0.000000e+00)
4.264         	2.569493e-07	(0.000000e+00 4.607563e-05 0.000000e+00)
4.265         	2.569242e-07	(0.000000e+00 4.607563e-05 0.000000e+00)
4.266         	2.568993e-07	(0.000000e+00 4.607563e-05 0.000000e+00)
4.267         	2.568743e-07	(0.000000e+00 4.607563e-05 0.000000e+00)
4.268         	2.568494e-07	(0.000000e+00 4.607563e-05 0.000000e+00)
4.269         	2.568241e-07	(0.000000e+00 4.607563e-05 0.000000e+00)
4.27          	2.567992e-07	(0.000000e+00 4.607563e-05 0.000000e+00)
4.271         	2.567741e-07	(0.000000e+00 4.607563e-05 0.000000e+00)
4.272         	2.567497e-07	(0.000000e+00 4.607563e-05 0.000000e+00)
4.273         	2.567241e-07	(0.000000e+00 4.607563e-05 0.000000e+00)
4.274         	2.566989e-07	(0.000000e+00 4.607563e-05 0.000000e+00)
4.275         	2.566743e-07	(0.000000e+00 4.607563e-05 0.000000e+00)
4.276         	2.566502e-07	(0.000000e+00 4.607563e-05 0.000000e+00)
4.277         	2.566246e-07	(0.000000e+00 4.607563e-05 0.000000e+00)
4.278         	2.565999e-07	(0.000000e+00 4.607563e-05 0.000000e+00)
4.279         	2.565746e-07	(0.000000e+00 4.607563e-05 0.000000e+00)
4.28          	2.565496e-07	(0.000000e+00 4.607563e-05 0.000000e+00)
4.281         	2.565251e-07	(0.000000e+00 4.607563e-05 0.000000e+00)
4.282         	2.565004e-07	(0.000000e+00 4.607563e-05 0.000000e+00)
4.283         	2.564758e-07	(0.000000e+00 4.607563e-05 0.000000e+00)
4.284         	2.564506e-07	(0.000000e+00 4.607563e-05 0.000000e+00)
4.285         	2.564252e-07	(0.000000e+00 4.607563e-05 0.000000e+00)
4.286         	2.564005e-07	(0.000000e+00 4.607563e-05 0.000000e+00)
4.287         	2.563760e-07	(0.000000e+00 4.607563e-05 0.000000e+00)
4.288         	2.563513e-07	(0.000000e+00 4.607563e-05 0.000000e+00)
4.289         	2.563261e-07	(0.000000e+00 4.607563e-05 0.000000e+00)
4.29          	2.563014e-07	(0.000000e+00 4.607563e-05 0.000000e+00)
4.291         	2.562768e-07	(0.000000e+00 4.607563e-05 0.000000e+00)
4.292         	2.562520e-07	(0.000000e+00 4.607563e-05 0.000000e+00)
4.293         	2.562269e-07	(0.000000e+00 4.607563e-05 0.000000e+00)
4.294         	2.562023e-07	(0.000000e+00 4.607563e-05 0.000000e+00)
4.295         	2.561776e-07	(0.000000e+00 4.607563e-05 0.000000e+00)
4.296         	2.561531e-07	(0.000000e+00 4.607563e-05 0.000000e+00)
4.297         	2.561284e-07	(0.000000e+00 4.607563e-05 0.000000e+00)
4.298         	2.561036e-07	(0.000000e+00 4.607563e-05 0.000000e+00)
4.299         	2.560789e-07	(0.000000e+00 4.607563e-05 0.000000e+00)
4.3           	2.560540e-07	(0.000000e+00 4.607563e-05 0.000000e+00)
4.301         	2.560294e-07	(0.000000e+00 4.607563e-05 0.000000e+00)
4.302         	2.560043e-07	(0.000000e+00 4.607563e-05 0.000000e+00)
4.303         	2.559800e-07	(0.000000e+00 4.607563e-05 0.000000e+00)
4.304         	2.559554e-07	(0.000000e+00 4.607563e-05 0.000000e+00)
4.305         	2.559306e-07	(0.000000e+00 4.607563e-05 0.000000e+00)
4.306         	2.559057e-07	(0.000000e+00 4.607563e-05 0.000000e+00)
4.307         	2.558815e-07	(0.000000e+00 4.607563e-05 0.000000e+00)
4.308         	2.558564e-07	(0.000000e+00 4.607563e-05 0.000000e+00)
4.309         	2.558321e-07	(0.000000e+00 4.607563e-05 0.000000e+00)
4.31          	2.558072e-07	(0.000000e+00 4.607563e-05 0.000000e+00)
4.311         	2.557828e-07	(0.000000e+00 4.607563e-05 0.000000e+00)
4.312         	2.557578e-07	(0.000000e+00 4.607563e-05 0.000000e+00)
4.313         	2.557336e-07	(0.000000e+00 4.607563e-05 0.000000e+00)
4.314         	2.557086e-07	(0.000000e+00 4.607563e-05 0.000000e+00)
4.315         	2.556843e-07	(0.000000e+00 4.607563e-05 0.000000e+00)
4.316         	2.556594e-07	(0.000000e+00 4.607563e-05 0.000000e+00)
4.317         	2.556352e-07	(0.000000e+00 4.607563e-05 0.000000e+00)
4.318         	2.556102e-07	(0.000000e+00 4.607563e-05 0.000000e+00)
4.319         	2.555858e-07	(0.000000e+00 4.607563e-05 0.000000e+00)
4.32          	2.555611e-07	(0.000000e+00 4.607563e-05 0.000000e+00)
4.321         	2.555368e-07	(0.000000e+00 4.607563e-05 0.000000e+00)
4.322         	2.555121e-07	(0.000000e+00 4.607563e-05 0.000000e+00)
4.323         	2.554877e-07	(0.000000e+00 4.607563e-05 0.000000e+00)
4.324         	2.554629e-07	(0.000000e+00 4.607563e-05 0.000000e+00)
4.325         	2.554386e-07	(0.000000e+00 4.607563e-05 0.000000e+00)
4.326         	2.554141e-07	(0.000000e+00 4.607563e-05 0.000000e+00)
4.327         	2.553898e-07	(0.000000e+00 4.607563e-05 0.000000e+00)
4.328         	2.553653e-07	(0.000000e+00 4.607563e-05 0.000000e+00)
4.329         	2.553405e-07	(0.000000e+00 4.607563e-05 0.000000e+00)
4.33          	2.553161e-07	(0.000000e+00 4.607563e-05 0.000000e+00)
4.331         	2.552916e-07	(0.000000e+00 4.607563e-05 0.000000e+00)
4.332         	2.552670e-07	(0.000000e+00 4.607563e-05 0.000000e+00)
4.333         	2.552425e-07	(0.000000e+00 4.607563e-05 0.000000e+00)
4.334         	2.552184e-07	(0.000000e+00 4.607563e-05 0.000000e+00)
4.335         	2.551941e-07	(0.000000e+00 4.607563e-05 0.000000e+00)
4.336         	2.551694e-07	(0.000000e+00 4.607563e-05 0.000000e+00)
4.337         	2.551451e-07	(0.000000e+00 4.607563e-05 0.000000e+00)
4.338         	2.551208e-07	(0.000000e+00 4.607563e-05 0.000000e+00)
4.339         	2.550966e-07	(0.000000e+00 4.607563e-05 0.000000e+00)
4.34          	2.550721e-07	(0.000000e+00 4.607563e-05 0.000000e+00)
4.341         	2.550476e-07	(0.000000e+00 4.607563e-05 0.000000e+00)
4.342         	2.550239e-07	(0.000000e+00 4.607563e-05 0.000000e+00)
4.343         	2.549993e-07	(0.000000e+00 4.607563e-05 0.000000e+00)
4.344         	2.549737e-07	(0.000000e+00 4.607563e-05 0.000000e+00)
4.345         	2.549498e-07	(0.000000e+00 4.607563e-05 0.000000e+00)
4.346         	2.549251e-07	(0.000000e+00 4.607563e-05 0.000000e+00)
4.347         	2.549008e-07	(0.000000e+00 4.607563e-05 0.000000e+00)
4.348         	2.548768e-07	(0.000000e+00 4.607563e-05 0.000000e+00)
4.349         	2.548528e-07	(0.000000e+00 4.607563e-05 0.000000e+00)
4.35          	2.548285e-07	(0.000000e+00 4.607563e-05 0.000000e+00)
4.351         	2.548039e-07	(0.000000e+00 4.607563e-05 0.000000e+00)
4.352         	2.547799e-07	(0.000000e+00 4.607563e-05 0.000000e+00)
4.353         	2.547553e-07	(0.000000e+00 4.607563e-05 0.000000e+00)
4.354         	2.547312e-07	(0.000000e+00 4.607563e-05 0.000000e+00)
4.355         	2.547070e-07	(0.000000e+00 4.607563e-05 0.000000e+00)
4.356         	2.546827e-07	(0.000000e+00 4.607563e-05 0.000000e+00)
4.357         	2.546584e-07	(0.000000e+00 4.607563e-05 0.000000e+00)
4.358         	2.546340e-07	(0.000000e+00 4.607563e-05 0.000000e+00)
4.359         	2.546102e-07	(0.000000e+00 4.607563e-05 0.000000e+00)
4.36          	2.545857e-07	(0.000000e+00 4.607563e-05 0.000000e+00)
4.361         	2.545614e-07	(0.000000e+00 4.607563e-05 0.000000e+00)
4.362         	2.545371e-07	(0.000000e+00 4.607563e-05 0.000000e+00)
4.363         	2.545132e-07	(0.000000e+00 4.607563e-05 0.000000e+00)
4.364         	2.544888e-07	(0.000000e+00 4.607563e-05 0.000000e+00)
4.365         	2.544647e-07	(0.000000e+00 4.607563e-05 0.000000e+00)
4.366         	2.544404e-07	(0.000000e+00 4.607563e-05 0.000000e+00)
4.367         	2.544164e-07	(0.000000e+00 4.607563e-05 0.000000e+00)
4.368         	2.543922e-07	(0.000000e+00 4.607563e-05 0.000000e+00)
4.369         	2.543684e-07	(0.000000e+00 4.607563e-05 0.000000e+00)
4.37          	2.543437e-07	(0.000000e+00 4.607563e-05 0.000000e+00)
4.371         	2.543198e-07	(0.000000e+00 4.607563e-05 0.000000e+00)
4.372         	2.542956e-07	(0.000000e+00 4.607563e-05 0.000000e+00)
4.373         	2.542716e-07	(0.000000e+00 4.607563e-05 0.000000e+00)
4.374         	2.542476e-07	(0.000000e+00 4.607563e-05 0.000000e+00)
4.375         	2.542233e-07	(0.000000e+00 4.607563e-05 0.000000e+00)
4.376         	2.541992e-07	(0.000000e+00 4.607563e-05 0.000000e+00)
4.377         	2.541754e-07	(0.000000e+00 4.607563e-05 0.000000e+00)
4.378         	2.541509e-07	(0.000000e+00 4.607563e-05 0.000000e+00)
4.379         	2.541269e-07	(0.000000e+00 4.607563e-05 0.000000e+00)
4.38          	2.541030e-07	(0.000000e+00 4.607563e-05 0.000000e+00)
4.381         	2.540792e-07	(0.000000e+00 4.607563e-05 0.000000e+00)
4.382         	2.540548e-07	(0.000000e+00 4.607563e-05 0.000000e+00)
4.383         	2.540314e-07	(0.000000e+00 4.607563e-05 0.000000e+00)
4.384         	2.540215e-07	(0.000000e+00 4.607563e-05 0.000000e+00)
4.385         	2.539777e-07	(0.000000e+00 4.607563e-05 0.000000e+00)
4.386         	2.539663e-07	(0.000000e+00 4.607563e-05 0.000000e+00)
4.387         	2.539251e-07	(0.000000e+00 4.607563e-05 0.000000e+00)
4.388         	2.539162e-07	(0.000000e+00 4.607563e-05 0.000000e+00)
4.389         	2.538804e-07	(0.000000e+00 4.607563e-05 0.000000e+00)
4.39          	2.538706e-07	(0.000000e+00 4.607563e-05 0.000000e+00)
4.391         	2.538321e-07	(0.000000e+00 4.607563e-05 0.000000e+00)
4.392         	2.538216e-07	(0.000000e+00 4.607563e-05 0.000000e+00)
4.393         	2.537835e-07	(0.000000e+00 4.607563e-05 0.000000e+00)
4.394         	2.537734e-07	(0.000000e+00 4.607563e-05 0.000000e+00)
4.395         	2.537363e-07	(0.000000e+00 4.607563e-05 0.000000e+00)
4.396         	2.537266e-07	(0.000000e+00 4.607563e-05 0.000000e+00)
4.397         	2.536872e-07	(0.000000e+00 4.607563e-05 0.000000e+00)
4.398         	2.536773e-07	(0.000000e+00 4.607563e-05 0.000000e+00)
4.399         	2.536401e-07	(0.000000e+00 4.607563e-05 0.000000e+00)
4.4           	2.536303e-07	(0.000000e+00 4.607563e-05 0.000000e+00)
4.401         	2.535928e-07	(0.000000e+00 4.607563e-05 0.000000e+00)
4.402         	2.535828e-07	(0.000000e+00 4.607563e-05 0.000000e+00)
4.403         	2.535446e-07	(0.000000e+00 4.607563e-05 0.000000e+00)
4.404         	2.535347e-07	(0.000000e+00 4.607563e-05 0.000000e+00)
4.405         	2.534969e-07	(0.000000e+00 4.607563e-05 0.000000e+00)
4.406         	2.534871e-07	(0.000000e+00 4.607563e-05 0.000000e+00)
4.407         	2.534494e-07	(0.000000e+00 4.607563e-05 0.000000e+00)
4.408         	2.534397e-07	(0.000000e+00 4.607563e-05 0.000000e+00)
4.409         	2.534015e-07	(0.000000e+00 4.607563e-05 0.000000e+00)
4.41          	2.533919e-07	(0.000000e+00 4.607563e-05 0.000000e+00)
4.411         	2.533542e-07	(0.000000e+00 4.607563e-05 0.000000e+00)
4.412         	2.533441e-07	(0.000000e+00 4.607563e-05 0.000000e+00)
4.413         	2.533061e-07	(0.000000e+00 4.607563e-05 0.000000e+00)
4.414         	2.532963e-07	(0.000000e+00 4.607563e-05 0.000000e+00)
4.415         	2.532588e-07	(0.000000e+00 4.607563e-05 0.000000e+00)
4.416         	2.532489e-07	(0.000000e+00 4.607563e-05 0.000000e+00)
4.417         	2.532112e-07	(0.000000e+00 4.607563e-05 0.000000e+00)
4.418         	2.532016e-07	(0.000000e+00 4.607563e-05 0.000000e+00)
4.419         	2.531635e-07	(0.000000e+00 4.607563e-05 0.000000e+00)
4.42          	2.531537e-07	(0.000000e+00 4.607563e-05 0.000000e+00)
4.421         	2.531161e-07	(0.000000e+00 4.607563e-05 0.000000e+00)
4.422         	2.531063e-07	(0.000000e+00 4.607563e-05 0.000000e+00)
4.423         	2.530689e-07	(0.000000e+00 4.607563e-05 0.000000e+00)
4.424         	2.530591e-07	(0.000000e+00 4.607563e-05 0.000000e+00)
4.425         	2.530216e-07	(0.000000e+00 4.607563e-05 0.000000e+00)
4.426         	2.530118e-07	(0.000000e+00 4.607563e-05 0.000000e+00)
4.427         	2.529742e-07	(0.000000e+00 4.607563e-05 0.000000e+00)
4.428         	2.529643e-07	(0.000000e+00 4.607563e-05 0.000000e+00)
4.429         	2.529268e-07	(0.000000e+00 4.607563e-05 0.000000e+00)
4.43          	2.529169e-07	(0.000000e+00 4.607563e-05 0.000000e+00)
4.431         	2.528813e-07	(0.000000e+00 4.607563e-05 0.000000e+00)
4.432         	2.528704e-07	(0.000000e+00 4.607563e-05 0.000000e+00)
4.433         	2.528294e-07	(0.000000e+00 4.607563e-05 0.000000e+00)
4.434         	2.528203e-07	(0.000000e+00 4.607563e-05 0.000000e+00)
4.435         	2.527850e-07	(0.000000e+00 4.607563e-05 0.000000e+00)
4.436         	2.527754e-07	(0.000000e+00 4.607563e-05 0.000000e+00)
4.437         	2.527380e-07	(0.000000e+00 4.607563e-05 0.000000e+00)
4.438         	2.527279e-07	(0.000000e+00 4.607563e-05 0.000000e+00)
4.439         	2.526907e-07	(0.000000e+00 4.607563e-05 0.000000e+00)
4.44          	2.526809e-07	(0.000000e+00 4.607563e-05 0.000000e+00)
4.441         	2.526426e-07	(0.000000e+00 4.607563e-05 0.000000e+00)
4.442         	2.526331e-07	(0.000000e+00 4.607563e-05 0.000000e+00)
4.443         	2.525964e-07	(0.000000e+00 4.607563e-05 0.000000e+00)
4.444         	2.525865e-07	(0.000000e+00 4.607563e-05 0.000000e+00)
4.445         	2.525488e-07	(0.000000e+00 4.607563e-05 0.000000e+00)
4.446         	2.525398e-07	(0.000000e+00 4.607563e-05 0.000000e+00)
4.447         	2.525026e-07	(0.000000e+00 4.607563e-05 0.000000e+00)
4.448         	2.524927e-07	(0.000000e+00 4.607563e-05 0.000000e+00)
4.449         	2.524547e-07	(0.000000e+00 4.607563e-05 0.000000e+00)
4.45          	2.524451e-07	(0.000000e+00 4.607563e-05 0.000000e+00)
4.451         	2.524096e-07	(0.000000e+00 4.607563e-05 0.000000e+00)
4.452         	2.523990e-07	(0.000000e+00 4.607563e-05 0.000000e+00)
4.453         	2.523593e-07	(0.000000e+00 4.607563e-05 0.000000e+00)
4.454         	2.523500e-07	(0.000000e+00 4.607563e-05 0.000000e+00)
4.455         	2.523147e-07	(0.000000e+00 4.607563e-05 0.000000e+00)
4.456         	2.523053e-07	(0.000000e+00 4.607563e-05 0.000000e+00)
4.457         	2.522686e-07	(0.000000e+00 4.607563e-05 0.000000e+00)
4.458         	2.522590e-07	(0.000000e+00 4.607563e-05 0.000000e+00)
4.459         	2.522186e-07	(0.000000e+00 4.607563e-05 0.000000e+00)
4.46          	2.522091e-07	(0.000000e+00 4.607563e-05 0.000000e+00)
4.461         	2.521748e-07	(0.000000e+00 4.607563e-05 0.000000e+00)
4.462         	2.521643e-07	(0.000000e+00 4.607563e-05 0.000000e+00)
4.463         	2.521251e-07	(0.000000e+00 4.607563e-05 0.000000e+00)
4.464         	2.521159e-07	(0.000000e+00 4.607563e-05 0.000000e+00)
4.465         	2.520807e-07	(0.000000e+00 4.607563e-05 0.000000e+00)
4.466         	2.520714e-07	(0.000000e+00 4.607563e-05 0.000000e+00)
4.467         	2.520326e-07	(0.000000e+00 4.607563e-05 0.000000e+00)
4.468         	2.520229e-07	(0.000000e+00 4.607563e-05 0.000000e+00)
4.469         	2.519868e-07	(0.000000e+00 4.607563e-05 0.000000e+00)
4.47          	2.519772e-07	(0.000000e+00 4.607563e-05 0.000000e+00)
4.471         	2.519400e-07	(0.000000e+00 4.607563e-05 0.000000e+00)
4.472         	2.519306e-07	(0.000000e+00 4.607563e-05 0.000000e+00)
4.473         	2.518942e-07	(0.000000e+00 4.607563e-05 0.000000e+00)
4.474         	2.518837e-07	(0.000000e+00 4.607563e-05 0.000000e+00)
4.475         	2.518451e-07	(0.000000e+00 4.607563e-05 0.000000e+00)
4.476         	2.518359e-07	(0.000000e+00 4.607563e-05 0.000000e+00)
4.477         	2.518014e-07	(0.000000e+00 4.607563e-05 0.000000e+00)
4.478         	2.517913e-07	(0.000000e+00 4.607563e-05 0.000000e+00)
4.479         	2.517527e-07	(0.000000e+00 4.607563e-05 0.000000e+00)
4.48          	2.517431e-07	(0.000000e+00 4.607563e-05 0.000000e+00)
4.481         	2.517071e-07	(0.000000e+00 4.607563e-05 0.000000e+00)
4.482         	2.516977e-07	(0.000000e+00 4.607563e-05 0.000000e+00)
4.483         	2.516606e-07	(0.000000e+00 4.607563e-05 0.000000e+00)
4.484         	2.516510e-07	(0.000000e+00 4.607563e-05 0.000000e+00)
4.485         	2.516142e-07	(0.000000e+00 4.607563e-05 0.000000e+00)
4.486         	2.516045e-07	(0.000000e+00 4.607563e-05 0.000000e+00)
4.487         	2.515680e-07	(0.000000e+00 4.607563e-05 0.000000e+00)
4.488         	2.515583e-07	(0.000000e+00 4.607563e-05 0.000000e+00)
4.489         	2.515209e-07	(0.000000e+00 4.607563e-05 0.000000e+00)
4.49          	2.515114e-07	(0.000000e+00 4.607563e-05 0.000000e+00)
4.491         	2.514752e-07	(0.000000e+00 4.607563e-05 0.000000e+00)
4.492         	2.514657e-07	(0.000000e+00 4.607563e-05 0.000000e+00)
4.493         	2.514290e-07	(0.000000e+00 4.607563e-05 0.000000e+00)
4.494         	2.514191e-07	(0.000000e+00 4.607563e-05 0.000000e+00)
4.495         	2.513827e-07	(0.000000e+00 4.607563e-05 0.000000e+00)
4.496         	2.513727e-07	(0.000000e+00 4.607563e-05 0.000000e+00)
4.497         	2.513352e-07	(0.000000e+00 4.607563e-05 0.000000e+00)
4.498         	2.513259e-07	(0.000000e+00 4.607563e-05 0.000000e+00)
4.499         	2.512897e-07	(0.000000e+00 4.607563e-05 0.000000e+00)
4.5           	2.512801e-07	(0.000000e+00 4.607563e-05 0.000000e+00)
4.501         	2.512434e-07	(0.000000e+00 4.607563e-05 0.000000e+00)
4.502         	2.512344e-07	(0.000000e+00 4.607563e-05 0.000000e+00)
4.503         	2.511977e-07	(0.000000e+00 4.607563e-05 0.000000e+00)
4.504         	2.511881e-07	(0.000000e+00 4.607563e-05 0.000000e+00)
4.505         	2.511514e-07	(0.000000e+00 4.607563e-05 0.000000e+00)
4.506         	2.511418e-07	(0.000000e+00 4.607563e-05 0.000000e+00)
4.507         	2.511055e-07	(0.000000e+00 4.607563e-05 0.000000e+00)
4.508         	2.510958e-07	(0.000000e+00 4.607563e-05 0.000000e+00)
4.509         	2.510597e-07	(0.000000e+00 4.607563e-05 0.000000e+00)
4.51          	2.510499e-07	(0.000000e+00 4.607563e-05 0.000000e+00)
4.511         	2.510119e-07	(0.000000e+00 4.607563e-05 0.000000e+00)
4.512         	2.510027e-07	(0.000000e+00 4.607563e-05 0.000000e+00)
4.513         	2.509669e-07	(0.000000e+00 4.607563e-05 0.000000e+00)
4.514         	2.509575e-07	(0.000000e+00 4.607563e-05 0.000000e+00)
4.515         	2.509208e-07	(0.000000e+00 4.607563e-05 0.000000e+00)
4.516         	2.509114e-07	(0.000000e+00 4.607563e-05 0.000000e+00)
4.517         	2.508763e-07	(0.000000e+00 4.607563e-05 0.000000e+00)
4.518         	2.508658e-07	(0.000000e+00 4.607563e-05 0.000000e+00)
4.519         	2.508271e-07	(0.000000e+00 4.607563e-05 0.000000e+00)
4.52          	2.508178e-07	(0.000000e+00 4.607563e-05 0.000000e+00)
4.521         	2.507829e-07	(0.000000e+00 4.607563e-05 0.000000e+00)
4.522         	2.507736e-07	(0.000000e+00 4.607563e-05 0.000000e+00)
4.523         	2.507386e-07	(0.000000e+00 4.607563e-05 0.000000e+00)
4.524         	2.507286e-07	(0.000000e+00 4.607563e-05 0.000000e+00)
4.525         	2.506904e-07	(0.000000e+00 4.607563e-05 0.000000e+00)
4.526         	2.506810e-07	(0.000000e+00 4.607563e-05 0.000000e+00)
4.527         	2.506458e-07	(0.000000e+00 4.607563e-05 0.000000e+00)
4.528         	2.506362e-07	(0.000000e+00 4.607563e-05 0.000000e+00)
4.529         	2.505998e-07	(0.000000e+00 4.607563e-05 0.000000e+00)
4.53          	2.505904e-07	(0.000000e+00 4.607563e-05 0.000000e+00)
4.531         	2.505541e-07	(0.000000e+00 4.607563e-05 0.000000e+00)
4.532         	2.505451e-07	(0.000000e+00 4.607563e-05 0.000000e+00)
4.533         	2.505081e-07	(0.000000e+00 4.607563e-05 0.000000e+00)
4.534         	2.504996e-07	(0.000000e+00 4.607563e-05 0.000000e+00)
4.535         	2.504633e-07	(0.000000e+00 4.607563e-05 0.000000e+00)
4.536         	2.504533e-07	(0.000000e+00 4.607563e-05 0.000000e+00)
4.537         	2.504178e-07	(0.000000e+00 4.607563e-05 0.000000e+00)
4.538         	2.504079e-07	(0.000000e+00 4.607563e-05 0.000000e+00)
4.539         	2.503685e-07	(0.000000e+00 4.607563e-05 0.000000e+00)
4.54          	2.503595e-07	(0.000000e+00 4.607563e-05 0.000000e+00)
4.541         	2.503261e-07	(0.000000e+00 4.607563e-05 0.000000e+00)
4.542         	2.503168e-07	(0.000000e+00 4.607563e-05 0.000000e+00)
4.543         	2.502803e-07	(0.000000e+00 4.607563e-05 0.000000e+00)
4.544         	2.502707e-07	(0.000000e+00 4.607563e-05 0.000000e+00)
4.545         	2.502347e-07	(0.000000e+00 4.607563e-05 0.000000e+00)
4.546         	2.502256e-07	(0.000000e+00 4.607563e-05 0.000000e+00)
4.547         	2.501897e-07	(0.000000e+00 4.607563e-05 0.000000e+00)
4.548         	2.501805e-07	(0.000000e+00 4.607563e-05 0.000000e+00)
4.549         	2.501413e-07	(0.000000e+00 4.607563e-05 0.000000e+00)
4.55          	2.501324e-07	(0.000000e+00 4.607563e-05 0.000000e+00)
4.551         	2.500981e-07	(0.000000e+00 4.607563e-05 0.000000e+00)
4.552         	2.500887e-07	(0.000000e+00 4.607563e-05 0.000000e+00)
4.553         	2.500525e-07	(0.000000e+00 4.607563e-05 0.000000e+00)
4.554         	2.500436e-07	(0.000000e+00 4.607563e-05 0.000000e+00)
4.555         	2.500070e-07	(0.000000e+00 4.607563e-05 0.000000e+00)
4.556         	2.499977e-07	(0.000000e+00 4.607563e-05 0.000000e+00)
4.557         	2.499622e-07	(0.000000e+00 4.607563e-05 0.000000e+00)
4.558         	2.499526e-07	(0.000000e+00 4.607563e-05 0.000000e+00)
4.559         	2.499177e-07	(0.000000e+00 4.607563e-05 0.000000e+00)
4.56          	2.499077e-07	(0.000000e+00 4.607563e-05 0.000000e+00)
4.561         	2.498696e-07	(0.000000e+00 4.607563e-05 0.000000e+00)
4.562         	2.498606e-07	(0.000000e+00 4.607563e-05 0.000000e+00)
4.563         	2.498267e-07	(0.000000e+00 4.607563e-05 0.000000e+00)
4.564         	2.498169e-07	(0.000000e+00 4.607563e-05 0.000000e+00)
4.565         	2.497800e-07	(0.000000e+00 4.607563e-05 0.000000e+00)
4.566         	2.497707e-07	(0.000000e+00 4.607563e-05 0.000000e+00)
4.567         	2.497358e-07	(0.000000e+00 4.607563e-05 0.000000e+00)
4.568         	2.497263e-07	(0.000000e+00 4.607563e-05 0.000000e+00)
4.569         	2.496901e-07	(0.000000e+00 4.607563e-05 0.000000e+00)
4.57          	2.496812e-07	(0.000000e+00 4.607563e-05 0.000000e+00)
4.571         	2.496452e-07	(0.000000e+00 4.607563e-05 0.000000e+00)
4.572         	2.496358e-07	(0.000000e+00 4.607563e-05 0.000000e+00)
4.573         	2.495997e-07	(0.000000e+00 4.607563e-05 0.000000e+00)
4.574         	2.495906e-07	(0.000000e+00 4.607563e-05 0.000000e+00)
4.575         	2.495547e-07	(0.000000e+00 4.607563e-05 0.000000e+00)
4.576         	2.495454e-07	(0.000000e+00 4.607563e-05 0.000000e+00)
4.577         	2.495092e-07	(0.000000e+00 4.607563e-05 0.000000e+00)
4.578         	2.495001e-07	(0.000000e+00 4.607563e-05 0.000000e+00)
4.579         	2.494652e-07	(0.000000e+00 4.607563e-05 0.000000e+00)
4.58          	2.494558e-07	(0.000000e+00 4.607563e-05 0.000000e+00)
4.581         	2.494192e-07	(0.000000e+00 4.607563e-05 0.000000e+00)
4.582         	2.494099e-07	(0.000000e+00 4.607563e-05 0.000000e+00)
4.583         	2.493748e-07	(0.000000e+00 4.607563e-05 0.000000e+00)
4.584         	2.493657e-07	(0.000000e+00 4.607563e-05 0.000000e+00)
4.585         	2.493302e-07	(0.000000e+00 4.607563e-05 0.000000e+00)
4.586         	2.493207e-07	(0.000000e+00 4.607563e-05 0.000000e+00)
4.587         	2.492838e-07	(0.000000e+00 4.607563e-05 0.000000e+00)
4.588         	2.492746e-07	(0.000000e+00 4.607563e-05 0.000000e+00)
4.589         	2.492400e-07	(0.000000e+00 4.607563e-05 0.000000e+00)
4.59          	2.492306e-07	(0.000000e+00 4.607563e-05 0.000000e+00)
4.591         	2.491955e-07	(0.000000e+00 4.607563e-05 0.000000e+00)
4.592         	2.491860e-07	(0.000000e+00 4.607563e-05 0.000000e+00)
4.593         	2.491514e-07	(0.000000e+00 4.607563e-05 0.000000e+00)
4.594         	2.491415e-07	(0.000000e+00 4.607563e-05 0.000000e+00)
4.595         	2.491040e-07	(0.000000e+00 4.607563e-05 0.000000e+00)
4.596         	2.490951e-07	(0.000000e+00 4.607563e-05 0.000000e+00)
4.597         	2.490616e-07	(0.000000e+00 4.607563e-05 0.000000e+00)
4.598         	2.490522e-07	(0.000000e+00 4.607563e-05 0.000000e+00)
4.599         	2.490161e-07	(0.000000e+00 4.607563e-05 0.000000e+00)
4.6           	2.490070e-07	(0.000000e+00 4.607563e-05 0.000000e+00)
4.601         	2.489712e-07	(0.000000e+00 4.607563e-05 0.000000e+00)
4.602         	2.489620e-07	(0.000000e+00 4.607563e-05 0.000000e+00)
4.603         	2.489261e-07	(0.000000e+00 4.607563e-05 0.000000e+00)
4.604         	2.489166e-07	(0.000000e+00 4.607563e-05 0.000000e+00)
4.605         	2.488812e-07	(0.000000e+00 4.607563e-05 0.000000e+00)
4.606         	2.488727e-07	(0.000000e+00 4.607563e-05 0.000000e+00)
4.607         	2.488382e-07	(0.000000e+00 4.607563e-05 0.000000e+00)
4.608         	2.488289e-07	(0.000000e+00 4.607563e-05 0.000000e+00)
4.609         	2.487907e-07	(0.000000e+00 4.607563e-05 0.000000e+00)
4.61          	2.487818e-07	(0.000000e+00 4.607563e-05 0.000000e+00)
4.611         	2.487484e-07	(0.000000e+00 4.607563e-05 0.000000e+00)
4.612         	2.487392e-07	(0.000000e+00 4.607563e-05 0.000000e+00)
4.613         	2.487037e-07	(0.000000e+00 4.607563e-05 0.000000e+00)
4.614         	2.486953e-07	(0.000000e+00 4.607563e-05 0.000000e+00)
4.615         	2.486577e-07	(0.000000e+00 4.607563e-05 0.000000e+00)
4.616         	2.486487e-07	(0.000000e+00 4.607563e-05 0.000000e+00)
4.617         	2.486148e-07	(0.000000e+00 4.607563e-05 0.000000e+00)
4.618         	2.486055e-07	(0.000000e+00 4.607563e-05 0.000000e+00)
4.619         	2.485701e-07	(0.000000e+00 4.607563e-05 0.000000e+00)
4.62          	2.485608e-07	(0.000000e+00 4.607563e-05 0.000000e+00)
4.621         	2.485257e-07	(0.000000e+00 4.607563e-05 0.000000e+00)
4.622         	2.485164e-07	(0.000000e+00 4.607563e-05 0.000000e+00)
4.623         	2.484812e-07	(0.000000e+00 4.607563e-05 0.000000e+00)
4.624         	2.484720e-07	(0.000000e+00 4.607563e-05 0.000000e+00)
4.625         	2.484370e-07	(0.000000e+00 4.607563e-05 0.000000e+00)
4.626         	2.484276e-07	(0.000000e+00 4.607563e-05 0.000000e+00)
4.627         	2.483926e-07	(0.000000e+00 4.607563e-05 0.000000e+00)
4.628         	2.483836e-07	(0.000000e+00 4.607563e-05 0.000000e+00)
4.629         	2.483480e-07	(0.000000e+00 4.607563e-05 0.000000e+00)
4.63          	2.483390e-07	(0.000000e+00 4.607563e-05 0.000000e+00)
4.631         	2.483044e-07	(0.000000e+00 4.607563e-05 0.000000e+00)
4.632         	2.482949e-07	(0.000000e+00 4.607563e-05 0.000000e+00)
4.633         	2.482606e-07	(0.000000e+00 4.607563e-05 0.000000e+00)
4.634         	2.482503e-07	(0.000000e+00 4.607563e-05 0.000000e+00)
4.635         	2.482138e-07	(0.000000e+00 4.607563e-05 0.000000e+00)
4.636         	2.482049e-07	(0.000000e+00 4.607563e-05 0.000000e+00)
4.637         	2.481712e-07	(0.000000e+00 4.607563e-05 0.000000e+00)
4.638         	2.481623e-07	(0.000000e+00 4.607563e-05 0.000000e+00)
4.639         	2.481275e-07	(0.000000e+00 4.607563e-05 0.000000e+00)
4.64          	2.481181e-07	(0.000000e+00 4.607563e-05 0.000000e+00)
4.641         	2.480826e-07	(0.000000e+00 4.607563e-05 0.000000e+00)
4.642         	2.480736e-07	(0.000000e+00 4.607563e-05 0.000000e+00)
4.643         	2.480392e-07	(0.000000e+00 4.607563e-05 0.000000e+00)
4.644         	2.480302e-07	(0.000000e+00 4.607563e-05 0.000000e+00)
4.645         	2.479955e-07	(0.000000e+00 4.607563e-05 0.000000e+00)
4.646         	2.479865e-07	(0.000000e+00 4.607563e-05 0.000000e+00)
4.647         	2.479494e-07	(0.000000e+00 4.607563e-05 0.000000e+00)
4.648         	2.479405e-07	(0.000000e+00 4.607563e-05 0.000000e+00)
4.649         	2.479067e-07	(0.000000e+00 4.607563e-05 0.000000e+00)
4.65          	2.478978e-07	(0.000000e+00 4.607563e-05 0.000000e+00)
4.651         	2.478636e-07	(0.000000e+00 4.607563e-05 0.000000e+00)
4.652         	2.478543e-07	(0.000000e+00 4.607563e-05 0.000000e+00)
4.653         	2.478184e-07	(0.000000e+00 4.607563e-05 0.000000e+00)
4.654         	2.478094e-07	(0.000000e+00 4.607563e-05 0.000000e+00)
4.655         	2.477749e-07	(0.000000e+00 4.607563e-05 0.000000e+00)
4.656         	2.477658e-07	(0.000000e+00 4.607563e-05 0.000000e+00)
4.657         	2.477310e-07	(0.000000e+00 4.607563e-05 0.000000e+00)
4.658         	2.477216e-07	(0.000000e+00 4.607563e-05 0.000000e+00)
4.659         	2.476877e-07	(0.000000e+00 4.607563e-05 0.000000e+00)
4.66          	2.476786e-07	(0.000000e+00 4.607563e-05 0.000000e+00)
4.661         	2.476425e-07	(0.000000e+00 4.607563e-05 0.000000e+00)
4.662         	2.476331e-07	(0.000000e+00 4.607563e-05 0.000000e+00)
4.663         	2.475985e-07	(0.000000e+00 4.607563e-05 0.000000e+00)
4.664         	2.475897e-07	(0.000000e+00 4.607563e-05 0.000000e+00)
4.665         	2.475559e-07	(0.000000e+00 4.607563e-05 0.000000e+00)
4.666         	2.475469e-07	(0.000000e+00 4.607563e-05 0.000000e+00)
4.667         	2.475114e-07	(0.000000e+00 4.607563e-05 0.000000e+00)
4.668         	2.475023e-07	(0.000000e+00 4.607563e-05 0.000000e+00)
4.669         	2.474682e-07	(0.000000e+00 4.607563e-05 0.000000e+00)
4.67          	2.474592e-07	(0.000000e+00 4.607563e-05 0.000000e+00)
4.671         	2.474243e-07	(0.000000e+00 4.607563e-05 0.000000e+00)
4.672         	2.474159e-07	(0.000000e+00 4.607563e-05 0.000000e+00)
4.673         	2.473802e-07	(0.000000e+00 4.607563e-05 0.000000e+00)
4.674         	2.473713e-07	(0.000000e+00 4.607563e-05 0.000000e+00)
4.675         	2.473371e-07	(0.000000e+00 4.607563e-05 0.000000e+00)
4.676         	2.473280e-07	(0.000000e+00 4.607563e-05 0.000000e+00)
4.677         	2.472930e-07	(0.000000e+00 4.607563e-05 0.000000e+00)
4.678         	2.472843e-07	(0.000000e+00 4.607563e-05 0.000000e+00)
4.679         	2.472498e-07	(0.000000e+00 4.607563e-05 0.000000e+00)
4.68          	2.472414e-07	(0.000000e+00 4.607563e-05 0.000000e+00)
4.681         	2.472058e-07	(0.000000e+00 4.607563e-05 0.000000e+00)
4.682         	2.471972e-07	(0.000000e+00 4.607563e-05 0.000000e+00)
4.683         	2.471627e-07	(0.000000e+00 4.607563e-05 0.000000e+00)
4.684         	2.471540e-07	(0.000000e+00 4.607563e-05 0.000000e+00)
4.685         	2.471210e-07	(0.000000e+00 4.607563e-05 0.000000e+00)
4.686         	2.471107e-07	(0.000000e+00 4.607563e-05 0.000000e+00)
4.687         	2.470731e-07	(0.000000e+00 4.607563e-05 0.000000e+00)
4.688         	2.470657e-07	(0.000000e+00 4.607563e-05 0.000000e+00)
4.689         	2.470324e-07	(0.000000e+00 4.607563e-05 0.000000e+00)
4.69          	2.470235e-07	(0.000000e+00 4.607563e-05 0.000000e+00)
4.691         	2.469887e-07	(0.000000e+00 4.607563e-05 0.000000e+00)
4.692         	2.469797e-07	(0.000000e+00 4.607563e-05 0.000000e+00)
4.693         	2.469440e-07	(0.000000e+00 4.607563e-05 0.000000e+00)
4.694         	2.469353e-07	(0.000000e+00 4.607563e-05 0.000000e+00)
4.695         	2.469020e-07	(0.000000e+00 4.607563e-05 0.000000e+00)
4.696         	2.468931e-07	(0.000000e+00 4.607563e-05 0.000000e+00)
4.697         	2.468588e-07	(0.000000e+00 4.607563e-05 0.000000e+00)
4.698         	2.468498e-07	(0.000000e+00 4.607563e-05 0.000000e+00)
4.699         	2.468155e-07	(0.000000e+00 4.607563e-05 0.000000e+00)
4.7           	2.468063e-07	(0.000000e+00 4.607563e-05 0.000000e+00)
4.701         	2.467713e-07	(0.000000e+00 4.607563e-05 0.000000e+00)
4.702         	2.467626e-07	(0.000000e+00 4.607563e-05 0.000000e+00)
4.703         	2.467290e-07	(0.000000e+00 4.607563e-05 0.000000e+00)
4.704         	2.467200e-07	(0.000000e+00 4.607563e-05 0.000000e+00)
4.705         	2.466855e-07	(0.000000e+00 4.607563e-05 0.000000e+00)
4.706         	2.466766e-07	(0.000000e+00 4.607563e-05 0.000000e+00)
4.707         	2.466419e-07	(0.000000e+00 4.607563e-05 0.000000e+00)
4.708         	2.466332e-07	(0.000000e+00 4.607563e-05 0.000000e+00)
4.709         	2.465998e-07	(0.000000e+00 4.607563e-05 0.000000e+00)
4.71          	2.465909e-07	(0.000000e+00 4.607563e-05 0.000000e+00)
4.711         	2.465566e-07	(0.000000e+00 4.607563e-05 0.000000e+00)
4.712         	2.465469e-07	(0.000000e+00 4.607563e-05 0.000000e+00)
4.713         	2.465114e-07	(0.000000e+00 4.607563e-05 0.000000e+00)
4.714         	2.465028e-07	(0.000000e+00 4.607563e-05 0.000000e+00)
4.715         	2.464697e-07	(0.000000e+00 4.607563e-05 0.000000e+00)
4.716         	2.464612e-07	(0.000000e+00 4.607563e-05 0.000000e+00)
4.717         	2.464277e-07	(0.000000e+00 4.607563e-05 0.000000e+00)
4.718         	2.464188e-07	(0.000000e+00 4.607563e-05 0.000000e+00)
4.719         	2.463820e-07	(0.000000e+00 4.607563e-05 0.000000e+00)
4.72          	2.463734e-07	(0.000000e+00 4.607563e-05 0.000000e+00)
4.721         	2.463403e-07	(0.000000e+00 4.607563e-05 0.000000e+00)
4.722         	2.463316e-07	(0.000000e+00 4.607563e-05 0.000000e+00)
4.723         	2.462988e-07	(0.000000e+00 4.607563e-05 0.000000e+00)
4.724         	2.462893e-07	(0.000000e+00 4.607563e-05 0.000000e+00)
4.725         	2.462541e-07	(0.000000e+00 4.607563e-05 0.000000e+00)
4.726         	2.462450e-07	(0.000000e+00 4.607563e-05 0.000000e+00)
4.727         	2.462116e-07	(0.000000e+00 4.607563e-05 0.000000e+00)
4.728         	2.462028e-07	(0.000000e+00 4.607563e-05 0.000000e+00)
4.729         	2.461682e-07	(0.000000e+00 4.607563e-05 0.000000e+00)
4.73          	2.461595e-07	(0.000000e+00 4.607563e-05 0.000000e+00)
4.731         	2.461263e-07	(0.000000e+00 4.607563e-05 0.000000e+00)
4.732         	2.461172e-07	(0.000000e+00 4.607563e-05 0.000000e+00)
4.733         	2.460832e-07	(0.000000e+00 4.607563e-05 0.000000e+00)
4.734         	2.460743e-07	(0.000000e+00 4.607563e-05 0.000000e+00)
4.735         	2.460402e-07	(0.000000e+00 4.607563e-05 0.000000e+00)
4.736         	2.460314e-07	(0.000000e+00 4.607563e-05 0.000000e+00)
4.737         	2.459976e-07	(0.000000e+00 4.607563e-05 0.000000e+00)
4.738         	2.459887e-07	(0.000000e+00 4.607563e-05 0.000000e+00)
4.739         	2.459548e-07	(0.000000e+00 4.607563e-05 0.000000e+00)
4.74          	2.459460e-07	(0.000000e+00 4.607563e-05 0.000000e+00)
4.741         	2.459124e-07	(0.000000e+00 4.607563e-05 0.000000e+00)
4.742         	2.459035e-07	(0.000000e+00 4.607563e-05 0.000000e+00)
4.743         	2.458696e-07	(0.000000e+00 4.607563e-05 0.000000e+00)
4.744         	2.458608e-07	(0.000000e+00 4.607563e-05 0.000000e+00)
4.745         	2.458268e-07	(0.000000e+00 4.607563e-05 0.000000e+00)
4.746         	2.458181e-07	(0.000000e+00 4.607563e-05 0.000000e+00)
4.747         	2.457851e-07	(0.000000e+00 4.607563e-05 0.000000e+00)
4.748         	2.457760e-07	(0.000000e+00 4.607563e-05 0.000000e+00)
4.749         	2.457406e-07	(0.000000e+00 4.607563e-05 0.000000e+00)
4.75          	2.457321e-07	(0.000000e+00 4.607563e-05 0.000000e+00)
4.751         	2.456987e-07	(0.000000e+00 4.607563e-05 0.000000e+00)
4.752         	2.456905e-07	(0.000000e+00 4.607563e-05 0.000000e+00)
4.753         	2.456561e-07	(0.000000e+00 4.607563e-05 0.000000e+00)
4.754         	2.456480e-07	(0.000000e+00 4.607563e-05 0.000000e+00)
4.755         	2.456139e-07	(0.000000e+00 4.607563e-05 0.000000e+00)
4.756         	2.456056e-07	(0.000000e+00 4.607563e-05 0.000000e+00)
4.757         	2.455715e-07	(0.000000e+00 4.607563e-05 0.000000e+00)
4.758         	2.455631e-07	(0.000000e+00 4.607563e-05 0.000000e+00)
4.759         	2.455290e-07	(0.000000e+00 4.607563e-05 0.000000e+00)
4.76          	2.455212e-07	(0.000000e+00 4.607563e-05 0.000000e+00)
4.761         	2.454861e-07	(0.000000e+00 4.607563e-05 0.000000e+00)
4.762         	2.454778e-07	(0.000000e+00 4.607563e-05 0.000000e+00)
4.763         	2.454441e-07	(0.000000e+00 4.607563e-05 0.000000e+00)
4.764         	2.454359e-07	(0.000000e+00 4.607563e-05 0.000000e+00)
4.765         	2.454019e-07	(0.000000e+00 4.607563e-05 0.000000e+00)
4.766         	2.453936e-07	(0.000000e+00 4.607563e-05 0.000000e+00)
4.767         	2.453590e-07	(0.000000e+00 4.607563e-05 0.000000e+00)
4.768         	2.453509e-07	(0.000000e+00 4.607563e-05 0.000000e+00)
4.769         	2.453169e-07	(0.000000e+00 4.607563e-05 0.000000e+00)
4.77          	2.453087e-07	(0.000000e+00 4.607563e-05 0.000000e+00)
4.771         	2.452748e-07	(0.000000e+00 4.607563e-05 0.000000e+00)
4.772         	2.452661e-07	(0.000000e+00 4.607563e-05 0.000000e+00)
4.773         	2.452313e-07	(0.000000e+00 4.607563e-05 0.000000e+00)
4.774         	2.452231e-07	(0.000000e+00 4.607563e-05 0.000000e+00)
4.775         	2.451897e-07	(0.000000e+00 4.607563e-05 0.000000e+00)
4.776         	2.451815e-07	(0.000000e+00 4.607563e-05 0.000000e+00)
4.777         	2.451470e-07	(0.000000e+00 4.607563e-05 0.000000e+00)
4.778         	2.451389e-07	(0.000000e+00 4.607563e-05 0.000000e+00)
4.779         	2.451049e-07	(0.000000e+00 4.607563e-05 0.000000e+00)
4.78          	2.450969e-07	(0.000000e+00 4.607563e-05 0.000000e+00)
4.781         	2.450629e-07	(0.000000e+00 4.607563e-05 0.000000e+00)
4.782         	2.450548e-07	(0.000000e+00 4.607563e-05 0.000000e+00)
4.783         	2.450205e-07	(0.000000e+00 4.607563e-05 0.000000e+00)
4.784         	2.450125e-07	(0.000000e+00 4.607563e-05 0.000000e+00)
4.785         	2.449785e-07	(0.000000e+00 4.607563e-05 0.000000e+00)
4.786         	2.449705e-07	(0.000000e+00 4.607563e-05 0.000000e+00)
4.787         	2.449362e-07	(0.000000e+00 4.607563e-05 0.000000e+00)
4.788         	2.449282e-07	(0.000000e+00 4.607563e-05 0.000000e+00)
4.789         	2.448940e-07	(0.000000e+00 4.607563e-05 0.000000e+00)
4.79          	2.448861e-07	(0.000000e+00 4.607563e-05 0.000000e+00)
4.791         	2.448522e-07	(0.000000e+00 4.607563e-05 0.000000e+00)
4.792         	2.448443e-07	(0.000000e+00 4.607563e-05 0.000000e+00)
4.793         	2.448100e-07	(0.000000e+00 4.607563e-05 0.000000e+00)
4.794         	2.448021e-07	(0.000000e+00 4.607563e-05 0.000000e+00)
4.795         	2.447681e-07	(0.000000e+00 4.607563e-05 0.000000e+00)
4.796         	2.447602e-07	(0.000000e+00 4.607563e-05 0.000000e+00)
4.797         	2.447260e-07	(0.000000e+00 4.607563e-05 0.000000e+00)
4.798         	2.447182e-07	(0.000000e+00 4.607563e-05 0.000000e+00)
4.799         	2.446842e-07	(0.000000e+00 4.607563e-05 0.000000e+00)
4.8           	2.446763e-07	(0.000000e+00 4.607563e-05 0.000000e+00)
4.801         	2.446421e-07	(0.000000e+00 4.607563e-05 0.000000e+00)
4.802         	2.446343e-07	(0.000000e+00 4.607563e-05 0.000000e+00)
4.803         	2.446003e-07	(0.000000e+00 4.607563e-05 0.000000e+00)
4.804         	2.445925e-07	(0.000000e+00 4.607563e-05 0.000000e+00)
4.805         	2.445582e-07	(0.000000e+00 4.607563e-05 0.000000e+00)
4.806         	2.445504e-07	(0.000000e+00 4.607563e-05 0.000000e+00)
4.807         	2.445164e-07	(0.000000e+00 4.607563e-05 0.000000e+00)
4.808         	2.445087e-07	(0.000000e+00 4.607563e-05 0.000000e+00)
4.809         	2.444747e-07	(0.000000e+00 4.607563e-05 0.000000e+00)
4.81          	2.444670e-07	(0.000000e+00 4.607563e-05 0.000000e+00)
4.811         	2.444328e-07	(0.000000e+00 4.607563e-05 0.000000e+00)
4.812         	2.444251e-07	(0.000000e+00 4.607563e-05 0.000000e+00)
4.813         	2.443911e-07	(0.000000e+00 4.607563e-05 0.000000e+00)
4.814         	2.443834e-07	(0.000000e+00 4.607563e-05 0.000000e+00)
4.815         	2.443495e-07	(0.000000e+00 4.607563e-05 0.000000e+00)
4.816         	2.443417e-07	(0.000000e+00 4.607563e-05 0.000000e+00)
4.817         	2.443073e-07	(0.000000e+00 4.607563e-05 0.000000e+00)
4.818         	2.442996e-07	(0.000000e+00 4.607563e-05 0.000000e+00)
4.819         	2.442658e-07	(0.000000e+00 4.607563e-05 0.000000e+00)
4.82          	2.442582e-07	(0.000000e+00 4.607563e-05 0.000000e+00)
4.821         	2.442241e-07	(0.000000e+00 4.607563e-05 0.000000e+00)
4.822         	2.442165e-07	(0.000000e+00 4.607563e-05 0.000000e+00)
4.823         	2.441826e-07	(0.000000e+00 4.607563e-05 0.000000e+00)
4.824         	2.441750e-07	(0.000000e+00 4.607563e-05 0.000000e+00)
4.825         	2.441410e-07	(0.000000e+00 4.607563e-05 0.000000e+00)
4.826         	2.441335e-07	(0.000000e+00 4.607563e-05 0.000000e+00)
4.827         	2.440993e-07	(0.000000e+00 4.607563e-05 0.000000e+00)
4.828         	2.440918e-07	(0.000000e+00 4.607563e-05 0.000000e+00)
4.829         	2.440580e-07	(0.000000e+00 4.607563e-05 0.000000e+00)
4.83          	2.440504e-07	(0.000000e+00 4.607563e-05 0.000000e+00)
4.831         	2.440165e-07	(0.000000e+00 4.607563e-05 0.000000e+00)
4.832         	2.440089e-07	(0.000000e+00 4.607563e-05 0.000000e+00)
4.833         	2.439747e-07	(0.000000e+00 4.607563e-05 0.000000e+00)
4.834         	2.439672e-07	(0.000000e+00 4.607563e-05 0.000000e+00)
4.835         	2.439334e-07	(0.000000e+00 4.607563e-05 0.000000e+00)
4.836         	2.439259e-07	(0.000000e+00 4.607563e-05 0.000000e+00)
4.837         	2.438920e-07	(0.000000e+00 4.607563e-05 0.000000e+00)
4.838         	2.438845e-07	(0.000000e+00 4.607563e-05 0.000000e+00)
4.839         	2.438505e-07	(0.000000e+00 4.607563e-05 0.000000e+00)
4.84          	2.438431e-07	(0.000000e+00 4.607563e-05 0.000000e+00)
4.841         	2.438091e-07	(0.000000e+00 4.607563e-05 0.000000e+00)
4.842         	2.438015e-07	(0.000000e+00 4.607563e-05 0.000000e+00)
4.843         	2.437672e-07	(0.000000e+00 4.607563e-05 0.000000e+00)
4.844         	2.437598e-07	(0.000000e+00 4.607563e-05 0.000000e+00)
4.845         	2.437264e-07	(0.000000e+00 4.607563e-05 0.000000e+00)
4.846         	2.437189e-07	(0.000000e+00 4.607563e-05 0.000000e+00)
4.847         	2.436850e-07	(0.000000e+00 4.607563e-05 0.000000e+00)
4.848         	2.436776e-07	(0.000000e+00 4.607563e-05 0.000000e+00)
4.849         	2.436444e-07	(0.000000e+00 4.607563e-05 0.000000e+00)
4.85          	2.436367e-07	(0.000000e+00 4.607563e-05 0.000000e+00)
4.851         	2.436016e-07	(0.000000e+00 4.607563e-05 0.000000e+00)
4.852         	2.435943e-07	(0.000000e+00 4.607563e-05 0.000000e+00)
4.853         	2.435608e-07	(0.000000e+00 4.607563e-05 0.000000e+00)
4.854         	2.435536e-07	(0.000000e+00 4.607563e-05 0.000000e+00)
4.855         	2.435197e-07	(0.000000e+00 4.607563e-05 0.000000e+00)
4.856         	2.435124e-07	(0.000000e+00 4.607563e-05 0.000000e+00)
4.857         	2.434789e-07	(0.000000e+00 4.607563e-05 0.000000e+00)
4.858         	2.434714e-07	(0.000000e+00 4.607563e-05 0.000000e+00)
4.859         	2.434370e-07	(0.000000e+00 4.607563e-05 0.000000e+00)
4.86          	2.434297e-07	(0.000000e+00 4.607563e-05 0.000000e+00)
4.861         	2.433965e-07	(0.000000e+00 4.607563e-05 0.000000e+00)
4.862         	2.433891e-07	(0.000000e+00 4.607563e-05 0.000000e+00)
4.863         	2.433551e-07	(0.000000e+00 4.607563e-05 0.000000e+00)
4.864         	2.433478e-07	(0.000000e+00 4.607563e-05 0.000000e+00)
4.865         	2.433140e-07	(0.000000e+00 4.607563e-05 0.000000e+00)
4.866         	2.433067e-07	(0.000000e+00 4.607563e-05 0.000000e+00)
4.867         	2.432728e-07	(0.000000e+00 4.607563e-05 0.000000e+00)
4.868         	2.432655e-07	(0.000000e+00 4.607563e-05 0.000000e+00)
4.869         	2.432316e-07	(0.000000e+00 4.607563e-05 0.000000e+00)
4.87          	2.432243e-07	(0.000000e+00 4.607563e-05 0.000000e+00)
4.871         	2.431907e-07	(0.000000e+00 4.607563e-05 0.000000e+00)
4.872         	2.431834e-07	(0.000000e+00 4.607563e-05 0.000000e+00)
4.873         	2.431497e-07	(0.000000e+00 4.607563e-05 0.000000e+00)
4.874         	2.431424e-07	(0.000000e+00 4.607563e-05 0.000000e+00)
4.875         	2.431085e-07	(0.000000e+00 4.607563e-05 0.000000e+00)
4.876         	2.431012e-07	(0.000000e+00 4.607563e-05 0.000000e+00)
4.877         	2.430677e-07	(0.000000e+00 4.607563e-05 0.000000e+00)
4.878         	2.430604e-07	(0.000000e+00 4.607563e-05 0.000000e+00)
4.879         	2.430268e-07	(0.000000e+00 4.607563e-05 0.000000e+00)
4.88          	2.430194e-07	(0.000000e+00 4.607563e-05 0.000000e+00)
4.881         	2.429858e-07	(0.000000e+00 4.607563e-05 0.000000e+00)
4.882         	2.429786e-07	(0.000000e+00 4.607563e-05 0.000000e+00)
4.883         	2.429450e-07	(0.000000e+00 4.607563e-05 0.000000e+00)
4.884         	2.429376e-07	(0.000000e+00 4.607563e-05 0.000000e+00)
4.885         	2.429041e-07	(0.000000e+00 4.607563e-05 0.000000e+00)
4.886         	2.428967e-07	(0.000000e+00 4.607563e-05 0.000000e+00)
4.887         	2.428632e-07	(0.000000e+00 4.607563e-05 0.000000e+00)
4.888         	2.428558e-07	(0.000000e+00 4.607563e-05 0.000000e+00)
4.889         	2.428225e-07	(0.000000e+00 4.607563e-05 0.000000e+00)
4.89          	2.428150e-07	(0.000000e+00 4.607563e-05 0.000000e+00)
4.891         	2.427819e-07	(0.000000e+00 4.607563e-05 0.000000e+00)
4.892         	2.427743e-07	(0.000000e+00 4.607563e-05 0.000000e+00)
4.893         	2.427409e-07	(0.000000e+00 4.607563e-05 0.000000e+00)
4.894         	2.427334e-07	(0.000000e+00 4.607563e-05 0.000000e+00)
4.895         	2.427004e-07	(0.000000e+00 4.607563e-05 0.000000e+00)
4.896         	2.426928e-07	(0.000000e+00 4.607563e-05 0.000000e+00)
4.897         	2.426597e-07	(0.000000e+00 4.607563e-05 0.000000e+00)
4.898         	2.426520e-07	(0.000000e+00 4.607563e-05 0.000000e+00)
4.899         	2.426190e-07	(0.000000e+00 4.607563e-05 0.000000e+00)
4.9           	2.426113e-07	(0.000000e+00 4.607563e-05 0.000000e+00)
4.901         	2.425783e-07	(0.000000e+00 4.607563e-05 0.000000e+00)
4.902         	2.425707e-07	(0.000000e+00 4.607563e-05 0.000000e+00)
4.903         	2.425383e-07	(0.000000e+00 4.607563e-05 0.000000e+00)
4.904         	2.425304e-07	(0.000000e+00 4.607563e-05 0.000000e+00)
4.905         	2.424971e-07	(0.000000e+00 4.607563e-05 0.000000e+00)
4.906         	2.424894e-07	(0.000000e+00 4.607563e-05 0.000000e+00)
4.907         	2.424570e-07	(0.000000e+00 4.607563e-05 0.000000e+00)
4.908         	2.424491e-07	(0.000000e+00 4.607563e-05 0.000000e+00)
4.909         	2.424168e-07	(0.000000e+00 4.607563e-05 0.000000e+00)
4.91          	2.424087e-07	(0.000000e+00 4.607563e-05 0.000000e+00)
4.911         	2.423756e-07	(0.000000e+00 4.607563e-05 0.000000e+00)
4.912         	2.423678e-07	(0.000000e+00 4.607563e-05 0.000000e+00)
4.913         	2.423356e-07	(0.000000e+00 4.607563e-05 0.000000e+00)
4.914         	2.423278e-07	(0.000000e+00 4.607563e-05 0.000000e+00)
4.915         	2.422951e-07	(0.000000e+00 4.607563e-05 0.000000e+00)
4.916         	2.422871e-07	(0.000000e+00 4.607563e-05 0.000000e+00)
4.917         	2.422549e-07	(0.000000e+00 4.607563e-05 0.000000e+00)
4.918         	2.422468e-07	(0.000000e+00 4.607563e-05 0.000000e+00)
4.919         	2.422149e-07	(0.000000e+00 4.607563e-05 0.000000e+00)
4.92          	2.422065e-07	(0.000000e+00 4.607563e-05 0.000000e+00)
4.921         	2.421735e-07	(0.000000e+00 4.607563e-05 0.000000e+00)
4.922         	2.421655e-07	(0.000000e+00 4.607563e-05 0.000000e+00)
4.923         	2.421341e-07	(0.000000e+00 4.607563e-05 0.000000e+00)
4.924         	2.421258e-07	(0.000000e+00 4.607563e-05 0.000000e+00)
4.925         	2.420936e-07	(0.000000e+00 4.607563e-05 0.000000e+00)
4.926         	2.420853e-07	(0.000000e+00 4.607563e-05 0.000000e+00)
4.927         	2.420533e-07	(0.000000e+00 4.607563e-05 0.000000e+00)
4.928         	2.420453e-07	(0.000000e+00 4.607563e-05 0.000000e+00)
4.929         	2.420126e-07	(0.000000e+00 4.607563e-05 0.000000e+00)
4.93          	2.420050e-07	(0.000000e+00 4.607563e-05 0.000000e+00)
4.931         	2.419729e-07	(0.000000e+00 4.607563e-05 0.000000e+00)
4.932         	2.419656e-07	(0.000000e+00 4.607563e-05 0.000000e+00)
4.933         	2.419335e-07	(0.000000e+00 4.607563e-05 0.000000e+00)
4.934         	2.419237e-07	(0.000000e+00 4.607563e-05 0.000000e+00)
4.935         	2.418888e-07	(0.000000e+00 4.607563e-05 0.000000e+00)
4.936         	2.418811e-07	(0.000000e+00 4.607563e-05 0.000000e+00)
4.937         	2.418524e-07	(0.000000e+00 4.607563e-05 0.000000e+00)
4.938         	2.418443e-07	(0.000000e+00 4.607563e-05 0.000000e+00)
4.939         	2.418119e-07	(0.000000e+00 4.607563e-05 0.000000e+00)
4.94          	2.418038e-07	(0.000000e+00 4.607563e-05 0.000000e+00)
4.941         	2.417708e-07	(0.000000e+00 4.607563e-05 0.000000e+00)
4.942         	2.417626e-07	(0.000000e+00 4.607563e-05 0.000000e+00)
4.943         	2.417315e-07	(0.000000e+00 4.607563e-05 0.000000e+00)
4.944         	2.417239e-07	(0.000000e+00 4.607563e-05 0.000000e+00)
4.945         	2.416914e-07	(0.000000e+00 4.607563e-05 0.000000e+00)
4.946         	2.416829e-07	(0.000000e+00 4.607563e-05 0.000000e+00)
4.947         	2.416508e-07	(0.000000e+00 4.607563e-05 0.000000e+00)
4.948         	2.416430e-07	(0.000000e+00 4.607563e-05 0.000000e+00)
4.949         	2.416119e-07	(0.000000e+00 4.607563e-05 0.000000e+00)
4.95          	2.416032e-07	(0.000000e+00 4.607563e-05 0.000000e+00)
4.951         	2.415700e-07	(0.000000e+00 4.607563e-05 0.000000e+00)
4.952         	2.415620e-07	(0.000000e+00 4.607563e-05 0.000000e+00)
4.953         	2.415487e-07	(0.000000e+00 4.607563e-05 0.000000e+00)
4.954         	2.415029e-07	(0.000000e+00 4.607563e-05 0.000000e+00)
4.955         	2.414958e-07	(0.000000e+00 4.607563e-05 0.000000e+00)
4.956         	2.414860e-07	(0.000000e+00 4.607563e-05 0.000000e+00)
4.957         	2.414481e-07	(0.000000e+00 4.607563e-05 0.000000e+00)
4.958         	2.414401e-07	(0.000000e+00 4.607563e-05 0.000000e+00)
4.959         	2.414278e-07	(0.000000e+00 4.607563e-05 0.000000e+00)
4.96          	2.413846e-07	(0.000000e+00 4.607563e-05 0.000000e+00)
4.961         	2.413773e-07	(0.000000e+00 4.607563e-05 0.000000e+00)
4.962         	2.413668e-07	(0.000000e+00 4.607563e-05 0.000000e+00)
4.963         	2.413285e-07	(0.000000e+00 4.607563e-05 0.000000e+00)
4.964         	2.413202e-07	(0.000000e+00 4.607563e-05 0.000000e+00)
4.965         	2.412918e-07	(0.000000e+00 4.607563e-05 0.000000e+00)
4.966         	2.412836e-07	(0.000000e+00 4.607563e-05 0.000000e+00)
4.967         	2.412527e-07	(0.000000e+00 4.607563e-05 0.000000e+00)
4.968         	2.412445e-07	(0.000000e+00 4.607563e-05 0.000000e+00)
4.969         	2.412107e-07	(0.000000e+00 4.607563e-05 0.000000e+00)
4.97          	2.412028e-07	(0.000000e+00 4.607563e-05 0.000000e+00)
4.971         	2.411726e-07	(0.000000e+00 4.607563e-05 0.000000e+00)
4.972         	2.411644e-07	(0.000000e+00 4.607563e-05 0.000000e+00)
4.973         	2.411328e-07	(0.000000e+00 4.607563e-05 0.000000e+00)
4.974         	2.411245e-07	(0.000000e+00 4.607563e-05 0.000000e+00)
4.975         	2.410929e-07	(0.000000e+00 4.607563e-05 0.000000e+00)
4.976         	2.410849e-07	(0.000000e+00 4.607563e-05 0.000000e+00)
4.977         	2.410530e-07	(0.000000e+00 4.607563e-05 0.000000e+00)
4.978         	2.410449e-07	(0.000000e+00 4.607563e-05 0.000000e+00)
4.979         	2.410138e-07	(0.000000e+00 4.607563e-05 0.000000e+00)
4.98          	2.410055e-07	(0.000000e+00 4.607563e-05 0.000000e+00)
4.981         	2.409916e-07	(0.000000e+00 4.607563e-05 0.000000e+00)
4.982         	2.409449e-07	(0.000000e+00 4.607563e-05 0.000000e+00)
4.983         	2.409380e-07	(0.000000e+00 4.607563e-05 0.000000e+00)
4.984         	2.409285e-07	(0.000000e+00 4.607563e-05 0.000000e+00)
4.985         	2.408920e-07	(0.000000e+00 4.607563e-05 0.000000e+00)
4.986         	2.408846e-07	(0.000000e+00 4.607563e-05 0.000000e+00)
4.987         	2.408548e-07	(0.000000e+00 4.607563e-05 0.000000e+00)
4.988         	2.408484e-07	(0.000000e+00 4.607563e-05 0.000000e+00)
4.989         	2.408163e-07	(0.000000e+00 4.607563e-05 0.000000e+00)
4.99          	2.408079e-07	(0.000000e+00 4.607563e-05 0.000000e+00)
4.991         	2.407754e-07	(0.000000e+00 4.607563e-05 0.000000e+00)
4.992         	2.407673e-07	(0.000000e+00 4.607563e-05 0.000000e+00)
4.993         	2.407369e-07	(0.000000e+00 4.607563e-05 0.000000e+00)
4.994         	2.407289e-07	(0.000000e+00 4.607563e-05 0.000000e+00)
4.995         	2.406976e-07	(0.000000e+00 4.607563e-05 0.000000e+00)
4.996         	2.406894e-07	(0.000000e+00 4.607563e-05 0.000000e+00)
4.997         	2.406758e-07	(0.000000e+00 4.607563e-05 0.000000e+00)
4.998         	2.406299e-07	(0.000000e+00 4.607563e-05 0.000000e+00)
4.999         	2.406227e-07	(0.000000e+00 4.607563e-05 0.000000e+00)
5             	2.406129e-07	(0.000000e+00 4.607563e-05 0.000000e+00)
5.001         	2.405757e-07	(0.000000e+00 4.607563e-05 0.000000e+00)
5.002         	2.405682e-07	(0.000000e+00 4.607563e-05 0.000000e+00)
5.003         	2.405560e-07	(0.000000e+00 4.607563e-05 0.000000e+00)
5.004         	2.405136e-07	(0.000000e+00 4.607563e-05 0.000000e+00)
5.005         	2.405062e-07	(0.000000e+00 4.607563e-05 0.000000e+00)
5.006         	2.404958e-07	(0.000000e+00 4.607563e-05 0.000000e+00)
5.007         	2.404573e-07	(0.000000e+00 4.607563e-05 0.000000e+00)
5.008         	2.404494e-07	(0.000000e+00 4.607563e-05 0.000000e+00)
5.009         	2.404376e-07	(0.000000e+00 4.607563e-05 0.000000e+00)
5.01          	2.403961e-07	(0.000000e+00 4.607563e-05 0.000000e+00)
5.011         	2.403888e-07	(0.000000e+00 4.607563e-05 0.000000e+00)
5.012         	2.403785e-07	(0.000000e+00 4.607563e-05 0.000000e+00)
5.013         	2.403394e-07	(0.000000e+00 4.607563e-05 0.000000e+00)
5.014         	2.403313e-07	(0.000000e+00 4.607563e-05 0.000000e+00)
5.015         	2.403196e-07	(0.000000e+00 4.607563e-05 0.000000e+00)
5.016         	2.402782e-07	(0.000000e+00 4.607563e-05 0.000000e+00)
5.017         	2.402711e-07	(0.000000e+00 4.607563e-05 0.000000e+00)
5.018         	2.402605e-07	(0.000000e+00 4.607563e-05 0.000000e+00)
5.019         	2.402425e-07	(0.000000e+00 4.607563e-05 0.000000e+00)
5.02          	2.402177e-07	(0.000000e+00 4.607563e-05 0.000000e+00)
5.021         	2.401926e-07	(0.000000e+00 4.607563e-05 0.000000e+00)
5.022         	2.401702e-07	(0.000000e+00 4.607563e-05 0.000000e+00)
5.023         	2.401506e-07	(0.000000e+00 4.607563e-05 0.000000e+00)
5.024         	2.401324e-07	(0.000000e+00 4.607563e-05 0.000000e+00)
5.025         	2.401138e-07	(0.000000e+00 4.607563e-05 0.000000e+00)
5.026         	2.400953e-07	(0.000000e+00 4.607563e-05 0.000000e+00)
5.027         	2.400756e-07	(0.000000e+00 4.607563e-05 0.000000e+00)
5.028         	2.400551e-07	(0.000000e+00 4.607563e-05 0.000000e+00)
5.029         	2.400353e-07	(0.000000e+00 4.607563e-05 0.000000e+00)
5.03          	2.400162e-07	(0.000000e+00 4.607563e-05 0.000000e+00)
5.031         	2.399964e-07	(0.000000e+00 4.607563e-05 0.000000e+00)
5.032         	2.399766e-07	(0.000000e+00 4.607563e-05 0.000000e+00)
5.033         	2.399574e-07	(0.000000e+00 4.607563e-05 0.000000e+00)
5.034         	2.399384e-07	(0.000000e+00 4.607563e-05 0.000000e+00)
5.035         	2.399194e-07	(0.000000e+00 4.607563e-05 0.000000e+00)
5.036         	2.399013e-07	(0.000000e+00 4.607563e-05 0.000000e+00)
5.037         	2.398797e-07	(0.000000e+00 4.607563e-05 0.000000e+00)
5.038         	2.398591e-07	(0.000000e+00 4.607563e-05 0.000000e+00)
5.039         	2.398396e-07	(0.000000e+00 4.607563e-05 0.000000e+00)
5.04          	2.398221e-07	(0.000000e+00 4.607563e-05 0.000000e+00)
5.041         	2.398022e-07	(0.000000e+00 4.607563e-05 0.000000e+00)
5.042         	2.397829e-07	(0.000000e+00 4.607563e-05 0.000000e+00)
5.043         	2.397628e-07	(0.000000e+00 4.607563e-05 0.000000e+00)
5.044         	2.397441e-07	(0.000000e+00 4.607563e-05 0.000000e+00)
5.045         	2.397240e-07	(0.000000e+00 4.607563e-05 0.000000e+00)
5.046         	2.397043e-07	(0.000000e+00 4.607563e-05 0.000000e+00)
5.047         	2.396845e-07	(0.000000e+00 4.607563e-05 0.000000e+00)
5.048         	2.396657e-07	(0.000000e+00 4.607563e-05 0.000000e+00)
5.049         	2.396466e-07	(0.000000e+00 4.607563e-05 0.000000e+00)
5.05          	2.396278e-07	(0.000000e+00 4.607563e-05 0.000000e+00)
5.051         	2.396087e-07	(0.000000e+00 4.607563e-05 0.000000e+00)
5.052         	2.395668e-07	(0.000000e+00 4.607563e-05 0.000000e+00)
5.053         	2.395615e-07	(0.000000e+00 4.607563e-05 0.000000e+00)
5.054         	2.395464e-07	(0.000000e+00 4.607563e-05 0.000000e+00)
5.055         	2.395398e-07	(0.000000e+00 4.607563e-05 0.000000e+00)
5.056         	2.395079e-07	(0.000000e+00 4.607563e-05 0.000000e+00)
5.057         	2.394988e-07	(0.000000e+00 4.607563e-05 0.000000e+00)
5.058         	2.394839e-07	(0.000000e+00 4.607563e-05 0.000000e+00)
5.059         	2.394380e-07	(0.000000e+00 4.607563e-05 0.000000e+00)
5.06          	2.394313e-07	(0.000000e+00 4.607563e-05 0.000000e+00)
5.061         	2.394218e-07	(0.000000e+00 4.607563e-05 0.000000e+00)
5.062         	2.394061e-07	(0.000000e+00 4.607563e-05 0.000000e+00)
5.063         	2.393834e-07	(0.000000e+00 4.607563e-05 0.000000e+00)
5.064         	2.393581e-07	(0.000000e+00 4.607563e-05 0.000000e+00)
5.065         	2.393352e-07	(0.000000e+00 4.607563e-05 0.000000e+00)
5.066         	2.393145e-07	(0.000000e+00 4.607563e-05 0.000000e+00)
5.067         	2.392960e-07	(0.000000e+00 4.607563e-05 0.000000e+00)
5.068         	2.392788e-07	(0.000000e+00 4.607563e-05 0.000000e+00)
5.069         	2.392609e-07	(0.000000e+00 4.607563e-05 0.000000e+00)
5.07          	2.392418e-07	(0.000000e+00 4.607563e-05 0.000000e+00)
5.071         	2.391991e-07	(0.000000e+00 4.607563e-05 0.000000e+00)
5.072         	2.391939e-07	(0.000000e+00 4.607563e-05 0.000000e+00)
5.073         	2.391797e-07	(0.000000e+00 4.607563e-05 0.000000e+00)
5.074         	2.391727e-07	(0.000000e+00 4.607563e-05 0.000000e+00)
5.075         	2.391407e-07	(0.000000e+00 4.607563e-05 0.000000e+00)
5.076         	2.391318e-07	(0.000000e+00 4.607563e-05 0.000000e+00)
5.077         	2.390995e-07	(0.000000e+00 4.607563e-05 0.000000e+00)
5.078         	2.390912e-07	(0.000000e+00 4.607563e-05 0.000000e+00)
5.079         	2.390612e-07	(0.000000e+00 4.607563e-05 0.000000e+00)
5.08          	2.390532e-07	(0.000000e+00 4.607563e-05 0.000000e+00)
5.081         	2.390229e-07	(0.000000e+00 4.607563e-05 0.000000e+00)
5.082         	2.390148e-07	(0.000000e+00 4.607563e-05 0.000000e+00)
5.083         	2.389851e-07	(0.000000e+00 4.607563e-05 0.000000e+00)
5.084         	2.389769e-07	(0.000000e+00 4.607563e-05 0.000000e+00)
5.085         	2.389633e-07	(0.000000e+00 4.607563e-05 0.000000e+00)
5.086         	2.389184e-07	(0.000000e+00 4.607563e-05 0.000000e+00)
5.087         	2.389116e-07	(0.000000e+00 4.607563e-05 0.000000e+00)
5.088         	2.389022e-07	(0.000000e+00 4.607563e-05 0.000000e+00)
5.089         	2.388671e-07	(0.000000e+00 4.607563e-05 0.000000e+00)
5.09          	2.388596e-07	(0.000000e+00 4.607563e-05 0.000000e+00)
5.091         	2.388308e-07	(0.000000e+00 4.607563e-05 0.000000e+00)
5.092         	2.388232e-07	(0.000000e+00 4.607563e-05 0.000000e+00)
5.093         	2.387937e-07	(0.000000e+00 4.607563e-05 0.000000e+00)
5.094         	2.387855e-07	(0.000000e+00 4.607563e-05 0.000000e+00)
5.095         	2.387717e-07	(0.000000e+00 4.607563e-05 0.000000e+00)
5.096         	2.387499e-07	(0.000000e+00 4.607563e-05 0.000000e+00)
5.097         	2.387248e-07	(0.000000e+00 4.607563e-05 0.000000e+00)
5.098         	2.387014e-07	(0.000000e+00 4.607563e-05 0.000000e+00)
5.099         	2.386814e-07	(0.000000e+00 4.607563e-05 0.000000e+00)
5.1           	2.386622e-07	(0.000000e+00 4.607563e-05 0.000000e+00)
5.101         	2.386440e-07	(0.000000e+00 4.607563e-05 0.000000e+00)
5.102         	2.386264e-07	(0.000000e+00 4.607563e-05 0.000000e+00)
5.103         	2.386079e-07	(0.000000e+00 4.607563e-05 0.000000e+00)
5.104         	2.385898e-07	(0.000000e+00 4.607563e-05 0.000000e+00)
5.105         	2.385690e-07	(0.000000e+00 4.607563e-05 0.000000e+00)
5.106         	2.385492e-07	(0.000000e+00 4.607563e-05 0.000000e+00)
5.107         	2.385300e-07	(0.000000e+00 4.607563e-05 0.000000e+00)
5.108         	2.385113e-07	(0.000000e+00 4.607563e-05 0.000000e+00)
5.109         	2.384924e-07	(0.000000e+00 4.607563e-05 0.000000e+00)
5.11          	2.384740e-07	(0.000000e+00 4.607563e-05 0.000000e+00)
5.111         	2.384550e-07	(0.000000e+00 4.607563e-05 0.000000e+00)
5.112         	2.384364e-07	(0.000000e+00 4.607563e-05 0.000000e+00)
5.113         	2.384170e-07	(0.000000e+00 4.607563e-05 0.000000e+00)
5.114         	2.383968e-07	(0.000000e+00 4.607563e-05 0.000000e+00)
5.115         	2.383774e-07	(0.000000e+00 4.607563e-05 0.000000e+00)
5.116         	2.383587e-07	(0.000000e+00 4.607563e-05 0.000000e+00)
5.117         	2.383410e-07	(0.000000e+00 4.607563e-05 0.000000e+00)
5.118         	2.383217e-07	(0.000000e+00 4.607563e-05 0.000000e+00)
5.119         	2.383028e-07	(0.000000e+00 4.607563e-05 0.000000e+00)
5.12          	2.382827e-07	(0.000000e+00 4.607563e-05 0.000000e+00)
5.121         	2.382642e-07	(0.000000e+00 4.607563e-05 0.000000e+00)
5.122         	2.382447e-07	(0.000000e+00 4.607563e-05 0.000000e+00)
5.123         	2.382265e-07	(0.000000e+00 4.607563e-05 0.000000e+00)
5.124         	2.382082e-07	(0.000000e+00 4.607563e-05 0.000000e+00)
5.125         	2.381880e-07	(0.000000e+00 4.607563e-05 0.000000e+00)
5.126         	2.381687e-07	(0.000000e+00 4.607563e-05 0.000000e+00)
5.127         	2.381504e-07	(0.000000e+00 4.607563e-05 0.000000e+00)
5.128         	2.381315e-07	(0.000000e+00 4.607563e-05 0.000000e+00)
5.129         	2.381125e-07	(0.000000e+00 4.607563e-05 0.000000e+00)
5.13          	2.380936e-07	(0.000000e+00 4.607563e-05 0.000000e+00)
5.131         	2.380742e-07	(0.000000e+00 4.607563e-05 0.000000e+00)
5.132         	2.380560e-07	(0.000000e+00 4.607563e-05 0.000000e+00)
5.133         	2.380360e-07	(0.000000e+00 4.607563e-05 0.000000e+00)
5.134         	2.380164e-07	(0.000000e+00 4.607563e-05 0.000000e+00)
5.135         	2.379979e-07	(0.000000e+00 4.607563e-05 0.000000e+00)
5.136         	2.379793e-07	(0.000000e+00 4.607563e-05 0.000000e+00)
5.137         	2.379615e-07	(0.000000e+00 4.607563e-05 0.000000e+00)
5.138         	2.379426e-07	(0.000000e+00 4.607563e-05 0.000000e+00)
5.139         	2.379242e-07	(0.000000e+00 4.607563e-05 0.000000e+00)
5.14          	2.378827e-07	(0.000000e+00 4.607563e-05 0.000000e+00)
5.141         	2.378778e-07	(0.000000e+00 4.607563e-05 0.000000e+00)
5.142         	2.378718e-07	(0.000000e+00 4.607563e-05 0.000000e+00)
5.143         	2.378468e-07	(0.000000e+00 4.607563e-05 0.000000e+00)
5.144         	2.378378e-07	(0.000000e+00 4.607563e-05 0.000000e+00)
5.145         	2.378242e-07	(0.000000e+00 4.607563e-05 0.000000e+00)
5.146         	2.377752e-07	(0.000000e+00 4.607563e-05 0.000000e+00)
5.147         	2.377687e-07	(0.000000e+00 4.607563e-05 0.000000e+00)
5.148         	2.377603e-07	(0.000000e+00 4.607563e-05 0.000000e+00)
5.149         	2.377458e-07	(0.000000e+00 4.607563e-05 0.000000e+00)
5.15          	2.377238e-07	(0.000000e+00 4.607563e-05 0.000000e+00)
5.151         	2.376993e-07	(0.000000e+00 4.607563e-05 0.000000e+00)
5.152         	2.376770e-07	(0.000000e+00 4.607563e-05 0.000000e+00)
5.153         	2.376572e-07	(0.000000e+00 4.607563e-05 0.000000e+00)
5.154         	2.376388e-07	(0.000000e+00 4.607563e-05 0.000000e+00)
5.155         	2.376211e-07	(0.000000e+00 4.607563e-05 0.000000e+00)
5.156         	2.376034e-07	(0.000000e+00 4.607563e-05 0.000000e+00)
5.157         	2.375858e-07	(0.000000e+00 4.607563e-05 0.000000e+00)
5.158         	2.375667e-07	(0.000000e+00 4.607563e-05 0.000000e+00)
5.159         	2.375467e-07	(0.000000e+00 4.607563e-05 0.000000e+00)
5.16          	2.375281e-07	(0.000000e+00 4.607563e-05 0.000000e+00)
5.161         	2.375092e-07	(0.000000e+00 4.607563e-05 0.000000e+00)
5.162         	2.374902e-07	(0.000000e+00 4.607563e-05 0.000000e+00)
5.163         	2.374714e-07	(0.000000e+00 4.607563e-05 0.000000e+00)
5.164         	2.374525e-07	(0.000000e+00 4.607563e-05 0.000000e+00)
5.165         	2.374345e-07	(0.000000e+00 4.607563e-05 0.000000e+00)
5.166         	2.374157e-07	(0.000000e+00 4.607563e-05 0.000000e+00)
5.167         	2.373969e-07	(0.000000e+00 4.607563e-05 0.000000e+00)
5.168         	2.373783e-07	(0.000000e+00 4.607563e-05 0.000000e+00)
5.169         	2.373602e-07	(0.000000e+00 4.607563e-05 0.000000e+00)
5.17          	2.373413e-07	(0.000000e+00 4.607563e-05 0.000000e+00)
5.171         	2.373216e-07	(0.000000e+00 4.607563e-05 0.000000e+00)
5.172         	2.373026e-07	(0.000000e+00 4.607563e-05 0.000000e+00)
5.173         	2.372840e-07	(0.000000e+00 4.607563e-05 0.000000e+00)
5.174         	2.372662e-07	(0.000000e+00 4.607563e-05 0.000000e+00)
5.175         	2.372474e-07	(0.000000e+00 4.607563e-05 0.000000e+00)
5.176         	2.372289e-07	(0.000000e+00 4.607563e-05 0.000000e+00)
5.177         	2.372102e-07	(0.000000e+00 4.607563e-05 0.000000e+00)
5.178         	2.371912e-07	(0.000000e+00 4.607563e-05 0.000000e+00)
5.179         	2.371719e-07	(0.000000e+00 4.607563e-05 0.000000e+00)
5.18          	2.371539e-07	(0.000000e+00 4.607563e-05 0.000000e+00)
5.181         	2.371355e-07	(0.000000e+00 4.607563e-05 0.000000e+00)
5.182         	2.371170e-07	(0.000000e+00 4.607563e-05 0.000000e+00)
5.183         	2.370975e-07	(0.000000e+00 4.607563e-05 0.000000e+00)
5.184         	2.370787e-07	(0.000000e+00 4.607563e-05 0.000000e+00)
5.185         	2.370605e-07	(0.000000e+00 4.607563e-05 0.000000e+00)
5.186         	2.370421e-07	(0.000000e+00 4.607563e-05 0.000000e+00)
5.187         	2.370244e-07	(0.000000e+00 4.607563e-05 0.000000e+00)
5.188         	2.370051e-07	(0.000000e+00 4.607563e-05 0.000000e+00)
5.189         	2.369859e-07	(0.000000e+00 4.607563e-05 0.000000e+00)
5.19          	2.369681e-07	(0.000000e+00 4.607563e-05 0.000000e+00)
5.191         	2.369489e-07	(0.000000e+00 4.607563e-05 0.000000e+00)
5.192         	2.369315e-07	(0.000000e+00 4.607563e-05 0.000000e+00)
5.193         	2.369126e-07	(0.000000e+00 4.607563e-05 0.000000e+00)
5.194         	2.368927e-07	(0.000000e+00 4.607563e-05 0.000000e+00)
5.195         	2.368737e-07	(0.000000e+00 4.607563e-05 0.000000e+00)
5.196         	2.368558e-07	(0.000000e+00 4.607563e-05 0.000000e+00)
5.197         	2.368376e-07	(0.000000e+00 4.607563e-05 0.000000e+00)
5.198         	2.368190e-07	(0.000000e+00 4.607563e-05 0.000000e+00)
5.199         	2.368007e-07	(0.000000e+00 4.607563e-05 0.000000e+00)
5.2           	2.367826e-07	(0.000000e+00 4.607563e-05 0.000000e+00)
5.201         	2.367636e-07	(0.000000e+00 4.607563e-05 0.000000e+00)
5.202         	2.367452e-07	(0.000000e+00 4.607563e-05 0.000000e+00)
5.203         	2.367263e-07	(0.000000e+00 4.607563e-05 0.000000e+00)
5.204         	2.367079e-07	(0.000000e+00 4.607563e-05 0.000000e+00)
5.205         	2.366905e-07	(0.000000e+00 4.607563e-05 0.000000e+00)
5.206         	2.366712e-07	(0.000000e+00 4.607563e-05 0.000000e+00)
5.207         	2.366532e-07	(0.000000e+00 4.607563e-05 0.000000e+00)
5.208         	2.366333e-07	(0.000000e+00 4.607563e-05 0.000000e+00)
5.209         	2.366162e-07	(0.000000e+00 4.607563e-05 0.000000e+00)
5.21          	2.365967e-07	(0.000000e+00 4.607563e-05 0.000000e+00)
5.211         	2.365780e-07	(0.000000e+00 4.607563e-05 0.000000e+00)
5.212         	2.365606e-07	(0.000000e+00 4.607563e-05 0.000000e+00)
5.213         	2.365417e-07	(0.000000e+00 4.607563e-05 0.000000e+00)
5.214         	2.365232e-07	(0.000000e+00 4.607563e-05 0.000000e+00)
5.215         	2.365045e-07	(0.000000e+00 4.607563e-05 0.000000e+00)
5.216         	2.364870e-07	(0.000000e+00 4.607563e-05 0.000000e+00)
5.217         	2.364681e-07	(0.000000e+00 4.607563e-05 0.000000e+00)
5.218         	2.364494e-07	(0.000000e+00 4.607563e-05 0.000000e+00)
5.219         	2.364300e-07	(0.000000e+00 4.607563e-05 0.000000e+00)
5.22          	2.364118e-07	(0.000000e+00 4.607563e-05 0.000000e+00)
5.221         	2.363936e-07	(0.000000e+00 4.607563e-05 0.000000e+00)
5.222         	2.363753e-07	(0.000000e+00 4.607563e-05 0.000000e+00)
5.223         	2.363570e-07	(0.000000e+00 4.607563e-05 0.000000e+00)
5.224         	2.363384e-07	(0.000000e+00 4.607563e-05 0.000000e+00)
5.225         	2.363203e-07	(0.000000e+00 4.607563e-05 0.000000e+00)
5.226         	2.363021e-07	(0.000000e+00 4.607563e-05 0.000000e+00)
5.227         	2.362839e-07	(0.000000e+00 4.607563e-05 0.000000e+00)
5.228         	2.362668e-07	(0.000000e+00 4.607563e-05 0.000000e+00)
5.229         	2.362471e-07	(0.000000e+00 4.607563e-05 0.000000e+00)
5.23          	2.362278e-07	(0.000000e+00 4.607563e-05 0.000000e+00)
5.231         	2.362092e-07	(0.000000e+00 4.607563e-05 0.000000e+00)
5.232         	2.361921e-07	(0.000000e+00 4.607563e-05 0.000000e+00)
5.233         	2.361729e-07	(0.000000e+00 4.607563e-05 0.000000e+00)
5.234         	2.361541e-07	(0.000000e+00 4.607563e-05 0.000000e+00)
5.235         	2.361363e-07	(0.000000e+00 4.607563e-05 0.000000e+00)
5.236         	2.361192e-07	(0.000000e+00 4.607563e-05 0.000000e+00)
5.237         	2.361007e-07	(0.000000e+00 4.607563e-05 0.000000e+00)
5.238         	2.360812e-07	(0.000000e+00 4.607563e-05 0.000000e+00)
5.239         	2.360621e-07	(0.000000e+00 4.607563e-05 0.000000e+00)
5.24          	2.360439e-07	(0.000000e+00 4.607563e-05 0.000000e+00)
5.241         	2.360263e-07	(0.000000e+00 4.607563e-05 0.000000e+00)
5.242         	2.360087e-07	(0.000000e+00 4.607563e-05 0.000000e+00)
5.243         	2.359909e-07	(0.000000e+00 4.607563e-05 0.000000e+00)
5.244         	2.359718e-07	(0.000000e+00 4.607563e-05 0.000000e+00)
5.245         	2.359533e-07	(0.000000e+00 4.607563e-05 0.000000e+00)
5.246         	2.359353e-07	(0.000000e+00 4.607563e-05 0.000000e+00)
5.247         	2.359168e-07	(0.000000e+00 4.607563e-05 0.000000e+00)
5.248         	2.358986e-07	(0.000000e+00 4.607563e-05 0.000000e+00)
5.249         	2.358802e-07	(0.000000e+00 4.607563e-05 0.000000e+00)
5.25          	2.358621e-07	(0.000000e+00 4.607563e-05 0.000000e+00)
5.251         	2.358439e-07	(0.000000e+00 4.607563e-05 0.000000e+00)
5.252         	2.358259e-07	(0.000000e+00 4.607563e-05 0.000000e+00)
5.253         	2.358070e-07	(0.000000e+00 4.607563e-05 0.000000e+00)
5.254         	2.357888e-07	(0.000000e+00 4.607563e-05 0.000000e+00)
5.255         	2.357712e-07	(0.000000e+00 4.607563e-05 0.000000e+00)
5.256         	2.357527e-07	(0.000000e+00 4.607563e-05 0.000000e+00)
5.257         	2.357340e-07	(0.000000e+00 4.607563e-05 0.000000e+00)
5.258         	2.357158e-07	(0.000000e+00 4.607563e-05 0.000000e+00)
5.259         	2.356979e-07	(0.000000e+00 4.607563e-05 0.000000e+00)
5.26          	2.356797e-07	(0.000000e+00 4.607563e-05 0.000000e+00)
5.261         	2.356616e-07	(0.000000e+00 4.607563e-05 0.000000e+00)
5.262         	2.356435e-07	(0.000000e+00 4.607563e-05 0.000000e+00)
5.263         	2.356253e-07	(0.000000e+00 4.607563e-05 0.000000e+00)
5.264         	2.356072e-07	(0.000000e+00 4.607563e-05 0.000000e+00)
5.265         	2.355888e-07	(0.000000e+00 4.607563e-05 0.000000e+00)
5.266         	2.355704e-07	(0.000000e+00 4.607563e-05 0.000000e+00)
5.267         	2.355526e-07	(0.000000e+00 4.607563e-05 0.000000e+00)
5.268         	2.355345e-07	(0.000000e+00 4.607563e-05 0.000000e+00)
5.269         	2.355162e-07	(0.000000e+00 4.607563e-05 0.000000e+00)
5.27          	2.354979e-07	(0.000000e+00 4.607563e-05 0.000000e+00)
5.271         	2.354800e-07	(0.000000e+00 4.607563e-05 0.000000e+00)
5.272         	2.354616e-07	(0.000000e+00 4.607563e-05 0.000000e+00)
5.273         	2.354434e-07	(0.000000e+00 4.607563e-05 0.000000e+00)
5.274         	2.354253e-07	(0.000000e+00 4.607563e-05 0.000000e+00)
5.275         	2.354076e-07	(0.000000e+00 4.607563e-05 0.000000e+00)
5.276         	2.353891e-07	(0.000000e+00 4.607563e-05 0.000000e+00)
5.277         	2.353708e-07	(0.000000e+00 4.607563e-05 0.000000e+00)
5.278         	2.353525e-07	(0.000000e+00 4.607563e-05 0.000000e+00)
5.279         	2.353345e-07	(0.000000e+00 4.607563e-05 0.000000e+00)
5.28          	2.353163e-07	(0.000000e+00 4.607563e-05 0.000000e+00)
5.281         	2.352985e-07	(0.000000e+00 4.607563e-05 0.000000e+00)
5.282         	2.352803e-07	(0.000000e+00 4.607563e-05 0.000000e+00)
5.283         	2.352623e-07	(0.000000e+00 4.607563e-05 0.000000e+00)
5.284         	2.352441e-07	(0.000000e+00 4.607563e-05 0.000000e+00)
5.285         	2.352271e-07	(0.000000e+00 4.607563e-05 0.000000e+00)
5.286         	2.352080e-07	(0.000000e+00 4.607563e-05 0.000000e+00)
5.287         	2.351671e-07	(0.000000e+00 4.607563e-05 0.000000e+00)
5.288         	2.351627e-07	(0.000000e+00 4.607563e-05 0.000000e+00)
5.289         	2.351578e-07	(0.000000e+00 4.607563e-05 0.000000e+00)
5.29          	2.351363e-07	(0.000000e+00 4.607563e-05 0.000000e+00)
5.291         	2.351277e-07	(0.000000e+00 4.607563e-05 0.000000e+00)
5.292         	2.351132e-07	(0.000000e+00 4.607563e-05 0.000000e+00)
5.293         	2.350667e-07	(0.000000e+00 4.607563e-05 0.000000e+00)
5.294         	2.350601e-07	(0.000000e+00 4.607563e-05 0.000000e+00)
5.295         	2.350523e-07	(0.000000e+00 4.607563e-05 0.000000e+00)
5.296         	2.350224e-07	(0.000000e+00 4.607563e-05 0.000000e+00)
5.297         	2.350141e-07	(0.000000e+00 4.607563e-05 0.000000e+00)
5.298         	2.350021e-07	(0.000000e+00 4.607563e-05 0.000000e+00)
5.299         	2.349625e-07	(0.000000e+00 4.607563e-05 0.000000e+00)
5.3           	2.349549e-07	(0.000000e+00 4.607563e-05 0.000000e+00)
5.301         	2.349454e-07	(0.000000e+00 4.607563e-05 0.000000e+00)
5.302         	2.349127e-07	(0.000000e+00 4.607563e-05 0.000000e+00)
5.303         	2.349045e-07	(0.000000e+00 4.607563e-05 0.000000e+00)
5.304         	2.348933e-07	(0.000000e+00 4.607563e-05 0.000000e+00)
5.305         	2.348553e-07	(0.000000e+00 4.607563e-05 0.000000e+00)
5.306         	2.348479e-07	(0.000000e+00 4.607563e-05 0.000000e+00)
5.307         	2.348383e-07	(0.000000e+00 4.607563e-05 0.000000e+00)
5.308         	2.348038e-07	(0.000000e+00 4.607563e-05 0.000000e+00)
5.309         	2.347961e-07	(0.000000e+00 4.607563e-05 0.000000e+00)
5.31          	2.347857e-07	(0.000000e+00 4.607563e-05 0.000000e+00)
5.311         	2.347484e-07	(0.000000e+00 4.607563e-05 0.000000e+00)
5.312         	2.347414e-07	(0.000000e+00 4.607563e-05 0.000000e+00)
5.313         	2.347313e-07	(0.000000e+00 4.607563e-05 0.000000e+00)
5.314         	2.346953e-07	(0.000000e+00 4.607563e-05 0.000000e+00)
5.315         	2.346885e-07	(0.000000e+00 4.607563e-05 0.000000e+00)
5.316         	2.346778e-07	(0.000000e+00 4.607563e-05 0.000000e+00)
5.317         	2.346408e-07	(0.000000e+00 4.607563e-05 0.000000e+00)
5.318         	2.346331e-07	(0.000000e+00 4.607563e-05 0.000000e+00)
5.319         	2.346233e-07	(0.000000e+00 4.607563e-05 0.000000e+00)
5.32          	2.345885e-07	(0.000000e+00 4.607563e-05 0.000000e+00)
5.321         	2.345807e-07	(0.000000e+00 4.607563e-05 0.000000e+00)
5.322         	2.345705e-07	(0.000000e+00 4.607563e-05 0.000000e+00)
5.323         	2.345340e-07	(0.000000e+00 4.607563e-05 0.000000e+00)
5.324         	2.345263e-07	(0.000000e+00 4.607563e-05 0.000000e+00)
5.325         	2.345162e-07	(0.000000e+00 4.607563e-05 0.000000e+00)
5.326         	2.344809e-07	(0.000000e+00 4.607563e-05 0.000000e+00)
5.327         	2.344732e-07	(0.000000e+00 4.607563e-05 0.000000e+00)
5.328         	2.344630e-07	(0.000000e+00 4.607563e-05 0.000000e+00)
5.329         	2.344271e-07	(0.000000e+00 4.607563e-05 0.000000e+00)
5.33          	2.344193e-07	(0.000000e+00 4.607563e-05 0.000000e+00)
5.331         	2.344093e-07	(0.000000e+00 4.607563e-05 0.000000e+00)
5.332         	2.343739e-07	(0.000000e+00 4.607563e-05 0.000000e+00)
5.333         	2.343661e-07	(0.000000e+00 4.607563e-05 0.000000e+00)
5.334         	2.343559e-07	(0.000000e+00 4.607563e-05 0.000000e+00)
5.335         	2.343200e-07	(0.000000e+00 4.607563e-05 0.000000e+00)
5.336         	2.343123e-07	(0.000000e+00 4.607563e-05 0.000000e+00)
5.337         	2.343022e-07	(0.000000e+00 4.607563e-05 0.000000e+00)
5.338         	2.342669e-07	(0.000000e+00 4.607563e-05 0.000000e+00)
5.339         	2.342591e-07	(0.000000e+00 4.607563e-05 0.000000e+00)
5.34          	2.342490e-07	(0.000000e+00 4.607563e-05 0.000000e+00)
5.341         	2.342134e-07	(0.000000e+00 4.607563e-05 0.000000e+00)
5.342         	2.342056e-07	(0.000000e+00 4.607563e-05 0.000000e+00)
5.343         	2.341955e-07	(0.000000e+00 4.607563e-05 0.000000e+00)
5.344         	2.341601e-07	(0.000000e+00 4.607563e-05 0.000000e+00)
5.345         	2.341525e-07	(0.000000e+00 4.607563e-05 0.000000e+00)
5.346         	2.341423e-07	(0.000000e+00 4.607563e-05 0.000000e+00)
5.347         	2.341065e-07	(0.000000e+00 4.607563e-05 0.000000e+00)
5.348         	2.340990e-07	(0.000000e+00 4.607563e-05 0.000000e+00)
5.349         	2.340891e-07	(0.000000e+00 4.607563e-05 0.000000e+00)
5.35          	2.340541e-07	(0.000000e+00 4.607563e-05 0.000000e+00)
5.351         	2.340462e-07	(0.000000e+00 4.607563e-05 0.000000e+00)
5.352         	2.340357e-07	(0.000000e+00 4.607563e-05 0.000000e+00)
5.353         	2.339998e-07	(0.000000e+00 4.607563e-05 0.000000e+00)
5.354         	2.339923e-07	(0.000000e+00 4.607563e-05 0.000000e+00)
5.355         	2.339826e-07	(0.000000e+00 4.607563e-05 0.000000e+00)
5.356         	2.339477e-07	(0.000000e+00 4.607563e-05 0.000000e+00)
5.357         	2.339402e-07	(0.000000e+00 4.607563e-05 0.000000e+00)
5.358         	2.339301e-07	(0.000000e+00 4.607563e-05 0.000000e+00)
5.359         	2.339136e-07	(0.000000e+00 4.607563e-05 0.000000e+00)
5.36          	2.338912e-07	(0.000000e+00 4.607563e-05 0.000000e+00)
5.361         	2.338683e-07	(0.000000e+00 4.607563e-05 0.000000e+00)
5.362         	2.338484e-07	(0.000000e+00 4.607563e-05 0.000000e+00)
5.363         	2.338304e-07	(0.000000e+00 4.607563e-05 0.000000e+00)
5.364         	2.338135e-07	(0.000000e+00 4.607563e-05 0.000000e+00)
5.365         	2.337969e-07	(0.000000e+00 4.607563e-05 0.000000e+00)
5.366         	2.337800e-07	(0.000000e+00 4.607563e-05 0.000000e+00)
5.367         	2.337635e-07	(0.000000e+00 4.607563e-05 0.000000e+00)
5.368         	2.337450e-07	(0.000000e+00 4.607563e-05 0.000000e+00)
5.369         	2.337271e-07	(0.000000e+00 4.607563e-05 0.000000e+00)
5.37          	2.337083e-07	(0.000000e+00 4.607563e-05 0.000000e+00)
5.371         	2.336905e-07	(0.000000e+00 4.607563e-05 0.000000e+00)
5.372         	2.336738e-07	(0.000000e+00 4.607563e-05 0.000000e+00)
5.373         	2.336558e-07	(0.000000e+00 4.607563e-05 0.000000e+00)
5.374         	2.336381e-07	(0.000000e+00 4.607563e-05 0.000000e+00)
5.375         	2.336210e-07	(0.000000e+00 4.607563e-05 0.000000e+00)
5.376         	2.336035e-07	(0.000000e+00 4.607563e-05 0.000000e+00)
5.377         	2.335859e-07	(0.000000e+00 4.607563e-05 0.000000e+00)
5.378         	2.335682e-07	(0.000000e+00 4.607563e-05 0.000000e+00)
5.379         	2.335509e-07	(0.000000e+00 4.607563e-05 0.000000e+00)
5.38          	2.335336e-07	(0.000000e+00 4.607563e-05 0.000000e+00)
5.381         	2.335157e-07	(0.000000e+00 4.607563e-05 0.000000e+00)
5.382         	2.334979e-07	(0.000000e+00 4.607563e-05 0.000000e+00)
5.383         	2.334813e-07	(0.000000e+00 4.607563e-05 0.000000e+00)
5.384         	2.334630e-07	(0.000000e+00 4.607563e-05 0.000000e+00)
5.385         	2.334447e-07	(0.000000e+00 4.607563e-05 0.000000e+00)
5.386         	2.334274e-07	(0.000000e+00 4.607563e-05 0.000000e+00)
5.387         	2.334108e-07	(0.000000e+00 4.607563e-05 0.000000e+00)
5.388         	2.333928e-07	(0.000000e+00 4.607563e-05 0.000000e+00)
5.389         	2.333767e-07	(0.000000e+00 4.607563e-05 0.000000e+00)
5.39          	2.333576e-07	(0.000000e+00 4.607563e-05 0.000000e+00)
5.391         	2.333410e-07	(0.000000e+00 4.607563e-05 0.000000e+00)
5.392         	2.333233e-07	(0.000000e+00 4.607563e-05 0.000000e+00)
5.393         	2.333060e-07	(0.000000e+00 4.607563e-05 0.000000e+00)
5.394         	2.332893e-07	(0.000000e+00 4.607563e-05 0.000000e+00)
5.395         	2.332676e-07	(0.000000e+00 4.607563e-05 0.000000e+00)
5.396         	2.332494e-07	(0.000000e+00 4.607563e-05 0.000000e+00)
5.397         	2.332330e-07	(0.000000e+00 4.607563e-05 0.000000e+00)
5.398         	2.332177e-07	(0.000000e+00 4.607563e-05 0.000000e+00)
5.399         	2.332020e-07	(0.000000e+00 4.607563e-05 0.000000e+00)
5.4           	2.331835e-07	(0.000000e+00 4.607563e-05 0.000000e+00)
5.401         	2.331652e-07	(0.000000e+00 4.607563e-05 0.000000e+00)
5.402         	2.331473e-07	(0.000000e+00 4.607563e-05 0.000000e+00)
5.403         	2.331303e-07	(0.000000e+00 4.607563e-05 0.000000e+00)
5.404         	2.331138e-07	(0.000000e+00 4.607563e-05 0.000000e+00)
5.405         	2.330977e-07	(0.000000e+00 4.607563e-05 0.000000e+00)
5.406         	2.330810e-07	(0.000000e+00 4.607563e-05 0.000000e+00)
5.407         	2.330600e-07	(0.000000e+00 4.607563e-05 0.000000e+00)
5.408         	2.330435e-07	(0.000000e+00 4.607563e-05 0.000000e+00)
5.409         	2.330237e-07	(0.000000e+00 4.607563e-05 0.000000e+00)
5.41          	2.330051e-07	(0.000000e+00 4.607563e-05 0.000000e+00)
5.411         	2.329885e-07	(0.000000e+00 4.607563e-05 0.000000e+00)
5.412         	2.329730e-07	(0.000000e+00 4.607563e-05 0.000000e+00)
5.413         	2.329558e-07	(0.000000e+00 4.607563e-05 0.000000e+00)
5.414         	2.329384e-07	(0.000000e+00 4.607563e-05 0.000000e+00)
5.415         	2.329215e-07	(0.000000e+00 4.607563e-05 0.000000e+00)
5.416         	2.329045e-07	(0.000000e+00 4.607563e-05 0.000000e+00)
5.417         	2.328866e-07	(0.000000e+00 4.607563e-05 0.000000e+00)
5.418         	2.328682e-07	(0.000000e+00 4.607563e-05 0.000000e+00)
5.419         	2.328516e-07	(0.000000e+00 4.607563e-05 0.000000e+00)
5.42          	2.328345e-07	(0.000000e+00 4.607563e-05 0.000000e+00)
5.421         	2.328191e-07	(0.000000e+00 4.607563e-05 0.000000e+00)
5.422         	2.327998e-07	(0.000000e+00 4.607563e-05 0.000000e+00)
5.423         	2.327829e-07	(0.000000e+00 4.607563e-05 0.000000e+00)
5.424         	2.327626e-07	(0.000000e+00 4.607563e-05 0.000000e+00)
5.425         	2.327450e-07	(0.000000e+00 4.607563e-05 0.000000e+00)
5.426         	2.327283e-07	(0.000000e+00 4.607563e-05 0.000000e+00)
5.427         	2.327117e-07	(0.000000e+00 4.607563e-05 0.000000e+00)
5.428         	2.326950e-07	(0.000000e+00 4.607563e-05 0.000000e+00)
5.429         	2.326780e-07	(0.000000e+00 4.607563e-05 0.000000e+00)
5.43          	2.326610e-07	(0.000000e+00 4.607563e-05 0.000000e+00)
5.431         	2.326448e-07	(0.000000e+00 4.607563e-05 0.000000e+00)
5.432         	2.326266e-07	(0.000000e+00 4.607563e-05 0.000000e+00)
5.433         	2.326083e-07	(0.000000e+00 4.607563e-05 0.000000e+00)
5.434         	2.325906e-07	(0.000000e+00 4.607563e-05 0.000000e+00)
5.435         	2.325734e-07	(0.000000e+00 4.607563e-05 0.000000e+00)
5.436         	2.325560e-07	(0.000000e+00 4.607563e-05 0.000000e+00)
5.437         	2.325388e-07	(0.000000e+00 4.607563e-05 0.000000e+00)
5.438         	2.325224e-07	(0.000000e+00 4.607563e-05 0.000000e+00)
5.439         	2.325052e-07	(0.000000e+00 4.607563e-05 0.000000e+00)
5.44          	2.324872e-07	(0.000000e+00 4.607563e-05 0.000000e+00)
5.441         	2.324700e-07	(0.000000e+00 4.607563e-05 0.000000e+00)
5.442         	2.324530e-07	(0.000000e+00 4.607563e-05 0.000000e+00)
5.443         	2.324354e-07	(0.000000e+00 4.607563e-05 0.000000e+00)
5.444         	2.324178e-07	(0.000000e+00 4.607563e-05 0.000000e+00)
5.445         	2.324007e-07	(0.000000e+00 4.607563e-05 0.000000e+00)
5.446         	2.323844e-07	(0.000000e+00 4.607563e-05 0.000000e+00)
5.447         	2.323676e-07	(0.000000e+00 4.607563e-05 0.000000e+00)
5.448         	2.323495e-07	(0.000000e+00 4.607563e-05 0.000000e+00)
5.449         	2.323320e-07	(0.000000e+00 4.607563e-05 0.000000e+00)
5.45          	2.323142e-07	(0.000000e+00 4.607563e-05 0.000000e+00)
5.451         	2.322973e-07	(0.000000e+00 4.607563e-05 0.000000e+00)
5.452         	2.322820e-07	(0.000000e+00 4.607563e-05 0.000000e+00)
5.453         	2.322638e-07	(0.000000e+00 4.607563e-05 0.000000e+00)
5.454         	2.322451e-07	(0.000000e+00 4.607563e-05 0.000000e+00)
5.455         	2.322283e-07	(0.000000e+00 4.607563e-05 0.000000e+00)
5.456         	2.322110e-07	(0.000000e+00 4.607563e-05 0.000000e+00)
5.457         	2.321941e-07	(0.000000e+00 4.607563e-05 0.000000e+00)
5.458         	2.321775e-07	(0.000000e+00 4.607563e-05 0.000000e+00)
5.459         	2.321602e-07	(0.000000e+00 4.607563e-05 0.000000e+00)
5.46          	2.321421e-07	(0.000000e+00 4.607563e-05 0.000000e+00)
5.461         	2.321250e-07	(0.000000e+00 4.607563e-05 0.000000e+00)
5.462         	2.321080e-07	(0.000000e+00 4.607563e-05 0.000000e+00)
5.463         	2.320914e-07	(0.000000e+00 4.607563e-05 0.000000e+00)
5.464         	2.320749e-07	(0.000000e+00 4.607563e-05 0.000000e+00)
5.465         	2.320573e-07	(0.000000e+00 4.607563e-05 0.000000e+00)
5.466         	2.320405e-07	(0.000000e+00 4.607563e-05 0.000000e+00)
5.467         	2.320230e-07	(0.000000e+00 4.607563e-05 0.000000e+00)
5.468         	2.320049e-07	(0.000000e+00 4.607563e-05 0.000000e+00)
5.469         	2.319875e-07	(0.000000e+00 4.607563e-05 0.000000e+00)
5.47          	2.319715e-07	(0.000000e+00 4.607563e-05 0.000000e+00)
5.471         	2.319546e-07	(0.000000e+00 4.607563e-05 0.000000e+00)
5.472         	2.319369e-07	(0.000000e+00 4.607563e-05 0.000000e+00)
5.473         	2.319204e-07	(0.000000e+00 4.607563e-05 0.000000e+00)
5.474         	2.319025e-07	(0.000000e+00 4.607563e-05 0.000000e+00)
5.475         	2.318852e-07	(0.000000e+00 4.607563e-05 0.000000e+00)
5.476         	2.318690e-07	(0.000000e+00 4.607563e-05 0.000000e+00)
5.477         	2.318522e-07	(0.000000e+00 4.607563e-05 0.000000e+00)
5.478         	2.318348e-07	(0.000000e+00 4.607563e-05 0.000000e+00)
5.479         	2.318183e-07	(0.000000e+00 4.607563e-05 0.000000e+00)
5.48          	2.318003e-07	(0.000000e+00 4.607563e-05 0.000000e+00)
5.481         	2.317824e-07	(0.000000e+00 4.607563e-05 0.000000e+00)
5.482         	2.317654e-07	(0.000000e+00 4.607563e-05 0.000000e+00)
5.483         	2.317491e-07	(0.000000e+00 4.607563e-05 0.000000e+00)
5.484         	2.317328e-07	(0.000000e+00 4.607563e-05 0.000000e+00)
5.485         	2.317157e-07	(0.000000e+00 4.607563e-05 0.000000e+00)
5.486         	2.316984e-07	(0.000000e+00 4.607563e-05 0.000000e+00)
5.487         	2.316814e-07	(0.000000e+00 4.607563e-05 0.000000e+00)
5.488         	2.316639e-07	(0.000000e+00 4.607563e-05 0.000000e+00)
5.489         	2.316475e-07	(0.000000e+00 4.607563e-05 0.000000e+00)
5.49          	2.316304e-07	(0.000000e+00 4.607563e-05 0.000000e+00)
5.491         	2.316137e-07	(0.000000e+00 4.607563e-05 0.000000e+00)
5.492         	2.315961e-07	(0.000000e+00 4.607563e-05 0.000000e+00)
5.493         	2.315790e-07	(0.000000e+00 4.607563e-05 0.000000e+00)
5.494         	2.315631e-07	(0.000000e+00 4.607563e-05 0.000000e+00)
5.495         	2.315456e-07	(0.000000e+00 4.607563e-05 0.000000e+00)
5.496         	2.315275e-07	(0.000000e+00 4.607563e-05 0.000000e+00)
5.497         	2.315100e-07	(0.000000e+00 4.607563e-05 0.000000e+00)
5.498         	2.314933e-07	(0.000000e+00 4.607563e-05 0.000000e+00)
5.499         	2.314768e-07	(0.000000e+00 4.607563e-05 0.000000e+00)
5.5           	2.314603e-07	(0.000000e+00 4.607563e-05 0.000000e+00)
5.501         	2.314438e-07	(0.000000e+00 4.607563e-05 0.000000e+00)
5.502         	2.314267e-07	(0.000000e+00 4.607563e-05 0.000000e+00)
5.503         	2.314112e-07	(0.000000e+00 4.607563e-05 0.000000e+00)
5.504         	2.313945e-07	(0.000000e+00 4.607563e-05 0.000000e+00)
5.505         	2.313749e-07	(0.000000e+00 4.607563e-05 0.000000e+00)
5.506         	2.313564e-07	(0.000000e+00 4.607563e-05 0.000000e+00)
5.507         	2.313395e-07	(0.000000e+00 4.607563e-05 0.000000e+00)
5.508         	2.313236e-07	(0.000000e+00 4.607563e-05 0.000000e+00)
5.509         	2.313079e-07	(0.000000e+00 4.607563e-05 0.000000e+00)
5.51          	2.312912e-07	(0.000000e+00 4.607563e-05 0.000000e+00)
5.511         	2.312739e-07	(0.000000e+00 4.607563e-05 0.000000e+00)
5.512         	2.312568e-07	(0.000000e+00 4.607563e-05 0.000000e+00)
5.513         	2.312397e-07	(0.000000e+00 4.607563e-05 0.000000e+00)
5.514         	2.312230e-07	(0.000000e+00 4.607563e-05 0.000000e+00)
5.515         	2.312061e-07	(0.000000e+00 4.607563e-05 0.000000e+00)
5.516         	2.311893e-07	(0.000000e+00 4.607563e-05 0.000000e+00)
5.517         	2.311724e-07	(0.000000e+00 4.607563e-05 0.000000e+00)
5.518         	2.311555e-07	(0.000000e+00 4.607563e-05 0.000000e+00)
5.519         	2.311385e-07	(0.000000e+00 4.607563e-05 0.000000e+00)
5.52          	2.311218e-07	(0.000000e+00 4.607563e-05 0.000000e+00)
5.521         	2.311047e-07	(0.000000e+00 4.607563e-05 0.000000e+00)
5.522         	2.310879e-07	(0.000000e+00 4.607563e-05 0.000000e+00)
5.523         	2.310717e-07	(0.000000e+00 4.607563e-05 0.000000e+00)
5.524         	2.310542e-07	(0.000000e+00 4.607563e-05 0.000000e+00)
5.525         	2.310370e-07	(0.000000e+00 4.607563e-05 0.000000e+00)
5.526         	2.310202e-07	(0.000000e+00 4.607563e-05 0.000000e+00)
5.527         	2.310035e-07	(0.000000e+00 4.607563e-05 0.000000e+00)
5.528         	2.309869e-07	(0.000000e+00 4.607563e-05 0.000000e+00)
5.529         	2.309705e-07	(0.000000e+00 4.607563e-05 0.000000e+00)
5.53          	2.309539e-07	(0.000000e+00 4.607563e-05 0.000000e+00)
5.531         	2.309358e-07	(0.000000e+00 4.607563e-05 0.000000e+00)
5.532         	2.309184e-07	(0.000000e+00 4.607563e-05 0.000000e+00)
5.533         	2.309017e-07	(0.000000e+00 4.607563e-05 0.000000e+00)
5.534         	2.308854e-07	(0.000000e+00 4.607563e-05 0.000000e+00)
5.535         	2.308693e-07	(0.000000e+00 4.607563e-05 0.000000e+00)
5.536         	2.308519e-07	(0.000000e+00 4.607563e-05 0.000000e+00)
5.537         	2.308348e-07	(0.000000e+00 4.607563e-05 0.000000e+00)
5.538         	2.308182e-07	(0.000000e+00 4.607563e-05 0.000000e+00)
5.539         	2.308013e-07	(0.000000e+00 4.607563e-05 0.000000e+00)
5.54          	2.307846e-07	(0.000000e+00 4.607563e-05 0.000000e+00)
5.541         	2.307686e-07	(0.000000e+00 4.607563e-05 0.000000e+00)
5.542         	2.307517e-07	(0.000000e+00 4.607563e-05 0.000000e+00)
5.543         	2.307344e-07	(0.000000e+00 4.607563e-05 0.000000e+00)
5.544         	2.307176e-07	(0.000000e+00 4.607563e-05 0.000000e+00)
5.545         	2.307008e-07	(0.000000e+00 4.607563e-05 0.000000e+00)
5.546         	2.306840e-07	(0.000000e+00 4.607563e-05 0.000000e+00)
5.547         	2.306669e-07	(0.000000e+00 4.607563e-05 0.000000e+00)
5.548         	2.306504e-07	(0.000000e+00 4.607563e-05 0.000000e+00)
5.549         	2.306343e-07	(0.000000e+00 4.607563e-05 0.000000e+00)
5.55          	2.306176e-07	(0.000000e+00 4.607563e-05 0.000000e+00)
5.551         	2.306010e-07	(0.000000e+00 4.607563e-05 0.000000e+00)
5.552         	2.305833e-07	(0.000000e+00 4.607563e-05 0.000000e+00)
5.553         	2.305676e-07	(0.000000e+00 4.607563e-05 0.000000e+00)
5.554         	2.305510e-07	(0.000000e+00 4.607563e-05 0.000000e+00)
5.555         	2.305330e-07	(0.000000e+00 4.607563e-05 0.000000e+00)
5.556         	2.305152e-07	(0.000000e+00 4.607563e-05 0.000000e+00)
5.557         	2.304988e-07	(0.000000e+00 4.607563e-05 0.000000e+00)
5.558         	2.304829e-07	(0.000000e+00 4.607563e-05 0.000000e+00)
5.559         	2.304670e-07	(0.000000e+00 4.607563e-05 0.000000e+00)
5.56          	2.304507e-07	(0.000000e+00 4.607563e-05 0.000000e+00)
5.561         	2.304338e-07	(0.000000e+00 4.607563e-05 0.000000e+00)
5.562         	2.304166e-07	(0.000000e+00 4.607563e-05 0.000000e+00)
5.563         	2.303997e-07	(0.000000e+00 4.607563e-05 0.000000e+00)
5.564         	2.303831e-07	(0.000000e+00 4.607563e-05 0.000000e+00)
5.565         	2.303666e-07	(0.000000e+00 4.607563e-05 0.000000e+00)
5.566         	2.303504e-07	(0.000000e+00 4.607563e-05 0.000000e+00)
5.567         	2.303337e-07	(0.000000e+00 4.607563e-05 0.000000e+00)
5.568         	2.303165e-07	(0.000000e+00 4.607563e-05 0.000000e+00)
5.569         	2.302997e-07	(0.000000e+00 4.607563e-05 0.000000e+00)
5.57          	2.302832e-07	(0.000000e+00 4.607563e-05 0.000000e+00)
5.571         	2.302668e-07	(0.000000e+00 4.607563e-05 0.000000e+00)
5.572         	2.302503e-07	(0.000000e+00 4.607563e-05 0.000000e+00)
5.573         	2.302337e-07	(0.000000e+00 4.607563e-05 0.000000e+00)
5.574         	2.302166e-07	(0.000000e+00 4.607563e-05 0.000000e+00)
5.575         	2.301999e-07	(0.000000e+00 4.607563e-05 0.000000e+00)
5.576         	2.301839e-07	(0.000000e+00 4.607563e-05 0.000000e+00)
5.577         	2.301672e-07	(0.000000e+00 4.607563e-05 0.000000e+00)
5.578         	2.301504e-07	(0.000000e+00 4.607563e-05 0.000000e+00)
5.579         	2.301339e-07	(0.000000e+00 4.607563e-05 0.000000e+00)
5.58          	2.301174e-07	(0.000000e+00 4.607563e-05 0.000000e+00)
5.581         	2.301013e-07	(0.000000e+00 4.607563e-05 0.000000e+00)
5.582         	2.300842e-07	(0.000000e+00 4.607563e-05 0.000000e+00)
5.583         	2.300674e-07	(0.000000e+00 4.607563e-05 0.000000e+00)
5.584         	2.300506e-07	(0.000000e+00 4.607563e-05 0.000000e+00)
5.585         	2.300337e-07	(0.000000e+00 4.607563e-05 0.000000e+00)
5.586         	2.300171e-07	(0.000000e+00 4.607563e-05 0.000000e+00)
5.587         	2.300022e-07	(0.000000e+00 4.607563e-05 0.000000e+00)
5.588         	2.299853e-07	(0.000000e+00 4.607563e-05 0.000000e+00)
5.589         	2.299677e-07	(0.000000e+00 4.607563e-05 0.000000e+00)
5.59          	2.299504e-07	(0.000000e+00 4.607563e-05 0.000000e+00)
5.591         	2.299340e-07	(0.000000e+00 4.607563e-05 0.000000e+00)
5.592         	2.299181e-07	(0.000000e+00 4.607563e-05 0.000000e+00)
5.593         	2.299026e-07	(0.000000e+00 4.607563e-05 0.000000e+00)
5.594         	2.298864e-07	(0.000000e+00 4.607563e-05 0.000000e+00)
5.595         	2.298699e-07	(0.000000e+00 4.607563e-05 0.000000e+00)
5.596         	2.298512e-07	(0.000000e+00 4.607563e-05 0.000000e+00)
5.597         	2.298341e-07	(0.000000e+00 4.607563e-05 0.000000e+00)
5.598         	2.298181e-07	(0.000000e+00 4.607563e-05 0.000000e+00)
5.599         	2.298024e-07	(0.000000e+00 4.607563e-05 0.000000e+00)
5.6           	2.297870e-07	(0.000000e+00 4.607563e-05 0.000000e+00)
5.601         	2.297697e-07	(0.000000e+00 4.607563e-05 0.000000e+00)
5.602         	2.297530e-07	(0.000000e+00 4.607563e-05 0.000000e+00)
5.603         	2.297364e-07	(0.000000e+00 4.607563e-05 0.000000e+00)
5.604         	2.297201e-07	(0.000000e+00 4.607563e-05 0.000000e+00)
5.605         	2.297035e-07	(0.000000e+00 4.607563e-05 0.000000e+00)
5.606         	2.296872e-07	(0.000000e+00 4.607563e-05 0.000000e+00)
5.607         	2.296710e-07	(0.000000e+00 4.607563e-05 0.000000e+00)
5.608         	2.296543e-07	(0.000000e+00 4.607563e-05 0.000000e+00)
5.609         	2.296378e-07	(0.000000e+00 4.607563e-05 0.000000e+00)
5.61          	2.296216e-07	(0.000000e+00 4.607563e-05 0.000000e+00)
5.611         	2.296050e-07	(0.000000e+00 4.607563e-05 0.000000e+00)
5.612         	2.295884e-07	(0.000000e+00 4.607563e-05 0.000000e+00)
5.613         	2.295723e-07	(0.000000e+00 4.607563e-05 0.000000e+00)
5.614         	2.295555e-07	(0.000000e+00 4.607563e-05 0.000000e+00)
5.615         	2.295394e-07	(0.000000e+00 4.607563e-05 0.000000e+00)
5.616         	2.295227e-07	(0.000000e+00 4.607563e-05 0.000000e+00)
5.617         	2.295064e-07	(0.000000e+00 4.607563e-05 0.000000e+00)
5.618         	2.294898e-07	(0.000000e+00 4.607563e-05 0.000000e+00)
5.619         	2.294736e-07	(0.000000e+00 4.607563e-05 0.000000e+00)
5.62          	2.294572e-07	(0.000000e+00 4.607563e-05 0.000000e+00)
5.621         	2.294408e-07	(0.000000e+00 4.607563e-05 0.000000e+00)
5.622         	2.294252e-07	(0.000000e+00 4.607563e-05 0.000000e+00)
5.623         	2.294085e-07	(0.000000e+00 4.607563e-05 0.000000e+00)
5.624         	2.293916e-07	(0.000000e+00 4.607563e-05 0.000000e+00)
5.625         	2.293751e-07	(0.000000e+00 4.607563e-05 0.000000e+00)
5.626         	2.293592e-07	(0.000000e+00 4.607563e-05 0.000000e+00)
5.627         	2.293440e-07	(0.000000e+00 4.607563e-05 0.000000e+00)
5.628         	2.293278e-07	(0.000000e+00 4.607563e-05 0.000000e+00)
5.629         	2.293090e-07	(0.000000e+00 4.607563e-05 0.000000e+00)
5.63          	2.292930e-07	(0.000000e+00 4.607563e-05 0.000000e+00)
5.631         	2.292762e-07	(0.000000e+00 4.607563e-05 0.000000e+00)
5.632         	2.292628e-07	(0.000000e+00 4.607563e-05 0.000000e+00)
5.633         	2.292445e-07	(0.000000e+00 4.607563e-05 0.000000e+00)
5.634         	2.292292e-07	(0.000000e+00 4.607563e-05 0.000000e+00)
5.635         	2.292102e-07	(0.000000e+00 4.607563e-05 0.000000e+00)
5.636         	2.291942e-07	(0.000000e+00 4.607563e-05 0.000000e+00)
5.637         	2.291798e-07	(0.000000e+00 4.607563e-05 0.000000e+00)
5.638         	2.291655e-07	(0.000000e+00 4.607563e-05 0.000000e+00)
5.639         	2.291455e-07	(0.000000e+00 4.607563e-05 0.000000e+00)
5.64          	2.291267e-07	(0.000000e+00 4.607563e-05 0.000000e+00)
5.641         	2.291107e-07	(0.000000e+00 4.607563e-05 0.000000e+00)
5.642         	2.290956e-07	(0.000000e+00 4.607563e-05 0.000000e+00)
5.643         	2.290807e-07	(0.000000e+00 4.607563e-05 0.000000e+00)
5.644         	2.290656e-07	(0.000000e+00 4.607563e-05 0.000000e+00)
5.645         	2.290503e-07	(0.000000e+00 4.607563e-05 0.000000e+00)
5.646         	2.290322e-07	(0.000000e+00 4.607563e-05 0.000000e+00)
5.647         	2.290148e-07	(0.000000e+00 4.607563e-05 0.000000e+00)
5.648         	2.289990e-07	(0.000000e+00 4.607563e-05 0.000000e+00)
5.649         	2.289823e-07	(0.000000e+00 4.607563e-05 0.000000e+00)
5.65          	2.289665e-07	(0.000000e+00 4.607563e-05 0.000000e+00)
5.651         	2.289511e-07	(0.000000e+00 4.607563e-05 0.000000e+00)
5.652         	2.289346e-07	(0.000000e+00 4.607563e-05 0.000000e+00)
5.653         	2.289183e-07	(0.000000e+00 4.607563e-05 0.000000e+00)
5.654         	2.289024e-07	(0.000000e+00 4.607563e-05 0.000000e+00)
5.655         	2.288858e-07	(0.000000e+00 4.607563e-05 0.000000e+00)
5.656         	2.288696e-07	(0.000000e+00 4.607563e-05 0.000000e+00)
5.657         	2.288532e-07	(0.000000e+00 4.607563e-05 0.000000e+00)
5.658         	2.288371e-07	(0.000000e+00 4.607563e-05 0.000000e+00)
5.659         	2.288212e-07	(0.000000e+00 4.607563e-05 0.000000e+00)
5.66          	2.288048e-07	(0.000000e+00 4.607563e-05 0.000000e+00)
5.661         	2.287889e-07	(0.000000e+00 4.607563e-05 0.000000e+00)
5.662         	2.287722e-07	(0.000000e+00 4.607563e-05 0.000000e+00)
5.663         	2.287555e-07	(0.000000e+00 4.607563e-05 0.000000e+00)
5.664         	2.287400e-07	(0.000000e+00 4.607563e-05 0.000000e+00)
5.665         	2.287236e-07	(0.000000e+00 4.607563e-05 0.000000e+00)
5.666         	2.287071e-07	(0.000000e+00 4.607563e-05 0.000000e+00)
5.667         	2.286909e-07	(0.000000e+00 4.607563e-05 0.000000e+00)
5.668         	2.286748e-07	(0.000000e+00 4.607563e-05 0.000000e+00)
5.669         	2.286588e-07	(0.000000e+00 4.607563e-05 0.000000e+00)
5.67          	2.286429e-07	(0.000000e+00 4.607563e-05 0.000000e+00)
5.671         	2.286267e-07	(0.000000e+00 4.607563e-05 0.000000e+00)
5.672         	2.286106e-07	(0.000000e+00 4.607563e-05 0.000000e+00)
5.673         	2.285945e-07	(0.000000e+00 4.607563e-05 0.000000e+00)
5.674         	2.285782e-07	(0.000000e+00 4.607563e-05 0.000000e+00)
5.675         	2.285620e-07	(0.000000e+00 4.607563e-05 0.000000e+00)
5.676         	2.285458e-07	(0.000000e+00 4.607563e-05 0.000000e+00)
5.677         	2.285298e-07	(0.000000e+00 4.607563e-05 0.000000e+00)
5.678         	2.285137e-07	(0.000000e+00 4.607563e-05 0.000000e+00)
5.679         	2.284977e-07	(0.000000e+00 4.607563e-05 0.000000e+00)
5.68          	2.284819e-07	(0.000000e+00 4.607563e-05 0.000000e+00)
5.681         	2.284651e-07	(0.000000e+00 4.607563e-05 0.000000e+00)
5.682         	2.284492e-07	(0.000000e+00 4.607563e-05 0.000000e+00)
5.683         	2.284329e-07	(0.000000e+00 4.607563e-05 0.000000e+00)
5.684         	2.284168e-07	(0.000000e+00 4.607563e-05 0.000000e+00)
5.685         	2.284005e-07	(0.000000e+00 4.607563e-05 0.000000e+00)
5.686         	2.283842e-07	(0.000000e+00 4.607563e-05 0.000000e+00)
5.687         	2.283686e-07	(0.000000e+00 4.607563e-05 0.000000e+00)
5.688         	2.283522e-07	(0.000000e+00 4.607563e-05 0.000000e+00)
5.689         	2.283360e-07	(0.000000e+00 4.607563e-05 0.000000e+00)
5.69          	2.283200e-07	(0.000000e+00 4.607563e-05 0.000000e+00)
5.691         	2.283040e-07	(0.000000e+00 4.607563e-05 0.000000e+00)
5.692         	2.282877e-07	(0.000000e+00 4.607563e-05 0.000000e+00)
5.693         	2.282724e-07	(0.000000e+00 4.607563e-05 0.000000e+00)
5.694         	2.282559e-07	(0.000000e+00 4.607563e-05 0.000000e+00)
5.695         	2.282394e-07	(0.000000e+00 4.607563e-05 0.000000e+00)
5.696         	2.282234e-07	(0.000000e+00 4.607563e-05 0.000000e+00)
5.697         	2.282076e-07	(0.000000e+00 4.607563e-05 0.000000e+00)
5.698         	2.281921e-07	(0.000000e+00 4.607563e-05 0.000000e+00)
5.699         	2.281758e-07	(0.000000e+00 4.607563e-05 0.000000e+00)
5.7           	2.281594e-07	(0.000000e+00 4.607563e-05 0.000000e+00)
5.701         	2.281432e-07	(0.000000e+00 4.607563e-05 0.000000e+00)
5.702         	2.281273e-07	(0.000000e+00 4.607563e-05 0.000000e+00)
5.703         	2.281114e-07	(0.000000e+00 4.607563e-05 0.000000e+00)
5.704         	2.280956e-07	(0.000000e+00 4.607563e-05 0.000000e+00)
5.705         	2.280799e-07	(0.000000e+00 4.607563e-05 0.000000e+00)
5.706         	2.280638e-07	(0.000000e+00 4.607563e-05 0.000000e+00)
5.707         	2.280475e-07	(0.000000e+00 4.607563e-05 0.000000e+00)
5.708         	2.280309e-07	(0.000000e+00 4.607563e-05 0.000000e+00)
5.709         	2.280150e-07	(0.000000e+00 4.607563e-05 0.000000e+00)
5.71          	2.279990e-07	(0.000000e+00 4.607563e-05 0.000000e+00)
5.711         	2.279830e-07	(0.000000e+00 4.607563e-05 0.000000e+00)
5.712         	2.279671e-07	(0.000000e+00 4.607563e-05 0.000000e+00)
5.713         	2.279514e-07	(0.000000e+00 4.607563e-05 0.000000e+00)
5.714         	2.279354e-07	(0.000000e+00 4.607563e-05 0.000000e+00)
5.715         	2.279192e-07	(0.000000e+00 4.607563e-05 0.000000e+00)
5.716         	2.279031e-07	(0.000000e+00 4.607563e-05 0.000000e+00)
5.717         	2.278871e-07	(0.000000e+00 4.607563e-05 0.000000e+00)
5.718         	2.278715e-07	(0.000000e+00 4.607563e-05 0.000000e+00)
5.719         	2.278557e-07	(0.000000e+00 4.607563e-05 0.000000e+00)
5.72          	2.278394e-07	(0.000000e+00 4.607563e-05 0.000000e+00)
5.721         	2.278235e-07	(0.000000e+00 4.607563e-05 0.000000e+00)
5.722         	2.278077e-07	(0.000000e+00 4.607563e-05 0.000000e+00)
5.723         	2.277917e-07	(0.000000e+00 4.607563e-05 0.000000e+00)
5.724         	2.277759e-07	(0.000000e+00 4.607563e-05 0.000000e+00)
5.725         	2.277599e-07	(0.000000e+00 4.607563e-05 0.000000e+00)
5.726         	2.277444e-07	(0.000000e+00 4.607563e-05 0.000000e+00)
5.727         	2.277279e-07	(0.000000e+00 4.607563e-05 0.000000e+00)
5.728         	2.277121e-07	(0.000000e+00 4.607563e-05 0.000000e+00)
5.729         	2.276962e-07	(0.000000e+00 4.607563e-05 0.000000e+00)
5.73          	2.276807e-07	(0.000000e+00 4.607563e-05 0.000000e+00)
5.731         	2.276644e-07	(0.000000e+00 4.607563e-05 0.000000e+00)
5.732         	2.276485e-07	(0.000000e+00 4.607563e-05 0.000000e+00)
5.733         	2.276322e-07	(0.000000e+00 4.607563e-05 0.000000e+00)
5.734         	2.276162e-07	(0.000000e+00 4.607563e-05 0.000000e+00)
5.735         	2.276005e-07	(0.000000e+00 4.607563e-05 0.000000e+00)
5.736         	2.275851e-07	(0.000000e+00 4.607563e-05 0.000000e+00)
5.737         	2.275695e-07	(0.000000e+00 4.607563e-05 0.000000e+00)
5.738         	2.275539e-07	(0.000000e+00 4.607563e-05 0.000000e+00)
5.739         	2.275383e-07	(0.000000e+00 4.607563e-05 0.000000e+00)
5.74          	2.275229e-07	(0.000000e+00 4.607563e-05 0.000000e+00)
5.741         	2.275080e-07	(0.000000e+00 4.607563e-05 0.000000e+00)
5.742         	2.274879e-07	(0.000000e+00 4.607563e-05 0.000000e+00)
5.743         	2.274717e-07	(0.000000e+00 4.607563e-05 0.000000e+00)
5.744         	2.274561e-07	(0.000000e+00 4.607563e-05 0.000000e+00)
5.745         	2.274420e-07	(0.000000e+00 4.607563e-05 0.000000e+00)
5.746         	2.274268e-07	(0.000000e+00 4.607563e-05 0.000000e+00)
5.747         	2.274099e-07	(0.000000e+00 4.607563e-05 0.000000e+00)
5.748         	2.273939e-07	(0.000000e+00 4.607563e-05 0.000000e+00)
5.749         	2.273790e-07	(0.000000e+00 4.607563e-05 0.000000e+00)
5.75          	2.273627e-07	(0.000000e+00 4.607563e-05 0.000000e+00)
5.751         	2.273466e-07	(0.000000e+00 4.607563e-05 0.000000e+00)
5.752         	2.273311e-07	(0.000000e+00 4.607563e-05 0.000000e+00)
5.753         	2.273152e-07	(0.000000e+00 4.607563e-05 0.000000e+00)
5.754         	2.272995e-07	(0.000000e+00 4.607563e-05 0.000000e+00)
5.755         	2.272840e-07	(0.000000e+00 4.607563e-05 0.000000e+00)
5.756         	2.272681e-07	(0.000000e+00 4.607563e-05 0.000000e+00)
5.757         	2.272522e-07	(0.000000e+00 4.607563e-05 0.000000e+00)
5.758         	2.272372e-07	(0.000000e+00 4.607563e-05 0.000000e+00)
5.759         	2.272235e-07	(0.000000e+00 4.607563e-05 0.000000e+00)
5.76          	2.272059e-07	(0.000000e+00 4.607563e-05 0.000000e+00)
5.761         	2.271891e-07	(0.000000e+00 4.607563e-05 0.000000e+00)
5.762         	2.271704e-07	(0.000000e+00 4.607563e-05 0.000000e+00)
5.763         	2.271546e-07	(0.000000e+00 4.607563e-05 0.000000e+00)
5.764         	2.271407e-07	(0.000000e+00 4.607563e-05 0.000000e+00)
5.765         	2.271260e-07	(0.000000e+00 4.607563e-05 0.000000e+00)
5.766         	2.271112e-07	(0.000000e+00 4.607563e-05 0.000000e+00)
5.767         	2.270956e-07	(0.000000e+00 4.607563e-05 0.000000e+00)
5.768         	2.270785e-07	(0.000000e+00 4.607563e-05 0.000000e+00)
5.769         	2.270626e-07	(0.000000e+00 4.607563e-05 0.000000e+00)
5.77          	2.270465e-07	(0.000000e+00 4.607563e-05 0.000000e+00)
5.771         	2.270310e-07	(0.000000e+00 4.607563e-05 0.000000e+00)
5.772         	2.270155e-07	(0.000000e+00 4.607563e-05 0.000000e+00)
5.773         	2.270016e-07	(0.000000e+00 4.607563e-05 0.000000e+00)
5.774         	2.269843e-07	(0.000000e+00 4.607563e-05 0.000000e+00)
5.775         	2.269681e-07	(0.000000e+00 4.607563e-05 0.000000e+00)
5.776         	2.269523e-07	(0.000000e+00 4.607563e-05 0.000000e+00)
5.777         	2.269366e-07	(0.000000e+00 4.607563e-05 0.000000e+00)
5.778         	2.269213e-07	(0.000000e+00 4.607563e-05 0.000000e+00)
5.779         	2.269061e-07	(0.000000e+00 4.607563e-05 0.000000e+00)
5.78          	2.268907e-07	(0.000000e+00 4.607563e-05 0.000000e+00)
5.781         	2.268749e-07	(0.000000e+00 4.607563e-05 0.000000e+00)
5.782         	2.268588e-07	(0.000000e+00 4.607563e-05 0.000000e+00)
5.783         	2.268426e-07	(0.000000e+00 4.607563e-05 0.000000e+00)
5.784         	2.268269e-07	(0.000000e+00 4.607563e-05 0.000000e+00)
5.785         	2.268115e-07	(0.000000e+00 4.607563e-05 0.000000e+00)
5.786         	2.267960e-07	(0.000000e+00 4.607563e-05 0.000000e+00)
5.787         	2.267803e-07	(0.000000e+00 4.607563e-05 0.000000e+00)
5.788         	2.267648e-07	(0.000000e+00 4.607563e-05 0.000000e+00)
5.789         	2.267493e-07	(0.000000e+00 4.607563e-05 0.000000e+00)
5.79          	2.267343e-07	(0.000000e+00 4.607563e-05 0.000000e+00)
5.791         	2.267185e-07	(0.000000e+00 4.607563e-05 0.000000e+00)
5.792         	2.267018e-07	(0.000000e+00 4.607563e-05 0.000000e+00)
5.793         	2.266861e-07	(0.000000e+00 4.607563e-05 0.000000e+00)
5.794         	2.266711e-07	(0.000000e+00 4.607563e-05 0.000000e+00)
5.795         	2.266549e-07	(0.000000e+00 4.607563e-05 0.000000e+00)
5.796         	2.266391e-07	(0.000000e+00 4.607563e-05 0.000000e+00)
5.797         	2.266236e-07	(0.000000e+00 4.607563e-05 0.000000e+00)
5.798         	2.266083e-07	(0.000000e+00 4.607563e-05 0.000000e+00)
5.799         	2.265929e-07	(0.000000e+00 4.607563e-05 0.000000e+00)
5.8           	2.265775e-07	(0.000000e+00 4.607563e-05 0.000000e+00)
5.801         	2.265617e-07	(0.000000e+00 4.607563e-05 0.000000e+00)
5.802         	2.265463e-07	(0.000000e+00 4.607563e-05 0.000000e+00)
5.803         	2.265306e-07	(0.000000e+00 4.607563e-05 0.000000e+00)
5.804         	2.265146e-07	(0.000000e+00 4.607563e-05 0.000000e+00)
5.805         	2.264990e-07	(0.000000e+00 4.607563e-05 0.000000e+00)
5.806         	2.264842e-07	(0.000000e+00 4.607563e-05 0.000000e+00)
5.807         	2.264690e-07	(0.000000e+00 4.607563e-05 0.000000e+00)
5.808         	2.264536e-07	(0.000000e+00 4.607563e-05 0.000000e+00)
5.809         	2.264383e-07	(0.000000e+00 4.607563e-05 0.000000e+00)
5.81          	2.264225e-07	(0.000000e+00 4.607563e-05 0.000000e+00)
5.811         	2.264072e-07	(0.000000e+00 4.607563e-05 0.000000e+00)
5.812         	2.263914e-07	(0.000000e+00 4.607563e-05 0.000000e+00)
5.813         	2.263761e-07	(0.000000e+00 4.607563e-05 0.000000e+00)
5.814         	2.263603e-07	(0.000000e+00 4.607563e-05 0.000000e+00)
5.815         	2.263444e-07	(0.000000e+00 4.607563e-05 0.000000e+00)
5.816         	2.263280e-07	(0.000000e+00 4.607563e-05 0.000000e+00)
5.817         	2.263124e-07	(0.000000e+00 4.607563e-05 0.000000e+00)
5.818         	2.262961e-07	(0.000000e+00 4.607563e-05 0.000000e+00)
5.819         	2.262806e-07	(0.000000e+00 4.607563e-05 0.000000e+00)
5.82          	2.262650e-07	(0.000000e+00 4.607563e-05 0.000000e+00)
5.821         	2.262491e-07	(0.000000e+00 4.607563e-05 0.000000e+00)
5.822         	2.262330e-07	(0.000000e+00 4.607563e-05 0.000000e+00)
5.823         	2.262187e-07	(0.000000e+00 4.607563e-05 0.000000e+00)
5.824         	2.262022e-07	(0.000000e+00 4.607563e-05 0.000000e+00)
5.825         	2.261867e-07	(0.000000e+00 4.607563e-05 0.000000e+00)
5.826         	2.261714e-07	(0.000000e+00 4.607563e-05 0.000000e+00)
5.827         	2.261565e-07	(0.000000e+00 4.607563e-05 0.000000e+00)
5.828         	2.261418e-07	(0.000000e+00 4.607563e-05 0.000000e+00)
5.829         	2.261269e-07	(0.000000e+00 4.607563e-05 0.000000e+00)
5.83          	2.261111e-07	(0.000000e+00 4.607563e-05 0.000000e+00)
5.831         	2.260957e-07	(0.000000e+00 4.607563e-05 0.000000e+00)
5.832         	2.260801e-07	(0.000000e+00 4.607563e-05 0.000000e+00)
5.833         	2.260645e-07	(0.000000e+00 4.607563e-05 0.000000e+00)
5.834         	2.260492e-07	(0.000000e+00 4.607563e-05 0.000000e+00)
5.835         	2.260338e-07	(0.000000e+00 4.607563e-05 0.000000e+00)
5.836         	2.260185e-07	(0.000000e+00 4.607563e-05 0.000000e+00)
5.837         	2.260032e-07	(0.000000e+00 4.607563e-05 0.000000e+00)
5.838         	2.259877e-07	(0.000000e+00 4.607563e-05 0.000000e+00)
5.839         	2.259722e-07	(0.000000e+00 4.607563e-05 0.000000e+00)
5.84          	2.259568e-07	(0.000000e+00 4.607563e-05 0.000000e+00)
5.841         	2.259418e-07	(0.000000e+00 4.607563e-05 0.000000e+00)
5.842         	2.259262e-07	(0.000000e+00 4.607563e-05 0.000000e+00)
5.843         	2.259107e-07	(0.000000e+00 4.607563e-05 0.000000e+00)
5.844         	2.258954e-07	(0.000000e+00 4.607563e-05 0.000000e+00)
5.845         	2.258794e-07	(0.000000e+00 4.607563e-05 0.000000e+00)
5.846         	2.258638e-07	(0.000000e+00 4.607563e-05 0.000000e+00)
5.847         	2.258489e-07	(0.000000e+00 4.607563e-05 0.000000e+00)
5.848         	2.258336e-07	(0.000000e+00 4.607563e-05 0.000000e+00)
5.849         	2.258189e-07	(0.000000e+00 4.607563e-05 0.000000e+00)
5.85          	2.258034e-07	(0.000000e+00 4.607563e-05 0.000000e+00)
5.851         	2.257873e-07	(0.000000e+00 4.607563e-05 0.000000e+00)
5.852         	2.257717e-07	(0.000000e+00 4.607563e-05 0.000000e+00)
5.853         	2.257566e-07	(0.000000e+00 4.607563e-05 0.000000e+00)
5.854         	2.257415e-07	(0.000000e+00 4.607563e-05 0.000000e+00)
5.855         	2.257254e-07	(0.000000e+00 4.607563e-05 0.000000e+00)
5.856         	2.257093e-07	(0.000000e+00 4.607563e-05 0.000000e+00)
5.857         	2.256940e-07	(0.000000e+00 4.607563e-05 0.000000e+00)
5.858         	2.256794e-07	(0.000000e+00 4.607563e-05 0.000000e+00)
5.859         	2.256647e-07	(0.000000e+00 4.607563e-05 0.000000e+00)
5.86          	2.256495e-07	(0.000000e+00 4.607563e-05 0.000000e+00)
5.861         	2.256346e-07	(0.000000e+00 4.607563e-05 0.000000e+00)
5.862         	2.256198e-07	(0.000000e+00 4.607563e-05 0.000000e+00)
5.863         	2.256023e-07	(0.000000e+00 4.607563e-05 0.000000e+00)
5.864         	2.255862e-07	(0.000000e+00 4.607563e-05 0.000000e+00)
5.865         	2.255713e-07	(0.000000e+00 4.607563e-05 0.000000e+00)
5.866         	2.255564e-07	(0.000000e+00 4.607563e-05 0.000000e+00)
5.867         	2.255418e-07	(0.000000e+00 4.607563e-05 0.000000e+00)
5.868         	2.255264e-07	(0.000000e+00 4.607563e-05 0.000000e+00)
5.869         	2.255110e-07	(0.000000e+00 4.607563e-05 0.000000e+00)
5.87          	2.254959e-07	(0.000000e+00 4.607563e-05 0.000000e+00)
5.871         	2.254804e-07	(0.000000e+00 4.607563e-05 0.000000e+00)
5.872         	2.254654e-07	(0.000000e+00 4.607563e-05 0.000000e+00)
5.873         	2.254503e-07	(0.000000e+00 4.607563e-05 0.000000e+00)
5.874         	2.254343e-07	(0.000000e+00 4.607563e-05 0.000000e+00)
5.875         	2.254187e-07	(0.000000e+00 4.607563e-05 0.000000e+00)
5.876         	2.254040e-07	(0.000000e+00 4.607563e-05 0.000000e+00)
5.877         	2.253897e-07	(0.000000e+00 4.607563e-05 0.000000e+00)
5.878         	2.253736e-07	(0.000000e+00 4.607563e-05 0.000000e+00)
5.879         	2.253572e-07	(0.000000e+00 4.607563e-05 0.000000e+00)
5.88          	2.253419e-07	(0.000000e+00 4.607563e-05 0.000000e+00)
5.881         	2.253271e-07	(0.000000e+00 4.607563e-05 0.000000e+00)
5.882         	2.253129e-07	(0.000000e+00 4.607563e-05 0.000000e+00)
5.883         	2.252983e-07	(0.000000e+00 4.607563e-05 0.000000e+00)
5.884         	2.252820e-07	(0.000000e+00 4.607563e-05 0.000000e+00)
5.885         	2.252677e-07	(0.000000e+00 4.607563e-05 0.000000e+00)
5.886         	2.252513e-07	(0.000000e+00 4.607563e-05 0.000000e+00)
5.887         	2.252349e-07	(0.000000e+00 4.607563e-05 0.000000e+00)
5.888         	2.252197e-07	(0.000000e+00 4.607563e-05 0.000000e+00)
5.889         	2.252049e-07	(0.000000e+00 4.607563e-05 0.000000e+00)
5.89          	2.251900e-07	(0.000000e+00 4.607563e-05 0.000000e+00)
5.891         	2.251753e-07	(0.000000e+00 4.607563e-05 0.000000e+00)
5.892         	2.251601e-07	(0.000000e+00 4.607563e-05 0.000000e+00)
5.893         	2.251446e-07	(0.000000e+00 4.607563e-05 0.000000e+00)
5.894         	2.251292e-07	(0.000000e+00 4.607563e-05 0.000000e+00)
5.895         	2.251144e-07	(0.000000e+00 4.607563e-05 0.000000e+00)
5.896         	2.250988e-07	(0.000000e+00 4.607563e-05 0.000000e+00)
5.897         	2.250834e-07	(0.000000e+00 4.607563e-05 0.000000e+00)
5.898         	2.250682e-07	(0.000000e+00 4.607563e-05 0.000000e+00)
5.899         	2.250532e-07	(0.000000e+00 4.607563e-05 0.000000e+00)
5.9           	2.250384e-07	(0.000000e+00 4.607563e-05 0.000000e+00)
5.901         	2.250231e-07	(0.000000e+00 4.607563e-05 0.000000e+00)
5.902         	2.250078e-07	(0.000000e+00 4.607563e-05 0.000000e+00)
5.903         	2.249927e-07	(0.000000e+00 4.607563e-05 0.000000e+00)
5.904         	2.249786e-07	(0.000000e+00 4.607563e-05 0.000000e+00)
5.905         	2.249636e-07	(0.000000e+00 4.607563e-05 0.000000e+00)
5.906         	2.249466e-07	(0.000000e+00 4.607563e-05 0.000000e+00)
5.907         	2.249303e-07	(0.000000e+00 4.607563e-05 0.000000e+00)
5.908         	2.249155e-07	(0.000000e+00 4.607563e-05 0.000000e+00)
5.909         	2.249011e-07	(0.000000e+00 4.607563e-05 0.000000e+00)
5.91          	2.248865e-07	(0.000000e+00 4.607563e-05 0.000000e+00)
5.911         	2.248717e-07	(0.000000e+00 4.607563e-05 0.000000e+00)
5.912         	2.248564e-07	(0.000000e+00 4.607563e-05 0.000000e+00)
5.913         	2.248417e-07	(0.000000e+00 4.607563e-05 0.000000e+00)
5.914         	2.248260e-07	(0.000000e+00 4.607563e-05 0.000000e+00)
5.915         	2.248108e-07	(0.000000e+00 4.607563e-05 0.000000e+00)
5.916         	2.247956e-07	(0.000000e+00 4.607563e-05 0.000000e+00)
5.917         	2.247808e-07	(0.000000e+00 4.607563e-05 0.000000e+00)
5.918         	2.247657e-07	(0.000000e+00 4.607563e-05 0.000000e+00)
5.919         	2.247503e-07	(0.000000e+00 4.607563e-05 0.000000e+00)
5.92          	2.247367e-07	(0.000000e+00 4.607563e-05 0.000000e+00)
5.921         	2.247206e-07	(0.000000e+00 4.607563e-05 0.000000e+00)
5.922         	2.247041e-07	(0.000000e+00 4.607563e-05 0.000000e+00)
5.923         	2.246881e-07	(0.000000e+00 4.607563e-05 0.000000e+00)
5.924         	2.246737e-07	(0.000000e+00 4.607563e-05 0.000000e+00)
5.925         	2.246594e-07	(0.000000e+00 4.607563e-05 0.000000e+00)
5.926         	2.246449e-07	(0.000000e+00 4.607563e-05 0.000000e+00)
5.927         	2.246300e-07	(0.000000e+00 4.607563e-05 0.000000e+00)
5.928         	2.246151e-07	(0.000000e+00 4.607563e-05 0.000000e+00)
5.929         	2.246001e-07	(0.000000e+00 4.607563e-05 0.000000e+00)
5.93          	2.245847e-07	(0.000000e+00 4.607563e-05 0.000000e+00)
5.931         	2.245690e-07	(0.000000e+00 4.607563e-05 0.000000e+00)
5.932         	2.245538e-07	(0.000000e+00 4.607563e-05 0.000000e+00)
5.933         	2.245389e-07	(0.000000e+00 4.607563e-05 0.000000e+00)
5.934         	2.245242e-07	(0.000000e+00 4.607563e-05 0.000000e+00)
5.935         	2.245097e-07	(0.000000e+00 4.607563e-05 0.000000e+00)
5.936         	2.244944e-07	(0.000000e+00 4.607563e-05 0.000000e+00)
5.937         	2.244793e-07	(0.000000e+00 4.607563e-05 0.000000e+00)
5.938         	2.244639e-07	(0.000000e+00 4.607563e-05 0.000000e+00)
5.939         	2.244487e-07	(0.000000e+00 4.607563e-05 0.000000e+00)
5.94          	2.244337e-07	(0.000000e+00 4.607563e-05 0.000000e+00)
5.941         	2.244195e-07	(0.000000e+00 4.607563e-05 0.000000e+00)
5.942         	2.244042e-07	(0.000000e+00 4.607563e-05 0.000000e+00)
5.943         	2.243887e-07	(0.000000e+00 4.607563e-05 0.000000e+00)
5.944         	2.243736e-07	(0.000000e+00 4.607563e-05 0.000000e+00)
5.945         	2.243589e-07	(0.000000e+00 4.607563e-05 0.000000e+00)
5.946         	2.243442e-07	(0.000000e+00 4.607563e-05 0.000000e+00)
5.947         	2.243295e-07	(0.000000e+00 4.607563e-05 0.000000e+00)
5.948         	2.243148e-07	(0.000000e+00 4.607563e-05 0.000000e+00)
5.949         	2.243003e-07	(0.000000e+00 4.607563e-05 0.000000e+00)
5.95          	2.242863e-07	(0.000000e+00 4.607563e-05 0.000000e+00)
5.951         	2.242701e-07	(0.000000e+00 4.607563e-05 0.000000e+00)
5.952         	2.242521e-07	(0.000000e+00 4.607563e-05 0.000000e+00)
5.953         	2.242367e-07	(0.000000e+00 4.607563e-05 0.000000e+00)
5.954         	2.242225e-07	(0.000000e+00 4.607563e-05 0.000000e+00)
5.955         	2.242083e-07	(0.000000e+00 4.607563e-05 0.000000e+00)
5.956         	2.241949e-07	(0.000000e+00 4.607563e-05 0.000000e+00)
5.957         	2.241806e-07	(0.000000e+00 4.607563e-05 0.000000e+00)
5.958         	2.241647e-07	(0.000000e+00 4.607563e-05 0.000000e+00)
5.959         	2.241491e-07	(0.000000e+00 4.607563e-05 0.000000e+00)
5.96          	2.241342e-07	(0.000000e+00 4.607563e-05 0.000000e+00)
5.961         	2.241204e-07	(0.000000e+00 4.607563e-05 0.000000e+00)
5.962         	2.241052e-07	(0.000000e+00 4.607563e-05 0.000000e+00)
5.963         	2.240899e-07	(0.000000e+00 4.607563e-05 0.000000e+00)
5.964         	2.240747e-07	(0.000000e+00 4.607563e-05 0.000000e+00)
5.965         	2.240589e-07	(0.000000e+00 4.607563e-05 0.000000e+00)
5.966         	2.240441e-07	(0.000000e+00 4.607563e-05 0.000000e+00)
5.967         	2.240298e-07	(0.000000e+00 4.607563e-05 0.000000e+00)
5.968         	2.240154e-07	(0.000000e+00 4.607563e-05 0.000000e+00)
5.969         	2.240008e-07	(0.000000e+00 4.607563e-05 0.000000e+00)
5.97          	2.239869e-07	(0.000000e+00 4.607563e-05 0.000000e+00)
5.971         	2.239701e-07	(0.000000e+00 4.607563e-05 0.000000e+00)
5.972         	2.239558e-07	(0.000000e+00 4.607563e-05 0.000000e+00)
5.973         	2.239400e-07	(0.000000e+00 4.607563e-05 0.000000e+00)
5.974         	2.239246e-07	(0.000000e+00 4.607563e-05 0.000000e+00)
5.975         	2.239101e-07	(0.000000e+00 4.607563e-05 0.000000e+00)
5.976         	2.238957e-07	(0.000000e+00 4.607563e-05 0.000000e+00)
5.977         	2.238811e-07	(0.000000e+00 4.607563e-05 0.000000e+00)
5.978         	2.238666e-07	(0.000000e+00 4.607563e-05 0.000000e+00)
5.979         	2.238514e-07	(0.000000e+00 4.607563e-05 0.000000e+00)
5.98          	2.238366e-07	(0.000000e+00 4.607563e-05 0.000000e+00)
5.981         	2.238216e-07	(0.000000e+00 4.607563e-05 0.000000e+00)
5.982         	2.238067e-07	(0.000000e+00 4.607563e-05 0.000000e+00)
5.983         	2.237919e-07	(0.000000e+00 4.607563e-05 0.000000e+00)
5.984         	2.237771e-07	(0.000000e+00 4.607563e-05 0.000000e+00)
5.985         	2.237622e-07	(0.000000e+00 4.607563e-05 0.000000e+00)
5.986         	2.237475e-07	(0.000000e+00 4.607563e-05 0.000000e+00)
5.987         	2.237329e-07	(0.000000e+00 4.607563e-05 0.000000e+00)
5.988         	2.237177e-07	(0.000000e+00 4.607563e-05 0.000000e+00)
5.989         	2.237028e-07	(0.000000e+00 4.607563e-05 0.000000e+00)
5.99          	2.236879e-07	(0.000000e+00 4.607563e-05 0.000000e+00)
5.991         	2.236731e-07	(0.000000e+00 4.607563e-05 0.000000e+00)
5.992         	2.236583e-07	(0.000000e+00 4.607563e-05 0.000000e+00)
5.993         	2.236437e-07	(0.000000e+00 4.607563e-05 0.000000e+00)
5.994         	2.236291e-07	(0.000000e+00 4.607563e-05 0.000000e+00)
5.995         	2.236143e-07	(0.000000e+00 4.607563e-05 0.000000e+00)
5.996         	2.235999e-07	(0.000000e+00 4.607563e-05 0.000000e+00)
5.997         	2.235845e-07	(0.000000e+00 4.607563e-05 0.000000e+00)
5.998         	2.235697e-07	(0.000000e+00 4.607563e-05 0.000000e+00)
5.999         	2.235553e-07	(0.000000e+00 4.607563e-05 0.000000e+00)
6             	2.235400e-07	(0.000000e+00 4.607563e-05 0.000000e+00)
6.001         	2.235255e-07	(0.000000e+00 4.607563e-05 0.000000e+00)
6.002         	2.235111e-07	(0.000000e+00 4.607563e-05 0.000000e+00)
6.003         	2.234963e-07	(0.000000e+00 4.607563e-05 0.000000e+00)
6.004         	2.234818e-07	(0.000000e+00 4.607563e-05 0.000000e+00)
6.005         	2.234671e-07	(0.000000e+00 4.607563e-05 0.000000e+00)
6.006         	2.234506e-07	(0.000000e+00 4.607563e-05 0.000000e+00)
6.007         	2.234353e-07	(0.000000e+00 4.607563e-05 0.000000e+00)
6.008         	2.234219e-07	(0.000000e+00 4.607563e-05 0.000000e+00)
6.009         	2.234078e-07	(0.000000e+00 4.607563e-05 0.000000e+00)
6.01          	2.233930e-07	(0.000000e+00 4.607563e-05 0.000000e+00)
6.011         	2.233796e-07	(0.000000e+00 4.607563e-05 0.000000e+00)
6.012         	2.233634e-07	(0.000000e+00 4.607563e-05 0.000000e+00)
6.013         	2.233469e-07	(0.000000e+00 4.607563e-05 0.000000e+00)
6.014         	2.233319e-07	(0.000000e+00 4.607563e-05 0.000000e+00)
6.015         	2.233179e-07	(0.000000e+00 4.607563e-05 0.000000e+00)
6.016         	2.233041e-07	(0.000000e+00 4.607563e-05 0.000000e+00)
6.017         	2.232901e-07	(0.000000e+00 4.607563e-05 0.000000e+00)
6.018         	2.232755e-07	(0.000000e+00 4.607563e-05 0.000000e+00)
6.019         	2.232604e-07	(0.000000e+00 4.607563e-05 0.000000e+00)
6.02          	2.232456e-07	(0.000000e+00 4.607563e-05 0.000000e+00)
6.021         	2.232307e-07	(0.000000e+00 4.607563e-05 0.000000e+00)
6.022         	2.232159e-07	(0.000000e+00 4.607563e-05 0.000000e+00)
6.023         	2.232023e-07	(0.000000e+00 4.607563e-05 0.000000e+00)
6.024         	2.231867e-07	(0.000000e+00 4.607563e-05 0.000000e+00)
6.025         	2.231715e-07	(0.000000e+00 4.607563e-05 0.000000e+00)
6.026         	2.231566e-07	(0.000000e+00 4.607563e-05 0.000000e+00)
6.027         	2.231422e-07	(0.000000e+00 4.607563e-05 0.000000e+00)
6.028         	2.231282e-07	(0.000000e+00 4.607563e-05 0.000000e+00)
6.029         	2.231136e-07	(0.000000e+00 4.607563e-05 0.000000e+00)
6.03          	2.230988e-07	(0.000000e+00 4.607563e-05 0.000000e+00)
6.031         	2.230841e-07	(0.000000e+00 4.607563e-05 0.000000e+00)
6.032         	2.230694e-07	(0.000000e+00 4.607563e-05 0.000000e+00)
6.033         	2.230546e-07	(0.000000e+00 4.607563e-05 0.000000e+00)
6.034         	2.230403e-07	(0.000000e+00 4.607563e-05 0.000000e+00)
6.035         	2.230254e-07	(0.000000e+00 4.607563e-05 0.000000e+00)
6.036         	2.230107e-07	(0.000000e+00 4.607563e-05 0.000000e+00)
6.037         	2.229960e-07	(0.000000e+00 4.607563e-05 0.000000e+00)
6.038         	2.229816e-07	(0.000000e+00 4.607563e-05 0.000000e+00)
6.039         	2.229675e-07	(0.000000e+00 4.607563e-05 0.000000e+00)
6.04          	2.229522e-07	(0.000000e+00 4.607563e-05 0.000000e+00)
6.041         	2.229389e-07	(0.000000e+00 4.607563e-05 0.000000e+00)
6.042         	2.229228e-07	(0.000000e+00 4.607563e-05 0.000000e+00)
6.043         	2.229074e-07	(0.000000e+00 4.607563e-05 0.000000e+00)
6.044         	2.228928e-07	(0.000000e+00 4.607563e-05 0.000000e+00)
6.045         	2.228787e-07	(0.000000e+00 4.607563e-05 0.000000e+00)
6.046         	2.228647e-07	(0.000000e+00 4.607563e-05 0.000000e+00)
6.047         	2.228502e-07	(0.000000e+00 4.607563e-05 0.000000e+00)
6.048         	2.228358e-07	(0.000000e+00 4.607563e-05 0.000000e+00)
6.049         	2.228208e-07	(0.000000e+00 4.607563e-05 0.000000e+00)
6.05          	2.228058e-07	(0.000000e+00 4.607563e-05 0.000000e+00)
6.051         	2.227914e-07	(0.000000e+00 4.607563e-05 0.000000e+00)
6.052         	2.227767e-07	(0.000000e+00 4.607563e-05 0.000000e+00)
6.053         	2.227622e-07	(0.000000e+00 4.607563e-05 0.000000e+00)
6.054         	2.227481e-07	(0.000000e+00 4.607563e-05 0.000000e+00)
6.055         	2.227339e-07	(0.000000e+00 4.607563e-05 0.000000e+00)
6.056         	2.227190e-07	(0.000000e+00 4.607563e-05 0.000000e+00)
6.057         	2.227042e-07	(0.000000e+00 4.607563e-05 0.000000e+00)
6.058         	2.226893e-07	(0.000000e+00 4.607563e-05 0.000000e+00)
6.059         	2.226750e-07	(0.000000e+00 4.607563e-05 0.000000e+00)
6.06          	2.226605e-07	(0.000000e+00 4.607563e-05 0.000000e+00)
6.061         	2.226464e-07	(0.000000e+00 4.607563e-05 0.000000e+00)
6.062         	2.226320e-07	(0.000000e+00 4.607563e-05 0.000000e+00)
6.063         	2.226175e-07	(0.000000e+00 4.607563e-05 0.000000e+00)
6.064         	2.226024e-07	(0.000000e+00 4.607563e-05 0.000000e+00)
6.065         	2.225878e-07	(0.000000e+00 4.607563e-05 0.000000e+00)
6.066         	2.225732e-07	(0.000000e+00 4.607563e-05 0.000000e+00)
6.067         	2.225595e-07	(0.000000e+00 4.607563e-05 0.000000e+00)
6.068         	2.225449e-07	(0.000000e+00 4.607563e-05 0.000000e+00)
6.069         	2.225304e-07	(0.000000e+00 4.607563e-05 0.000000e+00)
6.07          	2.225150e-07	(0.000000e+00 4.607563e-05 0.000000e+00)
6.071         	2.225000e-07	(0.000000e+00 4.607563e-05 0.000000e+00)
6.072         	2.224858e-07	(0.000000e+00 4.607563e-05 0.000000e+00)
6.073         	2.224715e-07	(0.000000e+00 4.607563e-05 0.000000e+00)
6.074         	2.224572e-07	(0.000000e+00 4.607563e-05 0.000000e+00)
6.075         	2.224433e-07	(0.000000e+00 4.607563e-05 0.000000e+00)
6.076         	2.224290e-07	(0.000000e+00 4.607563e-05 0.000000e+00)
6.077         	2.224143e-07	(0.000000e+00 4.607563e-05 0.000000e+00)
6.078         	2.223992e-07	(0.000000e+00 4.607563e-05 0.000000e+00)
6.079         	2.223847e-07	(0.000000e+00 4.607563e-05 0.000000e+00)
6.08          	2.223702e-07	(0.000000e+00 4.607563e-05 0.000000e+00)
6.081         	2.223559e-07	(0.000000e+00 4.607563e-05 0.000000e+00)
6.082         	2.223417e-07	(0.000000e+00 4.607563e-05 0.000000e+00)
6.083         	2.223278e-07	(0.000000e+00 4.607563e-05 0.000000e+00)
6.084         	2.223130e-07	(0.000000e+00 4.607563e-05 0.000000e+00)
6.085         	2.222984e-07	(0.000000e+00 4.607563e-05 0.000000e+00)
6.086         	2.222836e-07	(0.000000e+00 4.607563e-05 0.000000e+00)
6.087         	2.222690e-07	(0.000000e+00 4.607563e-05 0.000000e+00)
6.088         	2.222552e-07	(0.000000e+00 4.607563e-05 0.000000e+00)
6.089         	2.222405e-07	(0.000000e+00 4.607563e-05 0.000000e+00)
6.09          	2.222259e-07	(0.000000e+00 4.607563e-05 0.000000e+00)
6.091         	2.222116e-07	(0.000000e+00 4.607563e-05 0.000000e+00)
6.092         	2.221976e-07	(0.000000e+00 4.607563e-05 0.000000e+00)
6.093         	2.221822e-07	(0.000000e+00 4.607563e-05 0.000000e+00)
6.094         	2.221681e-07	(0.000000e+00 4.607563e-05 0.000000e+00)
6.095         	2.221537e-07	(0.000000e+00 4.607563e-05 0.000000e+00)
6.096         	2.221393e-07	(0.000000e+00 4.607563e-05 0.000000e+00)
6.097         	2.221251e-07	(0.000000e+00 4.607563e-05 0.000000e+00)
6.098         	2.221107e-07	(0.000000e+00 4.607563e-05 0.000000e+00)
6.099         	2.220963e-07	(0.000000e+00 4.607563e-05 0.000000e+00)
6.1           	2.220819e-07	(0.000000e+00 4.607563e-05 0.000000e+00)
6.101         	2.220677e-07	(0.000000e+00 4.607563e-05 0.000000e+00)
6.102         	2.220535e-07	(0.000000e+00 4.607563e-05 0.000000e+00)
6.103         	2.220388e-07	(0.000000e+00 4.607563e-05 0.000000e+00)
6.104         	2.220243e-07	(0.000000e+00 4.607563e-05 0.000000e+00)
6.105         	2.220103e-07	(0.000000e+00 4.607563e-05 0.000000e+00)
6.106         	2.219962e-07	(0.000000e+00 4.607563e-05 0.000000e+00)
6.107         	2.219818e-07	(0.000000e+00 4.607563e-05 0.000000e+00)
6.108         	2.219677e-07	(0.000000e+00 4.607563e-05 0.000000e+00)
6.109         	2.219533e-07	(0.000000e+00 4.607563e-05 0.000000e+00)
6.11          	2.219377e-07	(0.000000e+00 4.607563e-05 0.000000e+00)
6.111         	2.219226e-07	(0.000000e+00 4.607563e-05 0.000000e+00)
6.112         	2.219105e-07	(0.000000e+00 4.607563e-05 0.000000e+00)
6.113         	2.218950e-07	(0.000000e+00 4.607563e-05 0.000000e+00)
6.114         	2.218800e-07	(0.000000e+00 4.607563e-05 0.000000e+00)
6.115         	2.218654e-07	(0.000000e+00 4.607563e-05 0.000000e+00)
6.116         	2.218516e-07	(0.000000e+00 4.607563e-05 0.000000e+00)
6.117         	2.218377e-07	(0.000000e+00 4.607563e-05 0.000000e+00)
6.118         	2.218239e-07	(0.000000e+00 4.607563e-05 0.000000e+00)
6.119         	2.218096e-07	(0.000000e+00 4.607563e-05 0.000000e+00)
6.12          	2.217958e-07	(0.000000e+00 4.607563e-05 0.000000e+00)
6.121         	2.217804e-07	(0.000000e+00 4.607563e-05 0.000000e+00)
6.122         	2.217658e-07	(0.000000e+00 4.607563e-05 0.000000e+00)
6.123         	2.217518e-07	(0.000000e+00 4.607563e-05 0.000000e+00)
6.124         	2.217377e-07	(0.000000e+00 4.607563e-05 0.000000e+00)
6.125         	2.217234e-07	(0.000000e+00 4.607563e-05 0.000000e+00)
6.126         	2.217092e-07	(0.000000e+00 4.607563e-05 0.000000e+00)
6.127         	2.216949e-07	(0.000000e+00 4.607563e-05 0.000000e+00)
6.128         	2.216805e-07	(0.000000e+00 4.607563e-05 0.000000e+00)
6.129         	2.216663e-07	(0.000000e+00 4.607563e-05 0.000000e+00)
6.13          	2.216521e-07	(0.000000e+00 4.607563e-05 0.000000e+00)
6.131         	2.216380e-07	(0.000000e+00 4.607563e-05 0.000000e+00)
6.132         	2.216238e-07	(0.000000e+00 4.607563e-05 0.000000e+00)
6.133         	2.216093e-07	(0.000000e+00 4.607563e-05 0.000000e+00)
6.134         	2.215948e-07	(0.000000e+00 4.607563e-05 0.000000e+00)
6.135         	2.215806e-07	(0.000000e+00 4.607563e-05 0.000000e+00)
6.136         	2.215669e-07	(0.000000e+00 4.607563e-05 0.000000e+00)
6.137         	2.215521e-07	(0.000000e+00 4.607563e-05 0.000000e+00)
6.138         	2.215377e-07	(0.000000e+00 4.607563e-05 0.000000e+00)
6.139         	2.215235e-07	(0.000000e+00 4.607563e-05 0.000000e+00)
6.14          	2.215097e-07	(0.000000e+00 4.607563e-05 0.000000e+00)
6.141         	2.214954e-07	(0.000000e+00 4.607563e-05 0.000000e+00)
6.142         	2.214815e-07	(0.000000e+00 4.607563e-05 0.000000e+00)
6.143         	2.214666e-07	(0.000000e+00 4.607563e-05 0.000000e+00)
6.144         	2.214525e-07	(0.000000e+00 4.607563e-05 0.000000e+00)
6.145         	2.214381e-07	(0.000000e+00 4.607563e-05 0.000000e+00)
6.146         	2.214247e-07	(0.000000e+00 4.607563e-05 0.000000e+00)
6.147         	2.214102e-07	(0.000000e+00 4.607563e-05 0.000000e+00)
6.148         	2.213955e-07	(0.000000e+00 4.607563e-05 0.000000e+00)
6.149         	2.213813e-07	(0.000000e+00 4.607563e-05 0.000000e+00)
6.15          	2.213681e-07	(0.000000e+00 4.607563e-05 0.000000e+00)
6.151         	2.213539e-07	(0.000000e+00 4.607563e-05 0.000000e+00)
6.152         	2.213415e-07	(0.000000e+00 4.607563e-05 0.000000e+00)
6.153         	2.213240e-07	(0.000000e+00 4.607563e-05 0.000000e+00)
6.154         	2.213084e-07	(0.000000e+00 4.607563e-05 0.000000e+00)
6.155         	2.212950e-07	(0.000000e+00 4.607563e-05 0.000000e+00)
6.156         	2.212814e-07	(0.000000e+00 4.607563e-05 0.000000e+00)
6.157         	2.212677e-07	(0.000000e+00 4.607563e-05 0.000000e+00)
6.158         	2.212541e-07	(0.000000e+00 4.607563e-05 0.000000e+00)
6.159         	2.212399e-07	(0.000000e+00 4.607563e-05 0.000000e+00)
6.16          	2.212268e-07	(0.000000e+00 4.607563e-05 0.000000e+00)
6.161         	2.212113e-07	(0.000000e+00 4.607563e-05 0.000000e+00)
6.162         	2.211962e-07	(0.000000e+00 4.607563e-05 0.000000e+00)
6.163         	2.211819e-07	(0.000000e+00 4.607563e-05 0.000000e+00)
6.164         	2.211682e-07	(0.000000e+00 4.607563e-05 0.000000e+00)
6.165         	2.211545e-07	(0.000000e+00 4.607563e-05 0.000000e+00)
6.166         	2.211407e-07	(0.000000e+00 4.607563e-05 0.000000e+00)
6.167         	2.211270e-07	(0.000000e+00 4.607563e-05 0.000000e+00)
6.168         	2.211126e-07	(0.000000e+00 4.607563e-05 0.000000e+00)
6.169         	2.210982e-07	(0.000000e+00 4.607563e-05 0.000000e+00)
6.17          	2.210836e-07	(0.000000e+00 4.607563e-05 0.000000e+00)
6.171         	2.210693e-07	(0.000000e+00 4.607563e-05 0.000000e+00)
6.172         	2.210554e-07	(0.000000e+00 4.607563e-05 0.000000e+00)
6.173         	2.210415e-07	(0.000000e+00 4.607563e-05 0.000000e+00)
6.174         	2.210276e-07	(0.000000e+00 4.607563e-05 0.000000e+00)
6.175         	2.210136e-07	(0.000000e+00 4.607563e-05 0.000000e+00)
6.176         	2.209993e-07	(0.000000e+00 4.607563e-05 0.000000e+00)
6.177         	2.209853e-07	(0.000000e+00 4.607563e-05 0.000000e+00)
6.178         	2.209712e-07	(0.000000e+00 4.607563e-05 0.000000e+00)
6.179         	2.209569e-07	(0.000000e+00 4.607563e-05 0.000000e+00)
6.18          	2.209431e-07	(0.000000e+00 4.607563e-05 0.000000e+00)
6.181         	2.209292e-07	(0.000000e+00 4.607563e-05 0.000000e+00)
6.182         	2.209145e-07	(0.000000e+00 4.607563e-05 0.000000e+00)
6.183         	2.209004e-07	(0.000000e+00 4.607563e-05 0.000000e+00)
6.184         	2.208865e-07	(0.000000e+00 4.607563e-05 0.000000e+00)
6.185         	2.208726e-07	(0.000000e+00 4.607563e-05 0.000000e+00)
6.186         	2.208583e-07	(0.000000e+00 4.607563e-05 0.000000e+00)
6.187         	2.208444e-07	(0.000000e+00 4.607563e-05 0.000000e+00)
6.188         	2.208306e-07	(0.000000e+00 4.607563e-05 0.000000e+00)
6.189         	2.208162e-07	(0.000000e+00 4.607563e-05 0.000000e+00)
6.19          	2.208021e-07	(0.000000e+00 4.607563e-05 0.000000e+00)
6.191         	2.207883e-07	(0.000000e+00 4.607563e-05 0.000000e+00)
6.192         	2.207741e-07	(0.000000e+00 4.607563e-05 0.000000e+00)
6.193         	2.207599e-07	(0.000000e+00 4.607563e-05 0.000000e+00)
6.194         	2.207460e-07	(0.000000e+00 4.607563e-05 0.000000e+00)
6.195         	2.207322e-07	(0.000000e+00 4.607563e-05 0.000000e+00)
6.196         	2.207184e-07	(0.000000e+00 4.607563e-05 0.000000e+00)
6.197         	2.207042e-07	(0.000000e+00 4.607563e-05 0.000000e+00)
6.198         	2.206899e-07	(0.000000e+00 4.607563e-05 0.000000e+00)
6.199         	2.206761e-07	(0.000000e+00 4.607563e-05 0.000000e+00)
6.2           	2.206624e-07	(0.000000e+00 4.607563e-05 0.000000e+00)
6.201         	2.206477e-07	(0.000000e+00 4.607563e-05 0.000000e+00)
6.202         	2.206332e-07	(0.000000e+00 4.607563e-05 0.000000e+00)
6.203         	2.206192e-07	(0.000000e+00 4.607563e-05 0.000000e+00)
6.204         	2.206056e-07	(0.000000e+00 4.607563e-05 0.000000e+00)
6.205         	2.205919e-07	(0.000000e+00 4.607563e-05 0.000000e+00)
6.206         	2.205784e-07	(0.000000e+00 4.607563e-05 0.000000e+00)
6.207         	2.205641e-07	(0.000000e+00 4.607563e-05 0.000000e+00)
6.208         	2.205499e-07	(0.000000e+00 4.607563e-05 0.000000e+00)
6.209         	2.205359e-07	(0.000000e+00 4.607563e-05 0.000000e+00)
6.21          	2.205224e-07	(0.000000e+00 4.607563e-05 0.000000e+00)
6.211         	2.205084e-07	(0.000000e+00 4.607563e-05 0.000000e+00)
6.212         	2.204948e-07	(0.000000e+00 4.607563e-05 0.000000e+00)
6.213         	2.204792e-07	(0.000000e+00 4.607563e-05 0.000000e+00)
6.214         	2.204649e-07	(0.000000e+00 4.607563e-05 0.000000e+00)
6.215         	2.204512e-07	(0.000000e+00 4.607563e-05 0.000000e+00)
6.216         	2.204377e-07	(0.000000e+00 4.607563e-05 0.000000e+00)
6.217         	2.204244e-07	(0.000000e+00 4.607563e-05 0.000000e+00)
6.218         	2.204103e-07	(0.000000e+00 4.607563e-05 0.000000e+00)
6.219         	2.203960e-07	(0.000000e+00 4.607563e-05 0.000000e+00)
6.22          	2.203820e-07	(0.000000e+00 4.607563e-05 0.000000e+00)
6.221         	2.203689e-07	(0.000000e+00 4.607563e-05 0.000000e+00)
6.222         	2.203545e-07	(0.000000e+00 4.607563e-05 0.000000e+00)
6.223         	2.203402e-07	(0.000000e+00 4.607563e-05 0.000000e+00)
6.224         	2.203261e-07	(0.000000e+00 4.607563e-05 0.000000e+00)
6.225         	2.203126e-07	(0.000000e+00 4.607563e-05 0.000000e+00)
6.226         	2.202996e-07	(0.000000e+00 4.607563e-05 0.000000e+00)
6.227         	2.202849e-07	(0.000000e+00 4.607563e-05 0.000000e+00)
6.228         	2.202706e-07	(0.000000e+00 4.607563e-05 0.000000e+00)
6.229         	2.202567e-07	(0.000000e+00 4.607563e-05 0.000000e+00)
6.23          	2.202432e-07	(0.000000e+00 4.607563e-05 0.000000e+00)
6.231         	2.202307e-07	(0.000000e+00 4.607563e-05 0.000000e+00)
6.232         	2.202185e-07	(0.000000e+00 4.607563e-05 0.000000e+00)
6.233         	2.202019e-07	(0.000000e+00 4.607563e-05 0.000000e+00)
6.234         	2.201881e-07	(0.000000e+00 4.607563e-05 0.000000e+00)
6.235         	2.201720e-07	(0.000000e+00 4.607563e-05 0.000000e+00)
6.236         	2.201574e-07	(0.000000e+00 4.607563e-05 0.000000e+00)
6.237         	2.201444e-07	(0.000000e+00 4.607563e-05 0.000000e+00)
6.238         	2.201318e-07	(0.000000e+00 4.607563e-05 0.000000e+00)
6.239         	2.201188e-07	(0.000000e+00 4.607563e-05 0.000000e+00)
6.24          	2.201053e-07	(0.000000e+00 4.607563e-05 0.000000e+00)
6.241         	2.200914e-07	(0.000000e+00 4.607563e-05 0.000000e+00)
6.242         	2.200768e-07	(0.000000e+00 4.607563e-05 0.000000e+00)
6.243         	2.200626e-07	(0.000000e+00 4.607563e-05 0.000000e+00)
6.244         	2.200487e-07	(0.000000e+00 4.607563e-05 0.000000e+00)
6.245         	2.200353e-07	(0.000000e+00 4.607563e-05 0.000000e+00)
6.246         	2.200215e-07	(0.000000e+00 4.607563e-05 0.000000e+00)
6.247         	2.200079e-07	(0.000000e+00 4.607563e-05 0.000000e+00)
6.248         	2.199942e-07	(0.000000e+00 4.607563e-05 0.000000e+00)
6.249         	2.199801e-07	(0.000000e+00 4.607563e-05 0.000000e+00)
6.25          	2.199662e-07	(0.000000e+00 4.607563e-05 0.000000e+00)
6.251         	2.199519e-07	(0.000000e+00 4.607563e-05 0.000000e+00)
6.252         	2.199380e-07	(0.000000e+00 4.607563e-05 0.000000e+00)
6.253         	2.199241e-07	(0.000000e+00 4.607563e-05 0.000000e+00)
6.254         	2.199105e-07	(0.000000e+00 4.607563e-05 0.000000e+00)
6.255         	2.198969e-07	(0.000000e+00 4.607563e-05 0.000000e+00)
6.256         	2.198831e-07	(0.000000e+00 4.607563e-05 0.000000e+00)
6.257         	2.198705e-07	(0.000000e+00 4.607563e-05 0.000000e+00)
6.258         	2.198554e-07	(0.000000e+00 4.607563e-05 0.000000e+00)
6.259         	2.198412e-07	(0.000000e+00 4.607563e-05 0.000000e+00)
6.26          	2.198272e-07	(0.000000e+00 4.607563e-05 0.000000e+00)
6.261         	2.198144e-07	(0.000000e+00 4.607563e-05 0.000000e+00)
6.262         	2.198001e-07	(0.000000e+00 4.607563e-05 0.000000e+00)
6.263         	2.197859e-07	(0.000000e+00 4.607563e-05 0.000000e+00)
6.264         	2.197722e-07	(0.000000e+00 4.607563e-05 0.000000e+00)
6.265         	2.197585e-07	(0.000000e+00 4.607563e-05 0.000000e+00)
6.266         	2.197465e-07	(0.000000e+00 4.607563e-05 0.000000e+00)
6.267         	2.197314e-07	(0.000000e+00 4.607563e-05 0.000000e+00)
6.268         	2.197168e-07	(0.000000e+00 4.607563e-05 0.000000e+00)
6.269         	2.197036e-07	(0.000000e+00 4.607563e-05 0.000000e+00)
6.27          	2.196895e-07	(0.000000e+00 4.607563e-05 0.000000e+00)
6.271         	2.196759e-07	(0.000000e+00 4.607563e-05 0.000000e+00)
6.272         	2.196624e-07	(0.000000e+00 4.607563e-05 0.000000e+00)
6.273         	2.196488e-07	(0.000000e+00 4.607563e-05 0.000000e+00)
6.274         	2.196364e-07	(0.000000e+00 4.607563e-05 0.000000e+00)
6.275         	2.196221e-07	(0.000000e+00 4.607563e-05 0.000000e+00)
6.276         	2.196066e-07	(0.000000e+00 4.607563e-05 0.000000e+00)
6.277         	2.195924e-07	(0.000000e+00 4.607563e-05 0.000000e+00)
6.278         	2.195793e-07	(0.000000e+00 4.607563e-05 0.000000e+00)
6.279         	2.195661e-07	(0.000000e+00 4.607563e-05 0.000000e+00)
6.28          	2.195536e-07	(0.000000e+00 4.607563e-05 0.000000e+00)
6.281         	2.195392e-07	(0.000000e+00 4.607563e-05 0.000000e+00)
6.282         	2.195248e-07	(0.000000e+00 4.607563e-05 0.000000e+00)
6.283         	2.195110e-07	(0.000000e+00 4.607563e-05 0.000000e+00)
6.284         	2.194970e-07	(0.000000e+00 4.607563e-05 0.000000e+00)
6.285         	2.194835e-07	(0.000000e+00 4.607563e-05 0.000000e+00)
6.286         	2.194700e-07	(0.000000e+00 4.607563e-05 0.000000e+00)
6.287         	2.194566e-07	(0.000000e+00 4.607563e-05 0.000000e+00)
6.288         	2.194433e-07	(0.000000e+00 4.607563e-05 0.000000e+00)
6.289         	2.194294e-07	(0.000000e+00 4.607563e-05 0.000000e+00)
6.29          	2.194151e-07	(0.000000e+00 4.607563e-05 0.000000e+00)
6.291         	2.194015e-07	(0.000000e+00 4.607563e-05 0.000000e+00)
6.292         	2.193882e-07	(0.000000e+00 4.607563e-05 0.000000e+00)
6.293         	2.193743e-07	(0.000000e+00 4.607563e-05 0.000000e+00)
6.294         	2.193606e-07	(0.000000e+00 4.607563e-05 0.000000e+00)
6.295         	2.193468e-07	(0.000000e+00 4.607563e-05 0.000000e+00)
6.296         	2.193333e-07	(0.000000e+00 4.607563e-05 0.000000e+00)
6.297         	2.193196e-07	(0.000000e+00 4.607563e-05 0.000000e+00)
6.298         	2.193058e-07	(0.000000e+00 4.607563e-05 0.000000e+00)
6.299         	2.192923e-07	(0.000000e+00 4.607563e-05 0.000000e+00)
6.3           	2.192787e-07	(0.000000e+00 4.607563e-05 0.000000e+00)
6.301         	2.192651e-07	(0.000000e+00 4.607563e-05 0.000000e+00)
6.302         	2.192515e-07	(0.000000e+00 4.607563e-05 0.000000e+00)
6.303         	2.192379e-07	(0.000000e+00 4.607563e-05 0.000000e+00)
6.304         	2.192242e-07	(0.000000e+00 4.607563e-05 0.000000e+00)
6.305         	2.192105e-07	(0.000000e+00 4.607563e-05 0.000000e+00)
6.306         	2.191969e-07	(0.000000e+00 4.607563e-05 0.000000e+00)
6.307         	2.191833e-07	(0.000000e+00 4.607563e-05 0.000000e+00)
6.308         	2.191697e-07	(0.000000e+00 4.607563e-05 0.000000e+00)
6.309         	2.191561e-07	(0.000000e+00 4.607563e-05 0.000000e+00)
6.31          	2.191420e-07	(0.000000e+00 4.607563e-05 0.000000e+00)
6.311         	2.191286e-07	(0.000000e+00 4.607563e-05 0.000000e+00)
6.312         	2.191150e-07	(0.000000e+00 4.607563e-05 0.000000e+00)
6.313         	2.191016e-07	(0.000000e+00 4.607563e-05 0.000000e+00)
6.314         	2.190878e-07	(0.000000e+00 4.607563e-05 0.000000e+00)
6.315         	2.190740e-07	(0.000000e+00 4.607563e-05 0.000000e+00)
6.316         	2.190604e-07	(0.000000e+00 4.607563e-05 0.000000e+00)
6.317         	2.190475e-07	(0.000000e+00 4.607563e-05 0.000000e+00)
6.318         	2.190334e-07	(0.000000e+00 4.607563e-05 0.000000e+00)
6.319         	2.190196e-07	(0.000000e+00 4.607563e-05 0.000000e+00)
6.32          	2.190058e-07	(0.000000e+00 4.607563e-05 0.000000e+00)
6.321         	2.189922e-07	(0.000000e+00 4.607563e-05 0.000000e+00)
6.322         	2.189788e-07	(0.000000e+00 4.607563e-05 0.000000e+00)
6.323         	2.189657e-07	(0.000000e+00 4.607563e-05 0.000000e+00)
6.324         	2.189525e-07	(0.000000e+00 4.607563e-05 0.000000e+00)
6.325         	2.189382e-07	(0.000000e+00 4.607563e-05 0.000000e+00)
6.326         	2.189245e-07	(0.000000e+00 4.607563e-05 0.000000e+00)
6.327         	2.189108e-07	(0.000000e+00 4.607563e-05 0.000000e+00)
6.328         	2.188976e-07	(0.000000e+00 4.607563e-05 0.000000e+00)
6.329         	2.188845e-07	(0.000000e+00 4.607563e-05 0.000000e+00)
6.33          	2.188709e-07	(0.000000e+00 4.607563e-05 0.000000e+00)
6.331         	2.188569e-07	(0.000000e+00 4.607563e-05 0.000000e+00)
6.332         	2.188434e-07	(0.000000e+00 4.607563e-05 0.000000e+00)
6.333         	2.188301e-07	(0.000000e+00 4.607563e-05 0.000000e+00)
6.334         	2.188164e-07	(0.000000e+00 4.607563e-05 0.000000e+00)
6.335         	2.188025e-07	(0.000000e+00 4.607563e-05 0.000000e+00)
6.336         	2.187890e-07	(0.000000e+00 4.607563e-05 0.000000e+00)
6.337         	2.187757e-07	(0.000000e+00 4.607563e-05 0.000000e+00)
6.338         	2.187625e-07	(0.000000e+00 4.607563e-05 0.000000e+00)
6.339         	2.187489e-07	(0.000000e+00 4.607563e-05 0.000000e+00)
6.34          	2.187362e-07	(0.000000e+00 4.607563e-05 0.000000e+00)
6.341         	2.187225e-07	(0.000000e+00 4.607563e-05 0.000000e+00)
6.342         	2.187083e-07	(0.000000e+00 4.607563e-05 0.000000e+00)
6.343         	2.186944e-07	(0.000000e+00 4.607563e-05 0.000000e+00)
6.344         	2.186811e-07	(0.000000e+00 4.607563e-05 0.000000e+00)
6.345         	2.186678e-07	(0.000000e+00 4.607563e-05 0.000000e+00)
6.346         	2.186543e-07	(0.000000e+00 4.607563e-05 0.000000e+00)
6.347         	2.186410e-07	(0.000000e+00 4.607563e-05 0.000000e+00)
6.348         	2.186279e-07	(0.000000e+00 4.607563e-05 0.000000e+00)
6.349         	2.186148e-07	(0.000000e+00 4.607563e-05 0.000000e+00)
6.35          	2.186020e-07	(0.000000e+00 4.607563e-05 0.000000e+00)
6.351         	2.185890e-07	(0.000000e+00 4.607563e-05 0.000000e+00)
6.352         	2.185733e-07	(0.000000e+00 4.607563e-05 0.000000e+00)
6.353         	2.185585e-07	(0.000000e+00 4.607563e-05 0.000000e+00)
6.354         	2.185447e-07	(0.000000e+00 4.607563e-05 0.000000e+00)
6.355         	2.185320e-07	(0.000000e+00 4.607563e-05 0.000000e+00)
6.356         	2.185199e-07	(0.000000e+00 4.607563e-05 0.000000e+00)
6.357         	2.185070e-07	(0.000000e+00 4.607563e-05 0.000000e+00)
6.358         	2.184938e-07	(0.000000e+00 4.607563e-05 0.000000e+00)
6.359         	2.184802e-07	(0.000000e+00 4.607563e-05 0.000000e+00)
6.36          	2.184671e-07	(0.000000e+00 4.607563e-05 0.000000e+00)
6.361         	2.184541e-07	(0.000000e+00 4.607563e-05 0.000000e+00)
6.362         	2.184398e-07	(0.000000e+00 4.607563e-05 0.000000e+00)
6.363         	2.184243e-07	(0.000000e+00 4.607563e-05 0.000000e+00)
6.364         	2.184106e-07	(0.000000e+00 4.607563e-05 0.000000e+00)
6.365         	2.183980e-07	(0.000000e+00 4.607563e-05 0.000000e+00)
6.366         	2.183851e-07	(0.000000e+00 4.607563e-05 0.000000e+00)
6.367         	2.183722e-07	(0.000000e+00 4.607563e-05 0.000000e+00)
6.368         	2.183592e-07	(0.000000e+00 4.607563e-05 0.000000e+00)
6.369         	2.183458e-07	(0.000000e+00 4.607563e-05 0.000000e+00)
6.37          	2.183319e-07	(0.000000e+00 4.607563e-05 0.000000e+00)
6.371         	2.183181e-07	(0.000000e+00 4.607563e-05 0.000000e+00)
6.372         	2.183047e-07	(0.000000e+00 4.607563e-05 0.000000e+00)
6.373         	2.182915e-07	(0.000000e+00 4.607563e-05 0.000000e+00)
6.374         	2.182785e-07	(0.000000e+00 4.607563e-05 0.000000e+00)
6.375         	2.182654e-07	(0.000000e+00 4.607563e-05 0.000000e+00)
6.376         	2.182520e-07	(0.000000e+00 4.607563e-05 0.000000e+00)
6.377         	2.182380e-07	(0.000000e+00 4.607563e-05 0.000000e+00)
6.378         	2.182245e-07	(0.000000e+00 4.607563e-05 0.000000e+00)
6.379         	2.182109e-07	(0.000000e+00 4.607563e-05 0.000000e+00)
6.38          	2.181978e-07	(0.000000e+00 4.607563e-05 0.000000e+00)
6.381         	2.181845e-07	(0.000000e+00 4.607563e-05 0.000000e+00)
6.382         	2.181713e-07	(0.000000e+00 4.607563e-05 0.000000e+00)
6.383         	2.181579e-07	(0.000000e+00 4.607563e-05 0.000000e+00)
6.384         	2.181446e-07	(0.000000e+00 4.607563e-05 0.000000e+00)
6.385         	2.181312e-07	(0.000000e+00 4.607563e-05 0.000000e+00)
6.386         	2.181184e-07	(0.000000e+00 4.607563e-05 0.000000e+00)
6.387         	2.181045e-07	(0.000000e+00 4.607563e-05 0.000000e+00)
6.388         	2.180910e-07	(0.000000e+00 4.607563e-05 0.000000e+00)
6.389         	2.180774e-07	(0.000000e+00 4.607563e-05 0.000000e+00)
6.39          	2.180647e-07	(0.000000e+00 4.607563e-05 0.000000e+00)
6.391         	2.180510e-07	(0.000000e+00 4.607563e-05 0.000000e+00)
6.392         	2.180374e-07	(0.000000e+00 4.607563e-05 0.000000e+00)
6.393         	2.180241e-07	(0.000000e+00 4.607563e-05 0.000000e+00)
6.394         	2.180110e-07	(0.000000e+00 4.607563e-05 0.000000e+00)
6.395         	2.179979e-07	(0.000000e+00 4.607563e-05 0.000000e+00)
6.396         	2.179855e-07	(0.000000e+00 4.607563e-05 0.000000e+00)
6.397         	2.179718e-07	(0.000000e+00 4.607563e-05 0.000000e+00)
6.398         	2.179580e-07	(0.000000e+00 4.607563e-05 0.000000e+00)
6.399         	2.179439e-07	(0.000000e+00 4.607563e-05 0.000000e+00)
6.4           	2.179305e-07	(0.000000e+00 4.607563e-05 0.000000e+00)
6.401         	2.179175e-07	(0.000000e+00 4.607563e-05 0.000000e+00)
6.402         	2.179049e-07	(0.000000e+00 4.607563e-05 0.000000e+00)
6.403         	2.178915e-07	(0.000000e+00 4.607563e-05 0.000000e+00)
6.404         	2.178779e-07	(0.000000e+00 4.607563e-05 0.000000e+00)
6.405         	2.178646e-07	(0.000000e+00 4.607563e-05 0.000000e+00)
6.406         	2.178521e-07	(0.000000e+00 4.607563e-05 0.000000e+00)
6.407         	2.178394e-07	(0.000000e+00 4.607563e-05 0.000000e+00)
6.408         	2.178257e-07	(0.000000e+00 4.607563e-05 0.000000e+00)
6.409         	2.178124e-07	(0.000000e+00 4.607563e-05 0.000000e+00)
6.41          	2.177967e-07	(0.000000e+00 4.607563e-05 0.000000e+00)
6.411         	2.177827e-07	(0.000000e+00 4.607563e-05 0.000000e+00)
6.412         	2.177700e-07	(0.000000e+00 4.607563e-05 0.000000e+00)
6.413         	2.177576e-07	(0.000000e+00 4.607563e-05 0.000000e+00)
6.414         	2.177452e-07	(0.000000e+00 4.607563e-05 0.000000e+00)
6.415         	2.177329e-07	(0.000000e+00 4.607563e-05 0.000000e+00)
6.416         	2.177196e-07	(0.000000e+00 4.607563e-05 0.000000e+00)
6.417         	2.177061e-07	(0.000000e+00 4.607563e-05 0.000000e+00)
6.418         	2.176916e-07	(0.000000e+00 4.607563e-05 0.000000e+00)
6.419         	2.176776e-07	(0.000000e+00 4.607563e-05 0.000000e+00)
6.42          	2.176644e-07	(0.000000e+00 4.607563e-05 0.000000e+00)
6.421         	2.176517e-07	(0.000000e+00 4.607563e-05 0.000000e+00)
6.422         	2.176392e-07	(0.000000e+00 4.607563e-05 0.000000e+00)
6.423         	2.176277e-07	(0.000000e+00 4.607563e-05 0.000000e+00)
6.424         	2.176131e-07	(0.000000e+00 4.607563e-05 0.000000e+00)
6.425         	2.175987e-07	(0.000000e+00 4.607563e-05 0.000000e+00)
6.426         	2.175852e-07	(0.000000e+00 4.607563e-05 0.000000e+00)
6.427         	2.175722e-07	(0.000000e+00 4.607563e-05 0.000000e+00)
6.428         	2.175594e-07	(0.000000e+00 4.607563e-05 0.000000e+00)
6.429         	2.175464e-07	(0.000000e+00 4.607563e-05 0.000000e+00)
6.43          	2.175334e-07	(0.000000e+00 4.607563e-05 0.000000e+00)
6.431         	2.175202e-07	(0.000000e+00 4.607563e-05 0.000000e+00)
6.432         	2.175069e-07	(0.000000e+00 4.607563e-05 0.000000e+00)
6.433         	2.174936e-07	(0.000000e+00 4.607563e-05 0.000000e+00)
6.434         	2.174808e-07	(0.000000e+00 4.607563e-05 0.000000e+00)
6.435         	2.174675e-07	(0.000000e+00 4.607563e-05 0.000000e+00)
6.436         	2.174547e-07	(0.000000e+00 4.607563e-05 0.000000e+00)
6.437         	2.174408e-07	(0.000000e+00 4.607563e-05 0.000000e+00)
6.438         	2.174274e-07	(0.000000e+00 4.607563e-05 0.000000e+00)
6.439         	2.174142e-07	(0.000000e+00 4.607563e-05 0.000000e+00)
6.44          	2.174014e-07	(0.000000e+00 4.607563e-05 0.000000e+00)
6.441         	2.173884e-07	(0.000000e+00 4.607563e-05 0.000000e+00)
6.442         	2.173755e-07	(0.000000e+00 4.607563e-05 0.000000e+00)
6.443         	2.173624e-07	(0.000000e+00 4.607563e-05 0.000000e+00)
6.444         	2.173506e-07	(0.000000e+00 4.607563e-05 0.000000e+00)
6.445         	2.173361e-07	(0.000000e+00 4.607563e-05 0.000000e+00)
6.446         	2.173213e-07	(0.000000e+00 4.607563e-05 0.000000e+00)
6.447         	2.173078e-07	(0.000000e+00 4.607563e-05 0.000000e+00)
6.448         	2.172953e-07	(0.000000e+00 4.607563e-05 0.000000e+00)
6.449         	2.172827e-07	(0.000000e+00 4.607563e-05 0.000000e+00)
6.45          	2.172705e-07	(0.000000e+00 4.607563e-05 0.000000e+00)
6.451         	2.172579e-07	(0.000000e+00 4.607563e-05 0.000000e+00)
6.452         	2.172444e-07	(0.000000e+00 4.607563e-05 0.000000e+00)
6.453         	2.172298e-07	(0.000000e+00 4.607563e-05 0.000000e+00)
6.454         	2.172161e-07	(0.000000e+00 4.607563e-05 0.000000e+00)
6.455         	2.172033e-07	(0.000000e+00 4.607563e-05 0.000000e+00)
6.456         	2.171907e-07	(0.000000e+00 4.607563e-05 0.000000e+00)
6.457         	2.171782e-07	(0.000000e+00 4.607563e-05 0.000000e+00)
6.458         	2.171652e-07	(0.000000e+00 4.607563e-05 0.000000e+00)
6.459         	2.171522e-07	(0.000000e+00 4.607563e-05 0.000000e+00)
6.46          	2.171395e-07	(0.000000e+00 4.607563e-05 0.000000e+00)
6.461         	2.171264e-07	(0.000000e+00 4.607563e-05 0.000000e+00)
6.462         	2.171123e-07	(0.000000e+00 4.607563e-05 0.000000e+00)
6.463         	2.170988e-07	(0.000000e+00 4.607563e-05 0.000000e+00)
6.464         	2.170856e-07	(0.000000e+00 4.607563e-05 0.000000e+00)
6.465         	2.170728e-07	(0.000000e+00 4.607563e-05 0.000000e+00)
6.466         	2.170600e-07	(0.000000e+00 4.607563e-05 0.000000e+00)
6.467         	2.170471e-07	(0.000000e+00 4.607563e-05 0.000000e+00)
6.468         	2.170341e-07	(0.000000e+00 4.607563e-05 0.000000e+00)
6.469         	2.170210e-07	(0.000000e+00 4.607563e-05 0.000000e+00)
6.47          	2.170079e-07	(0.000000e+00 4.607563e-05 0.000000e+00)
6.471         	2.169946e-07	(0.000000e+00 4.607563e-05 0.000000e+00)
6.472         	2.169816e-07	(0.000000e+00 4.607563e-05 0.000000e+00)
6.473         	2.169683e-07	(0.000000e+00 4.607563e-05 0.000000e+00)
6.474         	2.169553e-07	(0.000000e+00 4.607563e-05 0.000000e+00)
6.475         	2.169429e-07	(0.000000e+00 4.607563e-05 0.000000e+00)
6.476         	2.169298e-07	(0.000000e+00 4.607563e-05 0.000000e+00)
6.477         	2.169164e-07	(0.000000e+00 4.607563e-05 0.000000e+00)
6.478         	2.169037e-07	(0.000000e+00 4.607563e-05 0.000000e+00)
6.479         	2.168929e-07	(0.000000e+00 4.607563e-05 0.000000e+00)
6.48          	2.168783e-07	(0.000000e+00 4.607563e-05 0.000000e+00)
6.481         	2.168617e-07	(0.000000e+00 4.607563e-05 0.000000e+00)
6.482         	2.168483e-07	(0.000000e+00 4.607563e-05 0.000000e+00)
6.483         	2.168368e-07	(0.000000e+00 4.607563e-05 0.000000e+00)
6.484         	2.168249e-07	(0.000000e+00 4.607563e-05 0.000000e+00)
6.485         	2.168126e-07	(0.000000e+00 4.607563e-05 0.000000e+00)
6.486         	2.167993e-07	(0.000000e+00 4.607563e-05 0.000000e+00)
6.487         	2.167859e-07	(0.000000e+00 4.607563e-05 0.000000e+00)
6.488         	2.167731e-07	(0.000000e+00 4.607563e-05 0.000000e+00)
6.489         	2.167599e-07	(0.000000e+00 4.607563e-05 0.000000e+00)
6.49          	2.167478e-07	(0.000000e+00 4.607563e-05 0.000000e+00)
6.491         	2.167341e-07	(0.000000e+00 4.607563e-05 0.000000e+00)
6.492         	2.167206e-07	(0.000000e+00 4.607563e-05 0.000000e+00)
6.493         	2.167076e-07	(0.000000e+00 4.607563e-05 0.000000e+00)
6.494         	2.166950e-07	(0.000000e+00 4.607563e-05 0.000000e+00)
6.495         	2.166822e-07	(0.000000e+00 4.607563e-05 0.000000e+00)
6.496         	2.166694e-07	(0.000000e+00 4.607563e-05 0.000000e+00)
6.497         	2.166567e-07	(0.000000e+00 4.607563e-05 0.000000e+00)
6.498         	2.166436e-07	(0.000000e+00 4.607563e-05 0.000000e+00)
6.499         	2.166305e-07	(0.000000e+00 4.607563e-05 0.000000e+00)
6.5           	2.166170e-07	(0.000000e+00 4.607563e-05 0.000000e+00)
6.501         	2.166051e-07	(0.000000e+00 4.607563e-05 0.000000e+00)
6.502         	2.165910e-07	(0.000000e+00 4.607563e-05 0.000000e+00)
6.503         	2.165776e-07	(0.000000e+00 4.607563e-05 0.000000e+00)
6.504         	2.165639e-07	(0.000000e+00 4.607563e-05 0.000000e+00)
6.505         	2.165508e-07	(0.000000e+00 4.607563e-05 0.000000e+00)
6.506         	2.165383e-07	(0.000000e+00 4.607563e-05 0.000000e+00)
6.507         	2.165258e-07	(0.000000e+00 4.607563e-05 0.000000e+00)
6.508         	2.165133e-07	(0.000000e+00 4.607563e-05 0.000000e+00)
6.509         	2.165004e-07	(0.000000e+00 4.607563e-05 0.000000e+00)
6.51          	2.164885e-07	(0.000000e+00 4.607563e-05 0.000000e+00)
6.511         	2.164761e-07	(0.000000e+00 4.607563e-05 0.000000e+00)
6.512         	2.164642e-07	(0.000000e+00 4.607563e-05 0.000000e+00)
6.513         	2.164464e-07	(0.000000e+00 4.607563e-05 0.000000e+00)
6.514         	2.164326e-07	(0.000000e+00 4.607563e-05 0.000000e+00)
6.515         	2.164202e-07	(0.000000e+00 4.607563e-05 0.000000e+00)
6.516         	2.164086e-07	(0.000000e+00 4.607563e-05 0.000000e+00)
6.517         	2.163969e-07	(0.000000e+00 4.607563e-05 0.000000e+00)
6.518         	2.163844e-07	(0.000000e+00 4.607563e-05 0.000000e+00)
6.519         	2.163714e-07	(0.000000e+00 4.607563e-05 0.000000e+00)
6.52          	2.163580e-07	(0.000000e+00 4.607563e-05 0.000000e+00)
6.521         	2.163448e-07	(0.000000e+00 4.607563e-05 0.000000e+00)
6.522         	2.163318e-07	(0.000000e+00 4.607563e-05 0.000000e+00)
6.523         	2.163194e-07	(0.000000e+00 4.607563e-05 0.000000e+00)
6.524         	2.163063e-07	(0.000000e+00 4.607563e-05 0.000000e+00)
6.525         	2.162932e-07	(0.000000e+00 4.607563e-05 0.000000e+00)
6.526         	2.162805e-07	(0.000000e+00 4.607563e-05 0.000000e+00)
6.527         	2.162674e-07	(0.000000e+00 4.607563e-05 0.000000e+00)
6.528         	2.162545e-07	(0.000000e+00 4.607563e-05 0.000000e+00)
6.529         	2.162416e-07	(0.000000e+00 4.607563e-05 0.000000e+00)
6.53          	2.162288e-07	(0.000000e+00 4.607563e-05 0.000000e+00)
6.531         	2.162160e-07	(0.000000e+00 4.607563e-05 0.000000e+00)
6.532         	2.162034e-07	(0.000000e+00 4.607563e-05 0.000000e+00)
6.533         	2.161905e-07	(0.000000e+00 4.607563e-05 0.000000e+00)
6.534         	2.161784e-07	(0.000000e+00 4.607563e-05 0.000000e+00)
6.535         	2.161658e-07	(0.000000e+00 4.607563e-05 0.000000e+00)
6.536         	2.161528e-07	(0.000000e+00 4.607563e-05 0.000000e+00)
6.537         	2.161391e-07	(0.000000e+00 4.607563e-05 0.000000e+00)
6.538         	2.161258e-07	(0.000000e+00 4.607563e-05 0.000000e+00)
6.539         	2.161126e-07	(0.000000e+00 4.607563e-05 0.000000e+00)
6.54          	2.160998e-07	(0.000000e+00 4.607563e-05 0.000000e+00)
6.541         	2.160870e-07	(0.000000e+00 4.607563e-05 0.000000e+00)
6.542         	2.160746e-07	(0.000000e+00 4.607563e-05 0.000000e+00)
6.543         	2.160618e-07	(0.000000e+00 4.607563e-05 0.000000e+00)
6.544         	2.160484e-07	(0.000000e+00 4.607563e-05 0.000000e+00)
6.545         	2.160352e-07	(0.000000e+00 4.607563e-05 0.000000e+00)
6.546         	2.160226e-07	(0.000000e+00 4.607563e-05 0.000000e+00)
6.547         	2.160102e-07	(0.000000e+00 4.607563e-05 0.000000e+00)
6.548         	2.159978e-07	(0.000000e+00 4.607563e-05 0.000000e+00)
6.549         	2.159849e-07	(0.000000e+00 4.607563e-05 0.000000e+00)
6.55          	2.159719e-07	(0.000000e+00 4.607563e-05 0.000000e+00)
6.551         	2.159594e-07	(0.000000e+00 4.607563e-05 0.000000e+00)
6.552         	2.159466e-07	(0.000000e+00 4.607563e-05 0.000000e+00)
6.553         	2.159332e-07	(0.000000e+00 4.607563e-05 0.000000e+00)
6.554         	2.159201e-07	(0.000000e+00 4.607563e-05 0.000000e+00)
6.555         	2.159077e-07	(0.000000e+00 4.607563e-05 0.000000e+00)
6.556         	2.158967e-07	(0.000000e+00 4.607563e-05 0.000000e+00)
6.557         	2.158832e-07	(0.000000e+00 4.607563e-05 0.000000e+00)
6.558         	2.158693e-07	(0.000000e+00 4.607563e-05 0.000000e+00)
6.559         	2.158562e-07	(0.000000e+00 4.607563e-05 0.000000e+00)
6.56          	2.158447e-07	(0.000000e+00 4.607563e-05 0.000000e+00)
6.561         	2.158311e-07	(0.000000e+00 4.607563e-05 0.000000e+00)
6.562         	2.158175e-07	(0.000000e+00 4.607563e-05 0.000000e+00)
6.563         	2.158049e-07	(0.000000e+00 4.607563e-05 0.000000e+00)
6.564         	2.157921e-07	(0.000000e+00 4.607563e-05 0.000000e+00)
6.565         	2.157797e-07	(0.000000e+00 4.607563e-05 0.000000e+00)
6.566         	2.157672e-07	(0.000000e+00 4.607563e-05 0.000000e+00)
6.567         	2.157546e-07	(0.000000e+00 4.607563e-05 0.000000e+00)
6.568         	2.157421e-07	(0.000000e+00 4.607563e-05 0.000000e+00)
6.569         	2.157292e-07	(0.000000e+00 4.607563e-05 0.000000e+00)
6.57          	2.157162e-07	(0.000000e+00 4.607563e-05 0.000000e+00)
6.571         	2.157033e-07	(0.000000e+00 4.607563e-05 0.000000e+00)
6.572         	2.156906e-07	(0.000000e+00 4.607563e-05 0.000000e+00)
6.573         	2.156782e-07	(0.000000e+00 4.607563e-05 0.000000e+00)
6.574         	2.156655e-07	(0.000000e+00 4.607563e-05 0.000000e+00)
6.575         	2.156526e-07	(0.000000e+00 4.607563e-05 0.000000e+00)
6.576         	2.156403e-07	(0.000000e+00 4.607563e-05 0.000000e+00)
6.577         	2.156272e-07	(0.000000e+00 4.607563e-05 0.000000e+00)
6.578         	2.156142e-07	(0.000000e+00 4.607563e-05 0.000000e+00)
6.579         	2.156015e-07	(0.000000e+00 4.607563e-05 0.000000e+00)
6.58          	2.155893e-07	(0.000000e+00 4.607563e-05 0.000000e+00)
6.581         	2.155769e-07	(0.000000e+00 4.607563e-05 0.000000e+00)
6.582         	2.155640e-07	(0.000000e+00 4.607563e-05 0.000000e+00)
6.583         	2.155510e-07	(0.000000e+00 4.607563e-05 0.000000e+00)
6.584         	2.155380e-07	(0.000000e+00 4.607563e-05 0.000000e+00)
6.585         	2.155257e-07	(0.000000e+00 4.607563e-05 0.000000e+00)
6.586         	2.155131e-07	(0.000000e+00 4.607563e-05 0.000000e+00)
6.587         	2.155008e-07	(0.000000e+00 4.607563e-05 0.000000e+00)
6.588         	2.154878e-07	(0.000000e+00 4.607563e-05 0.000000e+00)
6.589         	2.154746e-07	(0.000000e+00 4.607563e-05 0.000000e+00)
6.59          	2.154619e-07	(0.000000e+00 4.607563e-05 0.000000e+00)
6.591         	2.154496e-07	(0.000000e+00 4.607563e-05 0.000000e+00)
6.592         	2.154367e-07	(0.000000e+00 4.607563e-05 0.000000e+00)
6.593         	2.154241e-07	(0.000000e+00 4.607563e-05 0.000000e+00)
6.594         	2.154120e-07	(0.000000e+00 4.607563e-05 0.000000e+00)
6.595         	2.153992e-07	(0.000000e+00 4.607563e-05 0.000000e+00)
6.596         	2.153864e-07	(0.000000e+00 4.607563e-05 0.000000e+00)
6.597         	2.153742e-07	(0.000000e+00 4.607563e-05 0.000000e+00)
6.598         	2.153612e-07	(0.000000e+00 4.607563e-05 0.000000e+00)
6.599         	2.153483e-07	(0.000000e+00 4.607563e-05 0.000000e+00)
6.6           	2.153358e-07	(0.000000e+00 4.607563e-05 0.000000e+00)
6.601         	2.153233e-07	(0.000000e+00 4.607563e-05 0.000000e+00)
6.602         	2.153105e-07	(0.000000e+00 4.607563e-05 0.000000e+00)
6.603         	2.152978e-07	(0.000000e+00 4.607563e-05 0.000000e+00)
6.604         	2.152851e-07	(0.000000e+00 4.607563e-05 0.000000e+00)
6.605         	2.152726e-07	(0.000000e+00 4.607563e-05 0.000000e+00)
6.606         	2.152606e-07	(0.000000e+00 4.607563e-05 0.000000e+00)
6.607         	2.152488e-07	(0.000000e+00 4.607563e-05 0.000000e+00)
6.608         	2.152354e-07	(0.000000e+00 4.607563e-05 0.000000e+00)
6.609         	2.152206e-07	(0.000000e+00 4.607563e-05 0.000000e+00)
6.61          	2.152075e-07	(0.000000e+00 4.607563e-05 0.000000e+00)
6.611         	2.151956e-07	(0.000000e+00 4.607563e-05 0.000000e+00)
6.612         	2.151833e-07	(0.000000e+00 4.607563e-05 0.000000e+00)
6.613         	2.151714e-07	(0.000000e+00 4.607563e-05 0.000000e+00)
6.614         	2.151590e-07	(0.000000e+00 4.607563e-05 0.000000e+00)
6.615         	2.151467e-07	(0.000000e+00 4.607563e-05 0.000000e+00)
6.616         	2.151331e-07	(0.000000e+00 4.607563e-05 0.000000e+00)
6.617         	2.151199e-07	(0.000000e+00 4.607563e-05 0.000000e+00)
6.618         	2.151073e-07	(0.000000e+00 4.607563e-05 0.000000e+00)
6.619         	2.150951e-07	(0.000000e+00 4.607563e-05 0.000000e+00)
6.62          	2.150829e-07	(0.000000e+00 4.607563e-05 0.000000e+00)
6.621         	2.150706e-07	(0.000000e+00 4.607563e-05 0.000000e+00)
6.622         	2.150580e-07	(0.000000e+00 4.607563e-05 0.000000e+00)
6.623         	2.150454e-07	(0.000000e+00 4.607563e-05 0.000000e+00)
6.624         	2.150327e-07	(0.000000e+00 4.607563e-05 0.000000e+00)
6.625         	2.150200e-07	(0.000000e+00 4.607563e-05 0.000000e+00)
6.626         	2.150074e-07	(0.000000e+00 4.607563e-05 0.000000e+00)
6.627         	2.149951e-07	(0.000000e+00 4.607563e-05 0.000000e+00)
6.628         	2.149837e-07	(0.000000e+00 4.607563e-05 0.000000e+00)
6.629         	2.149699e-07	(0.000000e+00 4.607563e-05 0.000000e+00)
6.63          	2.149567e-07	(0.000000e+00 4.607563e-05 0.000000e+00)
6.631         	2.149445e-07	(0.000000e+00 4.607563e-05 0.000000e+00)
6.632         	2.149329e-07	(0.000000e+00 4.607563e-05 0.000000e+00)
6.633         	2.149201e-07	(0.000000e+00 4.607563e-05 0.000000e+00)
6.634         	2.149070e-07	(0.000000e+00 4.607563e-05 0.000000e+00)
6.635         	2.148946e-07	(0.000000e+00 4.607563e-05 0.000000e+00)
6.636         	2.148825e-07	(0.000000e+00 4.607563e-05 0.000000e+00)
6.637         	2.148703e-07	(0.000000e+00 4.607563e-05 0.000000e+00)
6.638         	2.148584e-07	(0.000000e+00 4.607563e-05 0.000000e+00)
6.639         	2.148442e-07	(0.000000e+00 4.607563e-05 0.000000e+00)
6.64          	2.148315e-07	(0.000000e+00 4.607563e-05 0.000000e+00)
6.641         	2.148187e-07	(0.000000e+00 4.607563e-05 0.000000e+00)
6.642         	2.148064e-07	(0.000000e+00 4.607563e-05 0.000000e+00)
6.643         	2.147945e-07	(0.000000e+00 4.607563e-05 0.000000e+00)
6.644         	2.147826e-07	(0.000000e+00 4.607563e-05 0.000000e+00)
6.645         	2.147697e-07	(0.000000e+00 4.607563e-05 0.000000e+00)
6.646         	2.147570e-07	(0.000000e+00 4.607563e-05 0.000000e+00)
6.647         	2.147456e-07	(0.000000e+00 4.607563e-05 0.000000e+00)
6.648         	2.147327e-07	(0.000000e+00 4.607563e-05 0.000000e+00)
6.649         	2.147194e-07	(0.000000e+00 4.607563e-05 0.000000e+00)
6.65          	2.147070e-07	(0.000000e+00 4.607563e-05 0.000000e+00)
6.651         	2.146935e-07	(0.000000e+00 4.607563e-05 0.000000e+00)
6.652         	2.146808e-07	(0.000000e+00 4.607563e-05 0.000000e+00)
6.653         	2.146690e-07	(0.000000e+00 4.607563e-05 0.000000e+00)
6.654         	2.146575e-07	(0.000000e+00 4.607563e-05 0.000000e+00)
6.655         	2.146452e-07	(0.000000e+00 4.607563e-05 0.000000e+00)
6.656         	2.146327e-07	(0.000000e+00 4.607563e-05 0.000000e+00)
6.657         	2.146200e-07	(0.000000e+00 4.607563e-05 0.000000e+00)
6.658         	2.146073e-07	(0.000000e+00 4.607563e-05 0.000000e+00)
6.659         	2.145953e-07	(0.000000e+00 4.607563e-05 0.000000e+00)
6.66          	2.145826e-07	(0.000000e+00 4.607563e-05 0.000000e+00)
6.661         	2.145695e-07	(0.000000e+00 4.607563e-05 0.000000e+00)
6.662         	2.145571e-07	(0.000000e+00 4.607563e-05 0.000000e+00)
6.663         	2.145444e-07	(0.000000e+00 4.607563e-05 0.000000e+00)
6.664         	2.145315e-07	(0.000000e+00 4.607563e-05 0.000000e+00)
6.665         	2.145194e-07	(0.000000e+00 4.607563e-05 0.000000e+00)
6.666         	2.145074e-07	(0.000000e+00 4.607563e-05 0.000000e+00)
6.667         	2.144950e-07	(0.000000e+00 4.607563e-05 0.000000e+00)
6.668         	2.144826e-07	(0.000000e+00 4.607563e-05 0.000000e+00)
6.669         	2.144699e-07	(0.000000e+00 4.607563e-05 0.000000e+00)
6.67          	2.144574e-07	(0.000000e+00 4.607563e-05 0.000000e+00)
6.671         	2.144449e-07	(0.000000e+00 4.607563e-05 0.000000e+00)
6.672         	2.144333e-07	(0.000000e+00 4.607563e-05 0.000000e+00)
6.673         	2.144206e-07	(0.000000e+00 4.607563e-05 0.000000e+00)
6.674         	2.144079e-07	(0.000000e+00 4.607563e-05 0.000000e+00)
6.675         	2.143951e-07	(0.000000e+00 4.607563e-05 0.000000e+00)
6.676         	2.143826e-07	(0.000000e+00 4.607563e-05 0.000000e+00)
6.677         	2.143705e-07	(0.000000e+00 4.607563e-05 0.000000e+00)
6.678         	2.143586e-07	(0.000000e+00 4.607563e-05 0.000000e+00)
6.679         	2.143461e-07	(0.000000e+00 4.607563e-05 0.000000e+00)
6.68          	2.143342e-07	(0.000000e+00 4.607563e-05 0.000000e+00)
6.681         	2.143208e-07	(0.000000e+00 4.607563e-05 0.000000e+00)
6.682         	2.143078e-07	(0.000000e+00 4.607563e-05 0.000000e+00)
6.683         	2.142956e-07	(0.000000e+00 4.607563e-05 0.000000e+00)
6.684         	2.142841e-07	(0.000000e+00 4.607563e-05 0.000000e+00)
6.685         	2.142713e-07	(0.000000e+00 4.607563e-05 0.000000e+00)
6.686         	2.142594e-07	(0.000000e+00 4.607563e-05 0.000000e+00)
6.687         	2.142466e-07	(0.000000e+00 4.607563e-05 0.000000e+00)
6.688         	2.142343e-07	(0.000000e+00 4.607563e-05 0.000000e+00)
6.689         	2.142215e-07	(0.000000e+00 4.607563e-05 0.000000e+00)
6.69          	2.142095e-07	(0.000000e+00 4.607563e-05 0.000000e+00)
6.691         	2.141970e-07	(0.000000e+00 4.607563e-05 0.000000e+00)
6.692         	2.141847e-07	(0.000000e+00 4.607563e-05 0.000000e+00)
6.693         	2.141725e-07	(0.000000e+00 4.607563e-05 0.000000e+00)
6.694         	2.141601e-07	(0.000000e+00 4.607563e-05 0.000000e+00)
6.695         	2.141477e-07	(0.000000e+00 4.607563e-05 0.000000e+00)
6.696         	2.141354e-07	(0.000000e+00 4.607563e-05 0.000000e+00)
6.697         	2.141235e-07	(0.000000e+00 4.607563e-05 0.000000e+00)
6.698         	2.141106e-07	(0.000000e+00 4.607563e-05 0.000000e+00)
6.699         	2.140981e-07	(0.000000e+00 4.607563e-05 0.000000e+00)
6.7           	2.140860e-07	(0.000000e+00 4.607563e-05 0.000000e+00)
6.701         	2.140750e-07	(0.000000e+00 4.607563e-05 0.000000e+00)
6.702         	2.140625e-07	(0.000000e+00 4.607563e-05 0.000000e+00)
6.703         	2.140492e-07	(0.000000e+00 4.607563e-05 0.000000e+00)
6.704         	2.140349e-07	(0.000000e+00 4.607563e-05 0.000000e+00)
6.705         	2.140223e-07	(0.000000e+00 4.607563e-05 0.000000e+00)
6.706         	2.140110e-07	(0.000000e+00 4.607563e-05 0.000000e+00)
6.707         	2.139994e-07	(0.000000e+00 4.607563e-05 0.000000e+00)
6.708         	2.139874e-07	(0.000000e+00 4.607563e-05 0.000000e+00)
6.709         	2.139752e-07	(0.000000e+00 4.607563e-05 0.000000e+00)
6.71          	2.139626e-07	(0.000000e+00 4.607563e-05 0.000000e+00)
6.711         	2.139499e-07	(0.000000e+00 4.607563e-05 0.000000e+00)
6.712         	2.139384e-07	(0.000000e+00 4.607563e-05 0.000000e+00)
6.713         	2.139254e-07	(0.000000e+00 4.607563e-05 0.000000e+00)
6.714         	2.139128e-07	(0.000000e+00 4.607563e-05 0.000000e+00)
6.715         	2.139006e-07	(0.000000e+00 4.607563e-05 0.000000e+00)
6.716         	2.138886e-07	(0.000000e+00 4.607563e-05 0.000000e+00)
6.717         	2.138764e-07	(0.000000e+00 4.607563e-05 0.000000e+00)
6.718         	2.138653e-07	(0.000000e+00 4.607563e-05 0.000000e+00)
6.719         	2.138527e-07	(0.000000e+00 4.607563e-05 0.000000e+00)
6.72          	2.138389e-07	(0.000000e+00 4.607563e-05 0.000000e+00)
6.721         	2.138261e-07	(0.000000e+00 4.607563e-05 0.000000e+00)
6.722         	2.138142e-07	(0.000000e+00 4.607563e-05 0.000000e+00)
6.723         	2.138024e-07	(0.000000e+00 4.607563e-05 0.000000e+00)
6.724         	2.137905e-07	(0.000000e+00 4.607563e-05 0.000000e+00)
6.725         	2.137784e-07	(0.000000e+00 4.607563e-05 0.000000e+00)
6.726         	2.137661e-07	(0.000000e+00 4.607563e-05 0.000000e+00)
6.727         	2.137536e-07	(0.000000e+00 4.607563e-05 0.000000e+00)
6.728         	2.137414e-07	(0.000000e+00 4.607563e-05 0.000000e+00)
6.729         	2.137296e-07	(0.000000e+00 4.607563e-05 0.000000e+00)
6.73          	2.137168e-07	(0.000000e+00 4.607563e-05 0.000000e+00)
6.731         	2.137050e-07	(0.000000e+00 4.607563e-05 0.000000e+00)
6.732         	2.136925e-07	(0.000000e+00 4.607563e-05 0.000000e+00)
6.733         	2.136800e-07	(0.000000e+00 4.607563e-05 0.000000e+00)
6.734         	2.136676e-07	(0.000000e+00 4.607563e-05 0.000000e+00)
6.735         	2.136554e-07	(0.000000e+00 4.607563e-05 0.000000e+00)
6.736         	2.136435e-07	(0.000000e+00 4.607563e-05 0.000000e+00)
6.737         	2.136313e-07	(0.000000e+00 4.607563e-05 0.000000e+00)
6.738         	2.136191e-07	(0.000000e+00 4.607563e-05 0.000000e+00)
6.739         	2.136076e-07	(0.000000e+00 4.607563e-05 0.000000e+00)
6.74          	2.135946e-07	(0.000000e+00 4.607563e-05 0.000000e+00)
6.741         	2.135823e-07	(0.000000e+00 4.607563e-05 0.000000e+00)
6.742         	2.135694e-07	(0.000000e+00 4.607563e-05 0.000000e+00)
6.743         	2.135573e-07	(0.000000e+00 4.607563e-05 0.000000e+00)
6.744         	2.135454e-07	(0.000000e+00 4.607563e-05 0.000000e+00)
6.745         	2.135339e-07	(0.000000e+00 4.607563e-05 0.000000e+00)
6.746         	2.135214e-07	(0.000000e+00 4.607563e-05 0.000000e+00)
6.747         	2.135088e-07	(0.000000e+00 4.607563e-05 0.000000e+00)
6.748         	2.134966e-07	(0.000000e+00 4.607563e-05 0.000000e+00)
6.749         	2.134845e-07	(0.000000e+00 4.607563e-05 0.000000e+00)
6.75          	2.134726e-07	(0.000000e+00 4.607563e-05 0.000000e+00)
6.751         	2.134605e-07	(0.000000e+00 4.607563e-05 0.000000e+00)
6.752         	2.134480e-07	(0.000000e+00 4.607563e-05 0.000000e+00)
6.753         	2.134362e-07	(0.000000e+00 4.607563e-05 0.000000e+00)
6.754         	2.134243e-07	(0.000000e+00 4.607563e-05 0.000000e+00)
6.755         	2.134123e-07	(0.000000e+00 4.607563e-05 0.000000e+00)
6.756         	2.133996e-07	(0.000000e+00 4.607563e-05 0.000000e+00)
6.757         	2.133869e-07	(0.000000e+00 4.607563e-05 0.000000e+00)
6.758         	2.133748e-07	(0.000000e+00 4.607563e-05 0.000000e+00)
6.759         	2.133635e-07	(0.000000e+00 4.607563e-05 0.000000e+00)
6.76          	2.133508e-07	(0.000000e+00 4.607563e-05 0.000000e+00)
6.761         	2.133379e-07	(0.000000e+00 4.607563e-05 0.000000e+00)
6.762         	2.133259e-07	(0.000000e+00 4.607563e-05 0.000000e+00)
6.763         	2.133139e-07	(0.000000e+00 4.607563e-05 0.000000e+00)
6.764         	2.133021e-07	(0.000000e+00 4.607563e-05 0.000000e+00)
6.765         	2.132910e-07	(0.000000e+00 4.607563e-05 0.000000e+00)
6.766         	2.132785e-07	(0.000000e+00 4.607563e-05 0.000000e+00)
6.767         	2.132659e-07	(0.000000e+00 4.607563e-05 0.000000e+00)
6.768         	2.132545e-07	(0.000000e+00 4.607563e-05 0.000000e+00)
6.769         	2.132423e-07	(0.000000e+00 4.607563e-05 0.000000e+00)
6.77          	2.132306e-07	(0.000000e+00 4.607563e-05 0.000000e+00)
6.771         	2.132189e-07	(0.000000e+00 4.607563e-05 0.000000e+00)
6.772         	2.132074e-07	(0.000000e+00 4.607563e-05 0.000000e+00)
6.773         	2.131956e-07	(0.000000e+00 4.607563e-05 0.000000e+00)
6.774         	2.131841e-07	(0.000000e+00 4.607563e-05 0.000000e+00)
6.775         	2.131721e-07	(0.000000e+00 4.607563e-05 0.000000e+00)
6.776         	2.131605e-07	(0.000000e+00 4.607563e-05 0.000000e+00)
6.777         	2.131478e-07	(0.000000e+00 4.607563e-05 0.000000e+00)
6.778         	2.131351e-07	(0.000000e+00 4.607563e-05 0.000000e+00)
6.779         	2.131215e-07	(0.000000e+00 4.607563e-05 0.000000e+00)
6.78          	2.131088e-07	(0.000000e+00 4.607563e-05 0.000000e+00)
6.781         	2.130957e-07	(0.000000e+00 4.607563e-05 0.000000e+00)
6.782         	2.130838e-07	(0.000000e+00 4.607563e-05 0.000000e+00)
6.783         	2.130713e-07	(0.000000e+00 4.607563e-05 0.000000e+00)
6.784         	2.130600e-07	(0.000000e+00 4.607563e-05 0.000000e+00)
6.785         	2.130477e-07	(0.000000e+00 4.607563e-05 0.000000e+00)
6.786         	2.130365e-07	(0.000000e+00 4.607563e-05 0.000000e+00)
6.787         	2.130243e-07	(0.000000e+00 4.607563e-05 0.000000e+00)
6.788         	2.130129e-07	(0.000000e+00 4.607563e-05 0.000000e+00)
6.789         	2.130002e-07	(0.000000e+00 4.607563e-05 0.000000e+00)
6.79          	2.129886e-07	(0.000000e+00 4.607563e-05 0.000000e+00)
6.791         	2.129759e-07	(0.000000e+00 4.607563e-05 0.000000e+00)
6.792         	2.129641e-07	(0.000000e+00 4.607563e-05 0.000000e+00)
6.793         	2.129512e-07	(0.000000e+00 4.607563e-05 0.000000e+00)
6.794         	2.129396e-07	(0.000000e+00 4.607563e-05 0.000000e+00)
6.795         	2.129266e-07	(0.000000e+00 4.607563e-05 0.000000e+00)
6.796         	2.129152e-07	(0.000000e+00 4.607563e-05 0.000000e+00)
6.797         	2.129025e-07	(0.000000e+00 4.607563e-05 0.000000e+00)
6.798         	2.128911e-07	(0.000000e+00 4.607563e-05 0.000000e+00)
6.799         	2.128782e-07	(0.000000e+00 4.607563e-05 0.000000e+00)
6.8           	2.128668e-07	(0.000000e+00 4.607563e-05 0.000000e+00)
6.801         	2.128540e-07	(0.000000e+00 4.607563e-05 0.000000e+00)
6.802         	2.128428e-07	(0.000000e+00 4.607563e-05 0.000000e+00)
6.803         	2.128301e-07	(0.000000e+00 4.607563e-05 0.000000e+00)
6.804         	2.128188e-07	(0.000000e+00 4.607563e-05 0.000000e+00)
6.805         	2.128060e-07	(0.000000e+00 4.607563e-05 0.000000e+00)
6.806         	2.127947e-07	(0.000000e+00 4.607563e-05 0.000000e+00)
6.807         	2.127821e-07	(0.000000e+00 4.607563e-05 0.000000e+00)
6.808         	2.127707e-07	(0.000000e+00 4.607563e-05 0.000000e+00)
6.809         	2.127578e-07	(0.000000e+00 4.607563e-05 0.000000e+00)
6.81          	2.127465e-07	(0.000000e+00 4.607563e-05 0.000000e+00)
6.811         	2.127335e-07	(0.000000e+00 4.607563e-05 0.000000e+00)
6.812         	2.127223e-07	(0.000000e+00 4.607563e-05 0.000000e+00)
6.813         	2.127094e-07	(0.000000e+00 4.607563e-05 0.000000e+00)
6.814         	2.126983e-07	(0.000000e+00 4.607563e-05 0.000000e+00)
6.815         	2.126854e-07	(0.000000e+00 4.607563e-05 0.000000e+00)
6.816         	2.126428e-07	(0.000000e+00 4.607563e-05 0.000000e+00)
6.817         	2.126400e-07	(0.000000e+00 4.607563e-05 0.000000e+00)
6.818         	2.126398e-07	(0.000000e+00 4.607563e-05 0.000000e+00)
6.819         	2.126371e-07	(0.000000e+00 4.607563e-05 0.000000e+00)
6.82          	2.126354e-07	(0.000000e+00 4.607563e-05 0.000000e+00)
6.821         	2.126295e-07	(0.000000e+00 4.607563e-05 0.000000e+00)
6.822         	2.126064e-07	(0.000000e+00 4.607563e-05 0.000000e+00)
6.823         	2.125992e-07	(0.000000e+00 4.607563e-05 0.000000e+00)
6.824         	2.125914e-07	(0.000000e+00 4.607563e-05 0.000000e+00)
6.825         	2.125516e-07	(0.000000e+00 4.607563e-05 0.000000e+00)
6.826         	2.125475e-07	(0.000000e+00 4.607563e-05 0.000000e+00)
6.827         	2.125416e-07	(0.000000e+00 4.607563e-05 0.000000e+00)
6.828         	2.125370e-07	(0.000000e+00 4.607563e-05 0.000000e+00)
6.829         	2.125145e-07	(0.000000e+00 4.607563e-05 0.000000e+00)
6.83          	2.125094e-07	(0.000000e+00 4.607563e-05 0.000000e+00)
6.831         	2.125014e-07	(0.000000e+00 4.607563e-05 0.000000e+00)
6.832         	2.124937e-07	(0.000000e+00 4.607563e-05 0.000000e+00)
6.833         	2.124556e-07	(0.000000e+00 4.607563e-05 0.000000e+00)
6.834         	2.124513e-07	(0.000000e+00 4.607563e-05 0.000000e+00)
6.835         	2.124455e-07	(0.000000e+00 4.607563e-05 0.000000e+00)
6.836         	2.124410e-07	(0.000000e+00 4.607563e-05 0.000000e+00)
6.837         	2.124326e-07	(0.000000e+00 4.607563e-05 0.000000e+00)
6.838         	2.123991e-07	(0.000000e+00 4.607563e-05 0.000000e+00)
6.839         	2.123941e-07	(0.000000e+00 4.607563e-05 0.000000e+00)
6.84          	2.123899e-07	(0.000000e+00 4.607563e-05 0.000000e+00)
6.841         	2.123825e-07	(0.000000e+00 4.607563e-05 0.000000e+00)
6.842         	2.123746e-07	(0.000000e+00 4.607563e-05 0.000000e+00)
6.843         	2.123625e-07	(0.000000e+00 4.607563e-05 0.000000e+00)
6.844         	2.123493e-07	(0.000000e+00 4.607563e-05 0.000000e+00)
6.845         	2.123328e-07	(0.000000e+00 4.607563e-05 0.000000e+00)
6.846         	2.123168e-07	(0.000000e+00 4.607563e-05 0.000000e+00)
6.847         	2.123000e-07	(0.000000e+00 4.607563e-05 0.000000e+00)
6.848         	2.122859e-07	(0.000000e+00 4.607563e-05 0.000000e+00)
6.849         	2.122724e-07	(0.000000e+00 4.607563e-05 0.000000e+00)
6.85          	2.122615e-07	(0.000000e+00 4.607563e-05 0.000000e+00)
6.851         	2.122508e-07	(0.000000e+00 4.607563e-05 0.000000e+00)
6.852         	2.122415e-07	(0.000000e+00 4.607563e-05 0.000000e+00)
6.853         	2.122313e-07	(0.000000e+00 4.607563e-05 0.000000e+00)
6.854         	2.122212e-07	(0.000000e+00 4.607563e-05 0.000000e+00)
6.855         	2.122094e-07	(0.000000e+00 4.607563e-05 0.000000e+00)
6.856         	2.121973e-07	(0.000000e+00 4.607563e-05 0.000000e+00)
6.857         	2.121840e-07	(0.000000e+00 4.607563e-05 0.000000e+00)
6.858         	2.121710e-07	(0.000000e+00 4.607563e-05 0.000000e+00)
6.859         	2.121580e-07	(0.000000e+00 4.607563e-05 0.000000e+00)
6.86          	2.121461e-07	(0.000000e+00 4.607563e-05 0.000000e+00)
6.861         	2.121343e-07	(0.000000e+00 4.607563e-05 0.000000e+00)
6.862         	2.121232e-07	(0.000000e+00 4.607563e-05 0.000000e+00)
6.863         	2.121117e-07	(0.000000e+00 4.607563e-05 0.000000e+00)
6.864         	2.121004e-07	(0.000000e+00 4.607563e-05 0.000000e+00)
6.865         	2.120885e-07	(0.000000e+00 4.607563e-05 0.000000e+00)
6.866         	2.120767e-07	(0.000000e+00 4.607563e-05 0.000000e+00)
6.867         	2.120647e-07	(0.000000e+00 4.607563e-05 0.000000e+00)
6.868         	2.120528e-07	(0.000000e+00 4.607563e-05 0.000000e+00)
6.869         	2.120408e-07	(0.000000e+00 4.607563e-05 0.000000e+00)
6.87          	2.120294e-07	(0.000000e+00 4.607563e-05 0.000000e+00)
6.871         	2.120175e-07	(0.000000e+00 4.607563e-05 0.000000e+00)
6.872         	2.120057e-07	(0.000000e+00 4.607563e-05 0.000000e+00)
6.873         	2.119939e-07	(0.000000e+00 4.607563e-05 0.000000e+00)
6.874         	2.119822e-07	(0.000000e+00 4.607563e-05 0.000000e+00)
6.875         	2.119706e-07	(0.000000e+00 4.607563e-05 0.000000e+00)
6.876         	2.119589e-07	(0.000000e+00 4.607563e-05 0.000000e+00)
6.877         	2.119472e-07	(0.000000e+00 4.607563e-05 0.000000e+00)
6.878         	2.119355e-07	(0.000000e+00 4.607563e-05 0.000000e+00)
6.879         	2.119234e-07	(0.000000e+00 4.607563e-05 0.000000e+00)
6.88          	2.119117e-07	(0.000000e+00 4.607563e-05 0.000000e+00)
6.881         	2.118999e-07	(0.000000e+00 4.607563e-05 0.000000e+00)
6.882         	2.118884e-07	(0.000000e+00 4.607563e-05 0.000000e+00)
6.883         	2.118764e-07	(0.000000e+00 4.607563e-05 0.000000e+00)
6.884         	2.118645e-07	(0.000000e+00 4.607563e-05 0.000000e+00)
6.885         	2.118527e-07	(0.000000e+00 4.607563e-05 0.000000e+00)
6.886         	2.118410e-07	(0.000000e+00 4.607563e-05 0.000000e+00)
6.887         	2.118293e-07	(0.000000e+00 4.607563e-05 0.000000e+00)
6.888         	2.118176e-07	(0.000000e+00 4.607563e-05 0.000000e+00)
6.889         	2.118059e-07	(0.000000e+00 4.607563e-05 0.000000e+00)
6.89          	2.117949e-07	(0.000000e+00 4.607563e-05 0.000000e+00)
6.891         	2.117832e-07	(0.000000e+00 4.607563e-05 0.000000e+00)
6.892         	2.117708e-07	(0.000000e+00 4.607563e-05 0.000000e+00)
6.893         	2.117574e-07	(0.000000e+00 4.607563e-05 0.000000e+00)
6.894         	2.117455e-07	(0.000000e+00 4.607563e-05 0.000000e+00)
6.895         	2.117346e-07	(0.000000e+00 4.607563e-05 0.000000e+00)
6.896         	2.117236e-07	(0.000000e+00 4.607563e-05 0.000000e+00)
6.897         	2.117118e-07	(0.000000e+00 4.607563e-05 0.000000e+00)
6.898         	2.116999e-07	(0.000000e+00 4.607563e-05 0.000000e+00)
6.899         	2.116880e-07	(0.000000e+00 4.607563e-05 0.000000e+00)
6.9           	2.116764e-07	(0.000000e+00 4.607563e-05 0.000000e+00)
6.901         	2.116645e-07	(0.000000e+00 4.607563e-05 0.000000e+00)
6.902         	2.116530e-07	(0.000000e+00 4.607563e-05 0.000000e+00)
6.903         	2.116411e-07	(0.000000e+00 4.607563e-05 0.000000e+00)
6.904         	2.116292e-07	(0.000000e+00 4.607563e-05 0.000000e+00)
6.905         	2.116175e-07	(0.000000e+00 4.607563e-05 0.000000e+00)
6.906         	2.116058e-07	(0.000000e+00 4.607563e-05 0.000000e+00)
6.907         	2.115946e-07	(0.000000e+00 4.607563e-05 0.000000e+00)
6.908         	2.115825e-07	(0.000000e+00 4.607563e-05 0.000000e+00)
6.909         	2.115704e-07	(0.000000e+00 4.607563e-05 0.000000e+00)
6.91          	2.115586e-07	(0.000000e+00 4.607563e-05 0.000000e+00)
6.911         	2.115468e-07	(0.000000e+00 4.607563e-05 0.000000e+00)
6.912         	2.115352e-07	(0.000000e+00 4.607563e-05 0.000000e+00)
6.913         	2.115243e-07	(0.000000e+00 4.607563e-05 0.000000e+00)
6.914         	2.115123e-07	(0.000000e+00 4.607563e-05 0.000000e+00)
6.915         	2.115000e-07	(0.000000e+00 4.607563e-05 0.000000e+00)
6.916         	2.114880e-07	(0.000000e+00 4.607563e-05 0.000000e+00)
6.917         	2.114763e-07	(0.000000e+00 4.607563e-05 0.000000e+00)
6.918         	2.114648e-07	(0.000000e+00 4.607563e-05 0.000000e+00)
6.919         	2.114531e-07	(0.000000e+00 4.607563e-05 0.000000e+00)
6.92          	2.114417e-07	(0.000000e+00 4.607563e-05 0.000000e+00)
6.921         	2.114303e-07	(0.000000e+00 4.607563e-05 0.000000e+00)
6.922         	2.114183e-07	(0.000000e+00 4.607563e-05 0.000000e+00)
6.923         	2.114065e-07	(0.000000e+00 4.607563e-05 0.000000e+00)
6.924         	2.113947e-07	(0.000000e+00 4.607563e-05 0.000000e+00)
6.925         	2.113830e-07	(0.000000e+00 4.607563e-05 0.000000e+00)
6.926         	2.113714e-07	(0.000000e+00 4.607563e-05 0.000000e+00)
6.927         	2.113598e-07	(0.000000e+00 4.607563e-05 0.000000e+00)
6.928         	2.113482e-07	(0.000000e+00 4.607563e-05 0.000000e+00)
6.929         	2.113367e-07	(0.000000e+00 4.607563e-05 0.000000e+00)
6.93          	2.113251e-07	(0.000000e+00 4.607563e-05 0.000000e+00)
6.931         	2.113130e-07	(0.000000e+00 4.607563e-05 0.000000e+00)
6.932         	2.113011e-07	(0.000000e+00 4.607563e-05 0.000000e+00)
6.933         	2.112897e-07	(0.000000e+00 4.607563e-05 0.000000e+00)
6.934         	2.112782e-07	(0.000000e+00 4.607563e-05 0.000000e+00)
6.935         	2.112666e-07	(0.000000e+00 4.607563e-05 0.000000e+00)
6.936         	2.112554e-07	(0.000000e+00 4.607563e-05 0.000000e+00)
6.937         	2.112432e-07	(0.000000e+00 4.607563e-05 0.000000e+00)
6.938         	2.112313e-07	(0.000000e+00 4.607563e-05 0.000000e+00)
6.939         	2.112194e-07	(0.000000e+00 4.607563e-05 0.000000e+00)
6.94          	2.112081e-07	(0.000000e+00 4.607563e-05 0.000000e+00)
6.941         	2.111974e-07	(0.000000e+00 4.607563e-05 0.000000e+00)
6.942         	2.111850e-07	(0.000000e+00 4.607563e-05 0.000000e+00)
6.943         	2.111726e-07	(0.000000e+00 4.607563e-05 0.000000e+00)
6.944         	2.111610e-07	(0.000000e+00 4.607563e-05 0.000000e+00)
6.945         	2.111499e-07	(0.000000e+00 4.607563e-05 0.000000e+00)
6.946         	2.111385e-07	(0.000000e+00 4.607563e-05 0.000000e+00)
6.947         	2.111268e-07	(0.000000e+00 4.607563e-05 0.000000e+00)
6.948         	2.111152e-07	(0.000000e+00 4.607563e-05 0.000000e+00)
6.949         	2.111036e-07	(0.000000e+00 4.607563e-05 0.000000e+00)
6.95          	2.110919e-07	(0.000000e+00 4.607563e-05 0.000000e+00)
6.951         	2.110801e-07	(0.000000e+00 4.607563e-05 0.000000e+00)
6.952         	2.110687e-07	(0.000000e+00 4.607563e-05 0.000000e+00)
6.953         	2.110573e-07	(0.000000e+00 4.607563e-05 0.000000e+00)
6.954         	2.110461e-07	(0.000000e+00 4.607563e-05 0.000000e+00)
6.955         	2.110345e-07	(0.000000e+00 4.607563e-05 0.000000e+00)
6.956         	2.110220e-07	(0.000000e+00 4.607563e-05 0.000000e+00)
6.957         	2.110100e-07	(0.000000e+00 4.607563e-05 0.000000e+00)
6.958         	2.109987e-07	(0.000000e+00 4.607563e-05 0.000000e+00)
6.959         	2.109878e-07	(0.000000e+00 4.607563e-05 0.000000e+00)
6.96          	2.109774e-07	(0.000000e+00 4.607563e-05 0.000000e+00)
6.961         	2.109644e-07	(0.000000e+00 4.607563e-05 0.000000e+00)
6.962         	2.109526e-07	(0.000000e+00 4.607563e-05 0.000000e+00)
6.963         	2.109413e-07	(0.000000e+00 4.607563e-05 0.000000e+00)
6.964         	2.109303e-07	(0.000000e+00 4.607563e-05 0.000000e+00)
6.965         	2.109187e-07	(0.000000e+00 4.607563e-05 0.000000e+00)
6.966         	2.109068e-07	(0.000000e+00 4.607563e-05 0.000000e+00)
6.967         	2.108947e-07	(0.000000e+00 4.607563e-05 0.000000e+00)
6.968         	2.108830e-07	(0.000000e+00 4.607563e-05 0.000000e+00)
6.969         	2.108697e-07	(0.000000e+00 4.607563e-05 0.000000e+00)
6.97          	2.108583e-07	(0.000000e+00 4.607563e-05 0.000000e+00)
6.971         	2.108480e-07	(0.000000e+00 4.607563e-05 0.000000e+00)
6.972         	2.108371e-07	(0.000000e+00 4.607563e-05 0.000000e+00)
6.973         	2.108260e-07	(0.000000e+00 4.607563e-05 0.000000e+00)
6.974         	2.108143e-07	(0.000000e+00 4.607563e-05 0.000000e+00)
6.975         	2.108025e-07	(0.000000e+00 4.607563e-05 0.000000e+00)
6.976         	2.107911e-07	(0.000000e+00 4.607563e-05 0.000000e+00)
6.977         	2.107792e-07	(0.000000e+00 4.607563e-05 0.000000e+00)
6.978         	2.107677e-07	(0.000000e+00 4.607563e-05 0.000000e+00)
6.979         	2.107563e-07	(0.000000e+00 4.607563e-05 0.000000e+00)
6.98          	2.107449e-07	(0.000000e+00 4.607563e-05 0.000000e+00)
6.981         	2.107334e-07	(0.000000e+00 4.607563e-05 0.000000e+00)
6.982         	2.107221e-07	(0.000000e+00 4.607563e-05 0.000000e+00)
6.983         	2.107104e-07	(0.000000e+00 4.607563e-05 0.000000e+00)
6.984         	2.106987e-07	(0.000000e+00 4.607563e-05 0.000000e+00)
6.985         	2.106868e-07	(0.000000e+00 4.607563e-05 0.000000e+00)
6.986         	2.106748e-07	(0.000000e+00 4.607563e-05 0.000000e+00)
6.987         	2.106632e-07	(0.000000e+00 4.607563e-05 0.000000e+00)
6.988         	2.106518e-07	(0.000000e+00 4.607563e-05 0.000000e+00)
6.989         	2.106408e-07	(0.000000e+00 4.607563e-05 0.000000e+00)
6.99          	2.106292e-07	(0.000000e+00 4.607563e-05 0.000000e+00)
6.991         	2.106178e-07	(0.000000e+00 4.607563e-05 0.000000e+00)
6.992         	2.106063e-07	(0.000000e+00 4.607563e-05 0.000000e+00)
6.993         	2.105954e-07	(0.000000e+00 4.607563e-05 0.000000e+00)
6.994         	2.105836e-07	(0.000000e+00 4.607563e-05 0.000000e+00)
6.995         	2.105718e-07	(0.000000e+00 4.607563e-05 0.000000e+00)
6.996         	2.105619e-07	(0.000000e+00 4.607563e-05 0.000000e+00)
6.997         	2.105493e-07	(0.000000e+00 4.607563e-05 0.000000e+00)
6.998         	2.105373e-07	(0.000000e+00 4.607563e-05 0.000000e+00)
6.999         	2.105253e-07	(0.000000e+00 4.607563e-05 0.000000e+00)
7             	2.105139e-07	(0.000000e+00 4.607563e-05 0.000000e+00)
7.001         	2.105029e-07	(0.000000e+00 4.607563e-05 0.000000e+00)
7.002         	2.104917e-07	(0.000000e+00 4.607563e-05 0.000000e+00)
7.003         	2.104803e-07	(0.000000e+00 4.607563e-05 0.000000e+00)
7.004         	2.104693e-07	(0.000000e+00 4.607563e-05 0.000000e+00)
7.005         	2.104573e-07	(0.000000e+00 4.607563e-05 0.000000e+00)
7.006         	2.104457e-07	(0.000000e+00 4.607563e-05 0.000000e+00)
7.007         	2.104341e-07	(0.000000e+00 4.607563e-05 0.000000e+00)
7.008         	2.104229e-07	(0.000000e+00 4.607563e-05 0.000000e+00)
7.009         	2.104118e-07	(0.000000e+00 4.607563e-05 0.000000e+00)
7.01          	2.103999e-07	(0.000000e+00 4.607563e-05 0.000000e+00)
7.011         	2.103880e-07	(0.000000e+00 4.607563e-05 0.000000e+00)
7.012         	2.103765e-07	(0.000000e+00 4.607563e-05 0.000000e+00)
7.013         	2.103654e-07	(0.000000e+00 4.607563e-05 0.000000e+00)
7.014         	2.103543e-07	(0.000000e+00 4.607563e-05 0.000000e+00)
7.015         	2.103428e-07	(0.000000e+00 4.607563e-05 0.000000e+00)
7.016         	2.103310e-07	(0.000000e+00 4.607563e-05 0.000000e+00)
7.017         	2.103194e-07	(0.000000e+00 4.607563e-05 0.000000e+00)
7.018         	2.103081e-07	(0.000000e+00 4.607563e-05 0.000000e+00)
7.019         	2.102969e-07	(0.000000e+00 4.607563e-05 0.000000e+00)
7.02          	2.102855e-07	(0.000000e+00 4.607563e-05 0.000000e+00)
7.021         	2.102740e-07	(0.000000e+00 4.607563e-05 0.000000e+00)
7.022         	2.102625e-07	(0.000000e+00 4.607563e-05 0.000000e+00)
7.023         	2.102515e-07	(0.000000e+00 4.607563e-05 0.000000e+00)
7.024         	2.102400e-07	(0.000000e+00 4.607563e-05 0.000000e+00)
7.025         	2.102283e-07	(0.000000e+00 4.607563e-05 0.000000e+00)
7.026         	2.102166e-07	(0.000000e+00 4.607563e-05 0.000000e+00)
7.027         	2.102051e-07	(0.000000e+00 4.607563e-05 0.000000e+00)
7.028         	2.101939e-07	(0.000000e+00 4.607563e-05 0.000000e+00)
7.029         	2.101826e-07	(0.000000e+00 4.607563e-05 0.000000e+00)
7.03          	2.101713e-07	(0.000000e+00 4.607563e-05 0.000000e+00)
7.031         	2.101604e-07	(0.000000e+00 4.607563e-05 0.000000e+00)
7.032         	2.101495e-07	(0.000000e+00 4.607563e-05 0.000000e+00)
7.033         	2.101372e-07	(0.000000e+00 4.607563e-05 0.000000e+00)
7.034         	2.101250e-07	(0.000000e+00 4.607563e-05 0.000000e+00)
7.035         	2.101135e-07	(0.000000e+00 4.607563e-05 0.000000e+00)
7.036         	2.101023e-07	(0.000000e+00 4.607563e-05 0.000000e+00)
7.037         	2.100912e-07	(0.000000e+00 4.607563e-05 0.000000e+00)
7.038         	2.100808e-07	(0.000000e+00 4.607563e-05 0.000000e+00)
7.039         	2.100712e-07	(0.000000e+00 4.607563e-05 0.000000e+00)
7.04          	2.100576e-07	(0.000000e+00 4.607563e-05 0.000000e+00)
7.041         	2.100451e-07	(0.000000e+00 4.607563e-05 0.000000e+00)
7.042         	2.100339e-07	(0.000000e+00 4.607563e-05 0.000000e+00)
7.043         	2.100229e-07	(0.000000e+00 4.607563e-05 0.000000e+00)
7.044         	2.100119e-07	(0.000000e+00 4.607563e-05 0.000000e+00)
7.045         	2.100009e-07	(0.000000e+00 4.607563e-05 0.000000e+00)
7.046         	2.099899e-07	(0.000000e+00 4.607563e-05 0.000000e+00)
7.047         	2.099787e-07	(0.000000e+00 4.607563e-05 0.000000e+00)
7.048         	2.099667e-07	(0.000000e+00 4.607563e-05 0.000000e+00)
7.049         	2.099550e-07	(0.000000e+00 4.607563e-05 0.000000e+00)
7.05          	2.099435e-07	(0.000000e+00 4.607563e-05 0.000000e+00)
7.051         	2.099323e-07	(0.000000e+00 4.607563e-05 0.000000e+00)
7.052         	2.099212e-07	(0.000000e+00 4.607563e-05 0.000000e+00)
7.053         	2.099101e-07	(0.000000e+00 4.607563e-05 0.000000e+00)
7.054         	2.098987e-07	(0.000000e+00 4.607563e-05 0.000000e+00)
7.055         	2.098872e-07	(0.000000e+00 4.607563e-05 0.000000e+00)
7.056         	2.098762e-07	(0.000000e+00 4.607563e-05 0.000000e+00)
7.057         	2.098645e-07	(0.000000e+00 4.607563e-05 0.000000e+00)
7.058         	2.098530e-07	(0.000000e+00 4.607563e-05 0.000000e+00)
7.059         	2.098417e-07	(0.000000e+00 4.607563e-05 0.000000e+00)
7.06          	2.098307e-07	(0.000000e+00 4.607563e-05 0.000000e+00)
7.061         	2.098194e-07	(0.000000e+00 4.607563e-05 0.000000e+00)
7.062         	2.098083e-07	(0.000000e+00 4.607563e-05 0.000000e+00)
7.063         	2.097976e-07	(0.000000e+00 4.607563e-05 0.000000e+00)
7.064         	2.097854e-07	(0.000000e+00 4.607563e-05 0.000000e+00)
7.065         	2.097737e-07	(0.000000e+00 4.607563e-05 0.000000e+00)
7.066         	2.097625e-07	(0.000000e+00 4.607563e-05 0.000000e+00)
7.067         	2.097513e-07	(0.000000e+00 4.607563e-05 0.000000e+00)
7.068         	2.097404e-07	(0.000000e+00 4.607563e-05 0.000000e+00)
7.069         	2.097295e-07	(0.000000e+00 4.607563e-05 0.000000e+00)
7.07          	2.097177e-07	(0.000000e+00 4.607563e-05 0.000000e+00)
7.071         	2.097062e-07	(0.000000e+00 4.607563e-05 0.000000e+00)
7.072         	2.096949e-07	(0.000000e+00 4.607563e-05 0.000000e+00)
7.073         	2.096837e-07	(0.000000e+00 4.607563e-05 0.000000e+00)
7.074         	2.096725e-07	(0.000000e+00 4.607563e-05 0.000000e+00)
7.075         	2.096616e-07	(0.000000e+00 4.607563e-05 0.000000e+00)
7.076         	2.096501e-07	(0.000000e+00 4.607563e-05 0.000000e+00)
7.077         	2.096387e-07	(0.000000e+00 4.607563e-05 0.000000e+00)
7.078         	2.096271e-07	(0.000000e+00 4.607563e-05 0.000000e+00)
7.079         	2.096157e-07	(0.000000e+00 4.607563e-05 0.000000e+00)
7.08          	2.096048e-07	(0.000000e+00 4.607563e-05 0.000000e+00)
7.081         	2.095935e-07	(0.000000e+00 4.607563e-05 0.000000e+00)
7.082         	2.095822e-07	(0.000000e+00 4.607563e-05 0.000000e+00)
7.083         	2.095720e-07	(0.000000e+00 4.607563e-05 0.000000e+00)
7.084         	2.095598e-07	(0.000000e+00 4.607563e-05 0.000000e+00)
7.085         	2.095479e-07	(0.000000e+00 4.607563e-05 0.000000e+00)
7.086         	2.095374e-07	(0.000000e+00 4.607563e-05 0.000000e+00)
7.087         	2.095263e-07	(0.000000e+00 4.607563e-05 0.000000e+00)
7.088         	2.095143e-07	(0.000000e+00 4.607563e-05 0.000000e+00)
7.089         	2.095029e-07	(0.000000e+00 4.607563e-05 0.000000e+00)
7.09          	2.094919e-07	(0.000000e+00 4.607563e-05 0.000000e+00)
7.091         	2.094809e-07	(0.000000e+00 4.607563e-05 0.000000e+00)
7.092         	2.094699e-07	(0.000000e+00 4.607563e-05 0.000000e+00)
7.093         	2.094587e-07	(0.000000e+00 4.607563e-05 0.000000e+00)
7.094         	2.094475e-07	(0.000000e+00 4.607563e-05 0.000000e+00)
7.095         	2.094364e-07	(0.000000e+00 4.607563e-05 0.000000e+00)
7.096         	2.094250e-07	(0.000000e+00 4.607563e-05 0.000000e+00)
7.097         	2.094137e-07	(0.000000e+00 4.607563e-05 0.000000e+00)
7.098         	2.094025e-07	(0.000000e+00 4.607563e-05 0.000000e+00)
7.099         	2.093919e-07	(0.000000e+00 4.607563e-05 0.000000e+00)
7.1           	2.093805e-07	(0.000000e+00 4.607563e-05 0.000000e+00)
7.101         	2.093688e-07	(0.000000e+00 4.607563e-05 0.000000e+00)
7.102         	2.093570e-07	(0.000000e+00 4.607563e-05 0.000000e+00)
7.103         	2.093459e-07	(0.000000e+00 4.607563e-05 0.000000e+00)
7.104         	2.093351e-07	(0.000000e+00 4.607563e-05 0.000000e+00)
7.105         	2.093244e-07	(0.000000e+00 4.607563e-05 0.000000e+00)
7.106         	2.093131e-07	(0.000000e+00 4.607563e-05 0.000000e+00)
7.107         	2.093016e-07	(0.000000e+00 4.607563e-05 0.000000e+00)
7.108         	2.092902e-07	(0.000000e+00 4.607563e-05 0.000000e+00)
7.109         	2.092790e-07	(0.000000e+00 4.607563e-05 0.000000e+00)
7.11          	2.092680e-07	(0.000000e+00 4.607563e-05 0.000000e+00)
7.111         	2.092570e-07	(0.000000e+00 4.607563e-05 0.000000e+00)
7.112         	2.092461e-07	(0.000000e+00 4.607563e-05 0.000000e+00)
7.113         	2.092355e-07	(0.000000e+00 4.607563e-05 0.000000e+00)
7.114         	2.092234e-07	(0.000000e+00 4.607563e-05 0.000000e+00)
7.115         	2.092117e-07	(0.000000e+00 4.607563e-05 0.000000e+00)
7.116         	2.092005e-07	(0.000000e+00 4.607563e-05 0.000000e+00)
7.117         	2.091898e-07	(0.000000e+00 4.607563e-05 0.000000e+00)
7.118         	2.091787e-07	(0.000000e+00 4.607563e-05 0.000000e+00)
7.119         	2.091675e-07	(0.000000e+00 4.607563e-05 0.000000e+00)
7.12          	2.091565e-07	(0.000000e+00 4.607563e-05 0.000000e+00)
7.121         	2.091460e-07	(0.000000e+00 4.607563e-05 0.000000e+00)
7.122         	2.091347e-07	(0.000000e+00 4.607563e-05 0.000000e+00)
7.123         	2.091234e-07	(0.000000e+00 4.607563e-05 0.000000e+00)
7.124         	2.091111e-07	(0.000000e+00 4.607563e-05 0.000000e+00)
7.125         	2.090995e-07	(0.000000e+00 4.607563e-05 0.000000e+00)
7.126         	2.090887e-07	(0.000000e+00 4.607563e-05 0.000000e+00)
7.127         	2.090782e-07	(0.000000e+00 4.607563e-05 0.000000e+00)
7.128         	2.090674e-07	(0.000000e+00 4.607563e-05 0.000000e+00)
7.129         	2.090563e-07	(0.000000e+00 4.607563e-05 0.000000e+00)
7.13          	2.090453e-07	(0.000000e+00 4.607563e-05 0.000000e+00)
7.131         	2.090347e-07	(0.000000e+00 4.607563e-05 0.000000e+00)
7.132         	2.090231e-07	(0.000000e+00 4.607563e-05 0.000000e+00)
7.133         	2.090113e-07	(0.000000e+00 4.607563e-05 0.000000e+00)
7.134         	2.090000e-07	(0.000000e+00 4.607563e-05 0.000000e+00)
7.135         	2.089889e-07	(0.000000e+00 4.607563e-05 0.000000e+00)
7.136         	2.089780e-07	(0.000000e+00 4.607563e-05 0.000000e+00)
7.137         	2.089672e-07	(0.000000e+00 4.607563e-05 0.000000e+00)
7.138         	2.089561e-07	(0.000000e+00 4.607563e-05 0.000000e+00)
7.139         	2.089451e-07	(0.000000e+00 4.607563e-05 0.000000e+00)
7.14          	2.089340e-07	(0.000000e+00 4.607563e-05 0.000000e+00)
7.141         	2.089226e-07	(0.000000e+00 4.607563e-05 0.000000e+00)
7.142         	2.089116e-07	(0.000000e+00 4.607563e-05 0.000000e+00)
7.143         	2.089002e-07	(0.000000e+00 4.607563e-05 0.000000e+00)
7.144         	2.088891e-07	(0.000000e+00 4.607563e-05 0.000000e+00)
7.145         	2.088782e-07	(0.000000e+00 4.607563e-05 0.000000e+00)
7.146         	2.088672e-07	(0.000000e+00 4.607563e-05 0.000000e+00)
7.147         	2.088560e-07	(0.000000e+00 4.607563e-05 0.000000e+00)
7.148         	2.088451e-07	(0.000000e+00 4.607563e-05 0.000000e+00)
7.149         	2.088340e-07	(0.000000e+00 4.607563e-05 0.000000e+00)
7.15          	2.088227e-07	(0.000000e+00 4.607563e-05 0.000000e+00)
7.151         	2.088115e-07	(0.000000e+00 4.607563e-05 0.000000e+00)
7.152         	2.088012e-07	(0.000000e+00 4.607563e-05 0.000000e+00)
7.153         	2.087895e-07	(0.000000e+00 4.607563e-05 0.000000e+00)
7.154         	2.087781e-07	(0.000000e+00 4.607563e-05 0.000000e+00)
7.155         	2.087671e-07	(0.000000e+00 4.607563e-05 0.000000e+00)
7.156         	2.087577e-07	(0.000000e+00 4.607563e-05 0.000000e+00)
7.157         	2.087453e-07	(0.000000e+00 4.607563e-05 0.000000e+00)
7.158         	2.087338e-07	(0.000000e+00 4.607563e-05 0.000000e+00)
7.159         	2.087224e-07	(0.000000e+00 4.607563e-05 0.000000e+00)
7.16          	2.087117e-07	(0.000000e+00 4.607563e-05 0.000000e+00)
7.161         	2.087007e-07	(0.000000e+00 4.607563e-05 0.000000e+00)
7.162         	2.086900e-07	(0.000000e+00 4.607563e-05 0.000000e+00)
7.163         	2.086790e-07	(0.000000e+00 4.607563e-05 0.000000e+00)
7.164         	2.086678e-07	(0.000000e+00 4.607563e-05 0.000000e+00)
7.165         	2.086568e-07	(0.000000e+00 4.607563e-05 0.000000e+00)
7.166         	2.086462e-07	(0.000000e+00 4.607563e-05 0.000000e+00)
7.167         	2.086355e-07	(0.000000e+00 4.607563e-05 0.000000e+00)
7.168         	2.086245e-07	(0.000000e+00 4.607563e-05 0.000000e+00)
7.169         	2.086130e-07	(0.000000e+00 4.607563e-05 0.000000e+00)
7.17          	2.086019e-07	(0.000000e+00 4.607563e-05 0.000000e+00)
7.171         	2.085910e-07	(0.000000e+00 4.607563e-05 0.000000e+00)
7.172         	2.085791e-07	(0.000000e+00 4.607563e-05 0.000000e+00)
7.173         	2.085679e-07	(0.000000e+00 4.607563e-05 0.000000e+00)
7.174         	2.085571e-07	(0.000000e+00 4.607563e-05 0.000000e+00)
7.175         	2.085466e-07	(0.000000e+00 4.607563e-05 0.000000e+00)
7.176         	2.085362e-07	(0.000000e+00 4.607563e-05 0.000000e+00)
7.177         	2.085252e-07	(0.000000e+00 4.607563e-05 0.000000e+00)
7.178         	2.085137e-07	(0.000000e+00 4.607563e-05 0.000000e+00)
7.179         	2.085023e-07	(0.000000e+00 4.607563e-05 0.000000e+00)
7.18          	2.084915e-07	(0.000000e+00 4.607563e-05 0.000000e+00)
7.181         	2.084806e-07	(0.000000e+00 4.607563e-05 0.000000e+00)
7.182         	2.084707e-07	(0.000000e+00 4.607563e-05 0.000000e+00)
7.183         	2.084596e-07	(0.000000e+00 4.607563e-05 0.000000e+00)
7.184         	2.084477e-07	(0.000000e+00 4.607563e-05 0.000000e+00)
7.185         	2.084361e-07	(0.000000e+00 4.607563e-05 0.000000e+00)
7.186         	2.084247e-07	(0.000000e+00 4.607563e-05 0.000000e+00)
7.187         	2.084141e-07	(0.000000e+00 4.607563e-05 0.000000e+00)
7.188         	2.084033e-07	(0.000000e+00 4.607563e-05 0.000000e+00)
7.189         	2.083926e-07	(0.000000e+00 4.607563e-05 0.000000e+00)
7.19          	2.083822e-07	(0.000000e+00 4.607563e-05 0.000000e+00)
7.191         	2.083710e-07	(0.000000e+00 4.607563e-05 0.000000e+00)
7.192         	2.083599e-07	(0.000000e+00 4.607563e-05 0.000000e+00)
7.193         	2.083488e-07	(0.000000e+00 4.607563e-05 0.000000e+00)
7.194         	2.083376e-07	(0.000000e+00 4.607563e-05 0.000000e+00)
7.195         	2.083270e-07	(0.000000e+00 4.607563e-05 0.000000e+00)
7.196         	2.083155e-07	(0.000000e+00 4.607563e-05 0.000000e+00)
7.197         	2.083045e-07	(0.000000e+00 4.607563e-05 0.000000e+00)
7.198         	2.082935e-07	(0.000000e+00 4.607563e-05 0.000000e+00)
7.199         	2.082827e-07	(0.000000e+00 4.607563e-05 0.000000e+00)
7.2           	2.082718e-07	(0.000000e+00 4.607563e-05 0.000000e+00)
7.201         	2.082624e-07	(0.000000e+00 4.607563e-05 0.000000e+00)
7.202         	2.082499e-07	(0.000000e+00 4.607563e-05 0.000000e+00)
7.203         	2.082381e-07	(0.000000e+00 4.607563e-05 0.000000e+00)
7.204         	2.082272e-07	(0.000000e+00 4.607563e-05 0.000000e+00)
7.205         	2.082167e-07	(0.000000e+00 4.607563e-05 0.000000e+00)
7.206         	2.082063e-07	(0.000000e+00 4.607563e-05 0.000000e+00)
7.207         	2.081955e-07	(0.000000e+00 4.607563e-05 0.000000e+00)
7.208         	2.081846e-07	(0.000000e+00 4.607563e-05 0.000000e+00)
7.209         	2.081735e-07	(0.000000e+00 4.607563e-05 0.000000e+00)
7.21          	2.081625e-07	(0.000000e+00 4.607563e-05 0.000000e+00)
7.211         	2.081516e-07	(0.000000e+00 4.607563e-05 0.000000e+00)
7.212         	2.081407e-07	(0.000000e+00 4.607563e-05 0.000000e+00)
7.213         	2.081296e-07	(0.000000e+00 4.607563e-05 0.000000e+00)
7.214         	2.081186e-07	(0.000000e+00 4.607563e-05 0.000000e+00)
7.215         	2.081077e-07	(0.000000e+00 4.607563e-05 0.000000e+00)
7.216         	2.080968e-07	(0.000000e+00 4.607563e-05 0.000000e+00)
7.217         	2.080863e-07	(0.000000e+00 4.607563e-05 0.000000e+00)
7.218         	2.080753e-07	(0.000000e+00 4.607563e-05 0.000000e+00)
7.219         	2.080645e-07	(0.000000e+00 4.607563e-05 0.000000e+00)
7.22          	2.080538e-07	(0.000000e+00 4.607563e-05 0.000000e+00)
7.221         	2.080428e-07	(0.000000e+00 4.607563e-05 0.000000e+00)
7.222         	2.080319e-07	(0.000000e+00 4.607563e-05 0.000000e+00)
7.223         	2.080210e-07	(0.000000e+00 4.607563e-05 0.000000e+00)
7.224         	2.080100e-07	(0.000000e+00 4.607563e-05 0.000000e+00)
7.225         	2.079991e-07	(0.000000e+00 4.607563e-05 0.000000e+00)
7.226         	2.079883e-07	(0.000000e+00 4.607563e-05 0.000000e+00)
7.227         	2.079776e-07	(0.000000e+00 4.607563e-05 0.000000e+00)
7.228         	2.079667e-07	(0.000000e+00 4.607563e-05 0.000000e+00)
7.229         	2.079563e-07	(0.000000e+00 4.607563e-05 0.000000e+00)
7.23          	2.079448e-07	(0.000000e+00 4.607563e-05 0.000000e+00)
7.231         	2.079336e-07	(0.000000e+00 4.607563e-05 0.000000e+00)
7.232         	2.079230e-07	(0.000000e+00 4.607563e-05 0.000000e+00)
7.233         	2.079126e-07	(0.000000e+00 4.607563e-05 0.000000e+00)
7.234         	2.079011e-07	(0.000000e+00 4.607563e-05 0.000000e+00)
7.235         	2.078900e-07	(0.000000e+00 4.607563e-05 0.000000e+00)
7.236         	2.078795e-07	(0.000000e+00 4.607563e-05 0.000000e+00)
7.237         	2.078686e-07	(0.000000e+00 4.607563e-05 0.000000e+00)
7.238         	2.078577e-07	(0.000000e+00 4.607563e-05 0.000000e+00)
7.239         	2.078471e-07	(0.000000e+00 4.607563e-05 0.000000e+00)
7.24          	2.078362e-07	(0.000000e+00 4.607563e-05 0.000000e+00)
7.241         	2.078257e-07	(0.000000e+00 4.607563e-05 0.000000e+00)
7.242         	2.078149e-07	(0.000000e+00 4.607563e-05 0.000000e+00)
7.243         	2.078038e-07	(0.000000e+00 4.607563e-05 0.000000e+00)
7.244         	2.077932e-07	(0.000000e+00 4.607563e-05 0.000000e+00)
7.245         	2.077827e-07	(0.000000e+00 4.607563e-05 0.000000e+00)
7.246         	2.077703e-07	(0.000000e+00 4.607563e-05 0.000000e+00)
7.247         	2.077591e-07	(0.000000e+00 4.607563e-05 0.000000e+00)
7.248         	2.077487e-07	(0.000000e+00 4.607563e-05 0.000000e+00)
7.249         	2.077384e-07	(0.000000e+00 4.607563e-05 0.000000e+00)
7.25          	2.077280e-07	(0.000000e+00 4.607563e-05 0.000000e+00)
7.251         	2.077173e-07	(0.000000e+00 4.607563e-05 0.000000e+00)
7.252         	2.077068e-07	(0.000000e+00 4.607563e-05 0.000000e+00)
7.253         	2.076962e-07	(0.000000e+00 4.607563e-05 0.000000e+00)
7.254         	2.076842e-07	(0.000000e+00 4.607563e-05 0.000000e+00)
7.255         	2.076730e-07	(0.000000e+00 4.607563e-05 0.000000e+00)
7.256         	2.076630e-07	(0.000000e+00 4.607563e-05 0.000000e+00)
7.257         	2.076518e-07	(0.000000e+00 4.607563e-05 0.000000e+00)
7.258         	2.076409e-07	(0.000000e+00 4.607563e-05 0.000000e+00)
7.259         	2.076304e-07	(0.000000e+00 4.607563e-05 0.000000e+00)
7.26          	2.076197e-07	(0.000000e+00 4.607563e-05 0.000000e+00)
7.261         	2.076093e-07	(0.000000e+00 4.607563e-05 0.000000e+00)
7.262         	2.075979e-07	(0.000000e+00 4.607563e-05 0.000000e+00)
7.263         	2.075869e-07	(0.000000e+00 4.607563e-05 0.000000e+00)
7.264         	2.075765e-07	(0.000000e+00 4.607563e-05 0.000000e+00)
7.265         	2.075656e-07	(0.000000e+00 4.607563e-05 0.000000e+00)
7.266         	2.075550e-07	(0.000000e+00 4.607563e-05 0.000000e+00)
7.267         	2.075443e-07	(0.000000e+00 4.607563e-05 0.000000e+00)
7.268         	2.075333e-07	(0.000000e+00 4.607563e-05 0.000000e+00)
7.269         	2.075228e-07	(0.000000e+00 4.607563e-05 0.000000e+00)
7.27          	2.075116e-07	(0.000000e+00 4.607563e-05 0.000000e+00)
7.271         	2.075007e-07	(0.000000e+00 4.607563e-05 0.000000e+00)
7.272         	2.074907e-07	(0.000000e+00 4.607563e-05 0.000000e+00)
7.273         	2.074797e-07	(0.000000e+00 4.607563e-05 0.000000e+00)
7.274         	2.074688e-07	(0.000000e+00 4.607563e-05 0.000000e+00)
7.275         	2.074574e-07	(0.000000e+00 4.607563e-05 0.000000e+00)
7.276         	2.074465e-07	(0.000000e+00 4.607563e-05 0.000000e+00)
7.277         	2.074360e-07	(0.000000e+00 4.607563e-05 0.000000e+00)
7.278         	2.074256e-07	(0.000000e+00 4.607563e-05 0.000000e+00)
7.279         	2.074151e-07	(0.000000e+00 4.607563e-05 0.000000e+00)
7.28          	2.074043e-07	(0.000000e+00 4.607563e-05 0.000000e+00)
7.281         	2.073936e-07	(0.000000e+00 4.607563e-05 0.000000e+00)
7.282         	2.073828e-07	(0.000000e+00 4.607563e-05 0.000000e+00)
7.283         	2.073724e-07	(0.000000e+00 4.607563e-05 0.000000e+00)
7.284         	2.073612e-07	(0.000000e+00 4.607563e-05 0.000000e+00)
7.285         	2.073502e-07	(0.000000e+00 4.607563e-05 0.000000e+00)
7.286         	2.073394e-07	(0.000000e+00 4.607563e-05 0.000000e+00)
7.287         	2.073294e-07	(0.000000e+00 4.607563e-05 0.000000e+00)
7.288         	2.073182e-07	(0.000000e+00 4.607563e-05 0.000000e+00)
7.289         	2.073072e-07	(0.000000e+00 4.607563e-05 0.000000e+00)
7.29          	2.072970e-07	(0.000000e+00 4.607563e-05 0.000000e+00)
7.291         	2.072860e-07	(0.000000e+00 4.607563e-05 0.000000e+00)
7.292         	2.072750e-07	(0.000000e+00 4.607563e-05 0.000000e+00)
7.293         	2.072643e-07	(0.000000e+00 4.607563e-05 0.000000e+00)
7.294         	2.072543e-07	(0.000000e+00 4.607563e-05 0.000000e+00)
7.295         	2.072433e-07	(0.000000e+00 4.607563e-05 0.000000e+00)
7.296         	2.072323e-07	(0.000000e+00 4.607563e-05 0.000000e+00)
7.297         	2.072220e-07	(0.000000e+00 4.607563e-05 0.000000e+00)
7.298         	2.072110e-07	(0.000000e+00 4.607563e-05 0.000000e+00)
7.299         	2.072006e-07	(0.000000e+00 4.607563e-05 0.000000e+00)
7.3           	2.071906e-07	(0.000000e+00 4.607563e-05 0.000000e+00)
7.301         	2.071786e-07	(0.000000e+00 4.607563e-05 0.000000e+00)
7.302         	2.071680e-07	(0.000000e+00 4.607563e-05 0.000000e+00)
7.303         	2.071566e-07	(0.000000e+00 4.607563e-05 0.000000e+00)
7.304         	2.071459e-07	(0.000000e+00 4.607563e-05 0.000000e+00)
7.305         	2.071356e-07	(0.000000e+00 4.607563e-05 0.000000e+00)
7.306         	2.071253e-07	(0.000000e+00 4.607563e-05 0.000000e+00)
7.307         	2.071150e-07	(0.000000e+00 4.607563e-05 0.000000e+00)
7.308         	2.071055e-07	(0.000000e+00 4.607563e-05 0.000000e+00)
7.309         	2.070950e-07	(0.000000e+00 4.607563e-05 0.000000e+00)
7.31          	2.070820e-07	(0.000000e+00 4.607563e-05 0.000000e+00)
7.311         	2.070715e-07	(0.000000e+00 4.607563e-05 0.000000e+00)
7.312         	2.070603e-07	(0.000000e+00 4.607563e-05 0.000000e+00)
7.313         	2.070498e-07	(0.000000e+00 4.607563e-05 0.000000e+00)
7.314         	2.070396e-07	(0.000000e+00 4.607563e-05 0.000000e+00)
7.315         	2.070293e-07	(0.000000e+00 4.607563e-05 0.000000e+00)
7.316         	2.070188e-07	(0.000000e+00 4.607563e-05 0.000000e+00)
7.317         	2.070081e-07	(0.000000e+00 4.607563e-05 0.000000e+00)
7.318         	2.069974e-07	(0.000000e+00 4.607563e-05 0.000000e+00)
7.319         	2.069870e-07	(0.000000e+00 4.607563e-05 0.000000e+00)
7.32          	2.069763e-07	(0.000000e+00 4.607563e-05 0.000000e+00)
7.321         	2.069653e-07	(0.000000e+00 4.607563e-05 0.000000e+00)
7.322         	2.069546e-07	(0.000000e+00 4.607563e-05 0.000000e+00)
7.323         	2.069440e-07	(0.000000e+00 4.607563e-05 0.000000e+00)
7.324         	2.069329e-07	(0.000000e+00 4.607563e-05 0.000000e+00)
7.325         	2.069222e-07	(0.000000e+00 4.607563e-05 0.000000e+00)
7.326         	2.069119e-07	(0.000000e+00 4.607563e-05 0.000000e+00)
7.327         	2.069018e-07	(0.000000e+00 4.607563e-05 0.000000e+00)
7.328         	2.068912e-07	(0.000000e+00 4.607563e-05 0.000000e+00)
7.329         	2.068805e-07	(0.000000e+00 4.607563e-05 0.000000e+00)
7.33          	2.068702e-07	(0.000000e+00 4.607563e-05 0.000000e+00)
7.331         	2.068585e-07	(0.000000e+00 4.607563e-05 0.000000e+00)
7.332         	2.068476e-07	(0.000000e+00 4.607563e-05 0.000000e+00)
7.333         	2.068372e-07	(0.000000e+00 4.607563e-05 0.000000e+00)
7.334         	2.068270e-07	(0.000000e+00 4.607563e-05 0.000000e+00)
7.335         	2.068169e-07	(0.000000e+00 4.607563e-05 0.000000e+00)
7.336         	2.068063e-07	(0.000000e+00 4.607563e-05 0.000000e+00)
7.337         	2.067952e-07	(0.000000e+00 4.607563e-05 0.000000e+00)
7.338         	2.067845e-07	(0.000000e+00 4.607563e-05 0.000000e+00)
7.339         	2.067739e-07	(0.000000e+00 4.607563e-05 0.000000e+00)
7.34          	2.067632e-07	(0.000000e+00 4.607563e-05 0.000000e+00)
7.341         	2.067528e-07	(0.000000e+00 4.607563e-05 0.000000e+00)
7.342         	2.067430e-07	(0.000000e+00 4.607563e-05 0.000000e+00)
7.343         	2.067322e-07	(0.000000e+00 4.607563e-05 0.000000e+00)
7.344         	2.067209e-07	(0.000000e+00 4.607563e-05 0.000000e+00)
7.345         	2.067096e-07	(0.000000e+00 4.607563e-05 0.000000e+00)
7.346         	2.066991e-07	(0.000000e+00 4.607563e-05 0.000000e+00)
7.347         	2.066884e-07	(0.000000e+00 4.607563e-05 0.000000e+00)
7.348         	2.066780e-07	(0.000000e+00 4.607563e-05 0.000000e+00)
7.349         	2.066678e-07	(0.000000e+00 4.607563e-05 0.000000e+00)
7.35          	2.066575e-07	(0.000000e+00 4.607563e-05 0.000000e+00)
7.351         	2.066469e-07	(0.000000e+00 4.607563e-05 0.000000e+00)
7.352         	2.066367e-07	(0.000000e+00 4.607563e-05 0.000000e+00)
7.353         	2.066261e-07	(0.000000e+00 4.607563e-05 0.000000e+00)
7.354         	2.066151e-07	(0.000000e+00 4.607563e-05 0.000000e+00)
7.355         	2.066039e-07	(0.000000e+00 4.607563e-05 0.000000e+00)
7.356         	2.065932e-07	(0.000000e+00 4.607563e-05 0.000000e+00)
7.357         	2.065829e-07	(0.000000e+00 4.607563e-05 0.000000e+00)
7.358         	2.065729e-07	(0.000000e+00 4.607563e-05 0.000000e+00)
7.359         	2.065625e-07	(0.000000e+00 4.607563e-05 0.000000e+00)
7.36          	2.065520e-07	(0.000000e+00 4.607563e-05 0.000000e+00)
7.361         	2.065412e-07	(0.000000e+00 4.607563e-05 0.000000e+00)
7.362         	2.065313e-07	(0.000000e+00 4.607563e-05 0.000000e+00)
7.363         	2.065206e-07	(0.000000e+00 4.607563e-05 0.000000e+00)
7.364         	2.065093e-07	(0.000000e+00 4.607563e-05 0.000000e+00)
7.365         	2.064983e-07	(0.000000e+00 4.607563e-05 0.000000e+00)
7.366         	2.064878e-07	(0.000000e+00 4.607563e-05 0.000000e+00)
7.367         	2.064774e-07	(0.000000e+00 4.607563e-05 0.000000e+00)
7.368         	2.064675e-07	(0.000000e+00 4.607563e-05 0.000000e+00)
7.369         	2.064568e-07	(0.000000e+00 4.607563e-05 0.000000e+00)
7.37          	2.064462e-07	(0.000000e+00 4.607563e-05 0.000000e+00)
7.371         	2.064359e-07	(0.000000e+00 4.607563e-05 0.000000e+00)
7.372         	2.064254e-07	(0.000000e+00 4.607563e-05 0.000000e+00)
7.373         	2.064147e-07	(0.000000e+00 4.607563e-05 0.000000e+00)
7.374         	2.064043e-07	(0.000000e+00 4.607563e-05 0.000000e+00)
7.375         	2.063936e-07	(0.000000e+00 4.607563e-05 0.000000e+00)
7.376         	2.063829e-07	(0.000000e+00 4.607563e-05 0.000000e+00)
7.377         	2.063725e-07	(0.000000e+00 4.607563e-05 0.000000e+00)
7.378         	2.063620e-07	(0.000000e+00 4.607563e-05 0.000000e+00)
7.379         	2.063516e-07	(0.000000e+00 4.607563e-05 0.000000e+00)
7.38          	2.063411e-07	(0.000000e+00 4.607563e-05 0.000000e+00)
7.381         	2.063308e-07	(0.000000e+00 4.607563e-05 0.000000e+00)
7.382         	2.063200e-07	(0.000000e+00 4.607563e-05 0.000000e+00)
7.383         	2.063097e-07	(0.000000e+00 4.607563e-05 0.000000e+00)
7.384         	2.062990e-07	(0.000000e+00 4.607563e-05 0.000000e+00)
7.385         	2.062883e-07	(0.000000e+00 4.607563e-05 0.000000e+00)
7.386         	2.062778e-07	(0.000000e+00 4.607563e-05 0.000000e+00)
7.387         	2.062677e-07	(0.000000e+00 4.607563e-05 0.000000e+00)
7.388         	2.062570e-07	(0.000000e+00 4.607563e-05 0.000000e+00)
7.389         	2.062467e-07	(0.000000e+00 4.607563e-05 0.000000e+00)
7.39          	2.062361e-07	(0.000000e+00 4.607563e-05 0.000000e+00)
7.391         	2.062256e-07	(0.000000e+00 4.607563e-05 0.000000e+00)
7.392         	2.062161e-07	(0.000000e+00 4.607563e-05 0.000000e+00)
7.393         	2.062048e-07	(0.000000e+00 4.607563e-05 0.000000e+00)
7.394         	2.061939e-07	(0.000000e+00 4.607563e-05 0.000000e+00)
7.395         	2.061835e-07	(0.000000e+00 4.607563e-05 0.000000e+00)
7.396         	2.061734e-07	(0.000000e+00 4.607563e-05 0.000000e+00)
7.397         	2.061633e-07	(0.000000e+00 4.607563e-05 0.000000e+00)
7.398         	2.061528e-07	(0.000000e+00 4.607563e-05 0.000000e+00)
7.399         	2.061422e-07	(0.000000e+00 4.607563e-05 0.000000e+00)
7.4           	2.061316e-07	(0.000000e+00 4.607563e-05 0.000000e+00)
7.401         	2.061211e-07	(0.000000e+00 4.607563e-05 0.000000e+00)
7.402         	2.061108e-07	(0.000000e+00 4.607563e-05 0.000000e+00)
7.403         	2.061002e-07	(0.000000e+00 4.607563e-05 0.000000e+00)
7.404         	2.060898e-07	(0.000000e+00 4.607563e-05 0.000000e+00)
7.405         	2.060803e-07	(0.000000e+00 4.607563e-05 0.000000e+00)
7.406         	2.060692e-07	(0.000000e+00 4.607563e-05 0.000000e+00)
7.407         	2.060579e-07	(0.000000e+00 4.607563e-05 0.000000e+00)
7.408         	2.060474e-07	(0.000000e+00 4.607563e-05 0.000000e+00)
7.409         	2.060374e-07	(0.000000e+00 4.607563e-05 0.000000e+00)
7.41          	2.060271e-07	(0.000000e+00 4.607563e-05 0.000000e+00)
7.411         	2.060172e-07	(0.000000e+00 4.607563e-05 0.000000e+00)
7.412         	2.060069e-07	(0.000000e+00 4.607563e-05 0.000000e+00)
7.413         	2.059959e-07	(0.000000e+00 4.607563e-05 0.000000e+00)
7.414         	2.059850e-07	(0.000000e+00 4.607563e-05 0.000000e+00)
7.415         	2.059749e-07	(0.000000e+00 4.607563e-05 0.000000e+00)
7.416         	2.059652e-07	(0.000000e+00 4.607563e-05 0.000000e+00)
7.417         	2.059552e-07	(0.000000e+00 4.607563e-05 0.000000e+00)
7.418         	2.059432e-07	(0.000000e+00 4.607563e-05 0.000000e+00)
7.419         	2.059338e-07	(0.000000e+00 4.607563e-05 0.000000e+00)
7.42          	2.059222e-07	(0.000000e+00 4.607563e-05 0.000000e+00)
7.421         	2.059117e-07	(0.000000e+00 4.607563e-05 0.000000e+00)
7.422         	2.059030e-07	(0.000000e+00 4.607563e-05 0.000000e+00)
7.423         	2.058913e-07	(0.000000e+00 4.607563e-05 0.000000e+00)
7.424         	2.058805e-07	(0.000000e+00 4.607563e-05 0.000000e+00)
7.425         	2.058706e-07	(0.000000e+00 4.607563e-05 0.000000e+00)
7.426         	2.058604e-07	(0.000000e+00 4.607563e-05 0.000000e+00)
7.427         	2.058503e-07	(0.000000e+00 4.607563e-05 0.000000e+00)
7.428         	2.058402e-07	(0.000000e+00 4.607563e-05 0.000000e+00)
7.429         	2.058293e-07	(0.000000e+00 4.607563e-05 0.000000e+00)
7.43          	2.058186e-07	(0.000000e+00 4.607563e-05 0.000000e+00)
7.431         	2.058083e-07	(0.000000e+00 4.607563e-05 0.000000e+00)
7.432         	2.057981e-07	(0.000000e+00 4.607563e-05 0.000000e+00)
7.433         	2.057878e-07	(0.000000e+00 4.607563e-05 0.000000e+00)
7.434         	2.057774e-07	(0.000000e+00 4.607563e-05 0.000000e+00)
7.435         	2.057668e-07	(0.000000e+00 4.607563e-05 0.000000e+00)
7.436         	2.057565e-07	(0.000000e+00 4.607563e-05 0.000000e+00)
7.437         	2.057463e-07	(0.000000e+00 4.607563e-05 0.000000e+00)
7.438         	2.057368e-07	(0.000000e+00 4.607563e-05 0.000000e+00)
7.439         	2.057255e-07	(0.000000e+00 4.607563e-05 0.000000e+00)
7.44          	2.057146e-07	(0.000000e+00 4.607563e-05 0.000000e+00)
7.441         	2.057047e-07	(0.000000e+00 4.607563e-05 0.000000e+00)
7.442         	2.056940e-07	(0.000000e+00 4.607563e-05 0.000000e+00)
7.443         	2.056836e-07	(0.000000e+00 4.607563e-05 0.000000e+00)
7.444         	2.056733e-07	(0.000000e+00 4.607563e-05 0.000000e+00)
7.445         	2.056632e-07	(0.000000e+00 4.607563e-05 0.000000e+00)
7.446         	2.056528e-07	(0.000000e+00 4.607563e-05 0.000000e+00)
7.447         	2.056424e-07	(0.000000e+00 4.607563e-05 0.000000e+00)
7.448         	2.056322e-07	(0.000000e+00 4.607563e-05 0.000000e+00)
7.449         	2.056218e-07	(0.000000e+00 4.607563e-05 0.000000e+00)
7.45          	2.056115e-07	(0.000000e+00 4.607563e-05 0.000000e+00)
7.451         	2.056011e-07	(0.000000e+00 4.607563e-05 0.000000e+00)
7.452         	2.055908e-07	(0.000000e+00 4.607563e-05 0.000000e+00)
7.453         	2.055807e-07	(0.000000e+00 4.607563e-05 0.000000e+00)
7.454         	2.055703e-07	(0.000000e+00 4.607563e-05 0.000000e+00)
7.455         	2.055601e-07	(0.000000e+00 4.607563e-05 0.000000e+00)
7.456         	2.055495e-07	(0.000000e+00 4.607563e-05 0.000000e+00)
7.457         	2.055391e-07	(0.000000e+00 4.607563e-05 0.000000e+00)
7.458         	2.055283e-07	(0.000000e+00 4.607563e-05 0.000000e+00)
7.459         	2.055179e-07	(0.000000e+00 4.607563e-05 0.000000e+00)
7.46          	2.055078e-07	(0.000000e+00 4.607563e-05 0.000000e+00)
7.461         	2.054977e-07	(0.000000e+00 4.607563e-05 0.000000e+00)
7.462         	2.054875e-07	(0.000000e+00 4.607563e-05 0.000000e+00)
7.463         	2.054773e-07	(0.000000e+00 4.607563e-05 0.000000e+00)
7.464         	2.054669e-07	(0.000000e+00 4.607563e-05 0.000000e+00)
7.465         	2.054567e-07	(0.000000e+00 4.607563e-05 0.000000e+00)
7.466         	2.054463e-07	(0.000000e+00 4.607563e-05 0.000000e+00)
7.467         	2.054358e-07	(0.000000e+00 4.607563e-05 0.000000e+00)
7.468         	2.054254e-07	(0.000000e+00 4.607563e-05 0.000000e+00)
7.469         	2.054153e-07	(0.000000e+00 4.607563e-05 0.000000e+00)
7.47          	2.054056e-07	(0.000000e+00 4.607563e-05 0.000000e+00)
7.471         	2.053946e-07	(0.000000e+00 4.607563e-05 0.000000e+00)
7.472         	2.053847e-07	(0.000000e+00 4.607563e-05 0.000000e+00)
7.473         	2.053740e-07	(0.000000e+00 4.607563e-05 0.000000e+00)
7.474         	2.053635e-07	(0.000000e+00 4.607563e-05 0.000000e+00)
7.475         	2.053532e-07	(0.000000e+00 4.607563e-05 0.000000e+00)
7.476         	2.053433e-07	(0.000000e+00 4.607563e-05 0.000000e+00)
7.477         	2.053333e-07	(0.000000e+00 4.607563e-05 0.000000e+00)
7.478         	2.053235e-07	(0.000000e+00 4.607563e-05 0.000000e+00)
7.479         	2.053129e-07	(0.000000e+00 4.607563e-05 0.000000e+00)
7.48          	2.053019e-07	(0.000000e+00 4.607563e-05 0.000000e+00)
7.481         	2.052913e-07	(0.000000e+00 4.607563e-05 0.000000e+00)
7.482         	2.052812e-07	(0.000000e+00 4.607563e-05 0.000000e+00)
7.483         	2.052713e-07	(0.000000e+00 4.607563e-05 0.000000e+00)
7.484         	2.052616e-07	(0.000000e+00 4.607563e-05 0.000000e+00)
7.485         	2.052511e-07	(0.000000e+00 4.607563e-05 0.000000e+00)
7.486         	2.052412e-07	(0.000000e+00 4.607563e-05 0.000000e+00)
7.487         	2.052302e-07	(0.000000e+00 4.607563e-05 0.000000e+00)
7.488         	2.052196e-07	(0.000000e+00 4.607563e-05 0.000000e+00)
7.489         	2.052095e-07	(0.000000e+00 4.607563e-05 0.000000e+00)
7.49          	2.051998e-07	(0.000000e+00 4.607563e-05 0.000000e+00)
7.491         	2.051899e-07	(0.000000e+00 4.607563e-05 0.000000e+00)
7.492         	2.051793e-07	(0.000000e+00 4.607563e-05 0.000000e+00)
7.493         	2.051690e-07	(0.000000e+00 4.607563e-05 0.000000e+00)
7.494         	2.051586e-07	(0.000000e+00 4.607563e-05 0.000000e+00)
7.495         	2.051486e-07	(0.000000e+00 4.607563e-05 0.000000e+00)
7.496         	2.051395e-07	(0.000000e+00 4.607563e-05 0.000000e+00)
7.497         	2.051286e-07	(0.000000e+00 4.607563e-05 0.000000e+00)
7.498         	2.051177e-07	(0.000000e+00 4.607563e-05 0.000000e+00)
7.499         	2.051074e-07	(0.000000e+00 4.607563e-05 0.000000e+00)
7.5           	2.050972e-07	(0.000000e+00 4.607563e-05 0.000000e+00)
7.501         	2.050874e-07	(0.000000e+00 4.607563e-05 0.000000e+00)
7.502         	2.050772e-07	(0.000000e+00 4.607563e-05 0.000000e+00)
7.503         	2.050672e-07	(0.000000e+00 4.607563e-05 0.000000e+00)
7.504         	2.050568e-07	(0.000000e+00 4.607563e-05 0.000000e+00)
7.505         	2.050468e-07	(0.000000e+00 4.607563e-05 0.000000e+00)
7.506         	2.050362e-07	(0.000000e+00 4.607563e-05 0.000000e+00)
7.507         	2.050260e-07	(0.000000e+00 4.607563e-05 0.000000e+00)
7.508         	2.050156e-07	(0.000000e+00 4.607563e-05 0.000000e+00)
7.509         	2.050055e-07	(0.000000e+00 4.607563e-05 0.000000e+00)
7.51          	2.049952e-07	(0.000000e+00 4.607563e-05 0.000000e+00)
7.511         	2.049852e-07	(0.000000e+00 4.607563e-05 0.000000e+00)
7.512         	2.049749e-07	(0.000000e+00 4.607563e-05 0.000000e+00)
7.513         	2.049648e-07	(0.000000e+00 4.607563e-05 0.000000e+00)
7.514         	2.049546e-07	(0.000000e+00 4.607563e-05 0.000000e+00)
7.515         	2.049444e-07	(0.000000e+00 4.607563e-05 0.000000e+00)
7.516         	2.049339e-07	(0.000000e+00 4.607563e-05 0.000000e+00)
7.517         	2.049237e-07	(0.000000e+00 4.607563e-05 0.000000e+00)
7.518         	2.049134e-07	(0.000000e+00 4.607563e-05 0.000000e+00)
7.519         	2.049034e-07	(0.000000e+00 4.607563e-05 0.000000e+00)
7.52          	2.048931e-07	(0.000000e+00 4.607563e-05 0.000000e+00)
7.521         	2.048831e-07	(0.000000e+00 4.607563e-05 0.000000e+00)
7.522         	2.048727e-07	(0.000000e+00 4.607563e-05 0.000000e+00)
7.523         	2.048626e-07	(0.000000e+00 4.607563e-05 0.000000e+00)
7.524         	2.048523e-07	(0.000000e+00 4.607563e-05 0.000000e+00)
7.525         	2.048422e-07	(0.000000e+00 4.607563e-05 0.000000e+00)
7.526         	2.048318e-07	(0.000000e+00 4.607563e-05 0.000000e+00)
7.527         	2.048217e-07	(0.000000e+00 4.607563e-05 0.000000e+00)
7.528         	2.048113e-07	(0.000000e+00 4.607563e-05 0.000000e+00)
7.529         	2.048013e-07	(0.000000e+00 4.607563e-05 0.000000e+00)
7.53          	2.047909e-07	(0.000000e+00 4.607563e-05 0.000000e+00)
7.531         	2.047809e-07	(0.000000e+00 4.607563e-05 0.000000e+00)
7.532         	2.047706e-07	(0.000000e+00 4.607563e-05 0.000000e+00)
7.533         	2.047606e-07	(0.000000e+00 4.607563e-05 0.000000e+00)
7.534         	2.047503e-07	(0.000000e+00 4.607563e-05 0.000000e+00)
7.535         	2.047403e-07	(0.000000e+00 4.607563e-05 0.000000e+00)
7.536         	2.047299e-07	(0.000000e+00 4.607563e-05 0.000000e+00)
7.537         	2.047199e-07	(0.000000e+00 4.607563e-05 0.000000e+00)
7.538         	2.047096e-07	(0.000000e+00 4.607563e-05 0.000000e+00)
7.539         	2.046996e-07	(0.000000e+00 4.607563e-05 0.000000e+00)
7.54          	2.046893e-07	(0.000000e+00 4.607563e-05 0.000000e+00)
7.541         	2.046793e-07	(0.000000e+00 4.607563e-05 0.000000e+00)
7.542         	2.046691e-07	(0.000000e+00 4.607563e-05 0.000000e+00)
7.543         	2.046591e-07	(0.000000e+00 4.607563e-05 0.000000e+00)
7.544         	2.046489e-07	(0.000000e+00 4.607563e-05 0.000000e+00)
7.545         	2.046389e-07	(0.000000e+00 4.607563e-05 0.000000e+00)
7.546         	2.046293e-07	(0.000000e+00 4.607563e-05 0.000000e+00)
7.547         	2.046188e-07	(0.000000e+00 4.607563e-05 0.000000e+00)
7.548         	2.046082e-07	(0.000000e+00 4.607563e-05 0.000000e+00)
7.549         	2.045983e-07	(0.000000e+00 4.607563e-05 0.000000e+00)
7.55          	2.045882e-07	(0.000000e+00 4.607563e-05 0.000000e+00)
7.551         	2.045786e-07	(0.000000e+00 4.607563e-05 0.000000e+00)
7.552         	2.045682e-07	(0.000000e+00 4.607563e-05 0.000000e+00)
7.553         	2.045582e-07	(0.000000e+00 4.607563e-05 0.000000e+00)
7.554         	2.045478e-07	(0.000000e+00 4.607563e-05 0.000000e+00)
7.555         	2.045378e-07	(0.000000e+00 4.607563e-05 0.000000e+00)
7.556         	2.045277e-07	(0.000000e+00 4.607563e-05 0.000000e+00)
7.557         	2.045178e-07	(0.000000e+00 4.607563e-05 0.000000e+00)
7.558         	2.045078e-07	(0.000000e+00 4.607563e-05 0.000000e+00)
7.559         	2.044982e-07	(0.000000e+00 4.607563e-05 0.000000e+00)
7.56          	2.044879e-07	(0.000000e+00 4.607563e-05 0.000000e+00)
7.561         	2.044774e-07	(0.000000e+00 4.607563e-05 0.000000e+00)
7.562         	2.044671e-07	(0.000000e+00 4.607563e-05 0.000000e+00)
7.563         	2.044572e-07	(0.000000e+00 4.607563e-05 0.000000e+00)
7.564         	2.044473e-07	(0.000000e+00 4.607563e-05 0.000000e+00)
7.565         	2.044373e-07	(0.000000e+00 4.607563e-05 0.000000e+00)
7.566         	2.044270e-07	(0.000000e+00 4.607563e-05 0.000000e+00)
7.567         	2.044173e-07	(0.000000e+00 4.607563e-05 0.000000e+00)
7.568         	2.044074e-07	(0.000000e+00 4.607563e-05 0.000000e+00)
7.569         	2.043967e-07	(0.000000e+00 4.607563e-05 0.000000e+00)
7.57          	2.043864e-07	(0.000000e+00 4.607563e-05 0.000000e+00)
7.571         	2.043764e-07	(0.000000e+00 4.607563e-05 0.000000e+00)
7.572         	2.043665e-07	(0.000000e+00 4.607563e-05 0.000000e+00)
7.573         	2.043565e-07	(0.000000e+00 4.607563e-05 0.000000e+00)
7.574         	2.043468e-07	(0.000000e+00 4.607563e-05 0.000000e+00)
7.575         	2.043368e-07	(0.000000e+00 4.607563e-05 0.000000e+00)
7.576         	2.043264e-07	(0.000000e+00 4.607563e-05 0.000000e+00)
7.577         	2.043162e-07	(0.000000e+00 4.607563e-05 0.000000e+00)
7.578         	2.043062e-07	(0.000000e+00 4.607563e-05 0.000000e+00)
7.579         	2.042962e-07	(0.000000e+00 4.607563e-05 0.000000e+00)
7.58          	2.042862e-07	(0.000000e+00 4.607563e-05 0.000000e+00)
7.581         	2.042763e-07	(0.000000e+00 4.607563e-05 0.000000e+00)
7.582         	2.042662e-07	(0.000000e+00 4.607563e-05 0.000000e+00)
7.583         	2.042563e-07	(0.000000e+00 4.607563e-05 0.000000e+00)
7.584         	2.042461e-07	(0.000000e+00 4.607563e-05 0.000000e+00)
7.585         	2.042360e-07	(0.000000e+00 4.607563e-05 0.000000e+00)
7.586         	2.042263e-07	(0.000000e+00 4.607563e-05 0.000000e+00)
7.587         	2.042160e-07	(0.000000e+00 4.607563e-05 0.000000e+00)
7.588         	2.042058e-07	(0.000000e+00 4.607563e-05 0.000000e+00)
7.589         	2.041963e-07	(0.000000e+00 4.607563e-05 0.000000e+00)
7.59          	2.041862e-07	(0.000000e+00 4.607563e-05 0.000000e+00)
7.591         	2.041769e-07	(0.000000e+00 4.607563e-05 0.000000e+00)
7.592         	2.041657e-07	(0.000000e+00 4.607563e-05 0.000000e+00)
7.593         	2.041551e-07	(0.000000e+00 4.607563e-05 0.000000e+00)
7.594         	2.041451e-07	(0.000000e+00 4.607563e-05 0.000000e+00)
7.595         	2.041352e-07	(0.000000e+00 4.607563e-05 0.000000e+00)
7.596         	2.041255e-07	(0.000000e+00 4.607563e-05 0.000000e+00)
7.597         	2.041161e-07	(0.000000e+00 4.607563e-05 0.000000e+00)
7.598         	2.041057e-07	(0.000000e+00 4.607563e-05 0.000000e+00)
7.599         	2.040955e-07	(0.000000e+00 4.607563e-05 0.000000e+00)
7.6           	2.040854e-07	(0.000000e+00 4.607563e-05 0.000000e+00)
7.601         	2.040759e-07	(0.000000e+00 4.607563e-05 0.000000e+00)
7.602         	2.040656e-07	(0.000000e+00 4.607563e-05 0.000000e+00)
7.603         	2.040554e-07	(0.000000e+00 4.607563e-05 0.000000e+00)
7.604         	2.040456e-07	(0.000000e+00 4.607563e-05 0.000000e+00)
7.605         	2.040356e-07	(0.000000e+00 4.607563e-05 0.000000e+00)
7.606         	2.040264e-07	(0.000000e+00 4.607563e-05 0.000000e+00)
7.607         	2.040168e-07	(0.000000e+00 4.607563e-05 0.000000e+00)
7.608         	2.040059e-07	(0.000000e+00 4.607563e-05 0.000000e+00)
7.609         	2.039975e-07	(0.000000e+00 4.607563e-05 0.000000e+00)
7.61          	2.039851e-07	(0.000000e+00 4.607563e-05 0.000000e+00)
7.611         	2.039740e-07	(0.000000e+00 4.607563e-05 0.000000e+00)
7.612         	2.039645e-07	(0.000000e+00 4.607563e-05 0.000000e+00)
7.613         	2.039557e-07	(0.000000e+00 4.607563e-05 0.000000e+00)
7.614         	2.039466e-07	(0.000000e+00 4.607563e-05 0.000000e+00)
7.615         	2.039370e-07	(0.000000e+00 4.607563e-05 0.000000e+00)
7.616         	2.039267e-07	(0.000000e+00 4.607563e-05 0.000000e+00)
7.617         	2.039164e-07	(0.000000e+00 4.607563e-05 0.000000e+00)
7.618         	2.039063e-07	(0.000000e+00 4.607563e-05 0.000000e+00)
7.619         	2.038961e-07	(0.000000e+00 4.607563e-05 0.000000e+00)
7.62          	2.038861e-07	(0.000000e+00 4.607563e-05 0.000000e+00)
7.621         	2.038766e-07	(0.000000e+00 4.607563e-05 0.000000e+00)
7.622         	2.038665e-07	(0.000000e+00 4.607563e-05 0.000000e+00)
7.623         	2.038564e-07	(0.000000e+00 4.607563e-05 0.000000e+00)
7.624         	2.038466e-07	(0.000000e+00 4.607563e-05 0.000000e+00)
7.625         	2.038366e-07	(0.000000e+00 4.607563e-05 0.000000e+00)
7.626         	2.038270e-07	(0.000000e+00 4.607563e-05 0.000000e+00)
7.627         	2.038168e-07	(0.000000e+00 4.607563e-05 0.000000e+00)
7.628         	2.038070e-07	(0.000000e+00 4.607563e-05 0.000000e+00)
7.629         	2.037970e-07	(0.000000e+00 4.607563e-05 0.000000e+00)
7.63          	2.037867e-07	(0.000000e+00 4.607563e-05 0.000000e+00)
7.631         	2.037768e-07	(0.000000e+00 4.607563e-05 0.000000e+00)
7.632         	2.037671e-07	(0.000000e+00 4.607563e-05 0.000000e+00)
7.633         	2.037572e-07	(0.000000e+00 4.607563e-05 0.000000e+00)
7.634         	2.037473e-07	(0.000000e+00 4.607563e-05 0.000000e+00)
7.635         	2.037373e-07	(0.000000e+00 4.607563e-05 0.000000e+00)
7.636         	2.037275e-07	(0.000000e+00 4.607563e-05 0.000000e+00)
7.637         	2.037181e-07	(0.000000e+00 4.607563e-05 0.000000e+00)
7.638         	2.037076e-07	(0.000000e+00 4.607563e-05 0.000000e+00)
7.639         	2.036983e-07	(0.000000e+00 4.607563e-05 0.000000e+00)
7.64          	2.036873e-07	(0.000000e+00 4.607563e-05 0.000000e+00)
7.641         	2.036770e-07	(0.000000e+00 4.607563e-05 0.000000e+00)
7.642         	2.036675e-07	(0.000000e+00 4.607563e-05 0.000000e+00)
7.643         	2.036593e-07	(0.000000e+00 4.607563e-05 0.000000e+00)
7.644         	2.036483e-07	(0.000000e+00 4.607563e-05 0.000000e+00)
7.645         	2.036376e-07	(0.000000e+00 4.607563e-05 0.000000e+00)
7.646         	2.036275e-07	(0.000000e+00 4.607563e-05 0.000000e+00)
7.647         	2.036180e-07	(0.000000e+00 4.607563e-05 0.000000e+00)
7.648         	2.036082e-07	(0.000000e+00 4.607563e-05 0.000000e+00)
7.649         	2.035985e-07	(0.000000e+00 4.607563e-05 0.000000e+00)
7.65          	2.035886e-07	(0.000000e+00 4.607563e-05 0.000000e+00)
7.651         	2.035788e-07	(0.000000e+00 4.607563e-05 0.000000e+00)
7.652         	2.035687e-07	(0.000000e+00 4.607563e-05 0.000000e+00)
7.653         	2.035589e-07	(0.000000e+00 4.607563e-05 0.000000e+00)
7.654         	2.035493e-07	(0.000000e+00 4.607563e-05 0.000000e+00)
7.655         	2.035392e-07	(0.000000e+00 4.607563e-05 0.000000e+00)
7.656         	2.035292e-07	(0.000000e+00 4.607563e-05 0.000000e+00)
7.657         	2.035194e-07	(0.000000e+00 4.607563e-05 0.000000e+00)
7.658         	2.035092e-07	(0.000000e+00 4.607563e-05 0.000000e+00)
7.659         	2.034994e-07	(0.000000e+00 4.607563e-05 0.000000e+00)
7.66          	2.034909e-07	(0.000000e+00 4.607563e-05 0.000000e+00)
7.661         	2.034799e-07	(0.000000e+00 4.607563e-05 0.000000e+00)
7.662         	2.034695e-07	(0.000000e+00 4.607563e-05 0.000000e+00)
7.663         	2.034596e-07	(0.000000e+00 4.607563e-05 0.000000e+00)
7.664         	2.034501e-07	(0.000000e+00 4.607563e-05 0.000000e+00)
7.665         	2.034405e-07	(0.000000e+00 4.607563e-05 0.000000e+00)
7.666         	2.034307e-07	(0.000000e+00 4.607563e-05 0.000000e+00)
7.667         	2.034208e-07	(0.000000e+00 4.607563e-05 0.000000e+00)
7.668         	2.034109e-07	(0.000000e+00 4.607563e-05 0.000000e+00)
7.669         	2.034011e-07	(0.000000e+00 4.607563e-05 0.000000e+00)
7.67          	2.033912e-07	(0.000000e+00 4.607563e-05 0.000000e+00)
7.671         	2.033814e-07	(0.000000e+00 4.607563e-05 0.000000e+00)
7.672         	2.033719e-07	(0.000000e+00 4.607563e-05 0.000000e+00)
7.673         	2.033622e-07	(0.000000e+00 4.607563e-05 0.000000e+00)
7.674         	2.033518e-07	(0.000000e+00 4.607563e-05 0.000000e+00)
7.675         	2.033420e-07	(0.000000e+00 4.607563e-05 0.000000e+00)
7.676         	2.033317e-07	(0.000000e+00 4.607563e-05 0.000000e+00)
7.677         	2.033220e-07	(0.000000e+00 4.607563e-05 0.000000e+00)
7.678         	2.033130e-07	(0.000000e+00 4.607563e-05 0.000000e+00)
7.679         	2.033025e-07	(0.000000e+00 4.607563e-05 0.000000e+00)
7.68          	2.032924e-07	(0.000000e+00 4.607563e-05 0.000000e+00)
7.681         	2.032828e-07	(0.000000e+00 4.607563e-05 0.000000e+00)
7.682         	2.032730e-07	(0.000000e+00 4.607563e-05 0.000000e+00)
7.683         	2.032641e-07	(0.000000e+00 4.607563e-05 0.000000e+00)
7.684         	2.032535e-07	(0.000000e+00 4.607563e-05 0.000000e+00)
7.685         	2.032432e-07	(0.000000e+00 4.607563e-05 0.000000e+00)
7.686         	2.032336e-07	(0.000000e+00 4.607563e-05 0.000000e+00)
7.687         	2.032238e-07	(0.000000e+00 4.607563e-05 0.000000e+00)
7.688         	2.032144e-07	(0.000000e+00 4.607563e-05 0.000000e+00)
7.689         	2.032051e-07	(0.000000e+00 4.607563e-05 0.000000e+00)
7.69          	2.031945e-07	(0.000000e+00 4.607563e-05 0.000000e+00)
7.691         	2.031845e-07	(0.000000e+00 4.607563e-05 0.000000e+00)
7.692         	2.031752e-07	(0.000000e+00 4.607563e-05 0.000000e+00)
7.693         	2.031652e-07	(0.000000e+00 4.607563e-05 0.000000e+00)
7.694         	2.031554e-07	(0.000000e+00 4.607563e-05 0.000000e+00)
7.695         	2.031469e-07	(0.000000e+00 4.607563e-05 0.000000e+00)
7.696         	2.031360e-07	(0.000000e+00 4.607563e-05 0.000000e+00)
7.697         	2.031254e-07	(0.000000e+00 4.607563e-05 0.000000e+00)
7.698         	2.031157e-07	(0.000000e+00 4.607563e-05 0.000000e+00)
7.699         	2.031064e-07	(0.000000e+00 4.607563e-05 0.000000e+00)
7.7           	2.030969e-07	(0.000000e+00 4.607563e-05 0.000000e+00)
7.701         	2.030878e-07	(0.000000e+00 4.607563e-05 0.000000e+00)
7.702         	2.030777e-07	(0.000000e+00 4.607563e-05 0.000000e+00)
7.703         	2.030673e-07	(0.000000e+00 4.607563e-05 0.000000e+00)
7.704         	2.030572e-07	(0.000000e+00 4.607563e-05 0.000000e+00)
7.705         	2.030476e-07	(0.000000e+00 4.607563e-05 0.000000e+00)
7.706         	2.030384e-07	(0.000000e+00 4.607563e-05 0.000000e+00)
7.707         	2.030287e-07	(0.000000e+00 4.607563e-05 0.000000e+00)
7.708         	2.030186e-07	(0.000000e+00 4.607563e-05 0.000000e+00)
7.709         	2.030084e-07	(0.000000e+00 4.607563e-05 0.000000e+00)
7.71          	2.029985e-07	(0.000000e+00 4.607563e-05 0.000000e+00)
7.711         	2.029889e-07	(0.000000e+00 4.607563e-05 0.000000e+00)
7.712         	2.029793e-07	(0.000000e+00 4.607563e-05 0.000000e+00)
7.713         	2.029697e-07	(0.000000e+00 4.607563e-05 0.000000e+00)
7.714         	2.029601e-07	(0.000000e+00 4.607563e-05 0.000000e+00)
7.715         	2.029506e-07	(0.000000e+00 4.607563e-05 0.000000e+00)
7.716         	2.029407e-07	(0.000000e+00 4.607563e-05 0.000000e+00)
7.717         	2.029305e-07	(0.000000e+00 4.607563e-05 0.000000e+00)
7.718         	2.029205e-07	(0.000000e+00 4.607563e-05 0.000000e+00)
7.719         	2.029118e-07	(0.000000e+00 4.607563e-05 0.000000e+00)
7.72          	2.029017e-07	(0.000000e+00 4.607563e-05 0.000000e+00)
7.721         	2.028920e-07	(0.000000e+00 4.607563e-05 0.000000e+00)
7.722         	2.028817e-07	(0.000000e+00 4.607563e-05 0.000000e+00)
7.723         	2.028717e-07	(0.000000e+00 4.607563e-05 0.000000e+00)
7.724         	2.028620e-07	(0.000000e+00 4.607563e-05 0.000000e+00)
7.725         	2.028529e-07	(0.000000e+00 4.607563e-05 0.000000e+00)
7.726         	2.028435e-07	(0.000000e+00 4.607563e-05 0.000000e+00)
7.727         	2.028333e-07	(0.000000e+00 4.607563e-05 0.000000e+00)
7.728         	2.028233e-07	(0.000000e+00 4.607563e-05 0.000000e+00)
7.729         	2.028137e-07	(0.000000e+00 4.607563e-05 0.000000e+00)
7.73          	2.028041e-07	(0.000000e+00 4.607563e-05 0.000000e+00)
7.731         	2.027944e-07	(0.000000e+00 4.607563e-05 0.000000e+00)
7.732         	2.027847e-07	(0.000000e+00 4.607563e-05 0.000000e+00)
7.733         	2.027750e-07	(0.000000e+00 4.607563e-05 0.000000e+00)
7.734         	2.027653e-07	(0.000000e+00 4.607563e-05 0.000000e+00)
7.735         	2.027567e-07	(0.000000e+00 4.607563e-05 0.000000e+00)
7.736         	2.027471e-07	(0.000000e+00 4.607563e-05 0.000000e+00)
7.737         	2.027363e-07	(0.000000e+00 4.607563e-05 0.000000e+00)
7.738         	2.027258e-07	(0.000000e+00 4.607563e-05 0.000000e+00)
7.739         	2.027160e-07	(0.000000e+00 4.607563e-05 0.000000e+00)
7.74          	2.027063e-07	(0.000000e+00 4.607563e-05 0.000000e+00)
7.741         	2.026970e-07	(0.000000e+00 4.607563e-05 0.000000e+00)
7.742         	2.026878e-07	(0.000000e+00 4.607563e-05 0.000000e+00)
7.743         	2.026781e-07	(0.000000e+00 4.607563e-05 0.000000e+00)
7.744         	2.026684e-07	(0.000000e+00 4.607563e-05 0.000000e+00)
7.745         	2.026586e-07	(0.000000e+00 4.607563e-05 0.000000e+00)
7.746         	2.026492e-07	(0.000000e+00 4.607563e-05 0.000000e+00)
7.747         	2.026395e-07	(0.000000e+00 4.607563e-05 0.000000e+00)
7.748         	2.026296e-07	(0.000000e+00 4.607563e-05 0.000000e+00)
7.749         	2.026198e-07	(0.000000e+00 4.607563e-05 0.000000e+00)
7.75          	2.026101e-07	(0.000000e+00 4.607563e-05 0.000000e+00)
7.751         	2.026005e-07	(0.000000e+00 4.607563e-05 0.000000e+00)
7.752         	2.025908e-07	(0.000000e+00 4.607563e-05 0.000000e+00)
7.753         	2.025812e-07	(0.000000e+00 4.607563e-05 0.000000e+00)
7.754         	2.025717e-07	(0.000000e+00 4.607563e-05 0.000000e+00)
7.755         	2.025619e-07	(0.000000e+00 4.607563e-05 0.000000e+00)
7.756         	2.025522e-07	(0.000000e+00 4.607563e-05 0.000000e+00)
7.757         	2.025425e-07	(0.000000e+00 4.607563e-05 0.000000e+00)
7.758         	2.025329e-07	(0.000000e+00 4.607563e-05 0.000000e+00)
7.759         	2.025234e-07	(0.000000e+00 4.607563e-05 0.000000e+00)
7.76          	2.025137e-07	(0.000000e+00 4.607563e-05 0.000000e+00)
7.761         	2.025039e-07	(0.000000e+00 4.607563e-05 0.000000e+00)
7.762         	2.024941e-07	(0.000000e+00 4.607563e-05 0.000000e+00)
7.763         	2.024845e-07	(0.000000e+00 4.607563e-05 0.000000e+00)
7.764         	2.024754e-07	(0.000000e+00 4.607563e-05 0.000000e+00)
7.765         	2.024653e-07	(0.000000e+00 4.607563e-05 0.000000e+00)
7.766         	2.024556e-07	(0.000000e+00 4.607563e-05 0.000000e+00)
7.767         	2.024459e-07	(0.000000e+00 4.607563e-05 0.000000e+00)
7.768         	2.024363e-07	(0.000000e+00 4.607563e-05 0.000000e+00)
7.769         	2.024267e-07	(0.000000e+00 4.607563e-05 0.000000e+00)
7.77          	2.024172e-07	(0.000000e+00 4.607563e-05 0.000000e+00)
7.771         	2.024076e-07	(0.000000e+00 4.607563e-05 0.000000e+00)
7.772         	2.023980e-07	(0.000000e+00 4.607563e-05 0.000000e+00)
7.773         	2.023888e-07	(0.000000e+00 4.607563e-05 0.000000e+00)
7.774         	2.023790e-07	(0.000000e+00 4.607563e-05 0.000000e+00)
7.775         	2.023692e-07	(0.000000e+00 4.607563e-05 0.000000e+00)
7.776         	2.023594e-07	(0.000000e+00 4.607563e-05 0.000000e+00)
7.777         	2.023499e-07	(0.000000e+00 4.607563e-05 0.000000e+00)
7.778         	2.023400e-07	(0.000000e+00 4.607563e-05 0.000000e+00)
7.779         	2.023301e-07	(0.000000e+00 4.607563e-05 0.000000e+00)
7.78          	2.023207e-07	(0.000000e+00 4.607563e-05 0.000000e+00)
7.781         	2.023111e-07	(0.000000e+00 4.607563e-05 0.000000e+00)
7.782         	2.023016e-07	(0.000000e+00 4.607563e-05 0.000000e+00)
7.783         	2.022921e-07	(0.000000e+00 4.607563e-05 0.000000e+00)
7.784         	2.022832e-07	(0.000000e+00 4.607563e-05 0.000000e+00)
7.785         	2.022734e-07	(0.000000e+00 4.607563e-05 0.000000e+00)
7.786         	2.022629e-07	(0.000000e+00 4.607563e-05 0.000000e+00)
7.787         	2.022529e-07	(0.000000e+00 4.607563e-05 0.000000e+00)
7.788         	2.022434e-07	(0.000000e+00 4.607563e-05 0.000000e+00)
7.789         	2.022342e-07	(0.000000e+00 4.607563e-05 0.000000e+00)
7.79          	2.022250e-07	(0.000000e+00 4.607563e-05 0.000000e+00)
7.791         	2.022157e-07	(0.000000e+00 4.607563e-05 0.000000e+00)
7.792         	2.022058e-07	(0.000000e+00 4.607563e-05 0.000000e+00)
7.793         	2.021966e-07	(0.000000e+00 4.607563e-05 0.000000e+00)
7.794         	2.021868e-07	(0.000000e+00 4.607563e-05 0.000000e+00)
7.795         	2.021764e-07	(0.000000e+00 4.607563e-05 0.000000e+00)
7.796         	2.021669e-07	(0.000000e+00 4.607563e-05 0.000000e+00)
7.797         	2.021575e-07	(0.000000e+00 4.607563e-05 0.000000e+00)
7.798         	2.021484e-07	(0.000000e+00 4.607563e-05 0.000000e+00)
7.799         	2.021385e-07	(0.000000e+00 4.607563e-05 0.000000e+00)
7.8           	2.021288e-07	(0.000000e+00 4.607563e-05 0.000000e+00)
7.801         	2.021193e-07	(0.000000e+00 4.607563e-05 0.000000e+00)
7.802         	2.021099e-07	(0.000000e+00 4.607563e-05 0.000000e+00)
7.803         	2.021007e-07	(0.000000e+00 4.607563e-05 0.000000e+00)
7.804         	2.020910e-07	(0.000000e+00 4.607563e-05 0.000000e+00)
7.805         	2.020813e-07	(0.000000e+00 4.607563e-05 0.000000e+00)
7.806         	2.020716e-07	(0.000000e+00 4.607563e-05 0.000000e+00)
7.807         	2.020620e-07	(0.000000e+00 4.607563e-05 0.000000e+00)
7.808         	2.020531e-07	(0.000000e+00 4.607563e-05 0.000000e+00)
7.809         	2.020431e-07	(0.000000e+00 4.607563e-05 0.000000e+00)
7.81          	2.020332e-07	(0.000000e+00 4.607563e-05 0.000000e+00)
7.811         	2.020236e-07	(0.000000e+00 4.607563e-05 0.000000e+00)
7.812         	2.020143e-07	(0.000000e+00 4.607563e-05 0.000000e+00)
7.813         	2.020049e-07	(0.000000e+00 4.607563e-05 0.000000e+00)
7.814         	2.019952e-07	(0.000000e+00 4.607563e-05 0.000000e+00)
7.815         	2.019856e-07	(0.000000e+00 4.607563e-05 0.000000e+00)
7.816         	2.019761e-07	(0.000000e+00 4.607563e-05 0.000000e+00)
7.817         	2.019682e-07	(0.000000e+00 4.607563e-05 0.000000e+00)
7.818         	2.019571e-07	(0.000000e+00 4.607563e-05 0.000000e+00)
7.819         	2.019467e-07	(0.000000e+00 4.607563e-05 0.000000e+00)
7.82          	2.019372e-07	(0.000000e+00 4.607563e-05 0.000000e+00)
7.821         	2.019281e-07	(0.000000e+00 4.607563e-05 0.000000e+00)
7.822         	2.019190e-07	(0.000000e+00 4.607563e-05 0.000000e+00)
7.823         	2.019097e-07	(0.000000e+00 4.607563e-05 0.000000e+00)
7.824         	2.019002e-07	(0.000000e+00 4.607563e-05 0.000000e+00)
7.825         	2.018905e-07	(0.000000e+00 4.607563e-05 0.000000e+00)
7.826         	2.018809e-07	(0.000000e+00 4.607563e-05 0.000000e+00)
7.827         	2.018713e-07	(0.000000e+00 4.607563e-05 0.000000e+00)
7.828         	2.018618e-07	(0.000000e+00 4.607563e-05 0.000000e+00)
7.829         	2.018529e-07	(0.000000e+00 4.607563e-05 0.000000e+00)
7.83          	2.018432e-07	(0.000000e+00 4.607563e-05 0.000000e+00)
7.831         	2.018336e-07	(0.000000e+00 4.607563e-05 0.000000e+00)
7.832         	2.018239e-07	(0.000000e+00 4.607563e-05 0.000000e+00)
7.833         	2.018139e-07	(0.000000e+00 4.607563e-05 0.000000e+00)
7.834         	2.018045e-07	(0.000000e+00 4.607563e-05 0.000000e+00)
7.835         	2.017953e-07	(0.000000e+00 4.607563e-05 0.000000e+00)
7.836         	2.017860e-07	(0.000000e+00 4.607563e-05 0.000000e+00)
7.837         	2.017765e-07	(0.000000e+00 4.607563e-05 0.000000e+00)
7.838         	2.017668e-07	(0.000000e+00 4.607563e-05 0.000000e+00)
7.839         	2.017572e-07	(0.000000e+00 4.607563e-05 0.000000e+00)
7.84          	2.017479e-07	(0.000000e+00 4.607563e-05 0.000000e+00)
7.841         	2.017383e-07	(0.000000e+00 4.607563e-05 0.000000e+00)
7.842         	2.017291e-07	(0.000000e+00 4.607563e-05 0.000000e+00)
7.843         	2.017192e-07	(0.000000e+00 4.607563e-05 0.000000e+00)
7.844         	2.017097e-07	(0.000000e+00 4.607563e-05 0.000000e+00)
7.845         	2.017003e-07	(0.000000e+00 4.607563e-05 0.000000e+00)
7.846         	2.016908e-07	(0.000000e+00 4.607563e-05 0.000000e+00)
7.847         	2.016814e-07	(0.000000e+00 4.607563e-05 0.000000e+00)
7.848         	2.016720e-07	(0.000000e+00 4.607563e-05 0.000000e+00)
7.849         	2.016626e-07	(0.000000e+00 4.607563e-05 0.000000e+00)
7.85          	2.016532e-07	(0.000000e+00 4.607563e-05 0.000000e+00)
7.851         	2.016436e-07	(0.000000e+00 4.607563e-05 0.000000e+00)
7.852         	2.016341e-07	(0.000000e+00 4.607563e-05 0.000000e+00)
7.853         	2.016247e-07	(0.000000e+00 4.607563e-05 0.000000e+00)
7.854         	2.016152e-07	(0.000000e+00 4.607563e-05 0.000000e+00)
7.855         	2.016057e-07	(0.000000e+00 4.607563e-05 0.000000e+00)
7.856         	2.015964e-07	(0.000000e+00 4.607563e-05 0.000000e+00)
7.857         	2.015869e-07	(0.000000e+00 4.607563e-05 0.000000e+00)
7.858         	2.015774e-07	(0.000000e+00 4.607563e-05 0.000000e+00)
7.859         	2.015679e-07	(0.000000e+00 4.607563e-05 0.000000e+00)
7.86          	2.015586e-07	(0.000000e+00 4.607563e-05 0.000000e+00)
7.861         	2.015491e-07	(0.000000e+00 4.607563e-05 0.000000e+00)
7.862         	2.015400e-07	(0.000000e+00 4.607563e-05 0.000000e+00)
7.863         	2.015302e-07	(0.000000e+00 4.607563e-05 0.000000e+00)
7.864         	2.015206e-07	(0.000000e+00 4.607563e-05 0.000000e+00)
7.865         	2.015112e-07	(0.000000e+00 4.607563e-05 0.000000e+00)
7.866         	2.015018e-07	(0.000000e+00 4.607563e-05 0.000000e+00)
7.867         	2.014926e-07	(0.000000e+00 4.607563e-05 0.000000e+00)
7.868         	2.014831e-07	(0.000000e+00 4.607563e-05 0.000000e+00)
7.869         	2.014737e-07	(0.000000e+00 4.607563e-05 0.000000e+00)
7.87          	2.014643e-07	(0.000000e+00 4.607563e-05 0.000000e+00)
7.871         	2.014551e-07	(0.000000e+00 4.607563e-05 0.000000e+00)
7.872         	2.014453e-07	(0.000000e+00 4.607563e-05 0.000000e+00)
7.873         	2.014358e-07	(0.000000e+00 4.607563e-05 0.000000e+00)
7.874         	2.014264e-07	(0.000000e+00 4.607563e-05 0.000000e+00)
7.875         	2.014174e-07	(0.000000e+00 4.607563e-05 0.000000e+00)
7.876         	2.014079e-07	(0.000000e+00 4.607563e-05 0.000000e+00)
7.877         	2.013982e-07	(0.000000e+00 4.607563e-05 0.000000e+00)
7.878         	2.013886e-07	(0.000000e+00 4.607563e-05 0.000000e+00)
7.879         	2.013793e-07	(0.000000e+00 4.607563e-05 0.000000e+00)
7.88          	2.013701e-07	(0.000000e+00 4.607563e-05 0.000000e+00)
7.881         	2.013610e-07	(0.000000e+00 4.607563e-05 0.000000e+00)
7.882         	2.013513e-07	(0.000000e+00 4.607563e-05 0.000000e+00)
7.883         	2.013418e-07	(0.000000e+00 4.607563e-05 0.000000e+00)
7.884         	2.013324e-07	(0.000000e+00 4.607563e-05 0.000000e+00)
7.885         	2.013233e-07	(0.000000e+00 4.607563e-05 0.000000e+00)
7.886         	2.013138e-07	(0.000000e+00 4.607563e-05 0.000000e+00)
7.887         	2.013043e-07	(0.000000e+00 4.607563e-05 0.000000e+00)
7.888         	2.012949e-07	(0.000000e+00 4.607563e-05 0.000000e+00)
7.889         	2.012856e-07	(0.000000e+00 4.607563e-05 0.000000e+00)
7.89          	2.012768e-07	(0.000000e+00 4.607563e-05 0.000000e+00)
7.891         	2.012670e-07	(0.000000e+00 4.607563e-05 0.000000e+00)
7.892         	2.012577e-07	(0.000000e+00 4.607563e-05 0.000000e+00)
7.893         	2.012480e-07	(0.000000e+00 4.607563e-05 0.000000e+00)
7.894         	2.012386e-07	(0.000000e+00 4.607563e-05 0.000000e+00)
7.895         	2.012295e-07	(0.000000e+00 4.607563e-05 0.000000e+00)
7.896         	2.012204e-07	(0.000000e+00 4.607563e-05 0.000000e+00)
7.897         	2.012113e-07	(0.000000e+00 4.607563e-05 0.000000e+00)
7.898         	2.012014e-07	(0.000000e+00 4.607563e-05 0.000000e+00)
7.899         	2.011915e-07	(0.000000e+00 4.607563e-05 0.000000e+00)
7.9           	2.011819e-07	(0.000000e+00 4.607563e-05 0.000000e+00)
7.901         	2.011727e-07	(0.000000e+00 4.607563e-05 0.000000e+00)
7.902         	2.011637e-07	(0.000000e+00 4.607563e-05 0.000000e+00)
7.903         	2.011546e-07	(0.000000e+00 4.607563e-05 0.000000e+00)
7.904         	2.011450e-07	(0.000000e+00 4.607563e-05 0.000000e+00)
7.905         	2.011354e-07	(0.000000e+00 4.607563e-05 0.000000e+00)
7.906         	2.011263e-07	(0.000000e+00 4.607563e-05 0.000000e+00)
7.907         	2.011166e-07	(0.000000e+00 4.607563e-05 0.000000e+00)
7.908         	2.011070e-07	(0.000000e+00 4.607563e-05 0.000000e+00)
7.909         	2.010978e-07	(0.000000e+00 4.607563e-05 0.000000e+00)
7.91          	2.010887e-07	(0.000000e+00 4.607563e-05 0.000000e+00)
7.911         	2.010795e-07	(0.000000e+00 4.607563e-05 0.000000e+00)
7.912         	2.010705e-07	(0.000000e+00 4.607563e-05 0.000000e+00)
7.913         	2.010609e-07	(0.000000e+00 4.607563e-05 0.000000e+00)
7.914         	2.010512e-07	(0.000000e+00 4.607563e-05 0.000000e+00)
7.915         	2.010418e-07	(0.000000e+00 4.607563e-05 0.000000e+00)
7.916         	2.010325e-07	(0.000000e+00 4.607563e-05 0.000000e+00)
7.917         	2.010234e-07	(0.000000e+00 4.607563e-05 0.000000e+00)
7.918         	2.010141e-07	(0.000000e+00 4.607563e-05 0.000000e+00)
7.919         	2.010048e-07	(0.000000e+00 4.607563e-05 0.000000e+00)
7.92          	2.009955e-07	(0.000000e+00 4.607563e-05 0.000000e+00)
7.921         	2.009862e-07	(0.000000e+00 4.607563e-05 0.000000e+00)
7.922         	2.009768e-07	(0.000000e+00 4.607563e-05 0.000000e+00)
7.923         	2.009675e-07	(0.000000e+00 4.607563e-05 0.000000e+00)
7.924         	2.009581e-07	(0.000000e+00 4.607563e-05 0.000000e+00)
7.925         	2.009488e-07	(0.000000e+00 4.607563e-05 0.000000e+00)
7.926         	2.009395e-07	(0.000000e+00 4.607563e-05 0.000000e+00)
7.927         	2.009302e-07	(0.000000e+00 4.607563e-05 0.000000e+00)
7.928         	2.009209e-07	(0.000000e+00 4.607563e-05 0.000000e+00)
7.929         	2.009116e-07	(0.000000e+00 4.607563e-05 0.000000e+00)
7.93          	2.009023e-07	(0.000000e+00 4.607563e-05 0.000000e+00)
7.931         	2.008930e-07	(0.000000e+00 4.607563e-05 0.000000e+00)
7.932         	2.008836e-07	(0.000000e+00 4.607563e-05 0.000000e+00)
7.933         	2.008744e-07	(0.000000e+00 4.607563e-05 0.000000e+00)
7.934         	2.008650e-07	(0.000000e+00 4.607563e-05 0.000000e+00)
7.935         	2.008559e-07	(0.000000e+00 4.607563e-05 0.000000e+00)
7.936         	2.008468e-07	(0.000000e+00 4.607563e-05 0.000000e+00)
7.937         	2.008373e-07	(0.000000e+00 4.607563e-05 0.000000e+00)
7.938         	2.008278e-07	(0.000000e+00 4.607563e-05 0.000000e+00)
7.939         	2.008185e-07	(0.000000e+00 4.607563e-05 0.000000e+00)
7.94          	2.008092e-07	(0.000000e+00 4.607563e-05 0.000000e+00)
7.941         	2.008000e-07	(0.000000e+00 4.607563e-05 0.000000e+00)
7.942         	2.007909e-07	(0.000000e+00 4.607563e-05 0.000000e+00)
7.943         	2.007816e-07	(0.000000e+00 4.607563e-05 0.000000e+00)
7.944         	2.007721e-07	(0.000000e+00 4.607563e-05 0.000000e+00)
7.945         	2.007629e-07	(0.000000e+00 4.607563e-05 0.000000e+00)
7.946         	2.007535e-07	(0.000000e+00 4.607563e-05 0.000000e+00)
7.947         	2.007442e-07	(0.000000e+00 4.607563e-05 0.000000e+00)
7.948         	2.007350e-07	(0.000000e+00 4.607563e-05 0.000000e+00)
7.949         	2.007258e-07	(0.000000e+00 4.607563e-05 0.000000e+00)
7.95          	2.007165e-07	(0.000000e+00 4.607563e-05 0.000000e+00)
7.951         	2.007073e-07	(0.000000e+00 4.607563e-05 0.000000e+00)
7.952         	2.006980e-07	(0.000000e+00 4.607563e-05 0.000000e+00)
7.953         	2.006888e-07	(0.000000e+00 4.607563e-05 0.000000e+00)
7.954         	2.006795e-07	(0.000000e+00 4.607563e-05 0.000000e+00)
7.955         	2.006702e-07	(0.000000e+00 4.607563e-05 0.000000e+00)
7.956         	2.006609e-07	(0.000000e+00 4.607563e-05 0.000000e+00)
7.957         	2.006517e-07	(0.000000e+00 4.607563e-05 0.000000e+00)
7.958         	2.006424e-07	(0.000000e+00 4.607563e-05 0.000000e+00)
7.959         	2.006332e-07	(0.000000e+00 4.607563e-05 0.000000e+00)
7.96          	2.006239e-07	(0.000000e+00 4.607563e-05 0.000000e+00)
7.961         	2.006146e-07	(0.000000e+00 4.607563e-05 0.000000e+00)
7.962         	2.006053e-07	(0.000000e+00 4.607563e-05 0.000000e+00)
7.963         	2.005962e-07	(0.000000e+00 4.607563e-05 0.000000e+00)
7.964         	2.005869e-07	(0.000000e+00 4.607563e-05 0.000000e+00)
7.965         	2.005776e-07	(0.000000e+00 4.607563e-05 0.000000e+00)
7.966         	2.005683e-07	(0.000000e+00 4.607563e-05 0.000000e+00)
7.967         	2.005591e-07	(0.000000e+00 4.607563e-05 0.000000e+00)
7.968         	2.005498e-07	(0.000000e+00 4.607563e-05 0.000000e+00)
7.969         	2.005406e-07	(0.000000e+00 4.607563e-05 0.000000e+00)
7.97          	2.005313e-07	(0.000000e+00 4.607563e-05 0.000000e+00)
7.971         	2.005222e-07	(0.000000e+00 4.607563e-05 0.000000e+00)
7.972         	2.005128e-07	(0.000000e+00 4.607563e-05 0.000000e+00)
7.973         	2.005036e-07	(0.000000e+00 4.607563e-05 0.000000e+00)
7.974         	2.004943e-07	(0.000000e+00 4.607563e-05 0.000000e+00)
7.975         	2.004851e-07	(0.000000e+00 4.607563e-05 0.000000e+00)
7.976         	2.004758e-07	(0.000000e+00 4.607563e-05 0.000000e+00)
7.977         	2.004666e-07	(0.000000e+00 4.607563e-05 0.000000e+00)
7.978         	2.004574e-07	(0.000000e+00 4.607563e-05 0.000000e+00)
7.979         	2.004482e-07	(0.000000e+00 4.607563e-05 0.000000e+00)
7.98          	2.004390e-07	(0.000000e+00 4.607563e-05 0.000000e+00)
7.981         	2.004298e-07	(0.000000e+00 4.607563e-05 0.000000e+00)
7.982         	2.004205e-07	(0.000000e+00 4.607563e-05 0.000000e+00)
7.983         	2.004114e-07	(0.000000e+00 4.607563e-05 0.000000e+00)
7.984         	2.004021e-07	(0.000000e+00 4.607563e-05 0.000000e+00)
7.985         	2.003929e-07	(0.000000e+00 4.607563e-05 0.000000e+00)
7.986         	2.003837e-07	(0.000000e+00 4.607563e-05 0.000000e+00)
7.987         	2.003747e-07	(0.000000e+00 4.607563e-05 0.000000e+00)
7.988         	2.003655e-07	(0.000000e+00 4.607563e-05 0.000000e+00)
7.989         	2.003565e-07	(0.000000e+00 4.607563e-05 0.000000e+00)
7.99          	2.003469e-07	(0.000000e+00 4.607563e-05 0.000000e+00)
7.991         	2.003377e-07	(0.000000e+00 4.607563e-05 0.000000e+00)
7.992         	2.003285e-07	(0.000000e+00 4.607563e-05 0.000000e+00)
7.993         	2.003194e-07	(0.000000e+00 4.607563e-05 0.000000e+00)
7.994         	2.003103e-07	(0.000000e+00 4.607563e-05 0.000000e+00)
7.995         	2.003013e-07	(0.000000e+00 4.607563e-05 0.000000e+00)
7.996         	2.002921e-07	(0.000000e+00 4.607563e-05 0.000000e+00)
7.997         	2.002832e-07	(0.000000e+00 4.607563e-05 0.000000e+00)
7.998         	2.002737e-07	(0.000000e+00 4.607563e-05 0.000000e+00)
7.999         	2.002647e-07	(0.000000e+00 4.607563e-05 0.000000e+00)
8             	2.002552e-07	(0.000000e+00 4.607563e-05 0.000000e+00)
8.001         	2.002461e-07	(0.000000e+00 4.607563e-05 0.000000e+00)
8.002         	2.002368e-07	(0.000000e+00 4.607563e-05 0.000000e+00)
8.003         	2.002278e-07	(0.000000e+00 4.607563e-05 0.000000e+00)
8.004         	2.002188e-07	(0.000000e+00 4.607563e-05 0.000000e+00)
8.005         	2.002096e-07	(0.000000e+00 4.607563e-05 0.000000e+00)
8.006         	2.002004e-07	(0.000000e+00 4.607563e-05 0.000000e+00)
8.007         	2.001913e-07	(0.000000e+00 4.607563e-05 0.000000e+00)
8.008         	2.001822e-07	(0.000000e+00 4.607563e-05 0.000000e+00)
8.009         	2.001732e-07	(0.000000e+00 4.607563e-05 0.000000e+00)
8.01          	2.001639e-07	(0.000000e+00 4.607563e-05 0.000000e+00)
8.011         	2.001551e-07	(0.000000e+00 4.607563e-05 0.000000e+00)
8.012         	2.001461e-07	(0.000000e+00 4.607563e-05 0.000000e+00)
8.013         	2.001362e-07	(0.000000e+00 4.607563e-05 0.000000e+00)
8.014         	2.001268e-07	(0.000000e+00 4.607563e-05 0.000000e+00)
8.015         	2.001178e-07	(0.000000e+00 4.607563e-05 0.000000e+00)
8.016         	2.001089e-07	(0.000000e+00 4.607563e-05 0.000000e+00)
8.017         	2.001004e-07	(0.000000e+00 4.607563e-05 0.000000e+00)
8.018         	2.000910e-07	(0.000000e+00 4.607563e-05 0.000000e+00)
8.019         	2.000819e-07	(0.000000e+00 4.607563e-05 0.000000e+00)
8.02          	2.000725e-07	(0.000000e+00 4.607563e-05 0.000000e+00)
8.021         	2.000639e-07	(0.000000e+00 4.607563e-05 0.000000e+00)
8.022         	2.000544e-07	(0.000000e+00 4.607563e-05 0.000000e+00)
8.023         	2.000448e-07	(0.000000e+00 4.607563e-05 0.000000e+00)
8.024         	2.000356e-07	(0.000000e+00 4.607563e-05 0.000000e+00)
8.025         	2.000270e-07	(0.000000e+00 4.607563e-05 0.000000e+00)
8.026         	2.000181e-07	(0.000000e+00 4.607563e-05 0.000000e+00)
8.027         	2.000089e-07	(0.000000e+00 4.607563e-05 0.000000e+00)
8.028         	1.999995e-07	(0.000000e+00 4.607563e-05 0.000000e+00)
8.029         	1.999905e-07	(0.000000e+00 4.607563e-05 0.000000e+00)
8.03          	1.999815e-07	(0.000000e+00 4.607563e-05 0.000000e+00)
8.031         	1.999722e-07	(0.000000e+00 4.607563e-05 0.000000e+00)
8.032         	1.999632e-07	(0.000000e+00 4.607563e-05 0.000000e+00)
8.033         	1.999545e-07	(0.000000e+00 4.607563e-05 0.000000e+00)
8.034         	1.999451e-07	(0.000000e+00 4.607563e-05 0.000000e+00)
8.035         	1.999358e-07	(0.000000e+00 4.607563e-05 0.000000e+00)
8.036         	1.999267e-07	(0.000000e+00 4.607563e-05 0.000000e+00)
8.037         	1.999177e-07	(0.000000e+00 4.607563e-05 0.000000e+00)
8.038         	1.999099e-07	(0.000000e+00 4.607563e-05 0.000000e+00)
8.039         	1.998994e-07	(0.000000e+00 4.607563e-05 0.000000e+00)
8.04          	1.998896e-07	(0.000000e+00 4.607563e-05 0.000000e+00)
8.041         	1.998805e-07	(0.000000e+00 4.607563e-05 0.000000e+00)
8.042         	1.998718e-07	(0.000000e+00 4.607563e-05 0.000000e+00)
8.043         	1.998631e-07	(0.000000e+00 4.607563e-05 0.000000e+00)
8.044         	1.998542e-07	(0.000000e+00 4.607563e-05 0.000000e+00)
8.045         	1.998451e-07	(0.000000e+00 4.607563e-05 0.000000e+00)
8.046         	1.998359e-07	(0.000000e+00 4.607563e-05 0.000000e+00)
8.047         	1.998267e-07	(0.000000e+00 4.607563e-05 0.000000e+00)
8.048         	1.998177e-07	(0.000000e+00 4.607563e-05 0.000000e+00)
8.049         	1.998086e-07	(0.000000e+00 4.607563e-05 0.000000e+00)
8.05          	1.997995e-07	(0.000000e+00 4.607563e-05 0.000000e+00)
8.051         	1.997904e-07	(0.000000e+00 4.607563e-05 0.000000e+00)
8.052         	1.997814e-07	(0.000000e+00 4.607563e-05 0.000000e+00)
8.053         	1.997725e-07	(0.000000e+00 4.607563e-05 0.000000e+00)
8.054         	1.997634e-07	(0.000000e+00 4.607563e-05 0.000000e+00)
8.055         	1.997547e-07	(0.000000e+00 4.607563e-05 0.000000e+00)
8.056         	1.997455e-07	(0.000000e+00 4.607563e-05 0.000000e+00)
8.057         	1.997357e-07	(0.000000e+00 4.607563e-05 0.000000e+00)
8.058         	1.997264e-07	(0.000000e+00 4.607563e-05 0.000000e+00)
8.059         	1.997176e-07	(0.000000e+00 4.607563e-05 0.000000e+00)
8.06          	1.997090e-07	(0.000000e+00 4.607563e-05 0.000000e+00)
8.061         	1.997000e-07	(0.000000e+00 4.607563e-05 0.000000e+00)
8.062         	1.996912e-07	(0.000000e+00 4.607563e-05 0.000000e+00)
8.063         	1.996820e-07	(0.000000e+00 4.607563e-05 0.000000e+00)
8.064         	1.996732e-07	(0.000000e+00 4.607563e-05 0.000000e+00)
8.065         	1.996635e-07	(0.000000e+00 4.607563e-05 0.000000e+00)
8.066         	1.996541e-07	(0.000000e+00 4.607563e-05 0.000000e+00)
8.067         	1.996452e-07	(0.000000e+00 4.607563e-05 0.000000e+00)
8.068         	1.996365e-07	(0.000000e+00 4.607563e-05 0.000000e+00)
8.069         	1.996277e-07	(0.000000e+00 4.607563e-05 0.000000e+00)
8.07          	1.996186e-07	(0.000000e+00 4.607563e-05 0.000000e+00)
8.071         	1.996094e-07	(0.000000e+00 4.607563e-05 0.000000e+00)
8.072         	1.996004e-07	(0.000000e+00 4.607563e-05 0.000000e+00)
8.073         	1.995913e-07	(0.000000e+00 4.607563e-05 0.000000e+00)
8.074         	1.995823e-07	(0.000000e+00 4.607563e-05 0.000000e+00)
8.075         	1.995740e-07	(0.000000e+00 4.607563e-05 0.000000e+00)
8.076         	1.995643e-07	(0.000000e+00 4.607563e-05 0.000000e+00)
8.077         	1.995548e-07	(0.000000e+00 4.607563e-05 0.000000e+00)
8.078         	1.995467e-07	(0.000000e+00 4.607563e-05 0.000000e+00)
8.079         	1.995373e-07	(0.000000e+00 4.607563e-05 0.000000e+00)
8.08          	1.995278e-07	(0.000000e+00 4.607563e-05 0.000000e+00)
8.081         	1.995187e-07	(0.000000e+00 4.607563e-05 0.000000e+00)
8.082         	1.995099e-07	(0.000000e+00 4.607563e-05 0.000000e+00)
8.083         	1.995011e-07	(0.000000e+00 4.607563e-05 0.000000e+00)
8.084         	1.994924e-07	(0.000000e+00 4.607563e-05 0.000000e+00)
8.085         	1.994833e-07	(0.000000e+00 4.607563e-05 0.000000e+00)
8.086         	1.994742e-07	(0.000000e+00 4.607563e-05 0.000000e+00)
8.087         	1.994651e-07	(0.000000e+00 4.607563e-05 0.000000e+00)
8.088         	1.994561e-07	(0.000000e+00 4.607563e-05 0.000000e+00)
8.089         	1.994478e-07	(0.000000e+00 4.607563e-05 0.000000e+00)
8.09          	1.994383e-07	(0.000000e+00 4.607563e-05 0.000000e+00)
8.091         	1.994292e-07	(0.000000e+00 4.607563e-05 0.000000e+00)
8.092         	1.994203e-07	(0.000000e+00 4.607563e-05 0.000000e+00)
8.093         	1.994108e-07	(0.000000e+00 4.607563e-05 0.000000e+00)
8.094         	1.994018e-07	(0.000000e+00 4.607563e-05 0.000000e+00)
8.095         	1.993930e-07	(0.000000e+00 4.607563e-05 0.000000e+00)
8.096         	1.993844e-07	(0.000000e+00 4.607563e-05 0.000000e+00)
8.097         	1.993753e-07	(0.000000e+00 4.607563e-05 0.000000e+00)
8.098         	1.993662e-07	(0.000000e+00 4.607563e-05 0.000000e+00)
8.099         	1.993571e-07	(0.000000e+00 4.607563e-05 0.000000e+00)
8.1           	1.993482e-07	(0.000000e+00 4.607563e-05 0.000000e+00)
8.101         	1.993393e-07	(0.000000e+00 4.607563e-05 0.000000e+00)
8.102         	1.993303e-07	(0.000000e+00 4.607563e-05 0.000000e+00)
8.103         	1.993215e-07	(0.000000e+00 4.607563e-05 0.000000e+00)
8.104         	1.993126e-07	(0.000000e+00 4.607563e-05 0.000000e+00)
8.105         	1.993034e-07	(0.000000e+00 4.607563e-05 0.000000e+00)
8.106         	1.992944e-07	(0.000000e+00 4.607563e-05 0.000000e+00)
8.107         	1.992855e-07	(0.000000e+00 4.607563e-05 0.000000e+00)
8.108         	1.992766e-07	(0.000000e+00 4.607563e-05 0.000000e+00)
8.109         	1.992677e-07	(0.000000e+00 4.607563e-05 0.000000e+00)
8.11          	1.992587e-07	(0.000000e+00 4.607563e-05 0.000000e+00)
8.111         	1.992503e-07	(0.000000e+00 4.607563e-05 0.000000e+00)
8.112         	1.992408e-07	(0.000000e+00 4.607563e-05 0.000000e+00)
8.113         	1.992315e-07	(0.000000e+00 4.607563e-05 0.000000e+00)
8.114         	1.992226e-07	(0.000000e+00 4.607563e-05 0.000000e+00)
8.115         	1.992137e-07	(0.000000e+00 4.607563e-05 0.000000e+00)
8.116         	1.992050e-07	(0.000000e+00 4.607563e-05 0.000000e+00)
8.117         	1.991961e-07	(0.000000e+00 4.607563e-05 0.000000e+00)
8.118         	1.991873e-07	(0.000000e+00 4.607563e-05 0.000000e+00)
8.119         	1.991783e-07	(0.000000e+00 4.607563e-05 0.000000e+00)
8.12          	1.991689e-07	(0.000000e+00 4.607563e-05 0.000000e+00)
8.121         	1.991599e-07	(0.000000e+00 4.607563e-05 0.000000e+00)
8.122         	1.991513e-07	(0.000000e+00 4.607563e-05 0.000000e+00)
8.123         	1.991430e-07	(0.000000e+00 4.607563e-05 0.000000e+00)
8.124         	1.991335e-07	(0.000000e+00 4.607563e-05 0.000000e+00)
8.125         	1.991242e-07	(0.000000e+00 4.607563e-05 0.000000e+00)
8.126         	1.991153e-07	(0.000000e+00 4.607563e-05 0.000000e+00)
8.127         	1.991064e-07	(0.000000e+00 4.607563e-05 0.000000e+00)
8.128         	1.990977e-07	(0.000000e+00 4.607563e-05 0.000000e+00)
8.129         	1.990889e-07	(0.000000e+00 4.607563e-05 0.000000e+00)
8.13          	1.990801e-07	(0.000000e+00 4.607563e-05 0.000000e+00)
8.131         	1.990710e-07	(0.000000e+00 4.607563e-05 0.000000e+00)
8.132         	1.990620e-07	(0.000000e+00 4.607563e-05 0.000000e+00)
8.133         	1.990532e-07	(0.000000e+00 4.607563e-05 0.000000e+00)
8.134         	1.990443e-07	(0.000000e+00 4.607563e-05 0.000000e+00)
8.135         	1.990354e-07	(0.000000e+00 4.607563e-05 0.000000e+00)
8.136         	1.990265e-07	(0.000000e+00 4.607563e-05 0.000000e+00)
8.137         	1.990178e-07	(0.000000e+00 4.607563e-05 0.000000e+00)
8.138         	1.990091e-07	(0.000000e+00 4.607563e-05 0.000000e+00)
8.139         	1.990003e-07	(0.000000e+00 4.607563e-05 0.000000e+00)
8.14          	1.989902e-07	(0.000000e+00 4.607563e-05 0.000000e+00)
8.141         	1.989808e-07	(0.000000e+00 4.607563e-05 0.000000e+00)
8.142         	1.989735e-07	(0.000000e+00 4.607563e-05 0.000000e+00)
8.143         	1.989645e-07	(0.000000e+00 4.607563e-05 0.000000e+00)
8.144         	1.989547e-07	(0.000000e+00 4.607563e-05 0.000000e+00)
8.145         	1.989454e-07	(0.000000e+00 4.607563e-05 0.000000e+00)
8.146         	1.989368e-07	(0.000000e+00 4.607563e-05 0.000000e+00)
8.147         	1.989283e-07	(0.000000e+00 4.607563e-05 0.000000e+00)
8.148         	1.989199e-07	(0.000000e+00 4.607563e-05 0.000000e+00)
8.149         	1.989121e-07	(0.000000e+00 4.607563e-05 0.000000e+00)
8.15          	1.989022e-07	(0.000000e+00 4.607563e-05 0.000000e+00)
8.151         	1.988922e-07	(0.000000e+00 4.607563e-05 0.000000e+00)
8.152         	1.988831e-07	(0.000000e+00 4.607563e-05 0.000000e+00)
8.153         	1.988747e-07	(0.000000e+00 4.607563e-05 0.000000e+00)
8.154         	1.988669e-07	(0.000000e+00 4.607563e-05 0.000000e+00)
8.155         	1.988576e-07	(0.000000e+00 4.607563e-05 0.000000e+00)
8.156         	1.988482e-07	(0.000000e+00 4.607563e-05 0.000000e+00)
8.157         	1.988402e-07	(0.000000e+00 4.607563e-05 0.000000e+00)
8.158         	1.988310e-07	(0.000000e+00 4.607563e-05 0.000000e+00)
8.159         	1.988214e-07	(0.000000e+00 4.607563e-05 0.000000e+00)
8.16          	1.988122e-07	(0.000000e+00 4.607563e-05 0.000000e+00)
8.161         	1.988041e-07	(0.000000e+00 4.607563e-05 0.000000e+00)
8.162         	1.987951e-07	(0.000000e+00 4.607563e-05 0.000000e+00)
8.163         	1.987865e-07	(0.000000e+00 4.607563e-05 0.000000e+00)
8.164         	1.987776e-07	(0.000000e+00 4.607563e-05 0.000000e+00)
8.165         	1.987687e-07	(0.000000e+00 4.607563e-05 0.000000e+00)
8.166         	1.987599e-07	(0.000000e+00 4.607563e-05 0.000000e+00)
8.167         	1.987510e-07	(0.000000e+00 4.607563e-05 0.000000e+00)
8.168         	1.987423e-07	(0.000000e+00 4.607563e-05 0.000000e+00)
8.169         	1.987337e-07	(0.000000e+00 4.607563e-05 0.000000e+00)
8.17          	1.987244e-07	(0.000000e+00 4.607563e-05 0.000000e+00)
8.171         	1.987153e-07	(0.000000e+00 4.607563e-05 0.000000e+00)
8.172         	1.987066e-07	(0.000000e+00 4.607563e-05 0.000000e+00)
8.173         	1.986980e-07	(0.000000e+00 4.607563e-05 0.000000e+00)
8.174         	1.986891e-07	(0.000000e+00 4.607563e-05 0.000000e+00)
8.175         	1.986803e-07	(0.000000e+00 4.607563e-05 0.000000e+00)
8.176         	1.986714e-07	(0.000000e+00 4.607563e-05 0.000000e+00)
8.177         	1.986625e-07	(0.000000e+00 4.607563e-05 0.000000e+00)
8.178         	1.986538e-07	(0.000000e+00 4.607563e-05 0.000000e+00)
8.179         	1.986450e-07	(0.000000e+00 4.607563e-05 0.000000e+00)
8.18          	1.986360e-07	(0.000000e+00 4.607563e-05 0.000000e+00)
8.181         	1.986273e-07	(0.000000e+00 4.607563e-05 0.000000e+00)
8.182         	1.986185e-07	(0.000000e+00 4.607563e-05 0.000000e+00)
8.183         	1.986097e-07	(0.000000e+00 4.607563e-05 0.000000e+00)
8.184         	1.986011e-07	(0.000000e+00 4.607563e-05 0.000000e+00)
8.185         	1.985922e-07	(0.000000e+00 4.607563e-05 0.000000e+00)
8.186         	1.985833e-07	(0.000000e+00 4.607563e-05 0.000000e+00)
8.187         	1.985743e-07	(0.000000e+00 4.607563e-05 0.000000e+00)
8.188         	1.985654e-07	(0.000000e+00 4.607563e-05 0.000000e+00)
8.189         	1.985576e-07	(0.000000e+00 4.607563e-05 0.000000e+00)
8.19          	1.985479e-07	(0.000000e+00 4.607563e-05 0.000000e+00)
8.191         	1.985388e-07	(0.000000e+00 4.607563e-05 0.000000e+00)
8.192         	1.985299e-07	(0.000000e+00 4.607563e-05 0.000000e+00)
8.193         	1.985216e-07	(0.000000e+00 4.607563e-05 0.000000e+00)
8.194         	1.985128e-07	(0.000000e+00 4.607563e-05 0.000000e+00)
8.195         	1.985045e-07	(0.000000e+00 4.607563e-05 0.000000e+00)
8.196         	1.984956e-07	(0.000000e+00 4.607563e-05 0.000000e+00)
8.197         	1.984866e-07	(0.000000e+00 4.607563e-05 0.000000e+00)
8.198         	1.984774e-07	(0.000000e+00 4.607563e-05 0.000000e+00)
8.199         	1.984684e-07	(0.000000e+00 4.607563e-05 0.000000e+00)
8.2           	1.984598e-07	(0.000000e+00 4.607563e-05 0.000000e+00)
8.201         	1.984509e-07	(0.000000e+00 4.607563e-05 0.000000e+00)
8.202         	1.984421e-07	(0.000000e+00 4.607563e-05 0.000000e+00)
8.203         	1.984335e-07	(0.000000e+00 4.607563e-05 0.000000e+00)
8.204         	1.984250e-07	(0.000000e+00 4.607563e-05 0.000000e+00)
8.205         	1.984162e-07	(0.000000e+00 4.607563e-05 0.000000e+00)
8.206         	1.984073e-07	(0.000000e+00 4.607563e-05 0.000000e+00)
8.207         	1.983986e-07	(0.000000e+00 4.607563e-05 0.000000e+00)
8.208         	1.983897e-07	(0.000000e+00 4.607563e-05 0.000000e+00)
8.209         	1.983809e-07	(0.000000e+00 4.607563e-05 0.000000e+00)
8.21          	1.983722e-07	(0.000000e+00 4.607563e-05 0.000000e+00)
8.211         	1.983634e-07	(0.000000e+00 4.607563e-05 0.000000e+00)
8.212         	1.983546e-07	(0.000000e+00 4.607563e-05 0.000000e+00)
8.213         	1.983460e-07	(0.000000e+00 4.607563e-05 0.000000e+00)
8.214         	1.983374e-07	(0.000000e+00 4.607563e-05 0.000000e+00)
8.215         	1.983286e-07	(0.000000e+00 4.607563e-05 0.000000e+00)
8.216         	1.983195e-07	(0.000000e+00 4.607563e-05 0.000000e+00)
8.217         	1.983105e-07	(0.000000e+00 4.607563e-05 0.000000e+00)
8.218         	1.983017e-07	(0.000000e+00 4.607563e-05 0.000000e+00)
8.219         	1.982933e-07	(0.000000e+00 4.607563e-05 0.000000e+00)
8.22          	1.982846e-07	(0.000000e+00 4.607563e-05 0.000000e+00)
8.221         	1.982758e-07	(0.000000e+00 4.607563e-05 0.000000e+00)
8.222         	1.982672e-07	(0.000000e+00 4.607563e-05 0.000000e+00)
8.223         	1.982583e-07	(0.000000e+00 4.607563e-05 0.000000e+00)
8.224         	1.982493e-07	(0.000000e+00 4.607563e-05 0.000000e+00)
8.225         	1.982406e-07	(0.000000e+00 4.607563e-05 0.000000e+00)
8.226         	1.982319e-07	(0.000000e+00 4.607563e-05 0.000000e+00)
8.227         	1.982232e-07	(0.000000e+00 4.607563e-05 0.000000e+00)
8.228         	1.982147e-07	(0.000000e+00 4.607563e-05 0.000000e+00)
8.229         	1.982061e-07	(0.000000e+00 4.607563e-05 0.000000e+00)
8.23          	1.981970e-07	(0.000000e+00 4.607563e-05 0.000000e+00)
8.231         	1.981880e-07	(0.000000e+00 4.607563e-05 0.000000e+00)
8.232         	1.981794e-07	(0.000000e+00 4.607563e-05 0.000000e+00)
8.233         	1.981708e-07	(0.000000e+00 4.607563e-05 0.000000e+00)
8.234         	1.981623e-07	(0.000000e+00 4.607563e-05 0.000000e+00)
8.235         	1.981535e-07	(0.000000e+00 4.607563e-05 0.000000e+00)
8.236         	1.981449e-07	(0.000000e+00 4.607563e-05 0.000000e+00)
8.237         	1.981361e-07	(0.000000e+00 4.607563e-05 0.000000e+00)
8.238         	1.981276e-07	(0.000000e+00 4.607563e-05 0.000000e+00)
8.239         	1.981186e-07	(0.000000e+00 4.607563e-05 0.000000e+00)
8.24          	1.981100e-07	(0.000000e+00 4.607563e-05 0.000000e+00)
8.241         	1.981011e-07	(0.000000e+00 4.607563e-05 0.000000e+00)
8.242         	1.980928e-07	(0.000000e+00 4.607563e-05 0.000000e+00)
8.243         	1.980839e-07	(0.000000e+00 4.607563e-05 0.000000e+00)
8.244         	1.980755e-07	(0.000000e+00 4.607563e-05 0.000000e+00)
8.245         	1.980665e-07	(0.000000e+00 4.607563e-05 0.000000e+00)
8.246         	1.980582e-07	(0.000000e+00 4.607563e-05 0.000000e+00)
8.247         	1.980493e-07	(0.000000e+00 4.607563e-05 0.000000e+00)
8.248         	1.980409e-07	(0.000000e+00 4.607563e-05 0.000000e+00)
8.249         	1.980314e-07	(0.000000e+00 4.607563e-05 0.000000e+00)
8.25          	1.980230e-07	(0.000000e+00 4.607563e-05 0.000000e+00)
8.251         	1.980137e-07	(0.000000e+00 4.607563e-05 0.000000e+00)
8.252         	1.980055e-07	(0.000000e+00 4.607563e-05 0.000000e+00)
8.253         	1.979963e-07	(0.000000e+00 4.607563e-05 0.000000e+00)
8.254         	1.979882e-07	(0.000000e+00 4.607563e-05 0.000000e+00)
8.255         	1.979790e-07	(0.000000e+00 4.607563e-05 0.000000e+00)
8.256         	1.979709e-07	(0.000000e+00 4.607563e-05 0.000000e+00)
8.257         	1.979617e-07	(0.000000e+00 4.607563e-05 0.000000e+00)
8.258         	1.979535e-07	(0.000000e+00 4.607563e-05 0.000000e+00)
8.259         	1.979442e-07	(0.000000e+00 4.607563e-05 0.000000e+00)
8.26          	1.979360e-07	(0.000000e+00 4.607563e-05 0.000000e+00)
8.261         	1.979267e-07	(0.000000e+00 4.607563e-05 0.000000e+00)
8.262         	1.979185e-07	(0.000000e+00 4.607563e-05 0.000000e+00)
8.263         	1.979092e-07	(0.000000e+00 4.607563e-05 0.000000e+00)
8.264         	1.979010e-07	(0.000000e+00 4.607563e-05 0.000000e+00)
8.265         	1.978917e-07	(0.000000e+00 4.607563e-05 0.000000e+00)
8.266         	1.978835e-07	(0.000000e+00 4.607563e-05 0.000000e+00)
8.267         	1.978743e-07	(0.000000e+00 4.607563e-05 0.000000e+00)
8.268         	1.978661e-07	(0.000000e+00 4.607563e-05 0.000000e+00)
8.269         	1.978569e-07	(0.000000e+00 4.607563e-05 0.000000e+00)
8.27          	1.978486e-07	(0.000000e+00 4.607563e-05 0.000000e+00)
8.271         	1.978395e-07	(0.000000e+00 4.607563e-05 0.000000e+00)
8.272         	1.978313e-07	(0.000000e+00 4.607563e-05 0.000000e+00)
8.273         	1.978223e-07	(0.000000e+00 4.607563e-05 0.000000e+00)
8.274         	1.978140e-07	(0.000000e+00 4.607563e-05 0.000000e+00)
8.275         	1.978050e-07	(0.000000e+00 4.607563e-05 0.000000e+00)
8.276         	1.977968e-07	(0.000000e+00 4.607563e-05 0.000000e+00)
8.277         	1.977878e-07	(0.000000e+00 4.607563e-05 0.000000e+00)
8.278         	1.977794e-07	(0.000000e+00 4.607563e-05 0.000000e+00)
8.279         	1.977704e-07	(0.000000e+00 4.607563e-05 0.000000e+00)
8.28          	1.977621e-07	(0.000000e+00 4.607563e-05 0.000000e+00)
8.281         	1.977532e-07	(0.000000e+00 4.607563e-05 0.000000e+00)
8.282         	1.977449e-07	(0.000000e+00 4.607563e-05 0.000000e+00)
8.283         	1.977360e-07	(0.000000e+00 4.607563e-05 0.000000e+00)
8.284         	1.977276e-07	(0.000000e+00 4.607563e-05 0.000000e+00)
8.285         	1.977188e-07	(0.000000e+00 4.607563e-05 0.000000e+00)
8.286         	1.977104e-07	(0.000000e+00 4.607563e-05 0.000000e+00)
8.287         	1.977016e-07	(0.000000e+00 4.607563e-05 0.000000e+00)
8.288         	1.976931e-07	(0.000000e+00 4.607563e-05 0.000000e+00)
8.289         	1.976844e-07	(0.000000e+00 4.607563e-05 0.000000e+00)
8.29          	1.976760e-07	(0.000000e+00 4.607563e-05 0.000000e+00)
8.291         	1.976671e-07	(0.000000e+00 4.607563e-05 0.000000e+00)
8.292         	1.976585e-07	(0.000000e+00 4.607563e-05 0.000000e+00)
8.293         	1.976498e-07	(0.000000e+00 4.607563e-05 0.000000e+00)
8.294         	1.976415e-07	(0.000000e+00 4.607563e-05 0.000000e+00)
8.295         	1.976327e-07	(0.000000e+00 4.607563e-05 0.000000e+00)
8.296         	1.976242e-07	(0.000000e+00 4.607563e-05 0.000000e+00)
8.297         	1.976156e-07	(0.000000e+00 4.607563e-05 0.000000e+00)
8.298         	1.976071e-07	(0.000000e+00 4.607563e-05 0.000000e+00)
8.299         	1.975986e-07	(0.000000e+00 4.607563e-05 0.000000e+00)
8.3           	1.975899e-07	(0.000000e+00 4.607563e-05 0.000000e+00)
8.301         	1.975818e-07	(0.000000e+00 4.607563e-05 0.000000e+00)
8.302         	1.975726e-07	(0.000000e+00 4.607563e-05 0.000000e+00)
8.303         	1.975637e-07	(0.000000e+00 4.607563e-05 0.000000e+00)
8.304         	1.975553e-07	(0.000000e+00 4.607563e-05 0.000000e+00)
8.305         	1.975472e-07	(0.000000e+00 4.607563e-05 0.000000e+00)
8.306         	1.975386e-07	(0.000000e+00 4.607563e-05 0.000000e+00)
8.307         	1.975301e-07	(0.000000e+00 4.607563e-05 0.000000e+00)
8.308         	1.975216e-07	(0.000000e+00 4.607563e-05 0.000000e+00)
8.309         	1.975122e-07	(0.000000e+00 4.607563e-05 0.000000e+00)
8.31          	1.975032e-07	(0.000000e+00 4.607563e-05 0.000000e+00)
8.311         	1.974948e-07	(0.000000e+00 4.607563e-05 0.000000e+00)
8.312         	1.974866e-07	(0.000000e+00 4.607563e-05 0.000000e+00)
8.313         	1.974787e-07	(0.000000e+00 4.607563e-05 0.000000e+00)
8.314         	1.974695e-07	(0.000000e+00 4.607563e-05 0.000000e+00)
8.315         	1.974611e-07	(0.000000e+00 4.607563e-05 0.000000e+00)
8.316         	1.974518e-07	(0.000000e+00 4.607563e-05 0.000000e+00)
8.317         	1.974432e-07	(0.000000e+00 4.607563e-05 0.000000e+00)
8.318         	1.974348e-07	(0.000000e+00 4.607563e-05 0.000000e+00)
8.319         	1.974267e-07	(0.000000e+00 4.607563e-05 0.000000e+00)
8.32          	1.974183e-07	(0.000000e+00 4.607563e-05 0.000000e+00)
8.321         	1.974096e-07	(0.000000e+00 4.607563e-05 0.000000e+00)
8.322         	1.974010e-07	(0.000000e+00 4.607563e-05 0.000000e+00)
8.323         	1.973923e-07	(0.000000e+00 4.607563e-05 0.000000e+00)
8.324         	1.973835e-07	(0.000000e+00 4.607563e-05 0.000000e+00)
8.325         	1.973749e-07	(0.000000e+00 4.607563e-05 0.000000e+00)
8.326         	1.973664e-07	(0.000000e+00 4.607563e-05 0.000000e+00)
8.327         	1.973583e-07	(0.000000e+00 4.607563e-05 0.000000e+00)
8.328         	1.973508e-07	(0.000000e+00 4.607563e-05 0.000000e+00)
8.329         	1.973410e-07	(0.000000e+00 4.607563e-05 0.000000e+00)
8.33          	1.973321e-07	(0.000000e+00 4.607563e-05 0.000000e+00)
8.331         	1.973232e-07	(0.000000e+00 4.607563e-05 0.000000e+00)
8.332         	1.973154e-07	(0.000000e+00 4.607563e-05 0.000000e+00)
8.333         	1.973067e-07	(0.000000e+00 4.607563e-05 0.000000e+00)
8.334         	1.972982e-07	(0.000000e+00 4.607563e-05 0.000000e+00)
8.335         	1.972898e-07	(0.000000e+00 4.607563e-05 0.000000e+00)
8.336         	1.972813e-07	(0.000000e+00 4.607563e-05 0.000000e+00)
8.337         	1.972728e-07	(0.000000e+00 4.607563e-05 0.000000e+00)
8.338         	1.972642e-07	(0.000000e+00 4.607563e-05 0.000000e+00)
8.339         	1.972557e-07	(0.000000e+00 4.607563e-05 0.000000e+00)
8.34          	1.972470e-07	(0.000000e+00 4.607563e-05 0.000000e+00)
8.341         	1.972384e-07	(0.000000e+00 4.607563e-05 0.000000e+00)
8.342         	1.972300e-07	(0.000000e+00 4.607563e-05 0.000000e+00)
8.343         	1.972221e-07	(0.000000e+00 4.607563e-05 0.000000e+00)
8.344         	1.972132e-07	(0.000000e+00 4.607563e-05 0.000000e+00)
8.345         	1.972043e-07	(0.000000e+00 4.607563e-05 0.000000e+00)
8.346         	1.971955e-07	(0.000000e+00 4.607563e-05 0.000000e+00)
8.347         	1.971872e-07	(0.000000e+00 4.607563e-05 0.000000e+00)
8.348         	1.971788e-07	(0.000000e+00 4.607563e-05 0.000000e+00)
8.349         	1.971705e-07	(0.000000e+00 4.607563e-05 0.000000e+00)
8.35          	1.971621e-07	(0.000000e+00 4.607563e-05 0.000000e+00)
8.351         	1.971538e-07	(0.000000e+00 4.607563e-05 0.000000e+00)
8.352         	1.971450e-07	(0.000000e+00 4.607563e-05 0.000000e+00)
8.353         	1.971372e-07	(0.000000e+00 4.607563e-05 0.000000e+00)
8.354         	1.971283e-07	(0.000000e+00 4.607563e-05 0.000000e+00)
8.355         	1.971194e-07	(0.000000e+00 4.607563e-05 0.000000e+00)
8.356         	1.971107e-07	(0.000000e+00 4.607563e-05 0.000000e+00)
8.357         	1.971024e-07	(0.000000e+00 4.607563e-05 0.000000e+00)
8.358         	1.970941e-07	(0.000000e+00 4.607563e-05 0.000000e+00)
8.359         	1.970858e-07	(0.000000e+00 4.607563e-05 0.000000e+00)
8.36          	1.970776e-07	(0.000000e+00 4.607563e-05 0.000000e+00)
8.361         	1.970689e-07	(0.000000e+00 4.607563e-05 0.000000e+00)
8.362         	1.970602e-07	(0.000000e+00 4.607563e-05 0.000000e+00)
8.363         	1.970516e-07	(0.000000e+00 4.607563e-05 0.000000e+00)
8.364         	1.970431e-07	(0.000000e+00 4.607563e-05 0.000000e+00)
8.365         	1.970346e-07	(0.000000e+00 4.607563e-05 0.000000e+00)
8.366         	1.970261e-07	(0.000000e+00 4.607563e-05 0.000000e+00)
8.367         	1.970175e-07	(0.000000e+00 4.607563e-05 0.000000e+00)
8.368         	1.970089e-07	(0.000000e+00 4.607563e-05 0.000000e+00)
8.369         	1.970001e-07	(0.000000e+00 4.607563e-05 0.000000e+00)
8.37          	1.969914e-07	(0.000000e+00 4.607563e-05 0.000000e+00)
8.371         	1.969831e-07	(0.000000e+00 4.607563e-05 0.000000e+00)
8.372         	1.969747e-07	(0.000000e+00 4.607563e-05 0.000000e+00)
8.373         	1.969663e-07	(0.000000e+00 4.607563e-05 0.000000e+00)
8.374         	1.969578e-07	(0.000000e+00 4.607563e-05 0.000000e+00)
8.375         	1.969494e-07	(0.000000e+00 4.607563e-05 0.000000e+00)
8.376         	1.969409e-07	(0.000000e+00 4.607563e-05 0.000000e+00)
8.377         	1.969324e-07	(0.000000e+00 4.607563e-05 0.000000e+00)
8.378         	1.969238e-07	(0.000000e+00 4.607563e-05 0.000000e+00)
8.379         	1.969154e-07	(0.000000e+00 4.607563e-05 0.000000e+00)
8.38          	1.969069e-07	(0.000000e+00 4.607563e-05 0.000000e+00)
8.381         	1.968985e-07	(0.000000e+00 4.607563e-05 0.000000e+00)
8.382         	1.968899e-07	(0.000000e+00 4.607563e-05 0.000000e+00)
8.383         	1.968816e-07	(0.000000e+00 4.607563e-05 0.000000e+00)
8.384         	1.968730e-07	(0.000000e+00 4.607563e-05 0.000000e+00)
8.385         	1.968646e-07	(0.000000e+00 4.607563e-05 0.000000e+00)
8.386         	1.968561e-07	(0.000000e+00 4.607563e-05 0.000000e+00)
8.387         	1.968477e-07	(0.000000e+00 4.607563e-05 0.000000e+00)
8.388         	1.968392e-07	(0.000000e+00 4.607563e-05 0.000000e+00)
8.389         	1.968308e-07	(0.000000e+00 4.607563e-05 0.000000e+00)
8.39          	1.968223e-07	(0.000000e+00 4.607563e-05 0.000000e+00)
8.391         	1.968140e-07	(0.000000e+00 4.607563e-05 0.000000e+00)
8.392         	1.968054e-07	(0.000000e+00 4.607563e-05 0.000000e+00)
8.393         	1.967970e-07	(0.000000e+00 4.607563e-05 0.000000e+00)
8.394         	1.967885e-07	(0.000000e+00 4.607563e-05 0.000000e+00)
8.395         	1.967801e-07	(0.000000e+00 4.607563e-05 0.000000e+00)
8.396         	1.967716e-07	(0.000000e+00 4.607563e-05 0.000000e+00)
8.397         	1.967634e-07	(0.000000e+00 4.607563e-05 0.000000e+00)
8.398         	1.967548e-07	(0.000000e+00 4.607563e-05 0.000000e+00)
8.399         	1.967464e-07	(0.000000e+00 4.607563e-05 0.000000e+00)
8.4           	1.967379e-07	(0.000000e+00 4.607563e-05 0.000000e+00)
8.401         	1.967295e-07	(0.000000e+00 4.607563e-05 0.000000e+00)
8.402         	1.967209e-07	(0.000000e+00 4.607563e-05 0.000000e+00)
8.403         	1.967126e-07	(0.000000e+00 4.607563e-05 0.000000e+00)
8.404         	1.967040e-07	(0.000000e+00 4.607563e-05 0.000000e+00)
8.405         	1.966955e-07	(0.000000e+00 4.607563e-05 0.000000e+00)
8.406         	1.966869e-07	(0.000000e+00 4.607563e-05 0.000000e+00)
8.407         	1.966787e-07	(0.000000e+00 4.607563e-05 0.000000e+00)
8.408         	1.966702e-07	(0.000000e+00 4.607563e-05 0.000000e+00)
8.409         	1.966619e-07	(0.000000e+00 4.607563e-05 0.000000e+00)
8.41          	1.966534e-07	(0.000000e+00 4.607563e-05 0.000000e+00)
8.411         	1.966452e-07	(0.000000e+00 4.607563e-05 0.000000e+00)
8.412         	1.966366e-07	(0.000000e+00 4.607563e-05 0.000000e+00)
8.413         	1.966283e-07	(0.000000e+00 4.607563e-05 0.000000e+00)
8.414         	1.966197e-07	(0.000000e+00 4.607563e-05 0.000000e+00)
8.415         	1.966115e-07	(0.000000e+00 4.607563e-05 0.000000e+00)
8.416         	1.966030e-07	(0.000000e+00 4.607563e-05 0.000000e+00)
8.417         	1.965947e-07	(0.000000e+00 4.607563e-05 0.000000e+00)
8.418         	1.965861e-07	(0.000000e+00 4.607563e-05 0.000000e+00)
8.419         	1.965778e-07	(0.000000e+00 4.607563e-05 0.000000e+00)
8.42          	1.965692e-07	(0.000000e+00 4.607563e-05 0.000000e+00)
8.421         	1.965610e-07	(0.000000e+00 4.607563e-05 0.000000e+00)
8.422         	1.965524e-07	(0.000000e+00 4.607563e-05 0.000000e+00)
8.423         	1.965442e-07	(0.000000e+00 4.607563e-05 0.000000e+00)
8.424         	1.965357e-07	(0.000000e+00 4.607563e-05 0.000000e+00)
8.425         	1.965275e-07	(0.000000e+00 4.607563e-05 0.000000e+00)
8.426         	1.965189e-07	(0.000000e+00 4.607563e-05 0.000000e+00)
8.427         	1.965107e-07	(0.000000e+00 4.607563e-05 0.000000e+00)
8.428         	1.965021e-07	(0.000000e+00 4.607563e-05 0.000000e+00)
8.429         	1.964940e-07	(0.000000e+00 4.607563e-05 0.000000e+00)
8.43          	1.964854e-07	(0.000000e+00 4.607563e-05 0.000000e+00)
8.431         	1.964772e-07	(0.000000e+00 4.607563e-05 0.000000e+00)
8.432         	1.964686e-07	(0.000000e+00 4.607563e-05 0.000000e+00)
8.433         	1.964604e-07	(0.000000e+00 4.607563e-05 0.000000e+00)
8.434         	1.964519e-07	(0.000000e+00 4.607563e-05 0.000000e+00)
8.435         	1.964437e-07	(0.000000e+00 4.607563e-05 0.000000e+00)
8.436         	1.964351e-07	(0.000000e+00 4.607563e-05 0.000000e+00)
8.437         	1.964269e-07	(0.000000e+00 4.607563e-05 0.000000e+00)
8.438         	1.964184e-07	(0.000000e+00 4.607563e-05 0.000000e+00)
8.439         	1.964102e-07	(0.000000e+00 4.607563e-05 0.000000e+00)
8.44          	1.964016e-07	(0.000000e+00 4.607563e-05 0.000000e+00)
8.441         	1.963935e-07	(0.000000e+00 4.607563e-05 0.000000e+00)
8.442         	1.963849e-07	(0.000000e+00 4.607563e-05 0.000000e+00)
8.443         	1.963768e-07	(0.000000e+00 4.607563e-05 0.000000e+00)
8.444         	1.963682e-07	(0.000000e+00 4.607563e-05 0.000000e+00)
8.445         	1.963601e-07	(0.000000e+00 4.607563e-05 0.000000e+00)
8.446         	1.963515e-07	(0.000000e+00 4.607563e-05 0.000000e+00)
8.447         	1.963434e-07	(0.000000e+00 4.607563e-05 0.000000e+00)
8.448         	1.963347e-07	(0.000000e+00 4.607563e-05 0.000000e+00)
8.449         	1.963267e-07	(0.000000e+00 4.607563e-05 0.000000e+00)
8.45          	1.963180e-07	(0.000000e+00 4.607563e-05 0.000000e+00)
8.451         	1.963099e-07	(0.000000e+00 4.607563e-05 0.000000e+00)
8.452         	1.963012e-07	(0.000000e+00 4.607563e-05 0.000000e+00)
8.453         	1.962931e-07	(0.000000e+00 4.607563e-05 0.000000e+00)
8.454         	1.962846e-07	(0.000000e+00 4.607563e-05 0.000000e+00)
8.455         	1.962765e-07	(0.000000e+00 4.607563e-05 0.000000e+00)
8.456         	1.962679e-07	(0.000000e+00 4.607563e-05 0.000000e+00)
8.457         	1.962599e-07	(0.000000e+00 4.607563e-05 0.000000e+00)
8.458         	1.962511e-07	(0.000000e+00 4.607563e-05 0.000000e+00)
8.459         	1.962429e-07	(0.000000e+00 4.607563e-05 0.000000e+00)
8.46          	1.962344e-07	(0.000000e+00 4.607563e-05 0.000000e+00)
8.461         	1.962262e-07	(0.000000e+00 4.607563e-05 0.000000e+00)
8.462         	1.962178e-07	(0.000000e+00 4.607563e-05 0.000000e+00)
8.463         	1.962096e-07	(0.000000e+00 4.607563e-05 0.000000e+00)
8.464         	1.962011e-07	(0.000000e+00 4.607563e-05 0.000000e+00)
8.465         	1.961929e-07	(0.000000e+00 4.607563e-05 0.000000e+00)
8.466         	1.961844e-07	(0.000000e+00 4.607563e-05 0.000000e+00)
8.467         	1.961762e-07	(0.000000e+00 4.607563e-05 0.000000e+00)
8.468         	1.961677e-07	(0.000000e+00 4.607563e-05 0.000000e+00)
8.469         	1.961596e-07	(0.000000e+00 4.607563e-05 0.000000e+00)
8.47          	1.961510e-07	(0.000000e+00 4.607563e-05 0.000000e+00)
8.471         	1.961429e-07	(0.000000e+00 4.607563e-05 0.000000e+00)
8.472         	1.961344e-07	(0.000000e+00 4.607563e-05 0.000000e+00)
8.473         	1.961262e-07	(0.000000e+00 4.607563e-05 0.000000e+00)
8.474         	1.961177e-07	(0.000000e+00 4.607563e-05 0.000000e+00)
8.475         	1.961096e-07	(0.000000e+00 4.607563e-05 0.000000e+00)
8.476         	1.961012e-07	(0.000000e+00 4.607563e-05 0.000000e+00)
8.477         	1.960930e-07	(0.000000e+00 4.607563e-05 0.000000e+00)
8.478         	1.960845e-07	(0.000000e+00 4.607563e-05 0.000000e+00)
8.479         	1.960763e-07	(0.000000e+00 4.607563e-05 0.000000e+00)
8.48          	1.960679e-07	(0.000000e+00 4.607563e-05 0.000000e+00)
8.481         	1.960597e-07	(0.000000e+00 4.607563e-05 0.000000e+00)
8.482         	1.960513e-07	(0.000000e+00 4.607563e-05 0.000000e+00)
8.483         	1.960431e-07	(0.000000e+00 4.607563e-05 0.000000e+00)
8.484         	1.960347e-07	(0.000000e+00 4.607563e-05 0.000000e+00)
8.485         	1.960265e-07	(0.000000e+00 4.607563e-05 0.000000e+00)
8.486         	1.960181e-07	(0.000000e+00 4.607563e-05 0.000000e+00)
8.487         	1.960099e-07	(0.000000e+00 4.607563e-05 0.000000e+00)
8.488         	1.960015e-07	(0.000000e+00 4.607563e-05 0.000000e+00)
8.489         	1.959933e-07	(0.000000e+00 4.607563e-05 0.000000e+00)
8.49          	1.959850e-07	(0.000000e+00 4.607563e-05 0.000000e+00)
8.491         	1.959768e-07	(0.000000e+00 4.607563e-05 0.000000e+00)
8.492         	1.959685e-07	(0.000000e+00 4.607563e-05 0.000000e+00)
8.493         	1.959603e-07	(0.000000e+00 4.607563e-05 0.000000e+00)
8.494         	1.959520e-07	(0.000000e+00 4.607563e-05 0.000000e+00)
8.495         	1.959439e-07	(0.000000e+00 4.607563e-05 0.000000e+00)
8.496         	1.959355e-07	(0.000000e+00 4.607563e-05 0.000000e+00)
8.497         	1.959272e-07	(0.000000e+00 4.607563e-05 0.000000e+00)
8.498         	1.959189e-07	(0.000000e+00 4.607563e-05 0.000000e+00)
8.499         	1.959108e-07	(0.000000e+00 4.607563e-05 0.000000e+00)
8.5           	1.959025e-07	(0.000000e+00 4.607563e-05 0.000000e+00)
8.501         	1.958943e-07	(0.000000e+00 4.607563e-05 0.000000e+00)
8.502         	1.958860e-07	(0.000000e+00 4.607563e-05 0.000000e+00)
8.503         	1.958778e-07	(0.000000e+00 4.607563e-05 0.000000e+00)
8.504         	1.958695e-07	(0.000000e+00 4.607563e-05 0.000000e+00)
8.505         	1.958614e-07	(0.000000e+00 4.607563e-05 0.000000e+00)
8.506         	1.958530e-07	(0.000000e+00 4.607563e-05 0.000000e+00)
8.507         	1.958448e-07	(0.000000e+00 4.607563e-05 0.000000e+00)
8.508         	1.958365e-07	(0.000000e+00 4.607563e-05 0.000000e+00)
8.509         	1.958283e-07	(0.000000e+00 4.607563e-05 0.000000e+00)
8.51          	1.958201e-07	(0.000000e+00 4.607563e-05 0.000000e+00)
8.511         	1.958119e-07	(0.000000e+00 4.607563e-05 0.000000e+00)
8.512         	1.958035e-07	(0.000000e+00 4.607563e-05 0.000000e+00)
8.513         	1.957953e-07	(0.000000e+00 4.607563e-05 0.000000e+00)
8.514         	1.957870e-07	(0.000000e+00 4.607563e-05 0.000000e+00)
8.515         	1.957789e-07	(0.000000e+00 4.607563e-05 0.000000e+00)
8.516         	1.957706e-07	(0.000000e+00 4.607563e-05 0.000000e+00)
8.517         	1.957624e-07	(0.000000e+00 4.607563e-05 0.000000e+00)
8.518         	1.957543e-07	(0.000000e+00 4.607563e-05 0.000000e+00)
8.519         	1.957460e-07	(0.000000e+00 4.607563e-05 0.000000e+00)
8.52          	1.957376e-07	(0.000000e+00 4.607563e-05 0.000000e+00)
8.521         	1.957295e-07	(0.000000e+00 4.607563e-05 0.000000e+00)
8.522         	1.957212e-07	(0.000000e+00 4.607563e-05 0.000000e+00)
8.523         	1.957131e-07	(0.000000e+00 4.607563e-05 0.000000e+00)
8.524         	1.957048e-07	(0.000000e+00 4.607563e-05 0.000000e+00)
8.525         	1.956967e-07	(0.000000e+00 4.607563e-05 0.000000e+00)
8.526         	1.956886e-07	(0.000000e+00 4.607563e-05 0.000000e+00)
8.527         	1.956804e-07	(0.000000e+00 4.607563e-05 0.000000e+00)
8.528         	1.956719e-07	(0.000000e+00 4.607563e-05 0.000000e+00)
8.529         	1.956636e-07	(0.000000e+00 4.607563e-05 0.000000e+00)
8.53          	1.956555e-07	(0.000000e+00 4.607563e-05 0.000000e+00)
8.531         	1.956474e-07	(0.000000e+00 4.607563e-05 0.000000e+00)
8.532         	1.956392e-07	(0.000000e+00 4.607563e-05 0.000000e+00)
8.533         	1.956310e-07	(0.000000e+00 4.607563e-05 0.000000e+00)
8.534         	1.956228e-07	(0.000000e+00 4.607563e-05 0.000000e+00)
8.535         	1.956148e-07	(0.000000e+00 4.607563e-05 0.000000e+00)
8.536         	1.956064e-07	(0.000000e+00 4.607563e-05 0.000000e+00)
8.537         	1.955981e-07	(0.000000e+00 4.607563e-05 0.000000e+00)
8.538         	1.955898e-07	(0.000000e+00 4.607563e-05 0.000000e+00)
8.539         	1.955817e-07	(0.000000e+00 4.607563e-05 0.000000e+00)
8.54          	1.955734e-07	(0.000000e+00 4.607563e-05 0.000000e+00)
8.541         	1.955654e-07	(0.000000e+00 4.607563e-05 0.000000e+00)
8.542         	1.955572e-07	(0.000000e+00 4.607563e-05 0.000000e+00)
8.543         	1.955490e-07	(0.000000e+00 4.607563e-05 0.000000e+00)
8.544         	1.955412e-07	(0.000000e+00 4.607563e-05 0.000000e+00)
8.545         	1.955325e-07	(0.000000e+00 4.607563e-05 0.000000e+00)
8.546         	1.955240e-07	(0.000000e+00 4.607563e-05 0.000000e+00)
8.547         	1.955159e-07	(0.000000e+00 4.607563e-05 0.000000e+00)
8.548         	1.955084e-07	(0.000000e+00 4.607563e-05 0.000000e+00)
8.549         	1.955006e-07	(0.000000e+00 4.607563e-05 0.000000e+00)
8.55          	1.954922e-07	(0.000000e+00 4.607563e-05 0.000000e+00)
8.551         	1.954832e-07	(0.000000e+00 4.607563e-05 0.000000e+00)
8.552         	1.954744e-07	(0.000000e+00 4.607563e-05 0.000000e+00)
8.553         	1.954664e-07	(0.000000e+00 4.607563e-05 0.000000e+00)
8.554         	1.954587e-07	(0.000000e+00 4.607563e-05 0.000000e+00)
8.555         	1.954509e-07	(0.000000e+00 4.607563e-05 0.000000e+00)
8.556         	1.954429e-07	(0.000000e+00 4.607563e-05 0.000000e+00)
8.557         	1.954348e-07	(0.000000e+00 4.607563e-05 0.000000e+00)
8.558         	1.954268e-07	(0.000000e+00 4.607563e-05 0.000000e+00)
8.559         	1.954180e-07	(0.000000e+00 4.607563e-05 0.000000e+00)
8.56          	1.954096e-07	(0.000000e+00 4.607563e-05 0.000000e+00)
8.561         	1.954019e-07	(0.000000e+00 4.607563e-05 0.000000e+00)
8.562         	1.953938e-07	(0.000000e+00 4.607563e-05 0.000000e+00)
8.563         	1.953852e-07	(0.000000e+00 4.607563e-05 0.000000e+00)
8.564         	1.953771e-07	(0.000000e+00 4.607563e-05 0.000000e+00)
8.565         	1.953689e-07	(0.000000e+00 4.607563e-05 0.000000e+00)
8.566         	1.953609e-07	(0.000000e+00 4.607563e-05 0.000000e+00)
8.567         	1.953537e-07	(0.000000e+00 4.607563e-05 0.000000e+00)
8.568         	1.953454e-07	(0.000000e+00 4.607563e-05 0.000000e+00)
8.569         	1.953360e-07	(0.000000e+00 4.607563e-05 0.000000e+00)
8.57          	1.953274e-07	(0.000000e+00 4.607563e-05 0.000000e+00)
8.571         	1.953195e-07	(0.000000e+00 4.607563e-05 0.000000e+00)
8.572         	1.953117e-07	(0.000000e+00 4.607563e-05 0.000000e+00)
8.573         	1.953046e-07	(0.000000e+00 4.607563e-05 0.000000e+00)
8.574         	1.952959e-07	(0.000000e+00 4.607563e-05 0.000000e+00)
8.575         	1.952875e-07	(0.000000e+00 4.607563e-05 0.000000e+00)
8.576         	1.952792e-07	(0.000000e+00 4.607563e-05 0.000000e+00)
8.577         	1.952711e-07	(0.000000e+00 4.607563e-05 0.000000e+00)
8.578         	1.952632e-07	(0.000000e+00 4.607563e-05 0.000000e+00)
8.579         	1.952551e-07	(0.000000e+00 4.607563e-05 0.000000e+00)
8.58          	1.952469e-07	(0.000000e+00 4.607563e-05 0.000000e+00)
8.581         	1.952388e-07	(0.000000e+00 4.607563e-05 0.000000e+00)
8.582         	1.952311e-07	(0.000000e+00 4.607563e-05 0.000000e+00)
8.583         	1.952238e-07	(0.000000e+00 4.607563e-05 0.000000e+00)
8.584         	1.952142e-07	(0.000000e+00 4.607563e-05 0.000000e+00)
8.585         	1.952055e-07	(0.000000e+00 4.607563e-05 0.000000e+00)
8.586         	1.951976e-07	(0.000000e+00 4.607563e-05 0.000000e+00)
8.587         	1.951899e-07	(0.000000e+00 4.607563e-05 0.000000e+00)
8.588         	1.951822e-07	(0.000000e+00 4.607563e-05 0.000000e+00)
8.589         	1.951742e-07	(0.000000e+00 4.607563e-05 0.000000e+00)
8.59          	1.951660e-07	(0.000000e+00 4.607563e-05 0.000000e+00)
8.591         	1.951577e-07	(0.000000e+00 4.607563e-05 0.000000e+00)
8.592         	1.951495e-07	(0.000000e+00 4.607563e-05 0.000000e+00)
8.593         	1.951413e-07	(0.000000e+00 4.607563e-05 0.000000e+00)
8.594         	1.951334e-07	(0.000000e+00 4.607563e-05 0.000000e+00)
8.595         	1.951251e-07	(0.000000e+00 4.607563e-05 0.000000e+00)
8.596         	1.951169e-07	(0.000000e+00 4.607563e-05 0.000000e+00)
8.597         	1.951088e-07	(0.000000e+00 4.607563e-05 0.000000e+00)
8.598         	1.951008e-07	(0.000000e+00 4.607563e-05 0.000000e+00)
8.599         	1.950927e-07	(0.000000e+00 4.607563e-05 0.000000e+00)
8.6           	1.950846e-07	(0.000000e+00 4.607563e-05 0.000000e+00)
8.601         	1.950765e-07	(0.000000e+00 4.607563e-05 0.000000e+00)
8.602         	1.950684e-07	(0.000000e+00 4.607563e-05 0.000000e+00)
8.603         	1.950602e-07	(0.000000e+00 4.607563e-05 0.000000e+00)
8.604         	1.950523e-07	(0.000000e+00 4.607563e-05 0.000000e+00)
8.605         	1.950442e-07	(0.000000e+00 4.607563e-05 0.000000e+00)
8.606         	1.950359e-07	(0.000000e+00 4.607563e-05 0.000000e+00)
8.607         	1.950278e-07	(0.000000e+00 4.607563e-05 0.000000e+00)
8.608         	1.950198e-07	(0.000000e+00 4.607563e-05 0.000000e+00)
8.609         	1.950116e-07	(0.000000e+00 4.607563e-05 0.000000e+00)
8.61          	1.950035e-07	(0.000000e+00 4.607563e-05 0.000000e+00)
8.611         	1.949958e-07	(0.000000e+00 4.607563e-05 0.000000e+00)
8.612         	1.949872e-07	(0.000000e+00 4.607563e-05 0.000000e+00)
8.613         	1.949789e-07	(0.000000e+00 4.607563e-05 0.000000e+00)
8.614         	1.949711e-07	(0.000000e+00 4.607563e-05 0.000000e+00)
8.615         	1.949632e-07	(0.000000e+00 4.607563e-05 0.000000e+00)
8.616         	1.949551e-07	(0.000000e+00 4.607563e-05 0.000000e+00)
8.617         	1.949471e-07	(0.000000e+00 4.607563e-05 0.000000e+00)
8.618         	1.949391e-07	(0.000000e+00 4.607563e-05 0.000000e+00)
8.619         	1.949321e-07	(0.000000e+00 4.607563e-05 0.000000e+00)
8.62          	1.949238e-07	(0.000000e+00 4.607563e-05 0.000000e+00)
8.621         	1.949147e-07	(0.000000e+00 4.607563e-05 0.000000e+00)
8.622         	1.949066e-07	(0.000000e+00 4.607563e-05 0.000000e+00)
8.623         	1.948978e-07	(0.000000e+00 4.607563e-05 0.000000e+00)
8.624         	1.948896e-07	(0.000000e+00 4.607563e-05 0.000000e+00)
8.625         	1.948828e-07	(0.000000e+00 4.607563e-05 0.000000e+00)
8.626         	1.948748e-07	(0.000000e+00 4.607563e-05 0.000000e+00)
8.627         	1.948663e-07	(0.000000e+00 4.607563e-05 0.000000e+00)
8.628         	1.948584e-07	(0.000000e+00 4.607563e-05 0.000000e+00)
8.629         	1.948510e-07	(0.000000e+00 4.607563e-05 0.000000e+00)
8.63          	1.948424e-07	(0.000000e+00 4.607563e-05 0.000000e+00)
8.631         	1.948339e-07	(0.000000e+00 4.607563e-05 0.000000e+00)
8.632         	1.948259e-07	(0.000000e+00 4.607563e-05 0.000000e+00)
8.633         	1.948178e-07	(0.000000e+00 4.607563e-05 0.000000e+00)
8.634         	1.948108e-07	(0.000000e+00 4.607563e-05 0.000000e+00)
8.635         	1.948020e-07	(0.000000e+00 4.607563e-05 0.000000e+00)
8.636         	1.947939e-07	(0.000000e+00 4.607563e-05 0.000000e+00)
8.637         	1.947851e-07	(0.000000e+00 4.607563e-05 0.000000e+00)
8.638         	1.947771e-07	(0.000000e+00 4.607563e-05 0.000000e+00)
8.639         	1.947694e-07	(0.000000e+00 4.607563e-05 0.000000e+00)
8.64          	1.947619e-07	(0.000000e+00 4.607563e-05 0.000000e+00)
8.641         	1.947539e-07	(0.000000e+00 4.607563e-05 0.000000e+00)
8.642         	1.947457e-07	(0.000000e+00 4.607563e-05 0.000000e+00)
8.643         	1.947375e-07	(0.000000e+00 4.607563e-05 0.000000e+00)
8.644         	1.947295e-07	(0.000000e+00 4.607563e-05 0.000000e+00)
8.645         	1.947214e-07	(0.000000e+00 4.607563e-05 0.000000e+00)
8.646         	1.947135e-07	(0.000000e+00 4.607563e-05 0.000000e+00)
8.647         	1.947055e-07	(0.000000e+00 4.607563e-05 0.000000e+00)
8.648         	1.946975e-07	(0.000000e+00 4.607563e-05 0.000000e+00)
8.649         	1.946895e-07	(0.000000e+00 4.607563e-05 0.000000e+00)
8.65          	1.946814e-07	(0.000000e+00 4.607563e-05 0.000000e+00)
8.651         	1.946734e-07	(0.000000e+00 4.607563e-05 0.000000e+00)
8.652         	1.946655e-07	(0.000000e+00 4.607563e-05 0.000000e+00)
8.653         	1.946575e-07	(0.000000e+00 4.607563e-05 0.000000e+00)
8.654         	1.946494e-07	(0.000000e+00 4.607563e-05 0.000000e+00)
8.655         	1.946412e-07	(0.000000e+00 4.607563e-05 0.000000e+00)
8.656         	1.946334e-07	(0.000000e+00 4.607563e-05 0.000000e+00)
8.657         	1.946252e-07	(0.000000e+00 4.607563e-05 0.000000e+00)
8.658         	1.946171e-07	(0.000000e+00 4.607563e-05 0.000000e+00)
8.659         	1.946091e-07	(0.000000e+00 4.607563e-05 0.000000e+00)
8.66          	1.946012e-07	(0.000000e+00 4.607563e-05 0.000000e+00)
8.661         	1.945933e-07	(0.000000e+00 4.607563e-05 0.000000e+00)
8.662         	1.945853e-07	(0.000000e+00 4.607563e-05 0.000000e+00)
8.663         	1.945773e-07	(0.000000e+00 4.607563e-05 0.000000e+00)
8.664         	1.945693e-07	(0.000000e+00 4.607563e-05 0.000000e+00)
8.665         	1.945612e-07	(0.000000e+00 4.607563e-05 0.000000e+00)
8.666         	1.945535e-07	(0.000000e+00 4.607563e-05 0.000000e+00)
8.667         	1.945454e-07	(0.000000e+00 4.607563e-05 0.000000e+00)
8.668         	1.945373e-07	(0.000000e+00 4.607563e-05 0.000000e+00)
8.669         	1.945292e-07	(0.000000e+00 4.607563e-05 0.000000e+00)
8.67          	1.945215e-07	(0.000000e+00 4.607563e-05 0.000000e+00)
8.671         	1.945132e-07	(0.000000e+00 4.607563e-05 0.000000e+00)
8.672         	1.945052e-07	(0.000000e+00 4.607563e-05 0.000000e+00)
8.673         	1.944974e-07	(0.000000e+00 4.607563e-05 0.000000e+00)
8.674         	1.944894e-07	(0.000000e+00 4.607563e-05 0.000000e+00)
8.675         	1.944814e-07	(0.000000e+00 4.607563e-05 0.000000e+00)
8.676         	1.944734e-07	(0.000000e+00 4.607563e-05 0.000000e+00)
8.677         	1.944654e-07	(0.000000e+00 4.607563e-05 0.000000e+00)
8.678         	1.944575e-07	(0.000000e+00 4.607563e-05 0.000000e+00)
8.679         	1.944495e-07	(0.000000e+00 4.607563e-05 0.000000e+00)
8.68          	1.944416e-07	(0.000000e+00 4.607563e-05 0.000000e+00)
8.681         	1.944337e-07	(0.000000e+00 4.607563e-05 0.000000e+00)
8.682         	1.944257e-07	(0.000000e+00 4.607563e-05 0.000000e+00)
8.683         	1.944179e-07	(0.000000e+00 4.607563e-05 0.000000e+00)
8.684         	1.944098e-07	(0.000000e+00 4.607563e-05 0.000000e+00)
8.685         	1.944022e-07	(0.000000e+00 4.607563e-05 0.000000e+00)
8.686         	1.943941e-07	(0.000000e+00 4.607563e-05 0.000000e+00)
8.687         	1.943856e-07	(0.000000e+00 4.607563e-05 0.000000e+00)
8.688         	1.943773e-07	(0.000000e+00 4.607563e-05 0.000000e+00)
8.689         	1.943696e-07	(0.000000e+00 4.607563e-05 0.000000e+00)
8.69          	1.943623e-07	(0.000000e+00 4.607563e-05 0.000000e+00)
8.691         	1.943549e-07	(0.000000e+00 4.607563e-05 0.000000e+00)
8.692         	1.943472e-07	(0.000000e+00 4.607563e-05 0.000000e+00)
8.693         	1.943394e-07	(0.000000e+00 4.607563e-05 0.000000e+00)
8.694         	1.943316e-07	(0.000000e+00 4.607563e-05 0.000000e+00)
8.695         	1.943242e-07	(0.000000e+00 4.607563e-05 0.000000e+00)
8.696         	1.943166e-07	(0.000000e+00 4.607563e-05 0.000000e+00)
8.697         	1.943093e-07	(0.000000e+00 4.607563e-05 0.000000e+00)
8.698         	1.943015e-07	(0.000000e+00 4.607563e-05 0.000000e+00)
8.699         	1.942935e-07	(0.000000e+00 4.607563e-05 0.000000e+00)
8.7           	1.942844e-07	(0.000000e+00 4.607563e-05 0.000000e+00)
8.701         	1.942757e-07	(0.000000e+00 4.607563e-05 0.000000e+00)
8.702         	1.942667e-07	(0.000000e+00 4.607563e-05 0.000000e+00)
8.703         	1.942586e-07	(0.000000e+00 4.607563e-05 0.000000e+00)
8.704         	1.942503e-07	(0.000000e+00 4.607563e-05 0.000000e+00)
8.705         	1.942428e-07	(0.000000e+00 4.607563e-05 0.000000e+00)
8.706         	1.942349e-07	(0.000000e+00 4.607563e-05 0.000000e+00)
8.707         	1.942275e-07	(0.000000e+00 4.607563e-05 0.000000e+00)
8.708         	1.942195e-07	(0.000000e+00 4.607563e-05 0.000000e+00)
8.709         	1.942120e-07	(0.000000e+00 4.607563e-05 0.000000e+00)
8.71          	1.942038e-07	(0.000000e+00 4.607563e-05 0.000000e+00)
8.711         	1.941961e-07	(0.000000e+00 4.607563e-05 0.000000e+00)
8.712         	1.941878e-07	(0.000000e+00 4.607563e-05 0.000000e+00)
8.713         	1.941800e-07	(0.000000e+00 4.607563e-05 0.000000e+00)
8.714         	1.941716e-07	(0.000000e+00 4.607563e-05 0.000000e+00)
8.715         	1.941639e-07	(0.000000e+00 4.607563e-05 0.000000e+00)
8.716         	1.941556e-07	(0.000000e+00 4.607563e-05 0.000000e+00)
8.717         	1.941479e-07	(0.000000e+00 4.607563e-05 0.000000e+00)
8.718         	1.941397e-07	(0.000000e+00 4.607563e-05 0.000000e+00)
8.719         	1.941321e-07	(0.000000e+00 4.607563e-05 0.000000e+00)
8.72          	1.941239e-07	(0.000000e+00 4.607563e-05 0.000000e+00)
8.721         	1.941163e-07	(0.000000e+00 4.607563e-05 0.000000e+00)
8.722         	1.941082e-07	(0.000000e+00 4.607563e-05 0.000000e+00)
8.723         	1.941006e-07	(0.000000e+00 4.607563e-05 0.000000e+00)
8.724         	1.940925e-07	(0.000000e+00 4.607563e-05 0.000000e+00)
8.725         	1.940849e-07	(0.000000e+00 4.607563e-05 0.000000e+00)
8.726         	1.940767e-07	(0.000000e+00 4.607563e-05 0.000000e+00)
8.727         	1.940691e-07	(0.000000e+00 4.607563e-05 0.000000e+00)
8.728         	1.940609e-07	(0.000000e+00 4.607563e-05 0.000000e+00)
8.729         	1.940532e-07	(0.000000e+00 4.607563e-05 0.000000e+00)
8.73          	1.940450e-07	(0.000000e+00 4.607563e-05 0.000000e+00)
8.731         	1.940373e-07	(0.000000e+00 4.607563e-05 0.000000e+00)
8.732         	1.940290e-07	(0.000000e+00 4.607563e-05 0.000000e+00)
8.733         	1.940213e-07	(0.000000e+00 4.607563e-05 0.000000e+00)
8.734         	1.940130e-07	(0.000000e+00 4.607563e-05 0.000000e+00)
8.735         	1.940052e-07	(0.000000e+00 4.607563e-05 0.000000e+00)
8.736         	1.939969e-07	(0.000000e+00 4.607563e-05 0.000000e+00)
8.737         	1.939892e-07	(0.000000e+00 4.607563e-05 0.000000e+00)
8.738         	1.939809e-07	(0.000000e+00 4.607563e-05 0.000000e+00)
8.739         	1.939732e-07	(0.000000e+00 4.607563e-05 0.000000e+00)
8.74          	1.939649e-07	(0.000000e+00 4.607563e-05 0.000000e+00)
8.741         	1.939572e-07	(0.000000e+00 4.607563e-05 0.000000e+00)
8.742         	1.939490e-07	(0.000000e+00 4.607563e-05 0.000000e+00)
8.743         	1.939414e-07	(0.000000e+00 4.607563e-05 0.000000e+00)
8.744         	1.939332e-07	(0.000000e+00 4.607563e-05 0.000000e+00)
8.745         	1.939255e-07	(0.000000e+00 4.607563e-05 0.000000e+00)
8.746         	1.939173e-07	(0.000000e+00 4.607563e-05 0.000000e+00)
8.747         	1.939096e-07	(0.000000e+00 4.607563e-05 0.000000e+00)
8.748         	1.939014e-07	(0.000000e+00 4.607563e-05 0.000000e+00)
8.749         	1.938936e-07	(0.000000e+00 4.607563e-05 0.000000e+00)
8.75          	1.938855e-07	(0.000000e+00 4.607563e-05 0.000000e+00)
8.751         	1.938778e-07	(0.000000e+00 4.607563e-05 0.000000e+00)
8.752         	1.938697e-07	(0.000000e+00 4.607563e-05 0.000000e+00)
8.753         	1.938621e-07	(0.000000e+00 4.607563e-05 0.000000e+00)
8.754         	1.938541e-07	(0.000000e+00 4.607563e-05 0.000000e+00)
8.755         	1.938465e-07	(0.000000e+00 4.607563e-05 0.000000e+00)
8.756         	1.938386e-07	(0.000000e+00 4.607563e-05 0.000000e+00)
8.757         	1.938310e-07	(0.000000e+00 4.607563e-05 0.000000e+00)
8.758         	1.938232e-07	(0.000000e+00 4.607563e-05 0.000000e+00)
8.759         	1.938155e-07	(0.000000e+00 4.607563e-05 0.000000e+00)
8.76          	1.938077e-07	(0.000000e+00 4.607563e-05 0.000000e+00)
8.761         	1.938000e-07	(0.000000e+00 4.607563e-05 0.000000e+00)
8.762         	1.937923e-07	(0.000000e+00 4.607563e-05 0.000000e+00)
8.763         	1.937845e-07	(0.000000e+00 4.607563e-05 0.000000e+00)
8.764         	1.937767e-07	(0.000000e+00 4.607563e-05 0.000000e+00)
8.765         	1.937690e-07	(0.000000e+00 4.607563e-05 0.000000e+00)
8.766         	1.937613e-07	(0.000000e+00 4.607563e-05 0.000000e+00)
8.767         	1.937535e-07	(0.000000e+00 4.607563e-05 0.000000e+00)
8.768         	1.937458e-07	(0.000000e+00 4.607563e-05 0.000000e+00)
8.769         	1.937381e-07	(0.000000e+00 4.607563e-05 0.000000e+00)
8.77          	1.937305e-07	(0.000000e+00 4.607563e-05 0.000000e+00)
8.771         	1.937228e-07	(0.000000e+00 4.607563e-05 0.000000e+00)
8.772         	1.937153e-07	(0.000000e+00 4.607563e-05 0.000000e+00)
8.773         	1.937078e-07	(0.000000e+00 4.607563e-05 0.000000e+00)
8.774         	1.936988e-07	(0.000000e+00 4.607563e-05 0.000000e+00)
8.775         	1.936905e-07	(0.000000e+00 4.607563e-05 0.000000e+00)
8.776         	1.936826e-07	(0.000000e+00 4.607563e-05 0.000000e+00)
8.777         	1.936747e-07	(0.000000e+00 4.607563e-05 0.000000e+00)
8.778         	1.936689e-07	(0.000000e+00 4.607563e-05 0.000000e+00)
8.779         	1.936594e-07	(0.000000e+00 4.607563e-05 0.000000e+00)
8.78          	1.936521e-07	(0.000000e+00 4.607563e-05 0.000000e+00)
8.781         	1.936438e-07	(0.000000e+00 4.607563e-05 0.000000e+00)
8.782         	1.936357e-07	(0.000000e+00 4.607563e-05 0.000000e+00)
8.783         	1.936278e-07	(0.000000e+00 4.607563e-05 0.000000e+00)
8.784         	1.936202e-07	(0.000000e+00 4.607563e-05 0.000000e+00)
8.785         	1.936128e-07	(0.000000e+00 4.607563e-05 0.000000e+00)
8.786         	1.936055e-07	(0.000000e+00 4.607563e-05 0.000000e+00)
8.787         	1.935977e-07	(0.000000e+00 4.607563e-05 0.000000e+00)
8.788         	1.935896e-07	(0.000000e+00 4.607563e-05 0.000000e+00)
8.789         	1.935817e-07	(0.000000e+00 4.607563e-05 0.000000e+00)
8.79          	1.935737e-07	(0.000000e+00 4.607563e-05 0.000000e+00)
8.791         	1.935658e-07	(0.000000e+00 4.607563e-05 0.000000e+00)
8.792         	1.935579e-07	(0.000000e+00 4.607563e-05 0.000000e+00)
8.793         	1.935502e-07	(0.000000e+00 4.607563e-05 0.000000e+00)
8.794         	1.935429e-07	(0.000000e+00 4.607563e-05 0.000000e+00)
8.795         	1.935349e-07	(0.000000e+00 4.607563e-05 0.000000e+00)
8.796         	1.935270e-07	(0.000000e+00 4.607563e-05 0.000000e+00)
8.797         	1.935192e-07	(0.000000e+00 4.607563e-05 0.000000e+00)
8.798         	1.935123e-07	(0.000000e+00 4.607563e-05 0.000000e+00)
8.799         	1.935040e-07	(0.000000e+00 4.607563e-05 0.000000e+00)
8.8           	1.934954e-07	(0.000000e+00 4.607563e-05 0.000000e+00)
8.801         	1.934875e-07	(0.000000e+00 4.607563e-05 0.000000e+00)
8.802         	1.934802e-07	(0.000000e+00 4.607563e-05 0.000000e+00)
8.803         	1.934726e-07	(0.000000e+00 4.607563e-05 0.000000e+00)
8.804         	1.934661e-07	(0.000000e+00 4.607563e-05 0.000000e+00)
8.805         	1.934574e-07	(0.000000e+00 4.607563e-05 0.000000e+00)
8.806         	1.934487e-07	(0.000000e+00 4.607563e-05 0.000000e+00)
8.807         	1.934408e-07	(0.000000e+00 4.607563e-05 0.000000e+00)
8.808         	1.934333e-07	(0.000000e+00 4.607563e-05 0.000000e+00)
8.809         	1.934259e-07	(0.000000e+00 4.607563e-05 0.000000e+00)
8.81          	1.934184e-07	(0.000000e+00 4.607563e-05 0.000000e+00)
8.811         	1.934106e-07	(0.000000e+00 4.607563e-05 0.000000e+00)
8.812         	1.934028e-07	(0.000000e+00 4.607563e-05 0.000000e+00)
8.813         	1.933949e-07	(0.000000e+00 4.607563e-05 0.000000e+00)
8.814         	1.933874e-07	(0.000000e+00 4.607563e-05 0.000000e+00)
8.815         	1.933793e-07	(0.000000e+00 4.607563e-05 0.000000e+00)
8.816         	1.933717e-07	(0.000000e+00 4.607563e-05 0.000000e+00)
8.817         	1.933638e-07	(0.000000e+00 4.607563e-05 0.000000e+00)
8.818         	1.933559e-07	(0.000000e+00 4.607563e-05 0.000000e+00)
8.819         	1.933484e-07	(0.000000e+00 4.607563e-05 0.000000e+00)
8.82          	1.933406e-07	(0.000000e+00 4.607563e-05 0.000000e+00)
8.821         	1.933327e-07	(0.000000e+00 4.607563e-05 0.000000e+00)
8.822         	1.933250e-07	(0.000000e+00 4.607563e-05 0.000000e+00)
8.823         	1.933173e-07	(0.000000e+00 4.607563e-05 0.000000e+00)
8.824         	1.933097e-07	(0.000000e+00 4.607563e-05 0.000000e+00)
8.825         	1.933022e-07	(0.000000e+00 4.607563e-05 0.000000e+00)
8.826         	1.932941e-07	(0.000000e+00 4.607563e-05 0.000000e+00)
8.827         	1.932864e-07	(0.000000e+00 4.607563e-05 0.000000e+00)
8.828         	1.932784e-07	(0.000000e+00 4.607563e-05 0.000000e+00)
8.829         	1.932705e-07	(0.000000e+00 4.607563e-05 0.000000e+00)
8.83          	1.932629e-07	(0.000000e+00 4.607563e-05 0.000000e+00)
8.831         	1.932553e-07	(0.000000e+00 4.607563e-05 0.000000e+00)
8.832         	1.932479e-07	(0.000000e+00 4.607563e-05 0.000000e+00)
8.833         	1.932400e-07	(0.000000e+00 4.607563e-05 0.000000e+00)
8.834         	1.932320e-07	(0.000000e+00 4.607563e-05 0.000000e+00)
8.835         	1.932244e-07	(0.000000e+00 4.607563e-05 0.000000e+00)
8.836         	1.932165e-07	(0.000000e+00 4.607563e-05 0.000000e+00)
8.837         	1.932087e-07	(0.000000e+00 4.607563e-05 0.000000e+00)
8.838         	1.932011e-07	(0.000000e+00 4.607563e-05 0.000000e+00)
8.839         	1.931935e-07	(0.000000e+00 4.607563e-05 0.000000e+00)
8.84          	1.931858e-07	(0.000000e+00 4.607563e-05 0.000000e+00)
8.841         	1.931781e-07	(0.000000e+00 4.607563e-05 0.000000e+00)
8.842         	1.931703e-07	(0.000000e+00 4.607563e-05 0.000000e+00)
8.843         	1.931630e-07	(0.000000e+00 4.607563e-05 0.000000e+00)
8.844         	1.931551e-07	(0.000000e+00 4.607563e-05 0.000000e+00)
8.845         	1.931469e-07	(0.000000e+00 4.607563e-05 0.000000e+00)
8.846         	1.931391e-07	(0.000000e+00 4.607563e-05 0.000000e+00)
8.847         	1.931315e-07	(0.000000e+00 4.607563e-05 0.000000e+00)
8.848         	1.931239e-07	(0.000000e+00 4.607563e-05 0.000000e+00)
8.849         	1.931163e-07	(0.000000e+00 4.607563e-05 0.000000e+00)
8.85          	1.931086e-07	(0.000000e+00 4.607563e-05 0.000000e+00)
8.851         	1.931009e-07	(0.000000e+00 4.607563e-05 0.000000e+00)
8.852         	1.930931e-07	(0.000000e+00 4.607563e-05 0.000000e+00)
8.853         	1.930854e-07	(0.000000e+00 4.607563e-05 0.000000e+00)
8.854         	1.930787e-07	(0.000000e+00 4.607563e-05 0.000000e+00)
8.855         	1.930708e-07	(0.000000e+00 4.607563e-05 0.000000e+00)
8.856         	1.930619e-07	(0.000000e+00 4.607563e-05 0.000000e+00)
8.857         	1.930538e-07	(0.000000e+00 4.607563e-05 0.000000e+00)
8.858         	1.930462e-07	(0.000000e+00 4.607563e-05 0.000000e+00)
8.859         	1.930390e-07	(0.000000e+00 4.607563e-05 0.000000e+00)
8.86          	1.930317e-07	(0.000000e+00 4.607563e-05 0.000000e+00)
8.861         	1.930243e-07	(0.000000e+00 4.607563e-05 0.000000e+00)
8.862         	1.930165e-07	(0.000000e+00 4.607563e-05 0.000000e+00)
8.863         	1.930087e-07	(0.000000e+00 4.607563e-05 0.000000e+00)
8.864         	1.930008e-07	(0.000000e+00 4.607563e-05 0.000000e+00)
8.865         	1.929933e-07	(0.000000e+00 4.607563e-05 0.000000e+00)
8.866         	1.929854e-07	(0.000000e+00 4.607563e-05 0.000000e+00)
8.867         	1.929777e-07	(0.000000e+00 4.607563e-05 0.000000e+00)
8.868         	1.929701e-07	(0.000000e+00 4.607563e-05 0.000000e+00)
8.869         	1.929626e-07	(0.000000e+00 4.607563e-05 0.000000e+00)
8.87          	1.929555e-07	(0.000000e+00 4.607563e-05 0.000000e+00)
8.871         	1.929475e-07	(0.000000e+00 4.607563e-05 0.000000e+00)
8.872         	1.929392e-07	(0.000000e+00 4.607563e-05 0.000000e+00)
8.873         	1.929313e-07	(0.000000e+00 4.607563e-05 0.000000e+00)
8.874         	1.929241e-07	(0.000000e+00 4.607563e-05 0.000000e+00)
8.875         	1.929176e-07	(0.000000e+00 4.607563e-05 0.000000e+00)
8.876         	1.929090e-07	(0.000000e+00 4.607563e-05 0.000000e+00)
8.877         	1.929008e-07	(0.000000e+00 4.607563e-05 0.000000e+00)
8.878         	1.928932e-07	(0.000000e+00 4.607563e-05 0.000000e+00)
8.879         	1.928860e-07	(0.000000e+00 4.607563e-05 0.000000e+00)
8.88          	1.928783e-07	(0.000000e+00 4.607563e-05 0.000000e+00)
8.881         	1.928705e-07	(0.000000e+00 4.607563e-05 0.000000e+00)
8.882         	1.928628e-07	(0.000000e+00 4.607563e-05 0.000000e+00)
8.883         	1.928551e-07	(0.000000e+00 4.607563e-05 0.000000e+00)
8.884         	1.928478e-07	(0.000000e+00 4.607563e-05 0.000000e+00)
8.885         	1.928399e-07	(0.000000e+00 4.607563e-05 0.000000e+00)
8.886         	1.928323e-07	(0.000000e+00 4.607563e-05 0.000000e+00)
8.887         	1.928247e-07	(0.000000e+00 4.607563e-05 0.000000e+00)
8.888         	1.928185e-07	(0.000000e+00 4.607563e-05 0.000000e+00)
8.889         	1.928096e-07	(0.000000e+00 4.607563e-05 0.000000e+00)
8.89          	1.928008e-07	(0.000000e+00 4.607563e-05 0.000000e+00)
8.891         	1.927930e-07	(0.000000e+00 4.607563e-05 0.000000e+00)
8.892         	1.927861e-07	(0.000000e+00 4.607563e-05 0.000000e+00)
8.893         	1.927789e-07	(0.000000e+00 4.607563e-05 0.000000e+00)
8.894         	1.927715e-07	(0.000000e+00 4.607563e-05 0.000000e+00)
8.895         	1.927638e-07	(0.000000e+00 4.607563e-05 0.000000e+00)
8.896         	1.927579e-07	(0.000000e+00 4.607563e-05 0.000000e+00)
8.897         	1.927493e-07	(0.000000e+00 4.607563e-05 0.000000e+00)
8.898         	1.927399e-07	(0.000000e+00 4.607563e-05 0.000000e+00)
8.899         	1.927319e-07	(0.000000e+00 4.607563e-05 0.000000e+00)
8.9           	1.927245e-07	(0.000000e+00 4.607563e-05 0.000000e+00)
8.901         	1.927175e-07	(0.000000e+00 4.607563e-05 0.000000e+00)
8.902         	1.927105e-07	(0.000000e+00 4.607563e-05 0.000000e+00)
8.903         	1.927029e-07	(0.000000e+00 4.607563e-05 0.000000e+00)
8.904         	1.926963e-07	(0.000000e+00 4.607563e-05 0.000000e+00)
8.905         	1.926877e-07	(0.000000e+00 4.607563e-05 0.000000e+00)
8.906         	1.926789e-07	(0.000000e+00 4.607563e-05 0.000000e+00)
8.907         	1.926712e-07	(0.000000e+00 4.607563e-05 0.000000e+00)
8.908         	1.926639e-07	(0.000000e+00 4.607563e-05 0.000000e+00)
8.909         	1.926579e-07	(0.000000e+00 4.607563e-05 0.000000e+00)
8.91          	1.926496e-07	(0.000000e+00 4.607563e-05 0.000000e+00)
8.911         	1.926411e-07	(0.000000e+00 4.607563e-05 0.000000e+00)
8.912         	1.926333e-07	(0.000000e+00 4.607563e-05 0.000000e+00)
8.913         	1.926259e-07	(0.000000e+00 4.607563e-05 0.000000e+00)
8.914         	1.926188e-07	(0.000000e+00 4.607563e-05 0.000000e+00)
8.915         	1.926113e-07	(0.000000e+00 4.607563e-05 0.000000e+00)
8.916         	1.926040e-07	(0.000000e+00 4.607563e-05 0.000000e+00)
8.917         	1.925965e-07	(0.000000e+00 4.607563e-05 0.000000e+00)
8.918         	1.925886e-07	(0.000000e+00 4.607563e-05 0.000000e+00)
8.919         	1.925802e-07	(0.000000e+00 4.607563e-05 0.000000e+00)
8.92          	1.925722e-07	(0.000000e+00 4.607563e-05 0.000000e+00)
8.921         	1.925649e-07	(0.000000e+00 4.607563e-05 0.000000e+00)
8.922         	1.925575e-07	(0.000000e+00 4.607563e-05 0.000000e+00)
8.923         	1.925502e-07	(0.000000e+00 4.607563e-05 0.000000e+00)
8.924         	1.925430e-07	(0.000000e+00 4.607563e-05 0.000000e+00)
8.925         	1.925352e-07	(0.000000e+00 4.607563e-05 0.000000e+00)
8.926         	1.925271e-07	(0.000000e+00 4.607563e-05 0.000000e+00)
8.927         	1.925193e-07	(0.000000e+00 4.607563e-05 0.000000e+00)
8.928         	1.925119e-07	(0.000000e+00 4.607563e-05 0.000000e+00)
8.929         	1.925045e-07	(0.000000e+00 4.607563e-05 0.000000e+00)
8.93          	1.924971e-07	(0.000000e+00 4.607563e-05 0.000000e+00)
8.931         	1.924896e-07	(0.000000e+00 4.607563e-05 0.000000e+00)
8.932         	1.924817e-07	(0.000000e+00 4.607563e-05 0.000000e+00)
8.933         	1.924741e-07	(0.000000e+00 4.607563e-05 0.000000e+00)
8.934         	1.924667e-07	(0.000000e+00 4.607563e-05 0.000000e+00)
8.935         	1.924594e-07	(0.000000e+00 4.607563e-05 0.000000e+00)
8.936         	1.924515e-07	(0.000000e+00 4.607563e-05 0.000000e+00)
8.937         	1.924441e-07	(0.000000e+00 4.607563e-05 0.000000e+00)
8.938         	1.924357e-07	(0.000000e+00 4.607563e-05 0.000000e+00)
8.939         	1.924287e-07	(0.000000e+00 4.607563e-05 0.000000e+00)
8.94          	1.924213e-07	(0.000000e+00 4.607563e-05 0.000000e+00)
8.941         	1.924134e-07	(0.000000e+00 4.607563e-05 0.000000e+00)
8.942         	1.924056e-07	(0.000000e+00 4.607563e-05 0.000000e+00)
8.943         	1.923981e-07	(0.000000e+00 4.607563e-05 0.000000e+00)
8.944         	1.923908e-07	(0.000000e+00 4.607563e-05 0.000000e+00)
8.945         	1.923831e-07	(0.000000e+00 4.607563e-05 0.000000e+00)
8.946         	1.923752e-07	(0.000000e+00 4.607563e-05 0.000000e+00)
8.947         	1.923677e-07	(0.000000e+00 4.607563e-05 0.000000e+00)
8.948         	1.923603e-07	(0.000000e+00 4.607563e-05 0.000000e+00)
8.949         	1.923531e-07	(0.000000e+00 4.607563e-05 0.000000e+00)
8.95          	1.923454e-07	(0.000000e+00 4.607563e-05 0.000000e+00)
8.951         	1.923378e-07	(0.000000e+00 4.607563e-05 0.000000e+00)
8.952         	1.923301e-07	(0.000000e+00 4.607563e-05 0.000000e+00)
8.953         	1.923224e-07	(0.000000e+00 4.607563e-05 0.000000e+00)
8.954         	1.923151e-07	(0.000000e+00 4.607563e-05 0.000000e+00)
8.955         	1.923075e-07	(0.000000e+00 4.607563e-05 0.000000e+00)
8.956         	1.923000e-07	(0.000000e+00 4.607563e-05 0.000000e+00)
8.957         	1.922923e-07	(0.000000e+00 4.607563e-05 0.000000e+00)
8.958         	1.922849e-07	(0.000000e+00 4.607563e-05 0.000000e+00)
8.959         	1.922772e-07	(0.000000e+00 4.607563e-05 0.000000e+00)
8.96          	1.922696e-07	(0.000000e+00 4.607563e-05 0.000000e+00)
8.961         	1.922622e-07	(0.000000e+00 4.607563e-05 0.000000e+00)
8.962         	1.922547e-07	(0.000000e+00 4.607563e-05 0.000000e+00)
8.963         	1.922473e-07	(0.000000e+00 4.607563e-05 0.000000e+00)
8.964         	1.922398e-07	(0.000000e+00 4.607563e-05 0.000000e+00)
8.965         	1.922319e-07	(0.000000e+00 4.607563e-05 0.000000e+00)
8.966         	1.922243e-07	(0.000000e+00 4.607563e-05 0.000000e+00)
8.967         	1.922168e-07	(0.000000e+00 4.607563e-05 0.000000e+00)
8.968         	1.922094e-07	(0.000000e+00 4.607563e-05 0.000000e+00)
8.969         	1.922020e-07	(0.000000e+00 4.607563e-05 0.000000e+00)
8.97          	1.921945e-07	(0.000000e+00 4.607563e-05 0.000000e+00)
8.971         	1.921869e-07	(0.000000e+00 4.607563e-05 0.000000e+00)
8.972         	1.921793e-07	(0.000000e+00 4.607563e-05 0.000000e+00)
8.973         	1.921717e-07	(0.000000e+00 4.607563e-05 0.000000e+00)
8.974         	1.921643e-07	(0.000000e+00 4.607563e-05 0.000000e+00)
8.975         	1.921569e-07	(0.000000e+00 4.607563e-05 0.000000e+00)
8.976         	1.921493e-07	(0.000000e+00 4.607563e-05 0.000000e+00)
8.977         	1.921417e-07	(0.000000e+00 4.607563e-05 0.000000e+00)
8.978         	1.921343e-07	(0.000000e+00 4.607563e-05 0.000000e+00)
8.979         	1.921268e-07	(0.000000e+00 4.607563e-05 0.000000e+00)
8.98          	1.921197e-07	(0.000000e+00 4.607563e-05 0.000000e+00)
8.981         	1.921119e-07	(0.000000e+00 4.607563e-05 0.000000e+00)
8.982         	1.921049e-07	(0.000000e+00 4.607563e-05 0.000000e+00)
8.983         	1.920972e-07	(0.000000e+00 4.607563e-05 0.000000e+00)
8.984         	1.920885e-07	(0.000000e+00 4.607563e-05 0.000000e+00)
8.985         	1.920801e-07	(0.000000e+00 4.607563e-05 0.000000e+00)
8.986         	1.920728e-07	(0.000000e+00 4.607563e-05 0.000000e+00)
8.987         	1.920660e-07	(0.000000e+00 4.607563e-05 0.000000e+00)
8.988         	1.920589e-07	(0.000000e+00 4.607563e-05 0.000000e+00)
8.989         	1.920516e-07	(0.000000e+00 4.607563e-05 0.000000e+00)
8.99          	1.920443e-07	(0.000000e+00 4.607563e-05 0.000000e+00)
8.991         	1.920367e-07	(0.000000e+00 4.607563e-05 0.000000e+00)
8.992         	1.920292e-07	(0.000000e+00 4.607563e-05 0.000000e+00)
8.993         	1.920217e-07	(0.000000e+00 4.607563e-05 0.000000e+00)
8.994         	1.920137e-07	(0.000000e+00 4.607563e-05 0.000000e+00)
8.995         	1.920060e-07	(0.000000e+00 4.607563e-05 0.000000e+00)
8.996         	1.919994e-07	(0.000000e+00 4.607563e-05 0.000000e+00)
8.997         	1.919917e-07	(0.000000e+00 4.607563e-05 0.000000e+00)
8.998         	1.919835e-07	(0.000000e+00 4.607563e-05 0.000000e+00)
8.999         	1.919761e-07	(0.000000e+00 4.607563e-05 0.000000e+00)
9             	1.919688e-07	(0.000000e+00 4.607563e-05 0.000000e+00)
9.001         	1.919613e-07	(0.000000e+00 4.607563e-05 0.000000e+00)
9.002         	1.919540e-07	(0.000000e+00 4.607563e-05 0.000000e+00)
9.003         	1.919464e-07	(0.000000e+00 4.607563e-05 0.000000e+00)
9.004         	1.919397e-07	(0.000000e+00 4.607563e-05 0.000000e+00)
9.005         	1.919324e-07	(0.000000e+00 4.607563e-05 0.000000e+00)
9.006         	1.919237e-07	(0.000000e+00 4.607563e-05 0.000000e+00)
9.007         	1.919159e-07	(0.000000e+00 4.607563e-05 0.000000e+00)
9.008         	1.919085e-07	(0.000000e+00 4.607563e-05 0.000000e+00)
9.009         	1.919016e-07	(0.000000e+00 4.607563e-05 0.000000e+00)
9.01          	1.918950e-07	(0.000000e+00 4.607563e-05 0.000000e+00)
9.011         	1.918870e-07	(0.000000e+00 4.607563e-05 0.000000e+00)
9.012         	1.918790e-07	(0.000000e+00 4.607563e-05 0.000000e+00)
9.013         	1.918713e-07	(0.000000e+00 4.607563e-05 0.000000e+00)
9.014         	1.918640e-07	(0.000000e+00 4.607563e-05 0.000000e+00)
9.015         	1.918567e-07	(0.000000e+00 4.607563e-05 0.000000e+00)
9.016         	1.918494e-07	(0.000000e+00 4.607563e-05 0.000000e+00)
9.017         	1.918419e-07	(0.000000e+00 4.607563e-05 0.000000e+00)
9.018         	1.918344e-07	(0.000000e+00 4.607563e-05 0.000000e+00)
9.019         	1.918269e-07	(0.000000e+00 4.607563e-05 0.000000e+00)
9.02          	1.918197e-07	(0.000000e+00 4.607563e-05 0.000000e+00)
9.021         	1.918122e-07	(0.000000e+00 4.607563e-05 0.000000e+00)
9.022         	1.918045e-07	(0.000000e+00 4.607563e-05 0.000000e+00)
9.023         	1.917972e-07	(0.000000e+00 4.607563e-05 0.000000e+00)
9.024         	1.917899e-07	(0.000000e+00 4.607563e-05 0.000000e+00)
9.025         	1.917822e-07	(0.000000e+00 4.607563e-05 0.000000e+00)
9.026         	1.917744e-07	(0.000000e+00 4.607563e-05 0.000000e+00)
9.027         	1.917671e-07	(0.000000e+00 4.607563e-05 0.000000e+00)
9.028         	1.917596e-07	(0.000000e+00 4.607563e-05 0.000000e+00)
9.029         	1.917522e-07	(0.000000e+00 4.607563e-05 0.000000e+00)
9.03          	1.917449e-07	(0.000000e+00 4.607563e-05 0.000000e+00)
9.031         	1.917375e-07	(0.000000e+00 4.607563e-05 0.000000e+00)
9.032         	1.917301e-07	(0.000000e+00 4.607563e-05 0.000000e+00)
9.033         	1.917228e-07	(0.000000e+00 4.607563e-05 0.000000e+00)
9.034         	1.917154e-07	(0.000000e+00 4.607563e-05 0.000000e+00)
9.035         	1.917079e-07	(0.000000e+00 4.607563e-05 0.000000e+00)
9.036         	1.917001e-07	(0.000000e+00 4.607563e-05 0.000000e+00)
9.037         	1.916925e-07	(0.000000e+00 4.607563e-05 0.000000e+00)
9.038         	1.916851e-07	(0.000000e+00 4.607563e-05 0.000000e+00)
9.039         	1.916779e-07	(0.000000e+00 4.607563e-05 0.000000e+00)
9.04          	1.916707e-07	(0.000000e+00 4.607563e-05 0.000000e+00)
9.041         	1.916636e-07	(0.000000e+00 4.607563e-05 0.000000e+00)
9.042         	1.916556e-07	(0.000000e+00 4.607563e-05 0.000000e+00)
9.043         	1.916485e-07	(0.000000e+00 4.607563e-05 0.000000e+00)
9.044         	1.916408e-07	(0.000000e+00 4.607563e-05 0.000000e+00)
9.045         	1.916330e-07	(0.000000e+00 4.607563e-05 0.000000e+00)
9.046         	1.916259e-07	(0.000000e+00 4.607563e-05 0.000000e+00)
9.047         	1.916183e-07	(0.000000e+00 4.607563e-05 0.000000e+00)
9.048         	1.916114e-07	(0.000000e+00 4.607563e-05 0.000000e+00)
9.049         	1.916035e-07	(0.000000e+00 4.607563e-05 0.000000e+00)
9.05          	1.915957e-07	(0.000000e+00 4.607563e-05 0.000000e+00)
9.051         	1.915886e-07	(0.000000e+00 4.607563e-05 0.000000e+00)
9.052         	1.915813e-07	(0.000000e+00 4.607563e-05 0.000000e+00)
9.053         	1.915740e-07	(0.000000e+00 4.607563e-05 0.000000e+00)
9.054         	1.915667e-07	(0.000000e+00 4.607563e-05 0.000000e+00)
9.055         	1.915595e-07	(0.000000e+00 4.607563e-05 0.000000e+00)
9.056         	1.915518e-07	(0.000000e+00 4.607563e-05 0.000000e+00)
9.057         	1.915441e-07	(0.000000e+00 4.607563e-05 0.000000e+00)
9.058         	1.915367e-07	(0.000000e+00 4.607563e-05 0.000000e+00)
9.059         	1.915294e-07	(0.000000e+00 4.607563e-05 0.000000e+00)
9.06          	1.915222e-07	(0.000000e+00 4.607563e-05 0.000000e+00)
9.061         	1.915154e-07	(0.000000e+00 4.607563e-05 0.000000e+00)
9.062         	1.915074e-07	(0.000000e+00 4.607563e-05 0.000000e+00)
9.063         	1.914996e-07	(0.000000e+00 4.607563e-05 0.000000e+00)
9.064         	1.914922e-07	(0.000000e+00 4.607563e-05 0.000000e+00)
9.065         	1.914850e-07	(0.000000e+00 4.607563e-05 0.000000e+00)
9.066         	1.914778e-07	(0.000000e+00 4.607563e-05 0.000000e+00)
9.067         	1.914705e-07	(0.000000e+00 4.607563e-05 0.000000e+00)
9.068         	1.914631e-07	(0.000000e+00 4.607563e-05 0.000000e+00)
9.069         	1.914560e-07	(0.000000e+00 4.607563e-05 0.000000e+00)
9.07          	1.914486e-07	(0.000000e+00 4.607563e-05 0.000000e+00)
9.071         	1.914408e-07	(0.000000e+00 4.607563e-05 0.000000e+00)
9.072         	1.914330e-07	(0.000000e+00 4.607563e-05 0.000000e+00)
9.073         	1.914268e-07	(0.000000e+00 4.607563e-05 0.000000e+00)
9.074         	1.914188e-07	(0.000000e+00 4.607563e-05 0.000000e+00)
9.075         	1.914104e-07	(0.000000e+00 4.607563e-05 0.000000e+00)
9.076         	1.914029e-07	(0.000000e+00 4.607563e-05 0.000000e+00)
9.077         	1.913971e-07	(0.000000e+00 4.607563e-05 0.000000e+00)
9.078         	1.913893e-07	(0.000000e+00 4.607563e-05 0.000000e+00)
9.079         	1.913810e-07	(0.000000e+00 4.607563e-05 0.000000e+00)
9.08          	1.913737e-07	(0.000000e+00 4.607563e-05 0.000000e+00)
9.081         	1.913665e-07	(0.000000e+00 4.607563e-05 0.000000e+00)
9.082         	1.913596e-07	(0.000000e+00 4.607563e-05 0.000000e+00)
9.083         	1.913522e-07	(0.000000e+00 4.607563e-05 0.000000e+00)
9.084         	1.913449e-07	(0.000000e+00 4.607563e-05 0.000000e+00)
9.085         	1.913375e-07	(0.000000e+00 4.607563e-05 0.000000e+00)
9.086         	1.913299e-07	(0.000000e+00 4.607563e-05 0.000000e+00)
9.087         	1.913224e-07	(0.000000e+00 4.607563e-05 0.000000e+00)
9.088         	1.913151e-07	(0.000000e+00 4.607563e-05 0.000000e+00)
9.089         	1.913079e-07	(0.000000e+00 4.607563e-05 0.000000e+00)
9.09          	1.913015e-07	(0.000000e+00 4.607563e-05 0.000000e+00)
9.091         	1.912939e-07	(0.000000e+00 4.607563e-05 0.000000e+00)
9.092         	1.912861e-07	(0.000000e+00 4.607563e-05 0.000000e+00)
9.093         	1.912779e-07	(0.000000e+00 4.607563e-05 0.000000e+00)
9.094         	1.912703e-07	(0.000000e+00 4.607563e-05 0.000000e+00)
9.095         	1.912632e-07	(0.000000e+00 4.607563e-05 0.000000e+00)
9.096         	1.912566e-07	(0.000000e+00 4.607563e-05 0.000000e+00)
9.097         	1.912492e-07	(0.000000e+00 4.607563e-05 0.000000e+00)
9.098         	1.912419e-07	(0.000000e+00 4.607563e-05 0.000000e+00)
9.099         	1.912344e-07	(0.000000e+00 4.607563e-05 0.000000e+00)
9.1           	1.912269e-07	(0.000000e+00 4.607563e-05 0.000000e+00)
9.101         	1.912195e-07	(0.000000e+00 4.607563e-05 0.000000e+00)
9.102         	1.912125e-07	(0.000000e+00 4.607563e-05 0.000000e+00)
9.103         	1.912050e-07	(0.000000e+00 4.607563e-05 0.000000e+00)
9.104         	1.911981e-07	(0.000000e+00 4.607563e-05 0.000000e+00)
9.105         	1.911907e-07	(0.000000e+00 4.607563e-05 0.000000e+00)
9.106         	1.911828e-07	(0.000000e+00 4.607563e-05 0.000000e+00)
9.107         	1.911755e-07	(0.000000e+00 4.607563e-05 0.000000e+00)
9.108         	1.911677e-07	(0.000000e+00 4.607563e-05 0.000000e+00)
9.109         	1.911612e-07	(0.000000e+00 4.607563e-05 0.000000e+00)
9.11          	1.911533e-07	(0.000000e+00 4.607563e-05 0.000000e+00)
9.111         	1.911459e-07	(0.000000e+00 4.607563e-05 0.000000e+00)
9.112         	1.911387e-07	(0.000000e+00 4.607563e-05 0.000000e+00)
9.113         	1.911315e-07	(0.000000e+00 4.607563e-05 0.000000e+00)
9.114         	1.911243e-07	(0.000000e+00 4.607563e-05 0.000000e+00)
9.115         	1.911175e-07	(0.000000e+00 4.607563e-05 0.000000e+00)
9.116         	1.911099e-07	(0.000000e+00 4.607563e-05 0.000000e+00)
9.117         	1.911022e-07	(0.000000e+00 4.607563e-05 0.000000e+00)
9.118         	1.910949e-07	(0.000000e+00 4.607563e-05 0.000000e+00)
9.119         	1.910872e-07	(0.000000e+00 4.607563e-05 0.000000e+00)
9.12          	1.910805e-07	(0.000000e+00 4.607563e-05 0.000000e+00)
9.121         	1.910729e-07	(0.000000e+00 4.607563e-05 0.000000e+00)
9.122         	1.910653e-07	(0.000000e+00 4.607563e-05 0.000000e+00)
9.123         	1.910580e-07	(0.000000e+00 4.607563e-05 0.000000e+00)
9.124         	1.910509e-07	(0.000000e+00 4.607563e-05 0.000000e+00)
9.125         	1.910438e-07	(0.000000e+00 4.607563e-05 0.000000e+00)
9.126         	1.910366e-07	(0.000000e+00 4.607563e-05 0.000000e+00)
9.127         	1.910291e-07	(0.000000e+00 4.607563e-05 0.000000e+00)
9.128         	1.910218e-07	(0.000000e+00 4.607563e-05 0.000000e+00)
9.129         	1.910144e-07	(0.000000e+00 4.607563e-05 0.000000e+00)
9.13          	1.910071e-07	(0.000000e+00 4.607563e-05 0.000000e+00)
9.131         	1.909999e-07	(0.000000e+00 4.607563e-05 0.000000e+00)
9.132         	1.909926e-07	(0.000000e+00 4.607563e-05 0.000000e+00)
9.133         	1.909853e-07	(0.000000e+00 4.607563e-05 0.000000e+00)
9.134         	1.909780e-07	(0.000000e+00 4.607563e-05 0.000000e+00)
9.135         	1.909709e-07	(0.000000e+00 4.607563e-05 0.000000e+00)
9.136         	1.909635e-07	(0.000000e+00 4.607563e-05 0.000000e+00)
9.137         	1.909560e-07	(0.000000e+00 4.607563e-05 0.000000e+00)
9.138         	1.909485e-07	(0.000000e+00 4.607563e-05 0.000000e+00)
9.139         	1.909411e-07	(0.000000e+00 4.607563e-05 0.000000e+00)
9.14          	1.909340e-07	(0.000000e+00 4.607563e-05 0.000000e+00)
9.141         	1.909269e-07	(0.000000e+00 4.607563e-05 0.000000e+00)
9.142         	1.909198e-07	(0.000000e+00 4.607563e-05 0.000000e+00)
9.143         	1.909124e-07	(0.000000e+00 4.607563e-05 0.000000e+00)
9.144         	1.909050e-07	(0.000000e+00 4.607563e-05 0.000000e+00)
9.145         	1.908976e-07	(0.000000e+00 4.607563e-05 0.000000e+00)
9.146         	1.908903e-07	(0.000000e+00 4.607563e-05 0.000000e+00)
9.147         	1.908831e-07	(0.000000e+00 4.607563e-05 0.000000e+00)
9.148         	1.908760e-07	(0.000000e+00 4.607563e-05 0.000000e+00)
9.149         	1.908688e-07	(0.000000e+00 4.607563e-05 0.000000e+00)
9.15          	1.908614e-07	(0.000000e+00 4.607563e-05 0.000000e+00)
9.151         	1.908540e-07	(0.000000e+00 4.607563e-05 0.000000e+00)
9.152         	1.908470e-07	(0.000000e+00 4.607563e-05 0.000000e+00)
9.153         	1.908395e-07	(0.000000e+00 4.607563e-05 0.000000e+00)
9.154         	1.908321e-07	(0.000000e+00 4.607563e-05 0.000000e+00)
9.155         	1.908252e-07	(0.000000e+00 4.607563e-05 0.000000e+00)
9.156         	1.908177e-07	(0.000000e+00 4.607563e-05 0.000000e+00)
9.157         	1.908103e-07	(0.000000e+00 4.607563e-05 0.000000e+00)
9.158         	1.908029e-07	(0.000000e+00 4.607563e-05 0.000000e+00)
9.159         	1.907960e-07	(0.000000e+00 4.607563e-05 0.000000e+00)
9.16          	1.907888e-07	(0.000000e+00 4.607563e-05 0.000000e+00)
9.161         	1.907813e-07	(0.000000e+00 4.607563e-05 0.000000e+00)
9.162         	1.907739e-07	(0.000000e+00 4.607563e-05 0.000000e+00)
9.163         	1.907667e-07	(0.000000e+00 4.607563e-05 0.000000e+00)
9.164         	1.907596e-07	(0.000000e+00 4.607563e-05 0.000000e+00)
9.165         	1.907524e-07	(0.000000e+00 4.607563e-05 0.000000e+00)
9.166         	1.907455e-07	(0.000000e+00 4.607563e-05 0.000000e+00)
9.167         	1.907379e-07	(0.000000e+00 4.607563e-05 0.000000e+00)
9.168         	1.907305e-07	(0.000000e+00 4.607563e-05 0.000000e+00)
9.169         	1.907234e-07	(0.000000e+00 4.607563e-05 0.000000e+00)
9.17          	1.907160e-07	(0.000000e+00 4.607563e-05 0.000000e+00)
9.171         	1.907086e-07	(0.000000e+00 4.607563e-05 0.000000e+00)
9.172         	1.907013e-07	(0.000000e+00 4.607563e-05 0.000000e+00)
9.173         	1.906941e-07	(0.000000e+00 4.607563e-05 0.000000e+00)
9.174         	1.906869e-07	(0.000000e+00 4.607563e-05 0.000000e+00)
9.175         	1.906798e-07	(0.000000e+00 4.607563e-05 0.000000e+00)
9.176         	1.906727e-07	(0.000000e+00 4.607563e-05 0.000000e+00)
9.177         	1.906655e-07	(0.000000e+00 4.607563e-05 0.000000e+00)
9.178         	1.906580e-07	(0.000000e+00 4.607563e-05 0.000000e+00)
9.179         	1.906507e-07	(0.000000e+00 4.607563e-05 0.000000e+00)
9.18          	1.906436e-07	(0.000000e+00 4.607563e-05 0.000000e+00)
9.181         	1.906372e-07	(0.000000e+00 4.607563e-05 0.000000e+00)
9.182         	1.906293e-07	(0.000000e+00 4.607563e-05 0.000000e+00)
9.183         	1.906216e-07	(0.000000e+00 4.607563e-05 0.000000e+00)
9.184         	1.906143e-07	(0.000000e+00 4.607563e-05 0.000000e+00)
9.185         	1.906078e-07	(0.000000e+00 4.607563e-05 0.000000e+00)
9.186         	1.906002e-07	(0.000000e+00 4.607563e-05 0.000000e+00)
9.187         	1.905924e-07	(0.000000e+00 4.607563e-05 0.000000e+00)
9.188         	1.905852e-07	(0.000000e+00 4.607563e-05 0.000000e+00)
9.189         	1.905784e-07	(0.000000e+00 4.607563e-05 0.000000e+00)
9.19          	1.905713e-07	(0.000000e+00 4.607563e-05 0.000000e+00)
9.191         	1.905641e-07	(0.000000e+00 4.607563e-05 0.000000e+00)
9.192         	1.905574e-07	(0.000000e+00 4.607563e-05 0.000000e+00)
9.193         	1.905495e-07	(0.000000e+00 4.607563e-05 0.000000e+00)
9.194         	1.905420e-07	(0.000000e+00 4.607563e-05 0.000000e+00)
9.195         	1.905346e-07	(0.000000e+00 4.607563e-05 0.000000e+00)
9.196         	1.905275e-07	(0.000000e+00 4.607563e-05 0.000000e+00)
9.197         	1.905206e-07	(0.000000e+00 4.607563e-05 0.000000e+00)
9.198         	1.905135e-07	(0.000000e+00 4.607563e-05 0.000000e+00)
9.199         	1.905063e-07	(0.000000e+00 4.607563e-05 0.000000e+00)
9.2           	1.904991e-07	(0.000000e+00 4.607563e-05 0.000000e+00)
9.201         	1.904918e-07	(0.000000e+00 4.607563e-05 0.000000e+00)
9.202         	1.904847e-07	(0.000000e+00 4.607563e-05 0.000000e+00)
9.203         	1.904774e-07	(0.000000e+00 4.607563e-05 0.000000e+00)
9.204         	1.904701e-07	(0.000000e+00 4.607563e-05 0.000000e+00)
9.205         	1.904629e-07	(0.000000e+00 4.607563e-05 0.000000e+00)
9.206         	1.904557e-07	(0.000000e+00 4.607563e-05 0.000000e+00)
9.207         	1.904487e-07	(0.000000e+00 4.607563e-05 0.000000e+00)
9.208         	1.904415e-07	(0.000000e+00 4.607563e-05 0.000000e+00)
9.209         	1.904342e-07	(0.000000e+00 4.607563e-05 0.000000e+00)
9.21          	1.904269e-07	(0.000000e+00 4.607563e-05 0.000000e+00)
9.211         	1.904197e-07	(0.000000e+00 4.607563e-05 0.000000e+00)
9.212         	1.904126e-07	(0.000000e+00 4.607563e-05 0.000000e+00)
9.213         	1.904054e-07	(0.000000e+00 4.607563e-05 0.000000e+00)
9.214         	1.903982e-07	(0.000000e+00 4.607563e-05 0.000000e+00)
9.215         	1.903911e-07	(0.000000e+00 4.607563e-05 0.000000e+00)
9.216         	1.903840e-07	(0.000000e+00 4.607563e-05 0.000000e+00)
9.217         	1.903767e-07	(0.000000e+00 4.607563e-05 0.000000e+00)
9.218         	1.903695e-07	(0.000000e+00 4.607563e-05 0.000000e+00)
9.219         	1.903623e-07	(0.000000e+00 4.607563e-05 0.000000e+00)
9.22          	1.903552e-07	(0.000000e+00 4.607563e-05 0.000000e+00)
9.221         	1.903480e-07	(0.000000e+00 4.607563e-05 0.000000e+00)
9.222         	1.903407e-07	(0.000000e+00 4.607563e-05 0.000000e+00)
9.223         	1.903336e-07	(0.000000e+00 4.607563e-05 0.000000e+00)
9.224         	1.903264e-07	(0.000000e+00 4.607563e-05 0.000000e+00)
9.225         	1.903193e-07	(0.000000e+00 4.607563e-05 0.000000e+00)
9.226         	1.903125e-07	(0.000000e+00 4.607563e-05 0.000000e+00)
9.227         	1.903050e-07	(0.000000e+00 4.607563e-05 0.000000e+00)
9.228         	1.902976e-07	(0.000000e+00 4.607563e-05 0.000000e+00)
9.229         	1.902904e-07	(0.000000e+00 4.607563e-05 0.000000e+00)
9.23          	1.902834e-07	(0.000000e+00 4.607563e-05 0.000000e+00)
9.231         	1.902763e-07	(0.000000e+00 4.607563e-05 0.000000e+00)
9.232         	1.902692e-07	(0.000000e+00 4.607563e-05 0.000000e+00)
9.233         	1.902623e-07	(0.000000e+00 4.607563e-05 0.000000e+00)
9.234         	1.902550e-07	(0.000000e+00 4.607563e-05 0.000000e+00)
9.235         	1.902477e-07	(0.000000e+00 4.607563e-05 0.000000e+00)
9.236         	1.902402e-07	(0.000000e+00 4.607563e-05 0.000000e+00)
9.237         	1.902331e-07	(0.000000e+00 4.607563e-05 0.000000e+00)
9.238         	1.902260e-07	(0.000000e+00 4.607563e-05 0.000000e+00)
9.239         	1.902194e-07	(0.000000e+00 4.607563e-05 0.000000e+00)
9.24          	1.902122e-07	(0.000000e+00 4.607563e-05 0.000000e+00)
9.241         	1.902045e-07	(0.000000e+00 4.607563e-05 0.000000e+00)
9.242         	1.901976e-07	(0.000000e+00 4.607563e-05 0.000000e+00)
9.243         	1.901900e-07	(0.000000e+00 4.607563e-05 0.000000e+00)
9.244         	1.901827e-07	(0.000000e+00 4.607563e-05 0.000000e+00)
9.245         	1.901758e-07	(0.000000e+00 4.607563e-05 0.000000e+00)
9.246         	1.901688e-07	(0.000000e+00 4.607563e-05 0.000000e+00)
9.247         	1.901617e-07	(0.000000e+00 4.607563e-05 0.000000e+00)
9.248         	1.901545e-07	(0.000000e+00 4.607563e-05 0.000000e+00)
9.249         	1.901473e-07	(0.000000e+00 4.607563e-05 0.000000e+00)
9.25          	1.901402e-07	(0.000000e+00 4.607563e-05 0.000000e+00)
9.251         	1.901332e-07	(0.000000e+00 4.607563e-05 0.000000e+00)
9.252         	1.901259e-07	(0.000000e+00 4.607563e-05 0.000000e+00)
9.253         	1.901188e-07	(0.000000e+00 4.607563e-05 0.000000e+00)
9.254         	1.901116e-07	(0.000000e+00 4.607563e-05 0.000000e+00)
9.255         	1.901044e-07	(0.000000e+00 4.607563e-05 0.000000e+00)
9.256         	1.900973e-07	(0.000000e+00 4.607563e-05 0.000000e+00)
9.257         	1.900903e-07	(0.000000e+00 4.607563e-05 0.000000e+00)
9.258         	1.900832e-07	(0.000000e+00 4.607563e-05 0.000000e+00)
9.259         	1.900762e-07	(0.000000e+00 4.607563e-05 0.000000e+00)
9.26          	1.900689e-07	(0.000000e+00 4.607563e-05 0.000000e+00)
9.261         	1.900617e-07	(0.000000e+00 4.607563e-05 0.000000e+00)
9.262         	1.900548e-07	(0.000000e+00 4.607563e-05 0.000000e+00)
9.263         	1.900477e-07	(0.000000e+00 4.607563e-05 0.000000e+00)
9.264         	1.900405e-07	(0.000000e+00 4.607563e-05 0.000000e+00)
9.265         	1.900330e-07	(0.000000e+00 4.607563e-05 0.000000e+00)
9.266         	1.900259e-07	(0.000000e+00 4.607563e-05 0.000000e+00)
9.267         	1.900189e-07	(0.000000e+00 4.607563e-05 0.000000e+00)
9.268         	1.900120e-07	(0.000000e+00 4.607563e-05 0.000000e+00)
9.269         	1.900050e-07	(0.000000e+00 4.607563e-05 0.000000e+00)
9.27          	1.899979e-07	(0.000000e+00 4.607563e-05 0.000000e+00)
9.271         	1.899906e-07	(0.000000e+00 4.607563e-05 0.000000e+00)
9.272         	1.899834e-07	(0.000000e+00 4.607563e-05 0.000000e+00)
9.273         	1.899763e-07	(0.000000e+00 4.607563e-05 0.000000e+00)
9.274         	1.899693e-07	(0.000000e+00 4.607563e-05 0.000000e+00)
9.275         	1.899625e-07	(0.000000e+00 4.607563e-05 0.000000e+00)
9.276         	1.899552e-07	(0.000000e+00 4.607563e-05 0.000000e+00)
9.277         	1.899479e-07	(0.000000e+00 4.607563e-05 0.000000e+00)
9.278         	1.899406e-07	(0.000000e+00 4.607563e-05 0.000000e+00)
9.279         	1.899336e-07	(0.000000e+00 4.607563e-05 0.000000e+00)
9.28          	1.899264e-07	(0.000000e+00 4.607563e-05 0.000000e+00)
9.281         	1.899194e-07	(0.000000e+00 4.607563e-05 0.000000e+00)
9.282         	1.899123e-07	(0.000000e+00 4.607563e-05 0.000000e+00)
9.283         	1.899052e-07	(0.000000e+00 4.607563e-05 0.000000e+00)
9.284         	1.898982e-07	(0.000000e+00 4.607563e-05 0.000000e+00)
9.285         	1.898911e-07	(0.000000e+00 4.607563e-05 0.000000e+00)
9.286         	1.898840e-07	(0.000000e+00 4.607563e-05 0.000000e+00)
9.287         	1.898770e-07	(0.000000e+00 4.607563e-05 0.000000e+00)
9.288         	1.898704e-07	(0.000000e+00 4.607563e-05 0.000000e+00)
9.289         	1.898628e-07	(0.000000e+00 4.607563e-05 0.000000e+00)
9.29          	1.898552e-07	(0.000000e+00 4.607563e-05 0.000000e+00)
9.291         	1.898482e-07	(0.000000e+00 4.607563e-05 0.000000e+00)
9.292         	1.898415e-07	(0.000000e+00 4.607563e-05 0.000000e+00)
9.293         	1.898343e-07	(0.000000e+00 4.607563e-05 0.000000e+00)
9.294         	1.898272e-07	(0.000000e+00 4.607563e-05 0.000000e+00)
9.295         	1.898202e-07	(0.000000e+00 4.607563e-05 0.000000e+00)
9.296         	1.898131e-07	(0.000000e+00 4.607563e-05 0.000000e+00)
9.297         	1.898064e-07	(0.000000e+00 4.607563e-05 0.000000e+00)
9.298         	1.897993e-07	(0.000000e+00 4.607563e-05 0.000000e+00)
9.299         	1.897919e-07	(0.000000e+00 4.607563e-05 0.000000e+00)
9.3           	1.897846e-07	(0.000000e+00 4.607563e-05 0.000000e+00)
9.301         	1.897774e-07	(0.000000e+00 4.607563e-05 0.000000e+00)
9.302         	1.897705e-07	(0.000000e+00 4.607563e-05 0.000000e+00)
9.303         	1.897636e-07	(0.000000e+00 4.607563e-05 0.000000e+00)
9.304         	1.897566e-07	(0.000000e+00 4.607563e-05 0.000000e+00)
9.305         	1.897496e-07	(0.000000e+00 4.607563e-05 0.000000e+00)
9.306         	1.897424e-07	(0.000000e+00 4.607563e-05 0.000000e+00)
9.307         	1.897353e-07	(0.000000e+00 4.607563e-05 0.000000e+00)
9.308         	1.897282e-07	(0.000000e+00 4.607563e-05 0.000000e+00)
9.309         	1.897214e-07	(0.000000e+00 4.607563e-05 0.000000e+00)
9.31          	1.897142e-07	(0.000000e+00 4.607563e-05 0.000000e+00)
9.311         	1.897071e-07	(0.000000e+00 4.607563e-05 0.000000e+00)
9.312         	1.897000e-07	(0.000000e+00 4.607563e-05 0.000000e+00)
9.313         	1.896929e-07	(0.000000e+00 4.607563e-05 0.000000e+00)
9.314         	1.896860e-07	(0.000000e+00 4.607563e-05 0.000000e+00)
9.315         	1.896790e-07	(0.000000e+00 4.607563e-05 0.000000e+00)
9.316         	1.896719e-07	(0.000000e+00 4.607563e-05 0.000000e+00)
9.317         	1.896653e-07	(0.000000e+00 4.607563e-05 0.000000e+00)
9.318         	1.896576e-07	(0.000000e+00 4.607563e-05 0.000000e+00)
9.319         	1.896515e-07	(0.000000e+00 4.607563e-05 0.000000e+00)
9.32          	1.896432e-07	(0.000000e+00 4.607563e-05 0.000000e+00)
9.321         	1.896359e-07	(0.000000e+00 4.607563e-05 0.000000e+00)
9.322         	1.896292e-07	(0.000000e+00 4.607563e-05 0.000000e+00)
9.323         	1.896224e-07	(0.000000e+00 4.607563e-05 0.000000e+00)
9.324         	1.896154e-07	(0.000000e+00 4.607563e-05 0.000000e+00)
9.325         	1.896086e-07	(0.000000e+00 4.607563e-05 0.000000e+00)
9.326         	1.896016e-07	(0.000000e+00 4.607563e-05 0.000000e+00)
9.327         	1.895942e-07	(0.000000e+00 4.607563e-05 0.000000e+00)
9.328         	1.895867e-07	(0.000000e+00 4.607563e-05 0.000000e+00)
9.329         	1.895797e-07	(0.000000e+00 4.607563e-05 0.000000e+00)
9.33          	1.895728e-07	(0.000000e+00 4.607563e-05 0.000000e+00)
9.331         	1.895659e-07	(0.000000e+00 4.607563e-05 0.000000e+00)
9.332         	1.895590e-07	(0.000000e+00 4.607563e-05 0.000000e+00)
9.333         	1.895522e-07	(0.000000e+00 4.607563e-05 0.000000e+00)
9.334         	1.895451e-07	(0.000000e+00 4.607563e-05 0.000000e+00)
9.335         	1.895376e-07	(0.000000e+00 4.607563e-05 0.000000e+00)
9.336         	1.895306e-07	(0.000000e+00 4.607563e-05 0.000000e+00)
9.337         	1.895235e-07	(0.000000e+00 4.607563e-05 0.000000e+00)
9.338         	1.895165e-07	(0.000000e+00 4.607563e-05 0.000000e+00)
9.339         	1.895098e-07	(0.000000e+00 4.607563e-05 0.000000e+00)
9.34          	1.895032e-07	(0.000000e+00 4.607563e-05 0.000000e+00)
9.341         	1.894956e-07	(0.000000e+00 4.607563e-05 0.000000e+00)
9.342         	1.894881e-07	(0.000000e+00 4.607563e-05 0.000000e+00)
9.343         	1.894811e-07	(0.000000e+00 4.607563e-05 0.000000e+00)
9.344         	1.894745e-07	(0.000000e+00 4.607563e-05 0.000000e+00)
9.345         	1.894676e-07	(0.000000e+00 4.607563e-05 0.000000e+00)
9.346         	1.894605e-07	(0.000000e+00 4.607563e-05 0.000000e+00)
9.347         	1.894537e-07	(0.000000e+00 4.607563e-05 0.000000e+00)
9.348         	1.894465e-07	(0.000000e+00 4.607563e-05 0.000000e+00)
9.349         	1.894393e-07	(0.000000e+00 4.607563e-05 0.000000e+00)
9.35          	1.894322e-07	(0.000000e+00 4.607563e-05 0.000000e+00)
9.351         	1.894253e-07	(0.000000e+00 4.607563e-05 0.000000e+00)
9.352         	1.894187e-07	(0.000000e+00 4.607563e-05 0.000000e+00)
9.353         	1.894114e-07	(0.000000e+00 4.607563e-05 0.000000e+00)
9.354         	1.894043e-07	(0.000000e+00 4.607563e-05 0.000000e+00)
9.355         	1.893973e-07	(0.000000e+00 4.607563e-05 0.000000e+00)
9.356         	1.893903e-07	(0.000000e+00 4.607563e-05 0.000000e+00)
9.357         	1.893834e-07	(0.000000e+00 4.607563e-05 0.000000e+00)
9.358         	1.893765e-07	(0.000000e+00 4.607563e-05 0.000000e+00)
9.359         	1.893695e-07	(0.000000e+00 4.607563e-05 0.000000e+00)
9.36          	1.893625e-07	(0.000000e+00 4.607563e-05 0.000000e+00)
9.361         	1.893555e-07	(0.000000e+00 4.607563e-05 0.000000e+00)
9.362         	1.893484e-07	(0.000000e+00 4.607563e-05 0.000000e+00)
9.363         	1.893414e-07	(0.000000e+00 4.607563e-05 0.000000e+00)
9.364         	1.893344e-07	(0.000000e+00 4.607563e-05 0.000000e+00)
9.365         	1.893275e-07	(0.000000e+00 4.607563e-05 0.000000e+00)
9.366         	1.893205e-07	(0.000000e+00 4.607563e-05 0.000000e+00)
9.367         	1.893138e-07	(0.000000e+00 4.607563e-05 0.000000e+00)
9.368         	1.893066e-07	(0.000000e+00 4.607563e-05 0.000000e+00)
9.369         	1.892993e-07	(0.000000e+00 4.607563e-05 0.000000e+00)
9.37          	1.892923e-07	(0.000000e+00 4.607563e-05 0.000000e+00)
9.371         	1.892854e-07	(0.000000e+00 4.607563e-05 0.000000e+00)
9.372         	1.892786e-07	(0.000000e+00 4.607563e-05 0.000000e+00)
9.373         	1.892717e-07	(0.000000e+00 4.607563e-05 0.000000e+00)
9.374         	1.892647e-07	(0.000000e+00 4.607563e-05 0.000000e+00)
9.375         	1.892577e-07	(0.000000e+00 4.607563e-05 0.000000e+00)
9.376         	1.892506e-07	(0.000000e+00 4.607563e-05 0.000000e+00)
9.377         	1.892436e-07	(0.000000e+00 4.607563e-05 0.000000e+00)
9.378         	1.892367e-07	(0.000000e+00 4.607563e-05 0.000000e+00)
9.379         	1.892299e-07	(0.000000e+00 4.607563e-05 0.000000e+00)
9.38          	1.892228e-07	(0.000000e+00 4.607563e-05 0.000000e+00)
9.381         	1.892157e-07	(0.000000e+00 4.607563e-05 0.000000e+00)
9.382         	1.892089e-07	(0.000000e+00 4.607563e-05 0.000000e+00)
9.383         	1.892025e-07	(0.000000e+00 4.607563e-05 0.000000e+00)
9.384         	1.891952e-07	(0.000000e+00 4.607563e-05 0.000000e+00)
9.385         	1.891877e-07	(0.000000e+00 4.607563e-05 0.000000e+00)
9.386         	1.891805e-07	(0.000000e+00 4.607563e-05 0.000000e+00)
9.387         	1.891737e-07	(0.000000e+00 4.607563e-05 0.000000e+00)
9.388         	1.891671e-07	(0.000000e+00 4.607563e-05 0.000000e+00)
9.389         	1.891602e-07	(0.000000e+00 4.607563e-05 0.000000e+00)
9.39          	1.891531e-07	(0.000000e+00 4.607563e-05 0.000000e+00)
9.391         	1.891465e-07	(0.000000e+00 4.607563e-05 0.000000e+00)
9.392         	1.891390e-07	(0.000000e+00 4.607563e-05 0.000000e+00)
9.393         	1.891324e-07	(0.000000e+00 4.607563e-05 0.000000e+00)
9.394         	1.891251e-07	(0.000000e+00 4.607563e-05 0.000000e+00)
9.395         	1.891181e-07	(0.000000e+00 4.607563e-05 0.000000e+00)
9.396         	1.891113e-07	(0.000000e+00 4.607563e-05 0.000000e+00)
9.397         	1.891042e-07	(0.000000e+00 4.607563e-05 0.000000e+00)
9.398         	1.890969e-07	(0.000000e+00 4.607563e-05 0.000000e+00)
9.399         	1.890900e-07	(0.000000e+00 4.607563e-05 0.000000e+00)
9.4           	1.890834e-07	(0.000000e+00 4.607563e-05 0.000000e+00)
9.401         	1.890767e-07	(0.000000e+00 4.607563e-05 0.000000e+00)
9.402         	1.890698e-07	(0.000000e+00 4.607563e-05 0.000000e+00)
9.403         	1.890630e-07	(0.000000e+00 4.607563e-05 0.000000e+00)
9.404         	1.890557e-07	(0.000000e+00 4.607563e-05 0.000000e+00)
9.405         	1.890491e-07	(0.000000e+00 4.607563e-05 0.000000e+00)
9.406         	1.890417e-07	(0.000000e+00 4.607563e-05 0.000000e+00)
9.407         	1.890348e-07	(0.000000e+00 4.607563e-05 0.000000e+00)
9.408         	1.890280e-07	(0.000000e+00 4.607563e-05 0.000000e+00)
9.409         	1.890212e-07	(0.000000e+00 4.607563e-05 0.000000e+00)
9.41          	1.890145e-07	(0.000000e+00 4.607563e-05 0.000000e+00)
9.411         	1.890074e-07	(0.000000e+00 4.607563e-05 0.000000e+00)
9.412         	1.890003e-07	(0.000000e+00 4.607563e-05 0.000000e+00)
9.413         	1.889937e-07	(0.000000e+00 4.607563e-05 0.000000e+00)
9.414         	1.889861e-07	(0.000000e+00 4.607563e-05 0.000000e+00)
9.415         	1.889791e-07	(0.000000e+00 4.607563e-05 0.000000e+00)
9.416         	1.889721e-07	(0.000000e+00 4.607563e-05 0.000000e+00)
9.417         	1.889653e-07	(0.000000e+00 4.607563e-05 0.000000e+00)
9.418         	1.889585e-07	(0.000000e+00 4.607563e-05 0.000000e+00)
9.419         	1.889517e-07	(0.000000e+00 4.607563e-05 0.000000e+00)
9.42          	1.889449e-07	(0.000000e+00 4.607563e-05 0.000000e+00)
9.421         	1.889385e-07	(0.000000e+00 4.607563e-05 0.000000e+00)
9.422         	1.889311e-07	(0.000000e+00 4.607563e-05 0.000000e+00)
9.423         	1.889238e-07	(0.000000e+00 4.607563e-05 0.000000e+00)
9.424         	1.889168e-07	(0.000000e+00 4.607563e-05 0.000000e+00)
9.425         	1.889102e-07	(0.000000e+00 4.607563e-05 0.000000e+00)
9.426         	1.889034e-07	(0.000000e+00 4.607563e-05 0.000000e+00)
9.427         	1.888972e-07	(0.000000e+00 4.607563e-05 0.000000e+00)
9.428         	1.888897e-07	(0.000000e+00 4.607563e-05 0.000000e+00)
9.429         	1.888823e-07	(0.000000e+00 4.607563e-05 0.000000e+00)
9.43          	1.888753e-07	(0.000000e+00 4.607563e-05 0.000000e+00)
9.431         	1.888686e-07	(0.000000e+00 4.607563e-05 0.000000e+00)
9.432         	1.888623e-07	(0.000000e+00 4.607563e-05 0.000000e+00)
9.433         	1.888562e-07	(0.000000e+00 4.607563e-05 0.000000e+00)
9.434         	1.888481e-07	(0.000000e+00 4.607563e-05 0.000000e+00)
9.435         	1.888406e-07	(0.000000e+00 4.607563e-05 0.000000e+00)
9.436         	1.888338e-07	(0.000000e+00 4.607563e-05 0.000000e+00)
9.437         	1.888272e-07	(0.000000e+00 4.607563e-05 0.000000e+00)
9.438         	1.888205e-07	(0.000000e+00 4.607563e-05 0.000000e+00)
9.439         	1.888138e-07	(0.000000e+00 4.607563e-05 0.000000e+00)
9.44          	1.888069e-07	(0.000000e+00 4.607563e-05 0.000000e+00)
9.441         	1.887999e-07	(0.000000e+00 4.607563e-05 0.000000e+00)
9.442         	1.887931e-07	(0.000000e+00 4.607563e-05 0.000000e+00)
9.443         	1.887861e-07	(0.000000e+00 4.607563e-05 0.000000e+00)
9.444         	1.887792e-07	(0.000000e+00 4.607563e-05 0.000000e+00)
9.445         	1.887723e-07	(0.000000e+00 4.607563e-05 0.000000e+00)
9.446         	1.887655e-07	(0.000000e+00 4.607563e-05 0.000000e+00)
9.447         	1.887585e-07	(0.000000e+00 4.607563e-05 0.000000e+00)
9.448         	1.887516e-07	(0.000000e+00 4.607563e-05 0.000000e+00)
9.449         	1.887446e-07	(0.000000e+00 4.607563e-05 0.000000e+00)
9.45          	1.887377e-07	(0.000000e+00 4.607563e-05 0.000000e+00)
9.451         	1.887309e-07	(0.000000e+00 4.607563e-05 0.000000e+00)
9.452         	1.887241e-07	(0.000000e+00 4.607563e-05 0.000000e+00)
9.453         	1.887172e-07	(0.000000e+00 4.607563e-05 0.000000e+00)
9.454         	1.887104e-07	(0.000000e+00 4.607563e-05 0.000000e+00)
9.455         	1.887034e-07	(0.000000e+00 4.607563e-05 0.000000e+00)
9.456         	1.886968e-07	(0.000000e+00 4.607563e-05 0.000000e+00)
9.457         	1.886900e-07	(0.000000e+00 4.607563e-05 0.000000e+00)
9.458         	1.886827e-07	(0.000000e+00 4.607563e-05 0.000000e+00)
9.459         	1.886758e-07	(0.000000e+00 4.607563e-05 0.000000e+00)
9.46          	1.886689e-07	(0.000000e+00 4.607563e-05 0.000000e+00)
9.461         	1.886622e-07	(0.000000e+00 4.607563e-05 0.000000e+00)
9.462         	1.886554e-07	(0.000000e+00 4.607563e-05 0.000000e+00)
9.463         	1.886486e-07	(0.000000e+00 4.607563e-05 0.000000e+00)
9.464         	1.886418e-07	(0.000000e+00 4.607563e-05 0.000000e+00)
9.465         	1.886353e-07	(0.000000e+00 4.607563e-05 0.000000e+00)
9.466         	1.886279e-07	(0.000000e+00 4.607563e-05 0.000000e+00)
9.467         	1.886207e-07	(0.000000e+00 4.607563e-05 0.000000e+00)
9.468         	1.886139e-07	(0.000000e+00 4.607563e-05 0.000000e+00)
9.469         	1.886074e-07	(0.000000e+00 4.607563e-05 0.000000e+00)
9.47          	1.886005e-07	(0.000000e+00 4.607563e-05 0.000000e+00)
9.471         	1.885949e-07	(0.000000e+00 4.607563e-05 0.000000e+00)
9.472         	1.885868e-07	(0.000000e+00 4.607563e-05 0.000000e+00)
9.473         	1.885799e-07	(0.000000e+00 4.607563e-05 0.000000e+00)
9.474         	1.885727e-07	(0.000000e+00 4.607563e-05 0.000000e+00)
9.475         	1.885661e-07	(0.000000e+00 4.607563e-05 0.000000e+00)
9.476         	1.885593e-07	(0.000000e+00 4.607563e-05 0.000000e+00)
9.477         	1.885525e-07	(0.000000e+00 4.607563e-05 0.000000e+00)
9.478         	1.885458e-07	(0.000000e+00 4.607563e-05 0.000000e+00)
9.479         	1.885393e-07	(0.000000e+00 4.607563e-05 0.000000e+00)
9.48          	1.885322e-07	(0.000000e+00 4.607563e-05 0.000000e+00)
9.481         	1.885259e-07	(0.000000e+00 4.607563e-05 0.000000e+00)
9.482         	1.885187e-07	(0.000000e+00 4.607563e-05 0.000000e+00)
9.483         	1.885114e-07	(0.000000e+00 4.607563e-05 0.000000e+00)
9.484         	1.885043e-07	(0.000000e+00 4.607563e-05 0.000000e+00)
9.485         	1.884977e-07	(0.000000e+00 4.607563e-05 0.000000e+00)
9.486         	1.884908e-07	(0.000000e+00 4.607563e-05 0.000000e+00)
9.487         	1.884840e-07	(0.000000e+00 4.607563e-05 0.000000e+00)
9.488         	1.884773e-07	(0.000000e+00 4.607563e-05 0.000000e+00)
9.489         	1.884706e-07	(0.000000e+00 4.607563e-05 0.000000e+00)
9.49          	1.884639e-07	(0.000000e+00 4.607563e-05 0.000000e+00)
9.491         	1.884571e-07	(0.000000e+00 4.607563e-05 0.000000e+00)
9.492         	1.884504e-07	(0.000000e+00 4.607563e-05 0.000000e+00)
9.493         	1.884446e-07	(0.000000e+00 4.607563e-05 0.000000e+00)
9.494         	1.884363e-07	(0.000000e+00 4.607563e-05 0.000000e+00)
9.495         	1.884288e-07	(0.000000e+00 4.607563e-05 0.000000e+00)
9.496         	1.884221e-07	(0.000000e+00 4.607563e-05 0.000000e+00)
9.497         	1.884162e-07	(0.000000e+00 4.607563e-05 0.000000e+00)
9.498         	1.884094e-07	(0.000000e+00 4.607563e-05 0.000000e+00)
9.499         	1.884028e-07	(0.000000e+00 4.607563e-05 0.000000e+00)
9.5           	1.883959e-07	(0.000000e+00 4.607563e-05 0.000000e+00)
9.501         	1.883892e-07	(0.000000e+00 4.607563e-05 0.000000e+00)
9.502         	1.883829e-07	(0.000000e+00 4.607563e-05 0.000000e+00)
9.503         	1.883772e-07	(0.000000e+00 4.607563e-05 0.000000e+00)
9.504         	1.883687e-07	(0.000000e+00 4.607563e-05 0.000000e+00)
9.505         	1.883601e-07	(0.000000e+00 4.607563e-05 0.000000e+00)
9.506         	1.883537e-07	(0.000000e+00 4.607563e-05 0.000000e+00)
9.507         	1.883471e-07	(0.000000e+00 4.607563e-05 0.000000e+00)
9.508         	1.883394e-07	(0.000000e+00 4.607563e-05 0.000000e+00)
9.509         	1.883327e-07	(0.000000e+00 4.607563e-05 0.000000e+00)
9.51          	1.883266e-07	(0.000000e+00 4.607563e-05 0.000000e+00)
9.511         	1.883202e-07	(0.000000e+00 4.607563e-05 0.000000e+00)
9.512         	1.883138e-07	(0.000000e+00 4.607563e-05 0.000000e+00)
9.513         	1.883073e-07	(0.000000e+00 4.607563e-05 0.000000e+00)
9.514         	1.883006e-07	(0.000000e+00 4.607563e-05 0.000000e+00)
9.515         	1.882928e-07	(0.000000e+00 4.607563e-05 0.000000e+00)
9.516         	1.882858e-07	(0.000000e+00 4.607563e-05 0.000000e+00)
9.517         	1.882792e-07	(0.000000e+00 4.607563e-05 0.000000e+00)
9.518         	1.882726e-07	(0.000000e+00 4.607563e-05 0.000000e+00)
9.519         	1.882660e-07	(0.000000e+00 4.607563e-05 0.000000e+00)
9.52          	1.882596e-07	(0.000000e+00 4.607563e-05 0.000000e+00)
9.521         	1.882525e-07	(0.000000e+00 4.607563e-05 0.000000e+00)
9.522         	1.882457e-07	(0.000000e+00 4.607563e-05 0.000000e+00)
9.523         	1.882389e-07	(0.000000e+00 4.607563e-05 0.000000e+00)
9.524         	1.882321e-07	(0.000000e+00 4.607563e-05 0.000000e+00)
9.525         	1.882250e-07	(0.000000e+00 4.607563e-05 0.000000e+00)
9.526         	1.882193e-07	(0.000000e+00 4.607563e-05 0.000000e+00)
9.527         	1.882115e-07	(0.000000e+00 4.607563e-05 0.000000e+00)
9.528         	1.882056e-07	(0.000000e+00 4.607563e-05 0.000000e+00)
9.529         	1.881978e-07	(0.000000e+00 4.607563e-05 0.000000e+00)
9.53          	1.881902e-07	(0.000000e+00 4.607563e-05 0.000000e+00)
9.531         	1.881836e-07	(0.000000e+00 4.607563e-05 0.000000e+00)
9.532         	1.881776e-07	(0.000000e+00 4.607563e-05 0.000000e+00)
9.533         	1.881715e-07	(0.000000e+00 4.607563e-05 0.000000e+00)
9.534         	1.881647e-07	(0.000000e+00 4.607563e-05 0.000000e+00)
9.535         	1.881584e-07	(0.000000e+00 4.607563e-05 0.000000e+00)
9.536         	1.881515e-07	(0.000000e+00 4.607563e-05 0.000000e+00)
9.537         	1.881427e-07	(0.000000e+00 4.607563e-05 0.000000e+00)
9.538         	1.881352e-07	(0.000000e+00 4.607563e-05 0.000000e+00)
9.539         	1.881289e-07	(0.000000e+00 4.607563e-05 0.000000e+00)
9.54          	1.881230e-07	(0.000000e+00 4.607563e-05 0.000000e+00)
9.541         	1.881169e-07	(0.000000e+00 4.607563e-05 0.000000e+00)
9.542         	1.881103e-07	(0.000000e+00 4.607563e-05 0.000000e+00)
9.543         	1.881034e-07	(0.000000e+00 4.607563e-05 0.000000e+00)
9.544         	1.880964e-07	(0.000000e+00 4.607563e-05 0.000000e+00)
9.545         	1.880897e-07	(0.000000e+00 4.607563e-05 0.000000e+00)
9.546         	1.880827e-07	(0.000000e+00 4.607563e-05 0.000000e+00)
9.547         	1.880778e-07	(0.000000e+00 4.607563e-05 0.000000e+00)
9.548         	1.880709e-07	(0.000000e+00 4.607563e-05 0.000000e+00)
9.549         	1.880618e-07	(0.000000e+00 4.607563e-05 0.000000e+00)
9.55          	1.880541e-07	(0.000000e+00 4.607563e-05 0.000000e+00)
9.551         	1.880475e-07	(0.000000e+00 4.607563e-05 0.000000e+00)
9.552         	1.880414e-07	(0.000000e+00 4.607563e-05 0.000000e+00)
9.553         	1.880352e-07	(0.000000e+00 4.607563e-05 0.000000e+00)
9.554         	1.880288e-07	(0.000000e+00 4.607563e-05 0.000000e+00)
9.555         	1.880223e-07	(0.000000e+00 4.607563e-05 0.000000e+00)
9.556         	1.880154e-07	(0.000000e+00 4.607563e-05 0.000000e+00)
9.557         	1.880086e-07	(0.000000e+00 4.607563e-05 0.000000e+00)
9.558         	1.880017e-07	(0.000000e+00 4.607563e-05 0.000000e+00)
9.559         	1.879952e-07	(0.000000e+00 4.607563e-05 0.000000e+00)
9.56          	1.879883e-07	(0.000000e+00 4.607563e-05 0.000000e+00)
9.561         	1.879816e-07	(0.000000e+00 4.607563e-05 0.000000e+00)
9.562         	1.879745e-07	(0.000000e+00 4.607563e-05 0.000000e+00)
9.563         	1.879676e-07	(0.000000e+00 4.607563e-05 0.000000e+00)
9.564         	1.879609e-07	(0.000000e+00 4.607563e-05 0.000000e+00)
9.565         	1.879554e-07	(0.000000e+00 4.607563e-05 0.000000e+00)
9.566         	1.879482e-07	(0.000000e+00 4.607563e-05 0.000000e+00)
9.567         	1.879406e-07	(0.000000e+00 4.607563e-05 0.000000e+00)
9.568         	1.879339e-07	(0.000000e+00 4.607563e-05 0.000000e+00)
9.569         	1.879283e-07	(0.000000e+00 4.607563e-05 0.000000e+00)
9.57          	1.879210e-07	(0.000000e+00 4.607563e-05 0.000000e+00)
9.571         	1.879140e-07	(0.000000e+00 4.607563e-05 0.000000e+00)
9.572         	1.879078e-07	(0.000000e+00 4.607563e-05 0.000000e+00)
9.573         	1.879008e-07	(0.000000e+00 4.607563e-05 0.000000e+00)
9.574         	1.878939e-07	(0.000000e+00 4.607563e-05 0.000000e+00)
9.575         	1.878873e-07	(0.000000e+00 4.607563e-05 0.000000e+00)
9.576         	1.878807e-07	(0.000000e+00 4.607563e-05 0.000000e+00)
9.577         	1.878740e-07	(0.000000e+00 4.607563e-05 0.000000e+00)
9.578         	1.878673e-07	(0.000000e+00 4.607563e-05 0.000000e+00)
9.579         	1.878607e-07	(0.000000e+00 4.607563e-05 0.000000e+00)
9.58          	1.878538e-07	(0.000000e+00 4.607563e-05 0.000000e+00)
9.581         	1.878475e-07	(0.000000e+00 4.607563e-05 0.000000e+00)
9.582         	1.878403e-07	(0.000000e+00 4.607563e-05 0.000000e+00)
9.583         	1.878332e-07	(0.000000e+00 4.607563e-05 0.000000e+00)
9.584         	1.878266e-07	(0.000000e+00 4.607563e-05 0.000000e+00)
9.585         	1.878200e-07	(0.000000e+00 4.607563e-05 0.000000e+00)
9.586         	1.878134e-07	(0.000000e+00 4.607563e-05 0.000000e+00)
9.587         	1.878072e-07	(0.000000e+00 4.607563e-05 0.000000e+00)
9.588         	1.878001e-07	(0.000000e+00 4.607563e-05 0.000000e+00)
9.589         	1.877930e-07	(0.000000e+00 4.607563e-05 0.000000e+00)
9.59          	1.877863e-07	(0.000000e+00 4.607563e-05 0.000000e+00)
9.591         	1.877797e-07	(0.000000e+00 4.607563e-05 0.000000e+00)
9.592         	1.877732e-07	(0.000000e+00 4.607563e-05 0.000000e+00)
9.593         	1.877665e-07	(0.000000e+00 4.607563e-05 0.000000e+00)
9.594         	1.877598e-07	(0.000000e+00 4.607563e-05 0.000000e+00)
9.595         	1.877531e-07	(0.000000e+00 4.607563e-05 0.000000e+00)
9.596         	1.877464e-07	(0.000000e+00 4.607563e-05 0.000000e+00)
9.597         	1.877397e-07	(0.000000e+00 4.607563e-05 0.000000e+00)
9.598         	1.877330e-07	(0.000000e+00 4.607563e-05 0.000000e+00)
9.599         	1.877263e-07	(0.000000e+00 4.607563e-05 0.000000e+00)
9.6           	1.877197e-07	(0.000000e+00 4.607563e-05 0.000000e+00)
9.601         	1.877129e-07	(0.000000e+00 4.607563e-05 0.000000e+00)
9.602         	1.877062e-07	(0.000000e+00 4.607563e-05 0.000000e+00)
9.603         	1.876995e-07	(0.000000e+00 4.607563e-05 0.000000e+00)
9.604         	1.876929e-07	(0.000000e+00 4.607563e-05 0.000000e+00)
9.605         	1.876862e-07	(0.000000e+00 4.607563e-05 0.000000e+00)
9.606         	1.876794e-07	(0.000000e+00 4.607563e-05 0.000000e+00)
9.607         	1.876727e-07	(0.000000e+00 4.607563e-05 0.000000e+00)
9.608         	1.876661e-07	(0.000000e+00 4.607563e-05 0.000000e+00)
9.609         	1.876594e-07	(0.000000e+00 4.607563e-05 0.000000e+00)
9.61          	1.876527e-07	(0.000000e+00 4.607563e-05 0.000000e+00)
9.611         	1.876461e-07	(0.000000e+00 4.607563e-05 0.000000e+00)
9.612         	1.876394e-07	(0.000000e+00 4.607563e-05 0.000000e+00)
9.613         	1.876329e-07	(0.000000e+00 4.607563e-05 0.000000e+00)
9.614         	1.876262e-07	(0.000000e+00 4.607563e-05 0.000000e+00)
9.615         	1.876195e-07	(0.000000e+00 4.607563e-05 0.000000e+00)
9.616         	1.876125e-07	(0.000000e+00 4.607563e-05 0.000000e+00)
9.617         	1.876055e-07	(0.000000e+00 4.607563e-05 0.000000e+00)
9.618         	1.875993e-07	(0.000000e+00 4.607563e-05 0.000000e+00)
9.619         	1.875925e-07	(0.000000e+00 4.607563e-05 0.000000e+00)
9.62          	1.875857e-07	(0.000000e+00 4.607563e-05 0.000000e+00)
9.621         	1.875791e-07	(0.000000e+00 4.607563e-05 0.000000e+00)
9.622         	1.875731e-07	(0.000000e+00 4.607563e-05 0.000000e+00)
9.623         	1.875668e-07	(0.000000e+00 4.607563e-05 0.000000e+00)
9.624         	1.875599e-07	(0.000000e+00 4.607563e-05 0.000000e+00)
9.625         	1.875524e-07	(0.000000e+00 4.607563e-05 0.000000e+00)
9.626         	1.875454e-07	(0.000000e+00 4.607563e-05 0.000000e+00)
9.627         	1.875389e-07	(0.000000e+00 4.607563e-05 0.000000e+00)
9.628         	1.875324e-07	(0.000000e+00 4.607563e-05 0.000000e+00)
9.629         	1.875258e-07	(0.000000e+00 4.607563e-05 0.000000e+00)
9.63          	1.875193e-07	(0.000000e+00 4.607563e-05 0.000000e+00)
9.631         	1.875126e-07	(0.000000e+00 4.607563e-05 0.000000e+00)
9.632         	1.875058e-07	(0.000000e+00 4.607563e-05 0.000000e+00)
9.633         	1.874991e-07	(0.000000e+00 4.607563e-05 0.000000e+00)
9.634         	1.874928e-07	(0.000000e+00 4.607563e-05 0.000000e+00)
9.635         	1.874862e-07	(0.000000e+00 4.607563e-05 0.000000e+00)
9.636         	1.874803e-07	(0.000000e+00 4.607563e-05 0.000000e+00)
9.637         	1.874727e-07	(0.000000e+00 4.607563e-05 0.000000e+00)
9.638         	1.874653e-07	(0.000000e+00 4.607563e-05 0.000000e+00)
9.639         	1.874588e-07	(0.000000e+00 4.607563e-05 0.000000e+00)
9.64          	1.874526e-07	(0.000000e+00 4.607563e-05 0.000000e+00)
9.641         	1.874462e-07	(0.000000e+00 4.607563e-05 0.000000e+00)
9.642         	1.874397e-07	(0.000000e+00 4.607563e-05 0.000000e+00)
9.643         	1.874331e-07	(0.000000e+00 4.607563e-05 0.000000e+00)
9.644         	1.874265e-07	(0.000000e+00 4.607563e-05 0.000000e+00)
9.645         	1.874196e-07	(0.000000e+00 4.607563e-05 0.000000e+00)
9.646         	1.874128e-07	(0.000000e+00 4.607563e-05 0.000000e+00)
9.647         	1.874062e-07	(0.000000e+00 4.607563e-05 0.000000e+00)
9.648         	1.873996e-07	(0.000000e+00 4.607563e-05 0.000000e+00)
9.649         	1.873930e-07	(0.000000e+00 4.607563e-05 0.000000e+00)
9.65          	1.873871e-07	(0.000000e+00 4.607563e-05 0.000000e+00)
9.651         	1.873799e-07	(0.000000e+00 4.607563e-05 0.000000e+00)
9.652         	1.873727e-07	(0.000000e+00 4.607563e-05 0.000000e+00)
9.653         	1.873662e-07	(0.000000e+00 4.607563e-05 0.000000e+00)
9.654         	1.873601e-07	(0.000000e+00 4.607563e-05 0.000000e+00)
9.655         	1.873533e-07	(0.000000e+00 4.607563e-05 0.000000e+00)
9.656         	1.873464e-07	(0.000000e+00 4.607563e-05 0.000000e+00)
9.657         	1.873401e-07	(0.000000e+00 4.607563e-05 0.000000e+00)
9.658         	1.873340e-07	(0.000000e+00 4.607563e-05 0.000000e+00)
9.659         	1.873268e-07	(0.000000e+00 4.607563e-05 0.000000e+00)
9.66          	1.873197e-07	(0.000000e+00 4.607563e-05 0.000000e+00)
9.661         	1.873131e-07	(0.000000e+00 4.607563e-05 0.000000e+00)
9.662         	1.873074e-07	(0.000000e+00 4.607563e-05 0.000000e+00)
9.663         	1.873006e-07	(0.000000e+00 4.607563e-05 0.000000e+00)
9.664         	1.872934e-07	(0.000000e+00 4.607563e-05 0.000000e+00)
9.665         	1.872867e-07	(0.000000e+00 4.607563e-05 0.000000e+00)
9.666         	1.872801e-07	(0.000000e+00 4.607563e-05 0.000000e+00)
9.667         	1.872737e-07	(0.000000e+00 4.607563e-05 0.000000e+00)
9.668         	1.872672e-07	(0.000000e+00 4.607563e-05 0.000000e+00)
9.669         	1.872607e-07	(0.000000e+00 4.607563e-05 0.000000e+00)
9.67          	1.872541e-07	(0.000000e+00 4.607563e-05 0.000000e+00)
9.671         	1.872474e-07	(0.000000e+00 4.607563e-05 0.000000e+00)
9.672         	1.872408e-07	(0.000000e+00 4.607563e-05 0.000000e+00)
9.673         	1.872341e-07	(0.000000e+00 4.607563e-05 0.000000e+00)
9.674         	1.872278e-07	(0.000000e+00 4.607563e-05 0.000000e+00)
9.675         	1.872212e-07	(0.000000e+00 4.607563e-05 0.000000e+00)
9.676         	1.872142e-07	(0.000000e+00 4.607563e-05 0.000000e+00)
9.677         	1.872075e-07	(0.000000e+00 4.607563e-05 0.000000e+00)
9.678         	1.872014e-07	(0.000000e+00 4.607563e-05 0.000000e+00)
9.679         	1.871947e-07	(0.000000e+00 4.607563e-05 0.000000e+00)
9.68          	1.871877e-07	(0.000000e+00 4.607563e-05 0.000000e+00)
9.681         	1.871809e-07	(0.000000e+00 4.607563e-05 0.000000e+00)
9.682         	1.871745e-07	(0.000000e+00 4.607563e-05 0.000000e+00)
9.683         	1.871681e-07	(0.000000e+00 4.607563e-05 0.000000e+00)
9.684         	1.871616e-07	(0.000000e+00 4.607563e-05 0.000000e+00)
9.685         	1.871550e-07	(0.000000e+00 4.607563e-05 0.000000e+00)
9.686         	1.871484e-07	(0.000000e+00 4.607563e-05 0.000000e+00)
9.687         	1.871418e-07	(0.000000e+00 4.607563e-05 0.000000e+00)
9.688         	1.871351e-07	(0.000000e+00 4.607563e-05 0.000000e+00)
9.689         	1.871285e-07	(0.000000e+00 4.607563e-05 0.000000e+00)
9.69          	1.871220e-07	(0.000000e+00 4.607563e-05 0.000000e+00)
9.691         	1.871154e-07	(0.000000e+00 4.607563e-05 0.000000e+00)
9.692         	1.871088e-07	(0.000000e+00 4.607563e-05 0.000000e+00)
9.693         	1.871022e-07	(0.000000e+00 4.607563e-05 0.000000e+00)
9.694         	1.870956e-07	(0.000000e+00 4.607563e-05 0.000000e+00)
9.695         	1.870895e-07	(0.000000e+00 4.607563e-05 0.000000e+00)
9.696         	1.870824e-07	(0.000000e+00 4.607563e-05 0.000000e+00)
9.697         	1.870756e-07	(0.000000e+00 4.607563e-05 0.000000e+00)
9.698         	1.870690e-07	(0.000000e+00 4.607563e-05 0.000000e+00)
9.699         	1.870625e-07	(0.000000e+00 4.607563e-05 0.000000e+00)
9.7           	1.870561e-07	(0.000000e+00 4.607563e-05 0.000000e+00)
9.701         	1.870503e-07	(0.000000e+00 4.607563e-05 0.000000e+00)
9.702         	1.870431e-07	(0.000000e+00 4.607563e-05 0.000000e+00)
9.703         	1.870361e-07	(0.000000e+00 4.607563e-05 0.000000e+00)
9.704         	1.870294e-07	(0.000000e+00 4.607563e-05 0.000000e+00)
9.705         	1.870229e-07	(0.000000e+00 4.607563e-05 0.000000e+00)
9.706         	1.870167e-07	(0.000000e+00 4.607563e-05 0.000000e+00)
9.707         	1.870102e-07	(0.000000e+00 4.607563e-05 0.000000e+00)
9.708         	1.870039e-07	(0.000000e+00 4.607563e-05 0.000000e+00)
9.709         	1.869974e-07	(0.000000e+00 4.607563e-05 0.000000e+00)
9.71          	1.869903e-07	(0.000000e+00 4.607563e-05 0.000000e+00)
9.711         	1.869836e-07	(0.000000e+00 4.607563e-05 0.000000e+00)
9.712         	1.869774e-07	(0.000000e+00 4.607563e-05 0.000000e+00)
9.713         	1.869707e-07	(0.000000e+00 4.607563e-05 0.000000e+00)
9.714         	1.869640e-07	(0.000000e+00 4.607563e-05 0.000000e+00)
9.715         	1.869576e-07	(0.000000e+00 4.607563e-05 0.000000e+00)
9.716         	1.869515e-07	(0.000000e+00 4.607563e-05 0.000000e+00)
9.717         	1.869449e-07	(0.000000e+00 4.607563e-05 0.000000e+00)
9.718         	1.869382e-07	(0.000000e+00 4.607563e-05 0.000000e+00)
9.719         	1.869310e-07	(0.000000e+00 4.607563e-05 0.000000e+00)
9.72          	1.869244e-07	(0.000000e+00 4.607563e-05 0.000000e+00)
9.721         	1.869180e-07	(0.000000e+00 4.607563e-05 0.000000e+00)
9.722         	1.869119e-07	(0.000000e+00 4.607563e-05 0.000000e+00)
9.723         	1.869054e-07	(0.000000e+00 4.607563e-05 0.000000e+00)
9.724         	1.868989e-07	(0.000000e+00 4.607563e-05 0.000000e+00)
9.725         	1.868926e-07	(0.000000e+00 4.607563e-05 0.000000e+00)
9.726         	1.868867e-07	(0.000000e+00 4.607563e-05 0.000000e+00)
9.727         	1.868800e-07	(0.000000e+00 4.607563e-05 0.000000e+00)
9.728         	1.868714e-07	(0.000000e+00 4.607563e-05 0.000000e+00)
9.729         	1.868646e-07	(0.000000e+00 4.607563e-05 0.000000e+00)
9.73          	1.868588e-07	(0.000000e+00 4.607563e-05 0.000000e+00)
9.731         	1.868528e-07	(0.000000e+00 4.607563e-05 0.000000e+00)
9.732         	1.868466e-07	(0.000000e+00 4.607563e-05 0.000000e+00)
9.733         	1.868400e-07	(0.000000e+00 4.607563e-05 0.000000e+00)
9.734         	1.868334e-07	(0.000000e+00 4.607563e-05 0.000000e+00)
9.735         	1.868267e-07	(0.000000e+00 4.607563e-05 0.000000e+00)
9.736         	1.868203e-07	(0.000000e+00 4.607563e-05 0.000000e+00)
9.737         	1.868138e-07	(0.000000e+00 4.607563e-05 0.000000e+00)
9.738         	1.868071e-07	(0.000000e+00 4.607563e-05 0.000000e+00)
9.739         	1.868005e-07	(0.000000e+00 4.607563e-05 0.000000e+00)
9.74          	1.867941e-07	(0.000000e+00 4.607563e-05 0.000000e+00)
9.741         	1.867876e-07	(0.000000e+00 4.607563e-05 0.000000e+00)
9.742         	1.867814e-07	(0.000000e+00 4.607563e-05 0.000000e+00)
9.743         	1.867752e-07	(0.000000e+00 4.607563e-05 0.000000e+00)
9.744         	1.867680e-07	(0.000000e+00 4.607563e-05 0.000000e+00)
9.745         	1.867611e-07	(0.000000e+00 4.607563e-05 0.000000e+00)
9.746         	1.867548e-07	(0.000000e+00 4.607563e-05 0.000000e+00)
9.747         	1.867482e-07	(0.000000e+00 4.607563e-05 0.000000e+00)
9.748         	1.867418e-07	(0.000000e+00 4.607563e-05 0.000000e+00)
9.749         	1.867354e-07	(0.000000e+00 4.607563e-05 0.000000e+00)
9.75          	1.867289e-07	(0.000000e+00 4.607563e-05 0.000000e+00)
9.751         	1.867224e-07	(0.000000e+00 4.607563e-05 0.000000e+00)
9.752         	1.867160e-07	(0.000000e+00 4.607563e-05 0.000000e+00)
9.753         	1.867093e-07	(0.000000e+00 4.607563e-05 0.000000e+00)
9.754         	1.867028e-07	(0.000000e+00 4.607563e-05 0.000000e+00)
9.755         	1.866963e-07	(0.000000e+00 4.607563e-05 0.000000e+00)
9.756         	1.866899e-07	(0.000000e+00 4.607563e-05 0.000000e+00)
9.757         	1.866837e-07	(0.000000e+00 4.607563e-05 0.000000e+00)
9.758         	1.866768e-07	(0.000000e+00 4.607563e-05 0.000000e+00)
9.759         	1.866703e-07	(0.000000e+00 4.607563e-05 0.000000e+00)
9.76          	1.866636e-07	(0.000000e+00 4.607563e-05 0.000000e+00)
9.761         	1.866570e-07	(0.000000e+00 4.607563e-05 0.000000e+00)
9.762         	1.866512e-07	(0.000000e+00 4.607563e-05 0.000000e+00)
9.763         	1.866444e-07	(0.000000e+00 4.607563e-05 0.000000e+00)
9.764         	1.866374e-07	(0.000000e+00 4.607563e-05 0.000000e+00)
9.765         	1.866308e-07	(0.000000e+00 4.607563e-05 0.000000e+00)
9.766         	1.866246e-07	(0.000000e+00 4.607563e-05 0.000000e+00)
9.767         	1.866183e-07	(0.000000e+00 4.607563e-05 0.000000e+00)
9.768         	1.866118e-07	(0.000000e+00 4.607563e-05 0.000000e+00)
9.769         	1.866053e-07	(0.000000e+00 4.607563e-05 0.000000e+00)
9.77          	1.865987e-07	(0.000000e+00 4.607563e-05 0.000000e+00)
9.771         	1.865923e-07	(0.000000e+00 4.607563e-05 0.000000e+00)
9.772         	1.865858e-07	(0.000000e+00 4.607563e-05 0.000000e+00)
9.773         	1.865793e-07	(0.000000e+00 4.607563e-05 0.000000e+00)
9.774         	1.865728e-07	(0.000000e+00 4.607563e-05 0.000000e+00)
9.775         	1.865663e-07	(0.000000e+00 4.607563e-05 0.000000e+00)
9.776         	1.865597e-07	(0.000000e+00 4.607563e-05 0.000000e+00)
9.777         	1.865533e-07	(0.000000e+00 4.607563e-05 0.000000e+00)
9.778         	1.865468e-07	(0.000000e+00 4.607563e-05 0.000000e+00)
9.779         	1.865409e-07	(0.000000e+00 4.607563e-05 0.000000e+00)
9.78          	1.865340e-07	(0.000000e+00 4.607563e-05 0.000000e+00)
9.781         	1.865272e-07	(0.000000e+00 4.607563e-05 0.000000e+00)
9.782         	1.865207e-07	(0.000000e+00 4.607563e-05 0.000000e+00)
9.783         	1.865143e-07	(0.000000e+00 4.607563e-05 0.000000e+00)
9.784         	1.865082e-07	(0.000000e+00 4.607563e-05 0.000000e+00)
9.785         	1.865017e-07	(0.000000e+00 4.607563e-05 0.000000e+00)
9.786         	1.864950e-07	(0.000000e+00 4.607563e-05 0.000000e+00)
9.787         	1.864884e-07	(0.000000e+00 4.607563e-05 0.000000e+00)
9.788         	1.864819e-07	(0.000000e+00 4.607563e-05 0.000000e+00)
9.789         	1.864755e-07	(0.000000e+00 4.607563e-05 0.000000e+00)
9.79          	1.864692e-07	(0.000000e+00 4.607563e-05 0.000000e+00)
9.791         	1.864628e-07	(0.000000e+00 4.607563e-05 0.000000e+00)
9.792         	1.864561e-07	(0.000000e+00 4.607563e-05 0.000000e+00)
9.793         	1.864497e-07	(0.000000e+00 4.607563e-05 0.000000e+00)
9.794         	1.864431e-07	(0.000000e+00 4.607563e-05 0.000000e+00)
9.795         	1.864367e-07	(0.000000e+00 4.607563e-05 0.000000e+00)
9.796         	1.864308e-07	(0.000000e+00 4.607563e-05 0.000000e+00)
9.797         	1.864243e-07	(0.000000e+00 4.607563e-05 0.000000e+00)
9.798         	1.864172e-07	(0.000000e+00 4.607563e-05 0.000000e+00)
9.799         	1.864105e-07	(0.000000e+00 4.607563e-05 0.000000e+00)
9.8           	1.864042e-07	(0.000000e+00 4.607563e-05 0.000000e+00)
9.801         	1.863979e-07	(0.000000e+00 4.607563e-05 0.000000e+00)
9.802         	1.863916e-07	(0.000000e+00 4.607563e-05 0.000000e+00)
9.803         	1.863852e-07	(0.000000e+00 4.607563e-05 0.000000e+00)
9.804         	1.863790e-07	(0.000000e+00 4.607563e-05 0.000000e+00)
9.805         	1.863723e-07	(0.000000e+00 4.607563e-05 0.000000e+00)
9.806         	1.863658e-07	(0.000000e+00 4.607563e-05 0.000000e+00)
9.807         	1.863594e-07	(0.000000e+00 4.607563e-05 0.000000e+00)
9.808         	1.863529e-07	(0.000000e+00 4.607563e-05 0.000000e+00)
9.809         	1.863470e-07	(0.000000e+00 4.607563e-05 0.000000e+00)
9.81          	1.863404e-07	(0.000000e+00 4.607563e-05 0.000000e+00)
9.811         	1.863336e-07	(0.000000e+00 4.607563e-05 0.000000e+00)
9.812         	1.863270e-07	(0.000000e+00 4.607563e-05 0.000000e+00)
9.813         	1.863205e-07	(0.000000e+00 4.607563e-05 0.000000e+00)
9.814         	1.863142e-07	(0.000000e+00 4.607563e-05 0.000000e+00)
9.815         	1.863078e-07	(0.000000e+00 4.607563e-05 0.000000e+00)
9.816         	1.863014e-07	(0.000000e+00 4.607563e-05 0.000000e+00)
9.817         	1.862948e-07	(0.000000e+00 4.607563e-05 0.000000e+00)
9.818         	1.862884e-07	(0.000000e+00 4.607563e-05 0.000000e+00)
9.819         	1.862820e-07	(0.000000e+00 4.607563e-05 0.000000e+00)
9.82          	1.862756e-07	(0.000000e+00 4.607563e-05 0.000000e+00)
9.821         	1.862691e-07	(0.000000e+00 4.607563e-05 0.000000e+00)
9.822         	1.862627e-07	(0.000000e+00 4.607563e-05 0.000000e+00)
9.823         	1.862563e-07	(0.000000e+00 4.607563e-05 0.000000e+00)
9.824         	1.862499e-07	(0.000000e+00 4.607563e-05 0.000000e+00)
9.825         	1.862435e-07	(0.000000e+00 4.607563e-05 0.000000e+00)
9.826         	1.862372e-07	(0.000000e+00 4.607563e-05 0.000000e+00)
9.827         	1.862306e-07	(0.000000e+00 4.607563e-05 0.000000e+00)
9.828         	1.862242e-07	(0.000000e+00 4.607563e-05 0.000000e+00)
9.829         	1.862176e-07	(0.000000e+00 4.607563e-05 0.000000e+00)
9.83          	1.862112e-07	(0.000000e+00 4.607563e-05 0.000000e+00)
9.831         	1.862049e-07	(0.000000e+00 4.607563e-05 0.000000e+00)
9.832         	1.861991e-07	(0.000000e+00 4.607563e-05 0.000000e+00)
9.833         	1.861919e-07	(0.000000e+00 4.607563e-05 0.000000e+00)
9.834         	1.861851e-07	(0.000000e+00 4.607563e-05 0.000000e+00)
9.835         	1.861788e-07	(0.000000e+00 4.607563e-05 0.000000e+00)
9.836         	1.861726e-07	(0.000000e+00 4.607563e-05 0.000000e+00)
9.837         	1.861663e-07	(0.000000e+00 4.607563e-05 0.000000e+00)
9.838         	1.861600e-07	(0.000000e+00 4.607563e-05 0.000000e+00)
9.839         	1.861534e-07	(0.000000e+00 4.607563e-05 0.000000e+00)
9.84          	1.861475e-07	(0.000000e+00 4.607563e-05 0.000000e+00)
9.841         	1.861409e-07	(0.000000e+00 4.607563e-05 0.000000e+00)
9.842         	1.861350e-07	(0.000000e+00 4.607563e-05 0.000000e+00)
9.843         	1.861279e-07	(0.000000e+00 4.607563e-05 0.000000e+00)
9.844         	1.861215e-07	(0.000000e+00 4.607563e-05 0.000000e+00)
9.845         	1.861150e-07	(0.000000e+00 4.607563e-05 0.000000e+00)
9.846         	1.861085e-07	(0.000000e+00 4.607563e-05 0.000000e+00)
9.847         	1.861023e-07	(0.000000e+00 4.607563e-05 0.000000e+00)
9.848         	1.860961e-07	(0.000000e+00 4.607563e-05 0.000000e+00)
9.849         	1.860899e-07	(0.000000e+00 4.607563e-05 0.000000e+00)
9.85          	1.860837e-07	(0.000000e+00 4.607563e-05 0.000000e+00)
9.851         	1.860773e-07	(0.000000e+00 4.607563e-05 0.000000e+00)
9.852         	1.860702e-07	(0.000000e+00 4.607563e-05 0.000000e+00)
9.853         	1.860635e-07	(0.000000e+00 4.607563e-05 0.000000e+00)
9.854         	1.860576e-07	(0.000000e+00 4.607563e-05 0.000000e+00)
9.855         	1.860512e-07	(0.000000e+00 4.607563e-05 0.000000e+00)
9.856         	1.860450e-07	(0.000000e+00 4.607563e-05 0.000000e+00)
9.857         	1.860384e-07	(0.000000e+00 4.607563e-05 0.000000e+00)
9.858         	1.860319e-07	(0.000000e+00 4.607563e-05 0.000000e+00)
9.859         	1.860257e-07	(0.000000e+00 4.607563e-05 0.000000e+00)
9.86          	1.860193e-07	(0.000000e+00 4.607563e-05 0.000000e+00)
9.861         	1.860129e-07	(0.000000e+00 4.607563e-05 0.000000e+00)
9.862         	1.860065e-07	(0.000000e+00 4.607563e-05 0.000000e+00)
9.863         	1.860011e-07	(0.000000e+00 4.607563e-05 0.000000e+00)
9.864         	1.859938e-07	(0.000000e+00 4.607563e-05 0.000000e+00)
9.865         	1.859870e-07	(0.000000e+00 4.607563e-05 0.000000e+00)
9.866         	1.859809e-07	(0.000000e+00 4.607563e-05 0.000000e+00)
9.867         	1.859745e-07	(0.000000e+00 4.607563e-05 0.000000e+00)
9.868         	1.859685e-07	(0.000000e+00 4.607563e-05 0.000000e+00)
9.869         	1.859615e-07	(0.000000e+00 4.607563e-05 0.000000e+00)
9.87          	1.859548e-07	(0.000000e+00 4.607563e-05 0.000000e+00)
9.871         	1.859486e-07	(0.000000e+00 4.607563e-05 0.000000e+00)
9.872         	1.859425e-07	(0.000000e+00 4.607563e-05 0.000000e+00)
9.873         	1.859362e-07	(0.000000e+00 4.607563e-05 0.000000e+00)
9.874         	1.859303e-07	(0.000000e+00 4.607563e-05 0.000000e+00)
9.875         	1.859243e-07	(0.000000e+00 4.607563e-05 0.000000e+00)
9.876         	1.859171e-07	(0.000000e+00 4.607563e-05 0.000000e+00)
9.877         	1.859100e-07	(0.000000e+00 4.607563e-05 0.000000e+00)
9.878         	1.859034e-07	(0.000000e+00 4.607563e-05 0.000000e+00)
9.879         	1.858973e-07	(0.000000e+00 4.607563e-05 0.000000e+00)
9.88          	1.858913e-07	(0.000000e+00 4.607563e-05 0.000000e+00)
9.881         	1.858853e-07	(0.000000e+00 4.607563e-05 0.000000e+00)
9.882         	1.858799e-07	(0.000000e+00 4.607563e-05 0.000000e+00)
9.883         	1.858730e-07	(0.000000e+00 4.607563e-05 0.000000e+00)
9.884         	1.858659e-07	(0.000000e+00 4.607563e-05 0.000000e+00)
9.885         	1.858592e-07	(0.000000e+00 4.607563e-05 0.000000e+00)
9.886         	1.858526e-07	(0.000000e+00 4.607563e-05 0.000000e+00)
9.887         	1.858464e-07	(0.000000e+00 4.607563e-05 0.000000e+00)
9.888         	1.858402e-07	(0.000000e+00 4.607563e-05 0.000000e+00)
9.889         	1.858341e-07	(0.000000e+00 4.607563e-05 0.000000e+00)
9.89          	1.858280e-07	(0.000000e+00 4.607563e-05 0.000000e+00)
9.891         	1.858216e-07	(0.000000e+00 4.607563e-05 0.000000e+00)
9.892         	1.858154e-07	(0.000000e+00 4.607563e-05 0.000000e+00)
9.893         	1.858086e-07	(0.000000e+00 4.607563e-05 0.000000e+00)
9.894         	1.858021e-07	(0.000000e+00 4.607563e-05 0.000000e+00)
9.895         	1.857959e-07	(0.000000e+00 4.607563e-05 0.000000e+00)
9.896         	1.857896e-07	(0.000000e+00 4.607563e-05 0.000000e+00)
9.897         	1.857834e-07	(0.000000e+00 4.607563e-05 0.000000e+00)
9.898         	1.857771e-07	(0.000000e+00 4.607563e-05 0.000000e+00)
9.899         	1.857707e-07	(0.000000e+00 4.607563e-05 0.000000e+00)
9.9           	1.857644e-07	(0.000000e+00 4.607563e-05 0.000000e+00)
9.901         	1.857580e-07	(0.000000e+00 4.607563e-05 0.000000e+00)
9.902         	1.857516e-07	(0.000000e+00 4.607563e-05 0.000000e+00)
9.903         	1.857459e-07	(0.000000e+00 4.607563e-05 0.000000e+00)
9.904         	1.857392e-07	(0.000000e+00 4.607563e-05 0.000000e+00)
9.905         	1.857324e-07	(0.000000e+00 4.607563e-05 0.000000e+00)
9.906         	1.857257e-07	(0.000000e+00 4.607563e-05 0.000000e+00)
9.907         	1.857195e-07	(0.000000e+00 4.607563e-05 0.000000e+00)
9.908         	1.857134e-07	(0.000000e+00 4.607563e-05 0.000000e+00)
9.909         	1.857073e-07	(0.000000e+00 4.607563e-05 0.000000e+00)
9.91          	1.857010e-07	(0.000000e+00 4.607563e-05 0.000000e+00)
9.911         	1.856947e-07	(0.000000e+00 4.607563e-05 0.000000e+00)
9.912         	1.856883e-07	(0.000000e+00 4.607563e-05 0.000000e+00)
9.913         	1.856819e-07	(0.000000e+00 4.607563e-05 0.000000e+00)
9.914         	1.856756e-07	(0.000000e+00 4.607563e-05 0.000000e+00)
9.915         	1.856692e-07	(0.000000e+00 4.607563e-05 0.000000e+00)
9.916         	1.856629e-07	(0.000000e+00 4.607563e-05 0.000000e+00)
9.917         	1.856566e-07	(0.000000e+00 4.607563e-05 0.000000e+00)
9.918         	1.856503e-07	(0.000000e+00 4.607563e-05 0.000000e+00)
9.919         	1.856440e-07	(0.000000e+00 4.607563e-05 0.000000e+00)
9.92          	1.856376e-07	(0.000000e+00 4.607563e-05 0.000000e+00)
9.921         	1.856313e-07	(0.000000e+00 4.607563e-05 0.000000e+00)
9.922         	1.856250e-07	(0.000000e+00 4.607563e-05 0.000000e+00)
9.923         	1.856188e-07	(0.000000e+00 4.607563e-05 0.000000e+00)
9.924         	1.856124e-07	(0.000000e+00 4.607563e-05 0.000000e+00)
9.925         	1.856060e-07	(0.000000e+00 4.607563e-05 0.000000e+00)
9.926         	1.855997e-07	(0.000000e+00 4.607563e-05 0.000000e+00)
9.927         	1.855934e-07	(0.000000e+00 4.607563e-05 0.000000e+00)
9.928         	1.855871e-07	(0.000000e+00 4.607563e-05 0.000000e+00)
9.929         	1.855810e-07	(0.000000e+00 4.607563e-05 0.000000e+00)
9.93          	1.855746e-07	(0.000000e+00 4.607563e-05 0.000000e+00)
9.931         	1.855680e-07	(0.000000e+00 4.607563e-05 0.000000e+00)
9.932         	1.855616e-07	(0.000000e+00 4.607563e-05 0.000000e+00)
9.933         	1.855553e-07	(0.000000e+00 4.607563e-05 0.000000e+00)
9.934         	1.855492e-07	(0.000000e+00 4.607563e-05 0.000000e+00)
9.935         	1.855430e-07	(0.000000e+00 4.607563e-05 0.000000e+00)
9.936         	1.855368e-07	(0.000000e+00 4.607563e-05 0.000000e+00)
9.937         	1.855307e-07	(0.000000e+00 4.607563e-05 0.000000e+00)
9.938         	1.855240e-07	(0.000000e+00 4.607563e-05 0.000000e+00)
9.939         	1.855175e-07	(0.000000e+00 4.607563e-05 0.000000e+00)
9.94          	1.855112e-07	(0.000000e+00 4.607563e-05 0.000000e+00)
9.941         	1.855051e-07	(0.000000e+00 4.607563e-05 0.000000e+00)
9.942         	1.854988e-07	(0.000000e+00 4.607563e-05 0.000000e+00)
9.943         	1.854931e-07	(0.000000e+00 4.607563e-05 0.000000e+00)
9.944         	1.854862e-07	(0.000000e+00 4.607563e-05 0.000000e+00)
9.945         	1.854796e-07	(0.000000e+00 4.607563e-05 0.000000e+00)
9.946         	1.854732e-07	(0.000000e+00 4.607563e-05 0.000000e+00)
9.947         	1.854671e-07	(0.000000e+00 4.607563e-05 0.000000e+00)
9.948         	1.854611e-07	(0.000000e+00 4.607563e-05 0.000000e+00)
9.949         	1.854548e-07	(0.000000e+00 4.607563e-05 0.000000e+00)
9.95          	1.854485e-07	(0.000000e+00 4.607563e-05 0.000000e+00)
9.951         	1.854422e-07	(0.000000e+00 4.607563e-05 0.000000e+00)
9.952         	1.854359e-07	(0.000000e+00 4.607563e-05 0.000000e+00)
9.953         	1.854297e-07	(0.000000e+00 4.607563e-05 0.000000e+00)
9.954         	1.854236e-07	(0.000000e+00 4.607563e-05 0.000000e+00)
9.955         	1.854170e-07	(0.000000e+00 4.607563e-05 0.000000e+00)
9.956         	1.854105e-07	(0.000000e+00 4.607563e-05 0.000000e+00)
9.957         	1.854043e-07	(0.000000e+00 4.607563e-05 0.000000e+00)
9.958         	1.853981e-07	(0.000000e+00 4.607563e-05 0.000000e+00)
9.959         	1.853919e-07	(0.000000e+00 4.607563e-05 0.000000e+00)
9.96          	1.853857e-07	(0.000000e+00 4.607563e-05 0.000000e+00)
9.961         	1.853796e-07	(0.000000e+00 4.607563e-05 0.000000e+00)
9.962         	1.853731e-07	(0.000000e+00 4.607563e-05 0.000000e+00)
9.963         	1.853667e-07	(0.000000e+00 4.607563e-05 0.000000e+00)
9.964         	1.853604e-07	(0.000000e+00 4.607563e-05 0.000000e+00)
9.965         	1.853543e-07	(0.000000e+00 4.607563e-05 0.000000e+00)
9.966         	1.853480e-07	(0.000000e+00 4.607563e-05 0.000000e+00)
9.967         	1.853417e-07	(0.000000e+00 4.607563e-05 0.000000e+00)
9.968         	1.853354e-07	(0.000000e+00 4.607563e-05 0.000000e+00)
9.969         	1.853293e-07	(0.000000e+00 4.607563e-05 0.000000e+00)
9.97          	1.853230e-07	(0.000000e+00 4.607563e-05 0.000000e+00)
9.971         	1.853166e-07	(0.000000e+00 4.607563e-05 0.000000e+00)
9.972         	1.853103e-07	(0.000000e+00 4.607563e-05 0.000000e+00)
9.973         	1.853041e-07	(0.000000e+00 4.607563e-05 0.000000e+00)
9.974         	1.852979e-07	(0.000000e+00 4.607563e-05 0.000000e+00)
9.975         	1.852918e-07	(0.000000e+00 4.607563e-05 0.000000e+00)
9.976         	1.852854e-07	(0.000000e+00 4.607563e-05 0.000000e+00)
9.977         	1.852793e-07	(0.000000e+00 4.607563e-05 0.000000e+00)
9.978         	1.852736e-07	(0.000000e+00 4.607563e-05 0.000000e+00)
9.979         	1.852682e-07	(0.000000e+00 4.607563e-05 0.000000e+00)
9.98          	1.852606e-07	(0.000000e+00 4.607563e-05 0.000000e+00)
9.981         	1.852535e-07	(0.000000e+00 4.607563e-05 0.000000e+00)
9.982         	1.852461e-07	(0.000000e+00 4.607563e-05 0.000000e+00)
9.983         	1.852401e-07	(0.000000e+00 4.607563e-05 0.000000e+00)
9.984         	1.852346e-07	(0.000000e+00 4.607563e-05 0.000000e+00)
9.985         	1.852291e-07	(0.000000e+00 4.607563e-05 0.000000e+00)
9.986         	1.852232e-07	(0.000000e+00 4.607563e-05 0.000000e+00)
9.987         	1.852170e-07	(0.000000e+00 4.607563e-05 0.000000e+00)
9.988         	1.852113e-07	(0.000000e+00 4.607563e-05 0.000000e+00)
9.989         	1.852048e-07	(0.000000e+00 4.607563e-05 0.000000e+00)
9.99          	1.851970e-07	(0.000000e+00 4.607563e-05 0.000000e+00)
9.991         	1.851905e-07	(0.000000e+00 4.607563e-05 0.000000e+00)
9.992         	1.851847e-07	(0.000000e+00 4.607563e-05 0.000000e+00)
9.993         	1.851791e-07	(0.000000e+00 4.607563e-05 0.000000e+00)
9.994         	1.851730e-07	(0.000000e+00 4.607563e-05 0.000000e+00)
9.995         	1.851666e-07	(0.000000e+00 4.607563e-05 0.000000e+00)
9.996         	1.851604e-07	(0.000000e+00 4.607563e-05 0.000000e+00)
9.997         	1.851540e-07	(0.000000e+00 4.607563e-05 0.000000e+00)
9.998         	1.851477e-07	(0.000000e+00 4.607563e-05 0.000000e+00)
9.999         	1.851415e-07	(0.000000e+00 4.607563e-05 0.000000e+00)
10            	1.851353e-07	(0.000000e+00 4.607563e-05 0.000000e+00)
10.001        	1.851293e-07	(0.000000e+00 4.607563e-05 0.000000e+00)
10.002        	1.851229e-07	(0.000000e+00 4.607563e-05 0.000000e+00)
10.003        	1.851173e-07	(0.000000e+00 4.607563e-05 0.000000e+00)
10.004        	1.851104e-07	(0.000000e+00 4.607563e-05 0.000000e+00)
10.005        	1.851040e-07	(0.000000e+00 4.607563e-05 0.000000e+00)
10.006        	1.850983e-07	(0.000000e+00 4.607563e-05 0.000000e+00)
10.007        	1.850916e-07	(0.000000e+00 4.607563e-05 0.000000e+00)
10.008        	1.850852e-07	(0.000000e+00 4.607563e-05 0.000000e+00)
10.009        	1.850791e-07	(0.000000e+00 4.607563e-05 0.000000e+00)
10.01         	1.850731e-07	(0.000000e+00 4.607563e-05 0.000000e+00)
10.011        	1.850670e-07	(0.000000e+00 4.607563e-05 0.000000e+00)
10.012        	1.850608e-07	(0.000000e+00 4.607563e-05 0.000000e+00)
10.013        	1.850546e-07	(0.000000e+00 4.607563e-05 0.000000e+00)
10.014        	1.850483e-07	(0.000000e+00 4.607563e-05 0.000000e+00)
10.015        	1.850420e-07	(0.000000e+00 4.607563e-05 0.000000e+00)
10.016        	1.850364e-07	(0.000000e+00 4.607563e-05 0.000000e+00)
10.017        	1.850299e-07	(0.000000e+00 4.607563e-05 0.000000e+00)
10.018        	1.850228e-07	(0.000000e+00 4.607563e-05 0.000000e+00)
10.019        	1.850165e-07	(0.000000e+00 4.607563e-05 0.000000e+00)
10.02         	1.850106e-07	(0.000000e+00 4.607563e-05 0.000000e+00)
10.021        	1.850048e-07	(0.000000e+00 4.607563e-05 0.000000e+00)
10.022        	1.849989e-07	(0.000000e+00 4.607563e-05 0.000000e+00)
10.023        	1.849925e-07	(0.000000e+00 4.607563e-05 0.000000e+00)
10.024        	1.849862e-07	(0.000000e+00 4.607563e-05 0.000000e+00)
10.025        	1.849796e-07	(0.000000e+00 4.607563e-05 0.000000e+00)
10.026        	1.849733e-07	(0.000000e+00 4.607563e-05 0.000000e+00)
10.027        	1.849672e-07	(0.000000e+00 4.607563e-05 0.000000e+00)
10.028        	1.849612e-07	(0.000000e+00 4.607563e-05 0.000000e+00)
10.029        	1.849551e-07	(0.000000e+00 4.607563e-05 0.000000e+00)
10.03         	1.849490e-07	(0.000000e+00 4.607563e-05 0.000000e+00)
10.031        	1.849427e-07	(0.000000e+00 4.607563e-05 0.000000e+00)
10.032        	1.849364e-07	(0.000000e+00 4.607563e-05 0.000000e+00)
10.033        	1.849302e-07	(0.000000e+00 4.607563e-05 0.000000e+00)
10.034        	1.849242e-07	(0.000000e+00 4.607563e-05 0.000000e+00)
10.035        	1.849179e-07	(0.000000e+00 4.607563e-05 0.000000e+00)
10.036        	1.849118e-07	(0.000000e+00 4.607563e-05 0.000000e+00)
10.037        	1.849054e-07	(0.000000e+00 4.607563e-05 0.000000e+00)
10.038        	1.848993e-07	(0.000000e+00 4.607563e-05 0.000000e+00)
10.039        	1.848933e-07	(0.000000e+00 4.607563e-05 0.000000e+00)
10.04         	1.848867e-07	(0.000000e+00 4.607563e-05 0.000000e+00)
10.041        	1.848804e-07	(0.000000e+00 4.607563e-05 0.000000e+00)
10.042        	1.848743e-07	(0.000000e+00 4.607563e-05 0.000000e+00)
10.043        	1.848682e-07	(0.000000e+00 4.607563e-05 0.000000e+00)
10.044        	1.848621e-07	(0.000000e+00 4.607563e-05 0.000000e+00)
10.045        	1.848559e-07	(0.000000e+00 4.607563e-05 0.000000e+00)
10.046        	1.848497e-07	(0.000000e+00 4.607563e-05 0.000000e+00)
10.047        	1.848435e-07	(0.000000e+00 4.607563e-05 0.000000e+00)
10.048        	1.848373e-07	(0.000000e+00 4.607563e-05 0.000000e+00)
10.049        	1.848311e-07	(0.000000e+00 4.607563e-05 0.000000e+00)
10.05         	1.848249e-07	(0.000000e+00 4.607563e-05 0.000000e+00)
10.051        	1.848189e-07	(0.000000e+00 4.607563e-05 0.000000e+00)
10.052        	1.848128e-07	(0.000000e+00 4.607563e-05 0.000000e+00)
10.053        	1.848065e-07	(0.000000e+00 4.607563e-05 0.000000e+00)
10.054        	1.848008e-07	(0.000000e+00 4.607563e-05 0.000000e+00)
10.055        	1.847943e-07	(0.000000e+00 4.607563e-05 0.000000e+00)
10.056        	1.847879e-07	(0.000000e+00 4.607563e-05 0.000000e+00)
10.057        	1.847818e-07	(0.000000e+00 4.607563e-05 0.000000e+00)
10.058        	1.847754e-07	(0.000000e+00 4.607563e-05 0.000000e+00)
10.059        	1.847693e-07	(0.000000e+00 4.607563e-05 0.000000e+00)
10.06         	1.847633e-07	(0.000000e+00 4.607563e-05 0.000000e+00)
10.061        	1.847572e-07	(0.000000e+00 4.607563e-05 0.000000e+00)
10.062        	1.847511e-07	(0.000000e+00 4.607563e-05 0.000000e+00)
10.063        	1.847449e-07	(0.000000e+00 4.607563e-05 0.000000e+00)
10.064        	1.847387e-07	(0.000000e+00 4.607563e-05 0.000000e+00)
10.065        	1.847332e-07	(0.000000e+00 4.607563e-05 0.000000e+00)
10.066        	1.847265e-07	(0.000000e+00 4.607563e-05 0.000000e+00)
10.067        	1.847201e-07	(0.000000e+00 4.607563e-05 0.000000e+00)
10.068        	1.847136e-07	(0.000000e+00 4.607563e-05 0.000000e+00)
10.069        	1.847075e-07	(0.000000e+00 4.607563e-05 0.000000e+00)
10.07         	1.847018e-07	(0.000000e+00 4.607563e-05 0.000000e+00)
10.071        	1.846956e-07	(0.000000e+00 4.607563e-05 0.000000e+00)
10.072        	1.846895e-07	(0.000000e+00 4.607563e-05 0.000000e+00)
10.073        	1.846833e-07	(0.000000e+00 4.607563e-05 0.000000e+00)
10.074        	1.846771e-07	(0.000000e+00 4.607563e-05 0.000000e+00)
10.075        	1.846709e-07	(0.000000e+00 4.607563e-05 0.000000e+00)
10.076        	1.846648e-07	(0.000000e+00 4.607563e-05 0.000000e+00)
10.077        	1.846586e-07	(0.000000e+00 4.607563e-05 0.000000e+00)
10.078        	1.846525e-07	(0.000000e+00 4.607563e-05 0.000000e+00)
10.079        	1.846465e-07	(0.000000e+00 4.607563e-05 0.000000e+00)
10.08         	1.846402e-07	(0.000000e+00 4.607563e-05 0.000000e+00)
10.081        	1.846345e-07	(0.000000e+00 4.607563e-05 0.000000e+00)
10.082        	1.846279e-07	(0.000000e+00 4.607563e-05 0.000000e+00)
10.083        	1.846215e-07	(0.000000e+00 4.607563e-05 0.000000e+00)
10.084        	1.846153e-07	(0.000000e+00 4.607563e-05 0.000000e+00)
10.085        	1.846093e-07	(0.000000e+00 4.607563e-05 0.000000e+00)
10.086        	1.846036e-07	(0.000000e+00 4.607563e-05 0.000000e+00)
10.087        	1.845975e-07	(0.000000e+00 4.607563e-05 0.000000e+00)
10.088        	1.845911e-07	(0.000000e+00 4.607563e-05 0.000000e+00)
10.089        	1.845854e-07	(0.000000e+00 4.607563e-05 0.000000e+00)
10.09         	1.845787e-07	(0.000000e+00 4.607563e-05 0.000000e+00)
10.091        	1.845723e-07	(0.000000e+00 4.607563e-05 0.000000e+00)
10.092        	1.845661e-07	(0.000000e+00 4.607563e-05 0.000000e+00)
10.093        	1.845601e-07	(0.000000e+00 4.607563e-05 0.000000e+00)
10.094        	1.845543e-07	(0.000000e+00 4.607563e-05 0.000000e+00)
10.095        	1.845482e-07	(0.000000e+00 4.607563e-05 0.000000e+00)
10.096        	1.845421e-07	(0.000000e+00 4.607563e-05 0.000000e+00)
10.097        	1.845358e-07	(0.000000e+00 4.607563e-05 0.000000e+00)
10.098        	1.845297e-07	(0.000000e+00 4.607563e-05 0.000000e+00)
10.099        	1.845236e-07	(0.000000e+00 4.607563e-05 0.000000e+00)
10.1          	1.845177e-07	(0.000000e+00 4.607563e-05 0.000000e+00)
10.101        	1.845115e-07	(0.000000e+00 4.607563e-05 0.000000e+00)
10.102        	1.845052e-07	(0.000000e+00 4.607563e-05 0.000000e+00)
10.103        	1.844990e-07	(0.000000e+00 4.607563e-05 0.000000e+00)
10.104        	1.844931e-07	(0.000000e+00 4.607563e-05 0.000000e+00)
10.105        	1.844869e-07	(0.000000e+00 4.607563e-05 0.000000e+00)
10.106        	1.844807e-07	(0.000000e+00 4.607563e-05 0.000000e+00)
10.107        	1.844759e-07	(0.000000e+00 4.607563e-05 0.000000e+00)
10.108        	1.844686e-07	(0.000000e+00 4.607563e-05 0.000000e+00)
10.109        	1.844619e-07	(0.000000e+00 4.607563e-05 0.000000e+00)
10.11         	1.844559e-07	(0.000000e+00 4.607563e-05 0.000000e+00)
10.111        	1.844504e-07	(0.000000e+00 4.607563e-05 0.000000e+00)
10.112        	1.844449e-07	(0.000000e+00 4.607563e-05 0.000000e+00)
10.113        	1.844382e-07	(0.000000e+00 4.607563e-05 0.000000e+00)
10.114        	1.844322e-07	(0.000000e+00 4.607563e-05 0.000000e+00)
10.115        	1.844256e-07	(0.000000e+00 4.607563e-05 0.000000e+00)
10.116        	1.844197e-07	(0.000000e+00 4.607563e-05 0.000000e+00)
10.117        	1.844134e-07	(0.000000e+00 4.607563e-05 0.000000e+00)
10.118        	1.844071e-07	(0.000000e+00 4.607563e-05 0.000000e+00)
10.119        	1.844011e-07	(0.000000e+00 4.607563e-05 0.000000e+00)
10.12         	1.843952e-07	(0.000000e+00 4.607563e-05 0.000000e+00)
10.121        	1.843894e-07	(0.000000e+00 4.607563e-05 0.000000e+00)
10.122        	1.843833e-07	(0.000000e+00 4.607563e-05 0.000000e+00)
10.123        	1.843769e-07	(0.000000e+00 4.607563e-05 0.000000e+00)
10.124        	1.843707e-07	(0.000000e+00 4.607563e-05 0.000000e+00)
10.125        	1.843647e-07	(0.000000e+00 4.607563e-05 0.000000e+00)
10.126        	1.843587e-07	(0.000000e+00 4.607563e-05 0.000000e+00)
10.127        	1.843526e-07	(0.000000e+00 4.607563e-05 0.000000e+00)
10.128        	1.843465e-07	(0.000000e+00 4.607563e-05 0.000000e+00)
10.129        	1.843404e-07	(0.000000e+00 4.607563e-05 0.000000e+00)
10.13         	1.843344e-07	(0.000000e+00 4.607563e-05 0.000000e+00)
10.131        	1.843283e-07	(0.000000e+00 4.607563e-05 0.000000e+00)
10.132        	1.843221e-07	(0.000000e+00 4.607563e-05 0.000000e+00)
10.133        	1.843170e-07	(0.000000e+00 4.607563e-05 0.000000e+00)
10.134        	1.843098e-07	(0.000000e+00 4.607563e-05 0.000000e+00)
10.135        	1.843034e-07	(0.000000e+00 4.607563e-05 0.000000e+00)
10.136        	1.842976e-07	(0.000000e+00 4.607563e-05 0.000000e+00)
10.137        	1.842917e-07	(0.000000e+00 4.607563e-05 0.000000e+00)
10.138        	1.842861e-07	(0.000000e+00 4.607563e-05 0.000000e+00)
10.139        	1.842796e-07	(0.000000e+00 4.607563e-05 0.000000e+00)
10.14         	1.842733e-07	(0.000000e+00 4.607563e-05 0.000000e+00)
10.141        	1.842671e-07	(0.000000e+00 4.607563e-05 0.000000e+00)
10.142        	1.842612e-07	(0.000000e+00 4.607563e-05 0.000000e+00)
10.143        	1.842552e-07	(0.000000e+00 4.607563e-05 0.000000e+00)
10.144        	1.842491e-07	(0.000000e+00 4.607563e-05 0.000000e+00)
10.145        	1.842431e-07	(0.000000e+00 4.607563e-05 0.000000e+00)
10.146        	1.842370e-07	(0.000000e+00 4.607563e-05 0.000000e+00)
10.147        	1.842309e-07	(0.000000e+00 4.607563e-05 0.000000e+00)
10.148        	1.842249e-07	(0.000000e+00 4.607563e-05 0.000000e+00)
10.149        	1.842189e-07	(0.000000e+00 4.607563e-05 0.000000e+00)
10.15         	1.842127e-07	(0.000000e+00 4.607563e-05 0.000000e+00)
10.151        	1.842067e-07	(0.000000e+00 4.607563e-05 0.000000e+00)
10.152        	1.842007e-07	(0.000000e+00 4.607563e-05 0.000000e+00)
10.153        	1.841944e-07	(0.000000e+00 4.607563e-05 0.000000e+00)
10.154        	1.841883e-07	(0.000000e+00 4.607563e-05 0.000000e+00)
10.155        	1.841822e-07	(0.000000e+00 4.607563e-05 0.000000e+00)
10.156        	1.841762e-07	(0.000000e+00 4.607563e-05 0.000000e+00)
10.157        	1.841700e-07	(0.000000e+00 4.607563e-05 0.000000e+00)
10.158        	1.841640e-07	(0.000000e+00 4.607563e-05 0.000000e+00)
10.159        	1.841580e-07	(0.000000e+00 4.607563e-05 0.000000e+00)
10.16         	1.841521e-07	(0.000000e+00 4.607563e-05 0.000000e+00)
10.161        	1.841461e-07	(0.000000e+00 4.607563e-05 0.000000e+00)
10.162        	1.841399e-07	(0.000000e+00 4.607563e-05 0.000000e+00)
10.163        	1.841337e-07	(0.000000e+00 4.607563e-05 0.000000e+00)
10.164        	1.841276e-07	(0.000000e+00 4.607563e-05 0.000000e+00)
10.165        	1.841215e-07	(0.000000e+00 4.607563e-05 0.000000e+00)
10.166        	1.841156e-07	(0.000000e+00 4.607563e-05 0.000000e+00)
10.167        	1.841096e-07	(0.000000e+00 4.607563e-05 0.000000e+00)
10.168        	1.841035e-07	(0.000000e+00 4.607563e-05 0.000000e+00)
10.169        	1.840974e-07	(0.000000e+00 4.607563e-05 0.000000e+00)
10.17         	1.840914e-07	(0.000000e+00 4.607563e-05 0.000000e+00)
10.171        	1.840853e-07	(0.000000e+00 4.607563e-05 0.000000e+00)
10.172        	1.840792e-07	(0.000000e+00 4.607563e-05 0.000000e+00)
10.173        	1.840732e-07	(0.000000e+00 4.607563e-05 0.000000e+00)
10.174        	1.840672e-07	(0.000000e+00 4.607563e-05 0.000000e+00)
10.175        	1.840613e-07	(0.000000e+00 4.607563e-05 0.000000e+00)
10.176        	1.840551e-07	(0.000000e+00 4.607563e-05 0.000000e+00)
10.177        	1.840489e-07	(0.000000e+00 4.607563e-05 0.000000e+00)
10.178        	1.840429e-07	(0.000000e+00 4.607563e-05 0.000000e+00)
10.179        	1.840369e-07	(0.000000e+00 4.607563e-05 0.000000e+00)
10.18         	1.840309e-07	(0.000000e+00 4.607563e-05 0.000000e+00)
10.181        	1.840249e-07	(0.000000e+00 4.607563e-05 0.000000e+00)
10.182        	1.840188e-07	(0.000000e+00 4.607563e-05 0.000000e+00)
10.183        	1.840128e-07	(0.000000e+00 4.607563e-05 0.000000e+00)
10.184        	1.840067e-07	(0.000000e+00 4.607563e-05 0.000000e+00)
10.185        	1.840007e-07	(0.000000e+00 4.607563e-05 0.000000e+00)
10.186        	1.839947e-07	(0.000000e+00 4.607563e-05 0.000000e+00)
10.187        	1.839887e-07	(0.000000e+00 4.607563e-05 0.000000e+00)
10.188        	1.839825e-07	(0.000000e+00 4.607563e-05 0.000000e+00)
10.189        	1.839767e-07	(0.000000e+00 4.607563e-05 0.000000e+00)
10.19         	1.839703e-07	(0.000000e+00 4.607563e-05 0.000000e+00)
10.191        	1.839643e-07	(0.000000e+00 4.607563e-05 0.000000e+00)
10.192        	1.839583e-07	(0.000000e+00 4.607563e-05 0.000000e+00)
10.193        	1.839524e-07	(0.000000e+00 4.607563e-05 0.000000e+00)
10.194        	1.839464e-07	(0.000000e+00 4.607563e-05 0.000000e+00)
10.195        	1.839404e-07	(0.000000e+00 4.607563e-05 0.000000e+00)
10.196        	1.839343e-07	(0.000000e+00 4.607563e-05 0.000000e+00)
10.197        	1.839285e-07	(0.000000e+00 4.607563e-05 0.000000e+00)
10.198        	1.839225e-07	(0.000000e+00 4.607563e-05 0.000000e+00)
10.199        	1.839162e-07	(0.000000e+00 4.607563e-05 0.000000e+00)
10.2          	1.839101e-07	(0.000000e+00 4.607563e-05 0.000000e+00)
10.201        	1.839044e-07	(0.000000e+00 4.607563e-05 0.000000e+00)
10.202        	1.838985e-07	(0.000000e+00 4.607563e-05 0.000000e+00)
10.203        	1.838922e-07	(0.000000e+00 4.607563e-05 0.000000e+00)
10.204        	1.838860e-07	(0.000000e+00 4.607563e-05 0.000000e+00)
10.205        	1.838801e-07	(0.000000e+00 4.607563e-05 0.000000e+00)
10.206        	1.838742e-07	(0.000000e+00 4.607563e-05 0.000000e+00)
10.207        	1.838683e-07	(0.000000e+00 4.607563e-05 0.000000e+00)
10.208        	1.838622e-07	(0.000000e+00 4.607563e-05 0.000000e+00)
10.209        	1.838562e-07	(0.000000e+00 4.607563e-05 0.000000e+00)
10.21         	1.838501e-07	(0.000000e+00 4.607563e-05 0.000000e+00)
10.211        	1.838442e-07	(0.000000e+00 4.607563e-05 0.000000e+00)
10.212        	1.838382e-07	(0.000000e+00 4.607563e-05 0.000000e+00)
10.213        	1.838322e-07	(0.000000e+00 4.607563e-05 0.000000e+00)
10.214        	1.838262e-07	(0.000000e+00 4.607563e-05 0.000000e+00)
10.215        	1.838202e-07	(0.000000e+00 4.607563e-05 0.000000e+00)
10.216        	1.838144e-07	(0.000000e+00 4.607563e-05 0.000000e+00)
10.217        	1.838080e-07	(0.000000e+00 4.607563e-05 0.000000e+00)
10.218        	1.838018e-07	(0.000000e+00 4.607563e-05 0.000000e+00)
10.219        	1.837965e-07	(0.000000e+00 4.607563e-05 0.000000e+00)
10.22         	1.837904e-07	(0.000000e+00 4.607563e-05 0.000000e+00)
10.221        	1.837839e-07	(0.000000e+00 4.607563e-05 0.000000e+00)
10.222        	1.837778e-07	(0.000000e+00 4.607563e-05 0.000000e+00)
10.223        	1.837719e-07	(0.000000e+00 4.607563e-05 0.000000e+00)
10.224        	1.837663e-07	(0.000000e+00 4.607563e-05 0.000000e+00)
10.225        	1.837604e-07	(0.000000e+00 4.607563e-05 0.000000e+00)
10.226        	1.837543e-07	(0.000000e+00 4.607563e-05 0.000000e+00)
10.227        	1.837481e-07	(0.000000e+00 4.607563e-05 0.000000e+00)
10.228        	1.837422e-07	(0.000000e+00 4.607563e-05 0.000000e+00)
10.229        	1.837367e-07	(0.000000e+00 4.607563e-05 0.000000e+00)
10.23         	1.837302e-07	(0.000000e+00 4.607563e-05 0.000000e+00)
10.231        	1.837240e-07	(0.000000e+00 4.607563e-05 0.000000e+00)
10.232        	1.837181e-07	(0.000000e+00 4.607563e-05 0.000000e+00)
10.233        	1.837123e-07	(0.000000e+00 4.607563e-05 0.000000e+00)
10.234        	1.837064e-07	(0.000000e+00 4.607563e-05 0.000000e+00)
10.235        	1.837005e-07	(0.000000e+00 4.607563e-05 0.000000e+00)
10.236        	1.836945e-07	(0.000000e+00 4.607563e-05 0.000000e+00)
10.237        	1.836887e-07	(0.000000e+00 4.607563e-05 0.000000e+00)
10.238        	1.836825e-07	(0.000000e+00 4.607563e-05 0.000000e+00)
10.239        	1.836764e-07	(0.000000e+00 4.607563e-05 0.000000e+00)
10.24         	1.836706e-07	(0.000000e+00 4.607563e-05 0.000000e+00)
10.241        	1.836650e-07	(0.000000e+00 4.607563e-05 0.000000e+00)
10.242        	1.836597e-07	(0.000000e+00 4.607563e-05 0.000000e+00)
10.243        	1.836534e-07	(0.000000e+00 4.607563e-05 0.000000e+00)
10.244        	1.836450e-07	(0.000000e+00 4.607563e-05 0.000000e+00)
10.245        	1.836388e-07	(0.000000e+00 4.607563e-05 0.000000e+00)
10.246        	1.836335e-07	(0.000000e+00 4.607563e-05 0.000000e+00)
10.247        	1.836283e-07	(0.000000e+00 4.607563e-05 0.000000e+00)
10.248        	1.836228e-07	(0.000000e+00 4.607563e-05 0.000000e+00)
10.249        	1.836169e-07	(0.000000e+00 4.607563e-05 0.000000e+00)
10.25         	1.836107e-07	(0.000000e+00 4.607563e-05 0.000000e+00)
10.251        	1.836045e-07	(0.000000e+00 4.607563e-05 0.000000e+00)
10.252        	1.835985e-07	(0.000000e+00 4.607563e-05 0.000000e+00)
10.253        	1.835927e-07	(0.000000e+00 4.607563e-05 0.000000e+00)
10.254        	1.835866e-07	(0.000000e+00 4.607563e-05 0.000000e+00)
10.255        	1.835806e-07	(0.000000e+00 4.607563e-05 0.000000e+00)
10.256        	1.835748e-07	(0.000000e+00 4.607563e-05 0.000000e+00)
10.257        	1.835687e-07	(0.000000e+00 4.607563e-05 0.000000e+00)
10.258        	1.835627e-07	(0.000000e+00 4.607563e-05 0.000000e+00)
10.259        	1.835567e-07	(0.000000e+00 4.607563e-05 0.000000e+00)
10.26         	1.835508e-07	(0.000000e+00 4.607563e-05 0.000000e+00)
10.261        	1.835451e-07	(0.000000e+00 4.607563e-05 0.000000e+00)
10.262        	1.835390e-07	(0.000000e+00 4.607563e-05 0.000000e+00)
10.263        	1.835330e-07	(0.000000e+00 4.607563e-05 0.000000e+00)
10.264        	1.835271e-07	(0.000000e+00 4.607563e-05 0.000000e+00)
10.265        	1.835212e-07	(0.000000e+00 4.607563e-05 0.000000e+00)
10.266        	1.835152e-07	(0.000000e+00 4.607563e-05 0.000000e+00)
10.267        	1.835092e-07	(0.000000e+00 4.607563e-05 0.000000e+00)
10.268        	1.835032e-07	(0.000000e+00 4.607563e-05 0.000000e+00)
10.269        	1.834974e-07	(0.000000e+00 4.607563e-05 0.000000e+00)
10.27         	1.834915e-07	(0.000000e+00 4.607563e-05 0.000000e+00)
10.271        	1.834855e-07	(0.000000e+00 4.607563e-05 0.000000e+00)
10.272        	1.834795e-07	(0.000000e+00 4.607563e-05 0.000000e+00)
10.273        	1.834737e-07	(0.000000e+00 4.607563e-05 0.000000e+00)
10.274        	1.834676e-07	(0.000000e+00 4.607563e-05 0.000000e+00)
10.275        	1.834616e-07	(0.000000e+00 4.607563e-05 0.000000e+00)
10.276        	1.834557e-07	(0.000000e+00 4.607563e-05 0.000000e+00)
10.277        	1.834499e-07	(0.000000e+00 4.607563e-05 0.000000e+00)
10.278        	1.834439e-07	(0.000000e+00 4.607563e-05 0.000000e+00)
10.279        	1.834380e-07	(0.000000e+00 4.607563e-05 0.000000e+00)
10.28         	1.834320e-07	(0.000000e+00 4.607563e-05 0.000000e+00)
10.281        	1.834261e-07	(0.000000e+00 4.607563e-05 0.000000e+00)
10.282        	1.834202e-07	(0.000000e+00 4.607563e-05 0.000000e+00)
10.283        	1.834142e-07	(0.000000e+00 4.607563e-05 0.000000e+00)
10.284        	1.834082e-07	(0.000000e+00 4.607563e-05 0.000000e+00)
10.285        	1.834023e-07	(0.000000e+00 4.607563e-05 0.000000e+00)
10.286        	1.833965e-07	(0.000000e+00 4.607563e-05 0.000000e+00)
10.287        	1.833908e-07	(0.000000e+00 4.607563e-05 0.000000e+00)
10.288        	1.833845e-07	(0.000000e+00 4.607563e-05 0.000000e+00)
10.289        	1.833784e-07	(0.000000e+00 4.607563e-05 0.000000e+00)
10.29         	1.833727e-07	(0.000000e+00 4.607563e-05 0.000000e+00)
10.291        	1.833669e-07	(0.000000e+00 4.607563e-05 0.000000e+00)
10.292        	1.833608e-07	(0.000000e+00 4.607563e-05 0.000000e+00)
10.293        	1.833547e-07	(0.000000e+00 4.607563e-05 0.000000e+00)
10.294        	1.833488e-07	(0.000000e+00 4.607563e-05 0.000000e+00)
10.295        	1.833430e-07	(0.000000e+00 4.607563e-05 0.000000e+00)
10.296        	1.833374e-07	(0.000000e+00 4.607563e-05 0.000000e+00)
10.297        	1.833314e-07	(0.000000e+00 4.607563e-05 0.000000e+00)
10.298        	1.833253e-07	(0.000000e+00 4.607563e-05 0.000000e+00)
10.299        	1.833191e-07	(0.000000e+00 4.607563e-05 0.000000e+00)
10.3          	1.833132e-07	(0.000000e+00 4.607563e-05 0.000000e+00)
10.301        	1.833075e-07	(0.000000e+00 4.607563e-05 0.000000e+00)
10.302        	1.833017e-07	(0.000000e+00 4.607563e-05 0.000000e+00)
10.303        	1.832958e-07	(0.000000e+00 4.607563e-05 0.000000e+00)
10.304        	1.832898e-07	(0.000000e+00 4.607563e-05 0.000000e+00)
10.305        	1.832839e-07	(0.000000e+00 4.607563e-05 0.000000e+00)
10.306        	1.832780e-07	(0.000000e+00 4.607563e-05 0.000000e+00)
10.307        	1.832721e-07	(0.000000e+00 4.607563e-05 0.000000e+00)
10.308        	1.832662e-07	(0.000000e+00 4.607563e-05 0.000000e+00)
10.309        	1.832602e-07	(0.000000e+00 4.607563e-05 0.000000e+00)
10.31         	1.832542e-07	(0.000000e+00 4.607563e-05 0.000000e+00)
10.311        	1.832487e-07	(0.000000e+00 4.607563e-05 0.000000e+00)
10.312        	1.832424e-07	(0.000000e+00 4.607563e-05 0.000000e+00)
10.313        	1.832364e-07	(0.000000e+00 4.607563e-05 0.000000e+00)
10.314        	1.832306e-07	(0.000000e+00 4.607563e-05 0.000000e+00)
10.315        	1.832248e-07	(0.000000e+00 4.607563e-05 0.000000e+00)
10.316        	1.832189e-07	(0.000000e+00 4.607563e-05 0.000000e+00)
10.317        	1.832131e-07	(0.000000e+00 4.607563e-05 0.000000e+00)
10.318        	1.832074e-07	(0.000000e+00 4.607563e-05 0.000000e+00)
10.319        	1.832013e-07	(0.000000e+00 4.607563e-05 0.000000e+00)
10.32         	1.831951e-07	(0.000000e+00 4.607563e-05 0.000000e+00)
10.321        	1.831890e-07	(0.000000e+00 4.607563e-05 0.000000e+00)
10.322        	1.831834e-07	(0.000000e+00 4.607563e-05 0.000000e+00)
10.323        	1.831774e-07	(0.000000e+00 4.607563e-05 0.000000e+00)
10.324        	1.831715e-07	(0.000000e+00 4.607563e-05 0.000000e+00)
10.325        	1.831657e-07	(0.000000e+00 4.607563e-05 0.000000e+00)
10.326        	1.831604e-07	(0.000000e+00 4.607563e-05 0.000000e+00)
10.327        	1.831540e-07	(0.000000e+00 4.607563e-05 0.000000e+00)
10.328        	1.831478e-07	(0.000000e+00 4.607563e-05 0.000000e+00)
10.329        	1.831422e-07	(0.000000e+00 4.607563e-05 0.000000e+00)
10.33         	1.831362e-07	(0.000000e+00 4.607563e-05 0.000000e+00)
10.331        	1.831303e-07	(0.000000e+00 4.607563e-05 0.000000e+00)
10.332        	1.831245e-07	(0.000000e+00 4.607563e-05 0.000000e+00)
10.333        	1.831187e-07	(0.000000e+00 4.607563e-05 0.000000e+00)
10.334        	1.831128e-07	(0.000000e+00 4.607563e-05 0.000000e+00)
10.335        	1.831070e-07	(0.000000e+00 4.607563e-05 0.000000e+00)
10.336        	1.831012e-07	(0.000000e+00 4.607563e-05 0.000000e+00)
10.337        	1.830950e-07	(0.000000e+00 4.607563e-05 0.000000e+00)
10.338        	1.830891e-07	(0.000000e+00 4.607563e-05 0.000000e+00)
10.339        	1.830830e-07	(0.000000e+00 4.607563e-05 0.000000e+00)
10.34         	1.830776e-07	(0.000000e+00 4.607563e-05 0.000000e+00)
10.341        	1.830713e-07	(0.000000e+00 4.607563e-05 0.000000e+00)
10.342        	1.830654e-07	(0.000000e+00 4.607563e-05 0.000000e+00)
10.343        	1.830597e-07	(0.000000e+00 4.607563e-05 0.000000e+00)
10.344        	1.830539e-07	(0.000000e+00 4.607563e-05 0.000000e+00)
10.345        	1.830480e-07	(0.000000e+00 4.607563e-05 0.000000e+00)
10.346        	1.830421e-07	(0.000000e+00 4.607563e-05 0.000000e+00)
10.347        	1.830363e-07	(0.000000e+00 4.607563e-05 0.000000e+00)
10.348        	1.830304e-07	(0.000000e+00 4.607563e-05 0.000000e+00)
10.349        	1.830246e-07	(0.000000e+00 4.607563e-05 0.000000e+00)
10.35         	1.830187e-07	(0.000000e+00 4.607563e-05 0.000000e+00)
10.351        	1.830128e-07	(0.000000e+00 4.607563e-05 0.000000e+00)
10.352        	1.830070e-07	(0.000000e+00 4.607563e-05 0.000000e+00)
10.353        	1.830011e-07	(0.000000e+00 4.607563e-05 0.000000e+00)
10.354        	1.829953e-07	(0.000000e+00 4.607563e-05 0.000000e+00)
10.355        	1.829894e-07	(0.000000e+00 4.607563e-05 0.000000e+00)
10.356        	1.829833e-07	(0.000000e+00 4.607563e-05 0.000000e+00)
10.357        	1.829775e-07	(0.000000e+00 4.607563e-05 0.000000e+00)
10.358        	1.829719e-07	(0.000000e+00 4.607563e-05 0.000000e+00)
10.359        	1.829658e-07	(0.000000e+00 4.607563e-05 0.000000e+00)
10.36         	1.829599e-07	(0.000000e+00 4.607563e-05 0.000000e+00)
10.361        	1.829541e-07	(0.000000e+00 4.607563e-05 0.000000e+00)
10.362        	1.829485e-07	(0.000000e+00 4.607563e-05 0.000000e+00)
10.363        	1.829425e-07	(0.000000e+00 4.607563e-05 0.000000e+00)
10.364        	1.829369e-07	(0.000000e+00 4.607563e-05 0.000000e+00)
10.365        	1.829306e-07	(0.000000e+00 4.607563e-05 0.000000e+00)
10.366        	1.829247e-07	(0.000000e+00 4.607563e-05 0.000000e+00)
10.367        	1.829192e-07	(0.000000e+00 4.607563e-05 0.000000e+00)
10.368        	1.829134e-07	(0.000000e+00 4.607563e-05 0.000000e+00)
10.369        	1.829074e-07	(0.000000e+00 4.607563e-05 0.000000e+00)
10.37         	1.829015e-07	(0.000000e+00 4.607563e-05 0.000000e+00)
10.371        	1.828957e-07	(0.000000e+00 4.607563e-05 0.000000e+00)
10.372        	1.828898e-07	(0.000000e+00 4.607563e-05 0.000000e+00)
10.373        	1.828839e-07	(0.000000e+00 4.607563e-05 0.000000e+00)
10.374        	1.828780e-07	(0.000000e+00 4.607563e-05 0.000000e+00)
10.375        	1.828723e-07	(0.000000e+00 4.607563e-05 0.000000e+00)
10.376        	1.828664e-07	(0.000000e+00 4.607563e-05 0.000000e+00)
10.377        	1.828605e-07	(0.000000e+00 4.607563e-05 0.000000e+00)
10.378        	1.828547e-07	(0.000000e+00 4.607563e-05 0.000000e+00)
10.379        	1.828489e-07	(0.000000e+00 4.607563e-05 0.000000e+00)
10.38         	1.828433e-07	(0.000000e+00 4.607563e-05 0.000000e+00)
10.381        	1.828373e-07	(0.000000e+00 4.607563e-05 0.000000e+00)
10.382        	1.828313e-07	(0.000000e+00 4.607563e-05 0.000000e+00)
10.383        	1.828255e-07	(0.000000e+00 4.607563e-05 0.000000e+00)
10.384        	1.828198e-07	(0.000000e+00 4.607563e-05 0.000000e+00)
10.385        	1.828138e-07	(0.000000e+00 4.607563e-05 0.000000e+00)
10.386        	1.828079e-07	(0.000000e+00 4.607563e-05 0.000000e+00)
10.387        	1.828023e-07	(0.000000e+00 4.607563e-05 0.000000e+00)
10.388        	1.827964e-07	(0.000000e+00 4.607563e-05 0.000000e+00)
10.389        	1.827905e-07	(0.000000e+00 4.607563e-05 0.000000e+00)
10.39         	1.827847e-07	(0.000000e+00 4.607563e-05 0.000000e+00)
10.391        	1.827788e-07	(0.000000e+00 4.607563e-05 0.000000e+00)
10.392        	1.827732e-07	(0.000000e+00 4.607563e-05 0.000000e+00)
10.393        	1.827673e-07	(0.000000e+00 4.607563e-05 0.000000e+00)
10.394        	1.827611e-07	(0.000000e+00 4.607563e-05 0.000000e+00)
10.395        	1.827552e-07	(0.000000e+00 4.607563e-05 0.000000e+00)
10.396        	1.827497e-07	(0.000000e+00 4.607563e-05 0.000000e+00)
10.397        	1.827439e-07	(0.000000e+00 4.607563e-05 0.000000e+00)
10.398        	1.827382e-07	(0.000000e+00 4.607563e-05 0.000000e+00)
10.399        	1.827322e-07	(0.000000e+00 4.607563e-05 0.000000e+00)
10.4          	1.827262e-07	(0.000000e+00 4.607563e-05 0.000000e+00)
10.401        	1.827204e-07	(0.000000e+00 4.607563e-05 0.000000e+00)
10.402        	1.827146e-07	(0.000000e+00 4.607563e-05 0.000000e+00)
10.403        	1.827089e-07	(0.000000e+00 4.607563e-05 0.000000e+00)
10.404        	1.827031e-07	(0.000000e+00 4.607563e-05 0.000000e+00)
10.405        	1.826973e-07	(0.000000e+00 4.607563e-05 0.000000e+00)
10.406        	1.826915e-07	(0.000000e+00 4.607563e-05 0.000000e+00)
10.407        	1.826857e-07	(0.000000e+00 4.607563e-05 0.000000e+00)
10.408        	1.826799e-07	(0.000000e+00 4.607563e-05 0.000000e+00)
10.409        	1.826740e-07	(0.000000e+00 4.607563e-05 0.000000e+00)
10.41         	1.826683e-07	(0.000000e+00 4.607563e-05 0.000000e+00)
10.411        	1.826626e-07	(0.000000e+00 4.607563e-05 0.000000e+00)
10.412        	1.826568e-07	(0.000000e+00 4.607563e-05 0.000000e+00)
10.413        	1.826518e-07	(0.000000e+00 4.607563e-05 0.000000e+00)
10.414        	1.826459e-07	(0.000000e+00 4.607563e-05 0.000000e+00)
10.415        	1.826392e-07	(0.000000e+00 4.607563e-05 0.000000e+00)
10.416        	1.826329e-07	(0.000000e+00 4.607563e-05 0.000000e+00)
10.417        	1.826269e-07	(0.000000e+00 4.607563e-05 0.000000e+00)
10.418        	1.826212e-07	(0.000000e+00 4.607563e-05 0.000000e+00)
10.419        	1.826154e-07	(0.000000e+00 4.607563e-05 0.000000e+00)
10.42         	1.826099e-07	(0.000000e+00 4.607563e-05 0.000000e+00)
10.421        	1.826046e-07	(0.000000e+00 4.607563e-05 0.000000e+00)
10.422        	1.826000e-07	(0.000000e+00 4.607563e-05 0.000000e+00)
10.423        	1.825925e-07	(0.000000e+00 4.607563e-05 0.000000e+00)
10.424        	1.825859e-07	(0.000000e+00 4.607563e-05 0.000000e+00)
10.425        	1.825814e-07	(0.000000e+00 4.607563e-05 0.000000e+00)
10.426        	1.825754e-07	(0.000000e+00 4.607563e-05 0.000000e+00)
10.427        	1.825688e-07	(0.000000e+00 4.607563e-05 0.000000e+00)
10.428        	1.825631e-07	(0.000000e+00 4.607563e-05 0.000000e+00)
10.429        	1.825578e-07	(0.000000e+00 4.607563e-05 0.000000e+00)
10.43         	1.825524e-07	(0.000000e+00 4.607563e-05 0.000000e+00)
10.431        	1.825467e-07	(0.000000e+00 4.607563e-05 0.000000e+00)
10.432        	1.825407e-07	(0.000000e+00 4.607563e-05 0.000000e+00)
10.433        	1.825348e-07	(0.000000e+00 4.607563e-05 0.000000e+00)
10.434        	1.825290e-07	(0.000000e+00 4.607563e-05 0.000000e+00)
10.435        	1.825231e-07	(0.000000e+00 4.607563e-05 0.000000e+00)
10.436        	1.825173e-07	(0.000000e+00 4.607563e-05 0.000000e+00)
10.437        	1.825116e-07	(0.000000e+00 4.607563e-05 0.000000e+00)
10.438        	1.825059e-07	(0.000000e+00 4.607563e-05 0.000000e+00)
10.439        	1.825002e-07	(0.000000e+00 4.607563e-05 0.000000e+00)
10.44         	1.824946e-07	(0.000000e+00 4.607563e-05 0.000000e+00)
10.441        	1.824886e-07	(0.000000e+00 4.607563e-05 0.000000e+00)
10.442        	1.824826e-07	(0.000000e+00 4.607563e-05 0.000000e+00)
10.443        	1.824768e-07	(0.000000e+00 4.607563e-05 0.000000e+00)
10.444        	1.824711e-07	(0.000000e+00 4.607563e-05 0.000000e+00)
10.445        	1.824654e-07	(0.000000e+00 4.607563e-05 0.000000e+00)
10.446        	1.824598e-07	(0.000000e+00 4.607563e-05 0.000000e+00)
10.447        	1.824539e-07	(0.000000e+00 4.607563e-05 0.000000e+00)
10.448        	1.824480e-07	(0.000000e+00 4.607563e-05 0.000000e+00)
10.449        	1.824422e-07	(0.000000e+00 4.607563e-05 0.000000e+00)
10.45         	1.824365e-07	(0.000000e+00 4.607563e-05 0.000000e+00)
10.451        	1.824308e-07	(0.000000e+00 4.607563e-05 0.000000e+00)
10.452        	1.824250e-07	(0.000000e+00 4.607563e-05 0.000000e+00)
10.453        	1.824193e-07	(0.000000e+00 4.607563e-05 0.000000e+00)
10.454        	1.824137e-07	(0.000000e+00 4.607563e-05 0.000000e+00)
10.455        	1.824077e-07	(0.000000e+00 4.607563e-05 0.000000e+00)
10.456        	1.824022e-07	(0.000000e+00 4.607563e-05 0.000000e+00)
10.457        	1.823963e-07	(0.000000e+00 4.607563e-05 0.000000e+00)
10.458        	1.823904e-07	(0.000000e+00 4.607563e-05 0.000000e+00)
10.459        	1.823848e-07	(0.000000e+00 4.607563e-05 0.000000e+00)
10.46         	1.823793e-07	(0.000000e+00 4.607563e-05 0.000000e+00)
10.461        	1.823732e-07	(0.000000e+00 4.607563e-05 0.000000e+00)
10.462        	1.823673e-07	(0.000000e+00 4.607563e-05 0.000000e+00)
10.463        	1.823616e-07	(0.000000e+00 4.607563e-05 0.000000e+00)
10.464        	1.823559e-07	(0.000000e+00 4.607563e-05 0.000000e+00)
10.465        	1.823502e-07	(0.000000e+00 4.607563e-05 0.000000e+00)
10.466        	1.823446e-07	(0.000000e+00 4.607563e-05 0.000000e+00)
10.467        	1.823390e-07	(0.000000e+00 4.607563e-05 0.000000e+00)
10.468        	1.823331e-07	(0.000000e+00 4.607563e-05 0.000000e+00)
10.469        	1.823271e-07	(0.000000e+00 4.607563e-05 0.000000e+00)
10.47         	1.823214e-07	(0.000000e+00 4.607563e-05 0.000000e+00)
10.471        	1.823158e-07	(0.000000e+00 4.607563e-05 0.000000e+00)
10.472        	1.823097e-07	(0.000000e+00 4.607563e-05 0.000000e+00)
10.473        	1.823039e-07	(0.000000e+00 4.607563e-05 0.000000e+00)
10.474        	1.822985e-07	(0.000000e+00 4.607563e-05 0.000000e+00)
10.475        	1.822926e-07	(0.000000e+00 4.607563e-05 0.000000e+00)
10.476        	1.822867e-07	(0.000000e+00 4.607563e-05 0.000000e+00)
10.477        	1.822810e-07	(0.000000e+00 4.607563e-05 0.000000e+00)
10.478        	1.822753e-07	(0.000000e+00 4.607563e-05 0.000000e+00)
10.479        	1.822697e-07	(0.000000e+00 4.607563e-05 0.000000e+00)
10.48         	1.822640e-07	(0.000000e+00 4.607563e-05 0.000000e+00)
10.481        	1.822587e-07	(0.000000e+00 4.607563e-05 0.000000e+00)
10.482        	1.822524e-07	(0.000000e+00 4.607563e-05 0.000000e+00)
10.483        	1.822462e-07	(0.000000e+00 4.607563e-05 0.000000e+00)
10.484        	1.822405e-07	(0.000000e+00 4.607563e-05 0.000000e+00)
10.485        	1.822349e-07	(0.000000e+00 4.607563e-05 0.000000e+00)
10.486        	1.822294e-07	(0.000000e+00 4.607563e-05 0.000000e+00)
10.487        	1.822237e-07	(0.000000e+00 4.607563e-05 0.000000e+00)
10.488        	1.822180e-07	(0.000000e+00 4.607563e-05 0.000000e+00)
10.489        	1.822123e-07	(0.000000e+00 4.607563e-05 0.000000e+00)
10.49         	1.822065e-07	(0.000000e+00 4.607563e-05 0.000000e+00)
10.491        	1.822007e-07	(0.000000e+00 4.607563e-05 0.000000e+00)
10.492        	1.821949e-07	(0.000000e+00 4.607563e-05 0.000000e+00)
10.493        	1.821901e-07	(0.000000e+00 4.607563e-05 0.000000e+00)
10.494        	1.821835e-07	(0.000000e+00 4.607563e-05 0.000000e+00)
10.495        	1.821775e-07	(0.000000e+00 4.607563e-05 0.000000e+00)
10.496        	1.821717e-07	(0.000000e+00 4.607563e-05 0.000000e+00)
10.497        	1.821660e-07	(0.000000e+00 4.607563e-05 0.000000e+00)
10.498        	1.821605e-07	(0.000000e+00 4.607563e-05 0.000000e+00)
10.499        	1.821552e-07	(0.000000e+00 4.607563e-05 0.000000e+00)
10.5          	1.821494e-07	(0.000000e+00 4.607563e-05 0.000000e+00)
10.501        	1.821435e-07	(0.000000e+00 4.607563e-05 0.000000e+00)
10.502        	1.821380e-07	(0.000000e+00 4.607563e-05 0.000000e+00)
10.503        	1.821322e-07	(0.000000e+00 4.607563e-05 0.000000e+00)
10.504        	1.821273e-07	(0.000000e+00 4.607563e-05 0.000000e+00)
10.505        	1.821210e-07	(0.000000e+00 4.607563e-05 0.000000e+00)
10.506        	1.821142e-07	(0.000000e+00 4.607563e-05 0.000000e+00)
10.507        	1.821083e-07	(0.000000e+00 4.607563e-05 0.000000e+00)
10.508        	1.821029e-07	(0.000000e+00 4.607563e-05 0.000000e+00)
10.509        	1.820977e-07	(0.000000e+00 4.607563e-05 0.000000e+00)
10.51         	1.820921e-07	(0.000000e+00 4.607563e-05 0.000000e+00)
10.511        	1.820864e-07	(0.000000e+00 4.607563e-05 0.000000e+00)
10.512        	1.820809e-07	(0.000000e+00 4.607563e-05 0.000000e+00)
10.513        	1.820750e-07	(0.000000e+00 4.607563e-05 0.000000e+00)
10.514        	1.820690e-07	(0.000000e+00 4.607563e-05 0.000000e+00)
10.515        	1.820634e-07	(0.000000e+00 4.607563e-05 0.000000e+00)
10.516        	1.820578e-07	(0.000000e+00 4.607563e-05 0.000000e+00)
10.517        	1.820519e-07	(0.000000e+00 4.607563e-05 0.000000e+00)
10.518        	1.820463e-07	(0.000000e+00 4.607563e-05 0.000000e+00)
10.519        	1.820415e-07	(0.000000e+00 4.607563e-05 0.000000e+00)
10.52         	1.820356e-07	(0.000000e+00 4.607563e-05 0.000000e+00)
10.521        	1.820287e-07	(0.000000e+00 4.607563e-05 0.000000e+00)
10.522        	1.820238e-07	(0.000000e+00 4.607563e-05 0.000000e+00)
10.523        	1.820179e-07	(0.000000e+00 4.607563e-05 0.000000e+00)
10.524        	1.820118e-07	(0.000000e+00 4.607563e-05 0.000000e+00)
10.525        	1.820061e-07	(0.000000e+00 4.607563e-05 0.000000e+00)
10.526        	1.820007e-07	(0.000000e+00 4.607563e-05 0.000000e+00)
10.527        	1.819952e-07	(0.000000e+00 4.607563e-05 0.000000e+00)
10.528        	1.819896e-07	(0.000000e+00 4.607563e-05 0.000000e+00)
10.529        	1.819839e-07	(0.000000e+00 4.607563e-05 0.000000e+00)
10.53         	1.819784e-07	(0.000000e+00 4.607563e-05 0.000000e+00)
10.531        	1.819732e-07	(0.000000e+00 4.607563e-05 0.000000e+00)
10.532        	1.819665e-07	(0.000000e+00 4.607563e-05 0.000000e+00)
10.533        	1.819605e-07	(0.000000e+00 4.607563e-05 0.000000e+00)
10.534        	1.819550e-07	(0.000000e+00 4.607563e-05 0.000000e+00)
10.535        	1.819496e-07	(0.000000e+00 4.607563e-05 0.000000e+00)
10.536        	1.819441e-07	(0.000000e+00 4.607563e-05 0.000000e+00)
10.537        	1.819384e-07	(0.000000e+00 4.607563e-05 0.000000e+00)
10.538        	1.819327e-07	(0.000000e+00 4.607563e-05 0.000000e+00)
10.539        	1.819269e-07	(0.000000e+00 4.607563e-05 0.000000e+00)
10.54         	1.819212e-07	(0.000000e+00 4.607563e-05 0.000000e+00)
10.541        	1.819161e-07	(0.000000e+00 4.607563e-05 0.000000e+00)
10.542        	1.819100e-07	(0.000000e+00 4.607563e-05 0.000000e+00)
10.543        	1.819046e-07	(0.000000e+00 4.607563e-05 0.000000e+00)
10.544        	1.818995e-07	(0.000000e+00 4.607563e-05 0.000000e+00)
10.545        	1.818922e-07	(0.000000e+00 4.607563e-05 0.000000e+00)
10.546        	1.818861e-07	(0.000000e+00 4.607563e-05 0.000000e+00)
10.547        	1.818807e-07	(0.000000e+00 4.607563e-05 0.000000e+00)
10.548        	1.818756e-07	(0.000000e+00 4.607563e-05 0.000000e+00)
10.549        	1.818703e-07	(0.000000e+00 4.607563e-05 0.000000e+00)
10.55         	1.818647e-07	(0.000000e+00 4.607563e-05 0.000000e+00)
10.551        	1.818590e-07	(0.000000e+00 4.607563e-05 0.000000e+00)
10.552        	1.818536e-07	(0.000000e+00 4.607563e-05 0.000000e+00)
10.553        	1.818475e-07	(0.000000e+00 4.607563e-05 0.000000e+00)
10.554        	1.818415e-07	(0.000000e+00 4.607563e-05 0.000000e+00)
10.555        	1.818359e-07	(0.000000e+00 4.607563e-05 0.000000e+00)
10.556        	1.818305e-07	(0.000000e+00 4.607563e-05 0.000000e+00)
10.557        	1.818248e-07	(0.000000e+00 4.607563e-05 0.000000e+00)
10.558        	1.818191e-07	(0.000000e+00 4.607563e-05 0.000000e+00)
10.559        	1.818134e-07	(0.000000e+00 4.607563e-05 0.000000e+00)
10.56         	1.818078e-07	(0.000000e+00 4.607563e-05 0.000000e+00)
10.561        	1.818020e-07	(0.000000e+00 4.607563e-05 0.000000e+00)
10.562        	1.817964e-07	(0.000000e+00 4.607563e-05 0.000000e+00)
10.563        	1.817907e-07	(0.000000e+00 4.607563e-05 0.000000e+00)
10.564        	1.817852e-07	(0.000000e+00 4.607563e-05 0.000000e+00)
10.565        	1.817798e-07	(0.000000e+00 4.607563e-05 0.000000e+00)
10.566        	1.817742e-07	(0.000000e+00 4.607563e-05 0.000000e+00)
10.567        	1.817680e-07	(0.000000e+00 4.607563e-05 0.000000e+00)
10.568        	1.817622e-07	(0.000000e+00 4.607563e-05 0.000000e+00)
10.569        	1.817566e-07	(0.000000e+00 4.607563e-05 0.000000e+00)
10.57         	1.817517e-07	(0.000000e+00 4.607563e-05 0.000000e+00)
10.571        	1.817457e-07	(0.000000e+00 4.607563e-05 0.000000e+00)
10.572        	1.817399e-07	(0.000000e+00 4.607563e-05 0.000000e+00)
10.573        	1.817343e-07	(0.000000e+00 4.607563e-05 0.000000e+00)
10.574        	1.817287e-07	(0.000000e+00 4.607563e-05 0.000000e+00)
10.575        	1.817225e-07	(0.000000e+00 4.607563e-05 0.000000e+00)
10.576        	1.817168e-07	(0.000000e+00 4.607563e-05 0.000000e+00)
10.577        	1.817113e-07	(0.000000e+00 4.607563e-05 0.000000e+00)
10.578        	1.817059e-07	(0.000000e+00 4.607563e-05 0.000000e+00)
10.579        	1.817005e-07	(0.000000e+00 4.607563e-05 0.000000e+00)
10.58         	1.816948e-07	(0.000000e+00 4.607563e-05 0.000000e+00)
10.581        	1.816891e-07	(0.000000e+00 4.607563e-05 0.000000e+00)
10.582        	1.816834e-07	(0.000000e+00 4.607563e-05 0.000000e+00)
10.583        	1.816777e-07	(0.000000e+00 4.607563e-05 0.000000e+00)
10.584        	1.816721e-07	(0.000000e+00 4.607563e-05 0.000000e+00)
10.585        	1.816666e-07	(0.000000e+00 4.607563e-05 0.000000e+00)
10.586        	1.816608e-07	(0.000000e+00 4.607563e-05 0.000000e+00)
10.587        	1.816552e-07	(0.000000e+00 4.607563e-05 0.000000e+00)
10.588        	1.816497e-07	(0.000000e+00 4.607563e-05 0.000000e+00)
10.589        	1.816440e-07	(0.000000e+00 4.607563e-05 0.000000e+00)
10.59         	1.816383e-07	(0.000000e+00 4.607563e-05 0.000000e+00)
10.591        	1.816326e-07	(0.000000e+00 4.607563e-05 0.000000e+00)
10.592        	1.816272e-07	(0.000000e+00 4.607563e-05 0.000000e+00)
10.593        	1.816215e-07	(0.000000e+00 4.607563e-05 0.000000e+00)
10.594        	1.816160e-07	(0.000000e+00 4.607563e-05 0.000000e+00)
10.595        	1.816103e-07	(0.000000e+00 4.607563e-05 0.000000e+00)
10.596        	1.816049e-07	(0.000000e+00 4.607563e-05 0.000000e+00)
10.597        	1.815991e-07	(0.000000e+00 4.607563e-05 0.000000e+00)
10.598        	1.815937e-07	(0.000000e+00 4.607563e-05 0.000000e+00)
10.599        	1.815879e-07	(0.000000e+00 4.607563e-05 0.000000e+00)
10.6          	1.815825e-07	(0.000000e+00 4.607563e-05 0.000000e+00)
10.601        	1.815766e-07	(0.000000e+00 4.607563e-05 0.000000e+00)
10.602        	1.815712e-07	(0.000000e+00 4.607563e-05 0.000000e+00)
10.603        	1.815656e-07	(0.000000e+00 4.607563e-05 0.000000e+00)
10.604        	1.815602e-07	(0.000000e+00 4.607563e-05 0.000000e+00)
10.605        	1.815543e-07	(0.000000e+00 4.607563e-05 0.000000e+00)
10.606        	1.815489e-07	(0.000000e+00 4.607563e-05 0.000000e+00)
10.607        	1.815430e-07	(0.000000e+00 4.607563e-05 0.000000e+00)
10.608        	1.815377e-07	(0.000000e+00 4.607563e-05 0.000000e+00)
10.609        	1.815316e-07	(0.000000e+00 4.607563e-05 0.000000e+00)
10.61         	1.815261e-07	(0.000000e+00 4.607563e-05 0.000000e+00)
10.611        	1.815207e-07	(0.000000e+00 4.607563e-05 0.000000e+00)
10.612        	1.815157e-07	(0.000000e+00 4.607563e-05 0.000000e+00)
10.613        	1.815103e-07	(0.000000e+00 4.607563e-05 0.000000e+00)
10.614        	1.815033e-07	(0.000000e+00 4.607563e-05 0.000000e+00)
10.615        	1.814969e-07	(0.000000e+00 4.607563e-05 0.000000e+00)
10.616        	1.814917e-07	(0.000000e+00 4.607563e-05 0.000000e+00)
10.617        	1.814859e-07	(0.000000e+00 4.607563e-05 0.000000e+00)
10.618        	1.814805e-07	(0.000000e+00 4.607563e-05 0.000000e+00)
10.619        	1.814751e-07	(0.000000e+00 4.607563e-05 0.000000e+00)
10.62         	1.814697e-07	(0.000000e+00 4.607563e-05 0.000000e+00)
10.621        	1.814639e-07	(0.000000e+00 4.607563e-05 0.000000e+00)
10.622        	1.814586e-07	(0.000000e+00 4.607563e-05 0.000000e+00)
10.623        	1.814528e-07	(0.000000e+00 4.607563e-05 0.000000e+00)
10.624        	1.814476e-07	(0.000000e+00 4.607563e-05 0.000000e+00)
10.625        	1.814417e-07	(0.000000e+00 4.607563e-05 0.000000e+00)
10.626        	1.814363e-07	(0.000000e+00 4.607563e-05 0.000000e+00)
10.627        	1.814303e-07	(0.000000e+00 4.607563e-05 0.000000e+00)
10.628        	1.814250e-07	(0.000000e+00 4.607563e-05 0.000000e+00)
10.629        	1.814190e-07	(0.000000e+00 4.607563e-05 0.000000e+00)
10.63         	1.814137e-07	(0.000000e+00 4.607563e-05 0.000000e+00)
10.631        	1.814078e-07	(0.000000e+00 4.607563e-05 0.000000e+00)
10.632        	1.814028e-07	(0.000000e+00 4.607563e-05 0.000000e+00)
10.633        	1.813971e-07	(0.000000e+00 4.607563e-05 0.000000e+00)
10.634        	1.813914e-07	(0.000000e+00 4.607563e-05 0.000000e+00)
10.635        	1.813852e-07	(0.000000e+00 4.607563e-05 0.000000e+00)
10.636        	1.813798e-07	(0.000000e+00 4.607563e-05 0.000000e+00)
10.637        	1.813738e-07	(0.000000e+00 4.607563e-05 0.000000e+00)
10.638        	1.813686e-07	(0.000000e+00 4.607563e-05 0.000000e+00)
10.639        	1.813627e-07	(0.000000e+00 4.607563e-05 0.000000e+00)
10.64         	1.813575e-07	(0.000000e+00 4.607563e-05 0.000000e+00)
10.641        	1.813517e-07	(0.000000e+00 4.607563e-05 0.000000e+00)
10.642        	1.813464e-07	(0.000000e+00 4.607563e-05 0.000000e+00)
10.643        	1.813405e-07	(0.000000e+00 4.607563e-05 0.000000e+00)
10.644        	1.813351e-07	(0.000000e+00 4.607563e-05 0.000000e+00)
10.645        	1.813292e-07	(0.000000e+00 4.607563e-05 0.000000e+00)
10.646        	1.813238e-07	(0.000000e+00 4.607563e-05 0.000000e+00)
10.647        	1.813179e-07	(0.000000e+00 4.607563e-05 0.000000e+00)
10.648        	1.813127e-07	(0.000000e+00 4.607563e-05 0.000000e+00)
10.649        	1.813069e-07	(0.000000e+00 4.607563e-05 0.000000e+00)
10.65         	1.813014e-07	(0.000000e+00 4.607563e-05 0.000000e+00)
10.651        	1.812954e-07	(0.000000e+00 4.607563e-05 0.000000e+00)
10.652        	1.812900e-07	(0.000000e+00 4.607563e-05 0.000000e+00)
10.653        	1.812846e-07	(0.000000e+00 4.607563e-05 0.000000e+00)
10.654        	1.812795e-07	(0.000000e+00 4.607563e-05 0.000000e+00)
10.655        	1.812732e-07	(0.000000e+00 4.607563e-05 0.000000e+00)
10.656        	1.812676e-07	(0.000000e+00 4.607563e-05 0.000000e+00)
10.657        	1.812617e-07	(0.000000e+00 4.607563e-05 0.000000e+00)
10.658        	1.812564e-07	(0.000000e+00 4.607563e-05 0.000000e+00)
10.659        	1.812508e-07	(0.000000e+00 4.607563e-05 0.000000e+00)
10.66         	1.812456e-07	(0.000000e+00 4.607563e-05 0.000000e+00)
10.661        	1.812402e-07	(0.000000e+00 4.607563e-05 0.000000e+00)
10.662        	1.812347e-07	(0.000000e+00 4.607563e-05 0.000000e+00)
10.663        	1.812287e-07	(0.000000e+00 4.607563e-05 0.000000e+00)
10.664        	1.812232e-07	(0.000000e+00 4.607563e-05 0.000000e+00)
10.665        	1.812174e-07	(0.000000e+00 4.607563e-05 0.000000e+00)
10.666        	1.812124e-07	(0.000000e+00 4.607563e-05 0.000000e+00)
10.667        	1.812065e-07	(0.000000e+00 4.607563e-05 0.000000e+00)
10.668        	1.812009e-07	(0.000000e+00 4.607563e-05 0.000000e+00)
10.669        	1.811952e-07	(0.000000e+00 4.607563e-05 0.000000e+00)
10.67         	1.811898e-07	(0.000000e+00 4.607563e-05 0.000000e+00)
10.671        	1.811843e-07	(0.000000e+00 4.607563e-05 0.000000e+00)
10.672        	1.811791e-07	(0.000000e+00 4.607563e-05 0.000000e+00)
10.673        	1.811738e-07	(0.000000e+00 4.607563e-05 0.000000e+00)
10.674        	1.811678e-07	(0.000000e+00 4.607563e-05 0.000000e+00)
10.675        	1.811618e-07	(0.000000e+00 4.607563e-05 0.000000e+00)
10.676        	1.811564e-07	(0.000000e+00 4.607563e-05 0.000000e+00)
10.677        	1.811509e-07	(0.000000e+00 4.607563e-05 0.000000e+00)
10.678        	1.811459e-07	(0.000000e+00 4.607563e-05 0.000000e+00)
10.679        	1.811400e-07	(0.000000e+00 4.607563e-05 0.000000e+00)
10.68         	1.811341e-07	(0.000000e+00 4.607563e-05 0.000000e+00)
10.681        	1.811286e-07	(0.000000e+00 4.607563e-05 0.000000e+00)
10.682        	1.811235e-07	(0.000000e+00 4.607563e-05 0.000000e+00)
10.683        	1.811177e-07	(0.000000e+00 4.607563e-05 0.000000e+00)
10.684        	1.811123e-07	(0.000000e+00 4.607563e-05 0.000000e+00)
10.685        	1.811066e-07	(0.000000e+00 4.607563e-05 0.000000e+00)
10.686        	1.811012e-07	(0.000000e+00 4.607563e-05 0.000000e+00)
10.687        	1.810957e-07	(0.000000e+00 4.607563e-05 0.000000e+00)
10.688        	1.810900e-07	(0.000000e+00 4.607563e-05 0.000000e+00)
10.689        	1.810845e-07	(0.000000e+00 4.607563e-05 0.000000e+00)
10.69         	1.810790e-07	(0.000000e+00 4.607563e-05 0.000000e+00)
10.691        	1.810735e-07	(0.000000e+00 4.607563e-05 0.000000e+00)
10.692        	1.810680e-07	(0.000000e+00 4.607563e-05 0.000000e+00)
10.693        	1.810624e-07	(0.000000e+00 4.607563e-05 0.000000e+00)
10.694        	1.810569e-07	(0.000000e+00 4.607563e-05 0.000000e+00)
10.695        	1.810514e-07	(0.000000e+00 4.607563e-05 0.000000e+00)
10.696        	1.810459e-07	(0.000000e+00 4.607563e-05 0.000000e+00)
10.697        	1.810403e-07	(0.000000e+00 4.607563e-05 0.000000e+00)
10.698        	1.810347e-07	(0.000000e+00 4.607563e-05 0.000000e+00)
10.699        	1.810292e-07	(0.000000e+00 4.607563e-05 0.000000e+00)
10.7          	1.810237e-07	(0.000000e+00 4.607563e-05 0.000000e+00)
10.701        	1.810182e-07	(0.000000e+00 4.607563e-05 0.000000e+00)
10.702        	1.810128e-07	(0.000000e+00 4.607563e-05 0.000000e+00)
10.703        	1.810071e-07	(0.000000e+00 4.607563e-05 0.000000e+00)
10.704        	1.810021e-07	(0.000000e+00 4.607563e-05 0.000000e+00)
10.705        	1.809961e-07	(0.000000e+00 4.607563e-05 0.000000e+00)
10.706        	1.809912e-07	(0.000000e+00 4.607563e-05 0.000000e+00)
10.707        	1.809844e-07	(0.000000e+00 4.607563e-05 0.000000e+00)
10.708        	1.809785e-07	(0.000000e+00 4.607563e-05 0.000000e+00)
10.709        	1.809733e-07	(0.000000e+00 4.607563e-05 0.000000e+00)
10.71         	1.809682e-07	(0.000000e+00 4.607563e-05 0.000000e+00)
10.711        	1.809639e-07	(0.000000e+00 4.607563e-05 0.000000e+00)
10.712        	1.809582e-07	(0.000000e+00 4.607563e-05 0.000000e+00)
10.713        	1.809516e-07	(0.000000e+00 4.607563e-05 0.000000e+00)
10.714        	1.809454e-07	(0.000000e+00 4.607563e-05 0.000000e+00)
10.715        	1.809399e-07	(0.000000e+00 4.607563e-05 0.000000e+00)
10.716        	1.809348e-07	(0.000000e+00 4.607563e-05 0.000000e+00)
10.717        	1.809298e-07	(0.000000e+00 4.607563e-05 0.000000e+00)
10.718        	1.809245e-07	(0.000000e+00 4.607563e-05 0.000000e+00)
10.719        	1.809188e-07	(0.000000e+00 4.607563e-05 0.000000e+00)
10.72         	1.809132e-07	(0.000000e+00 4.607563e-05 0.000000e+00)
10.721        	1.809076e-07	(0.000000e+00 4.607563e-05 0.000000e+00)
10.722        	1.809021e-07	(0.000000e+00 4.607563e-05 0.000000e+00)
10.723        	1.808966e-07	(0.000000e+00 4.607563e-05 0.000000e+00)
10.724        	1.808911e-07	(0.000000e+00 4.607563e-05 0.000000e+00)
10.725        	1.808857e-07	(0.000000e+00 4.607563e-05 0.000000e+00)
10.726        	1.808801e-07	(0.000000e+00 4.607563e-05 0.000000e+00)
10.727        	1.808744e-07	(0.000000e+00 4.607563e-05 0.000000e+00)
10.728        	1.808688e-07	(0.000000e+00 4.607563e-05 0.000000e+00)
10.729        	1.808634e-07	(0.000000e+00 4.607563e-05 0.000000e+00)
10.73         	1.808581e-07	(0.000000e+00 4.607563e-05 0.000000e+00)
10.731        	1.808526e-07	(0.000000e+00 4.607563e-05 0.000000e+00)
10.732        	1.808470e-07	(0.000000e+00 4.607563e-05 0.000000e+00)
10.733        	1.808415e-07	(0.000000e+00 4.607563e-05 0.000000e+00)
10.734        	1.808360e-07	(0.000000e+00 4.607563e-05 0.000000e+00)
10.735        	1.808305e-07	(0.000000e+00 4.607563e-05 0.000000e+00)
10.736        	1.808250e-07	(0.000000e+00 4.607563e-05 0.000000e+00)
10.737        	1.808198e-07	(0.000000e+00 4.607563e-05 0.000000e+00)
10.738        	1.808141e-07	(0.000000e+00 4.607563e-05 0.000000e+00)
10.739        	1.808086e-07	(0.000000e+00 4.607563e-05 0.000000e+00)
10.74         	1.808033e-07	(0.000000e+00 4.607563e-05 0.000000e+00)
10.741        	1.807983e-07	(0.000000e+00 4.607563e-05 0.000000e+00)
10.742        	1.807919e-07	(0.000000e+00 4.607563e-05 0.000000e+00)
10.743        	1.807861e-07	(0.000000e+00 4.607563e-05 0.000000e+00)
10.744        	1.807813e-07	(0.000000e+00 4.607563e-05 0.000000e+00)
10.745        	1.807759e-07	(0.000000e+00 4.607563e-05 0.000000e+00)
10.746        	1.807698e-07	(0.000000e+00 4.607563e-05 0.000000e+00)
10.747        	1.807642e-07	(0.000000e+00 4.607563e-05 0.000000e+00)
10.748        	1.807589e-07	(0.000000e+00 4.607563e-05 0.000000e+00)
10.749        	1.807539e-07	(0.000000e+00 4.607563e-05 0.000000e+00)
10.75         	1.807480e-07	(0.000000e+00 4.607563e-05 0.000000e+00)
10.751        	1.807423e-07	(0.000000e+00 4.607563e-05 0.000000e+00)
10.752        	1.807369e-07	(0.000000e+00 4.607563e-05 0.000000e+00)
10.753        	1.807316e-07	(0.000000e+00 4.607563e-05 0.000000e+00)
10.754        	1.807262e-07	(0.000000e+00 4.607563e-05 0.000000e+00)
10.755        	1.807212e-07	(0.000000e+00 4.607563e-05 0.000000e+00)
10.756        	1.807154e-07	(0.000000e+00 4.607563e-05 0.000000e+00)
10.757        	1.807094e-07	(0.000000e+00 4.607563e-05 0.000000e+00)
10.758        	1.807040e-07	(0.000000e+00 4.607563e-05 0.000000e+00)
10.759        	1.806985e-07	(0.000000e+00 4.607563e-05 0.000000e+00)
10.76         	1.806931e-07	(0.000000e+00 4.607563e-05 0.000000e+00)
10.761        	1.806877e-07	(0.000000e+00 4.607563e-05 0.000000e+00)
10.762        	1.806822e-07	(0.000000e+00 4.607563e-05 0.000000e+00)
10.763        	1.806770e-07	(0.000000e+00 4.607563e-05 0.000000e+00)
10.764        	1.806713e-07	(0.000000e+00 4.607563e-05 0.000000e+00)
10.765        	1.806658e-07	(0.000000e+00 4.607563e-05 0.000000e+00)
10.766        	1.806605e-07	(0.000000e+00 4.607563e-05 0.000000e+00)
10.767        	1.806551e-07	(0.000000e+00 4.607563e-05 0.000000e+00)
10.768        	1.806498e-07	(0.000000e+00 4.607563e-05 0.000000e+00)
10.769        	1.806442e-07	(0.000000e+00 4.607563e-05 0.000000e+00)
10.77         	1.806384e-07	(0.000000e+00 4.607563e-05 0.000000e+00)
10.771        	1.806326e-07	(0.000000e+00 4.607563e-05 0.000000e+00)
10.772        	1.806272e-07	(0.000000e+00 4.607563e-05 0.000000e+00)
10.773        	1.806219e-07	(0.000000e+00 4.607563e-05 0.000000e+00)
10.774        	1.806166e-07	(0.000000e+00 4.607563e-05 0.000000e+00)
10.775        	1.806112e-07	(0.000000e+00 4.607563e-05 0.000000e+00)
10.776        	1.806058e-07	(0.000000e+00 4.607563e-05 0.000000e+00)
10.777        	1.806003e-07	(0.000000e+00 4.607563e-05 0.000000e+00)
10.778        	1.805947e-07	(0.000000e+00 4.607563e-05 0.000000e+00)
10.779        	1.805892e-07	(0.000000e+00 4.607563e-05 0.000000e+00)
10.78         	1.805837e-07	(0.000000e+00 4.607563e-05 0.000000e+00)
10.781        	1.805783e-07	(0.000000e+00 4.607563e-05 0.000000e+00)
10.782        	1.805729e-07	(0.000000e+00 4.607563e-05 0.000000e+00)
10.783        	1.805674e-07	(0.000000e+00 4.607563e-05 0.000000e+00)
10.784        	1.805622e-07	(0.000000e+00 4.607563e-05 0.000000e+00)
10.785        	1.805569e-07	(0.000000e+00 4.607563e-05 0.000000e+00)
10.786        	1.805513e-07	(0.000000e+00 4.607563e-05 0.000000e+00)
10.787        	1.805452e-07	(0.000000e+00 4.607563e-05 0.000000e+00)
10.788        	1.805396e-07	(0.000000e+00 4.607563e-05 0.000000e+00)
10.789        	1.805344e-07	(0.000000e+00 4.607563e-05 0.000000e+00)
10.79         	1.805292e-07	(0.000000e+00 4.607563e-05 0.000000e+00)
10.791        	1.805239e-07	(0.000000e+00 4.607563e-05 0.000000e+00)
10.792        	1.805185e-07	(0.000000e+00 4.607563e-05 0.000000e+00)
10.793        	1.805130e-07	(0.000000e+00 4.607563e-05 0.000000e+00)
10.794        	1.805074e-07	(0.000000e+00 4.607563e-05 0.000000e+00)
10.795        	1.805022e-07	(0.000000e+00 4.607563e-05 0.000000e+00)
10.796        	1.804965e-07	(0.000000e+00 4.607563e-05 0.000000e+00)
10.797        	1.804908e-07	(0.000000e+00 4.607563e-05 0.000000e+00)
10.798        	1.804854e-07	(0.000000e+00 4.607563e-05 0.000000e+00)
10.799        	1.804800e-07	(0.000000e+00 4.607563e-05 0.000000e+00)
10.8          	1.804749e-07	(0.000000e+00 4.607563e-05 0.000000e+00)
10.801        	1.804696e-07	(0.000000e+00 4.607563e-05 0.000000e+00)
10.802        	1.804642e-07	(0.000000e+00 4.607563e-05 0.000000e+00)
10.803        	1.804586e-07	(0.000000e+00 4.607563e-05 0.000000e+00)
10.804        	1.804527e-07	(0.000000e+00 4.607563e-05 0.000000e+00)
10.805        	1.804476e-07	(0.000000e+00 4.607563e-05 0.000000e+00)
10.806        	1.804419e-07	(0.000000e+00 4.607563e-05 0.000000e+00)
10.807        	1.804364e-07	(0.000000e+00 4.607563e-05 0.000000e+00)
10.808        	1.804312e-07	(0.000000e+00 4.607563e-05 0.000000e+00)
10.809        	1.804261e-07	(0.000000e+00 4.607563e-05 0.000000e+00)
10.81         	1.804205e-07	(0.000000e+00 4.607563e-05 0.000000e+00)
10.811        	1.804148e-07	(0.000000e+00 4.607563e-05 0.000000e+00)
10.812        	1.804097e-07	(0.000000e+00 4.607563e-05 0.000000e+00)
10.813        	1.804041e-07	(0.000000e+00 4.607563e-05 0.000000e+00)
10.814        	1.803985e-07	(0.000000e+00 4.607563e-05 0.000000e+00)
10.815        	1.803931e-07	(0.000000e+00 4.607563e-05 0.000000e+00)
10.816        	1.803878e-07	(0.000000e+00 4.607563e-05 0.000000e+00)
10.817        	1.803825e-07	(0.000000e+00 4.607563e-05 0.000000e+00)
10.818        	1.803772e-07	(0.000000e+00 4.607563e-05 0.000000e+00)
10.819        	1.803715e-07	(0.000000e+00 4.607563e-05 0.000000e+00)
10.82         	1.803660e-07	(0.000000e+00 4.607563e-05 0.000000e+00)
10.821        	1.803605e-07	(0.000000e+00 4.607563e-05 0.000000e+00)
10.822        	1.803552e-07	(0.000000e+00 4.607563e-05 0.000000e+00)
10.823        	1.803498e-07	(0.000000e+00 4.607563e-05 0.000000e+00)
10.824        	1.803444e-07	(0.000000e+00 4.607563e-05 0.000000e+00)
10.825        	1.803389e-07	(0.000000e+00 4.607563e-05 0.000000e+00)
10.826        	1.803334e-07	(0.000000e+00 4.607563e-05 0.000000e+00)
10.827        	1.803280e-07	(0.000000e+00 4.607563e-05 0.000000e+00)
10.828        	1.803227e-07	(0.000000e+00 4.607563e-05 0.000000e+00)
10.829        	1.803179e-07	(0.000000e+00 4.607563e-05 0.000000e+00)
10.83         	1.803121e-07	(0.000000e+00 4.607563e-05 0.000000e+00)
10.831        	1.803060e-07	(0.000000e+00 4.607563e-05 0.000000e+00)
10.832        	1.803005e-07	(0.000000e+00 4.607563e-05 0.000000e+00)
10.833        	1.802955e-07	(0.000000e+00 4.607563e-05 0.000000e+00)
10.834        	1.802903e-07	(0.000000e+00 4.607563e-05 0.000000e+00)
10.835        	1.802848e-07	(0.000000e+00 4.607563e-05 0.000000e+00)
10.836        	1.802793e-07	(0.000000e+00 4.607563e-05 0.000000e+00)
10.837        	1.802740e-07	(0.000000e+00 4.607563e-05 0.000000e+00)
10.838        	1.802685e-07	(0.000000e+00 4.607563e-05 0.000000e+00)
10.839        	1.802630e-07	(0.000000e+00 4.607563e-05 0.000000e+00)
10.84         	1.802577e-07	(0.000000e+00 4.607563e-05 0.000000e+00)
10.841        	1.802522e-07	(0.000000e+00 4.607563e-05 0.000000e+00)
10.842        	1.802468e-07	(0.000000e+00 4.607563e-05 0.000000e+00)
10.843        	1.802415e-07	(0.000000e+00 4.607563e-05 0.000000e+00)
10.844        	1.802361e-07	(0.000000e+00 4.607563e-05 0.000000e+00)
10.845        	1.802308e-07	(0.000000e+00 4.607563e-05 0.000000e+00)
10.846        	1.802252e-07	(0.000000e+00 4.607563e-05 0.000000e+00)
10.847        	1.802197e-07	(0.000000e+00 4.607563e-05 0.000000e+00)
10.848        	1.802144e-07	(0.000000e+00 4.607563e-05 0.000000e+00)
10.849        	1.802092e-07	(0.000000e+00 4.607563e-05 0.000000e+00)
10.85         	1.802038e-07	(0.000000e+00 4.607563e-05 0.000000e+00)
10.851        	1.801983e-07	(0.000000e+00 4.607563e-05 0.000000e+00)
10.852        	1.801930e-07	(0.000000e+00 4.607563e-05 0.000000e+00)
10.853        	1.801871e-07	(0.000000e+00 4.607563e-05 0.000000e+00)
10.854        	1.801817e-07	(0.000000e+00 4.607563e-05 0.000000e+00)
10.855        	1.801764e-07	(0.000000e+00 4.607563e-05 0.000000e+00)
10.856        	1.801712e-07	(0.000000e+00 4.607563e-05 0.000000e+00)
10.857        	1.801659e-07	(0.000000e+00 4.607563e-05 0.000000e+00)
10.858        	1.801605e-07	(0.000000e+00 4.607563e-05 0.000000e+00)
10.859        	1.801552e-07	(0.000000e+00 4.607563e-05 0.000000e+00)
10.86         	1.801497e-07	(0.000000e+00 4.607563e-05 0.000000e+00)
10.861        	1.801444e-07	(0.000000e+00 4.607563e-05 0.000000e+00)
10.862        	1.801388e-07	(0.000000e+00 4.607563e-05 0.000000e+00)
10.863        	1.801333e-07	(0.000000e+00 4.607563e-05 0.000000e+00)
10.864        	1.801279e-07	(0.000000e+00 4.607563e-05 0.000000e+00)
10.865        	1.801226e-07	(0.000000e+00 4.607563e-05 0.000000e+00)
10.866        	1.801173e-07	(0.000000e+00 4.607563e-05 0.000000e+00)
10.867        	1.801119e-07	(0.000000e+00 4.607563e-05 0.000000e+00)
10.868        	1.801065e-07	(0.000000e+00 4.607563e-05 0.000000e+00)
10.869        	1.801011e-07	(0.000000e+00 4.607563e-05 0.000000e+00)
10.87         	1.800959e-07	(0.000000e+00 4.607563e-05 0.000000e+00)
10.871        	1.800904e-07	(0.000000e+00 4.607563e-05 0.000000e+00)
10.872        	1.800849e-07	(0.000000e+00 4.607563e-05 0.000000e+00)
10.873        	1.800795e-07	(0.000000e+00 4.607563e-05 0.000000e+00)
10.874        	1.800744e-07	(0.000000e+00 4.607563e-05 0.000000e+00)
10.875        	1.800688e-07	(0.000000e+00 4.607563e-05 0.000000e+00)
10.876        	1.800633e-07	(0.000000e+00 4.607563e-05 0.000000e+00)
10.877        	1.800581e-07	(0.000000e+00 4.607563e-05 0.000000e+00)
10.878        	1.800527e-07	(0.000000e+00 4.607563e-05 0.000000e+00)
10.879        	1.800473e-07	(0.000000e+00 4.607563e-05 0.000000e+00)
10.88         	1.800419e-07	(0.000000e+00 4.607563e-05 0.000000e+00)
10.881        	1.800366e-07	(0.000000e+00 4.607563e-05 0.000000e+00)
10.882        	1.800312e-07	(0.000000e+00 4.607563e-05 0.000000e+00)
10.883        	1.800261e-07	(0.000000e+00 4.607563e-05 0.000000e+00)
10.884        	1.800205e-07	(0.000000e+00 4.607563e-05 0.000000e+00)
10.885        	1.800149e-07	(0.000000e+00 4.607563e-05 0.000000e+00)
10.886        	1.800096e-07	(0.000000e+00 4.607563e-05 0.000000e+00)
10.887        	1.800043e-07	(0.000000e+00 4.607563e-05 0.000000e+00)
10.888        	1.799992e-07	(0.000000e+00 4.607563e-05 0.000000e+00)
10.889        	1.799937e-07	(0.000000e+00 4.607563e-05 0.000000e+00)
10.89         	1.799883e-07	(0.000000e+00 4.607563e-05 0.000000e+00)
10.891        	1.799829e-07	(0.000000e+00 4.607563e-05 0.000000e+00)
10.892        	1.799775e-07	(0.000000e+00 4.607563e-05 0.000000e+00)
10.893        	1.799721e-07	(0.000000e+00 4.607563e-05 0.000000e+00)
10.894        	1.799669e-07	(0.000000e+00 4.607563e-05 0.000000e+00)
10.895        	1.799614e-07	(0.000000e+00 4.607563e-05 0.000000e+00)
10.896        	1.799560e-07	(0.000000e+00 4.607563e-05 0.000000e+00)
10.897        	1.799508e-07	(0.000000e+00 4.607563e-05 0.000000e+00)
10.898        	1.799456e-07	(0.000000e+00 4.607563e-05 0.000000e+00)
10.899        	1.799401e-07	(0.000000e+00 4.607563e-05 0.000000e+00)
10.9          	1.799357e-07	(0.000000e+00 4.607563e-05 0.000000e+00)
10.901        	1.799287e-07	(0.000000e+00 4.607563e-05 0.000000e+00)
10.902        	1.799247e-07	(0.000000e+00 4.607563e-05 0.000000e+00)
10.903        	1.799179e-07	(0.000000e+00 4.607563e-05 0.000000e+00)
10.904        	1.799120e-07	(0.000000e+00 4.607563e-05 0.000000e+00)
10.905        	1.799069e-07	(0.000000e+00 4.607563e-05 0.000000e+00)
10.906        	1.799023e-07	(0.000000e+00 4.607563e-05 0.000000e+00)
10.907        	1.798974e-07	(0.000000e+00 4.607563e-05 0.000000e+00)
10.908        	1.798922e-07	(0.000000e+00 4.607563e-05 0.000000e+00)
10.909        	1.798867e-07	(0.000000e+00 4.607563e-05 0.000000e+00)
10.91         	1.798812e-07	(0.000000e+00 4.607563e-05 0.000000e+00)
10.911        	1.798757e-07	(0.000000e+00 4.607563e-05 0.000000e+00)
10.912        	1.798704e-07	(0.000000e+00 4.607563e-05 0.000000e+00)
10.913        	1.798650e-07	(0.000000e+00 4.607563e-05 0.000000e+00)
10.914        	1.798598e-07	(0.000000e+00 4.607563e-05 0.000000e+00)
10.915        	1.798544e-07	(0.000000e+00 4.607563e-05 0.000000e+00)
10.916        	1.798491e-07	(0.000000e+00 4.607563e-05 0.000000e+00)
10.917        	1.798437e-07	(0.000000e+00 4.607563e-05 0.000000e+00)
10.918        	1.798384e-07	(0.000000e+00 4.607563e-05 0.000000e+00)
10.919        	1.798330e-07	(0.000000e+00 4.607563e-05 0.000000e+00)
10.92         	1.798277e-07	(0.000000e+00 4.607563e-05 0.000000e+00)
10.921        	1.798223e-07	(0.000000e+00 4.607563e-05 0.000000e+00)
10.922        	1.798170e-07	(0.000000e+00 4.607563e-05 0.000000e+00)
10.923        	1.798116e-07	(0.000000e+00 4.607563e-05 0.000000e+00)
10.924        	1.798063e-07	(0.000000e+00 4.607563e-05 0.000000e+00)
10.925        	1.798010e-07	(0.000000e+00 4.607563e-05 0.000000e+00)
10.926        	1.797958e-07	(0.000000e+00 4.607563e-05 0.000000e+00)
10.927        	1.797903e-07	(0.000000e+00 4.607563e-05 0.000000e+00)
10.928        	1.797849e-07	(0.000000e+00 4.607563e-05 0.000000e+00)
10.929        	1.797796e-07	(0.000000e+00 4.607563e-05 0.000000e+00)
10.93         	1.797743e-07	(0.000000e+00 4.607563e-05 0.000000e+00)
10.931        	1.797689e-07	(0.000000e+00 4.607563e-05 0.000000e+00)
10.932        	1.797636e-07	(0.000000e+00 4.607563e-05 0.000000e+00)
10.933        	1.797582e-07	(0.000000e+00 4.607563e-05 0.000000e+00)
10.934        	1.797530e-07	(0.000000e+00 4.607563e-05 0.000000e+00)
10.935        	1.797476e-07	(0.000000e+00 4.607563e-05 0.000000e+00)
10.936        	1.797425e-07	(0.000000e+00 4.607563e-05 0.000000e+00)
10.937        	1.797371e-07	(0.000000e+00 4.607563e-05 0.000000e+00)
10.938        	1.797317e-07	(0.000000e+00 4.607563e-05 0.000000e+00)
10.939        	1.797263e-07	(0.000000e+00 4.607563e-05 0.000000e+00)
10.94         	1.797212e-07	(0.000000e+00 4.607563e-05 0.000000e+00)
10.941        	1.797156e-07	(0.000000e+00 4.607563e-05 0.000000e+00)
10.942        	1.797103e-07	(0.000000e+00 4.607563e-05 0.000000e+00)
10.943        	1.797050e-07	(0.000000e+00 4.607563e-05 0.000000e+00)
10.944        	1.796997e-07	(0.000000e+00 4.607563e-05 0.000000e+00)
10.945        	1.796944e-07	(0.000000e+00 4.607563e-05 0.000000e+00)
10.946        	1.796891e-07	(0.000000e+00 4.607563e-05 0.000000e+00)
10.947        	1.796838e-07	(0.000000e+00 4.607563e-05 0.000000e+00)
10.948        	1.796785e-07	(0.000000e+00 4.607563e-05 0.000000e+00)
10.949        	1.796732e-07	(0.000000e+00 4.607563e-05 0.000000e+00)
10.95         	1.796679e-07	(0.000000e+00 4.607563e-05 0.000000e+00)
10.951        	1.796625e-07	(0.000000e+00 4.607563e-05 0.000000e+00)
10.952        	1.796573e-07	(0.000000e+00 4.607563e-05 0.000000e+00)
10.953        	1.796518e-07	(0.000000e+00 4.607563e-05 0.000000e+00)
10.954        	1.796466e-07	(0.000000e+00 4.607563e-05 0.000000e+00)
10.955        	1.796412e-07	(0.000000e+00 4.607563e-05 0.000000e+00)
10.956        	1.796359e-07	(0.000000e+00 4.607563e-05 0.000000e+00)
10.957        	1.796306e-07	(0.000000e+00 4.607563e-05 0.000000e+00)
10.958        	1.796254e-07	(0.000000e+00 4.607563e-05 0.000000e+00)
10.959        	1.796202e-07	(0.000000e+00 4.607563e-05 0.000000e+00)
10.96         	1.796147e-07	(0.000000e+00 4.607563e-05 0.000000e+00)
10.961        	1.796093e-07	(0.000000e+00 4.607563e-05 0.000000e+00)
10.962        	1.796041e-07	(0.000000e+00 4.607563e-05 0.000000e+00)
10.963        	1.795988e-07	(0.000000e+00 4.607563e-05 0.000000e+00)
10.964        	1.795935e-07	(0.000000e+00 4.607563e-05 0.000000e+00)
10.965        	1.795883e-07	(0.000000e+00 4.607563e-05 0.000000e+00)
10.966        	1.795830e-07	(0.000000e+00 4.607563e-05 0.000000e+00)
10.967        	1.795776e-07	(0.000000e+00 4.607563e-05 0.000000e+00)
10.968        	1.795723e-07	(0.000000e+00 4.607563e-05 0.000000e+00)
10.969        	1.795670e-07	(0.000000e+00 4.607563e-05 0.000000e+00)
10.97         	1.795617e-07	(0.000000e+00 4.607563e-05 0.000000e+00)
10.971        	1.795564e-07	(0.000000e+00 4.607563e-05 0.000000e+00)
10.972        	1.795512e-07	(0.000000e+00 4.607563e-05 0.000000e+00)
10.973        	1.795459e-07	(0.000000e+00 4.607563e-05 0.000000e+00)
10.974        	1.795409e-07	(0.000000e+00 4.607563e-05 0.000000e+00)
10.975        	1.795356e-07	(0.000000e+00 4.607563e-05 0.000000e+00)
10.976        	1.795300e-07	(0.000000e+00 4.607563e-05 0.000000e+00)
10.977        	1.795243e-07	(0.000000e+00 4.607563e-05 0.000000e+00)
10.978        	1.795191e-07	(0.000000e+00 4.607563e-05 0.000000e+00)
10.979        	1.795141e-07	(0.000000e+00 4.607563e-05 0.000000e+00)
10.98         	1.795091e-07	(0.000000e+00 4.607563e-05 0.000000e+00)
10.981        	1.795037e-07	(0.000000e+00 4.607563e-05 0.000000e+00)
10.982        	1.794983e-07	(0.000000e+00 4.607563e-05 0.000000e+00)
10.983        	1.794929e-07	(0.000000e+00 4.607563e-05 0.000000e+00)
10.984        	1.794877e-07	(0.000000e+00 4.607563e-05 0.000000e+00)
10.985        	1.794825e-07	(0.000000e+00 4.607563e-05 0.000000e+00)
10.986        	1.794771e-07	(0.000000e+00 4.607563e-05 0.000000e+00)
10.987        	1.794718e-07	(0.000000e+00 4.607563e-05 0.000000e+00)
10.988        	1.794666e-07	(0.000000e+00 4.607563e-05 0.000000e+00)
10.989        	1.794613e-07	(0.000000e+00 4.607563e-05 0.000000e+00)
10.99         	1.794562e-07	(0.000000e+00 4.607563e-05 0.000000e+00)
10.991        	1.794512e-07	(0.000000e+00 4.607563e-05 0.000000e+00)
10.992        	1.794457e-07	(0.000000e+00 4.607563e-05 0.000000e+00)
10.993        	1.794400e-07	(0.000000e+00 4.607563e-05 0.000000e+00)
10.994        	1.794347e-07	(0.000000e+00 4.607563e-05 0.000000e+00)
10.995        	1.794299e-07	(0.000000e+00 4.607563e-05 0.000000e+00)
10.996        	1.794244e-07	(0.000000e+00 4.607563e-05 0.000000e+00)
10.997        	1.794189e-07	(0.000000e+00 4.607563e-05 0.000000e+00)
10.998        	1.794137e-07	(0.000000e+00 4.607563e-05 0.000000e+00)
10.999        	1.794086e-07	(0.000000e+00 4.607563e-05 0.000000e+00)
11            	1.794038e-07	(0.000000e+00 4.607563e-05 0.000000e+00)
11.001        	1.793987e-07	(0.000000e+00 4.607563e-05 0.000000e+00)
11.002        	1.793927e-07	(0.000000e+00 4.607563e-05 0.000000e+00)
11.003        	1.793869e-07	(0.000000e+00 4.607563e-05 0.000000e+00)
11.004        	1.793818e-07	(0.000000e+00 4.607563e-05 0.000000e+00)
11.005        	1.793767e-07	(0.000000e+00 4.607563e-05 0.000000e+00)
11.006        	1.793717e-07	(0.000000e+00 4.607563e-05 0.000000e+00)
11.007        	1.793665e-07	(0.000000e+00 4.607563e-05 0.000000e+00)
11.008        	1.793615e-07	(0.000000e+00 4.607563e-05 0.000000e+00)
11.009        	1.793559e-07	(0.000000e+00 4.607563e-05 0.000000e+00)
11.01         	1.793504e-07	(0.000000e+00 4.607563e-05 0.000000e+00)
11.011        	1.793466e-07	(0.000000e+00 4.607563e-05 0.000000e+00)
11.012        	1.793402e-07	(0.000000e+00 4.607563e-05 0.000000e+00)
11.013        	1.793342e-07	(0.000000e+00 4.607563e-05 0.000000e+00)
11.014        	1.793291e-07	(0.000000e+00 4.607563e-05 0.000000e+00)
11.015        	1.793242e-07	(0.000000e+00 4.607563e-05 0.000000e+00)
11.016        	1.793196e-07	(0.000000e+00 4.607563e-05 0.000000e+00)
11.017        	1.793144e-07	(0.000000e+00 4.607563e-05 0.000000e+00)
11.018        	1.793085e-07	(0.000000e+00 4.607563e-05 0.000000e+00)
11.019        	1.793031e-07	(0.000000e+00 4.607563e-05 0.000000e+00)
11.02         	1.792979e-07	(0.000000e+00 4.607563e-05 0.000000e+00)
11.021        	1.792926e-07	(0.000000e+00 4.607563e-05 0.000000e+00)
11.022        	1.792874e-07	(0.000000e+00 4.607563e-05 0.000000e+00)
11.023        	1.792822e-07	(0.000000e+00 4.607563e-05 0.000000e+00)
11.024        	1.792771e-07	(0.000000e+00 4.607563e-05 0.000000e+00)
11.025        	1.792719e-07	(0.000000e+00 4.607563e-05 0.000000e+00)
11.026        	1.792666e-07	(0.000000e+00 4.607563e-05 0.000000e+00)
11.027        	1.792612e-07	(0.000000e+00 4.607563e-05 0.000000e+00)
11.028        	1.792560e-07	(0.000000e+00 4.607563e-05 0.000000e+00)
11.029        	1.792506e-07	(0.000000e+00 4.607563e-05 0.000000e+00)
11.03         	1.792454e-07	(0.000000e+00 4.607563e-05 0.000000e+00)
11.031        	1.792402e-07	(0.000000e+00 4.607563e-05 0.000000e+00)
11.032        	1.792350e-07	(0.000000e+00 4.607563e-05 0.000000e+00)
11.033        	1.792298e-07	(0.000000e+00 4.607563e-05 0.000000e+00)
11.034        	1.792246e-07	(0.000000e+00 4.607563e-05 0.000000e+00)
11.035        	1.792193e-07	(0.000000e+00 4.607563e-05 0.000000e+00)
11.036        	1.792140e-07	(0.000000e+00 4.607563e-05 0.000000e+00)
11.037        	1.792087e-07	(0.000000e+00 4.607563e-05 0.000000e+00)
11.038        	1.792036e-07	(0.000000e+00 4.607563e-05 0.000000e+00)
11.039        	1.791983e-07	(0.000000e+00 4.607563e-05 0.000000e+00)
11.04         	1.791932e-07	(0.000000e+00 4.607563e-05 0.000000e+00)
11.041        	1.791879e-07	(0.000000e+00 4.607563e-05 0.000000e+00)
11.042        	1.791826e-07	(0.000000e+00 4.607563e-05 0.000000e+00)
11.043        	1.791774e-07	(0.000000e+00 4.607563e-05 0.000000e+00)
11.044        	1.791721e-07	(0.000000e+00 4.607563e-05 0.000000e+00)
11.045        	1.791668e-07	(0.000000e+00 4.607563e-05 0.000000e+00)
11.046        	1.791617e-07	(0.000000e+00 4.607563e-05 0.000000e+00)
11.047        	1.791564e-07	(0.000000e+00 4.607563e-05 0.000000e+00)
11.048        	1.791513e-07	(0.000000e+00 4.607563e-05 0.000000e+00)
11.049        	1.791460e-07	(0.000000e+00 4.607563e-05 0.000000e+00)
11.05         	1.791410e-07	(0.000000e+00 4.607563e-05 0.000000e+00)
11.051        	1.791356e-07	(0.000000e+00 4.607563e-05 0.000000e+00)
11.052        	1.791303e-07	(0.000000e+00 4.607563e-05 0.000000e+00)
11.053        	1.791250e-07	(0.000000e+00 4.607563e-05 0.000000e+00)
11.054        	1.791199e-07	(0.000000e+00 4.607563e-05 0.000000e+00)
11.055        	1.791149e-07	(0.000000e+00 4.607563e-05 0.000000e+00)
11.056        	1.791094e-07	(0.000000e+00 4.607563e-05 0.000000e+00)
11.057        	1.791040e-07	(0.000000e+00 4.607563e-05 0.000000e+00)
11.058        	1.790988e-07	(0.000000e+00 4.607563e-05 0.000000e+00)
11.059        	1.790936e-07	(0.000000e+00 4.607563e-05 0.000000e+00)
11.06         	1.790886e-07	(0.000000e+00 4.607563e-05 0.000000e+00)
11.061        	1.790834e-07	(0.000000e+00 4.607563e-05 0.000000e+00)
11.062        	1.790780e-07	(0.000000e+00 4.607563e-05 0.000000e+00)
11.063        	1.790728e-07	(0.000000e+00 4.607563e-05 0.000000e+00)
11.064        	1.790676e-07	(0.000000e+00 4.607563e-05 0.000000e+00)
11.065        	1.790623e-07	(0.000000e+00 4.607563e-05 0.000000e+00)
11.066        	1.790572e-07	(0.000000e+00 4.607563e-05 0.000000e+00)
11.067        	1.790519e-07	(0.000000e+00 4.607563e-05 0.000000e+00)
11.068        	1.790468e-07	(0.000000e+00 4.607563e-05 0.000000e+00)
11.069        	1.790415e-07	(0.000000e+00 4.607563e-05 0.000000e+00)
11.07         	1.790363e-07	(0.000000e+00 4.607563e-05 0.000000e+00)
11.071        	1.790311e-07	(0.000000e+00 4.607563e-05 0.000000e+00)
11.072        	1.790259e-07	(0.000000e+00 4.607563e-05 0.000000e+00)
11.073        	1.790206e-07	(0.000000e+00 4.607563e-05 0.000000e+00)
11.074        	1.790155e-07	(0.000000e+00 4.607563e-05 0.000000e+00)
11.075        	1.790103e-07	(0.000000e+00 4.607563e-05 0.000000e+00)
11.076        	1.790051e-07	(0.000000e+00 4.607563e-05 0.000000e+00)
11.077        	1.789999e-07	(0.000000e+00 4.607563e-05 0.000000e+00)
11.078        	1.789946e-07	(0.000000e+00 4.607563e-05 0.000000e+00)
11.079        	1.789893e-07	(0.000000e+00 4.607563e-05 0.000000e+00)
11.08         	1.789842e-07	(0.000000e+00 4.607563e-05 0.000000e+00)
11.081        	1.789791e-07	(0.000000e+00 4.607563e-05 0.000000e+00)
11.082        	1.789738e-07	(0.000000e+00 4.607563e-05 0.000000e+00)
11.083        	1.789685e-07	(0.000000e+00 4.607563e-05 0.000000e+00)
11.084        	1.789634e-07	(0.000000e+00 4.607563e-05 0.000000e+00)
11.085        	1.789582e-07	(0.000000e+00 4.607563e-05 0.000000e+00)
11.086        	1.789531e-07	(0.000000e+00 4.607563e-05 0.000000e+00)
11.087        	1.789478e-07	(0.000000e+00 4.607563e-05 0.000000e+00)
11.088        	1.789426e-07	(0.000000e+00 4.607563e-05 0.000000e+00)
11.089        	1.789374e-07	(0.000000e+00 4.607563e-05 0.000000e+00)
11.09         	1.789322e-07	(0.000000e+00 4.607563e-05 0.000000e+00)
11.091        	1.789270e-07	(0.000000e+00 4.607563e-05 0.000000e+00)
11.092        	1.789219e-07	(0.000000e+00 4.607563e-05 0.000000e+00)
11.093        	1.789166e-07	(0.000000e+00 4.607563e-05 0.000000e+00)
11.094        	1.789116e-07	(0.000000e+00 4.607563e-05 0.000000e+00)
11.095        	1.789062e-07	(0.000000e+00 4.607563e-05 0.000000e+00)
11.096        	1.789010e-07	(0.000000e+00 4.607563e-05 0.000000e+00)
11.097        	1.788959e-07	(0.000000e+00 4.607563e-05 0.000000e+00)
11.098        	1.788907e-07	(0.000000e+00 4.607563e-05 0.000000e+00)
11.099        	1.788854e-07	(0.000000e+00 4.607563e-05 0.000000e+00)
11.1          	1.788803e-07	(0.000000e+00 4.607563e-05 0.000000e+00)
11.101        	1.788751e-07	(0.000000e+00 4.607563e-05 0.000000e+00)
11.102        	1.788700e-07	(0.000000e+00 4.607563e-05 0.000000e+00)
11.103        	1.788647e-07	(0.000000e+00 4.607563e-05 0.000000e+00)
11.104        	1.788596e-07	(0.000000e+00 4.607563e-05 0.000000e+00)
11.105        	1.788544e-07	(0.000000e+00 4.607563e-05 0.000000e+00)
11.106        	1.788494e-07	(0.000000e+00 4.607563e-05 0.000000e+00)
11.107        	1.788440e-07	(0.000000e+00 4.607563e-05 0.000000e+00)
11.108        	1.788389e-07	(0.000000e+00 4.607563e-05 0.000000e+00)
11.109        	1.788337e-07	(0.000000e+00 4.607563e-05 0.000000e+00)
11.11         	1.788287e-07	(0.000000e+00 4.607563e-05 0.000000e+00)
11.111        	1.788234e-07	(0.000000e+00 4.607563e-05 0.000000e+00)
11.112        	1.788181e-07	(0.000000e+00 4.607563e-05 0.000000e+00)
11.113        	1.788128e-07	(0.000000e+00 4.607563e-05 0.000000e+00)
11.114        	1.788077e-07	(0.000000e+00 4.607563e-05 0.000000e+00)
11.115        	1.788026e-07	(0.000000e+00 4.607563e-05 0.000000e+00)
11.116        	1.787975e-07	(0.000000e+00 4.607563e-05 0.000000e+00)
11.117        	1.787923e-07	(0.000000e+00 4.607563e-05 0.000000e+00)
11.118        	1.787871e-07	(0.000000e+00 4.607563e-05 0.000000e+00)
11.119        	1.787818e-07	(0.000000e+00 4.607563e-05 0.000000e+00)
11.12         	1.787767e-07	(0.000000e+00 4.607563e-05 0.000000e+00)
11.121        	1.787715e-07	(0.000000e+00 4.607563e-05 0.000000e+00)
11.122        	1.787664e-07	(0.000000e+00 4.607563e-05 0.000000e+00)
11.123        	1.787612e-07	(0.000000e+00 4.607563e-05 0.000000e+00)
11.124        	1.787561e-07	(0.000000e+00 4.607563e-05 0.000000e+00)
11.125        	1.787509e-07	(0.000000e+00 4.607563e-05 0.000000e+00)
11.126        	1.787458e-07	(0.000000e+00 4.607563e-05 0.000000e+00)
11.127        	1.787404e-07	(0.000000e+00 4.607563e-05 0.000000e+00)
11.128        	1.787353e-07	(0.000000e+00 4.607563e-05 0.000000e+00)
11.129        	1.787301e-07	(0.000000e+00 4.607563e-05 0.000000e+00)
11.13         	1.787251e-07	(0.000000e+00 4.607563e-05 0.000000e+00)
11.131        	1.787199e-07	(0.000000e+00 4.607563e-05 0.000000e+00)
11.132        	1.787148e-07	(0.000000e+00 4.607563e-05 0.000000e+00)
11.133        	1.787096e-07	(0.000000e+00 4.607563e-05 0.000000e+00)
11.134        	1.787044e-07	(0.000000e+00 4.607563e-05 0.000000e+00)
11.135        	1.786992e-07	(0.000000e+00 4.607563e-05 0.000000e+00)
11.136        	1.786942e-07	(0.000000e+00 4.607563e-05 0.000000e+00)
11.137        	1.786890e-07	(0.000000e+00 4.607563e-05 0.000000e+00)
11.138        	1.786838e-07	(0.000000e+00 4.607563e-05 0.000000e+00)
11.139        	1.786785e-07	(0.000000e+00 4.607563e-05 0.000000e+00)
11.14         	1.786735e-07	(0.000000e+00 4.607563e-05 0.000000e+00)
11.141        	1.786683e-07	(0.000000e+00 4.607563e-05 0.000000e+00)
11.142        	1.786632e-07	(0.000000e+00 4.607563e-05 0.000000e+00)
11.143        	1.786581e-07	(0.000000e+00 4.607563e-05 0.000000e+00)
11.144        	1.786529e-07	(0.000000e+00 4.607563e-05 0.000000e+00)
11.145        	1.786477e-07	(0.000000e+00 4.607563e-05 0.000000e+00)
11.146        	1.786425e-07	(0.000000e+00 4.607563e-05 0.000000e+00)
11.147        	1.786374e-07	(0.000000e+00 4.607563e-05 0.000000e+00)
11.148        	1.786323e-07	(0.000000e+00 4.607563e-05 0.000000e+00)
11.149        	1.786271e-07	(0.000000e+00 4.607563e-05 0.000000e+00)
11.15         	1.786220e-07	(0.000000e+00 4.607563e-05 0.000000e+00)
11.151        	1.786169e-07	(0.000000e+00 4.607563e-05 0.000000e+00)
11.152        	1.786117e-07	(0.000000e+00 4.607563e-05 0.000000e+00)
11.153        	1.786067e-07	(0.000000e+00 4.607563e-05 0.000000e+00)
11.154        	1.786014e-07	(0.000000e+00 4.607563e-05 0.000000e+00)
11.155        	1.785962e-07	(0.000000e+00 4.607563e-05 0.000000e+00)
11.156        	1.785911e-07	(0.000000e+00 4.607563e-05 0.000000e+00)
11.157        	1.785859e-07	(0.000000e+00 4.607563e-05 0.000000e+00)
11.158        	1.785810e-07	(0.000000e+00 4.607563e-05 0.000000e+00)
11.159        	1.785757e-07	(0.000000e+00 4.607563e-05 0.000000e+00)
11.16         	1.785705e-07	(0.000000e+00 4.607563e-05 0.000000e+00)
11.161        	1.785653e-07	(0.000000e+00 4.607563e-05 0.000000e+00)
11.162        	1.785603e-07	(0.000000e+00 4.607563e-05 0.000000e+00)
11.163        	1.785552e-07	(0.000000e+00 4.607563e-05 0.000000e+00)
11.164        	1.785501e-07	(0.000000e+00 4.607563e-05 0.000000e+00)
11.165        	1.785449e-07	(0.000000e+00 4.607563e-05 0.000000e+00)
11.166        	1.785397e-07	(0.000000e+00 4.607563e-05 0.000000e+00)
11.167        	1.785346e-07	(0.000000e+00 4.607563e-05 0.000000e+00)
11.168        	1.785295e-07	(0.000000e+00 4.607563e-05 0.000000e+00)
11.169        	1.785243e-07	(0.000000e+00 4.607563e-05 0.000000e+00)
11.17         	1.785192e-07	(0.000000e+00 4.607563e-05 0.000000e+00)
11.171        	1.785141e-07	(0.000000e+00 4.607563e-05 0.000000e+00)
11.172        	1.785090e-07	(0.000000e+00 4.607563e-05 0.000000e+00)
11.173        	1.785039e-07	(0.000000e+00 4.607563e-05 0.000000e+00)
11.174        	1.784988e-07	(0.000000e+00 4.607563e-05 0.000000e+00)
11.175        	1.784935e-07	(0.000000e+00 4.607563e-05 0.000000e+00)
11.176        	1.784885e-07	(0.000000e+00 4.607563e-05 0.000000e+00)
11.177        	1.784833e-07	(0.000000e+00 4.607563e-05 0.000000e+00)
11.178        	1.784782e-07	(0.000000e+00 4.607563e-05 0.000000e+00)
11.179        	1.784731e-07	(0.000000e+00 4.607563e-05 0.000000e+00)
11.18         	1.784680e-07	(0.000000e+00 4.607563e-05 0.000000e+00)
11.181        	1.784628e-07	(0.000000e+00 4.607563e-05 0.000000e+00)
11.182        	1.784577e-07	(0.000000e+00 4.607563e-05 0.000000e+00)
11.183        	1.784525e-07	(0.000000e+00 4.607563e-05 0.000000e+00)
11.184        	1.784475e-07	(0.000000e+00 4.607563e-05 0.000000e+00)
11.185        	1.784423e-07	(0.000000e+00 4.607563e-05 0.000000e+00)
11.186        	1.784372e-07	(0.000000e+00 4.607563e-05 0.000000e+00)
11.187        	1.784320e-07	(0.000000e+00 4.607563e-05 0.000000e+00)
11.188        	1.784272e-07	(0.000000e+00 4.607563e-05 0.000000e+00)
11.189        	1.783422e-07	(0.000000e+00 4.607563e-05 0.000000e+00)
11.19         	1.784036e-07	(0.000000e+00 4.607563e-05 0.000000e+00)
11.191        	1.783833e-07	(0.000000e+00 4.607563e-05 0.000000e+00)
11.192        	1.783716e-07	(0.000000e+00 4.607563e-05 0.000000e+00)
11.193        	1.783654e-07	(0.000000e+00 4.607563e-05 0.000000e+00)
11.194        	1.783604e-07	(0.000000e+00 4.607563e-05 0.000000e+00)
11.195        	1.783553e-07	(0.000000e+00 4.607563e-05 0.000000e+00)
11.196        	1.783499e-07	(0.000000e+00 4.607563e-05 0.000000e+00)
11.197        	1.783446e-07	(0.000000e+00 4.607563e-05 0.000000e+00)
11.198        	1.783393e-07	(0.000000e+00 4.607563e-05 0.000000e+00)
11.199        	1.783341e-07	(0.000000e+00 4.607563e-05 0.000000e+00)
11.2          	1.783289e-07	(0.000000e+00 4.607563e-05 0.000000e+00)
11.201        	1.783238e-07	(0.000000e+00 4.607563e-05 0.000000e+00)
11.202        	1.783186e-07	(0.000000e+00 4.607563e-05 0.000000e+00)
11.203        	1.783135e-07	(0.000000e+00 4.607563e-05 0.000000e+00)
11.204        	1.783084e-07	(0.000000e+00 4.607563e-05 0.000000e+00)
11.205        	1.783033e-07	(0.000000e+00 4.607563e-05 0.000000e+00)
11.206        	1.782982e-07	(0.000000e+00 4.607563e-05 0.000000e+00)
11.207        	1.782931e-07	(0.000000e+00 4.607563e-05 0.000000e+00)
11.208        	1.782880e-07	(0.000000e+00 4.607563e-05 0.000000e+00)
11.209        	1.782829e-07	(0.000000e+00 4.607563e-05 0.000000e+00)
11.21         	1.782778e-07	(0.000000e+00 4.607563e-05 0.000000e+00)
11.211        	1.782728e-07	(0.000000e+00 4.607563e-05 0.000000e+00)
11.212        	1.782677e-07	(0.000000e+00 4.607563e-05 0.000000e+00)
11.213        	1.782626e-07	(0.000000e+00 4.607563e-05 0.000000e+00)
11.214        	1.782575e-07	(0.000000e+00 4.607563e-05 0.000000e+00)
11.215        	1.782525e-07	(0.000000e+00 4.607563e-05 0.000000e+00)
11.216        	1.782474e-07	(0.000000e+00 4.607563e-05 0.000000e+00)
11.217        	1.782424e-07	(0.000000e+00 4.607563e-05 0.000000e+00)
11.218        	1.782373e-07	(0.000000e+00 4.607563e-05 0.000000e+00)
11.219        	1.782322e-07	(0.000000e+00 4.607563e-05 0.000000e+00)
11.22         	1.782272e-07	(0.000000e+00 4.607563e-05 0.000000e+00)
11.221        	1.782221e-07	(0.000000e+00 4.607563e-05 0.000000e+00)
11.222        	1.782171e-07	(0.000000e+00 4.607563e-05 0.000000e+00)
11.223        	1.782120e-07	(0.000000e+00 4.607563e-05 0.000000e+00)
11.224        	1.782069e-07	(0.000000e+00 4.607563e-05 0.000000e+00)
11.225        	1.782019e-07	(0.000000e+00 4.607563e-05 0.000000e+00)
11.226        	1.781968e-07	(0.000000e+00 4.607563e-05 0.000000e+00)
11.227        	1.781917e-07	(0.000000e+00 4.607563e-05 0.000000e+00)
11.228        	1.781867e-07	(0.000000e+00 4.607563e-05 0.000000e+00)
11.229        	1.781816e-07	(0.000000e+00 4.607563e-05 0.000000e+00)
11.23         	1.781765e-07	(0.000000e+00 4.607563e-05 0.000000e+00)
11.231        	1.781715e-07	(0.000000e+00 4.607563e-05 0.000000e+00)
11.232        	1.781664e-07	(0.000000e+00 4.607563e-05 0.000000e+00)
11.233        	1.781614e-07	(0.000000e+00 4.607563e-05 0.000000e+00)
11.234        	1.781564e-07	(0.000000e+00 4.607563e-05 0.000000e+00)
11.235        	1.781513e-07	(0.000000e+00 4.607563e-05 0.000000e+00)
11.236        	1.781462e-07	(0.000000e+00 4.607563e-05 0.000000e+00)
11.237        	1.781412e-07	(0.000000e+00 4.607563e-05 0.000000e+00)
11.238        	1.781361e-07	(0.000000e+00 4.607563e-05 0.000000e+00)
11.239        	1.781311e-07	(0.000000e+00 4.607563e-05 0.000000e+00)
11.24         	1.781261e-07	(0.000000e+00 4.607563e-05 0.000000e+00)
11.241        	1.781210e-07	(0.000000e+00 4.607563e-05 0.000000e+00)
11.242        	1.781160e-07	(0.000000e+00 4.607563e-05 0.000000e+00)
11.243        	1.781109e-07	(0.000000e+00 4.607563e-05 0.000000e+00)
11.244        	1.781059e-07	(0.000000e+00 4.607563e-05 0.000000e+00)
11.245        	1.781008e-07	(0.000000e+00 4.607563e-05 0.000000e+00)
11.246        	1.780958e-07	(0.000000e+00 4.607563e-05 0.000000e+00)
11.247        	1.780907e-07	(0.000000e+00 4.607563e-05 0.000000e+00)
11.248        	1.780857e-07	(0.000000e+00 4.607563e-05 0.000000e+00)
11.249        	1.780807e-07	(0.000000e+00 4.607563e-05 0.000000e+00)
11.25         	1.780756e-07	(0.000000e+00 4.607563e-05 0.000000e+00)
11.251        	1.780706e-07	(0.000000e+00 4.607563e-05 0.000000e+00)
11.252        	1.780655e-07	(0.000000e+00 4.607563e-05 0.000000e+00)
11.253        	1.780605e-07	(0.000000e+00 4.607563e-05 0.000000e+00)
11.254        	1.780555e-07	(0.000000e+00 4.607563e-05 0.000000e+00)
11.255        	1.780504e-07	(0.000000e+00 4.607563e-05 0.000000e+00)
11.256        	1.780454e-07	(0.000000e+00 4.607563e-05 0.000000e+00)
11.257        	1.780404e-07	(0.000000e+00 4.607563e-05 0.000000e+00)
11.258        	1.780353e-07	(0.000000e+00 4.607563e-05 0.000000e+00)
11.259        	1.780302e-07	(0.000000e+00 4.607563e-05 0.000000e+00)
11.26         	1.780252e-07	(0.000000e+00 4.607563e-05 0.000000e+00)
11.261        	1.780202e-07	(0.000000e+00 4.607563e-05 0.000000e+00)
11.262        	1.780151e-07	(0.000000e+00 4.607563e-05 0.000000e+00)
11.263        	1.780101e-07	(0.000000e+00 4.607563e-05 0.000000e+00)
11.264        	1.780051e-07	(0.000000e+00 4.607563e-05 0.000000e+00)
11.265        	1.780001e-07	(0.000000e+00 4.607563e-05 0.000000e+00)
11.266        	1.779950e-07	(0.000000e+00 4.607563e-05 0.000000e+00)
11.267        	1.779900e-07	(0.000000e+00 4.607563e-05 0.000000e+00)
11.268        	1.779850e-07	(0.000000e+00 4.607563e-05 0.000000e+00)
11.269        	1.779800e-07	(0.000000e+00 4.607563e-05 0.000000e+00)
11.27         	1.779749e-07	(0.000000e+00 4.607563e-05 0.000000e+00)
11.271        	1.779699e-07	(0.000000e+00 4.607563e-05 0.000000e+00)
11.272        	1.779649e-07	(0.000000e+00 4.607563e-05 0.000000e+00)
11.273        	1.779599e-07	(0.000000e+00 4.607563e-05 0.000000e+00)
11.274        	1.779548e-07	(0.000000e+00 4.607563e-05 0.000000e+00)
11.275        	1.779498e-07	(0.000000e+00 4.607563e-05 0.000000e+00)
11.276        	1.779448e-07	(0.000000e+00 4.607563e-05 0.000000e+00)
11.277        	1.779398e-07	(0.000000e+00 4.607563e-05 0.000000e+00)
11.278        	1.779348e-07	(0.000000e+00 4.607563e-05 0.000000e+00)
11.279        	1.779297e-07	(0.000000e+00 4.607563e-05 0.000000e+00)
11.28         	1.779247e-07	(0.000000e+00 4.607563e-05 0.000000e+00)
11.281        	1.779197e-07	(0.000000e+00 4.607563e-05 0.000000e+00)
11.282        	1.779147e-07	(0.000000e+00 4.607563e-05 0.000000e+00)
11.283        	1.779097e-07	(0.000000e+00 4.607563e-05 0.000000e+00)
11.284        	1.779046e-07	(0.000000e+00 4.607563e-05 0.000000e+00)
11.285        	1.778996e-07	(0.000000e+00 4.607563e-05 0.000000e+00)
11.286        	1.778946e-07	(0.000000e+00 4.607563e-05 0.000000e+00)
11.287        	1.778896e-07	(0.000000e+00 4.607563e-05 0.000000e+00)
11.288        	1.778846e-07	(0.000000e+00 4.607563e-05 0.000000e+00)
11.289        	1.778796e-07	(0.000000e+00 4.607563e-05 0.000000e+00)
11.29         	1.778746e-07	(0.000000e+00 4.607563e-05 0.000000e+00)
11.291        	1.778695e-07	(0.000000e+00 4.607563e-05 0.000000e+00)
11.292        	1.778645e-07	(0.000000e+00 4.607563e-05 0.000000e+00)
11.293        	1.778595e-07	(0.000000e+00 4.607563e-05 0.000000e+00)
11.294        	1.778545e-07	(0.000000e+00 4.607563e-05 0.000000e+00)
11.295        	1.778495e-07	(0.000000e+00 4.607563e-05 0.000000e+00)
11.296        	1.778445e-07	(0.000000e+00 4.607563e-05 0.000000e+00)
11.297        	1.778395e-07	(0.000000e+00 4.607563e-05 0.000000e+00)
11.298        	1.778344e-07	(0.000000e+00 4.607563e-05 0.000000e+00)
11.299        	1.778294e-07	(0.000000e+00 4.607563e-05 0.000000e+00)
11.3          	1.778244e-07	(0.000000e+00 4.607563e-05 0.000000e+00)
11.301        	1.778193e-07	(0.000000e+00 4.607563e-05 0.000000e+00)
11.302        	1.778143e-07	(0.000000e+00 4.607563e-05 0.000000e+00)
11.303        	1.778093e-07	(0.000000e+00 4.607563e-05 0.000000e+00)
11.304        	1.778043e-07	(0.000000e+00 4.607563e-05 0.000000e+00)
11.305        	1.777993e-07	(0.000000e+00 4.607563e-05 0.000000e+00)
11.306        	1.777943e-07	(0.000000e+00 4.607563e-05 0.000000e+00)
11.307        	1.777893e-07	(0.000000e+00 4.607563e-05 0.000000e+00)
11.308        	1.777843e-07	(0.000000e+00 4.607563e-05 0.000000e+00)
11.309        	1.777793e-07	(0.000000e+00 4.607563e-05 0.000000e+00)
11.31         	1.777743e-07	(0.000000e+00 4.607563e-05 0.000000e+00)
11.311        	1.777693e-07	(0.000000e+00 4.607563e-05 0.000000e+00)
11.312        	1.777643e-07	(0.000000e+00 4.607563e-05 0.000000e+00)
11.313        	1.777593e-07	(0.000000e+00 4.607563e-05 0.000000e+00)
11.314        	1.777544e-07	(0.000000e+00 4.607563e-05 0.000000e+00)
11.315        	1.777494e-07	(0.000000e+00 4.607563e-05 0.000000e+00)
11.316        	1.777444e-07	(0.000000e+00 4.607563e-05 0.000000e+00)
11.317        	1.777394e-07	(0.000000e+00 4.607563e-05 0.000000e+00)
11.318        	1.777344e-07	(0.000000e+00 4.607563e-05 0.000000e+00)
11.319        	1.777294e-07	(0.000000e+00 4.607563e-05 0.000000e+00)
11.32         	1.777244e-07	(0.000000e+00 4.607563e-05 0.000000e+00)
11.321        	1.777194e-07	(0.000000e+00 4.607563e-05 0.000000e+00)
11.322        	1.777144e-07	(0.000000e+00 4.607563e-05 0.000000e+00)
11.323        	1.777094e-07	(0.000000e+00 4.607563e-05 0.000000e+00)
11.324        	1.777044e-07	(0.000000e+00 4.607563e-05 0.000000e+00)
11.325        	1.776994e-07	(0.000000e+00 4.607563e-05 0.000000e+00)
11.326        	1.776944e-07	(0.000000e+00 4.607563e-05 0.000000e+00)
11.327        	1.776894e-07	(0.000000e+00 4.607563e-05 0.000000e+00)
11.328        	1.776844e-07	(0.000000e+00 4.607563e-05 0.000000e+00)
11.329        	1.776794e-07	(0.000000e+00 4.607563e-05 0.000000e+00)
11.33         	1.776745e-07	(0.000000e+00 4.607563e-05 0.000000e+00)
11.331        	1.776695e-07	(0.000000e+00 4.607563e-05 0.000000e+00)
11.332        	1.776645e-07	(0.000000e+00 4.607563e-05 0.000000e+00)
11.333        	1.776595e-07	(0.000000e+00 4.607563e-05 0.000000e+00)
11.334        	1.776545e-07	(0.000000e+00 4.607563e-05 0.000000e+00)
11.335        	1.776495e-07	(0.000000e+00 4.607563e-05 0.000000e+00)
11.336        	1.776445e-07	(0.000000e+00 4.607563e-05 0.000000e+00)
11.337        	1.776396e-07	(0.000000e+00 4.607563e-05 0.000000e+00)
11.338        	1.776346e-07	(0.000000e+00 4.607563e-05 0.000000e+00)
11.339        	1.776296e-07	(0.000000e+00 4.607563e-05 0.000000e+00)
11.34         	1.776246e-07	(0.000000e+00 4.607563e-05 0.000000e+00)
11.341        	1.776196e-07	(0.000000e+00 4.607563e-05 0.000000e+00)
11.342        	1.776147e-07	(0.000000e+00 4.607563e-05 0.000000e+00)
11.343        	1.776097e-07	(0.000000e+00 4.607563e-05 0.000000e+00)
11.344        	1.776047e-07	(0.000000e+00 4.607563e-05 0.000000e+00)
11.345        	1.775997e-07	(0.000000e+00 4.607563e-05 0.000000e+00)
11.346        	1.775948e-07	(0.000000e+00 4.607563e-05 0.000000e+00)
11.347        	1.775898e-07	(0.000000e+00 4.607563e-05 0.000000e+00)
11.348        	1.775848e-07	(0.000000e+00 4.607563e-05 0.000000e+00)
11.349        	1.775798e-07	(0.000000e+00 4.607563e-05 0.000000e+00)
11.35         	1.775749e-07	(0.000000e+00 4.607563e-05 0.000000e+00)
11.351        	1.775699e-07	(0.000000e+00 4.607563e-05 0.000000e+00)
11.352        	1.775649e-07	(0.000000e+00 4.607563e-05 0.000000e+00)
11.353        	1.775600e-07	(0.000000e+00 4.607563e-05 0.000000e+00)
11.354        	1.775550e-07	(0.000000e+00 4.607563e-05 0.000000e+00)
11.355        	1.775500e-07	(0.000000e+00 4.607563e-05 0.000000e+00)
11.356        	1.775451e-07	(0.000000e+00 4.607563e-05 0.000000e+00)
11.357        	1.775401e-07	(0.000000e+00 4.607563e-05 0.000000e+00)
11.358        	1.775351e-07	(0.000000e+00 4.607563e-05 0.000000e+00)
11.359        	1.775301e-07	(0.000000e+00 4.607563e-05 0.000000e+00)
11.36         	1.775252e-07	(0.000000e+00 4.607563e-05 0.000000e+00)
11.361        	1.775202e-07	(0.000000e+00 4.607563e-05 0.000000e+00)
11.362        	1.775153e-07	(0.000000e+00 4.607563e-05 0.000000e+00)
11.363        	1.775103e-07	(0.000000e+00 4.607563e-05 0.000000e+00)
11.364        	1.775054e-07	(0.000000e+00 4.607563e-05 0.000000e+00)
11.365        	1.775004e-07	(0.000000e+00 4.607563e-05 0.000000e+00)
11.366        	1.774954e-07	(0.000000e+00 4.607563e-05 0.000000e+00)
11.367        	1.774905e-07	(0.000000e+00 4.607563e-05 0.000000e+00)
11.368        	1.774855e-07	(0.000000e+00 4.607563e-05 0.000000e+00)
11.369        	1.774805e-07	(0.000000e+00 4.607563e-05 0.000000e+00)
11.37         	1.774756e-07	(0.000000e+00 4.607563e-05 0.000000e+00)
11.371        	1.774706e-07	(0.000000e+00 4.607563e-05 0.000000e+00)
11.372        	1.774657e-07	(0.000000e+00 4.607563e-05 0.000000e+00)
11.373        	1.774607e-07	(0.000000e+00 4.607563e-05 0.000000e+00)
11.374        	1.774558e-07	(0.000000e+00 4.607563e-05 0.000000e+00)
11.375        	1.774508e-07	(0.000000e+00 4.607563e-05 0.000000e+00)
11.376        	1.774459e-07	(0.000000e+00 4.607563e-05 0.000000e+00)
11.377        	1.774409e-07	(0.000000e+00 4.607563e-05 0.000000e+00)
11.378        	1.774359e-07	(0.000000e+00 4.607563e-05 0.000000e+00)
11.379        	1.774310e-07	(0.000000e+00 4.607563e-05 0.000000e+00)
11.38         	1.774260e-07	(0.000000e+00 4.607563e-05 0.000000e+00)
11.381        	1.774211e-07	(0.000000e+00 4.607563e-05 0.000000e+00)
11.382        	1.774161e-07	(0.000000e+00 4.607563e-05 0.000000e+00)
11.383        	1.774112e-07	(0.000000e+00 4.607563e-05 0.000000e+00)
11.384        	1.774062e-07	(0.000000e+00 4.607563e-05 0.000000e+00)
11.385        	1.774013e-07	(0.000000e+00 4.607563e-05 0.000000e+00)
11.386        	1.773963e-07	(0.000000e+00 4.607563e-05 0.000000e+00)
11.387        	1.773914e-07	(0.000000e+00 4.607563e-05 0.000000e+00)
11.388        	1.773865e-07	(0.000000e+00 4.607563e-05 0.000000e+00)
11.389        	1.773815e-07	(0.000000e+00 4.607563e-05 0.000000e+00)
11.39         	1.773766e-07	(0.000000e+00 4.607563e-05 0.000000e+00)
11.391        	1.773716e-07	(0.000000e+00 4.607563e-05 0.000000e+00)
11.392        	1.773667e-07	(0.000000e+00 4.607563e-05 0.000000e+00)
11.393        	1.773618e-07	(0.000000e+00 4.607563e-05 0.000000e+00)
11.394        	1.773569e-07	(0.000000e+00 4.607563e-05 0.000000e+00)
11.395        	1.773519e-07	(0.000000e+00 4.607563e-05 0.000000e+00)
11.396        	1.773470e-07	(0.000000e+00 4.607563e-05 0.000000e+00)
11.397        	1.773421e-07	(0.000000e+00 4.607563e-05 0.000000e+00)
11.398        	1.773371e-07	(0.000000e+00 4.607563e-05 0.000000e+00)
11.399        	1.773322e-07	(0.000000e+00 4.607563e-05 0.000000e+00)
11.4          	1.773273e-07	(0.000000e+00 4.607563e-05 0.000000e+00)
11.401        	1.773223e-07	(0.000000e+00 4.607563e-05 0.000000e+00)
11.402        	1.773174e-07	(0.000000e+00 4.607563e-05 0.000000e+00)
11.403        	1.773125e-07	(0.000000e+00 4.607563e-05 0.000000e+00)
11.404        	1.773075e-07	(0.000000e+00 4.607563e-05 0.000000e+00)
11.405        	1.773026e-07	(0.000000e+00 4.607563e-05 0.000000e+00)
11.406        	1.772977e-07	(0.000000e+00 4.607563e-05 0.000000e+00)
11.407        	1.772927e-07	(0.000000e+00 4.607563e-05 0.000000e+00)
11.408        	1.772878e-07	(0.000000e+00 4.607563e-05 0.000000e+00)
11.409        	1.772829e-07	(0.000000e+00 4.607563e-05 0.000000e+00)
11.41         	1.772780e-07	(0.000000e+00 4.607563e-05 0.000000e+00)
11.411        	1.772730e-07	(0.000000e+00 4.607563e-05 0.000000e+00)
11.412        	1.772681e-07	(0.000000e+00 4.607563e-05 0.000000e+00)
11.413        	1.772632e-07	(0.000000e+00 4.607563e-05 0.000000e+00)
11.414        	1.772583e-07	(0.000000e+00 4.607563e-05 0.000000e+00)
11.415        	1.772533e-07	(0.000000e+00 4.607563e-05 0.000000e+00)
11.416        	1.772484e-07	(0.000000e+00 4.607563e-05 0.000000e+00)
11.417        	1.772435e-07	(0.000000e+00 4.607563e-05 0.000000e+00)
11.418        	1.772386e-07	(0.000000e+00 4.607563e-05 0.000000e+00)
11.419        	1.772337e-07	(0.000000e+00 4.607563e-05 0.000000e+00)
11.42         	1.772288e-07	(0.000000e+00 4.607563e-05 0.000000e+00)
11.421        	1.772238e-07	(0.000000e+00 4.607563e-05 0.000000e+00)
11.422        	1.772189e-07	(0.000000e+00 4.607563e-05 0.000000e+00)
11.423        	1.772139e-07	(0.000000e+00 4.607563e-05 0.000000e+00)
11.424        	1.772090e-07	(0.000000e+00 4.607563e-05 0.000000e+00)
11.425        	1.772041e-07	(0.000000e+00 4.607563e-05 0.000000e+00)
11.426        	1.771992e-07	(0.000000e+00 4.607563e-05 0.000000e+00)
11.427        	1.771943e-07	(0.000000e+00 4.607563e-05 0.000000e+00)
11.428        	1.771894e-07	(0.000000e+00 4.607563e-05 0.000000e+00)
11.429        	1.771845e-07	(0.000000e+00 4.607563e-05 0.000000e+00)
11.43         	1.771796e-07	(0.000000e+00 4.607563e-05 0.000000e+00)
11.431        	1.771747e-07	(0.000000e+00 4.607563e-05 0.000000e+00)
11.432        	1.771697e-07	(0.000000e+00 4.607563e-05 0.000000e+00)
11.433        	1.771648e-07	(0.000000e+00 4.607563e-05 0.000000e+00)
11.434        	1.771599e-07	(0.000000e+00 4.607563e-05 0.000000e+00)
11.435        	1.771550e-07	(0.000000e+00 4.607563e-05 0.000000e+00)
11.436        	1.771502e-07	(0.000000e+00 4.607563e-05 0.000000e+00)
11.437        	1.771452e-07	(0.000000e+00 4.607563e-05 0.000000e+00)
11.438        	1.771403e-07	(0.000000e+00 4.607563e-05 0.000000e+00)
11.439        	1.771354e-07	(0.000000e+00 4.607563e-05 0.000000e+00)
11.44         	1.771305e-07	(0.000000e+00 4.607563e-05 0.000000e+00)
11.441        	1.771256e-07	(0.000000e+00 4.607563e-05 0.000000e+00)
11.442        	1.771207e-07	(0.000000e+00 4.607563e-05 0.000000e+00)
11.443        	1.771158e-07	(0.000000e+00 4.607563e-05 0.000000e+00)
11.444        	1.771109e-07	(0.000000e+00 4.607563e-05 0.000000e+00)
11.445        	1.771060e-07	(0.000000e+00 4.607563e-05 0.000000e+00)
11.446        	1.771011e-07	(0.000000e+00 4.607563e-05 0.000000e+00)
11.447        	1.770962e-07	(0.000000e+00 4.607563e-05 0.000000e+00)
11.448        	1.770913e-07	(0.000000e+00 4.607563e-05 0.000000e+00)
11.449        	1.770864e-07	(0.000000e+00 4.607563e-05 0.000000e+00)
11.45         	1.770816e-07	(0.000000e+00 4.607563e-05 0.000000e+00)
11.451        	1.770767e-07	(0.000000e+00 4.607563e-05 0.000000e+00)
11.452        	1.770718e-07	(0.000000e+00 4.607563e-05 0.000000e+00)
11.453        	1.770669e-07	(0.000000e+00 4.607563e-05 0.000000e+00)
11.454        	1.770620e-07	(0.000000e+00 4.607563e-05 0.000000e+00)
11.455        	1.770571e-07	(0.000000e+00 4.607563e-05 0.000000e+00)
11.456        	1.770522e-07	(0.000000e+00 4.607563e-05 0.000000e+00)
11.457        	1.770474e-07	(0.000000e+00 4.607563e-05 0.000000e+00)
11.458        	1.770425e-07	(0.000000e+00 4.607563e-05 0.000000e+00)
11.459        	1.770376e-07	(0.000000e+00 4.607563e-05 0.000000e+00)
11.46         	1.770327e-07	(0.000000e+00 4.607563e-05 0.000000e+00)
11.461        	1.770278e-07	(0.000000e+00 4.607563e-05 0.000000e+00)
11.462        	1.770230e-07	(0.000000e+00 4.607563e-05 0.000000e+00)
11.463        	1.770181e-07	(0.000000e+00 4.607563e-05 0.000000e+00)
11.464        	1.770132e-07	(0.000000e+00 4.607563e-05 0.000000e+00)
11.465        	1.770083e-07	(0.000000e+00 4.607563e-05 0.000000e+00)
11.466        	1.770034e-07	(0.000000e+00 4.607563e-05 0.000000e+00)
11.467        	1.769985e-07	(0.000000e+00 4.607563e-05 0.000000e+00)
11.468        	1.769936e-07	(0.000000e+00 4.607563e-05 0.000000e+00)
11.469        	1.769886e-07	(0.000000e+00 4.607563e-05 0.000000e+00)
11.47         	1.769838e-07	(0.000000e+00 4.607563e-05 0.000000e+00)
11.471        	1.769789e-07	(0.000000e+00 4.607563e-05 0.000000e+00)
11.472        	1.769740e-07	(0.000000e+00 4.607563e-05 0.000000e+00)
11.473        	1.769691e-07	(0.000000e+00 4.607563e-05 0.000000e+00)
11.474        	1.769642e-07	(0.000000e+00 4.607563e-05 0.000000e+00)
11.475        	1.769593e-07	(0.000000e+00 4.607563e-05 0.000000e+00)
11.476        	1.769545e-07	(0.000000e+00 4.607563e-05 0.000000e+00)
11.477        	1.769496e-07	(0.000000e+00 4.607563e-05 0.000000e+00)
11.478        	1.769447e-07	(0.000000e+00 4.607563e-05 0.000000e+00)
11.479        	1.769398e-07	(0.000000e+00 4.607563e-05 0.000000e+00)
11.48         	1.769350e-07	(0.000000e+00 4.607563e-05 0.000000e+00)
11.481        	1.769301e-07	(0.000000e+00 4.607563e-05 0.000000e+00)
11.482        	1.769252e-07	(0.000000e+00 4.607563e-05 0.000000e+00)
11.483        	1.769203e-07	(0.000000e+00 4.607563e-05 0.000000e+00)
11.484        	1.769155e-07	(0.000000e+00 4.607563e-05 0.000000e+00)
11.485        	1.769106e-07	(0.000000e+00 4.607563e-05 0.000000e+00)
11.486        	1.769057e-07	(0.000000e+00 4.607563e-05 0.000000e+00)
11.487        	1.769008e-07	(0.000000e+00 4.607563e-05 0.000000e+00)
11.488        	1.768960e-07	(0.000000e+00 4.607563e-05 0.000000e+00)
11.489        	1.768911e-07	(0.000000e+00 4.607563e-05 0.000000e+00)
11.49         	1.768863e-07	(0.000000e+00 4.607563e-05 0.000000e+00)
11.491        	1.768814e-07	(0.000000e+00 4.607563e-05 0.000000e+00)
11.492        	1.768765e-07	(0.000000e+00 4.607563e-05 0.000000e+00)
11.493        	1.768716e-07	(0.000000e+00 4.607563e-05 0.000000e+00)
11.494        	1.768668e-07	(0.000000e+00 4.607563e-05 0.000000e+00)
11.495        	1.768619e-07	(0.000000e+00 4.607563e-05 0.000000e+00)
11.496        	1.768571e-07	(0.000000e+00 4.607563e-05 0.000000e+00)
11.497        	1.768522e-07	(0.000000e+00 4.607563e-05 0.000000e+00)
11.498        	1.768474e-07	(0.000000e+00 4.607563e-05 0.000000e+00)
11.499        	1.768425e-07	(0.000000e+00 4.607563e-05 0.000000e+00)
11.5          	1.768376e-07	(0.000000e+00 4.607563e-05 0.000000e+00)
11.501        	1.768328e-07	(0.000000e+00 4.607563e-05 0.000000e+00)
11.502        	1.768279e-07	(0.000000e+00 4.607563e-05 0.000000e+00)
11.503        	1.768231e-07	(0.000000e+00 4.607563e-05 0.000000e+00)
11.504        	1.768182e-07	(0.000000e+00 4.607563e-05 0.000000e+00)
11.505        	1.768134e-07	(0.000000e+00 4.607563e-05 0.000000e+00)
11.506        	1.768085e-07	(0.000000e+00 4.607563e-05 0.000000e+00)
11.507        	1.768037e-07	(0.000000e+00 4.607563e-05 0.000000e+00)
11.508        	1.767988e-07	(0.000000e+00 4.607563e-05 0.000000e+00)
11.509        	1.767940e-07	(0.000000e+00 4.607563e-05 0.000000e+00)
11.51         	1.767891e-07	(0.000000e+00 4.607563e-05 0.000000e+00)
11.511        	1.767843e-07	(0.000000e+00 4.607563e-05 0.000000e+00)
11.512        	1.767794e-07	(0.000000e+00 4.607563e-05 0.000000e+00)
11.513        	1.767745e-07	(0.000000e+00 4.607563e-05 0.000000e+00)
11.514        	1.767696e-07	(0.000000e+00 4.607563e-05 0.000000e+00)
11.515        	1.767648e-07	(0.000000e+00 4.607563e-05 0.000000e+00)
11.516        	1.767599e-07	(0.000000e+00 4.607563e-05 0.000000e+00)
11.517        	1.767550e-07	(0.000000e+00 4.607563e-05 0.000000e+00)
11.518        	1.767502e-07	(0.000000e+00 4.607563e-05 0.000000e+00)
11.519        	1.767453e-07	(0.000000e+00 4.607563e-05 0.000000e+00)
11.52         	1.767405e-07	(0.000000e+00 4.607563e-05 0.000000e+00)
11.521        	1.767356e-07	(0.000000e+00 4.607563e-05 0.000000e+00)
11.522        	1.767307e-07	(0.000000e+00 4.607563e-05 0.000000e+00)
11.523        	1.767258e-07	(0.000000e+00 4.607563e-05 0.000000e+00)
11.524        	1.767210e-07	(0.000000e+00 4.607563e-05 0.000000e+00)
11.525        	1.767164e-07	(0.000000e+00 4.607563e-05 0.000000e+00)
11.526        	1.767115e-07	(0.000000e+00 4.607563e-05 0.000000e+00)
11.527        	1.767067e-07	(0.000000e+00 4.607563e-05 0.000000e+00)
11.528        	1.767019e-07	(0.000000e+00 4.607563e-05 0.000000e+00)
11.529        	1.766970e-07	(0.000000e+00 4.607563e-05 0.000000e+00)
11.53         	1.766922e-07	(0.000000e+00 4.607563e-05 0.000000e+00)
11.531        	1.766873e-07	(0.000000e+00 4.607563e-05 0.000000e+00)
11.532        	1.766825e-07	(0.000000e+00 4.607563e-05 0.000000e+00)
11.533        	1.766777e-07	(0.000000e+00 4.607563e-05 0.000000e+00)
11.534        	1.766728e-07	(0.000000e+00 4.607563e-05 0.000000e+00)
11.535        	1.766679e-07	(0.000000e+00 4.607563e-05 0.000000e+00)
11.536        	1.766631e-07	(0.000000e+00 4.607563e-05 0.000000e+00)
11.537        	1.766583e-07	(0.000000e+00 4.607563e-05 0.000000e+00)
11.538        	1.766535e-07	(0.000000e+00 4.607563e-05 0.000000e+00)
11.539        	1.766487e-07	(0.000000e+00 4.607563e-05 0.000000e+00)
11.54         	1.766438e-07	(0.000000e+00 4.607563e-05 0.000000e+00)
11.541        	1.766390e-07	(0.000000e+00 4.607563e-05 0.000000e+00)
11.542        	1.766341e-07	(0.000000e+00 4.607563e-05 0.000000e+00)
11.543        	1.766293e-07	(0.000000e+00 4.607563e-05 0.000000e+00)
11.544        	1.766245e-07	(0.000000e+00 4.607563e-05 0.000000e+00)
11.545        	1.766196e-07	(0.000000e+00 4.607563e-05 0.000000e+00)
11.546        	1.766148e-07	(0.000000e+00 4.607563e-05 0.000000e+00)
11.547        	1.766100e-07	(0.000000e+00 4.607563e-05 0.000000e+00)
11.548        	1.766052e-07	(0.000000e+00 4.607563e-05 0.000000e+00)
11.549        	1.766004e-07	(0.000000e+00 4.607563e-05 0.000000e+00)
11.55         	1.765955e-07	(0.000000e+00 4.607563e-05 0.000000e+00)
11.551        	1.765907e-07	(0.000000e+00 4.607563e-05 0.000000e+00)
11.552        	1.765859e-07	(0.000000e+00 4.607563e-05 0.000000e+00)
11.553        	1.765811e-07	(0.000000e+00 4.607563e-05 0.000000e+00)
11.554        	1.765763e-07	(0.000000e+00 4.607563e-05 0.000000e+00)
11.555        	1.765714e-07	(0.000000e+00 4.607563e-05 0.000000e+00)
11.556        	1.765666e-07	(0.000000e+00 4.607563e-05 0.000000e+00)
11.557        	1.765618e-07	(0.000000e+00 4.607563e-05 0.000000e+00)
11.558        	1.765570e-07	(0.000000e+00 4.607563e-05 0.000000e+00)
11.559        	1.765522e-07	(0.000000e+00 4.607563e-05 0.000000e+00)
11.56         	1.765473e-07	(0.000000e+00 4.607563e-05 0.000000e+00)
11.561        	1.765425e-07	(0.000000e+00 4.607563e-05 0.000000e+00)
11.562        	1.765377e-07	(0.000000e+00 4.607563e-05 0.000000e+00)
11.563        	1.765329e-07	(0.000000e+00 4.607563e-05 0.000000e+00)
11.564        	1.765281e-07	(0.000000e+00 4.607563e-05 0.000000e+00)
11.565        	1.765233e-07	(0.000000e+00 4.607563e-05 0.000000e+00)
11.566        	1.765185e-07	(0.000000e+00 4.607563e-05 0.000000e+00)
11.567        	1.765136e-07	(0.000000e+00 4.607563e-05 0.000000e+00)
11.568        	1.765088e-07	(0.000000e+00 4.607563e-05 0.000000e+00)
11.569        	1.765040e-07	(0.000000e+00 4.607563e-05 0.000000e+00)
11.57         	1.764992e-07	(0.000000e+00 4.607563e-05 0.000000e+00)
11.571        	1.764944e-07	(0.000000e+00 4.607563e-05 0.000000e+00)
11.572        	1.764896e-07	(0.000000e+00 4.607563e-05 0.000000e+00)
11.573        	1.764848e-07	(0.000000e+00 4.607563e-05 0.000000e+00)
11.574        	1.764800e-07	(0.000000e+00 4.607563e-05 0.000000e+00)
11.575        	1.764753e-07	(0.000000e+00 4.607563e-05 0.000000e+00)
11.576        	1.764704e-07	(0.000000e+00 4.607563e-05 0.000000e+00)
11.577        	1.764656e-07	(0.000000e+00 4.607563e-05 0.000000e+00)
11.578        	1.764608e-07	(0.000000e+00 4.607563e-05 0.000000e+00)
11.579        	1.764560e-07	(0.000000e+00 4.607563e-05 0.000000e+00)
11.58         	1.764512e-07	(0.000000e+00 4.607563e-05 0.000000e+00)
11.581        	1.764464e-07	(0.000000e+00 4.607563e-05 0.000000e+00)
11.582        	1.764416e-07	(0.000000e+00 4.607563e-05 0.000000e+00)
11.583        	1.764369e-07	(0.000000e+00 4.607563e-05 0.000000e+00)
11.584        	1.764321e-07	(0.000000e+00 4.607563e-05 0.000000e+00)
11.585        	1.764273e-07	(0.000000e+00 4.607563e-05 0.000000e+00)
11.586        	1.764225e-07	(0.000000e+00 4.607563e-05 0.000000e+00)
11.587        	1.764177e-07	(0.000000e+00 4.607563e-05 0.000000e+00)
11.588        	1.764129e-07	(0.000000e+00 4.607563e-05 0.000000e+00)
11.589        	1.764081e-07	(0.000000e+00 4.607563e-05 0.000000e+00)
11.59         	1.764033e-07	(0.000000e+00 4.607563e-05 0.000000e+00)
11.591        	1.763985e-07	(0.000000e+00 4.607563e-05 0.000000e+00)
11.592        	1.763937e-07	(0.000000e+00 4.607563e-05 0.000000e+00)
11.593        	1.763889e-07	(0.000000e+00 4.607563e-05 0.000000e+00)
11.594        	1.763841e-07	(0.000000e+00 4.607563e-05 0.000000e+00)
11.595        	1.763794e-07	(0.000000e+00 4.607563e-05 0.000000e+00)
11.596        	1.763746e-07	(0.000000e+00 4.607563e-05 0.000000e+00)
11.597        	1.763698e-07	(0.000000e+00 4.607563e-05 0.000000e+00)
11.598        	1.763650e-07	(0.000000e+00 4.607563e-05 0.000000e+00)
11.599        	1.763602e-07	(0.000000e+00 4.607563e-05 0.000000e+00)
11.6          	1.763554e-07	(0.000000e+00 4.607563e-05 0.000000e+00)
11.601        	1.763507e-07	(0.000000e+00 4.607563e-05 0.000000e+00)
11.602        	1.763459e-07	(0.000000e+00 4.607563e-05 0.000000e+00)
11.603        	1.763411e-07	(0.000000e+00 4.607563e-05 0.000000e+00)
11.604        	1.763363e-07	(0.000000e+00 4.607563e-05 0.000000e+00)
11.605        	1.763315e-07	(0.000000e+00 4.607563e-05 0.000000e+00)
11.606        	1.763268e-07	(0.000000e+00 4.607563e-05 0.000000e+00)
11.607        	1.763220e-07	(0.000000e+00 4.607563e-05 0.000000e+00)
11.608        	1.763172e-07	(0.000000e+00 4.607563e-05 0.000000e+00)
11.609        	1.763125e-07	(0.000000e+00 4.607563e-05 0.000000e+00)
11.61         	1.763077e-07	(0.000000e+00 4.607563e-05 0.000000e+00)
11.611        	1.763029e-07	(0.000000e+00 4.607563e-05 0.000000e+00)
11.612        	1.762981e-07	(0.000000e+00 4.607563e-05 0.000000e+00)
11.613        	1.762933e-07	(0.000000e+00 4.607563e-05 0.000000e+00)
11.614        	1.762885e-07	(0.000000e+00 4.607563e-05 0.000000e+00)
11.615        	1.762838e-07	(0.000000e+00 4.607563e-05 0.000000e+00)
11.616        	1.762790e-07	(0.000000e+00 4.607563e-05 0.000000e+00)
11.617        	1.762742e-07	(0.000000e+00 4.607563e-05 0.000000e+00)
11.618        	1.762694e-07	(0.000000e+00 4.607563e-05 0.000000e+00)
11.619        	1.762647e-07	(0.000000e+00 4.607563e-05 0.000000e+00)
11.62         	1.762599e-07	(0.000000e+00 4.607563e-05 0.000000e+00)
11.621        	1.762551e-07	(0.000000e+00 4.607563e-05 0.000000e+00)
11.622        	1.762503e-07	(0.000000e+00 4.607563e-05 0.000000e+00)
11.623        	1.762456e-07	(0.000000e+00 4.607563e-05 0.000000e+00)
11.624        	1.762408e-07	(0.000000e+00 4.607563e-05 0.000000e+00)
11.625        	1.762360e-07	(0.000000e+00 4.607563e-05 0.000000e+00)
11.626        	1.762313e-07	(0.000000e+00 4.607563e-05 0.000000e+00)
11.627        	1.762265e-07	(0.000000e+00 4.607563e-05 0.000000e+00)
11.628        	1.762217e-07	(0.000000e+00 4.607563e-05 0.000000e+00)
11.629        	1.762170e-07	(0.000000e+00 4.607563e-05 0.000000e+00)
11.63         	1.762122e-07	(0.000000e+00 4.607563e-05 0.000000e+00)
11.631        	1.762074e-07	(0.000000e+00 4.607563e-05 0.000000e+00)
11.632        	1.762027e-07	(0.000000e+00 4.607563e-05 0.000000e+00)
11.633        	1.761979e-07	(0.000000e+00 4.607563e-05 0.000000e+00)
11.634        	1.761932e-07	(0.000000e+00 4.607563e-05 0.000000e+00)
11.635        	1.761884e-07	(0.000000e+00 4.607563e-05 0.000000e+00)
11.636        	1.761837e-07	(0.000000e+00 4.607563e-05 0.000000e+00)
11.637        	1.761789e-07	(0.000000e+00 4.607563e-05 0.000000e+00)
11.638        	1.761742e-07	(0.000000e+00 4.607563e-05 0.000000e+00)
11.639        	1.761694e-07	(0.000000e+00 4.607563e-05 0.000000e+00)
11.64         	1.761647e-07	(0.000000e+00 4.607563e-05 0.000000e+00)
11.641        	1.761599e-07	(0.000000e+00 4.607563e-05 0.000000e+00)
11.642        	1.761551e-07	(0.000000e+00 4.607563e-05 0.000000e+00)
11.643        	1.761503e-07	(0.000000e+00 4.607563e-05 0.000000e+00)
11.644        	1.761456e-07	(0.000000e+00 4.607563e-05 0.000000e+00)
11.645        	1.761408e-07	(0.000000e+00 4.607563e-05 0.000000e+00)
11.646        	1.761361e-07	(0.000000e+00 4.607563e-05 0.000000e+00)
11.647        	1.761313e-07	(0.000000e+00 4.607563e-05 0.000000e+00)
11.648        	1.761266e-07	(0.000000e+00 4.607563e-05 0.000000e+00)
11.649        	1.761218e-07	(0.000000e+00 4.607563e-05 0.000000e+00)
11.65         	1.761171e-07	(0.000000e+00 4.607563e-05 0.000000e+00)
11.651        	1.761123e-07	(0.000000e+00 4.607563e-05 0.000000e+00)
11.652        	1.761076e-07	(0.000000e+00 4.607563e-05 0.000000e+00)
11.653        	1.761029e-07	(0.000000e+00 4.607563e-05 0.000000e+00)
11.654        	1.760982e-07	(0.000000e+00 4.607563e-05 0.000000e+00)
11.655        	1.760934e-07	(0.000000e+00 4.607563e-05 0.000000e+00)
11.656        	1.760887e-07	(0.000000e+00 4.607563e-05 0.000000e+00)
11.657        	1.760839e-07	(0.000000e+00 4.607563e-05 0.000000e+00)
11.658        	1.760792e-07	(0.000000e+00 4.607563e-05 0.000000e+00)
11.659        	1.760743e-07	(0.000000e+00 4.607563e-05 0.000000e+00)
11.66         	1.760696e-07	(0.000000e+00 4.607563e-05 0.000000e+00)
11.661        	1.760649e-07	(0.000000e+00 4.607563e-05 0.000000e+00)
11.662        	1.760602e-07	(0.000000e+00 4.607563e-05 0.000000e+00)
11.663        	1.760554e-07	(0.000000e+00 4.607563e-05 0.000000e+00)
11.664        	1.760507e-07	(0.000000e+00 4.607563e-05 0.000000e+00)
11.665        	1.760459e-07	(0.000000e+00 4.607563e-05 0.000000e+00)
11.666        	1.760412e-07	(0.000000e+00 4.607563e-05 0.000000e+00)
11.667        	1.760364e-07	(0.000000e+00 4.607563e-05 0.000000e+00)
11.668        	1.760317e-07	(0.000000e+00 4.607563e-05 0.000000e+00)
11.669        	1.760269e-07	(0.000000e+00 4.607563e-05 0.000000e+00)
11.67         	1.760222e-07	(0.000000e+00 4.607563e-05 0.000000e+00)
11.671        	1.760174e-07	(0.000000e+00 4.607563e-05 0.000000e+00)
11.672        	1.760127e-07	(0.000000e+00 4.607563e-05 0.000000e+00)
11.673        	1.760079e-07	(0.000000e+00 4.607563e-05 0.000000e+00)
11.674        	1.760032e-07	(0.000000e+00 4.607563e-05 0.000000e+00)
11.675        	1.759984e-07	(0.000000e+00 4.607563e-05 0.000000e+00)
11.676        	1.759938e-07	(0.000000e+00 4.607563e-05 0.000000e+00)
11.677        	1.759890e-07	(0.000000e+00 4.607563e-05 0.000000e+00)
11.678        	1.759843e-07	(0.000000e+00 4.607563e-05 0.000000e+00)
11.679        	1.759795e-07	(0.000000e+00 4.607563e-05 0.000000e+00)
11.68         	1.759749e-07	(0.000000e+00 4.607563e-05 0.000000e+00)
11.681        	1.759701e-07	(0.000000e+00 4.607563e-05 0.000000e+00)
11.682        	1.759654e-07	(0.000000e+00 4.607563e-05 0.000000e+00)
11.683        	1.759607e-07	(0.000000e+00 4.607563e-05 0.000000e+00)
11.684        	1.759560e-07	(0.000000e+00 4.607563e-05 0.000000e+00)
11.685        	1.759512e-07	(0.000000e+00 4.607563e-05 0.000000e+00)
11.686        	1.759465e-07	(0.000000e+00 4.607563e-05 0.000000e+00)
11.687        	1.759418e-07	(0.000000e+00 4.607563e-05 0.000000e+00)
11.688        	1.759371e-07	(0.000000e+00 4.607563e-05 0.000000e+00)
11.689        	1.759323e-07	(0.000000e+00 4.607563e-05 0.000000e+00)
11.69         	1.759276e-07	(0.000000e+00 4.607563e-05 0.000000e+00)
11.691        	1.759229e-07	(0.000000e+00 4.607563e-05 0.000000e+00)
11.692        	1.759182e-07	(0.000000e+00 4.607563e-05 0.000000e+00)
11.693        	1.759134e-07	(0.000000e+00 4.607563e-05 0.000000e+00)
11.694        	1.759088e-07	(0.000000e+00 4.607563e-05 0.000000e+00)
11.695        	1.759040e-07	(0.000000e+00 4.607563e-05 0.000000e+00)
11.696        	1.758993e-07	(0.000000e+00 4.607563e-05 0.000000e+00)
11.697        	1.758946e-07	(0.000000e+00 4.607563e-05 0.000000e+00)
11.698        	1.758899e-07	(0.000000e+00 4.607563e-05 0.000000e+00)
11.699        	1.758852e-07	(0.000000e+00 4.607563e-05 0.000000e+00)
11.7          	1.758805e-07	(0.000000e+00 4.607563e-05 0.000000e+00)
11.701        	1.758758e-07	(0.000000e+00 4.607563e-05 0.000000e+00)
11.702        	1.758711e-07	(0.000000e+00 4.607563e-05 0.000000e+00)
11.703        	1.758663e-07	(0.000000e+00 4.607563e-05 0.000000e+00)
11.704        	1.758617e-07	(0.000000e+00 4.607563e-05 0.000000e+00)
11.705        	1.758569e-07	(0.000000e+00 4.607563e-05 0.000000e+00)
11.706        	1.758522e-07	(0.000000e+00 4.607563e-05 0.000000e+00)
11.707        	1.758475e-07	(0.000000e+00 4.607563e-05 0.000000e+00)
11.708        	1.758428e-07	(0.000000e+00 4.607563e-05 0.000000e+00)
11.709        	1.758381e-07	(0.000000e+00 4.607563e-05 0.000000e+00)
11.71         	1.758334e-07	(0.000000e+00 4.607563e-05 0.000000e+00)
11.711        	1.758287e-07	(0.000000e+00 4.607563e-05 0.000000e+00)
11.712        	1.758240e-07	(0.000000e+00 4.607563e-05 0.000000e+00)
11.713        	1.758193e-07	(0.000000e+00 4.607563e-05 0.000000e+00)
11.714        	1.758146e-07	(0.000000e+00 4.607563e-05 0.000000e+00)
11.715        	1.758099e-07	(0.000000e+00 4.607563e-05 0.000000e+00)
11.716        	1.758052e-07	(0.000000e+00 4.607563e-05 0.000000e+00)
11.717        	1.758005e-07	(0.000000e+00 4.607563e-05 0.000000e+00)
11.718        	1.757958e-07	(0.000000e+00 4.607563e-05 0.000000e+00)
11.719        	1.757911e-07	(0.000000e+00 4.607563e-05 0.000000e+00)
11.72         	1.757864e-07	(0.000000e+00 4.607563e-05 0.000000e+00)
11.721        	1.757817e-07	(0.000000e+00 4.607563e-05 0.000000e+00)
11.722        	1.757770e-07	(0.000000e+00 4.607563e-05 0.000000e+00)
11.723        	1.757723e-07	(0.000000e+00 4.607563e-05 0.000000e+00)
11.724        	1.757676e-07	(0.000000e+00 4.607563e-05 0.000000e+00)
11.725        	1.757629e-07	(0.000000e+00 4.607563e-05 0.000000e+00)
11.726        	1.757582e-07	(0.000000e+00 4.607563e-05 0.000000e+00)
11.727        	1.757535e-07	(0.000000e+00 4.607563e-05 0.000000e+00)
11.728        	1.757488e-07	(0.000000e+00 4.607563e-05 0.000000e+00)
11.729        	1.757441e-07	(0.000000e+00 4.607563e-05 0.000000e+00)
11.73         	1.757394e-07	(0.000000e+00 4.607563e-05 0.000000e+00)
11.731        	1.757347e-07	(0.000000e+00 4.607563e-05 0.000000e+00)
11.732        	1.757300e-07	(0.000000e+00 4.607563e-05 0.000000e+00)
11.733        	1.757253e-07	(0.000000e+00 4.607563e-05 0.000000e+00)
11.734        	1.757206e-07	(0.000000e+00 4.607563e-05 0.000000e+00)
11.735        	1.757159e-07	(0.000000e+00 4.607563e-05 0.000000e+00)
11.736        	1.757113e-07	(0.000000e+00 4.607563e-05 0.000000e+00)
11.737        	1.757066e-07	(0.000000e+00 4.607563e-05 0.000000e+00)
11.738        	1.757019e-07	(0.000000e+00 4.607563e-05 0.000000e+00)
11.739        	1.756972e-07	(0.000000e+00 4.607563e-05 0.000000e+00)
11.74         	1.756925e-07	(0.000000e+00 4.607563e-05 0.000000e+00)
11.741        	1.756878e-07	(0.000000e+00 4.607563e-05 0.000000e+00)
11.742        	1.756831e-07	(0.000000e+00 4.607563e-05 0.000000e+00)
11.743        	1.756785e-07	(0.000000e+00 4.607563e-05 0.000000e+00)
11.744        	1.756738e-07	(0.000000e+00 4.607563e-05 0.000000e+00)
11.745        	1.756691e-07	(0.000000e+00 4.607563e-05 0.000000e+00)
11.746        	1.756644e-07	(0.000000e+00 4.607563e-05 0.000000e+00)
11.747        	1.756597e-07	(0.000000e+00 4.607563e-05 0.000000e+00)
11.748        	1.756551e-07	(0.000000e+00 4.607563e-05 0.000000e+00)
11.749        	1.756504e-07	(0.000000e+00 4.607563e-05 0.000000e+00)
11.75         	1.756457e-07	(0.000000e+00 4.607563e-05 0.000000e+00)
11.751        	1.756410e-07	(0.000000e+00 4.607563e-05 0.000000e+00)
11.752        	1.756363e-07	(0.000000e+00 4.607563e-05 0.000000e+00)
11.753        	1.756317e-07	(0.000000e+00 4.607563e-05 0.000000e+00)
11.754        	1.756270e-07	(0.000000e+00 4.607563e-05 0.000000e+00)
11.755        	1.756223e-07	(0.000000e+00 4.607563e-05 0.000000e+00)
11.756        	1.756177e-07	(0.000000e+00 4.607563e-05 0.000000e+00)
11.757        	1.756130e-07	(0.000000e+00 4.607563e-05 0.000000e+00)
11.758        	1.756083e-07	(0.000000e+00 4.607563e-05 0.000000e+00)
11.759        	1.756036e-07	(0.000000e+00 4.607563e-05 0.000000e+00)
11.76         	1.755990e-07	(0.000000e+00 4.607563e-05 0.000000e+00)
11.761        	1.755943e-07	(0.000000e+00 4.607563e-05 0.000000e+00)
11.762        	1.755897e-07	(0.000000e+00 4.607563e-05 0.000000e+00)
11.763        	1.755850e-07	(0.000000e+00 4.607563e-05 0.000000e+00)
11.764        	1.755803e-07	(0.000000e+00 4.607563e-05 0.000000e+00)
11.765        	1.755757e-07	(0.000000e+00 4.607563e-05 0.000000e+00)
11.766        	1.755710e-07	(0.000000e+00 4.607563e-05 0.000000e+00)
11.767        	1.755664e-07	(0.000000e+00 4.607563e-05 0.000000e+00)
11.768        	1.755617e-07	(0.000000e+00 4.607563e-05 0.000000e+00)
11.769        	1.755571e-07	(0.000000e+00 4.607563e-05 0.000000e+00)
11.77         	1.755524e-07	(0.000000e+00 4.607563e-05 0.000000e+00)
11.771        	1.755477e-07	(0.000000e+00 4.607563e-05 0.000000e+00)
11.772        	1.755431e-07	(0.000000e+00 4.607563e-05 0.000000e+00)
11.773        	1.755384e-07	(0.000000e+00 4.607563e-05 0.000000e+00)
11.774        	1.755338e-07	(0.000000e+00 4.607563e-05 0.000000e+00)
11.775        	1.755291e-07	(0.000000e+00 4.607563e-05 0.000000e+00)
11.776        	1.755245e-07	(0.000000e+00 4.607563e-05 0.000000e+00)
11.777        	1.755198e-07	(0.000000e+00 4.607563e-05 0.000000e+00)
11.778        	1.755151e-07	(0.000000e+00 4.607563e-05 0.000000e+00)
11.779        	1.755105e-07	(0.000000e+00 4.607563e-05 0.000000e+00)
11.78         	1.755059e-07	(0.000000e+00 4.607563e-05 0.000000e+00)
11.781        	1.755012e-07	(0.000000e+00 4.607563e-05 0.000000e+00)
11.782        	1.754965e-07	(0.000000e+00 4.607563e-05 0.000000e+00)
11.783        	1.754918e-07	(0.000000e+00 4.607563e-05 0.000000e+00)
11.784        	1.754872e-07	(0.000000e+00 4.607563e-05 0.000000e+00)
11.785        	1.754825e-07	(0.000000e+00 4.607563e-05 0.000000e+00)
11.786        	1.754779e-07	(0.000000e+00 4.607563e-05 0.000000e+00)
11.787        	1.754732e-07	(0.000000e+00 4.607563e-05 0.000000e+00)
11.788        	1.754686e-07	(0.000000e+00 4.607563e-05 0.000000e+00)
11.789        	1.754639e-07	(0.000000e+00 4.607563e-05 0.000000e+00)
11.79         	1.754593e-07	(0.000000e+00 4.607563e-05 0.000000e+00)
11.791        	1.754546e-07	(0.000000e+00 4.607563e-05 0.000000e+00)
11.792        	1.754500e-07	(0.000000e+00 4.607563e-05 0.000000e+00)
11.793        	1.754453e-07	(0.000000e+00 4.607563e-05 0.000000e+00)
11.794        	1.754407e-07	(0.000000e+00 4.607563e-05 0.000000e+00)
11.795        	1.754360e-07	(0.000000e+00 4.607563e-05 0.000000e+00)
11.796        	1.754314e-07	(0.000000e+00 4.607563e-05 0.000000e+00)
11.797        	1.754267e-07	(0.000000e+00 4.607563e-05 0.000000e+00)
11.798        	1.754221e-07	(0.000000e+00 4.607563e-05 0.000000e+00)
11.799        	1.754174e-07	(0.000000e+00 4.607563e-05 0.000000e+00)
11.8          	1.754128e-07	(0.000000e+00 4.607563e-05 0.000000e+00)
11.801        	1.754081e-07	(0.000000e+00 4.607563e-05 0.000000e+00)
11.802        	1.754036e-07	(0.000000e+00 4.607563e-05 0.000000e+00)
11.803        	1.753989e-07	(0.000000e+00 4.607563e-05 0.000000e+00)
11.804        	1.753942e-07	(0.000000e+00 4.607563e-05 0.000000e+00)
11.805        	1.753896e-07	(0.000000e+00 4.607563e-05 0.000000e+00)
11.806        	1.753850e-07	(0.000000e+00 4.607563e-05 0.000000e+00)
11.807        	1.753803e-07	(0.000000e+00 4.607563e-05 0.000000e+00)
11.808        	1.753757e-07	(0.000000e+00 4.607563e-05 0.000000e+00)
11.809        	1.753711e-07	(0.000000e+00 4.607563e-05 0.000000e+00)
11.81         	1.753665e-07	(0.000000e+00 4.607563e-05 0.000000e+00)
11.811        	1.753619e-07	(0.000000e+00 4.607563e-05 0.000000e+00)
11.812        	1.753572e-07	(0.000000e+00 4.607563e-05 0.000000e+00)
11.813        	1.753526e-07	(0.000000e+00 4.607563e-05 0.000000e+00)
11.814        	1.753480e-07	(0.000000e+00 4.607563e-05 0.000000e+00)
11.815        	1.753433e-07	(0.000000e+00 4.607563e-05 0.000000e+00)
11.816        	1.753387e-07	(0.000000e+00 4.607563e-05 0.000000e+00)
11.817        	1.753341e-07	(0.000000e+00 4.607563e-05 0.000000e+00)
11.818        	1.753294e-07	(0.000000e+00 4.607563e-05 0.000000e+00)
11.819        	1.753248e-07	(0.000000e+00 4.607563e-05 0.000000e+00)
11.82         	1.753202e-07	(0.000000e+00 4.607563e-05 0.000000e+00)
11.821        	1.753155e-07	(0.000000e+00 4.607563e-05 0.000000e+00)
11.822        	1.753109e-07	(0.000000e+00 4.607563e-05 0.000000e+00)
11.823        	1.753062e-07	(0.000000e+00 4.607563e-05 0.000000e+00)
11.824        	1.753016e-07	(0.000000e+00 4.607563e-05 0.000000e+00)
11.825        	1.752970e-07	(0.000000e+00 4.607563e-05 0.000000e+00)
11.826        	1.752924e-07	(0.000000e+00 4.607563e-05 0.000000e+00)
11.827        	1.752877e-07	(0.000000e+00 4.607563e-05 0.000000e+00)
11.828        	1.752831e-07	(0.000000e+00 4.607563e-05 0.000000e+00)
11.829        	1.752785e-07	(0.000000e+00 4.607563e-05 0.000000e+00)
11.83         	1.752739e-07	(0.000000e+00 4.607563e-05 0.000000e+00)
11.831        	1.752693e-07	(0.000000e+00 4.607563e-05 0.000000e+00)
11.832        	1.752647e-07	(0.000000e+00 4.607563e-05 0.000000e+00)
11.833        	1.752600e-07	(0.000000e+00 4.607563e-05 0.000000e+00)
11.834        	1.752554e-07	(0.000000e+00 4.607563e-05 0.000000e+00)
11.835        	1.752508e-07	(0.000000e+00 4.607563e-05 0.000000e+00)
11.836        	1.752462e-07	(0.000000e+00 4.607563e-05 0.000000e+00)
11.837        	1.752415e-07	(0.000000e+00 4.607563e-05 0.000000e+00)
11.838        	1.752370e-07	(0.000000e+00 4.607563e-05 0.000000e+00)
11.839        	1.752323e-07	(0.000000e+00 4.607563e-05 0.000000e+00)
11.84         	1.752278e-07	(0.000000e+00 4.607563e-05 0.000000e+00)
11.841        	1.752231e-07	(0.000000e+00 4.607563e-05 0.000000e+00)
11.842        	1.752185e-07	(0.000000e+00 4.607563e-05 0.000000e+00)
11.843        	1.752139e-07	(0.000000e+00 4.607563e-05 0.000000e+00)
11.844        	1.752093e-07	(0.000000e+00 4.607563e-05 0.000000e+00)
11.845        	1.752047e-07	(0.000000e+00 4.607563e-05 0.000000e+00)
11.846        	1.752001e-07	(0.000000e+00 4.607563e-05 0.000000e+00)
11.847        	1.751955e-07	(0.000000e+00 4.607563e-05 0.000000e+00)
11.848        	1.751909e-07	(0.000000e+00 4.607563e-05 0.000000e+00)
11.849        	1.751862e-07	(0.000000e+00 4.607563e-05 0.000000e+00)
11.85         	1.751817e-07	(0.000000e+00 4.607563e-05 0.000000e+00)
11.851        	1.751770e-07	(0.000000e+00 4.607563e-05 0.000000e+00)
11.852        	1.751724e-07	(0.000000e+00 4.607563e-05 0.000000e+00)
11.853        	1.751678e-07	(0.000000e+00 4.607563e-05 0.000000e+00)
11.854        	1.751632e-07	(0.000000e+00 4.607563e-05 0.000000e+00)
11.855        	1.751586e-07	(0.000000e+00 4.607563e-05 0.000000e+00)
11.856        	1.751540e-07	(0.000000e+00 4.607563e-05 0.000000e+00)
11.857        	1.751493e-07	(0.000000e+00 4.607563e-05 0.000000e+00)
11.858        	1.751448e-07	(0.000000e+00 4.607563e-05 0.000000e+00)
11.859        	1.751401e-07	(0.000000e+00 4.607563e-05 0.000000e+00)
11.86         	1.751356e-07	(0.000000e+00 4.607563e-05 0.000000e+00)
11.861        	1.751309e-07	(0.000000e+00 4.607563e-05 0.000000e+00)
11.862        	1.751264e-07	(0.000000e+00 4.607563e-05 0.000000e+00)
11.863        	1.751217e-07	(0.000000e+00 4.607563e-05 0.000000e+00)
11.864        	1.751172e-07	(0.000000e+00 4.607563e-05 0.000000e+00)
11.865        	1.751125e-07	(0.000000e+00 4.607563e-05 0.000000e+00)
11.866        	1.751079e-07	(0.000000e+00 4.607563e-05 0.000000e+00)
11.867        	1.751033e-07	(0.000000e+00 4.607563e-05 0.000000e+00)
11.868        	1.750988e-07	(0.000000e+00 4.607563e-05 0.000000e+00)
11.869        	1.750941e-07	(0.000000e+00 4.607563e-05 0.000000e+00)
11.87         	1.750896e-07	(0.000000e+00 4.607563e-05 0.000000e+00)
11.871        	1.750849e-07	(0.000000e+00 4.607563e-05 0.000000e+00)
11.872        	1.750804e-07	(0.000000e+00 4.607563e-05 0.000000e+00)
11.873        	1.750758e-07	(0.000000e+00 4.607563e-05 0.000000e+00)
11.874        	1.750712e-07	(0.000000e+00 4.607563e-05 0.000000e+00)
11.875        	1.750666e-07	(0.000000e+00 4.607563e-05 0.000000e+00)
11.876        	1.750621e-07	(0.000000e+00 4.607563e-05 0.000000e+00)
11.877        	1.750574e-07	(0.000000e+00 4.607563e-05 0.000000e+00)
11.878        	1.750529e-07	(0.000000e+00 4.607563e-05 0.000000e+00)
11.879        	1.750482e-07	(0.000000e+00 4.607563e-05 0.000000e+00)
11.88         	1.750437e-07	(0.000000e+00 4.607563e-05 0.000000e+00)
11.881        	1.750390e-07	(0.000000e+00 4.607563e-05 0.000000e+00)
11.882        	1.750345e-07	(0.000000e+00 4.607563e-05 0.000000e+00)
11.883        	1.750299e-07	(0.000000e+00 4.607563e-05 0.000000e+00)
11.884        	1.750254e-07	(0.000000e+00 4.607563e-05 0.000000e+00)
11.885        	1.750207e-07	(0.000000e+00 4.607563e-05 0.000000e+00)
11.886        	1.750162e-07	(0.000000e+00 4.607563e-05 0.000000e+00)
11.887        	1.750115e-07	(0.000000e+00 4.607563e-05 0.000000e+00)
11.888        	1.750070e-07	(0.000000e+00 4.607563e-05 0.000000e+00)
11.889        	1.750024e-07	(0.000000e+00 4.607563e-05 0.000000e+00)
11.89         	1.749979e-07	(0.000000e+00 4.607563e-05 0.000000e+00)
11.891        	1.749932e-07	(0.000000e+00 4.607563e-05 0.000000e+00)
11.892        	1.749887e-07	(0.000000e+00 4.607563e-05 0.000000e+00)
11.893        	1.749840e-07	(0.000000e+00 4.607563e-05 0.000000e+00)
11.894        	1.749795e-07	(0.000000e+00 4.607563e-05 0.000000e+00)
11.895        	1.749749e-07	(0.000000e+00 4.607563e-05 0.000000e+00)
11.896        	1.749704e-07	(0.000000e+00 4.607563e-05 0.000000e+00)
11.897        	1.749657e-07	(0.000000e+00 4.607563e-05 0.000000e+00)
11.898        	1.749612e-07	(0.000000e+00 4.607563e-05 0.000000e+00)
11.899        	1.749565e-07	(0.000000e+00 4.607563e-05 0.000000e+00)
11.9          	1.749521e-07	(0.000000e+00 4.607563e-05 0.000000e+00)
11.901        	1.749474e-07	(0.000000e+00 4.607563e-05 0.000000e+00)
11.902        	1.749429e-07	(0.000000e+00 4.607563e-05 0.000000e+00)
11.903        	1.749383e-07	(0.000000e+00 4.607563e-05 0.000000e+00)
11.904        	1.749338e-07	(0.000000e+00 4.607563e-05 0.000000e+00)
11.905        	1.749291e-07	(0.000000e+00 4.607563e-05 0.000000e+00)
11.906        	1.749247e-07	(0.000000e+00 4.607563e-05 0.000000e+00)
11.907        	1.749200e-07	(0.000000e+00 4.607563e-05 0.000000e+00)
11.908        	1.749155e-07	(0.000000e+00 4.607563e-05 0.000000e+00)
11.909        	1.749109e-07	(0.000000e+00 4.607563e-05 0.000000e+00)
11.91         	1.749064e-07	(0.000000e+00 4.607563e-05 0.000000e+00)
11.911        	1.749017e-07	(0.000000e+00 4.607563e-05 0.000000e+00)
11.912        	1.748973e-07	(0.000000e+00 4.607563e-05 0.000000e+00)
11.913        	1.748926e-07	(0.000000e+00 4.607563e-05 0.000000e+00)
11.914        	1.748882e-07	(0.000000e+00 4.607563e-05 0.000000e+00)
11.915        	1.748835e-07	(0.000000e+00 4.607563e-05 0.000000e+00)
11.916        	1.748790e-07	(0.000000e+00 4.607563e-05 0.000000e+00)
11.917        	1.748744e-07	(0.000000e+00 4.607563e-05 0.000000e+00)
11.918        	1.748699e-07	(0.000000e+00 4.607563e-05 0.000000e+00)
11.919        	1.748653e-07	(0.000000e+00 4.607563e-05 0.000000e+00)
11.92         	1.748608e-07	(0.000000e+00 4.607563e-05 0.000000e+00)
11.921        	1.748562e-07	(0.000000e+00 4.607563e-05 0.000000e+00)
11.922        	1.748517e-07	(0.000000e+00 4.607563e-05 0.000000e+00)
11.923        	1.748470e-07	(0.000000e+00 4.607563e-05 0.000000e+00)
11.924        	1.748425e-07	(0.000000e+00 4.607563e-05 0.000000e+00)
11.925        	1.748379e-07	(0.000000e+00 4.607563e-05 0.000000e+00)
11.926        	1.748334e-07	(0.000000e+00 4.607563e-05 0.000000e+00)
11.927        	1.748287e-07	(0.000000e+00 4.607563e-05 0.000000e+00)
11.928        	1.748242e-07	(0.000000e+00 4.607563e-05 0.000000e+00)
11.929        	1.748196e-07	(0.000000e+00 4.607563e-05 0.000000e+00)
11.93         	1.748151e-07	(0.000000e+00 4.607563e-05 0.000000e+00)
11.931        	1.748105e-07	(0.000000e+00 4.607563e-05 0.000000e+00)
11.932        	1.748060e-07	(0.000000e+00 4.607563e-05 0.000000e+00)
11.933        	1.748014e-07	(0.000000e+00 4.607563e-05 0.000000e+00)
11.934        	1.747969e-07	(0.000000e+00 4.607563e-05 0.000000e+00)
11.935        	1.747923e-07	(0.000000e+00 4.607563e-05 0.000000e+00)
11.936        	1.747878e-07	(0.000000e+00 4.607563e-05 0.000000e+00)
11.937        	1.747832e-07	(0.000000e+00 4.607563e-05 0.000000e+00)
11.938        	1.747788e-07	(0.000000e+00 4.607563e-05 0.000000e+00)
11.939        	1.747742e-07	(0.000000e+00 4.607563e-05 0.000000e+00)
11.94         	1.747697e-07	(0.000000e+00 4.607563e-05 0.000000e+00)
11.941        	1.747651e-07	(0.000000e+00 4.607563e-05 0.000000e+00)
11.942        	1.747606e-07	(0.000000e+00 4.607563e-05 0.000000e+00)
11.943        	1.747560e-07	(0.000000e+00 4.607563e-05 0.000000e+00)
11.944        	1.747515e-07	(0.000000e+00 4.607563e-05 0.000000e+00)
11.945        	1.747469e-07	(0.000000e+00 4.607563e-05 0.000000e+00)
11.946        	1.747424e-07	(0.000000e+00 4.607563e-05 0.000000e+00)
11.947        	1.747378e-07	(0.000000e+00 4.607563e-05 0.000000e+00)
11.948        	1.747333e-07	(0.000000e+00 4.607563e-05 0.000000e+00)
11.949        	1.747288e-07	(0.000000e+00 4.607563e-05 0.000000e+00)
11.95         	1.747243e-07	(0.000000e+00 4.607563e-05 0.000000e+00)
11.951        	1.747197e-07	(0.000000e+00 4.607563e-05 0.000000e+00)
11.952        	1.747152e-07	(0.000000e+00 4.607563e-05 0.000000e+00)
11.953        	1.747106e-07	(0.000000e+00 4.607563e-05 0.000000e+00)
11.954        	1.747062e-07	(0.000000e+00 4.607563e-05 0.000000e+00)
11.955        	1.747015e-07	(0.000000e+00 4.607563e-05 0.000000e+00)
11.956        	1.746970e-07	(0.000000e+00 4.607563e-05 0.000000e+00)
11.957        	1.746924e-07	(0.000000e+00 4.607563e-05 0.000000e+00)
11.958        	1.746880e-07	(0.000000e+00 4.607563e-05 0.000000e+00)
11.959        	1.746834e-07	(0.000000e+00 4.607563e-05 0.000000e+00)
11.96         	1.746789e-07	(0.000000e+00 4.607563e-05 0.000000e+00)
11.961        	1.746743e-07	(0.000000e+00 4.607563e-05 0.000000e+00)
11.962        	1.746698e-07	(0.000000e+00 4.607563e-05 0.000000e+00)
11.963        	1.746653e-07	(0.000000e+00 4.607563e-05 0.000000e+00)
11.964        	1.746608e-07	(0.000000e+00 4.607563e-05 0.000000e+00)
11.965        	1.746562e-07	(0.000000e+00 4.607563e-05 0.000000e+00)
11.966        	1.746517e-07	(0.000000e+00 4.607563e-05 0.000000e+00)
11.967        	1.746471e-07	(0.000000e+00 4.607563e-05 0.000000e+00)
11.968        	1.746426e-07	(0.000000e+00 4.607563e-05 0.000000e+00)
11.969        	1.746381e-07	(0.000000e+00 4.607563e-05 0.000000e+00)
11.97         	1.746336e-07	(0.000000e+00 4.607563e-05 0.000000e+00)
11.971        	1.746290e-07	(0.000000e+00 4.607563e-05 0.000000e+00)
11.972        	1.746246e-07	(0.000000e+00 4.607563e-05 0.000000e+00)
11.973        	1.746200e-07	(0.000000e+00 4.607563e-05 0.000000e+00)
11.974        	1.746155e-07	(0.000000e+00 4.607563e-05 0.000000e+00)
11.975        	1.746109e-07	(0.000000e+00 4.607563e-05 0.000000e+00)
11.976        	1.746065e-07	(0.000000e+00 4.607563e-05 0.000000e+00)
11.977        	1.746019e-07	(0.000000e+00 4.607563e-05 0.000000e+00)
11.978        	1.745974e-07	(0.000000e+00 4.607563e-05 0.000000e+00)
11.979        	1.745929e-07	(0.000000e+00 4.607563e-05 0.000000e+00)
11.98         	1.745884e-07	(0.000000e+00 4.607563e-05 0.000000e+00)
11.981        	1.745839e-07	(0.000000e+00 4.607563e-05 0.000000e+00)
11.982        	1.745794e-07	(0.000000e+00 4.607563e-05 0.000000e+00)
11.983        	1.745748e-07	(0.000000e+00 4.607563e-05 0.000000e+00)
11.984        	1.745704e-07	(0.000000e+00 4.607563e-05 0.000000e+00)
11.985        	1.745658e-07	(0.000000e+00 4.607563e-05 0.000000e+00)
11.986        	1.745613e-07	(0.000000e+00 4.607563e-05 0.000000e+00)
11.987        	1.745568e-07	(0.000000e+00 4.607563e-05 0.000000e+00)
11.988        	1.745523e-07	(0.000000e+00 4.607563e-05 0.000000e+00)
11.989        	1.745478e-07	(0.000000e+00 4.607563e-05 0.000000e+00)
11.994        	1.849909e-07	(0.000000e+00 4.607563e-05 0.000000e+00)
11.999        	1.843102e-07	(0.000000e+00 4.607563e-05 0.000000e+00)
12.004        	1.837025e-07	(0.000000e+00 4.607563e-05 0.000000e+00)
12.009        	1.832882e-07	(0.000000e+00 4.607563e-05 0.000000e+00)
12.014        	1.828089e-07	(0.000000e+00 4.607563e-05 0.000000e+00)
12.019        	1.823792e-07	(0.000000e+00 4.607563e-05 0.000000e+00)
12.024        	1.819745e-07	(0.000000e+00 4.607563e-05 0.000000e+00)
12.029        	1.815875e-07	(0.000000e+00 4.607563e-05 0.000000e+00)
12.034        	1.812166e-07	(0.000000e+00 4.607563e-05 0.000000e+00)
12.039        	1.808601e-07	(0.000000e+00 4.607563e-05 0.000000e+00)
12.044        	1.805182e-07	(0.000000e+00 4.607563e-05 0.000000e+00)
12.054        	1.815457e-07	(0.000000e+00 4.607563e-05 0.000000e+00)
12.064        	1.810411e-07	(0.000000e+00 4.607563e-05 0.000000e+00)
12.074        	1.803262e-07	(0.000000e+00 4.607563e-05 0.000000e+00)
12.084        	1.797582e-07	(0.000000e+00 4.607563e-05 0.000000e+00)
12.094        	1.792071e-07	(0.000000e+00 4.607563e-05 0.000000e+00)
12.104        	1.786840e-07	(0.000000e+00 4.607563e-05 0.000000e+00)
12.114        	1.781869e-07	(0.000000e+00 4.607563e-05 0.000000e+00)
12.124        	1.776732e-07	(0.000000e+00 4.607563e-05 0.000000e+00)
12.134        	1.772739e-07	(0.000000e+00 4.607563e-05 0.000000e+00)
12.144        	1.768594e-07	(0.000000e+00 4.607563e-05 0.000000e+00)
12.154        	1.764669e-07	(0.000000e+00 4.607563e-05 0.000000e+00)
12.164        	1.761005e-07	(0.000000e+00 4.607563e-05 0.000000e+00)
12.174        	1.757040e-07	(0.000000e+00 4.607563e-05 0.000000e+00)
12.184        	1.754710e-07	(0.000000e+00 4.607563e-05 0.000000e+00)
12.194        	1.750579e-07	(0.000000e+00 4.607563e-05 0.000000e+00)
12.204        	1.748115e-07	(0.000000e+00 4.607563e-05 0.000000e+00)
12.214        	1.744743e-07	(0.000000e+00 4.607563e-05 0.000000e+00)
12.224        	1.742512e-07	(0.000000e+00 4.607563e-05 0.000000e+00)
12.234        	1.740016e-07	(0.000000e+00 4.607563e-05 0.000000e+00)
12.244        	1.737570e-07	(0.000000e+00 4.607563e-05 0.000000e+00)
12.254        	1.734546e-07	(0.000000e+00 4.607563e-05 0.000000e+00)
12.264        	1.732785e-07	(0.000000e+00 4.607563e-05 0.000000e+00)
12.274        	1.730765e-07	(0.000000e+00 4.607563e-05 0.000000e+00)
12.284        	1.727998e-07	(0.000000e+00 4.607563e-05 0.000000e+00)
12.294        	1.725449e-07	(0.000000e+00 4.607563e-05 0.000000e+00)
12.304        	1.723364e-07	(0.000000e+00 4.607563e-05 0.000000e+00)
12.314        	1.719679e-07	(0.000000e+00 4.607563e-05 0.000000e+00)
12.324        	1.715852e-07	(0.000000e+00 4.607563e-05 0.000000e+00)
12.334        	1.710899e-07	(0.000000e+00 4.607563e-05 0.000000e+00)
12.344        	1.702713e-07	(0.000000e+00 4.607563e-05 0.000000e+00)
12.354        	1.698095e-07	(0.000000e+00 4.607563e-05 0.000000e+00)
12.364        	1.679455e-07	(0.000000e+00 4.607563e-05 0.000000e+00)
12.374        	1.660096e-07	(0.000000e+00 4.607563e-05 0.000000e+00)
12.384        	1.617208e-07	(0.000000e+00 4.607563e-05 0.000000e+00)
12.394        	1.559827e-07	(0.000000e+00 4.607563e-05 0.000000e+00)
12.404        	1.445824e-07	(0.000000e+00 4.607563e-05 0.000000e+00)
12.414        	1.279418e-07	(0.000000e+00 4.607563e-05 0.000000e+00)
12.424        	9.927169e-08	(0.000000e+00 4.607563e-05 0.000000e+00)
12.434        	5.593487e-08	(0.000000e+00 4.607563e-05 0.000000e+00)
12.444        	1.485573e-11	(0.000000e+00 4.607563e-05 0.000000e+00)
12.454        	-1.887894e-08	(0.000000e+00 4.607563e-05 0.000000e+00)
12.464        	2.414244e-07	(0.000000e+00 4.607563e-05 0.000000e+00)
12.474        	1.682842e-06	(0.000000e+00 4.607563e-05 0.000000e+00)
12.479        	3.115035e-06	(0.000000e+00 4.607563e-05 0.000000e+00)
12.484        	4.771712e-06	(0.000000e+00 4.607563e-05 0.000000e+00)
12.489        	1.099333e-05	(0.000000e+00 4.607563e-05 0.000000e+00)
12.494        	4.610441e-05	(0.000000e+00 4.607563e-05 0.000000e+00)
12.499        	8.700627e-05	(0.000000e+00 4.607563e-05 0.000000e+00)
