# Selection   : patch(inlet)
# Faces       : 46
# Area        : 1.446005e-02
# Time        	areaAverage(p)	areaAverage(U)
44            	1.233008e-07	(0.000000e+00 1.471111e-03 0.000000e+00)
44.05         	1.232652e-07	(0.000000e+00 1.471111e-03 0.000000e+00)
44.1          	1.229767e-07	(0.000000e+00 1.471111e-03 0.000000e+00)
44.15         	1.230152e-07	(0.000000e+00 1.471111e-03 0.000000e+00)
44.2          	1.229976e-07	(0.000000e+00 1.471111e-03 0.000000e+00)
44.25         	1.229620e-07	(0.000000e+00 1.471111e-03 0.000000e+00)
44.3          	1.229197e-07	(0.000000e+00 1.471111e-03 0.000000e+00)
44.35         	1.228779e-07	(0.000000e+00 1.471111e-03 0.000000e+00)
44.4          	1.228418e-07	(0.000000e+00 1.471111e-03 0.000000e+00)
44.45         	1.227733e-07	(0.000000e+00 1.471111e-03 0.000000e+00)
44.5          	1.227238e-07	(0.000000e+00 1.471111e-03 0.000000e+00)
44.55         	1.226775e-07	(0.000000e+00 1.471111e-03 0.000000e+00)
44.6          	1.226385e-07	(0.000000e+00 1.471111e-03 0.000000e+00)
44.65         	1.225897e-07	(0.000000e+00 1.471111e-03 0.000000e+00)
44.7          	1.225593e-07	(0.000000e+00 1.471111e-03 0.000000e+00)
44.75         	1.225079e-07	(0.000000e+00 1.471111e-03 0.000000e+00)
44.8          	1.224767e-07	(0.000000e+00 1.471111e-03 0.000000e+00)
44.85         	1.224260e-07	(0.000000e+00 1.471111e-03 0.000000e+00)
44.9          	1.223951e-07	(0.000000e+00 1.471111e-03 0.000000e+00)
44.95         	1.223461e-07	(0.000000e+00 1.471111e-03 0.000000e+00)
45            	1.223123e-07	(0.000000e+00 1.471111e-03 0.000000e+00)
45.05         	1.222545e-07	(0.000000e+00 1.471111e-03 0.000000e+00)
45.1          	1.222298e-07	(0.000000e+00 1.471111e-03 0.000000e+00)
45.15         	1.221799e-07	(0.000000e+00 1.471111e-03 0.000000e+00)
45.2          	1.221568e-07	(0.000000e+00 1.471111e-03 0.000000e+00)
45.25         	1.221128e-07	(0.000000e+00 1.471111e-03 0.000000e+00)
45.3          	1.221145e-07	(0.000000e+00 1.471111e-03 0.000000e+00)
45.35         	1.220548e-07	(0.000000e+00 1.471111e-03 0.000000e+00)
45.4          	1.220123e-07	(0.000000e+00 1.471111e-03 0.000000e+00)
45.45         	1.219780e-07	(0.000000e+00 1.471111e-03 0.000000e+00)
45.5          	1.219760e-07	(0.000000e+00 1.471111e-03 0.000000e+00)
45.55         	1.219465e-07	(0.000000e+00 1.471111e-03 0.000000e+00)
45.6          	1.219076e-07	(0.000000e+00 1.471111e-03 0.000000e+00)
45.65         	1.218959e-07	(0.000000e+00 1.471111e-03 0.000000e+00)
45.7          	1.218597e-07	(0.000000e+00 1.471111e-03 0.000000e+00)
45.75         	1.218466e-07	(0.000000e+00 1.471111e-03 0.000000e+00)
45.8          	1.218103e-07	(0.000000e+00 1.471111e-03 0.000000e+00)
45.85         	1.217990e-07	(0.000000e+00 1.471111e-03 0.000000e+00)
45.9          	1.217632e-07	(0.000000e+00 1.471111e-03 0.000000e+00)
45.95         	1.217545e-07	(0.000000e+00 1.471111e-03 0.000000e+00)
46            	1.217180e-07	(0.000000e+00 1.471111e-03 0.000000e+00)
46.05         	1.217083e-07	(0.000000e+00 1.471111e-03 0.000000e+00)
46.1          	1.216797e-07	(0.000000e+00 1.471111e-03 0.000000e+00)
46.15         	1.216759e-07	(0.000000e+00 1.471111e-03 0.000000e+00)
46.2          	1.216402e-07	(0.000000e+00 1.471111e-03 0.000000e+00)
46.25         	1.216190e-07	(0.000000e+00 1.471111e-03 0.000000e+00)
46.3          	1.216153e-07	(0.000000e+00 1.471111e-03 0.000000e+00)
46.35         	1.216168e-07	(0.000000e+00 1.471111e-03 0.000000e+00)
46.4          	1.216049e-07	(0.000000e+00 1.471111e-03 0.000000e+00)
46.45         	1.215767e-07	(0.000000e+00 1.471111e-03 0.000000e+00)
46.5          	1.215249e-07	(0.000000e+00 1.471111e-03 0.000000e+00)
46.55         	1.214804e-07	(0.000000e+00 1.471111e-03 0.000000e+00)
46.6          	1.214626e-07	(0.000000e+00 1.471111e-03 0.000000e+00)
46.65         	1.214345e-07	(0.000000e+00 1.471111e-03 0.000000e+00)
46.7          	1.214131e-07	(0.000000e+00 1.471111e-03 0.000000e+00)
46.75         	1.213718e-07	(0.000000e+00 1.471111e-03 0.000000e+00)
46.8          	1.213263e-07	(0.000000e+00 1.471111e-03 0.000000e+00)
46.85         	1.213115e-07	(0.000000e+00 1.471111e-03 0.000000e+00)
46.9          	1.212801e-07	(0.000000e+00 1.471111e-03 0.000000e+00)
46.95         	1.212434e-07	(0.000000e+00 1.471111e-03 0.000000e+00)
47            	1.212091e-07	(0.000000e+00 1.471111e-03 0.000000e+00)
47.05         	1.211976e-07	(0.000000e+00 1.471111e-03 0.000000e+00)
47.1          	1.211808e-07	(0.000000e+00 1.471111e-03 0.000000e+00)
47.15         	1.211619e-07	(0.000000e+00 1.471111e-03 0.000000e+00)
47.2          	1.211269e-07	(0.000000e+00 1.471111e-03 0.000000e+00)
47.25         	1.211026e-07	(0.000000e+00 1.471111e-03 0.000000e+00)
47.3          	1.210225e-07	(0.000000e+00 1.471111e-03 0.000000e+00)
47.35         	1.209763e-07	(0.000000e+00 1.471111e-03 0.000000e+00)
47.4          	1.209215e-07	(0.000000e+00 1.471111e-03 0.000000e+00)
47.45         	1.208930e-07	(0.000000e+00 1.471111e-03 0.000000e+00)
47.5          	1.208434e-07	(0.000000e+00 1.471111e-03 0.000000e+00)
47.55         	1.207913e-07	(0.000000e+00 1.471111e-03 0.000000e+00)
47.6          	1.207434e-07	(0.000000e+00 1.471111e-03 0.000000e+00)
47.65         	1.207004e-07	(0.000000e+00 1.471111e-03 0.000000e+00)
47.7          	1.206783e-07	(0.000000e+00 1.471111e-03 0.000000e+00)
47.75         	1.206481e-07	(0.000000e+00 1.471111e-03 0.000000e+00)
47.8          	1.206122e-07	(0.000000e+00 1.471111e-03 0.000000e+00)
47.85         	1.205886e-07	(0.000000e+00 1.471111e-03 0.000000e+00)
47.9          	1.205496e-07	(0.000000e+00 1.471111e-03 0.000000e+00)
47.95         	1.205092e-07	(0.000000e+00 1.471111e-03 0.000000e+00)
48            	1.204816e-07	(0.000000e+00 1.471111e-03 0.000000e+00)
48.05         	1.204580e-07	(0.000000e+00 1.471111e-03 0.000000e+00)
48.1          	1.204275e-07	(0.000000e+00 1.471111e-03 0.000000e+00)
48.15         	1.203927e-07	(0.000000e+00 1.471111e-03 0.000000e+00)
48.2          	1.203848e-07	(0.000000e+00 1.471111e-03 0.000000e+00)
48.25         	1.203697e-07	(0.000000e+00 1.471111e-03 0.000000e+00)
48.3          	1.203491e-07	(0.000000e+00 1.471111e-03 0.000000e+00)
48.35         	1.203974e-07	(0.000000e+00 1.471111e-03 0.000000e+00)
48.4          	1.203473e-07	(0.000000e+00 1.471111e-03 0.000000e+00)
48.45         	1.203138e-07	(0.000000e+00 1.471111e-03 0.000000e+00)
48.5          	1.202871e-07	(0.000000e+00 1.471111e-03 0.000000e+00)
48.55         	1.202846e-07	(0.000000e+00 1.471111e-03 0.000000e+00)
48.6          	1.202687e-07	(0.000000e+00 1.471111e-03 0.000000e+00)
48.65         	1.202501e-07	(0.000000e+00 1.471111e-03 0.000000e+00)
48.7          	1.202332e-07	(0.000000e+00 1.471111e-03 0.000000e+00)
48.75         	1.202189e-07	(0.000000e+00 1.471111e-03 0.000000e+00)
48.8          	1.201877e-07	(0.000000e+00 1.471111e-03 0.000000e+00)
48.85         	1.201624e-07	(0.000000e+00 1.471111e-03 0.000000e+00)
48.9          	1.201408e-07	(0.000000e+00 1.471111e-03 0.000000e+00)
48.95         	1.201213e-07	(0.000000e+00 1.471111e-03 0.000000e+00)
49            	1.200887e-07	(0.000000e+00 1.471111e-03 0.000000e+00)
49.05         	1.200809e-07	(0.000000e+00 1.471111e-03 0.000000e+00)
49.1          	1.200457e-07	(0.000000e+00 1.471111e-03 0.000000e+00)
49.15         	1.199526e-07	(0.000000e+00 1.471111e-03 0.000000e+00)
49.2          	1.198835e-07	(0.000000e+00 1.471111e-03 0.000000e+00)
49.25         	1.198653e-07	(0.000000e+00 1.471111e-03 0.000000e+00)
49.3          	1.198299e-07	(0.000000e+00 1.471111e-03 0.000000e+00)
49.35         	1.197966e-07	(0.000000e+00 1.471111e-03 0.000000e+00)
49.4          	1.197714e-07	(0.000000e+00 1.471111e-03 0.000000e+00)
49.45         	1.197413e-07	(0.000000e+00 1.471111e-03 0.000000e+00)
49.5          	1.197292e-07	(0.000000e+00 1.471111e-03 0.000000e+00)
49.55         	1.197350e-07	(0.000000e+00 1.471111e-03 0.000000e+00)
49.6          	1.197311e-07	(0.000000e+00 1.471111e-03 0.000000e+00)
49.65         	1.197353e-07	(0.000000e+00 1.471111e-03 0.000000e+00)
49.7          	1.196836e-07	(0.000000e+00 1.471111e-03 0.000000e+00)
49.75         	1.196855e-07	(0.000000e+00 1.471111e-03 0.000000e+00)
49.8          	1.196501e-07	(0.000000e+00 1.471111e-03 0.000000e+00)
49.85         	1.196617e-07	(0.000000e+00 1.471111e-03 0.000000e+00)
49.9          	1.196504e-07	(0.000000e+00 1.471111e-03 0.000000e+00)
49.95         	1.196860e-07	(0.000000e+00 1.471111e-03 0.000000e+00)
50            	1.196749e-07	(0.000000e+00 1.471111e-03 0.000000e+00)
50.05         	1.196923e-07	(0.000000e+00 1.471111e-03 0.000000e+00)
50.1          	1.197008e-07	(0.000000e+00 1.471111e-03 0.000000e+00)
50.15         	1.197589e-07	(0.000000e+00 1.471111e-03 0.000000e+00)
50.2          	1.197576e-07	(0.000000e+00 1.471111e-03 0.000000e+00)
50.25         	1.197413e-07	(0.000000e+00 1.471111e-03 0.000000e+00)
50.3          	1.197380e-07	(0.000000e+00 1.471111e-03 0.000000e+00)
50.35         	1.197243e-07	(0.000000e+00 1.471111e-03 0.000000e+00)
50.4          	1.197134e-07	(0.000000e+00 1.471111e-03 0.000000e+00)
50.45         	1.196945e-07	(0.000000e+00 1.471111e-03 0.000000e+00)
50.5          	1.196821e-07	(0.000000e+00 1.471111e-03 0.000000e+00)
50.55         	1.196647e-07	(0.000000e+00 1.471111e-03 0.000000e+00)
50.6          	1.196728e-07	(0.000000e+00 1.471111e-03 0.000000e+00)
50.65         	1.196627e-07	(0.000000e+00 1.471111e-03 0.000000e+00)
50.7          	1.196552e-07	(0.000000e+00 1.471111e-03 0.000000e+00)
50.75         	1.196364e-07	(0.000000e+00 1.471111e-03 0.000000e+00)
50.8          	1.196252e-07	(0.000000e+00 1.471111e-03 0.000000e+00)
50.85         	1.195959e-07	(0.000000e+00 1.471111e-03 0.000000e+00)
50.9          	1.195907e-07	(0.000000e+00 1.471111e-03 0.000000e+00)
50.95         	1.195921e-07	(0.000000e+00 1.471111e-03 0.000000e+00)
51            	1.195837e-07	(0.000000e+00 1.471111e-03 0.000000e+00)
51.05         	1.195793e-07	(0.000000e+00 1.471111e-03 0.000000e+00)
51.1          	1.195617e-07	(0.000000e+00 1.471111e-03 0.000000e+00)
51.15         	1.195574e-07	(0.000000e+00 1.471111e-03 0.000000e+00)
51.2          	1.195365e-07	(0.000000e+00 1.471111e-03 0.000000e+00)
51.25         	1.195229e-07	(0.000000e+00 1.471111e-03 0.000000e+00)
51.3          	1.195149e-07	(0.000000e+00 1.471111e-03 0.000000e+00)
51.35         	1.195161e-07	(0.000000e+00 1.471111e-03 0.000000e+00)
51.4          	1.195393e-07	(0.000000e+00 1.471111e-03 0.000000e+00)
51.45         	1.195385e-07	(0.000000e+00 1.471111e-03 0.000000e+00)
51.5          	1.195019e-07	(0.000000e+00 1.471111e-03 0.000000e+00)
51.55         	1.194598e-07	(0.000000e+00 1.471111e-03 0.000000e+00)
51.6          	1.194396e-07	(0.000000e+00 1.471111e-03 0.000000e+00)
51.65         	1.194280e-07	(0.000000e+00 1.471111e-03 0.000000e+00)
51.7          	1.194348e-07	(0.000000e+00 1.471111e-03 0.000000e+00)
51.75         	1.194209e-07	(0.000000e+00 1.471111e-03 0.000000e+00)
51.8          	1.194137e-07	(0.000000e+00 1.471111e-03 0.000000e+00)
51.85         	1.194032e-07	(0.000000e+00 1.471111e-03 0.000000e+00)
51.9          	1.193947e-07	(0.000000e+00 1.471111e-03 0.000000e+00)
51.95         	1.193790e-07	(0.000000e+00 1.471111e-03 0.000000e+00)
52            	1.193705e-07	(0.000000e+00 1.471111e-03 0.000000e+00)
52.05         	1.193628e-07	(0.000000e+00 1.471111e-03 0.000000e+00)
52.1          	1.193376e-07	(0.000000e+00 1.471111e-03 0.000000e+00)
52.15         	1.193384e-07	(0.000000e+00 1.471111e-03 0.000000e+00)
52.2          	1.193174e-07	(0.000000e+00 1.471111e-03 0.000000e+00)
52.25         	1.193419e-07	(0.000000e+00 1.471111e-03 0.000000e+00)
52.3          	1.193394e-07	(0.000000e+00 1.471111e-03 0.000000e+00)
52.35         	1.193598e-07	(0.000000e+00 1.471111e-03 0.000000e+00)
52.4          	1.194014e-07	(0.000000e+00 1.471111e-03 0.000000e+00)
52.45         	1.194051e-07	(0.000000e+00 1.471111e-03 0.000000e+00)
52.5          	1.193962e-07	(0.000000e+00 1.471111e-03 0.000000e+00)
52.55         	1.193435e-07	(0.000000e+00 1.471111e-03 0.000000e+00)
52.6          	1.193277e-07	(0.000000e+00 1.471111e-03 0.000000e+00)
52.65         	1.192933e-07	(0.000000e+00 1.471111e-03 0.000000e+00)
52.7          	1.192712e-07	(0.000000e+00 1.471111e-03 0.000000e+00)
52.75         	1.192655e-07	(0.000000e+00 1.471111e-03 0.000000e+00)
52.8          	1.192597e-07	(0.000000e+00 1.471111e-03 0.000000e+00)
52.85         	1.192493e-07	(0.000000e+00 1.471111e-03 0.000000e+00)
52.9          	1.192419e-07	(0.000000e+00 1.471111e-03 0.000000e+00)
52.95         	1.192189e-07	(0.000000e+00 1.471111e-03 0.000000e+00)
53            	1.192149e-07	(0.000000e+00 1.471111e-03 0.000000e+00)
53.05         	1.191944e-07	(0.000000e+00 1.471111e-03 0.000000e+00)
53.1          	1.191930e-07	(0.000000e+00 1.471111e-03 0.000000e+00)
53.15         	1.191856e-07	(0.000000e+00 1.471111e-03 0.000000e+00)
53.2          	1.191749e-07	(0.000000e+00 1.471111e-03 0.000000e+00)
53.25         	1.191239e-07	(0.000000e+00 1.471111e-03 0.000000e+00)
53.3          	1.191060e-07	(0.000000e+00 1.471111e-03 0.000000e+00)
53.35         	1.190795e-07	(0.000000e+00 1.471111e-03 0.000000e+00)
53.4          	1.190727e-07	(0.000000e+00 1.471111e-03 0.000000e+00)
53.45         	1.190480e-07	(0.000000e+00 1.471111e-03 0.000000e+00)
53.5          	1.190260e-07	(0.000000e+00 1.471111e-03 0.000000e+00)
53.55         	1.190090e-07	(0.000000e+00 1.471111e-03 0.000000e+00)
53.6          	1.189918e-07	(0.000000e+00 1.471111e-03 0.000000e+00)
53.65         	1.189773e-07	(0.000000e+00 1.471111e-03 0.000000e+00)
53.7          	1.189524e-07	(0.000000e+00 1.471111e-03 0.000000e+00)
53.75         	1.189434e-07	(0.000000e+00 1.471111e-03 0.000000e+00)
53.8          	1.189081e-07	(0.000000e+00 1.471111e-03 0.000000e+00)
53.85         	1.188760e-07	(0.000000e+00 1.471111e-03 0.000000e+00)
53.9          	1.188431e-07	(0.000000e+00 1.471111e-03 0.000000e+00)
53.95         	1.188183e-07	(0.000000e+00 1.471111e-03 0.000000e+00)
54            	1.188619e-07	(0.000000e+00 1.471111e-03 0.000000e+00)
54.05         	1.188675e-07	(0.000000e+00 1.471111e-03 0.000000e+00)
54.1          	1.188510e-07	(0.000000e+00 1.471111e-03 0.000000e+00)
54.15         	1.188945e-07	(0.000000e+00 1.471111e-03 0.000000e+00)
54.2          	1.188882e-07	(0.000000e+00 1.471111e-03 0.000000e+00)
54.25         	1.188571e-07	(0.000000e+00 1.471111e-03 0.000000e+00)
54.3          	1.188616e-07	(0.000000e+00 1.471111e-03 0.000000e+00)
54.35         	1.188453e-07	(0.000000e+00 1.471111e-03 0.000000e+00)
54.4          	1.188338e-07	(0.000000e+00 1.471111e-03 0.000000e+00)
54.45         	1.188384e-07	(0.000000e+00 1.471111e-03 0.000000e+00)
54.5          	1.188133e-07	(0.000000e+00 1.471111e-03 0.000000e+00)
54.55         	1.188077e-07	(0.000000e+00 1.471111e-03 0.000000e+00)
54.6          	1.187879e-07	(0.000000e+00 1.471111e-03 0.000000e+00)
54.65         	1.187817e-07	(0.000000e+00 1.471111e-03 0.000000e+00)
54.7          	1.187525e-07	(0.000000e+00 1.471111e-03 0.000000e+00)
54.75         	1.187499e-07	(0.000000e+00 1.471111e-03 0.000000e+00)
54.8          	1.187278e-07	(0.000000e+00 1.471111e-03 0.000000e+00)
54.85         	1.187061e-07	(0.000000e+00 1.471111e-03 0.000000e+00)
54.9          	1.187058e-07	(0.000000e+00 1.471111e-03 0.000000e+00)
54.95         	1.186807e-07	(0.000000e+00 1.471111e-03 0.000000e+00)
55            	1.186794e-07	(0.000000e+00 1.471111e-03 0.000000e+00)
55.05         	1.186425e-07	(0.000000e+00 1.471111e-03 0.000000e+00)
55.1          	1.186440e-07	(0.000000e+00 1.471111e-03 0.000000e+00)
55.15         	1.186394e-07	(0.000000e+00 1.471111e-03 0.000000e+00)
55.2          	1.185974e-07	(0.000000e+00 1.471111e-03 0.000000e+00)
55.25         	1.185597e-07	(0.000000e+00 1.471111e-03 0.000000e+00)
55.3          	1.185343e-07	(0.000000e+00 1.471111e-03 0.000000e+00)
55.35         	1.185260e-07	(0.000000e+00 1.471111e-03 0.000000e+00)
55.4          	1.185344e-07	(0.000000e+00 1.471111e-03 0.000000e+00)
55.45         	1.185230e-07	(0.000000e+00 1.471111e-03 0.000000e+00)
55.5          	1.185041e-07	(0.000000e+00 1.471111e-03 0.000000e+00)
55.55         	1.185239e-07	(0.000000e+00 1.471111e-03 0.000000e+00)
55.6          	1.184769e-07	(0.000000e+00 1.471111e-03 0.000000e+00)
55.65         	1.184760e-07	(0.000000e+00 1.471111e-03 0.000000e+00)
55.7          	1.184386e-07	(0.000000e+00 1.471111e-03 0.000000e+00)
55.75         	1.184310e-07	(0.000000e+00 1.471111e-03 0.000000e+00)
55.8          	1.183935e-07	(0.000000e+00 1.471111e-03 0.000000e+00)
55.85         	1.183910e-07	(0.000000e+00 1.471111e-03 0.000000e+00)
55.9          	1.183694e-07	(0.000000e+00 1.471111e-03 0.000000e+00)
55.95         	1.183534e-07	(0.000000e+00 1.471111e-03 0.000000e+00)
56            	1.183349e-07	(0.000000e+00 1.471111e-03 0.000000e+00)
56.05         	1.183151e-07	(0.000000e+00 1.471111e-03 0.000000e+00)
56.1          	1.182952e-07	(0.000000e+00 1.471111e-03 0.000000e+00)
56.15         	1.182740e-07	(0.000000e+00 1.471111e-03 0.000000e+00)
56.2          	1.182539e-07	(0.000000e+00 1.471111e-03 0.000000e+00)
56.25         	1.182312e-07	(0.000000e+00 1.471111e-03 0.000000e+00)
56.3          	1.182143e-07	(0.000000e+00 1.471111e-03 0.000000e+00)
56.35         	1.182019e-07	(0.000000e+00 1.471111e-03 0.000000e+00)
56.4          	1.182387e-07	(0.000000e+00 1.471111e-03 0.000000e+00)
56.45         	1.181719e-07	(0.000000e+00 1.471111e-03 0.000000e+00)
56.5          	1.181729e-07	(0.000000e+00 1.471111e-03 0.000000e+00)
56.55         	1.181928e-07	(0.000000e+00 1.471111e-03 0.000000e+00)
56.6          	1.181761e-07	(0.000000e+00 1.471111e-03 0.000000e+00)
56.65         	1.181225e-07	(0.000000e+00 1.471111e-03 0.000000e+00)
56.7          	1.181003e-07	(0.000000e+00 1.471111e-03 0.000000e+00)
56.75         	1.180771e-07	(0.000000e+00 1.471111e-03 0.000000e+00)
56.8          	1.180573e-07	(0.000000e+00 1.471111e-03 0.000000e+00)
56.85         	1.180417e-07	(0.000000e+00 1.471111e-03 0.000000e+00)
56.9          	1.180242e-07	(0.000000e+00 1.471111e-03 0.000000e+00)
56.95         	1.180047e-07	(0.000000e+00 1.471111e-03 0.000000e+00)
57            	1.179869e-07	(0.000000e+00 1.471111e-03 0.000000e+00)
57.05         	1.179705e-07	(0.000000e+00 1.471111e-03 0.000000e+00)
57.1          	1.179538e-07	(0.000000e+00 1.471111e-03 0.000000e+00)
57.15         	1.179364e-07	(0.000000e+00 1.471111e-03 0.000000e+00)
57.2          	1.179161e-07	(0.000000e+00 1.471111e-03 0.000000e+00)
57.25         	1.178977e-07	(0.000000e+00 1.471111e-03 0.000000e+00)
57.3          	1.178786e-07	(0.000000e+00 1.471111e-03 0.000000e+00)
57.35         	1.178637e-07	(0.000000e+00 1.471111e-03 0.000000e+00)
57.4          	1.178519e-07	(0.000000e+00 1.471111e-03 0.000000e+00)
57.45         	1.178390e-07	(0.000000e+00 1.471111e-03 0.000000e+00)
57.5          	1.178273e-07	(0.000000e+00 1.471111e-03 0.000000e+00)
57.55         	1.177909e-07	(0.000000e+00 1.471111e-03 0.000000e+00)
57.6          	1.177700e-07	(0.000000e+00 1.471111e-03 0.000000e+00)
57.65         	1.177662e-07	(0.000000e+00 1.471111e-03 0.000000e+00)
57.7          	1.177453e-07	(0.000000e+00 1.471111e-03 0.000000e+00)
57.75         	1.177312e-07	(0.000000e+00 1.471111e-03 0.000000e+00)
57.8          	1.177099e-07	(0.000000e+00 1.471111e-03 0.000000e+00)
57.85         	1.176929e-07	(0.000000e+00 1.471111e-03 0.000000e+00)
57.9          	1.176725e-07	(0.000000e+00 1.471111e-03 0.000000e+00)
57.95         	1.176533e-07	(0.000000e+00 1.471111e-03 0.000000e+00)
58            	1.176346e-07	(0.000000e+00 1.471111e-03 0.000000e+00)
58.05         	1.176179e-07	(0.000000e+00 1.471111e-03 0.000000e+00)
58.1          	1.175985e-07	(0.000000e+00 1.471111e-03 0.000000e+00)
58.15         	1.175835e-07	(0.000000e+00 1.471111e-03 0.000000e+00)
58.2          	1.175670e-07	(0.000000e+00 1.471111e-03 0.000000e+00)
58.25         	1.175422e-07	(0.000000e+00 1.471111e-03 0.000000e+00)
58.3          	1.175261e-07	(0.000000e+00 1.471111e-03 0.000000e+00)
58.35         	1.175136e-07	(0.000000e+00 1.471111e-03 0.000000e+00)
58.4          	1.174970e-07	(0.000000e+00 1.471111e-03 0.000000e+00)
58.45         	1.174718e-07	(0.000000e+00 1.471111e-03 0.000000e+00)
58.5          	1.174528e-07	(0.000000e+00 1.471111e-03 0.000000e+00)
58.55         	1.174339e-07	(0.000000e+00 1.471111e-03 0.000000e+00)
58.6          	1.174154e-07	(0.000000e+00 1.471111e-03 0.000000e+00)
58.65         	1.173899e-07	(0.000000e+00 1.471111e-03 0.000000e+00)
58.7          	1.173649e-07	(0.000000e+00 1.471111e-03 0.000000e+00)
58.75         	1.173310e-07	(0.000000e+00 1.471111e-03 0.000000e+00)
58.8          	1.173340e-07	(0.000000e+00 1.471111e-03 0.000000e+00)
58.85         	1.173359e-07	(0.000000e+00 1.471111e-03 0.000000e+00)
58.9          	1.173414e-07	(0.000000e+00 1.471111e-03 0.000000e+00)
58.95         	1.173055e-07	(0.000000e+00 1.471111e-03 0.000000e+00)
59            	1.173055e-07	(0.000000e+00 1.471111e-03 0.000000e+00)
59.05         	1.172803e-07	(0.000000e+00 1.471111e-03 0.000000e+00)
59.1          	1.172728e-07	(0.000000e+00 1.471111e-03 0.000000e+00)
59.15         	1.172213e-07	(0.000000e+00 1.471111e-03 0.000000e+00)
59.2          	1.171606e-07	(0.000000e+00 1.471111e-03 0.000000e+00)
59.25         	1.171423e-07	(0.000000e+00 1.471111e-03 0.000000e+00)
59.3          	1.171197e-07	(0.000000e+00 1.471111e-03 0.000000e+00)
59.35         	1.171047e-07	(0.000000e+00 1.471111e-03 0.000000e+00)
59.4          	1.170442e-07	(0.000000e+00 1.471111e-03 0.000000e+00)
59.45         	1.170622e-07	(0.000000e+00 1.471111e-03 0.000000e+00)
59.5          	1.170461e-07	(0.000000e+00 1.471111e-03 0.000000e+00)
59.55         	1.170366e-07	(0.000000e+00 1.471111e-03 0.000000e+00)
59.6          	1.170197e-07	(0.000000e+00 1.471111e-03 0.000000e+00)
59.65         	1.170131e-07	(0.000000e+00 1.471111e-03 0.000000e+00)
59.7          	1.169617e-07	(0.000000e+00 1.471111e-03 0.000000e+00)
59.75         	1.169167e-07	(0.000000e+00 1.471111e-03 0.000000e+00)
59.8          	1.169076e-07	(0.000000e+00 1.471111e-03 0.000000e+00)
59.85         	1.168887e-07	(0.000000e+00 1.471111e-03 0.000000e+00)
59.9          	1.168686e-07	(0.000000e+00 1.471111e-03 0.000000e+00)
59.95         	1.168421e-07	(0.000000e+00 1.471111e-03 0.000000e+00)
60            	1.167983e-07	(0.000000e+00 1.471111e-03 0.000000e+00)
60.05         	1.168281e-07	(0.000000e+00 1.471111e-03 0.000000e+00)
60.1          	1.168260e-07	(0.000000e+00 1.471111e-03 0.000000e+00)
60.15         	1.168095e-07	(0.000000e+00 1.471111e-03 0.000000e+00)
60.2          	1.168415e-07	(0.000000e+00 1.471111e-03 0.000000e+00)
60.25         	1.167874e-07	(0.000000e+00 1.471111e-03 0.000000e+00)
60.3          	1.167381e-07	(0.000000e+00 1.471111e-03 0.000000e+00)
60.35         	1.167028e-07	(0.000000e+00 1.471111e-03 0.000000e+00)
60.4          	1.166732e-07	(0.000000e+00 1.471111e-03 0.000000e+00)
60.45         	1.166394e-07	(0.000000e+00 1.471111e-03 0.000000e+00)
60.5          	1.166099e-07	(0.000000e+00 1.471111e-03 0.000000e+00)
60.55         	1.165786e-07	(0.000000e+00 1.471111e-03 0.000000e+00)
60.6          	1.165394e-07	(0.000000e+00 1.471111e-03 0.000000e+00)
60.65         	1.165217e-07	(0.000000e+00 1.471111e-03 0.000000e+00)
60.7          	1.164886e-07	(0.000000e+00 1.471111e-03 0.000000e+00)
60.75         	1.164796e-07	(0.000000e+00 1.471111e-03 0.000000e+00)
60.8          	1.164567e-07	(0.000000e+00 1.471111e-03 0.000000e+00)
60.85         	1.164272e-07	(0.000000e+00 1.471111e-03 0.000000e+00)
60.9          	1.164017e-07	(0.000000e+00 1.471111e-03 0.000000e+00)
60.95         	1.163643e-07	(0.000000e+00 1.471111e-03 0.000000e+00)
61            	1.163446e-07	(0.000000e+00 1.471111e-03 0.000000e+00)
61.05         	1.163159e-07	(0.000000e+00 1.471111e-03 0.000000e+00)
61.1          	1.162781e-07	(0.000000e+00 1.471111e-03 0.000000e+00)
61.15         	1.162725e-07	(0.000000e+00 1.471111e-03 0.000000e+00)
61.2          	1.162379e-07	(0.000000e+00 1.471111e-03 0.000000e+00)
61.25         	1.162335e-07	(0.000000e+00 1.471111e-03 0.000000e+00)
61.3          	1.161929e-07	(0.000000e+00 1.471111e-03 0.000000e+00)
61.35         	1.161740e-07	(0.000000e+00 1.471111e-03 0.000000e+00)
61.4          	1.161573e-07	(0.000000e+00 1.471111e-03 0.000000e+00)
61.45         	1.161244e-07	(0.000000e+00 1.471111e-03 0.000000e+00)
61.5          	1.160987e-07	(0.000000e+00 1.471111e-03 0.000000e+00)
61.55         	1.160726e-07	(0.000000e+00 1.471111e-03 0.000000e+00)
61.6          	1.160379e-07	(0.000000e+00 1.471111e-03 0.000000e+00)
61.65         	1.160194e-07	(0.000000e+00 1.471111e-03 0.000000e+00)
61.7          	1.159753e-07	(0.000000e+00 1.471111e-03 0.000000e+00)
61.75         	1.159652e-07	(0.000000e+00 1.471111e-03 0.000000e+00)
61.8          	1.159363e-07	(0.000000e+00 1.471111e-03 0.000000e+00)
61.85         	1.159172e-07	(0.000000e+00 1.471111e-03 0.000000e+00)
61.9          	1.158930e-07	(0.000000e+00 1.471111e-03 0.000000e+00)
61.95         	1.158689e-07	(0.000000e+00 1.471111e-03 0.000000e+00)
62            	1.158515e-07	(0.000000e+00 1.471111e-03 0.000000e+00)
62.05         	1.158442e-07	(0.000000e+00 1.471111e-03 0.000000e+00)
62.1          	1.158313e-07	(0.000000e+00 1.471111e-03 0.000000e+00)
62.15         	1.158165e-07	(0.000000e+00 1.471111e-03 0.000000e+00)
62.2          	1.158023e-07	(0.000000e+00 1.471111e-03 0.000000e+00)
62.25         	1.157855e-07	(0.000000e+00 1.471111e-03 0.000000e+00)
62.3          	1.157749e-07	(0.000000e+00 1.471111e-03 0.000000e+00)
62.35         	1.157752e-07	(0.000000e+00 1.471111e-03 0.000000e+00)
62.4          	1.157191e-07	(0.000000e+00 1.471111e-03 0.000000e+00)
62.45         	1.156783e-07	(0.000000e+00 1.471111e-03 0.000000e+00)
62.5          	1.156594e-07	(0.000000e+00 1.471111e-03 0.000000e+00)
62.55         	1.155761e-07	(0.000000e+00 1.471111e-03 0.000000e+00)
62.6          	1.155932e-07	(0.000000e+00 1.471111e-03 0.000000e+00)
62.65         	1.155881e-07	(0.000000e+00 1.471111e-03 0.000000e+00)
62.7          	1.155660e-07	(0.000000e+00 1.471111e-03 0.000000e+00)
62.75         	1.155403e-07	(0.000000e+00 1.471111e-03 0.000000e+00)
62.8          	1.155339e-07	(0.000000e+00 1.471111e-03 0.000000e+00)
62.85         	1.155094e-07	(0.000000e+00 1.471111e-03 0.000000e+00)
62.9          	1.154971e-07	(0.000000e+00 1.471111e-03 0.000000e+00)
62.95         	1.154637e-07	(0.000000e+00 1.471111e-03 0.000000e+00)
63            	1.154447e-07	(0.000000e+00 1.471111e-03 0.000000e+00)
63.05         	1.154277e-07	(0.000000e+00 1.471111e-03 0.000000e+00)
63.1          	1.153955e-07	(0.000000e+00 1.471111e-03 0.000000e+00)
63.15         	1.153779e-07	(0.000000e+00 1.471111e-03 0.000000e+00)
63.2          	1.153718e-07	(0.000000e+00 1.471111e-03 0.000000e+00)
63.25         	1.153636e-07	(0.000000e+00 1.471111e-03 0.000000e+00)
63.3          	1.153332e-07	(0.000000e+00 1.471111e-03 0.000000e+00)
63.35         	1.152982e-07	(0.000000e+00 1.471111e-03 0.000000e+00)
63.4          	1.152732e-07	(0.000000e+00 1.471111e-03 0.000000e+00)
63.45         	1.152281e-07	(0.000000e+00 1.471111e-03 0.000000e+00)
63.5          	1.151390e-07	(0.000000e+00 1.471111e-03 0.000000e+00)
63.55         	1.150727e-07	(0.000000e+00 1.471111e-03 0.000000e+00)
63.6          	1.149933e-07	(0.000000e+00 1.471111e-03 0.000000e+00)
63.65         	1.149172e-07	(0.000000e+00 1.471111e-03 0.000000e+00)
63.7          	1.148638e-07	(0.000000e+00 1.471111e-03 0.000000e+00)
63.75         	1.147777e-07	(0.000000e+00 1.471111e-03 0.000000e+00)
63.8          	1.146802e-07	(0.000000e+00 1.471111e-03 0.000000e+00)
63.85         	1.146798e-07	(0.000000e+00 1.471111e-03 0.000000e+00)
63.9          	1.147676e-07	(0.000000e+00 1.471111e-03 0.000000e+00)
63.95         	1.147562e-07	(0.000000e+00 1.471111e-03 0.000000e+00)
64            	1.147226e-07	(0.000000e+00 1.471111e-03 0.000000e+00)
64.05         	1.147529e-07	(0.000000e+00 1.471111e-03 0.000000e+00)
64.1          	1.150345e-07	(0.000000e+00 1.471111e-03 0.000000e+00)
64.15         	1.149796e-07	(0.000000e+00 1.471111e-03 0.000000e+00)
64.2          	1.149276e-07	(0.000000e+00 1.471111e-03 0.000000e+00)
64.25         	1.149072e-07	(0.000000e+00 1.471111e-03 0.000000e+00)
64.3          	1.148696e-07	(0.000000e+00 1.471111e-03 0.000000e+00)
64.35         	1.148310e-07	(0.000000e+00 1.471111e-03 0.000000e+00)
64.4          	1.148035e-07	(0.000000e+00 1.471111e-03 0.000000e+00)
64.45         	1.147905e-07	(0.000000e+00 1.471111e-03 0.000000e+00)
64.5          	1.147744e-07	(0.000000e+00 1.471111e-03 0.000000e+00)
64.55         	1.147820e-07	(0.000000e+00 1.471111e-03 0.000000e+00)
64.6          	1.147718e-07	(0.000000e+00 1.471111e-03 0.000000e+00)
64.65         	1.147698e-07	(0.000000e+00 1.471111e-03 0.000000e+00)
64.7          	1.147475e-07	(0.000000e+00 1.471111e-03 0.000000e+00)
64.75         	1.147280e-07	(0.000000e+00 1.471111e-03 0.000000e+00)
64.8          	1.147098e-07	(0.000000e+00 1.471111e-03 0.000000e+00)
64.85         	1.146909e-07	(0.000000e+00 1.471111e-03 0.000000e+00)
64.9          	1.146735e-07	(0.000000e+00 1.471111e-03 0.000000e+00)
64.95         	1.146568e-07	(0.000000e+00 1.471111e-03 0.000000e+00)
65            	1.146462e-07	(0.000000e+00 1.471111e-03 0.000000e+00)
65.05         	1.146111e-07	(0.000000e+00 1.471111e-03 0.000000e+00)
65.1          	1.145719e-07	(0.000000e+00 1.471111e-03 0.000000e+00)
65.15         	1.145632e-07	(0.000000e+00 1.471111e-03 0.000000e+00)
65.2          	1.145425e-07	(0.000000e+00 1.471111e-03 0.000000e+00)
65.25         	1.145284e-07	(0.000000e+00 1.471111e-03 0.000000e+00)
65.3          	1.145103e-07	(0.000000e+00 1.471111e-03 0.000000e+00)
65.35         	1.144801e-07	(0.000000e+00 1.471111e-03 0.000000e+00)
65.4          	1.144778e-07	(0.000000e+00 1.471111e-03 0.000000e+00)
65.45         	1.144790e-07	(0.000000e+00 1.471111e-03 0.000000e+00)
65.5          	1.144892e-07	(0.000000e+00 1.471111e-03 0.000000e+00)
65.55         	1.144691e-07	(0.000000e+00 1.471111e-03 0.000000e+00)
65.6          	1.144701e-07	(0.000000e+00 1.471111e-03 0.000000e+00)
65.65         	1.144472e-07	(0.000000e+00 1.471111e-03 0.000000e+00)
65.7          	1.144271e-07	(0.000000e+00 1.471111e-03 0.000000e+00)
65.75         	1.144064e-07	(0.000000e+00 1.471111e-03 0.000000e+00)
65.8          	1.143847e-07	(0.000000e+00 1.471111e-03 0.000000e+00)
65.85         	1.143632e-07	(0.000000e+00 1.471111e-03 0.000000e+00)
65.9          	1.143438e-07	(0.000000e+00 1.471111e-03 0.000000e+00)
65.95         	1.143374e-07	(0.000000e+00 1.471111e-03 0.000000e+00)
66            	1.143105e-07	(0.000000e+00 1.471111e-03 0.000000e+00)
66.05         	1.142876e-07	(0.000000e+00 1.471111e-03 0.000000e+00)
66.1          	1.142821e-07	(0.000000e+00 1.471111e-03 0.000000e+00)
66.15         	1.142573e-07	(0.000000e+00 1.471111e-03 0.000000e+00)
66.2          	1.142384e-07	(0.000000e+00 1.471111e-03 0.000000e+00)
66.25         	1.142189e-07	(0.000000e+00 1.471111e-03 0.000000e+00)
66.3          	1.141978e-07	(0.000000e+00 1.471111e-03 0.000000e+00)
66.35         	1.141749e-07	(0.000000e+00 1.471111e-03 0.000000e+00)
66.4          	1.141513e-07	(0.000000e+00 1.471111e-03 0.000000e+00)
66.45         	1.141323e-07	(0.000000e+00 1.471111e-03 0.000000e+00)
66.5          	1.141215e-07	(0.000000e+00 1.471111e-03 0.000000e+00)
66.55         	1.140954e-07	(0.000000e+00 1.471111e-03 0.000000e+00)
66.6          	1.140698e-07	(0.000000e+00 1.471111e-03 0.000000e+00)
66.65         	1.140151e-07	(0.000000e+00 1.471111e-03 0.000000e+00)
66.7          	1.139631e-07	(0.000000e+00 1.471111e-03 0.000000e+00)
66.75         	1.139307e-07	(0.000000e+00 1.471111e-03 0.000000e+00)
66.8          	1.138858e-07	(0.000000e+00 1.471111e-03 0.000000e+00)
66.85         	1.138614e-07	(0.000000e+00 1.471111e-03 0.000000e+00)
66.9          	1.138341e-07	(0.000000e+00 1.471111e-03 0.000000e+00)
66.95         	1.138027e-07	(0.000000e+00 1.471111e-03 0.000000e+00)
67            	1.137685e-07	(0.000000e+00 1.471111e-03 0.000000e+00)
67.05         	1.137301e-07	(0.000000e+00 1.471111e-03 0.000000e+00)
67.1          	1.137445e-07	(0.000000e+00 1.471111e-03 0.000000e+00)
67.15         	1.137204e-07	(0.000000e+00 1.471111e-03 0.000000e+00)
67.2          	1.137023e-07	(0.000000e+00 1.471111e-03 0.000000e+00)
67.25         	1.136656e-07	(0.000000e+00 1.471111e-03 0.000000e+00)
67.3          	1.136524e-07	(0.000000e+00 1.471111e-03 0.000000e+00)
67.35         	1.136193e-07	(0.000000e+00 1.471111e-03 0.000000e+00)
67.4          	1.135970e-07	(0.000000e+00 1.471111e-03 0.000000e+00)
67.45         	1.135769e-07	(0.000000e+00 1.471111e-03 0.000000e+00)
67.5          	1.135587e-07	(0.000000e+00 1.471111e-03 0.000000e+00)
67.55         	1.135391e-07	(0.000000e+00 1.471111e-03 0.000000e+00)
67.6          	1.135141e-07	(0.000000e+00 1.471111e-03 0.000000e+00)
67.65         	1.134897e-07	(0.000000e+00 1.471111e-03 0.000000e+00)
67.7          	1.134705e-07	(0.000000e+00 1.471111e-03 0.000000e+00)
67.75         	1.134530e-07	(0.000000e+00 1.471111e-03 0.000000e+00)
67.8          	1.134341e-07	(0.000000e+00 1.471111e-03 0.000000e+00)
67.85         	1.134167e-07	(0.000000e+00 1.471111e-03 0.000000e+00)
67.9          	1.133836e-07	(0.000000e+00 1.471111e-03 0.000000e+00)
67.95         	1.133542e-07	(0.000000e+00 1.471111e-03 0.000000e+00)
68            	1.133490e-07	(0.000000e+00 1.471111e-03 0.000000e+00)
68.05         	1.133268e-07	(0.000000e+00 1.471111e-03 0.000000e+00)
68.1          	1.133237e-07	(0.000000e+00 1.471111e-03 0.000000e+00)
68.15         	1.132773e-07	(0.000000e+00 1.471111e-03 0.000000e+00)
68.2          	1.132720e-07	(0.000000e+00 1.471111e-03 0.000000e+00)
68.25         	1.132518e-07	(0.000000e+00 1.471111e-03 0.000000e+00)
68.3          	1.132341e-07	(0.000000e+00 1.471111e-03 0.000000e+00)
68.35         	1.131969e-07	(0.000000e+00 1.471111e-03 0.000000e+00)
68.4          	1.131969e-07	(0.000000e+00 1.471111e-03 0.000000e+00)
68.45         	1.131768e-07	(0.000000e+00 1.471111e-03 0.000000e+00)
68.5          	1.131563e-07	(0.000000e+00 1.471111e-03 0.000000e+00)
68.55         	1.131361e-07	(0.000000e+00 1.471111e-03 0.000000e+00)
68.6          	1.131186e-07	(0.000000e+00 1.471111e-03 0.000000e+00)
68.65         	1.131073e-07	(0.000000e+00 1.471111e-03 0.000000e+00)
68.7          	1.131009e-07	(0.000000e+00 1.471111e-03 0.000000e+00)
68.75         	1.130912e-07	(0.000000e+00 1.471111e-03 0.000000e+00)
68.8          	1.130451e-07	(0.000000e+00 1.471111e-03 0.000000e+00)
68.85         	1.130132e-07	(0.000000e+00 1.471111e-03 0.000000e+00)
68.9          	1.130068e-07	(0.000000e+00 1.471111e-03 0.000000e+00)
68.95         	1.130050e-07	(0.000000e+00 1.471111e-03 0.000000e+00)
69            	1.129888e-07	(0.000000e+00 1.471111e-03 0.000000e+00)
69.05         	1.129729e-07	(0.000000e+00 1.471111e-03 0.000000e+00)
69.1          	1.129510e-07	(0.000000e+00 1.471111e-03 0.000000e+00)
69.15         	1.129356e-07	(0.000000e+00 1.471111e-03 0.000000e+00)
69.2          	1.129190e-07	(0.000000e+00 1.471111e-03 0.000000e+00)
69.25         	1.128767e-07	(0.000000e+00 1.471111e-03 0.000000e+00)
69.3          	1.128852e-07	(0.000000e+00 1.471111e-03 0.000000e+00)
69.35         	1.128703e-07	(0.000000e+00 1.471111e-03 0.000000e+00)
69.4          	1.128477e-07	(0.000000e+00 1.471111e-03 0.000000e+00)
69.45         	1.128261e-07	(0.000000e+00 1.471111e-03 0.000000e+00)
69.5          	1.128114e-07	(0.000000e+00 1.471111e-03 0.000000e+00)
69.55         	1.127787e-07	(0.000000e+00 1.471111e-03 0.000000e+00)
69.6          	1.127384e-07	(0.000000e+00 1.471111e-03 0.000000e+00)
69.65         	1.127456e-07	(0.000000e+00 1.471111e-03 0.000000e+00)
69.7          	1.127487e-07	(0.000000e+00 1.471111e-03 0.000000e+00)
69.75         	1.127408e-07	(0.000000e+00 1.471111e-03 0.000000e+00)
69.8          	1.127025e-07	(0.000000e+00 1.471111e-03 0.000000e+00)
69.85         	1.126995e-07	(0.000000e+00 1.471111e-03 0.000000e+00)
69.9          	1.126679e-07	(0.000000e+00 1.471111e-03 0.000000e+00)
69.95         	1.126423e-07	(0.000000e+00 1.471111e-03 0.000000e+00)
70            	1.126205e-07	(0.000000e+00 1.471111e-03 0.000000e+00)
70.05         	1.126013e-07	(0.000000e+00 1.471111e-03 0.000000e+00)
70.1          	1.125841e-07	(0.000000e+00 1.471111e-03 0.000000e+00)
70.15         	1.125698e-07	(0.000000e+00 1.471111e-03 0.000000e+00)
70.2          	1.125174e-07	(0.000000e+00 1.471111e-03 0.000000e+00)
70.25         	1.125044e-07	(0.000000e+00 1.471111e-03 0.000000e+00)
70.3          	1.124631e-07	(0.000000e+00 1.471111e-03 0.000000e+00)
70.35         	1.124701e-07	(0.000000e+00 1.471111e-03 0.000000e+00)
70.4          	1.124662e-07	(0.000000e+00 1.471111e-03 0.000000e+00)
70.45         	1.124605e-07	(0.000000e+00 1.471111e-03 0.000000e+00)
70.5          	1.124555e-07	(0.000000e+00 1.471111e-03 0.000000e+00)
70.55         	1.124212e-07	(0.000000e+00 1.471111e-03 0.000000e+00)
70.6          	1.124027e-07	(0.000000e+00 1.471111e-03 0.000000e+00)
70.65         	1.123827e-07	(0.000000e+00 1.471111e-03 0.000000e+00)
70.7          	1.123597e-07	(0.000000e+00 1.471111e-03 0.000000e+00)
70.75         	1.123339e-07	(0.000000e+00 1.471111e-03 0.000000e+00)
70.8          	1.123070e-07	(0.000000e+00 1.471111e-03 0.000000e+00)
70.85         	1.123037e-07	(0.000000e+00 1.471111e-03 0.000000e+00)
70.9          	1.122674e-07	(0.000000e+00 1.471111e-03 0.000000e+00)
70.95         	1.122961e-07	(0.000000e+00 1.471111e-03 0.000000e+00)
71            	1.123050e-07	(0.000000e+00 1.471111e-03 0.000000e+00)
71.05         	1.122690e-07	(0.000000e+00 1.471111e-03 0.000000e+00)
71.1          	1.122894e-07	(0.000000e+00 1.471111e-03 0.000000e+00)
71.15         	1.122579e-07	(0.000000e+00 1.471111e-03 0.000000e+00)
71.2          	1.122250e-07	(0.000000e+00 1.471111e-03 0.000000e+00)
71.25         	1.122145e-07	(0.000000e+00 1.471111e-03 0.000000e+00)
71.3          	1.121815e-07	(0.000000e+00 1.471111e-03 0.000000e+00)
71.35         	1.121576e-07	(0.000000e+00 1.471111e-03 0.000000e+00)
71.4          	1.121285e-07	(0.000000e+00 1.471111e-03 0.000000e+00)
71.45         	1.121141e-07	(0.000000e+00 1.471111e-03 0.000000e+00)
71.5          	1.120899e-07	(0.000000e+00 1.471111e-03 0.000000e+00)
71.55         	1.120725e-07	(0.000000e+00 1.471111e-03 0.000000e+00)
71.6          	1.120529e-07	(0.000000e+00 1.471111e-03 0.000000e+00)
71.65         	1.120356e-07	(0.000000e+00 1.471111e-03 0.000000e+00)
71.7          	1.120179e-07	(0.000000e+00 1.471111e-03 0.000000e+00)
71.75         	1.120121e-07	(0.000000e+00 1.471111e-03 0.000000e+00)
71.8          	1.120194e-07	(0.000000e+00 1.471111e-03 0.000000e+00)
71.85         	1.119851e-07	(0.000000e+00 1.471111e-03 0.000000e+00)
71.9          	1.119666e-07	(0.000000e+00 1.471111e-03 0.000000e+00)
71.95         	1.119451e-07	(0.000000e+00 1.471111e-03 0.000000e+00)
72            	1.119266e-07	(0.000000e+00 1.471111e-03 0.000000e+00)
72.05         	1.119096e-07	(0.000000e+00 1.471111e-03 0.000000e+00)
72.1          	1.118900e-07	(0.000000e+00 1.471111e-03 0.000000e+00)
72.15         	1.118734e-07	(0.000000e+00 1.471111e-03 0.000000e+00)
72.2          	1.118571e-07	(0.000000e+00 1.471111e-03 0.000000e+00)
72.25         	1.118398e-07	(0.000000e+00 1.471111e-03 0.000000e+00)
72.3          	1.118210e-07	(0.000000e+00 1.471111e-03 0.000000e+00)
72.35         	1.118054e-07	(0.000000e+00 1.471111e-03 0.000000e+00)
72.4          	1.117838e-07	(0.000000e+00 1.471111e-03 0.000000e+00)
72.45         	1.117751e-07	(0.000000e+00 1.471111e-03 0.000000e+00)
72.5          	1.117675e-07	(0.000000e+00 1.471111e-03 0.000000e+00)
72.55         	1.117560e-07	(0.000000e+00 1.471111e-03 0.000000e+00)
72.6          	1.117202e-07	(0.000000e+00 1.471111e-03 0.000000e+00)
72.65         	1.116892e-07	(0.000000e+00 1.471111e-03 0.000000e+00)
72.7          	1.116826e-07	(0.000000e+00 1.471111e-03 0.000000e+00)
72.75         	1.116624e-07	(0.000000e+00 1.471111e-03 0.000000e+00)
72.8          	1.116541e-07	(0.000000e+00 1.471111e-03 0.000000e+00)
72.85         	1.116335e-07	(0.000000e+00 1.471111e-03 0.000000e+00)
72.9          	1.116164e-07	(0.000000e+00 1.471111e-03 0.000000e+00)
72.95         	1.115947e-07	(0.000000e+00 1.471111e-03 0.000000e+00)
73            	1.115670e-07	(0.000000e+00 1.471111e-03 0.000000e+00)
73.05         	1.115652e-07	(0.000000e+00 1.471111e-03 0.000000e+00)
73.1          	1.115644e-07	(0.000000e+00 1.471111e-03 0.000000e+00)
73.15         	1.115408e-07	(0.000000e+00 1.471111e-03 0.000000e+00)
73.2          	1.115178e-07	(0.000000e+00 1.471111e-03 0.000000e+00)
73.25         	1.114969e-07	(0.000000e+00 1.471111e-03 0.000000e+00)
73.3          	1.114773e-07	(0.000000e+00 1.471111e-03 0.000000e+00)
73.35         	1.114592e-07	(0.000000e+00 1.471111e-03 0.000000e+00)
73.4          	1.114367e-07	(0.000000e+00 1.471111e-03 0.000000e+00)
73.45         	1.114130e-07	(0.000000e+00 1.471111e-03 0.000000e+00)
73.5          	1.113984e-07	(0.000000e+00 1.471111e-03 0.000000e+00)
73.55         	1.113830e-07	(0.000000e+00 1.471111e-03 0.000000e+00)
73.6          	1.113727e-07	(0.000000e+00 1.471111e-03 0.000000e+00)
73.65         	1.113457e-07	(0.000000e+00 1.471111e-03 0.000000e+00)
73.7          	1.113233e-07	(0.000000e+00 1.471111e-03 0.000000e+00)
73.75         	1.112953e-07	(0.000000e+00 1.471111e-03 0.000000e+00)
73.8          	1.112804e-07	(0.000000e+00 1.471111e-03 0.000000e+00)
73.85         	1.112651e-07	(0.000000e+00 1.471111e-03 0.000000e+00)
73.9          	1.112485e-07	(0.000000e+00 1.471111e-03 0.000000e+00)
73.95         	1.112278e-07	(0.000000e+00 1.471111e-03 0.000000e+00)
74            	1.112090e-07	(0.000000e+00 1.471111e-03 0.000000e+00)
74.05         	1.111897e-07	(0.000000e+00 1.471111e-03 0.000000e+00)
74.1          	1.111712e-07	(0.000000e+00 1.471111e-03 0.000000e+00)
74.15         	1.111510e-07	(0.000000e+00 1.471111e-03 0.000000e+00)
74.2          	1.111285e-07	(0.000000e+00 1.471111e-03 0.000000e+00)
74.25         	1.111100e-07	(0.000000e+00 1.471111e-03 0.000000e+00)
74.3          	1.110906e-07	(0.000000e+00 1.471111e-03 0.000000e+00)
74.35         	1.110692e-07	(0.000000e+00 1.471111e-03 0.000000e+00)
74.4          	1.110588e-07	(0.000000e+00 1.471111e-03 0.000000e+00)
74.45         	1.110460e-07	(0.000000e+00 1.471111e-03 0.000000e+00)
74.5          	1.110298e-07	(0.000000e+00 1.471111e-03 0.000000e+00)
74.55         	1.110140e-07	(0.000000e+00 1.471111e-03 0.000000e+00)
74.6          	1.110019e-07	(0.000000e+00 1.471111e-03 0.000000e+00)
74.65         	1.109942e-07	(0.000000e+00 1.471111e-03 0.000000e+00)
74.7          	1.109788e-07	(0.000000e+00 1.471111e-03 0.000000e+00)
74.75         	1.109583e-07	(0.000000e+00 1.471111e-03 0.000000e+00)
74.8          	1.109393e-07	(0.000000e+00 1.471111e-03 0.000000e+00)
74.85         	1.109208e-07	(0.000000e+00 1.471111e-03 0.000000e+00)
74.9          	1.108998e-07	(0.000000e+00 1.471111e-03 0.000000e+00)
74.95         	1.108812e-07	(0.000000e+00 1.471111e-03 0.000000e+00)
75            	1.108634e-07	(0.000000e+00 1.471111e-03 0.000000e+00)
75.05         	1.108461e-07	(0.000000e+00 1.471111e-03 0.000000e+00)
75.1          	1.108257e-07	(0.000000e+00 1.471111e-03 0.000000e+00)
75.15         	1.108065e-07	(0.000000e+00 1.471111e-03 0.000000e+00)
75.2          	1.107902e-07	(0.000000e+00 1.471111e-03 0.000000e+00)
75.25         	1.107698e-07	(0.000000e+00 1.471111e-03 0.000000e+00)
75.3          	1.107430e-07	(0.000000e+00 1.471111e-03 0.000000e+00)
75.35         	1.107289e-07	(0.000000e+00 1.471111e-03 0.000000e+00)
75.4          	1.107132e-07	(0.000000e+00 1.471111e-03 0.000000e+00)
75.45         	1.106964e-07	(0.000000e+00 1.471111e-03 0.000000e+00)
75.5          	1.106742e-07	(0.000000e+00 1.471111e-03 0.000000e+00)
75.55         	1.106549e-07	(0.000000e+00 1.471111e-03 0.000000e+00)
75.6          	1.106389e-07	(0.000000e+00 1.471111e-03 0.000000e+00)
75.65         	1.106170e-07	(0.000000e+00 1.471111e-03 0.000000e+00)
75.7          	1.105986e-07	(0.000000e+00 1.471111e-03 0.000000e+00)
75.75         	1.105810e-07	(0.000000e+00 1.471111e-03 0.000000e+00)
75.8          	1.105665e-07	(0.000000e+00 1.471111e-03 0.000000e+00)
75.85         	1.105492e-07	(0.000000e+00 1.471111e-03 0.000000e+00)
75.9          	1.105327e-07	(0.000000e+00 1.471111e-03 0.000000e+00)
75.95         	1.105163e-07	(0.000000e+00 1.471111e-03 0.000000e+00)
76            	1.104989e-07	(0.000000e+00 1.471111e-03 0.000000e+00)
76.05         	1.104821e-07	(0.000000e+00 1.471111e-03 0.000000e+00)
76.1          	1.104650e-07	(0.000000e+00 1.471111e-03 0.000000e+00)
76.15         	1.104490e-07	(0.000000e+00 1.471111e-03 0.000000e+00)
76.2          	1.104321e-07	(0.000000e+00 1.471111e-03 0.000000e+00)
76.25         	1.104144e-07	(0.000000e+00 1.471111e-03 0.000000e+00)
76.3          	1.104010e-07	(0.000000e+00 1.471111e-03 0.000000e+00)
76.35         	1.103825e-07	(0.000000e+00 1.471111e-03 0.000000e+00)
76.4          	1.103607e-07	(0.000000e+00 1.471111e-03 0.000000e+00)
76.45         	1.103438e-07	(0.000000e+00 1.471111e-03 0.000000e+00)
76.5          	1.103306e-07	(0.000000e+00 1.471111e-03 0.000000e+00)
76.55         	1.103137e-07	(0.000000e+00 1.471111e-03 0.000000e+00)
76.6          	1.103035e-07	(0.000000e+00 1.471111e-03 0.000000e+00)
76.65         	1.102923e-07	(0.000000e+00 1.471111e-03 0.000000e+00)
76.7          	1.102425e-07	(0.000000e+00 1.471111e-03 0.000000e+00)
76.75         	1.102298e-07	(0.000000e+00 1.471111e-03 0.000000e+00)
76.8          	1.102137e-07	(0.000000e+00 1.471111e-03 0.000000e+00)
76.85         	1.101980e-07	(0.000000e+00 1.471111e-03 0.000000e+00)
76.9          	1.101818e-07	(0.000000e+00 1.471111e-03 0.000000e+00)
76.95         	1.101667e-07	(0.000000e+00 1.471111e-03 0.000000e+00)
77            	1.101498e-07	(0.000000e+00 1.471111e-03 0.000000e+00)
77.05         	1.101318e-07	(0.000000e+00 1.471111e-03 0.000000e+00)
77.1          	1.101137e-07	(0.000000e+00 1.471111e-03 0.000000e+00)
77.15         	1.100956e-07	(0.000000e+00 1.471111e-03 0.000000e+00)
77.2          	1.100769e-07	(0.000000e+00 1.471111e-03 0.000000e+00)
77.25         	1.100577e-07	(0.000000e+00 1.471111e-03 0.000000e+00)
77.3          	1.100403e-07	(0.000000e+00 1.471111e-03 0.000000e+00)
77.35         	1.100240e-07	(0.000000e+00 1.471111e-03 0.000000e+00)
77.4          	1.099914e-07	(0.000000e+00 1.471111e-03 0.000000e+00)
77.45         	1.099702e-07	(0.000000e+00 1.471111e-03 0.000000e+00)
77.5          	1.099486e-07	(0.000000e+00 1.471111e-03 0.000000e+00)
77.55         	1.099202e-07	(0.000000e+00 1.471111e-03 0.000000e+00)
77.6          	1.099069e-07	(0.000000e+00 1.471111e-03 0.000000e+00)
77.65         	1.098909e-07	(0.000000e+00 1.471111e-03 0.000000e+00)
77.7          	1.098727e-07	(0.000000e+00 1.471111e-03 0.000000e+00)
77.75         	1.098540e-07	(0.000000e+00 1.471111e-03 0.000000e+00)
77.8          	1.098352e-07	(0.000000e+00 1.471111e-03 0.000000e+00)
77.85         	1.098180e-07	(0.000000e+00 1.471111e-03 0.000000e+00)
77.9          	1.097989e-07	(0.000000e+00 1.471111e-03 0.000000e+00)
77.95         	1.097802e-07	(0.000000e+00 1.471111e-03 0.000000e+00)
78            	1.097609e-07	(0.000000e+00 1.471111e-03 0.000000e+00)
78.05         	1.097414e-07	(0.000000e+00 1.471111e-03 0.000000e+00)
78.1          	1.097213e-07	(0.000000e+00 1.471111e-03 0.000000e+00)
78.15         	1.096971e-07	(0.000000e+00 1.471111e-03 0.000000e+00)
78.2          	1.096722e-07	(0.000000e+00 1.471111e-03 0.000000e+00)
78.25         	1.096520e-07	(0.000000e+00 1.471111e-03 0.000000e+00)
78.3          	1.096396e-07	(0.000000e+00 1.471111e-03 0.000000e+00)
78.35         	1.096212e-07	(0.000000e+00 1.471111e-03 0.000000e+00)
78.4          	1.096031e-07	(0.000000e+00 1.471111e-03 0.000000e+00)
78.45         	1.095817e-07	(0.000000e+00 1.471111e-03 0.000000e+00)
78.5          	1.095704e-07	(0.000000e+00 1.471111e-03 0.000000e+00)
78.55         	1.095516e-07	(0.000000e+00 1.471111e-03 0.000000e+00)
78.6          	1.095327e-07	(0.000000e+00 1.471111e-03 0.000000e+00)
78.65         	1.095142e-07	(0.000000e+00 1.471111e-03 0.000000e+00)
78.7          	1.094960e-07	(0.000000e+00 1.471111e-03 0.000000e+00)
78.75         	1.094779e-07	(0.000000e+00 1.471111e-03 0.000000e+00)
78.8          	1.094604e-07	(0.000000e+00 1.471111e-03 0.000000e+00)
78.85         	1.094394e-07	(0.000000e+00 1.471111e-03 0.000000e+00)
78.9          	1.094182e-07	(0.000000e+00 1.471111e-03 0.000000e+00)
78.95         	1.093950e-07	(0.000000e+00 1.471111e-03 0.000000e+00)
79            	1.093694e-07	(0.000000e+00 1.471111e-03 0.000000e+00)
79.05         	1.093435e-07	(0.000000e+00 1.471111e-03 0.000000e+00)
79.1          	1.093124e-07	(0.000000e+00 1.471111e-03 0.000000e+00)
79.15         	1.093075e-07	(0.000000e+00 1.471111e-03 0.000000e+00)
79.2          	1.093023e-07	(0.000000e+00 1.471111e-03 0.000000e+00)
79.25         	1.092896e-07	(0.000000e+00 1.471111e-03 0.000000e+00)
79.3          	1.092847e-07	(0.000000e+00 1.471111e-03 0.000000e+00)
79.35         	1.092655e-07	(0.000000e+00 1.471111e-03 0.000000e+00)
79.4          	1.092507e-07	(0.000000e+00 1.471111e-03 0.000000e+00)
79.45         	1.092339e-07	(0.000000e+00 1.471111e-03 0.000000e+00)
79.5          	1.092180e-07	(0.000000e+00 1.471111e-03 0.000000e+00)
79.55         	1.092032e-07	(0.000000e+00 1.471111e-03 0.000000e+00)
79.6          	1.091881e-07	(0.000000e+00 1.471111e-03 0.000000e+00)
79.65         	1.091691e-07	(0.000000e+00 1.471111e-03 0.000000e+00)
79.7          	1.091354e-07	(0.000000e+00 1.471111e-03 0.000000e+00)
79.75         	1.091079e-07	(0.000000e+00 1.471111e-03 0.000000e+00)
79.8          	1.090904e-07	(0.000000e+00 1.471111e-03 0.000000e+00)
79.85         	1.090703e-07	(0.000000e+00 1.471111e-03 0.000000e+00)
79.9          	1.090509e-07	(0.000000e+00 1.471111e-03 0.000000e+00)
79.95         	1.090315e-07	(0.000000e+00 1.471111e-03 0.000000e+00)
80            	1.090122e-07	(0.000000e+00 1.471111e-03 0.000000e+00)
80.05         	1.089869e-07	(0.000000e+00 1.471111e-03 0.000000e+00)
80.1          	1.089683e-07	(0.000000e+00 1.471111e-03 0.000000e+00)
80.15         	1.089522e-07	(0.000000e+00 1.471111e-03 0.000000e+00)
80.2          	1.089364e-07	(0.000000e+00 1.471111e-03 0.000000e+00)
80.25         	1.089210e-07	(0.000000e+00 1.471111e-03 0.000000e+00)
80.3          	1.089005e-07	(0.000000e+00 1.471111e-03 0.000000e+00)
80.35         	1.088797e-07	(0.000000e+00 1.471111e-03 0.000000e+00)
80.4          	1.088679e-07	(0.000000e+00 1.471111e-03 0.000000e+00)
80.45         	1.088480e-07	(0.000000e+00 1.471111e-03 0.000000e+00)
80.5          	1.088290e-07	(0.000000e+00 1.471111e-03 0.000000e+00)
80.55         	1.088123e-07	(0.000000e+00 1.471111e-03 0.000000e+00)
80.6          	1.087680e-07	(0.000000e+00 1.471111e-03 0.000000e+00)
80.65         	1.087361e-07	(0.000000e+00 1.471111e-03 0.000000e+00)
80.7          	1.087266e-07	(0.000000e+00 1.471111e-03 0.000000e+00)
80.75         	1.087179e-07	(0.000000e+00 1.471111e-03 0.000000e+00)
80.8          	1.087064e-07	(0.000000e+00 1.471111e-03 0.000000e+00)
80.85         	1.086653e-07	(0.000000e+00 1.471111e-03 0.000000e+00)
80.9          	1.086900e-07	(0.000000e+00 1.471111e-03 0.000000e+00)
80.95         	1.086822e-07	(0.000000e+00 1.471111e-03 0.000000e+00)
81            	1.086347e-07	(0.000000e+00 1.471111e-03 0.000000e+00)
81.05         	1.085956e-07	(0.000000e+00 1.471111e-03 0.000000e+00)
81.1          	1.085600e-07	(0.000000e+00 1.471111e-03 0.000000e+00)
81.15         	1.084095e-07	(0.000000e+00 1.471111e-03 0.000000e+00)
81.2          	1.084403e-07	(0.000000e+00 1.471111e-03 0.000000e+00)
81.25         	1.084484e-07	(0.000000e+00 1.471111e-03 0.000000e+00)
81.3          	1.084423e-07	(0.000000e+00 1.471111e-03 0.000000e+00)
81.35         	1.084301e-07	(0.000000e+00 1.471111e-03 0.000000e+00)
81.4          	1.083897e-07	(0.000000e+00 1.471111e-03 0.000000e+00)
81.45         	1.084067e-07	(0.000000e+00 1.471111e-03 0.000000e+00)
81.5          	1.084005e-07	(0.000000e+00 1.471111e-03 0.000000e+00)
81.55         	1.083921e-07	(0.000000e+00 1.471111e-03 0.000000e+00)
81.6          	1.083777e-07	(0.000000e+00 1.471111e-03 0.000000e+00)
81.65         	1.083645e-07	(0.000000e+00 1.471111e-03 0.000000e+00)
81.7          	1.083510e-07	(0.000000e+00 1.471111e-03 0.000000e+00)
81.75         	1.083368e-07	(0.000000e+00 1.471111e-03 0.000000e+00)
81.8          	1.083384e-07	(0.000000e+00 1.471111e-03 0.000000e+00)
81.85         	1.083229e-07	(0.000000e+00 1.471111e-03 0.000000e+00)
81.9          	1.082638e-07	(0.000000e+00 1.471111e-03 0.000000e+00)
81.95         	1.082161e-07	(0.000000e+00 1.471111e-03 0.000000e+00)
82            	1.081773e-07	(0.000000e+00 1.471111e-03 0.000000e+00)
82.05         	1.081397e-07	(0.000000e+00 1.471111e-03 0.000000e+00)
82.1          	1.081080e-07	(0.000000e+00 1.471111e-03 0.000000e+00)
82.15         	1.080745e-07	(0.000000e+00 1.471111e-03 0.000000e+00)
82.2          	1.080445e-07	(0.000000e+00 1.471111e-03 0.000000e+00)
82.25         	1.080152e-07	(0.000000e+00 1.471111e-03 0.000000e+00)
82.3          	1.079826e-07	(0.000000e+00 1.471111e-03 0.000000e+00)
82.35         	1.079579e-07	(0.000000e+00 1.471111e-03 0.000000e+00)
82.4          	1.079320e-07	(0.000000e+00 1.471111e-03 0.000000e+00)
82.45         	1.079068e-07	(0.000000e+00 1.471111e-03 0.000000e+00)
82.5          	1.078864e-07	(0.000000e+00 1.471111e-03 0.000000e+00)
82.55         	1.078567e-07	(0.000000e+00 1.471111e-03 0.000000e+00)
82.6          	1.078307e-07	(0.000000e+00 1.471111e-03 0.000000e+00)
82.65         	1.078045e-07	(0.000000e+00 1.471111e-03 0.000000e+00)
82.7          	1.077801e-07	(0.000000e+00 1.471111e-03 0.000000e+00)
82.75         	1.077564e-07	(0.000000e+00 1.471111e-03 0.000000e+00)
82.8          	1.077329e-07	(0.000000e+00 1.471111e-03 0.000000e+00)
82.85         	1.077098e-07	(0.000000e+00 1.471111e-03 0.000000e+00)
82.9          	1.076855e-07	(0.000000e+00 1.471111e-03 0.000000e+00)
82.95         	1.076580e-07	(0.000000e+00 1.471111e-03 0.000000e+00)
83            	1.076335e-07	(0.000000e+00 1.471111e-03 0.000000e+00)
83.05         	1.076086e-07	(0.000000e+00 1.471111e-03 0.000000e+00)
83.1          	1.075849e-07	(0.000000e+00 1.471111e-03 0.000000e+00)
83.15         	1.075616e-07	(0.000000e+00 1.471111e-03 0.000000e+00)
83.2          	1.075375e-07	(0.000000e+00 1.471111e-03 0.000000e+00)
83.25         	1.075141e-07	(0.000000e+00 1.471111e-03 0.000000e+00)
83.3          	1.074886e-07	(0.000000e+00 1.471111e-03 0.000000e+00)
83.35         	1.074632e-07	(0.000000e+00 1.471111e-03 0.000000e+00)
83.4          	1.074391e-07	(0.000000e+00 1.471111e-03 0.000000e+00)
83.45         	1.074137e-07	(0.000000e+00 1.471111e-03 0.000000e+00)
83.5          	1.073807e-07	(0.000000e+00 1.471111e-03 0.000000e+00)
83.55         	1.073734e-07	(0.000000e+00 1.471111e-03 0.000000e+00)
83.6          	1.073543e-07	(0.000000e+00 1.471111e-03 0.000000e+00)
83.65         	1.073275e-07	(0.000000e+00 1.471111e-03 0.000000e+00)
83.7          	1.073007e-07	(0.000000e+00 1.471111e-03 0.000000e+00)
83.75         	1.072773e-07	(0.000000e+00 1.471111e-03 0.000000e+00)
83.8          	1.072522e-07	(0.000000e+00 1.471111e-03 0.000000e+00)
83.85         	1.072272e-07	(0.000000e+00 1.471111e-03 0.000000e+00)
83.9          	1.072028e-07	(0.000000e+00 1.471111e-03 0.000000e+00)
83.95         	1.071784e-07	(0.000000e+00 1.471111e-03 0.000000e+00)
84            	1.071523e-07	(0.000000e+00 1.471111e-03 0.000000e+00)
84.05         	1.071278e-07	(0.000000e+00 1.471111e-03 0.000000e+00)
84.1          	1.071011e-07	(0.000000e+00 1.471111e-03 0.000000e+00)
84.15         	1.070749e-07	(0.000000e+00 1.471111e-03 0.000000e+00)
84.2          	1.070469e-07	(0.000000e+00 1.471111e-03 0.000000e+00)
84.25         	1.070127e-07	(0.000000e+00 1.471111e-03 0.000000e+00)
84.3          	1.068802e-07	(0.000000e+00 1.471111e-03 0.000000e+00)
84.35         	1.068344e-07	(0.000000e+00 1.471111e-03 0.000000e+00)
84.4          	1.068086e-07	(0.000000e+00 1.471111e-03 0.000000e+00)
84.45         	1.067583e-07	(0.000000e+00 1.471111e-03 0.000000e+00)
84.5          	1.067249e-07	(0.000000e+00 1.471111e-03 0.000000e+00)
84.55         	1.066968e-07	(0.000000e+00 1.471111e-03 0.000000e+00)
84.6          	1.066682e-07	(0.000000e+00 1.471111e-03 0.000000e+00)
84.65         	1.066394e-07	(0.000000e+00 1.471111e-03 0.000000e+00)
84.7          	1.066126e-07	(0.000000e+00 1.471111e-03 0.000000e+00)
84.75         	1.065844e-07	(0.000000e+00 1.471111e-03 0.000000e+00)
84.8          	1.065675e-07	(0.000000e+00 1.471111e-03 0.000000e+00)
84.85         	1.065646e-07	(0.000000e+00 1.471111e-03 0.000000e+00)
84.9          	1.065461e-07	(0.000000e+00 1.471111e-03 0.000000e+00)
84.95         	1.064927e-07	(0.000000e+00 1.471111e-03 0.000000e+00)
85            	1.064646e-07	(0.000000e+00 1.471111e-03 0.000000e+00)
85.05         	1.064544e-07	(0.000000e+00 1.471111e-03 0.000000e+00)
85.1          	1.064378e-07	(0.000000e+00 1.471111e-03 0.000000e+00)
85.15         	1.064172e-07	(0.000000e+00 1.471111e-03 0.000000e+00)
85.2          	1.064381e-07	(0.000000e+00 1.471111e-03 0.000000e+00)
85.25         	1.064495e-07	(0.000000e+00 1.471111e-03 0.000000e+00)
85.3          	1.064475e-07	(0.000000e+00 1.471111e-03 0.000000e+00)
85.35         	1.064262e-07	(0.000000e+00 1.471111e-03 0.000000e+00)
85.4          	1.064099e-07	(0.000000e+00 1.471111e-03 0.000000e+00)
85.45         	1.063856e-07	(0.000000e+00 1.471111e-03 0.000000e+00)
85.5          	1.063639e-07	(0.000000e+00 1.471111e-03 0.000000e+00)
85.55         	1.063473e-07	(0.000000e+00 1.471111e-03 0.000000e+00)
85.6          	1.063395e-07	(0.000000e+00 1.471111e-03 0.000000e+00)
85.65         	1.062875e-07	(0.000000e+00 1.471111e-03 0.000000e+00)
85.7          	1.062255e-07	(0.000000e+00 1.471111e-03 0.000000e+00)
85.75         	1.061948e-07	(0.000000e+00 1.471111e-03 0.000000e+00)
85.8          	1.061801e-07	(0.000000e+00 1.471111e-03 0.000000e+00)
85.85         	1.061589e-07	(0.000000e+00 1.471111e-03 0.000000e+00)
85.9          	1.060626e-07	(0.000000e+00 1.471111e-03 0.000000e+00)
85.95         	1.060903e-07	(0.000000e+00 1.471111e-03 0.000000e+00)
86            	1.060830e-07	(0.000000e+00 1.471111e-03 0.000000e+00)
86.05         	1.060720e-07	(0.000000e+00 1.471111e-03 0.000000e+00)
86.1          	1.060561e-07	(0.000000e+00 1.471111e-03 0.000000e+00)
86.15         	1.060390e-07	(0.000000e+00 1.471111e-03 0.000000e+00)
86.2          	1.060196e-07	(0.000000e+00 1.471111e-03 0.000000e+00)
86.25         	1.059953e-07	(0.000000e+00 1.471111e-03 0.000000e+00)
86.3          	1.059735e-07	(0.000000e+00 1.471111e-03 0.000000e+00)
86.35         	1.059535e-07	(0.000000e+00 1.471111e-03 0.000000e+00)
86.4          	1.059314e-07	(0.000000e+00 1.471111e-03 0.000000e+00)
86.45         	1.059095e-07	(0.000000e+00 1.471111e-03 0.000000e+00)
86.5          	1.058872e-07	(0.000000e+00 1.471111e-03 0.000000e+00)
86.55         	1.058650e-07	(0.000000e+00 1.471111e-03 0.000000e+00)
86.6          	1.058410e-07	(0.000000e+00 1.471111e-03 0.000000e+00)
86.65         	1.058171e-07	(0.000000e+00 1.471111e-03 0.000000e+00)
86.7          	1.057948e-07	(0.000000e+00 1.471111e-03 0.000000e+00)
86.75         	1.057737e-07	(0.000000e+00 1.471111e-03 0.000000e+00)
86.8          	1.057492e-07	(0.000000e+00 1.471111e-03 0.000000e+00)
86.85         	1.057246e-07	(0.000000e+00 1.471111e-03 0.000000e+00)
86.9          	1.057000e-07	(0.000000e+00 1.471111e-03 0.000000e+00)
86.95         	1.056751e-07	(0.000000e+00 1.471111e-03 0.000000e+00)
87            	1.056503e-07	(0.000000e+00 1.471111e-03 0.000000e+00)
87.05         	1.056261e-07	(0.000000e+00 1.471111e-03 0.000000e+00)
87.1          	1.056034e-07	(0.000000e+00 1.471111e-03 0.000000e+00)
87.15         	1.055791e-07	(0.000000e+00 1.471111e-03 0.000000e+00)
87.2          	1.055530e-07	(0.000000e+00 1.471111e-03 0.000000e+00)
87.25         	1.055266e-07	(0.000000e+00 1.471111e-03 0.000000e+00)
87.3          	1.055005e-07	(0.000000e+00 1.471111e-03 0.000000e+00)
87.35         	1.054719e-07	(0.000000e+00 1.471111e-03 0.000000e+00)
87.4          	1.054450e-07	(0.000000e+00 1.471111e-03 0.000000e+00)
87.45         	1.054179e-07	(0.000000e+00 1.471111e-03 0.000000e+00)
87.5          	1.053902e-07	(0.000000e+00 1.471111e-03 0.000000e+00)
87.55         	1.053630e-07	(0.000000e+00 1.471111e-03 0.000000e+00)
87.6          	1.053354e-07	(0.000000e+00 1.471111e-03 0.000000e+00)
87.65         	1.053103e-07	(0.000000e+00 1.471111e-03 0.000000e+00)
87.7          	1.052842e-07	(0.000000e+00 1.471111e-03 0.000000e+00)
87.75         	1.052578e-07	(0.000000e+00 1.471111e-03 0.000000e+00)
87.8          	1.052318e-07	(0.000000e+00 1.471111e-03 0.000000e+00)
87.85         	1.052057e-07	(0.000000e+00 1.471111e-03 0.000000e+00)
87.9          	1.051810e-07	(0.000000e+00 1.471111e-03 0.000000e+00)
87.95         	1.051575e-07	(0.000000e+00 1.471111e-03 0.000000e+00)
88            	1.051314e-07	(0.000000e+00 1.471111e-03 0.000000e+00)
88.05         	1.051014e-07	(0.000000e+00 1.471111e-03 0.000000e+00)
88.1          	1.050710e-07	(0.000000e+00 1.471111e-03 0.000000e+00)
88.15         	1.050443e-07	(0.000000e+00 1.471111e-03 0.000000e+00)
88.2          	1.050190e-07	(0.000000e+00 1.471111e-03 0.000000e+00)
88.25         	1.049927e-07	(0.000000e+00 1.471111e-03 0.000000e+00)
88.3          	1.049646e-07	(0.000000e+00 1.471111e-03 0.000000e+00)
88.35         	1.049381e-07	(0.000000e+00 1.471111e-03 0.000000e+00)
88.4          	1.049159e-07	(0.000000e+00 1.471111e-03 0.000000e+00)
88.45         	1.048921e-07	(0.000000e+00 1.471111e-03 0.000000e+00)
88.5          	1.048650e-07	(0.000000e+00 1.471111e-03 0.000000e+00)
88.55         	1.048377e-07	(0.000000e+00 1.471111e-03 0.000000e+00)
88.6          	1.048113e-07	(0.000000e+00 1.471111e-03 0.000000e+00)
88.65         	1.047826e-07	(0.000000e+00 1.471111e-03 0.000000e+00)
88.7          	1.047524e-07	(0.000000e+00 1.471111e-03 0.000000e+00)
88.75         	1.047227e-07	(0.000000e+00 1.471111e-03 0.000000e+00)
88.8          	1.046929e-07	(0.000000e+00 1.471111e-03 0.000000e+00)
88.85         	1.046604e-07	(0.000000e+00 1.471111e-03 0.000000e+00)
88.9          	1.046260e-07	(0.000000e+00 1.471111e-03 0.000000e+00)
88.95         	1.045896e-07	(0.000000e+00 1.471111e-03 0.000000e+00)
89            	1.045710e-07	(0.000000e+00 1.471111e-03 0.000000e+00)
89.05         	1.045596e-07	(0.000000e+00 1.471111e-03 0.000000e+00)
89.1          	1.045342e-07	(0.000000e+00 1.471111e-03 0.000000e+00)
89.15         	1.045068e-07	(0.000000e+00 1.471111e-03 0.000000e+00)
89.2          	1.044939e-07	(0.000000e+00 1.471111e-03 0.000000e+00)
89.25         	1.044955e-07	(0.000000e+00 1.471111e-03 0.000000e+00)
89.3          	1.044633e-07	(0.000000e+00 1.471111e-03 0.000000e+00)
89.35         	1.044324e-07	(0.000000e+00 1.471111e-03 0.000000e+00)
89.4          	1.044033e-07	(0.000000e+00 1.471111e-03 0.000000e+00)
89.45         	1.043757e-07	(0.000000e+00 1.471111e-03 0.000000e+00)
89.5          	1.043466e-07	(0.000000e+00 1.471111e-03 0.000000e+00)
89.55         	1.043179e-07	(0.000000e+00 1.471111e-03 0.000000e+00)
89.6          	1.042891e-07	(0.000000e+00 1.471111e-03 0.000000e+00)
89.65         	1.042592e-07	(0.000000e+00 1.471111e-03 0.000000e+00)
89.7          	1.042282e-07	(0.000000e+00 1.471111e-03 0.000000e+00)
89.75         	1.041954e-07	(0.000000e+00 1.471111e-03 0.000000e+00)
89.8          	1.041610e-07	(0.000000e+00 1.471111e-03 0.000000e+00)
89.85         	1.041293e-07	(0.000000e+00 1.471111e-03 0.000000e+00)
89.9          	1.041090e-07	(0.000000e+00 1.471111e-03 0.000000e+00)
89.95         	1.040759e-07	(0.000000e+00 1.471111e-03 0.000000e+00)
90            	1.040522e-07	(0.000000e+00 1.471111e-03 0.000000e+00)
90.05         	1.040066e-07	(0.000000e+00 1.471111e-03 0.000000e+00)
90.1          	1.039621e-07	(0.000000e+00 1.471111e-03 0.000000e+00)
90.15         	1.039287e-07	(0.000000e+00 1.471111e-03 0.000000e+00)
90.2          	1.038870e-07	(0.000000e+00 1.471111e-03 0.000000e+00)
90.25         	1.038461e-07	(0.000000e+00 1.471111e-03 0.000000e+00)
90.3          	1.038035e-07	(0.000000e+00 1.471111e-03 0.000000e+00)
90.35         	1.037587e-07	(0.000000e+00 1.471111e-03 0.000000e+00)
90.4          	1.037203e-07	(0.000000e+00 1.471111e-03 0.000000e+00)
90.45         	1.036740e-07	(0.000000e+00 1.471111e-03 0.000000e+00)
90.5          	1.036282e-07	(0.000000e+00 1.471111e-03 0.000000e+00)
90.55         	1.035681e-07	(0.000000e+00 1.471111e-03 0.000000e+00)
90.6          	1.035022e-07	(0.000000e+00 1.471111e-03 0.000000e+00)
90.65         	1.034295e-07	(0.000000e+00 1.471111e-03 0.000000e+00)
90.7          	1.033406e-07	(0.000000e+00 1.471111e-03 0.000000e+00)
90.75         	1.032230e-07	(0.000000e+00 1.471111e-03 0.000000e+00)
90.8          	1.033944e-07	(0.000000e+00 1.471111e-03 0.000000e+00)
90.85         	1.034727e-07	(0.000000e+00 1.471111e-03 0.000000e+00)
90.9          	1.034876e-07	(0.000000e+00 1.471111e-03 0.000000e+00)
90.95         	1.034981e-07	(0.000000e+00 1.471111e-03 0.000000e+00)
91            	1.034876e-07	(0.000000e+00 1.471111e-03 0.000000e+00)
91.05         	1.034722e-07	(0.000000e+00 1.471111e-03 0.000000e+00)
91.1          	1.034537e-07	(0.000000e+00 1.471111e-03 0.000000e+00)
91.15         	1.034336e-07	(0.000000e+00 1.471111e-03 0.000000e+00)
91.2          	1.034173e-07	(0.000000e+00 1.471111e-03 0.000000e+00)
91.25         	1.037671e-07	(0.000000e+00 1.471111e-03 0.000000e+00)
91.3          	1.035193e-07	(0.000000e+00 1.471111e-03 0.000000e+00)
91.35         	1.036128e-07	(0.000000e+00 1.471111e-03 0.000000e+00)
91.4          	1.035536e-07	(0.000000e+00 1.471111e-03 0.000000e+00)
91.45         	1.035395e-07	(0.000000e+00 1.471111e-03 0.000000e+00)
91.5          	1.035106e-07	(0.000000e+00 1.471111e-03 0.000000e+00)
91.55         	1.034841e-07	(0.000000e+00 1.471111e-03 0.000000e+00)
91.6          	1.034545e-07	(0.000000e+00 1.471111e-03 0.000000e+00)
91.65         	1.034246e-07	(0.000000e+00 1.471111e-03 0.000000e+00)
91.7          	1.033922e-07	(0.000000e+00 1.471111e-03 0.000000e+00)
91.75         	1.033629e-07	(0.000000e+00 1.471111e-03 0.000000e+00)
91.8          	1.033338e-07	(0.000000e+00 1.471111e-03 0.000000e+00)
91.85         	1.033097e-07	(0.000000e+00 1.471111e-03 0.000000e+00)
91.9          	1.032983e-07	(0.000000e+00 1.471111e-03 0.000000e+00)
91.95         	1.032543e-07	(0.000000e+00 1.471111e-03 0.000000e+00)
92            	1.032315e-07	(0.000000e+00 1.471111e-03 0.000000e+00)
92.05         	1.032009e-07	(0.000000e+00 1.471111e-03 0.000000e+00)
92.1          	1.031734e-07	(0.000000e+00 1.471111e-03 0.000000e+00)
92.15         	1.031451e-07	(0.000000e+00 1.471111e-03 0.000000e+00)
92.2          	1.031175e-07	(0.000000e+00 1.471111e-03 0.000000e+00)
92.25         	1.030885e-07	(0.000000e+00 1.471111e-03 0.000000e+00)
92.3          	1.030601e-07	(0.000000e+00 1.471111e-03 0.000000e+00)
92.35         	1.030304e-07	(0.000000e+00 1.471111e-03 0.000000e+00)
92.4          	1.030013e-07	(0.000000e+00 1.471111e-03 0.000000e+00)
92.45         	1.029721e-07	(0.000000e+00 1.471111e-03 0.000000e+00)
92.5          	1.029431e-07	(0.000000e+00 1.471111e-03 0.000000e+00)
92.55         	1.029144e-07	(0.000000e+00 1.471111e-03 0.000000e+00)
92.6          	1.028852e-07	(0.000000e+00 1.471111e-03 0.000000e+00)
92.65         	1.028556e-07	(0.000000e+00 1.471111e-03 0.000000e+00)
92.7          	1.028259e-07	(0.000000e+00 1.471111e-03 0.000000e+00)
92.75         	1.027959e-07	(0.000000e+00 1.471111e-03 0.000000e+00)
92.8          	1.027656e-07	(0.000000e+00 1.471111e-03 0.000000e+00)
92.85         	1.027337e-07	(0.000000e+00 1.471111e-03 0.000000e+00)
92.9          	1.027019e-07	(0.000000e+00 1.471111e-03 0.000000e+00)
92.95         	1.026710e-07	(0.000000e+00 1.471111e-03 0.000000e+00)
93            	1.026343e-07	(0.000000e+00 1.471111e-03 0.000000e+00)
93.05         	1.025986e-07	(0.000000e+00 1.471111e-03 0.000000e+00)
93.1          	1.025586e-07	(0.000000e+00 1.471111e-03 0.000000e+00)
93.15         	1.025180e-07	(0.000000e+00 1.471111e-03 0.000000e+00)
93.2          	1.024951e-07	(0.000000e+00 1.471111e-03 0.000000e+00)
93.25         	1.025226e-07	(0.000000e+00 1.471111e-03 0.000000e+00)
93.3          	1.024648e-07	(0.000000e+00 1.471111e-03 0.000000e+00)
93.35         	1.024144e-07	(0.000000e+00 1.471111e-03 0.000000e+00)
93.4          	1.024128e-07	(0.000000e+00 1.471111e-03 0.000000e+00)
93.45         	1.024022e-07	(0.000000e+00 1.471111e-03 0.000000e+00)
93.5          	1.023698e-07	(0.000000e+00 1.471111e-03 0.000000e+00)
93.55         	1.023748e-07	(0.000000e+00 1.471111e-03 0.000000e+00)
93.6          	1.023821e-07	(0.000000e+00 1.471111e-03 0.000000e+00)
93.65         	1.023077e-07	(0.000000e+00 1.471111e-03 0.000000e+00)
93.7          	1.023079e-07	(0.000000e+00 1.471111e-03 0.000000e+00)
93.75         	1.022670e-07	(0.000000e+00 1.471111e-03 0.000000e+00)
93.8          	1.022435e-07	(0.000000e+00 1.471111e-03 0.000000e+00)
93.85         	1.022173e-07	(0.000000e+00 1.471111e-03 0.000000e+00)
93.9          	1.021909e-07	(0.000000e+00 1.471111e-03 0.000000e+00)
93.95         	1.021639e-07	(0.000000e+00 1.471111e-03 0.000000e+00)
94            	1.021365e-07	(0.000000e+00 1.471111e-03 0.000000e+00)
94.05         	1.021097e-07	(0.000000e+00 1.471111e-03 0.000000e+00)
94.1          	1.020824e-07	(0.000000e+00 1.471111e-03 0.000000e+00)
94.15         	1.020521e-07	(0.000000e+00 1.471111e-03 0.000000e+00)
94.2          	1.020215e-07	(0.000000e+00 1.471111e-03 0.000000e+00)
94.25         	1.019912e-07	(0.000000e+00 1.471111e-03 0.000000e+00)
94.3          	1.019597e-07	(0.000000e+00 1.471111e-03 0.000000e+00)
94.35         	1.019296e-07	(0.000000e+00 1.471111e-03 0.000000e+00)
94.4          	1.019001e-07	(0.000000e+00 1.471111e-03 0.000000e+00)
94.45         	1.018701e-07	(0.000000e+00 1.471111e-03 0.000000e+00)
94.5          	1.018408e-07	(0.000000e+00 1.471111e-03 0.000000e+00)
94.55         	1.018118e-07	(0.000000e+00 1.471111e-03 0.000000e+00)
94.6          	1.017834e-07	(0.000000e+00 1.471111e-03 0.000000e+00)
94.65         	1.017540e-07	(0.000000e+00 1.471111e-03 0.000000e+00)
94.7          	1.017244e-07	(0.000000e+00 1.471111e-03 0.000000e+00)
94.75         	1.016946e-07	(0.000000e+00 1.471111e-03 0.000000e+00)
94.8          	1.016651e-07	(0.000000e+00 1.471111e-03 0.000000e+00)
94.85         	1.016356e-07	(0.000000e+00 1.471111e-03 0.000000e+00)
94.9          	1.016060e-07	(0.000000e+00 1.471111e-03 0.000000e+00)
94.95         	1.015764e-07	(0.000000e+00 1.471111e-03 0.000000e+00)
95            	1.015471e-07	(0.000000e+00 1.471111e-03 0.000000e+00)
95.05         	1.015175e-07	(0.000000e+00 1.471111e-03 0.000000e+00)
95.1          	1.014875e-07	(0.000000e+00 1.471111e-03 0.000000e+00)
95.15         	1.014570e-07	(0.000000e+00 1.471111e-03 0.000000e+00)
95.2          	1.014264e-07	(0.000000e+00 1.471111e-03 0.000000e+00)
95.25         	1.013969e-07	(0.000000e+00 1.471111e-03 0.000000e+00)
95.3          	1.013677e-07	(0.000000e+00 1.471111e-03 0.000000e+00)
95.35         	1.013372e-07	(0.000000e+00 1.471111e-03 0.000000e+00)
95.4          	1.013050e-07	(0.000000e+00 1.471111e-03 0.000000e+00)
95.45         	1.012750e-07	(0.000000e+00 1.471111e-03 0.000000e+00)
95.5          	1.012424e-07	(0.000000e+00 1.471111e-03 0.000000e+00)
95.55         	1.012121e-07	(0.000000e+00 1.471111e-03 0.000000e+00)
95.6          	1.011773e-07	(0.000000e+00 1.471111e-03 0.000000e+00)
95.65         	1.011573e-07	(0.000000e+00 1.471111e-03 0.000000e+00)
95.7          	1.011547e-07	(0.000000e+00 1.471111e-03 0.000000e+00)
95.75         	1.011419e-07	(0.000000e+00 1.471111e-03 0.000000e+00)
95.8          	1.011001e-07	(0.000000e+00 1.471111e-03 0.000000e+00)
95.85         	1.010665e-07	(0.000000e+00 1.471111e-03 0.000000e+00)
95.9          	1.010349e-07	(0.000000e+00 1.471111e-03 0.000000e+00)
95.95         	1.010215e-07	(0.000000e+00 1.471111e-03 0.000000e+00)
96            	1.010126e-07	(0.000000e+00 1.471111e-03 0.000000e+00)
96.05         	1.009764e-07	(0.000000e+00 1.471111e-03 0.000000e+00)
96.1          	1.009274e-07	(0.000000e+00 1.471111e-03 0.000000e+00)
96.15         	1.008902e-07	(0.000000e+00 1.471111e-03 0.000000e+00)
96.2          	1.008552e-07	(0.000000e+00 1.471111e-03 0.000000e+00)
96.25         	1.008170e-07	(0.000000e+00 1.471111e-03 0.000000e+00)
96.3          	1.007822e-07	(0.000000e+00 1.471111e-03 0.000000e+00)
96.35         	1.007496e-07	(0.000000e+00 1.471111e-03 0.000000e+00)
96.4          	1.007185e-07	(0.000000e+00 1.471111e-03 0.000000e+00)
96.45         	1.006863e-07	(0.000000e+00 1.471111e-03 0.000000e+00)
96.5          	1.006543e-07	(0.000000e+00 1.471111e-03 0.000000e+00)
96.55         	1.006226e-07	(0.000000e+00 1.471111e-03 0.000000e+00)
96.6          	1.005919e-07	(0.000000e+00 1.471111e-03 0.000000e+00)
96.65         	1.005605e-07	(0.000000e+00 1.471111e-03 0.000000e+00)
96.7          	1.005293e-07	(0.000000e+00 1.471111e-03 0.000000e+00)
96.75         	1.004989e-07	(0.000000e+00 1.471111e-03 0.000000e+00)
96.8          	1.004689e-07	(0.000000e+00 1.471111e-03 0.000000e+00)
96.85         	1.004388e-07	(0.000000e+00 1.471111e-03 0.000000e+00)
96.9          	1.004073e-07	(0.000000e+00 1.471111e-03 0.000000e+00)
96.95         	1.003759e-07	(0.000000e+00 1.471111e-03 0.000000e+00)
97            	1.003434e-07	(0.000000e+00 1.471111e-03 0.000000e+00)
97.05         	1.003229e-07	(0.000000e+00 1.471111e-03 0.000000e+00)
97.1          	1.003073e-07	(0.000000e+00 1.471111e-03 0.000000e+00)
97.15         	1.002778e-07	(0.000000e+00 1.471111e-03 0.000000e+00)
97.2          	1.002451e-07	(0.000000e+00 1.471111e-03 0.000000e+00)
97.25         	1.002123e-07	(0.000000e+00 1.471111e-03 0.000000e+00)
97.3          	1.001810e-07	(0.000000e+00 1.471111e-03 0.000000e+00)
97.35         	1.001513e-07	(0.000000e+00 1.471111e-03 0.000000e+00)
97.4          	1.001209e-07	(0.000000e+00 1.471111e-03 0.000000e+00)
97.45         	1.000910e-07	(0.000000e+00 1.471111e-03 0.000000e+00)
97.5          	1.000879e-07	(0.000000e+00 1.471111e-03 0.000000e+00)
97.55         	1.000366e-07	(0.000000e+00 1.471111e-03 0.000000e+00)
97.6          	1.000093e-07	(0.000000e+00 1.471111e-03 0.000000e+00)
97.65         	9.997528e-08	(0.000000e+00 1.471111e-03 0.000000e+00)
97.7          	9.994714e-08	(0.000000e+00 1.471111e-03 0.000000e+00)
97.75         	9.991696e-08	(0.000000e+00 1.471111e-03 0.000000e+00)
97.8          	9.988739e-08	(0.000000e+00 1.471111e-03 0.000000e+00)
97.85         	9.985924e-08	(0.000000e+00 1.471111e-03 0.000000e+00)
97.9          	9.983029e-08	(0.000000e+00 1.471111e-03 0.000000e+00)
97.95         	9.980094e-08	(0.000000e+00 1.471111e-03 0.000000e+00)
98            	9.977198e-08	(0.000000e+00 1.471111e-03 0.000000e+00)
98.05         	9.974307e-08	(0.000000e+00 1.471111e-03 0.000000e+00)
98.1          	9.971414e-08	(0.000000e+00 1.471111e-03 0.000000e+00)
98.15         	9.968582e-08	(0.000000e+00 1.471111e-03 0.000000e+00)
98.2          	9.965682e-08	(0.000000e+00 1.471111e-03 0.000000e+00)
98.25         	9.962805e-08	(0.000000e+00 1.471111e-03 0.000000e+00)
98.3          	9.959908e-08	(0.000000e+00 1.471111e-03 0.000000e+00)
98.35         	9.957017e-08	(0.000000e+00 1.471111e-03 0.000000e+00)
98.4          	9.954241e-08	(0.000000e+00 1.471111e-03 0.000000e+00)
98.45         	9.951489e-08	(0.000000e+00 1.471111e-03 0.000000e+00)
98.5          	9.948658e-08	(0.000000e+00 1.471111e-03 0.000000e+00)
98.55         	9.945902e-08	(0.000000e+00 1.471111e-03 0.000000e+00)
98.6          	9.942757e-08	(0.000000e+00 1.471111e-03 0.000000e+00)
98.65         	9.939972e-08	(0.000000e+00 1.471111e-03 0.000000e+00)
98.7          	9.936781e-08	(0.000000e+00 1.471111e-03 0.000000e+00)
98.75         	9.933829e-08	(0.000000e+00 1.471111e-03 0.000000e+00)
98.8          	9.931318e-08	(0.000000e+00 1.471111e-03 0.000000e+00)
98.85         	9.929009e-08	(0.000000e+00 1.471111e-03 0.000000e+00)
98.9          	9.925851e-08	(0.000000e+00 1.471111e-03 0.000000e+00)
98.95         	9.922888e-08	(0.000000e+00 1.471111e-03 0.000000e+00)
99            	9.919789e-08	(0.000000e+00 1.471111e-03 0.000000e+00)
99.05         	9.916744e-08	(0.000000e+00 1.471111e-03 0.000000e+00)
99.1          	9.913693e-08	(0.000000e+00 1.471111e-03 0.000000e+00)
99.15         	9.910657e-08	(0.000000e+00 1.471111e-03 0.000000e+00)
99.2          	9.907777e-08	(0.000000e+00 1.471111e-03 0.000000e+00)
99.25         	9.904770e-08	(0.000000e+00 1.471111e-03 0.000000e+00)
99.3          	9.901742e-08	(0.000000e+00 1.471111e-03 0.000000e+00)
99.35         	9.898756e-08	(0.000000e+00 1.471111e-03 0.000000e+00)
99.4          	9.895925e-08	(0.000000e+00 1.471111e-03 0.000000e+00)
99.45         	9.892968e-08	(0.000000e+00 1.471111e-03 0.000000e+00)
99.5          	9.890052e-08	(0.000000e+00 1.471111e-03 0.000000e+00)
99.55         	9.887244e-08	(0.000000e+00 1.471111e-03 0.000000e+00)
99.6          	9.884412e-08	(0.000000e+00 1.471111e-03 0.000000e+00)
99.65         	9.881636e-08	(0.000000e+00 1.471111e-03 0.000000e+00)
99.7          	9.878902e-08	(0.000000e+00 1.471111e-03 0.000000e+00)
99.75         	9.876090e-08	(0.000000e+00 1.471111e-03 0.000000e+00)
99.8          	9.873561e-08	(0.000000e+00 1.471111e-03 0.000000e+00)
99.85         	9.870310e-08	(0.000000e+00 1.471111e-03 0.000000e+00)
99.9          	9.867631e-08	(0.000000e+00 1.471111e-03 0.000000e+00)
99.95         	9.865039e-08	(0.000000e+00 1.471111e-03 0.000000e+00)
100           	9.861804e-08	(0.000000e+00 1.471111e-03 0.000000e+00)
100.05        	9.859221e-08	(0.000000e+00 1.471111e-03 0.000000e+00)
100.1         	9.856862e-08	(0.000000e+00 1.471111e-03 0.000000e+00)
100.15        	9.854268e-08	(0.000000e+00 1.471111e-03 0.000000e+00)
100.2         	9.851653e-08	(0.000000e+00 1.471111e-03 0.000000e+00)
100.25        	9.848949e-08	(0.000000e+00 1.471111e-03 0.000000e+00)
100.3         	9.846248e-08	(0.000000e+00 1.471111e-03 0.000000e+00)
100.35        	9.845432e-08	(0.000000e+00 1.471111e-03 0.000000e+00)
100.4         	9.846512e-08	(0.000000e+00 1.471111e-03 0.000000e+00)
100.45        	9.842596e-08	(0.000000e+00 1.471111e-03 0.000000e+00)
100.5         	9.837499e-08	(0.000000e+00 1.471111e-03 0.000000e+00)
100.55        	9.832482e-08	(0.000000e+00 1.471111e-03 0.000000e+00)
100.6         	9.827828e-08	(0.000000e+00 1.471111e-03 0.000000e+00)
100.65        	9.823483e-08	(0.000000e+00 1.471111e-03 0.000000e+00)
100.7         	9.819422e-08	(0.000000e+00 1.471111e-03 0.000000e+00)
100.75        	9.815471e-08	(0.000000e+00 1.471111e-03 0.000000e+00)
100.8         	9.811640e-08	(0.000000e+00 1.471111e-03 0.000000e+00)
100.85        	9.807872e-08	(0.000000e+00 1.471111e-03 0.000000e+00)
100.9         	9.804087e-08	(0.000000e+00 1.471111e-03 0.000000e+00)
100.95        	9.800234e-08	(0.000000e+00 1.471111e-03 0.000000e+00)
101           	9.796287e-08	(0.000000e+00 1.471111e-03 0.000000e+00)
101.05        	9.792194e-08	(0.000000e+00 1.471111e-03 0.000000e+00)
101.1         	9.789154e-08	(0.000000e+00 1.471111e-03 0.000000e+00)
101.15        	9.787825e-08	(0.000000e+00 1.471111e-03 0.000000e+00)
101.2         	9.786046e-08	(0.000000e+00 1.471111e-03 0.000000e+00)
101.25        	9.783847e-08	(0.000000e+00 1.471111e-03 0.000000e+00)
101.3         	9.780099e-08	(0.000000e+00 1.471111e-03 0.000000e+00)
101.35        	9.780130e-08	(0.000000e+00 1.471111e-03 0.000000e+00)
101.4         	9.777061e-08	(0.000000e+00 1.471111e-03 0.000000e+00)
101.45        	9.773961e-08	(0.000000e+00 1.471111e-03 0.000000e+00)
101.5         	9.770720e-08	(0.000000e+00 1.471111e-03 0.000000e+00)
101.55        	9.767986e-08	(0.000000e+00 1.471111e-03 0.000000e+00)
101.6         	9.765563e-08	(0.000000e+00 1.471111e-03 0.000000e+00)
101.65        	9.762192e-08	(0.000000e+00 1.471111e-03 0.000000e+00)
101.7         	9.759059e-08	(0.000000e+00 1.471111e-03 0.000000e+00)
101.75        	9.755967e-08	(0.000000e+00 1.471111e-03 0.000000e+00)
101.8         	9.755552e-08	(0.000000e+00 1.471111e-03 0.000000e+00)
101.85        	9.758244e-08	(0.000000e+00 1.471111e-03 0.000000e+00)
101.9         	9.751098e-08	(0.000000e+00 1.471111e-03 0.000000e+00)
101.95        	9.744338e-08	(0.000000e+00 1.471111e-03 0.000000e+00)
102           	9.738495e-08	(0.000000e+00 1.471111e-03 0.000000e+00)
102.05        	9.734017e-08	(0.000000e+00 1.471111e-03 0.000000e+00)
102.1         	9.730662e-08	(0.000000e+00 1.471111e-03 0.000000e+00)
102.15        	9.726032e-08	(0.000000e+00 1.471111e-03 0.000000e+00)
102.2         	9.723648e-08	(0.000000e+00 1.471111e-03 0.000000e+00)
102.25        	9.719955e-08	(0.000000e+00 1.471111e-03 0.000000e+00)
102.3         	9.716782e-08	(0.000000e+00 1.471111e-03 0.000000e+00)
102.35        	9.713716e-08	(0.000000e+00 1.471111e-03 0.000000e+00)
102.4         	9.711117e-08	(0.000000e+00 1.471111e-03 0.000000e+00)
102.45        	9.707469e-08	(0.000000e+00 1.471111e-03 0.000000e+00)
102.5         	9.705637e-08	(0.000000e+00 1.471111e-03 0.000000e+00)
102.55        	9.701907e-08	(0.000000e+00 1.471111e-03 0.000000e+00)
102.6         	9.699576e-08	(0.000000e+00 1.471111e-03 0.000000e+00)
102.65        	9.697205e-08	(0.000000e+00 1.471111e-03 0.000000e+00)
102.7         	9.693656e-08	(0.000000e+00 1.471111e-03 0.000000e+00)
102.75        	9.691598e-08	(0.000000e+00 1.471111e-03 0.000000e+00)
102.8         	9.688120e-08	(0.000000e+00 1.471111e-03 0.000000e+00)
102.85        	9.686079e-08	(0.000000e+00 1.471111e-03 0.000000e+00)
102.9         	9.682678e-08	(0.000000e+00 1.471111e-03 0.000000e+00)
102.95        	9.680620e-08	(0.000000e+00 1.471111e-03 0.000000e+00)
103           	9.677070e-08	(0.000000e+00 1.471111e-03 0.000000e+00)
103.05        	9.674790e-08	(0.000000e+00 1.471111e-03 0.000000e+00)
103.1         	9.672172e-08	(0.000000e+00 1.471111e-03 0.000000e+00)
103.15        	9.669560e-08	(0.000000e+00 1.471111e-03 0.000000e+00)
103.2         	9.667180e-08	(0.000000e+00 1.471111e-03 0.000000e+00)
103.25        	9.663715e-08	(0.000000e+00 1.471111e-03 0.000000e+00)
103.3         	9.661677e-08	(0.000000e+00 1.471111e-03 0.000000e+00)
103.35        	9.658662e-08	(0.000000e+00 1.471111e-03 0.000000e+00)
103.4         	9.655513e-08	(0.000000e+00 1.471111e-03 0.000000e+00)
103.45        	9.653171e-08	(0.000000e+00 1.471111e-03 0.000000e+00)
103.5         	9.650485e-08	(0.000000e+00 1.471111e-03 0.000000e+00)
103.55        	9.648289e-08	(0.000000e+00 1.471111e-03 0.000000e+00)
103.6         	9.644981e-08	(0.000000e+00 1.471111e-03 0.000000e+00)
103.65        	9.641660e-08	(0.000000e+00 1.471111e-03 0.000000e+00)
103.7         	9.637656e-08	(0.000000e+00 1.471111e-03 0.000000e+00)
103.75        	9.635438e-08	(0.000000e+00 1.471111e-03 0.000000e+00)
103.8         	9.632862e-08	(0.000000e+00 1.471111e-03 0.000000e+00)
103.85        	9.630216e-08	(0.000000e+00 1.471111e-03 0.000000e+00)
103.9         	9.627870e-08	(0.000000e+00 1.471111e-03 0.000000e+00)
103.95        	9.624663e-08	(0.000000e+00 1.471111e-03 0.000000e+00)
104           	9.621914e-08	(0.000000e+00 1.471111e-03 0.000000e+00)
104.05        	9.619278e-08	(0.000000e+00 1.471111e-03 0.000000e+00)
104.1         	9.616490e-08	(0.000000e+00 1.471111e-03 0.000000e+00)
104.15        	9.613641e-08	(0.000000e+00 1.471111e-03 0.000000e+00)
104.2         	9.610762e-08	(0.000000e+00 1.471111e-03 0.000000e+00)
104.25        	9.607796e-08	(0.000000e+00 1.471111e-03 0.000000e+00)
104.3         	9.603367e-08	(0.000000e+00 1.471111e-03 0.000000e+00)
104.35        	9.601086e-08	(0.000000e+00 1.471111e-03 0.000000e+00)
104.4         	9.597999e-08	(0.000000e+00 1.471111e-03 0.000000e+00)
104.45        	9.595864e-08	(0.000000e+00 1.471111e-03 0.000000e+00)
104.5         	9.592783e-08	(0.000000e+00 1.471111e-03 0.000000e+00)
104.55        	9.591381e-08	(0.000000e+00 1.471111e-03 0.000000e+00)
104.6         	9.588903e-08	(0.000000e+00 1.471111e-03 0.000000e+00)
104.65        	9.585842e-08	(0.000000e+00 1.471111e-03 0.000000e+00)
104.7         	9.583896e-08	(0.000000e+00 1.471111e-03 0.000000e+00)
104.75        	9.580915e-08	(0.000000e+00 1.471111e-03 0.000000e+00)
104.8         	9.577860e-08	(0.000000e+00 1.471111e-03 0.000000e+00)
104.85        	9.575037e-08	(0.000000e+00 1.471111e-03 0.000000e+00)
104.9         	9.572221e-08	(0.000000e+00 1.471111e-03 0.000000e+00)
104.95        	9.569462e-08	(0.000000e+00 1.471111e-03 0.000000e+00)
105           	9.566710e-08	(0.000000e+00 1.471111e-03 0.000000e+00)
105.05        	9.563968e-08	(0.000000e+00 1.471111e-03 0.000000e+00)
105.1         	9.561205e-08	(0.000000e+00 1.471111e-03 0.000000e+00)
105.15        	9.558475e-08	(0.000000e+00 1.471111e-03 0.000000e+00)
105.2         	9.555651e-08	(0.000000e+00 1.471111e-03 0.000000e+00)
105.25        	9.552918e-08	(0.000000e+00 1.471111e-03 0.000000e+00)
105.3         	9.550201e-08	(0.000000e+00 1.471111e-03 0.000000e+00)
105.35        	9.547154e-08	(0.000000e+00 1.471111e-03 0.000000e+00)
105.4         	9.544929e-08	(0.000000e+00 1.471111e-03 0.000000e+00)
105.45        	9.541807e-08	(0.000000e+00 1.471111e-03 0.000000e+00)
105.5         	9.538985e-08	(0.000000e+00 1.471111e-03 0.000000e+00)
105.55        	9.536119e-08	(0.000000e+00 1.471111e-03 0.000000e+00)
105.6         	9.533326e-08	(0.000000e+00 1.471111e-03 0.000000e+00)
105.65        	9.530667e-08	(0.000000e+00 1.471111e-03 0.000000e+00)
105.7         	9.527970e-08	(0.000000e+00 1.471111e-03 0.000000e+00)
105.75        	9.525287e-08	(0.000000e+00 1.471111e-03 0.000000e+00)
105.8         	9.522522e-08	(0.000000e+00 1.471111e-03 0.000000e+00)
105.85        	9.519817e-08	(0.000000e+00 1.471111e-03 0.000000e+00)
105.9         	9.517122e-08	(0.000000e+00 1.471111e-03 0.000000e+00)
105.95        	9.514434e-08	(0.000000e+00 1.471111e-03 0.000000e+00)
106           	9.511620e-08	(0.000000e+00 1.471111e-03 0.000000e+00)
106.05        	9.508819e-08	(0.000000e+00 1.471111e-03 0.000000e+00)
106.1         	9.505984e-08	(0.000000e+00 1.471111e-03 0.000000e+00)
106.15        	9.503244e-08	(0.000000e+00 1.471111e-03 0.000000e+00)
106.2         	9.500562e-08	(0.000000e+00 1.471111e-03 0.000000e+00)
106.25        	9.498017e-08	(0.000000e+00 1.471111e-03 0.000000e+00)
106.3         	9.495318e-08	(0.000000e+00 1.471111e-03 0.000000e+00)
106.35        	9.492651e-08	(0.000000e+00 1.471111e-03 0.000000e+00)
106.4         	9.489974e-08	(0.000000e+00 1.471111e-03 0.000000e+00)
106.45        	9.487427e-08	(0.000000e+00 1.471111e-03 0.000000e+00)
106.5         	9.484788e-08	(0.000000e+00 1.471111e-03 0.000000e+00)
106.55        	9.482251e-08	(0.000000e+00 1.471111e-03 0.000000e+00)
106.6         	9.479837e-08	(0.000000e+00 1.471111e-03 0.000000e+00)
106.65        	9.477140e-08	(0.000000e+00 1.471111e-03 0.000000e+00)
106.7         	9.474667e-08	(0.000000e+00 1.471111e-03 0.000000e+00)
106.75        	9.472190e-08	(0.000000e+00 1.471111e-03 0.000000e+00)
106.8         	9.469787e-08	(0.000000e+00 1.471111e-03 0.000000e+00)
106.85        	9.467445e-08	(0.000000e+00 1.471111e-03 0.000000e+00)
106.9         	9.464876e-08	(0.000000e+00 1.471111e-03 0.000000e+00)
106.95        	9.463511e-08	(0.000000e+00 1.471111e-03 0.000000e+00)
107           	9.458727e-08	(0.000000e+00 1.471111e-03 0.000000e+00)
107.05        	9.455905e-08	(0.000000e+00 1.471111e-03 0.000000e+00)
107.1         	9.452726e-08	(0.000000e+00 1.471111e-03 0.000000e+00)
107.15        	9.450340e-08	(0.000000e+00 1.471111e-03 0.000000e+00)
107.2         	9.447784e-08	(0.000000e+00 1.471111e-03 0.000000e+00)
107.25        	9.445004e-08	(0.000000e+00 1.471111e-03 0.000000e+00)
107.3         	9.442397e-08	(0.000000e+00 1.471111e-03 0.000000e+00)
107.35        	9.439697e-08	(0.000000e+00 1.471111e-03 0.000000e+00)
107.4         	9.434443e-08	(0.000000e+00 1.471111e-03 0.000000e+00)
107.45        	9.432072e-08	(0.000000e+00 1.471111e-03 0.000000e+00)
107.5         	9.430993e-08	(0.000000e+00 1.471111e-03 0.000000e+00)
107.55        	9.426961e-08	(0.000000e+00 1.471111e-03 0.000000e+00)
107.6         	9.424665e-08	(0.000000e+00 1.471111e-03 0.000000e+00)
107.65        	9.421415e-08	(0.000000e+00 1.471111e-03 0.000000e+00)
107.7         	9.417977e-08	(0.000000e+00 1.471111e-03 0.000000e+00)
107.75        	9.414800e-08	(0.000000e+00 1.471111e-03 0.000000e+00)
107.8         	9.411776e-08	(0.000000e+00 1.471111e-03 0.000000e+00)
107.85        	9.408735e-08	(0.000000e+00 1.471111e-03 0.000000e+00)
107.9         	9.405769e-08	(0.000000e+00 1.471111e-03 0.000000e+00)
107.95        	9.402807e-08	(0.000000e+00 1.471111e-03 0.000000e+00)
108           	9.399891e-08	(0.000000e+00 1.471111e-03 0.000000e+00)
108.05        	9.396929e-08	(0.000000e+00 1.471111e-03 0.000000e+00)
108.1         	9.394464e-08	(0.000000e+00 1.471111e-03 0.000000e+00)
108.15        	9.391355e-08	(0.000000e+00 1.471111e-03 0.000000e+00)
108.2         	9.388557e-08	(0.000000e+00 1.471111e-03 0.000000e+00)
108.25        	9.385801e-08	(0.000000e+00 1.471111e-03 0.000000e+00)
108.3         	9.382848e-08	(0.000000e+00 1.471111e-03 0.000000e+00)
108.35        	9.380499e-08	(0.000000e+00 1.471111e-03 0.000000e+00)
108.4         	9.377665e-08	(0.000000e+00 1.471111e-03 0.000000e+00)
108.45        	9.375085e-08	(0.000000e+00 1.471111e-03 0.000000e+00)
108.5         	9.372410e-08	(0.000000e+00 1.471111e-03 0.000000e+00)
108.55        	9.369546e-08	(0.000000e+00 1.471111e-03 0.000000e+00)
108.6         	9.367512e-08	(0.000000e+00 1.471111e-03 0.000000e+00)
108.65        	9.364905e-08	(0.000000e+00 1.471111e-03 0.000000e+00)
108.7         	9.362362e-08	(0.000000e+00 1.471111e-03 0.000000e+00)
108.75        	9.359803e-08	(0.000000e+00 1.471111e-03 0.000000e+00)
108.8         	9.357394e-08	(0.000000e+00 1.471111e-03 0.000000e+00)
108.85        	9.354892e-08	(0.000000e+00 1.471111e-03 0.000000e+00)
108.9         	9.353011e-08	(0.000000e+00 1.471111e-03 0.000000e+00)
108.95        	9.349655e-08	(0.000000e+00 1.471111e-03 0.000000e+00)
109           	9.347278e-08	(0.000000e+00 1.471111e-03 0.000000e+00)
109.05        	9.343979e-08	(0.000000e+00 1.471111e-03 0.000000e+00)
109.1         	9.340323e-08	(0.000000e+00 1.471111e-03 0.000000e+00)
109.15        	9.337186e-08	(0.000000e+00 1.471111e-03 0.000000e+00)
109.2         	9.335209e-08	(0.000000e+00 1.471111e-03 0.000000e+00)
109.25        	9.331520e-08	(0.000000e+00 1.471111e-03 0.000000e+00)
109.3         	9.328982e-08	(0.000000e+00 1.471111e-03 0.000000e+00)
109.35        	9.328034e-08	(0.000000e+00 1.471111e-03 0.000000e+00)
109.4         	9.326271e-08	(0.000000e+00 1.471111e-03 0.000000e+00)
109.45        	9.324148e-08	(0.000000e+00 1.471111e-03 0.000000e+00)
109.5         	9.321375e-08	(0.000000e+00 1.471111e-03 0.000000e+00)
109.55        	9.318741e-08	(0.000000e+00 1.471111e-03 0.000000e+00)
109.6         	9.316210e-08	(0.000000e+00 1.471111e-03 0.000000e+00)
109.65        	9.313708e-08	(0.000000e+00 1.471111e-03 0.000000e+00)
109.7         	9.311259e-08	(0.000000e+00 1.471111e-03 0.000000e+00)
109.75        	9.308848e-08	(0.000000e+00 1.471111e-03 0.000000e+00)
109.8         	9.306396e-08	(0.000000e+00 1.471111e-03 0.000000e+00)
109.85        	9.303899e-08	(0.000000e+00 1.471111e-03 0.000000e+00)
109.9         	9.300330e-08	(0.000000e+00 1.471111e-03 0.000000e+00)
109.95        	9.297186e-08	(0.000000e+00 1.471111e-03 0.000000e+00)
110           	9.294850e-08	(0.000000e+00 1.471111e-03 0.000000e+00)
110.05        	9.292204e-08	(0.000000e+00 1.471111e-03 0.000000e+00)
110.1         	9.289461e-08	(0.000000e+00 1.471111e-03 0.000000e+00)
110.15        	9.286989e-08	(0.000000e+00 1.471111e-03 0.000000e+00)
110.2         	9.284989e-08	(0.000000e+00 1.471111e-03 0.000000e+00)
110.25        	9.283070e-08	(0.000000e+00 1.471111e-03 0.000000e+00)
110.3         	9.280732e-08	(0.000000e+00 1.471111e-03 0.000000e+00)
110.35        	9.277874e-08	(0.000000e+00 1.471111e-03 0.000000e+00)
110.4         	9.275146e-08	(0.000000e+00 1.471111e-03 0.000000e+00)
110.45        	9.272577e-08	(0.000000e+00 1.471111e-03 0.000000e+00)
110.5         	9.270041e-08	(0.000000e+00 1.471111e-03 0.000000e+00)
110.55        	9.267486e-08	(0.000000e+00 1.471111e-03 0.000000e+00)
110.6         	9.264860e-08	(0.000000e+00 1.471111e-03 0.000000e+00)
110.65        	9.262164e-08	(0.000000e+00 1.471111e-03 0.000000e+00)
110.7         	9.259571e-08	(0.000000e+00 1.471111e-03 0.000000e+00)
110.75        	9.257029e-08	(0.000000e+00 1.471111e-03 0.000000e+00)
110.8         	9.254461e-08	(0.000000e+00 1.471111e-03 0.000000e+00)
110.85        	9.252526e-08	(0.000000e+00 1.471111e-03 0.000000e+00)
110.9         	9.249996e-08	(0.000000e+00 1.471111e-03 0.000000e+00)
110.95        	9.247227e-08	(0.000000e+00 1.471111e-03 0.000000e+00)
111           	9.244530e-08	(0.000000e+00 1.471111e-03 0.000000e+00)
111.05        	9.242016e-08	(0.000000e+00 1.471111e-03 0.000000e+00)
111.1         	9.239615e-08	(0.000000e+00 1.471111e-03 0.000000e+00)
111.15        	9.237061e-08	(0.000000e+00 1.471111e-03 0.000000e+00)
111.2         	9.234496e-08	(0.000000e+00 1.471111e-03 0.000000e+00)
111.25        	9.231860e-08	(0.000000e+00 1.471111e-03 0.000000e+00)
111.3         	9.230016e-08	(0.000000e+00 1.471111e-03 0.000000e+00)
111.35        	9.227337e-08	(0.000000e+00 1.471111e-03 0.000000e+00)
111.4         	9.224681e-08	(0.000000e+00 1.471111e-03 0.000000e+00)
111.45        	9.222070e-08	(0.000000e+00 1.471111e-03 0.000000e+00)
111.5         	9.219759e-08	(0.000000e+00 1.471111e-03 0.000000e+00)
111.55        	9.217181e-08	(0.000000e+00 1.471111e-03 0.000000e+00)
111.6         	9.214504e-08	(0.000000e+00 1.471111e-03 0.000000e+00)
111.65        	9.212090e-08	(0.000000e+00 1.471111e-03 0.000000e+00)
111.7         	9.209689e-08	(0.000000e+00 1.471111e-03 0.000000e+00)
111.75        	9.207183e-08	(0.000000e+00 1.471111e-03 0.000000e+00)
111.8         	9.204706e-08	(0.000000e+00 1.471111e-03 0.000000e+00)
111.85        	9.202209e-08	(0.000000e+00 1.471111e-03 0.000000e+00)
111.9         	9.199746e-08	(0.000000e+00 1.471111e-03 0.000000e+00)
111.95        	9.197266e-08	(0.000000e+00 1.471111e-03 0.000000e+00)
112           	9.194826e-08	(0.000000e+00 1.471111e-03 0.000000e+00)
112.05        	9.192426e-08	(0.000000e+00 1.471111e-03 0.000000e+00)
112.1         	9.189974e-08	(0.000000e+00 1.471111e-03 0.000000e+00)
112.15        	9.187502e-08	(0.000000e+00 1.471111e-03 0.000000e+00)
112.2         	9.185133e-08	(0.000000e+00 1.471111e-03 0.000000e+00)
112.25        	9.182786e-08	(0.000000e+00 1.471111e-03 0.000000e+00)
112.3         	9.180711e-08	(0.000000e+00 1.471111e-03 0.000000e+00)
112.35        	9.177761e-08	(0.000000e+00 1.471111e-03 0.000000e+00)
112.4         	9.174682e-08	(0.000000e+00 1.471111e-03 0.000000e+00)
112.45        	9.172261e-08	(0.000000e+00 1.471111e-03 0.000000e+00)
112.5         	9.170098e-08	(0.000000e+00 1.471111e-03 0.000000e+00)
112.55        	9.167865e-08	(0.000000e+00 1.471111e-03 0.000000e+00)
112.6         	9.165442e-08	(0.000000e+00 1.471111e-03 0.000000e+00)
112.65        	9.162949e-08	(0.000000e+00 1.471111e-03 0.000000e+00)
112.7         	9.159951e-08	(0.000000e+00 1.471111e-03 0.000000e+00)
112.75        	9.157827e-08	(0.000000e+00 1.471111e-03 0.000000e+00)
112.8         	9.155311e-08	(0.000000e+00 1.471111e-03 0.000000e+00)
112.85        	9.152796e-08	(0.000000e+00 1.471111e-03 0.000000e+00)
112.9         	9.150128e-08	(0.000000e+00 1.471111e-03 0.000000e+00)
112.95        	9.147364e-08	(0.000000e+00 1.471111e-03 0.000000e+00)
113           	9.144450e-08	(0.000000e+00 1.471111e-03 0.000000e+00)
113.05        	9.140806e-08	(0.000000e+00 1.471111e-03 0.000000e+00)
113.1         	9.136527e-08	(0.000000e+00 1.471111e-03 0.000000e+00)
113.15        	9.139309e-08	(0.000000e+00 1.471111e-03 0.000000e+00)
113.2         	9.138423e-08	(0.000000e+00 1.471111e-03 0.000000e+00)
113.25        	9.136565e-08	(0.000000e+00 1.471111e-03 0.000000e+00)
113.3         	9.133228e-08	(0.000000e+00 1.471111e-03 0.000000e+00)
113.35        	9.130387e-08	(0.000000e+00 1.471111e-03 0.000000e+00)
113.4         	9.127853e-08	(0.000000e+00 1.471111e-03 0.000000e+00)
113.45        	9.125492e-08	(0.000000e+00 1.471111e-03 0.000000e+00)
113.5         	9.124353e-08	(0.000000e+00 1.471111e-03 0.000000e+00)
113.55        	9.122175e-08	(0.000000e+00 1.471111e-03 0.000000e+00)
113.6         	9.119093e-08	(0.000000e+00 1.471111e-03 0.000000e+00)
113.65        	9.116463e-08	(0.000000e+00 1.471111e-03 0.000000e+00)
113.7         	9.113776e-08	(0.000000e+00 1.471111e-03 0.000000e+00)
113.75        	9.111013e-08	(0.000000e+00 1.471111e-03 0.000000e+00)
113.8         	9.109504e-08	(0.000000e+00 1.471111e-03 0.000000e+00)
113.85        	9.107612e-08	(0.000000e+00 1.471111e-03 0.000000e+00)
113.9         	9.105222e-08	(0.000000e+00 1.471111e-03 0.000000e+00)
113.95        	9.103707e-08	(0.000000e+00 1.471111e-03 0.000000e+00)
114           	9.100629e-08	(0.000000e+00 1.471111e-03 0.000000e+00)
114.05        	9.098039e-08	(0.000000e+00 1.471111e-03 0.000000e+00)
114.1         	9.096011e-08	(0.000000e+00 1.471111e-03 0.000000e+00)
114.15        	9.094304e-08	(0.000000e+00 1.471111e-03 0.000000e+00)
114.2         	9.092281e-08	(0.000000e+00 1.471111e-03 0.000000e+00)
114.25        	9.090453e-08	(0.000000e+00 1.471111e-03 0.000000e+00)
114.3         	9.088328e-08	(0.000000e+00 1.471111e-03 0.000000e+00)
114.35        	9.085653e-08	(0.000000e+00 1.471111e-03 0.000000e+00)
114.4         	9.082746e-08	(0.000000e+00 1.471111e-03 0.000000e+00)
114.45        	9.080117e-08	(0.000000e+00 1.471111e-03 0.000000e+00)
114.5         	9.077148e-08	(0.000000e+00 1.471111e-03 0.000000e+00)
114.55        	9.074414e-08	(0.000000e+00 1.471111e-03 0.000000e+00)
114.6         	9.071274e-08	(0.000000e+00 1.471111e-03 0.000000e+00)
114.65        	9.067926e-08	(0.000000e+00 1.471111e-03 0.000000e+00)
114.7         	9.068292e-08	(0.000000e+00 1.471111e-03 0.000000e+00)
114.75        	9.067365e-08	(0.000000e+00 1.471111e-03 0.000000e+00)
114.8         	9.065387e-08	(0.000000e+00 1.471111e-03 0.000000e+00)
114.85        	9.063493e-08	(0.000000e+00 1.471111e-03 0.000000e+00)
114.9         	9.061907e-08	(0.000000e+00 1.471111e-03 0.000000e+00)
114.95        	9.062026e-08	(0.000000e+00 1.471111e-03 0.000000e+00)
115           	9.061469e-08	(0.000000e+00 1.471111e-03 0.000000e+00)
115.05        	9.059343e-08	(0.000000e+00 1.471111e-03 0.000000e+00)
115.1         	9.055919e-08	(0.000000e+00 1.471111e-03 0.000000e+00)
115.15        	9.053288e-08	(0.000000e+00 1.471111e-03 0.000000e+00)
115.2         	9.051065e-08	(0.000000e+00 1.471111e-03 0.000000e+00)
115.25        	9.050217e-08	(0.000000e+00 1.471111e-03 0.000000e+00)
115.3         	9.048388e-08	(0.000000e+00 1.471111e-03 0.000000e+00)
115.35        	9.046495e-08	(0.000000e+00 1.471111e-03 0.000000e+00)
115.4         	9.044732e-08	(0.000000e+00 1.471111e-03 0.000000e+00)
115.45        	9.042759e-08	(0.000000e+00 1.471111e-03 0.000000e+00)
115.5         	9.040676e-08	(0.000000e+00 1.471111e-03 0.000000e+00)
115.55        	9.038844e-08	(0.000000e+00 1.471111e-03 0.000000e+00)
115.6         	9.036993e-08	(0.000000e+00 1.471111e-03 0.000000e+00)
115.65        	9.034658e-08	(0.000000e+00 1.471111e-03 0.000000e+00)
115.7         	9.032352e-08	(0.000000e+00 1.471111e-03 0.000000e+00)
115.75        	9.030490e-08	(0.000000e+00 1.471111e-03 0.000000e+00)
115.8         	9.027390e-08	(0.000000e+00 1.471111e-03 0.000000e+00)
115.85        	9.023690e-08	(0.000000e+00 1.471111e-03 0.000000e+00)
115.9         	9.021947e-08	(0.000000e+00 1.471111e-03 0.000000e+00)
115.95        	9.020575e-08	(0.000000e+00 1.471111e-03 0.000000e+00)
116           	9.019210e-08	(0.000000e+00 1.471111e-03 0.000000e+00)
116.05        	9.017579e-08	(0.000000e+00 1.471111e-03 0.000000e+00)
116.1         	9.015789e-08	(0.000000e+00 1.471111e-03 0.000000e+00)
116.15        	9.013569e-08	(0.000000e+00 1.471111e-03 0.000000e+00)
116.2         	9.011546e-08	(0.000000e+00 1.471111e-03 0.000000e+00)
116.25        	9.009349e-08	(0.000000e+00 1.471111e-03 0.000000e+00)
116.3         	9.007587e-08	(0.000000e+00 1.471111e-03 0.000000e+00)
116.35        	9.005381e-08	(0.000000e+00 1.471111e-03 0.000000e+00)
116.4         	9.002854e-08	(0.000000e+00 1.471111e-03 0.000000e+00)
116.45        	9.000192e-08	(0.000000e+00 1.471111e-03 0.000000e+00)
116.5         	8.997119e-08	(0.000000e+00 1.471111e-03 0.000000e+00)
116.55        	8.995409e-08	(0.000000e+00 1.471111e-03 0.000000e+00)
116.6         	8.996961e-08	(0.000000e+00 1.471111e-03 0.000000e+00)
116.65        	8.995879e-08	(0.000000e+00 1.471111e-03 0.000000e+00)
116.7         	8.994450e-08	(0.000000e+00 1.471111e-03 0.000000e+00)
116.75        	8.993049e-08	(0.000000e+00 1.471111e-03 0.000000e+00)
116.8         	8.990906e-08	(0.000000e+00 1.471111e-03 0.000000e+00)
116.85        	8.988826e-08	(0.000000e+00 1.471111e-03 0.000000e+00)
116.9         	8.987115e-08	(0.000000e+00 1.471111e-03 0.000000e+00)
116.95        	8.986775e-08	(0.000000e+00 1.471111e-03 0.000000e+00)
117           	8.985597e-08	(0.000000e+00 1.471111e-03 0.000000e+00)
117.05        	8.987929e-08	(0.000000e+00 1.471111e-03 0.000000e+00)
117.1         	8.986547e-08	(0.000000e+00 1.471111e-03 0.000000e+00)
117.15        	8.983904e-08	(0.000000e+00 1.471111e-03 0.000000e+00)
117.2         	8.982204e-08	(0.000000e+00 1.471111e-03 0.000000e+00)
117.25        	8.982660e-08	(0.000000e+00 1.471111e-03 0.000000e+00)
117.3         	8.980822e-08	(0.000000e+00 1.471111e-03 0.000000e+00)
117.35        	8.979198e-08	(0.000000e+00 1.471111e-03 0.000000e+00)
117.4         	8.977561e-08	(0.000000e+00 1.471111e-03 0.000000e+00)
117.45        	8.975858e-08	(0.000000e+00 1.471111e-03 0.000000e+00)
117.5         	8.973829e-08	(0.000000e+00 1.471111e-03 0.000000e+00)
117.55        	8.972397e-08	(0.000000e+00 1.471111e-03 0.000000e+00)
117.6         	8.970734e-08	(0.000000e+00 1.471111e-03 0.000000e+00)
117.65        	8.968824e-08	(0.000000e+00 1.471111e-03 0.000000e+00)
117.7         	8.966690e-08	(0.000000e+00 1.471111e-03 0.000000e+00)
117.75        	8.964662e-08	(0.000000e+00 1.471111e-03 0.000000e+00)
117.8         	8.962646e-08	(0.000000e+00 1.471111e-03 0.000000e+00)
117.85        	8.960608e-08	(0.000000e+00 1.471111e-03 0.000000e+00)
117.9         	8.958644e-08	(0.000000e+00 1.471111e-03 0.000000e+00)
117.95        	8.956594e-08	(0.000000e+00 1.471111e-03 0.000000e+00)
118           	8.954460e-08	(0.000000e+00 1.471111e-03 0.000000e+00)
118.05        	8.952645e-08	(0.000000e+00 1.471111e-03 0.000000e+00)
118.1         	8.950957e-08	(0.000000e+00 1.471111e-03 0.000000e+00)
118.15        	8.948882e-08	(0.000000e+00 1.471111e-03 0.000000e+00)
118.2         	8.946644e-08	(0.000000e+00 1.471111e-03 0.000000e+00)
118.25        	8.944473e-08	(0.000000e+00 1.471111e-03 0.000000e+00)
118.3         	8.942442e-08	(0.000000e+00 1.471111e-03 0.000000e+00)
118.35        	8.940438e-08	(0.000000e+00 1.471111e-03 0.000000e+00)
118.4         	8.938561e-08	(0.000000e+00 1.471111e-03 0.000000e+00)
118.45        	8.936581e-08	(0.000000e+00 1.471111e-03 0.000000e+00)
118.5         	8.934518e-08	(0.000000e+00 1.471111e-03 0.000000e+00)
118.55        	8.932668e-08	(0.000000e+00 1.471111e-03 0.000000e+00)
118.6         	8.930566e-08	(0.000000e+00 1.471111e-03 0.000000e+00)
118.65        	8.928401e-08	(0.000000e+00 1.471111e-03 0.000000e+00)
118.7         	8.926358e-08	(0.000000e+00 1.471111e-03 0.000000e+00)
118.75        	8.924319e-08	(0.000000e+00 1.471111e-03 0.000000e+00)
118.8         	8.924451e-08	(0.000000e+00 1.471111e-03 0.000000e+00)
118.85        	8.923926e-08	(0.000000e+00 1.471111e-03 0.000000e+00)
118.9         	8.921556e-08	(0.000000e+00 1.471111e-03 0.000000e+00)
118.95        	8.919374e-08	(0.000000e+00 1.471111e-03 0.000000e+00)
119           	8.917720e-08	(0.000000e+00 1.471111e-03 0.000000e+00)
119.05        	8.916223e-08	(0.000000e+00 1.471111e-03 0.000000e+00)
119.1         	8.914347e-08	(0.000000e+00 1.471111e-03 0.000000e+00)
119.15        	8.912341e-08	(0.000000e+00 1.471111e-03 0.000000e+00)
119.2         	8.910531e-08	(0.000000e+00 1.471111e-03 0.000000e+00)
119.25        	8.909069e-08	(0.000000e+00 1.471111e-03 0.000000e+00)
119.3         	8.907546e-08	(0.000000e+00 1.471111e-03 0.000000e+00)
119.35        	8.906130e-08	(0.000000e+00 1.471111e-03 0.000000e+00)
119.4         	8.904541e-08	(0.000000e+00 1.471111e-03 0.000000e+00)
119.45        	8.903024e-08	(0.000000e+00 1.471111e-03 0.000000e+00)
119.5         	8.901372e-08	(0.000000e+00 1.471111e-03 0.000000e+00)
119.55        	8.899759e-08	(0.000000e+00 1.471111e-03 0.000000e+00)
119.6         	8.898240e-08	(0.000000e+00 1.471111e-03 0.000000e+00)
119.65        	8.895843e-08	(0.000000e+00 1.471111e-03 0.000000e+00)
119.7         	8.894006e-08	(0.000000e+00 1.471111e-03 0.000000e+00)
119.75        	8.894513e-08	(0.000000e+00 1.471111e-03 0.000000e+00)
119.8         	8.893053e-08	(0.000000e+00 1.471111e-03 0.000000e+00)
119.85        	8.891647e-08	(0.000000e+00 1.471111e-03 0.000000e+00)
119.9         	8.889821e-08	(0.000000e+00 1.471111e-03 0.000000e+00)
119.95        	8.888125e-08	(0.000000e+00 1.471111e-03 0.000000e+00)
120           	8.886721e-08	(0.000000e+00 1.471111e-03 0.000000e+00)
120.05        	8.885461e-08	(0.000000e+00 1.471111e-03 0.000000e+00)
120.1         	8.880836e-08	(0.000000e+00 1.471111e-03 0.000000e+00)
120.15        	8.880829e-08	(0.000000e+00 1.471111e-03 0.000000e+00)
120.2         	8.881907e-08	(0.000000e+00 1.471111e-03 0.000000e+00)
120.25        	8.876750e-08	(0.000000e+00 1.471111e-03 0.000000e+00)
120.3         	8.877313e-08	(0.000000e+00 1.471111e-03 0.000000e+00)
120.35        	8.873772e-08	(0.000000e+00 1.471111e-03 0.000000e+00)
120.4         	8.873472e-08	(0.000000e+00 1.471111e-03 0.000000e+00)
120.45        	8.871594e-08	(0.000000e+00 1.471111e-03 0.000000e+00)
120.5         	8.870795e-08	(0.000000e+00 1.471111e-03 0.000000e+00)
120.55        	8.869352e-08	(0.000000e+00 1.471111e-03 0.000000e+00)
120.6         	8.868336e-08	(0.000000e+00 1.471111e-03 0.000000e+00)
120.65        	8.864125e-08	(0.000000e+00 1.471111e-03 0.000000e+00)
120.7         	8.864314e-08	(0.000000e+00 1.471111e-03 0.000000e+00)
120.75        	8.863215e-08	(0.000000e+00 1.471111e-03 0.000000e+00)
120.8         	8.862052e-08	(0.000000e+00 1.471111e-03 0.000000e+00)
120.85        	8.860848e-08	(0.000000e+00 1.471111e-03 0.000000e+00)
120.9         	8.859674e-08	(0.000000e+00 1.471111e-03 0.000000e+00)
120.95        	8.858559e-08	(0.000000e+00 1.471111e-03 0.000000e+00)
121           	8.857465e-08	(0.000000e+00 1.471111e-03 0.000000e+00)
121.05        	8.856407e-08	(0.000000e+00 1.471111e-03 0.000000e+00)
121.1         	8.855351e-08	(0.000000e+00 1.471111e-03 0.000000e+00)
121.15        	8.854283e-08	(0.000000e+00 1.471111e-03 0.000000e+00)
121.2         	8.853190e-08	(0.000000e+00 1.471111e-03 0.000000e+00)
121.25        	8.852040e-08	(0.000000e+00 1.471111e-03 0.000000e+00)
121.3         	8.850934e-08	(0.000000e+00 1.471111e-03 0.000000e+00)
121.35        	8.849825e-08	(0.000000e+00 1.471111e-03 0.000000e+00)
121.4         	8.848644e-08	(0.000000e+00 1.471111e-03 0.000000e+00)
121.45        	8.847734e-08	(0.000000e+00 1.471111e-03 0.000000e+00)
121.5         	8.846542e-08	(0.000000e+00 1.471111e-03 0.000000e+00)
121.55        	8.845038e-08	(0.000000e+00 1.471111e-03 0.000000e+00)
121.6         	8.844000e-08	(0.000000e+00 1.471111e-03 0.000000e+00)
121.65        	8.842916e-08	(0.000000e+00 1.471111e-03 0.000000e+00)
121.7         	8.842088e-08	(0.000000e+00 1.471111e-03 0.000000e+00)
121.75        	8.840688e-08	(0.000000e+00 1.471111e-03 0.000000e+00)
121.8         	8.840135e-08	(0.000000e+00 1.471111e-03 0.000000e+00)
121.85        	8.839601e-08	(0.000000e+00 1.471111e-03 0.000000e+00)
121.9         	8.837479e-08	(0.000000e+00 1.471111e-03 0.000000e+00)
121.95        	8.835965e-08	(0.000000e+00 1.471111e-03 0.000000e+00)
122           	8.834924e-08	(0.000000e+00 1.471111e-03 0.000000e+00)
122.05        	8.833963e-08	(0.000000e+00 1.471111e-03 0.000000e+00)
122.1         	8.832903e-08	(0.000000e+00 1.471111e-03 0.000000e+00)
122.15        	8.831625e-08	(0.000000e+00 1.471111e-03 0.000000e+00)
122.2         	8.831956e-08	(0.000000e+00 1.471111e-03 0.000000e+00)
122.25        	8.828839e-08	(0.000000e+00 1.471111e-03 0.000000e+00)
122.3         	8.828259e-08	(0.000000e+00 1.471111e-03 0.000000e+00)
122.35        	8.827225e-08	(0.000000e+00 1.471111e-03 0.000000e+00)
122.4         	8.826192e-08	(0.000000e+00 1.471111e-03 0.000000e+00)
122.45        	8.824962e-08	(0.000000e+00 1.471111e-03 0.000000e+00)
122.5         	8.823906e-08	(0.000000e+00 1.471111e-03 0.000000e+00)
122.55        	8.822759e-08	(0.000000e+00 1.471111e-03 0.000000e+00)
122.6         	8.821717e-08	(0.000000e+00 1.471111e-03 0.000000e+00)
122.65        	8.820683e-08	(0.000000e+00 1.471111e-03 0.000000e+00)
122.7         	8.819621e-08	(0.000000e+00 1.471111e-03 0.000000e+00)
122.75        	8.818415e-08	(0.000000e+00 1.471111e-03 0.000000e+00)
122.8         	8.817328e-08	(0.000000e+00 1.471111e-03 0.000000e+00)
122.85        	8.816060e-08	(0.000000e+00 1.471111e-03 0.000000e+00)
122.9         	8.815044e-08	(0.000000e+00 1.471111e-03 0.000000e+00)
122.95        	8.814382e-08	(0.000000e+00 1.471111e-03 0.000000e+00)
123           	8.813074e-08	(0.000000e+00 1.471111e-03 0.000000e+00)
123.05        	8.810755e-08	(0.000000e+00 1.471111e-03 0.000000e+00)
123.1         	8.808583e-08	(0.000000e+00 1.471111e-03 0.000000e+00)
123.15        	8.806948e-08	(0.000000e+00 1.471111e-03 0.000000e+00)
123.2         	8.807045e-08	(0.000000e+00 1.471111e-03 0.000000e+00)
123.25        	8.806965e-08	(0.000000e+00 1.471111e-03 0.000000e+00)
123.3         	8.806323e-08	(0.000000e+00 1.471111e-03 0.000000e+00)
123.35        	8.805344e-08	(0.000000e+00 1.471111e-03 0.000000e+00)
123.4         	8.804253e-08	(0.000000e+00 1.471111e-03 0.000000e+00)
123.45        	8.803402e-08	(0.000000e+00 1.471111e-03 0.000000e+00)
123.5         	8.802211e-08	(0.000000e+00 1.471111e-03 0.000000e+00)
123.55        	8.801282e-08	(0.000000e+00 1.471111e-03 0.000000e+00)
123.6         	8.800689e-08	(0.000000e+00 1.471111e-03 0.000000e+00)
123.65        	8.798311e-08	(0.000000e+00 1.471111e-03 0.000000e+00)
123.7         	8.797599e-08	(0.000000e+00 1.471111e-03 0.000000e+00)
123.75        	8.796402e-08	(0.000000e+00 1.471111e-03 0.000000e+00)
123.8         	8.795747e-08	(0.000000e+00 1.471111e-03 0.000000e+00)
123.85        	8.794778e-08	(0.000000e+00 1.471111e-03 0.000000e+00)
123.9         	8.792436e-08	(0.000000e+00 1.471111e-03 0.000000e+00)
123.95        	8.791319e-08	(0.000000e+00 1.471111e-03 0.000000e+00)
124           	8.790490e-08	(0.000000e+00 1.471111e-03 0.000000e+00)
124.05        	8.788832e-08	(0.000000e+00 1.471111e-03 0.000000e+00)
124.1         	8.787462e-08	(0.000000e+00 1.471111e-03 0.000000e+00)
124.15        	8.786027e-08	(0.000000e+00 1.471111e-03 0.000000e+00)
124.2         	8.784606e-08	(0.000000e+00 1.471111e-03 0.000000e+00)
124.25        	8.783436e-08	(0.000000e+00 1.471111e-03 0.000000e+00)
124.3         	8.783223e-08	(0.000000e+00 1.471111e-03 0.000000e+00)
124.35        	8.782479e-08	(0.000000e+00 1.471111e-03 0.000000e+00)
124.4         	8.781057e-08	(0.000000e+00 1.471111e-03 0.000000e+00)
124.45        	8.779798e-08	(0.000000e+00 1.471111e-03 0.000000e+00)
124.5         	8.779700e-08	(0.000000e+00 1.471111e-03 0.000000e+00)
124.55        	8.778426e-08	(0.000000e+00 1.471111e-03 0.000000e+00)
124.6         	8.776965e-08	(0.000000e+00 1.471111e-03 0.000000e+00)
124.65        	8.776448e-08	(0.000000e+00 1.471111e-03 0.000000e+00)
124.7         	8.775521e-08	(0.000000e+00 1.471111e-03 0.000000e+00)
124.75        	8.774584e-08	(0.000000e+00 1.471111e-03 0.000000e+00)
124.8         	8.773652e-08	(0.000000e+00 1.471111e-03 0.000000e+00)
124.85        	8.772756e-08	(0.000000e+00 1.471111e-03 0.000000e+00)
124.9         	8.771827e-08	(0.000000e+00 1.471111e-03 0.000000e+00)
124.95        	8.770940e-08	(0.000000e+00 1.471111e-03 0.000000e+00)
125           	8.770024e-08	(0.000000e+00 1.471111e-03 0.000000e+00)
125.05        	8.769132e-08	(0.000000e+00 1.471111e-03 0.000000e+00)
125.1         	8.768285e-08	(0.000000e+00 1.471111e-03 0.000000e+00)
125.15        	8.767452e-08	(0.000000e+00 1.471111e-03 0.000000e+00)
125.2         	8.766554e-08	(0.000000e+00 1.471111e-03 0.000000e+00)
125.25        	8.765639e-08	(0.000000e+00 1.471111e-03 0.000000e+00)
125.3         	8.764770e-08	(0.000000e+00 1.471111e-03 0.000000e+00)
125.35        	8.763938e-08	(0.000000e+00 1.471111e-03 0.000000e+00)
125.4         	8.763189e-08	(0.000000e+00 1.471111e-03 0.000000e+00)
125.45        	8.762379e-08	(0.000000e+00 1.471111e-03 0.000000e+00)
125.5         	8.761569e-08	(0.000000e+00 1.471111e-03 0.000000e+00)
125.55        	8.760695e-08	(0.000000e+00 1.471111e-03 0.000000e+00)
125.6         	8.759834e-08	(0.000000e+00 1.471111e-03 0.000000e+00)
125.65        	8.758996e-08	(0.000000e+00 1.471111e-03 0.000000e+00)
125.7         	8.758203e-08	(0.000000e+00 1.471111e-03 0.000000e+00)
125.75        	8.757372e-08	(0.000000e+00 1.471111e-03 0.000000e+00)
125.8         	8.756514e-08	(0.000000e+00 1.471111e-03 0.000000e+00)
125.85        	8.755689e-08	(0.000000e+00 1.471111e-03 0.000000e+00)
125.9         	8.754915e-08	(0.000000e+00 1.471111e-03 0.000000e+00)
125.95        	8.754430e-08	(0.000000e+00 1.471111e-03 0.000000e+00)
126           	8.753538e-08	(0.000000e+00 1.471111e-03 0.000000e+00)
126.05        	8.752774e-08	(0.000000e+00 1.471111e-03 0.000000e+00)
126.1         	8.752240e-08	(0.000000e+00 1.471111e-03 0.000000e+00)
126.15        	8.751522e-08	(0.000000e+00 1.471111e-03 0.000000e+00)
126.2         	8.750756e-08	(0.000000e+00 1.471111e-03 0.000000e+00)
126.25        	8.750084e-08	(0.000000e+00 1.471111e-03 0.000000e+00)
126.3         	8.749337e-08	(0.000000e+00 1.471111e-03 0.000000e+00)
126.35        	8.748690e-08	(0.000000e+00 1.471111e-03 0.000000e+00)
126.4         	8.748092e-08	(0.000000e+00 1.471111e-03 0.000000e+00)
126.45        	8.747379e-08	(0.000000e+00 1.471111e-03 0.000000e+00)
126.5         	8.746686e-08	(0.000000e+00 1.471111e-03 0.000000e+00)
126.55        	8.745979e-08	(0.000000e+00 1.471111e-03 0.000000e+00)
126.6         	8.745270e-08	(0.000000e+00 1.471111e-03 0.000000e+00)
126.65        	8.744627e-08	(0.000000e+00 1.471111e-03 0.000000e+00)
126.7         	8.743950e-08	(0.000000e+00 1.471111e-03 0.000000e+00)
126.75        	8.743271e-08	(0.000000e+00 1.471111e-03 0.000000e+00)
126.8         	8.742586e-08	(0.000000e+00 1.471111e-03 0.000000e+00)
126.85        	8.741964e-08	(0.000000e+00 1.471111e-03 0.000000e+00)
126.9         	8.741379e-08	(0.000000e+00 1.471111e-03 0.000000e+00)
126.95        	8.740726e-08	(0.000000e+00 1.471111e-03 0.000000e+00)
127           	8.740166e-08	(0.000000e+00 1.471111e-03 0.000000e+00)
127.05        	8.739526e-08	(0.000000e+00 1.471111e-03 0.000000e+00)
127.1         	8.738899e-08	(0.000000e+00 1.471111e-03 0.000000e+00)
127.15        	8.738331e-08	(0.000000e+00 1.471111e-03 0.000000e+00)
127.2         	8.737741e-08	(0.000000e+00 1.471111e-03 0.000000e+00)
127.25        	8.737196e-08	(0.000000e+00 1.471111e-03 0.000000e+00)
127.3         	8.736587e-08	(0.000000e+00 1.471111e-03 0.000000e+00)
127.35        	8.735984e-08	(0.000000e+00 1.471111e-03 0.000000e+00)
127.4         	8.735449e-08	(0.000000e+00 1.471111e-03 0.000000e+00)
127.45        	8.734863e-08	(0.000000e+00 1.471111e-03 0.000000e+00)
127.5         	8.734288e-08	(0.000000e+00 1.471111e-03 0.000000e+00)
127.55        	8.733751e-08	(0.000000e+00 1.471111e-03 0.000000e+00)
127.6         	8.733311e-08	(0.000000e+00 1.471111e-03 0.000000e+00)
127.65        	8.732646e-08	(0.000000e+00 1.471111e-03 0.000000e+00)
127.7         	8.732124e-08	(0.000000e+00 1.471111e-03 0.000000e+00)
127.75        	8.731585e-08	(0.000000e+00 1.471111e-03 0.000000e+00)
127.8         	8.731010e-08	(0.000000e+00 1.471111e-03 0.000000e+00)
127.85        	8.730577e-08	(0.000000e+00 1.471111e-03 0.000000e+00)
127.9         	8.730045e-08	(0.000000e+00 1.471111e-03 0.000000e+00)
127.95        	8.729608e-08	(0.000000e+00 1.471111e-03 0.000000e+00)
128           	8.729087e-08	(0.000000e+00 1.471111e-03 0.000000e+00)
128.05        	8.728444e-08	(0.000000e+00 1.471111e-03 0.000000e+00)
128.1         	8.727927e-08	(0.000000e+00 1.471111e-03 0.000000e+00)
128.15        	8.727393e-08	(0.000000e+00 1.471111e-03 0.000000e+00)
128.2         	8.726846e-08	(0.000000e+00 1.471111e-03 0.000000e+00)
128.25        	8.726456e-08	(0.000000e+00 1.471111e-03 0.000000e+00)
128.3         	8.725833e-08	(0.000000e+00 1.471111e-03 0.000000e+00)
128.35        	8.725381e-08	(0.000000e+00 1.471111e-03 0.000000e+00)
128.4         	8.724666e-08	(0.000000e+00 1.471111e-03 0.000000e+00)
128.45        	8.724244e-08	(0.000000e+00 1.471111e-03 0.000000e+00)
128.5         	8.723754e-08	(0.000000e+00 1.471111e-03 0.000000e+00)
128.55        	8.723286e-08	(0.000000e+00 1.471111e-03 0.000000e+00)
128.6         	8.722834e-08	(0.000000e+00 1.471111e-03 0.000000e+00)
128.65        	8.722882e-08	(0.000000e+00 1.471111e-03 0.000000e+00)
128.7         	8.722525e-08	(0.000000e+00 1.471111e-03 0.000000e+00)
128.75        	8.721938e-08	(0.000000e+00 1.471111e-03 0.000000e+00)
128.8         	8.721461e-08	(0.000000e+00 1.471111e-03 0.000000e+00)
128.85        	8.720924e-08	(0.000000e+00 1.471111e-03 0.000000e+00)
128.9         	8.720564e-08	(0.000000e+00 1.471111e-03 0.000000e+00)
128.95        	8.720189e-08	(0.000000e+00 1.471111e-03 0.000000e+00)
129           	8.719851e-08	(0.000000e+00 1.471111e-03 0.000000e+00)
129.05        	8.719282e-08	(0.000000e+00 1.471111e-03 0.000000e+00)
129.1         	8.718731e-08	(0.000000e+00 1.471111e-03 0.000000e+00)
129.15        	8.718827e-08	(0.000000e+00 1.471111e-03 0.000000e+00)
129.2         	8.718315e-08	(0.000000e+00 1.471111e-03 0.000000e+00)
129.25        	8.717705e-08	(0.000000e+00 1.471111e-03 0.000000e+00)
129.3         	8.717682e-08	(0.000000e+00 1.471111e-03 0.000000e+00)
129.35        	8.717035e-08	(0.000000e+00 1.471111e-03 0.000000e+00)
129.4         	8.716774e-08	(0.000000e+00 1.471111e-03 0.000000e+00)
129.45        	8.716489e-08	(0.000000e+00 1.471111e-03 0.000000e+00)
129.5         	8.716145e-08	(0.000000e+00 1.471111e-03 0.000000e+00)
129.55        	8.715841e-08	(0.000000e+00 1.471111e-03 0.000000e+00)
129.6         	8.715542e-08	(0.000000e+00 1.471111e-03 0.000000e+00)
129.65        	8.715232e-08	(0.000000e+00 1.471111e-03 0.000000e+00)
129.7         	8.714920e-08	(0.000000e+00 1.471111e-03 0.000000e+00)
129.75        	8.714653e-08	(0.000000e+00 1.471111e-03 0.000000e+00)
129.8         	8.714338e-08	(0.000000e+00 1.471111e-03 0.000000e+00)
129.85        	8.714158e-08	(0.000000e+00 1.471111e-03 0.000000e+00)
129.9         	8.713851e-08	(0.000000e+00 1.471111e-03 0.000000e+00)
129.95        	8.713592e-08	(0.000000e+00 1.471111e-03 0.000000e+00)
130           	8.713351e-08	(0.000000e+00 1.471111e-03 0.000000e+00)
130.05        	8.713102e-08	(0.000000e+00 1.471111e-03 0.000000e+00)
130.1         	8.712875e-08	(0.000000e+00 1.471111e-03 0.000000e+00)
130.15        	8.712592e-08	(0.000000e+00 1.471111e-03 0.000000e+00)
130.2         	8.712396e-08	(0.000000e+00 1.471111e-03 0.000000e+00)
130.25        	8.712116e-08	(0.000000e+00 1.471111e-03 0.000000e+00)
130.3         	8.711891e-08	(0.000000e+00 1.471111e-03 0.000000e+00)
130.35        	8.711591e-08	(0.000000e+00 1.471111e-03 0.000000e+00)
130.4         	8.711342e-08	(0.000000e+00 1.471111e-03 0.000000e+00)
130.45        	8.711245e-08	(0.000000e+00 1.471111e-03 0.000000e+00)
130.5         	8.711129e-08	(0.000000e+00 1.471111e-03 0.000000e+00)
130.55        	8.710596e-08	(0.000000e+00 1.471111e-03 0.000000e+00)
130.6         	8.710284e-08	(0.000000e+00 1.471111e-03 0.000000e+00)
130.65        	8.710133e-08	(0.000000e+00 1.471111e-03 0.000000e+00)
130.7         	8.709891e-08	(0.000000e+00 1.471111e-03 0.000000e+00)
130.75        	8.709670e-08	(0.000000e+00 1.471111e-03 0.000000e+00)
130.8         	8.709496e-08	(0.000000e+00 1.471111e-03 0.000000e+00)
130.85        	8.709322e-08	(0.000000e+00 1.471111e-03 0.000000e+00)
130.9         	8.709101e-08	(0.000000e+00 1.471111e-03 0.000000e+00)
130.95        	8.708906e-08	(0.000000e+00 1.471111e-03 0.000000e+00)
131           	8.708688e-08	(0.000000e+00 1.471111e-03 0.000000e+00)
131.05        	8.708434e-08	(0.000000e+00 1.471111e-03 0.000000e+00)
131.1         	8.708169e-08	(0.000000e+00 1.471111e-03 0.000000e+00)
131.15        	8.707880e-08	(0.000000e+00 1.471111e-03 0.000000e+00)
131.2         	8.707544e-08	(0.000000e+00 1.471111e-03 0.000000e+00)
131.25        	8.707263e-08	(0.000000e+00 1.471111e-03 0.000000e+00)
131.3         	8.706219e-08	(0.000000e+00 1.471111e-03 0.000000e+00)
131.35        	8.705185e-08	(0.000000e+00 1.471111e-03 0.000000e+00)
131.4         	8.703385e-08	(0.000000e+00 1.471111e-03 0.000000e+00)
131.45        	8.706462e-08	(0.000000e+00 1.471111e-03 0.000000e+00)
131.5         	8.708315e-08	(0.000000e+00 1.471111e-03 0.000000e+00)
131.55        	8.711941e-08	(0.000000e+00 1.471111e-03 0.000000e+00)
131.6         	8.711203e-08	(0.000000e+00 1.471111e-03 0.000000e+00)
131.65        	8.709266e-08	(0.000000e+00 1.471111e-03 0.000000e+00)
131.7         	8.708438e-08	(0.000000e+00 1.471111e-03 0.000000e+00)
131.75        	8.708068e-08	(0.000000e+00 1.471111e-03 0.000000e+00)
131.8         	8.708441e-08	(0.000000e+00 1.471111e-03 0.000000e+00)
131.85        	8.707715e-08	(0.000000e+00 1.471111e-03 0.000000e+00)
131.9         	8.706933e-08	(0.000000e+00 1.471111e-03 0.000000e+00)
131.95        	8.707392e-08	(0.000000e+00 1.471111e-03 0.000000e+00)
132           	8.707543e-08	(0.000000e+00 1.471111e-03 0.000000e+00)
132.05        	8.707472e-08	(0.000000e+00 1.471111e-03 0.000000e+00)
132.1         	8.707404e-08	(0.000000e+00 1.471111e-03 0.000000e+00)
132.15        	8.707420e-08	(0.000000e+00 1.471111e-03 0.000000e+00)
132.2         	8.707389e-08	(0.000000e+00 1.471111e-03 0.000000e+00)
132.25        	8.706962e-08	(0.000000e+00 1.471111e-03 0.000000e+00)
132.3         	8.706493e-08	(0.000000e+00 1.471111e-03 0.000000e+00)
132.35        	8.707599e-08	(0.000000e+00 1.471111e-03 0.000000e+00)
132.4         	8.707841e-08	(0.000000e+00 1.471111e-03 0.000000e+00)
132.45        	8.707769e-08	(0.000000e+00 1.471111e-03 0.000000e+00)
132.5         	8.707727e-08	(0.000000e+00 1.471111e-03 0.000000e+00)
132.55        	8.707567e-08	(0.000000e+00 1.471111e-03 0.000000e+00)
132.6         	8.707497e-08	(0.000000e+00 1.471111e-03 0.000000e+00)
132.65        	8.707748e-08	(0.000000e+00 1.471111e-03 0.000000e+00)
132.7         	8.707791e-08	(0.000000e+00 1.471111e-03 0.000000e+00)
132.75        	8.707648e-08	(0.000000e+00 1.471111e-03 0.000000e+00)
132.8         	8.708375e-08	(0.000000e+00 1.471111e-03 0.000000e+00)
132.85        	8.710977e-08	(0.000000e+00 1.471111e-03 0.000000e+00)
132.9         	8.709812e-08	(0.000000e+00 1.471111e-03 0.000000e+00)
132.95        	8.709685e-08	(0.000000e+00 1.471111e-03 0.000000e+00)
133           	8.710060e-08	(0.000000e+00 1.471111e-03 0.000000e+00)
133.05        	8.710503e-08	(0.000000e+00 1.471111e-03 0.000000e+00)
133.1         	8.710918e-08	(0.000000e+00 1.471111e-03 0.000000e+00)
133.15        	8.711318e-08	(0.000000e+00 1.471111e-03 0.000000e+00)
133.2         	8.711706e-08	(0.000000e+00 1.471111e-03 0.000000e+00)
133.25        	8.714491e-08	(0.000000e+00 1.471111e-03 0.000000e+00)
133.3         	8.718281e-08	(0.000000e+00 1.471111e-03 0.000000e+00)
133.35        	8.715247e-08	(0.000000e+00 1.471111e-03 0.000000e+00)
133.4         	8.715495e-08	(0.000000e+00 1.471111e-03 0.000000e+00)
133.45        	8.716359e-08	(0.000000e+00 1.471111e-03 0.000000e+00)
133.5         	8.717119e-08	(0.000000e+00 1.471111e-03 0.000000e+00)
133.55        	8.717692e-08	(0.000000e+00 1.471111e-03 0.000000e+00)
133.6         	8.718242e-08	(0.000000e+00 1.471111e-03 0.000000e+00)
133.65        	8.718629e-08	(0.000000e+00 1.471111e-03 0.000000e+00)
133.7         	8.718998e-08	(0.000000e+00 1.471111e-03 0.000000e+00)
133.75        	8.719279e-08	(0.000000e+00 1.471111e-03 0.000000e+00)
133.8         	8.719622e-08	(0.000000e+00 1.471111e-03 0.000000e+00)
133.85        	8.719903e-08	(0.000000e+00 1.471111e-03 0.000000e+00)
133.9         	8.720258e-08	(0.000000e+00 1.471111e-03 0.000000e+00)
133.95        	8.720537e-08	(0.000000e+00 1.471111e-03 0.000000e+00)
134           	8.720815e-08	(0.000000e+00 1.471111e-03 0.000000e+00)
134.05        	8.721186e-08	(0.000000e+00 1.471111e-03 0.000000e+00)
134.1         	8.721680e-08	(0.000000e+00 1.471111e-03 0.000000e+00)
134.15        	8.721698e-08	(0.000000e+00 1.471111e-03 0.000000e+00)
134.2         	8.721872e-08	(0.000000e+00 1.471111e-03 0.000000e+00)
134.25        	8.722047e-08	(0.000000e+00 1.471111e-03 0.000000e+00)
134.3         	8.722376e-08	(0.000000e+00 1.471111e-03 0.000000e+00)
134.35        	8.722776e-08	(0.000000e+00 1.471111e-03 0.000000e+00)
134.4         	8.723032e-08	(0.000000e+00 1.471111e-03 0.000000e+00)
134.45        	8.723322e-08	(0.000000e+00 1.471111e-03 0.000000e+00)
134.5         	8.723666e-08	(0.000000e+00 1.471111e-03 0.000000e+00)
134.55        	8.721925e-08	(0.000000e+00 1.471111e-03 0.000000e+00)
134.6         	8.721993e-08	(0.000000e+00 1.471111e-03 0.000000e+00)
134.65        	8.722736e-08	(0.000000e+00 1.471111e-03 0.000000e+00)
134.7         	8.723248e-08	(0.000000e+00 1.471111e-03 0.000000e+00)
134.75        	8.723734e-08	(0.000000e+00 1.471111e-03 0.000000e+00)
134.8         	8.724149e-08	(0.000000e+00 1.471111e-03 0.000000e+00)
134.85        	8.724566e-08	(0.000000e+00 1.471111e-03 0.000000e+00)
134.9         	8.724968e-08	(0.000000e+00 1.471111e-03 0.000000e+00)
134.95        	8.725393e-08	(0.000000e+00 1.471111e-03 0.000000e+00)
135           	8.725781e-08	(0.000000e+00 1.471111e-03 0.000000e+00)
135.05        	8.726201e-08	(0.000000e+00 1.471111e-03 0.000000e+00)
135.1         	8.726552e-08	(0.000000e+00 1.471111e-03 0.000000e+00)
135.15        	8.726950e-08	(0.000000e+00 1.471111e-03 0.000000e+00)
135.2         	8.727291e-08	(0.000000e+00 1.471111e-03 0.000000e+00)
135.25        	8.727724e-08	(0.000000e+00 1.471111e-03 0.000000e+00)
135.3         	8.728100e-08	(0.000000e+00 1.471111e-03 0.000000e+00)
135.35        	8.728543e-08	(0.000000e+00 1.471111e-03 0.000000e+00)
135.4         	8.728920e-08	(0.000000e+00 1.471111e-03 0.000000e+00)
135.45        	8.729373e-08	(0.000000e+00 1.471111e-03 0.000000e+00)
135.5         	8.729818e-08	(0.000000e+00 1.471111e-03 0.000000e+00)
135.55        	8.730279e-08	(0.000000e+00 1.471111e-03 0.000000e+00)
135.6         	8.730736e-08	(0.000000e+00 1.471111e-03 0.000000e+00)
135.65        	8.731190e-08	(0.000000e+00 1.471111e-03 0.000000e+00)
135.7         	8.731645e-08	(0.000000e+00 1.471111e-03 0.000000e+00)
135.75        	8.732121e-08	(0.000000e+00 1.471111e-03 0.000000e+00)
135.8         	8.732618e-08	(0.000000e+00 1.471111e-03 0.000000e+00)
135.85        	8.733098e-08	(0.000000e+00 1.471111e-03 0.000000e+00)
135.9         	8.733618e-08	(0.000000e+00 1.471111e-03 0.000000e+00)
135.95        	8.734179e-08	(0.000000e+00 1.471111e-03 0.000000e+00)
136           	8.734715e-08	(0.000000e+00 1.471111e-03 0.000000e+00)
136.05        	8.735212e-08	(0.000000e+00 1.471111e-03 0.000000e+00)
136.1         	8.735969e-08	(0.000000e+00 1.471111e-03 0.000000e+00)
136.15        	8.736085e-08	(0.000000e+00 1.471111e-03 0.000000e+00)
136.2         	8.735060e-08	(0.000000e+00 1.471111e-03 0.000000e+00)
136.25        	8.735973e-08	(0.000000e+00 1.471111e-03 0.000000e+00)
136.3         	8.736501e-08	(0.000000e+00 1.471111e-03 0.000000e+00)
136.35        	8.737975e-08	(0.000000e+00 1.471111e-03 0.000000e+00)
136.4         	8.738268e-08	(0.000000e+00 1.471111e-03 0.000000e+00)
136.45        	8.739078e-08	(0.000000e+00 1.471111e-03 0.000000e+00)
136.5         	8.739627e-08	(0.000000e+00 1.471111e-03 0.000000e+00)
136.55        	8.740345e-08	(0.000000e+00 1.471111e-03 0.000000e+00)
136.6         	8.740960e-08	(0.000000e+00 1.471111e-03 0.000000e+00)
136.65        	8.741599e-08	(0.000000e+00 1.471111e-03 0.000000e+00)
136.7         	8.742264e-08	(0.000000e+00 1.471111e-03 0.000000e+00)
136.75        	8.742858e-08	(0.000000e+00 1.471111e-03 0.000000e+00)
136.8         	8.743433e-08	(0.000000e+00 1.471111e-03 0.000000e+00)
136.85        	8.744215e-08	(0.000000e+00 1.471111e-03 0.000000e+00)
136.9         	8.744882e-08	(0.000000e+00 1.471111e-03 0.000000e+00)
136.95        	8.745532e-08	(0.000000e+00 1.471111e-03 0.000000e+00)
137           	8.746168e-08	(0.000000e+00 1.471111e-03 0.000000e+00)
137.05        	8.746799e-08	(0.000000e+00 1.471111e-03 0.000000e+00)
137.1         	8.747418e-08	(0.000000e+00 1.471111e-03 0.000000e+00)
137.15        	8.747969e-08	(0.000000e+00 1.471111e-03 0.000000e+00)
137.2         	8.749006e-08	(0.000000e+00 1.471111e-03 0.000000e+00)
137.25        	8.749784e-08	(0.000000e+00 1.471111e-03 0.000000e+00)
137.3         	8.750413e-08	(0.000000e+00 1.471111e-03 0.000000e+00)
137.35        	8.751003e-08	(0.000000e+00 1.471111e-03 0.000000e+00)
137.4         	8.751635e-08	(0.000000e+00 1.471111e-03 0.000000e+00)
137.45        	8.752301e-08	(0.000000e+00 1.471111e-03 0.000000e+00)
137.5         	8.752982e-08	(0.000000e+00 1.471111e-03 0.000000e+00)
137.55        	8.753703e-08	(0.000000e+00 1.471111e-03 0.000000e+00)
137.6         	8.754448e-08	(0.000000e+00 1.471111e-03 0.000000e+00)
137.65        	8.755186e-08	(0.000000e+00 1.471111e-03 0.000000e+00)
137.7         	8.755954e-08	(0.000000e+00 1.471111e-03 0.000000e+00)
137.75        	8.756690e-08	(0.000000e+00 1.471111e-03 0.000000e+00)
137.8         	8.757437e-08	(0.000000e+00 1.471111e-03 0.000000e+00)
137.85        	8.758169e-08	(0.000000e+00 1.471111e-03 0.000000e+00)
137.9         	8.758935e-08	(0.000000e+00 1.471111e-03 0.000000e+00)
137.95        	8.759714e-08	(0.000000e+00 1.471111e-03 0.000000e+00)
138           	8.760449e-08	(0.000000e+00 1.471111e-03 0.000000e+00)
138.05        	8.761181e-08	(0.000000e+00 1.471111e-03 0.000000e+00)
138.1         	8.761943e-08	(0.000000e+00 1.471111e-03 0.000000e+00)
138.15        	8.762700e-08	(0.000000e+00 1.471111e-03 0.000000e+00)
138.2         	8.763508e-08	(0.000000e+00 1.471111e-03 0.000000e+00)
138.25        	8.764275e-08	(0.000000e+00 1.471111e-03 0.000000e+00)
138.3         	8.765040e-08	(0.000000e+00 1.471111e-03 0.000000e+00)
138.35        	8.765841e-08	(0.000000e+00 1.471111e-03 0.000000e+00)
138.4         	8.766683e-08	(0.000000e+00 1.471111e-03 0.000000e+00)
138.45        	8.767546e-08	(0.000000e+00 1.471111e-03 0.000000e+00)
138.5         	8.768369e-08	(0.000000e+00 1.471111e-03 0.000000e+00)
138.55        	8.769205e-08	(0.000000e+00 1.471111e-03 0.000000e+00)
138.6         	8.770066e-08	(0.000000e+00 1.471111e-03 0.000000e+00)
138.65        	8.770943e-08	(0.000000e+00 1.471111e-03 0.000000e+00)
138.7         	8.771710e-08	(0.000000e+00 1.471111e-03 0.000000e+00)
138.75        	8.772604e-08	(0.000000e+00 1.471111e-03 0.000000e+00)
138.8         	8.773390e-08	(0.000000e+00 1.471111e-03 0.000000e+00)
138.85        	8.773524e-08	(0.000000e+00 1.471111e-03 0.000000e+00)
138.9         	8.776112e-08	(0.000000e+00 1.471111e-03 0.000000e+00)
138.95        	8.776101e-08	(0.000000e+00 1.471111e-03 0.000000e+00)
139           	8.776929e-08	(0.000000e+00 1.471111e-03 0.000000e+00)
139.05        	8.777789e-08	(0.000000e+00 1.471111e-03 0.000000e+00)
139.1         	8.778659e-08	(0.000000e+00 1.471111e-03 0.000000e+00)
139.15        	8.779576e-08	(0.000000e+00 1.471111e-03 0.000000e+00)
139.2         	8.780487e-08	(0.000000e+00 1.471111e-03 0.000000e+00)
139.25        	8.780583e-08	(0.000000e+00 1.471111e-03 0.000000e+00)
139.3         	8.783158e-08	(0.000000e+00 1.471111e-03 0.000000e+00)
139.35        	8.783141e-08	(0.000000e+00 1.471111e-03 0.000000e+00)
139.4         	8.784115e-08	(0.000000e+00 1.471111e-03 0.000000e+00)
139.45        	8.784981e-08	(0.000000e+00 1.471111e-03 0.000000e+00)
139.5         	8.786034e-08	(0.000000e+00 1.471111e-03 0.000000e+00)
139.55        	8.787290e-08	(0.000000e+00 1.471111e-03 0.000000e+00)
139.6         	8.788551e-08	(0.000000e+00 1.471111e-03 0.000000e+00)
139.65        	8.789479e-08	(0.000000e+00 1.471111e-03 0.000000e+00)
139.7         	8.790345e-08	(0.000000e+00 1.471111e-03 0.000000e+00)
139.75        	8.791367e-08	(0.000000e+00 1.471111e-03 0.000000e+00)
139.8         	8.791505e-08	(0.000000e+00 1.471111e-03 0.000000e+00)
139.85        	8.794060e-08	(0.000000e+00 1.471111e-03 0.000000e+00)
139.9         	8.794273e-08	(0.000000e+00 1.471111e-03 0.000000e+00)
139.95        	8.795191e-08	(0.000000e+00 1.471111e-03 0.000000e+00)
140           	8.796168e-08	(0.000000e+00 1.471111e-03 0.000000e+00)
140.05        	8.797193e-08	(0.000000e+00 1.471111e-03 0.000000e+00)
140.1         	8.798128e-08	(0.000000e+00 1.471111e-03 0.000000e+00)
140.15        	8.799262e-08	(0.000000e+00 1.471111e-03 0.000000e+00)
140.2         	8.800292e-08	(0.000000e+00 1.471111e-03 0.000000e+00)
140.25        	8.801327e-08	(0.000000e+00 1.471111e-03 0.000000e+00)
140.3         	8.802420e-08	(0.000000e+00 1.471111e-03 0.000000e+00)
140.35        	8.802640e-08	(0.000000e+00 1.471111e-03 0.000000e+00)
140.4         	8.805440e-08	(0.000000e+00 1.471111e-03 0.000000e+00)
140.45        	8.804980e-08	(0.000000e+00 1.471111e-03 0.000000e+00)
140.5         	8.807462e-08	(0.000000e+00 1.471111e-03 0.000000e+00)
140.55        	8.807152e-08	(0.000000e+00 1.471111e-03 0.000000e+00)
140.6         	8.809716e-08	(0.000000e+00 1.471111e-03 0.000000e+00)
140.65        	8.809385e-08	(0.000000e+00 1.471111e-03 0.000000e+00)
140.7         	8.811948e-08	(0.000000e+00 1.471111e-03 0.000000e+00)
140.75        	8.811630e-08	(0.000000e+00 1.471111e-03 0.000000e+00)
140.8         	8.814231e-08	(0.000000e+00 1.471111e-03 0.000000e+00)
140.85        	8.813924e-08	(0.000000e+00 1.471111e-03 0.000000e+00)
140.9         	8.816542e-08	(0.000000e+00 1.471111e-03 0.000000e+00)
140.95        	8.816241e-08	(0.000000e+00 1.471111e-03 0.000000e+00)
141           	8.818894e-08	(0.000000e+00 1.471111e-03 0.000000e+00)
141.05        	8.818549e-08	(0.000000e+00 1.471111e-03 0.000000e+00)
141.1         	8.821149e-08	(0.000000e+00 1.471111e-03 0.000000e+00)
141.15        	8.820756e-08	(0.000000e+00 1.471111e-03 0.000000e+00)
141.2         	8.823535e-08	(0.000000e+00 1.471111e-03 0.000000e+00)
141.25        	8.823205e-08	(0.000000e+00 1.471111e-03 0.000000e+00)
141.3         	8.825948e-08	(0.000000e+00 1.471111e-03 0.000000e+00)
141.35        	8.825636e-08	(0.000000e+00 1.471111e-03 0.000000e+00)
141.4         	8.828335e-08	(0.000000e+00 1.471111e-03 0.000000e+00)
141.45        	8.828032e-08	(0.000000e+00 1.471111e-03 0.000000e+00)
141.5         	8.830953e-08	(0.000000e+00 1.471111e-03 0.000000e+00)
141.55        	8.830727e-08	(0.000000e+00 1.471111e-03 0.000000e+00)
141.6         	8.833573e-08	(0.000000e+00 1.471111e-03 0.000000e+00)
141.65        	8.834322e-08	(0.000000e+00 1.471111e-03 0.000000e+00)
141.7         	8.836193e-08	(0.000000e+00 1.471111e-03 0.000000e+00)
141.75        	8.835977e-08	(0.000000e+00 1.471111e-03 0.000000e+00)
141.8         	8.837389e-08	(0.000000e+00 1.471111e-03 0.000000e+00)
141.85        	8.838049e-08	(0.000000e+00 1.471111e-03 0.000000e+00)
141.9         	8.839728e-08	(0.000000e+00 1.471111e-03 0.000000e+00)
141.95        	8.840398e-08	(0.000000e+00 1.471111e-03 0.000000e+00)
142           	8.841241e-08	(0.000000e+00 1.471111e-03 0.000000e+00)
142.05        	8.842767e-08	(0.000000e+00 1.471111e-03 0.000000e+00)
142.1         	8.843759e-08	(0.000000e+00 1.471111e-03 0.000000e+00)
142.15        	8.846774e-08	(0.000000e+00 1.471111e-03 0.000000e+00)
142.2         	8.847128e-08	(0.000000e+00 1.471111e-03 0.000000e+00)
142.25        	8.846864e-08	(0.000000e+00 1.471111e-03 0.000000e+00)
142.3         	8.849610e-08	(0.000000e+00 1.471111e-03 0.000000e+00)
142.35        	8.851220e-08	(0.000000e+00 1.471111e-03 0.000000e+00)
142.4         	8.851838e-08	(0.000000e+00 1.471111e-03 0.000000e+00)
142.45        	8.854971e-08	(0.000000e+00 1.471111e-03 0.000000e+00)
142.5         	8.854806e-08	(0.000000e+00 1.471111e-03 0.000000e+00)
142.55        	8.857702e-08	(0.000000e+00 1.471111e-03 0.000000e+00)
142.6         	8.857655e-08	(0.000000e+00 1.471111e-03 0.000000e+00)
142.65        	8.860669e-08	(0.000000e+00 1.471111e-03 0.000000e+00)
142.7         	8.860560e-08	(0.000000e+00 1.471111e-03 0.000000e+00)
142.75        	8.863446e-08	(0.000000e+00 1.471111e-03 0.000000e+00)
142.8         	8.863393e-08	(0.000000e+00 1.471111e-03 0.000000e+00)
142.85        	8.866292e-08	(0.000000e+00 1.471111e-03 0.000000e+00)
142.9         	8.866221e-08	(0.000000e+00 1.471111e-03 0.000000e+00)
142.95        	8.869107e-08	(0.000000e+00 1.471111e-03 0.000000e+00)
143           	8.869084e-08	(0.000000e+00 1.471111e-03 0.000000e+00)
143.05        	8.871978e-08	(0.000000e+00 1.471111e-03 0.000000e+00)
143.1         	8.871947e-08	(0.000000e+00 1.471111e-03 0.000000e+00)
143.15        	8.874914e-08	(0.000000e+00 1.471111e-03 0.000000e+00)
143.2         	8.874906e-08	(0.000000e+00 1.471111e-03 0.000000e+00)
143.25        	8.877825e-08	(0.000000e+00 1.471111e-03 0.000000e+00)
143.3         	8.877814e-08	(0.000000e+00 1.471111e-03 0.000000e+00)
143.35        	8.880760e-08	(0.000000e+00 1.471111e-03 0.000000e+00)
143.4         	8.880767e-08	(0.000000e+00 1.471111e-03 0.000000e+00)
143.45        	8.883713e-08	(0.000000e+00 1.471111e-03 0.000000e+00)
143.5         	8.883722e-08	(0.000000e+00 1.471111e-03 0.000000e+00)
143.55        	8.886686e-08	(0.000000e+00 1.471111e-03 0.000000e+00)
143.6         	8.886693e-08	(0.000000e+00 1.471111e-03 0.000000e+00)
143.65        	8.889656e-08	(0.000000e+00 1.471111e-03 0.000000e+00)
143.7         	8.889717e-08	(0.000000e+00 1.471111e-03 0.000000e+00)
143.75        	8.892713e-08	(0.000000e+00 1.471111e-03 0.000000e+00)
143.8         	8.892760e-08	(0.000000e+00 1.471111e-03 0.000000e+00)
143.85        	8.895747e-08	(0.000000e+00 1.471111e-03 0.000000e+00)
143.9         	8.895791e-08	(0.000000e+00 1.471111e-03 0.000000e+00)
143.95        	8.898862e-08	(0.000000e+00 1.471111e-03 0.000000e+00)
144           	8.898969e-08	(0.000000e+00 1.471111e-03 0.000000e+00)
144.05        	8.901932e-08	(0.000000e+00 1.471111e-03 0.000000e+00)
144.1         	8.902037e-08	(0.000000e+00 1.471111e-03 0.000000e+00)
144.15        	8.905078e-08	(0.000000e+00 1.471111e-03 0.000000e+00)
144.2         	8.905178e-08	(0.000000e+00 1.471111e-03 0.000000e+00)
144.25        	8.908208e-08	(0.000000e+00 1.471111e-03 0.000000e+00)
144.3         	8.908351e-08	(0.000000e+00 1.471111e-03 0.000000e+00)
144.35        	8.911407e-08	(0.000000e+00 1.471111e-03 0.000000e+00)
144.4         	8.911550e-08	(0.000000e+00 1.471111e-03 0.000000e+00)
144.45        	8.914587e-08	(0.000000e+00 1.471111e-03 0.000000e+00)
144.5         	8.914719e-08	(0.000000e+00 1.471111e-03 0.000000e+00)
144.55        	8.917808e-08	(0.000000e+00 1.471111e-03 0.000000e+00)
144.6         	8.918005e-08	(0.000000e+00 1.471111e-03 0.000000e+00)
144.65        	8.921127e-08	(0.000000e+00 1.471111e-03 0.000000e+00)
144.7         	8.921313e-08	(0.000000e+00 1.471111e-03 0.000000e+00)
144.75        	8.924402e-08	(0.000000e+00 1.471111e-03 0.000000e+00)
144.8         	8.924596e-08	(0.000000e+00 1.471111e-03 0.000000e+00)
144.85        	8.927788e-08	(0.000000e+00 1.471111e-03 0.000000e+00)
144.9         	8.927991e-08	(0.000000e+00 1.471111e-03 0.000000e+00)
144.95        	8.931158e-08	(0.000000e+00 1.471111e-03 0.000000e+00)
145           	8.931388e-08	(0.000000e+00 1.471111e-03 0.000000e+00)
145.05        	8.934550e-08	(0.000000e+00 1.471111e-03 0.000000e+00)
145.1         	8.934806e-08	(0.000000e+00 1.471111e-03 0.000000e+00)
145.15        	8.938016e-08	(0.000000e+00 1.471111e-03 0.000000e+00)
145.2         	8.938335e-08	(0.000000e+00 1.471111e-03 0.000000e+00)
145.25        	8.941682e-08	(0.000000e+00 1.471111e-03 0.000000e+00)
145.3         	8.941896e-08	(0.000000e+00 1.471111e-03 0.000000e+00)
145.35        	8.944545e-08	(0.000000e+00 1.471111e-03 0.000000e+00)
145.4         	8.945678e-08	(0.000000e+00 1.471111e-03 0.000000e+00)
145.45        	8.947023e-08	(0.000000e+00 1.471111e-03 0.000000e+00)
145.5         	8.948357e-08	(0.000000e+00 1.471111e-03 0.000000e+00)
145.55        	8.951604e-08	(0.000000e+00 1.471111e-03 0.000000e+00)
145.6         	8.951880e-08	(0.000000e+00 1.471111e-03 0.000000e+00)
145.65        	8.955095e-08	(0.000000e+00 1.471111e-03 0.000000e+00)
145.7         	8.955440e-08	(0.000000e+00 1.471111e-03 0.000000e+00)
145.75        	8.958637e-08	(0.000000e+00 1.471111e-03 0.000000e+00)
145.8         	8.958968e-08	(0.000000e+00 1.471111e-03 0.000000e+00)
145.85        	8.962184e-08	(0.000000e+00 1.471111e-03 0.000000e+00)
145.9         	8.962534e-08	(0.000000e+00 1.471111e-03 0.000000e+00)
145.95        	8.965752e-08	(0.000000e+00 1.471111e-03 0.000000e+00)
146           	8.966085e-08	(0.000000e+00 1.471111e-03 0.000000e+00)
146.05        	8.968353e-08	(0.000000e+00 1.471111e-03 0.000000e+00)
146.1         	8.970238e-08	(0.000000e+00 1.471111e-03 0.000000e+00)
146.15        	8.973529e-08	(0.000000e+00 1.471111e-03 0.000000e+00)
146.2         	8.974116e-08	(0.000000e+00 1.471111e-03 0.000000e+00)
146.25        	8.977468e-08	(0.000000e+00 1.471111e-03 0.000000e+00)
146.3         	8.977913e-08	(0.000000e+00 1.471111e-03 0.000000e+00)
146.35        	8.981313e-08	(0.000000e+00 1.471111e-03 0.000000e+00)
146.4         	8.981851e-08	(0.000000e+00 1.471111e-03 0.000000e+00)
146.45        	8.985267e-08	(0.000000e+00 1.471111e-03 0.000000e+00)
146.5         	8.985660e-08	(0.000000e+00 1.471111e-03 0.000000e+00)
146.55        	8.988708e-08	(0.000000e+00 1.471111e-03 0.000000e+00)
146.6         	8.989226e-08	(0.000000e+00 1.471111e-03 0.000000e+00)
146.65        	8.990475e-08	(0.000000e+00 1.471111e-03 0.000000e+00)
146.7         	8.994085e-08	(0.000000e+00 1.471111e-03 0.000000e+00)
146.75        	8.994529e-08	(0.000000e+00 1.471111e-03 0.000000e+00)
146.8         	8.998037e-08	(0.000000e+00 1.471111e-03 0.000000e+00)
146.85        	8.998441e-08	(0.000000e+00 1.471111e-03 0.000000e+00)
146.9         	9.002031e-08	(0.000000e+00 1.471111e-03 0.000000e+00)
146.95        	9.002365e-08	(0.000000e+00 1.471111e-03 0.000000e+00)
147           	9.004886e-08	(0.000000e+00 1.471111e-03 0.000000e+00)
147.05        	9.007764e-08	(0.000000e+00 1.471111e-03 0.000000e+00)
147.1         	9.008150e-08	(0.000000e+00 1.471111e-03 0.000000e+00)
147.15        	9.011668e-08	(0.000000e+00 1.471111e-03 0.000000e+00)
147.2         	9.012188e-08	(0.000000e+00 1.471111e-03 0.000000e+00)
147.25        	9.015662e-08	(0.000000e+00 1.471111e-03 0.000000e+00)
147.3         	9.016157e-08	(0.000000e+00 1.471111e-03 0.000000e+00)
147.35        	9.019823e-08	(0.000000e+00 1.471111e-03 0.000000e+00)
147.4         	9.020424e-08	(0.000000e+00 1.471111e-03 0.000000e+00)
147.45        	9.024001e-08	(0.000000e+00 1.471111e-03 0.000000e+00)
147.5         	9.024620e-08	(0.000000e+00 1.471111e-03 0.000000e+00)
147.55        	9.028294e-08	(0.000000e+00 1.471111e-03 0.000000e+00)
147.6         	9.028978e-08	(0.000000e+00 1.471111e-03 0.000000e+00)
147.65        	9.032936e-08	(0.000000e+00 1.471111e-03 0.000000e+00)
147.7         	9.034969e-08	(0.000000e+00 1.471111e-03 0.000000e+00)
147.75        	9.038241e-08	(0.000000e+00 1.471111e-03 0.000000e+00)
147.8         	9.038570e-08	(0.000000e+00 1.471111e-03 0.000000e+00)
147.85        	9.036992e-08	(0.000000e+00 1.471111e-03 0.000000e+00)
147.9         	9.038831e-08	(0.000000e+00 1.471111e-03 0.000000e+00)
147.95        	9.042557e-08	(0.000000e+00 1.471111e-03 0.000000e+00)
148           	9.044143e-08	(0.000000e+00 1.471111e-03 0.000000e+00)
148.05        	9.047978e-08	(0.000000e+00 1.471111e-03 0.000000e+00)
148.1         	9.048678e-08	(0.000000e+00 1.471111e-03 0.000000e+00)
148.15        	9.052467e-08	(0.000000e+00 1.471111e-03 0.000000e+00)
148.2         	9.053239e-08	(0.000000e+00 1.471111e-03 0.000000e+00)
148.25        	9.056788e-08	(0.000000e+00 1.471111e-03 0.000000e+00)
148.3         	9.057505e-08	(0.000000e+00 1.471111e-03 0.000000e+00)
148.35        	9.060889e-08	(0.000000e+00 1.471111e-03 0.000000e+00)
148.4         	9.061722e-08	(0.000000e+00 1.471111e-03 0.000000e+00)
148.45        	9.065506e-08	(0.000000e+00 1.471111e-03 0.000000e+00)
148.5         	9.066118e-08	(0.000000e+00 1.471111e-03 0.000000e+00)
148.55        	9.069927e-08	(0.000000e+00 1.471111e-03 0.000000e+00)
148.6         	9.070653e-08	(0.000000e+00 1.471111e-03 0.000000e+00)
148.65        	9.073424e-08	(0.000000e+00 1.471111e-03 0.000000e+00)
148.7         	9.076423e-08	(0.000000e+00 1.471111e-03 0.000000e+00)
148.75        	9.077247e-08	(0.000000e+00 1.471111e-03 0.000000e+00)
148.8         	9.079925e-08	(0.000000e+00 1.471111e-03 0.000000e+00)
148.85        	9.083180e-08	(0.000000e+00 1.471111e-03 0.000000e+00)
148.9         	9.083887e-08	(0.000000e+00 1.471111e-03 0.000000e+00)
148.95        	9.086728e-08	(0.000000e+00 1.471111e-03 0.000000e+00)
149           	9.089986e-08	(0.000000e+00 1.471111e-03 0.000000e+00)
149.05        	9.090684e-08	(0.000000e+00 1.471111e-03 0.000000e+00)
149.1         	9.094341e-08	(0.000000e+00 1.471111e-03 0.000000e+00)
149.15        	9.095187e-08	(0.000000e+00 1.471111e-03 0.000000e+00)
149.2         	9.098248e-08	(0.000000e+00 1.471111e-03 0.000000e+00)
149.25        	9.100617e-08	(0.000000e+00 1.471111e-03 0.000000e+00)
149.3         	9.102678e-08	(0.000000e+00 1.471111e-03 0.000000e+00)
149.35        	9.105742e-08	(0.000000e+00 1.471111e-03 0.000000e+00)
149.4         	9.106243e-08	(0.000000e+00 1.471111e-03 0.000000e+00)
149.45        	9.110155e-08	(0.000000e+00 1.471111e-03 0.000000e+00)
149.5         	9.111110e-08	(0.000000e+00 1.471111e-03 0.000000e+00)
149.55        	9.113559e-08	(0.000000e+00 1.471111e-03 0.000000e+00)
149.6         	9.117313e-08	(0.000000e+00 1.471111e-03 0.000000e+00)
149.65        	9.118136e-08	(0.000000e+00 1.471111e-03 0.000000e+00)
149.7         	9.122532e-08	(0.000000e+00 1.471111e-03 0.000000e+00)
149.75        	9.123551e-08	(0.000000e+00 1.471111e-03 0.000000e+00)
149.8         	9.125970e-08	(0.000000e+00 1.471111e-03 0.000000e+00)
149.85        	9.128870e-08	(0.000000e+00 1.471111e-03 0.000000e+00)
149.9         	9.129539e-08	(0.000000e+00 1.471111e-03 0.000000e+00)
149.95        	9.133349e-08	(0.000000e+00 1.471111e-03 0.000000e+00)
150           	9.134422e-08	(0.000000e+00 1.471111e-03 0.000000e+00)
150.05        	9.137225e-08	(0.000000e+00 1.471111e-03 0.000000e+00)
150.1         	9.139781e-08	(0.000000e+00 1.471111e-03 0.000000e+00)
150.15        	9.141553e-08	(0.000000e+00 1.471111e-03 0.000000e+00)
150.2         	9.142788e-08	(0.000000e+00 1.471111e-03 0.000000e+00)
150.25        	9.147006e-08	(0.000000e+00 1.471111e-03 0.000000e+00)
150.3         	9.148178e-08	(0.000000e+00 1.471111e-03 0.000000e+00)
150.35        	9.152267e-08	(0.000000e+00 1.471111e-03 0.000000e+00)
150.4         	9.153241e-08	(0.000000e+00 1.471111e-03 0.000000e+00)
150.45        	9.156283e-08	(0.000000e+00 1.471111e-03 0.000000e+00)
150.5         	9.158947e-08	(0.000000e+00 1.471111e-03 0.000000e+00)
150.55        	9.161314e-08	(0.000000e+00 1.471111e-03 0.000000e+00)
150.6         	9.163707e-08	(0.000000e+00 1.471111e-03 0.000000e+00)
150.65        	9.166039e-08	(0.000000e+00 1.471111e-03 0.000000e+00)
150.7         	9.169577e-08	(0.000000e+00 1.471111e-03 0.000000e+00)
150.75        	9.170762e-08	(0.000000e+00 1.471111e-03 0.000000e+00)
150.8         	9.173963e-08	(0.000000e+00 1.471111e-03 0.000000e+00)
150.85        	9.176379e-08	(0.000000e+00 1.471111e-03 0.000000e+00)
150.9         	9.178752e-08	(0.000000e+00 1.471111e-03 0.000000e+00)
150.95        	9.181227e-08	(0.000000e+00 1.471111e-03 0.000000e+00)
151           	9.183706e-08	(0.000000e+00 1.471111e-03 0.000000e+00)
151.05        	9.186174e-08	(0.000000e+00 1.471111e-03 0.000000e+00)
151.1         	9.188688e-08	(0.000000e+00 1.471111e-03 0.000000e+00)
151.15        	9.191207e-08	(0.000000e+00 1.471111e-03 0.000000e+00)
151.2         	9.193667e-08	(0.000000e+00 1.471111e-03 0.000000e+00)
151.25        	9.196328e-08	(0.000000e+00 1.471111e-03 0.000000e+00)
151.3         	9.198896e-08	(0.000000e+00 1.471111e-03 0.000000e+00)
151.35        	9.201293e-08	(0.000000e+00 1.471111e-03 0.000000e+00)
151.4         	9.203682e-08	(0.000000e+00 1.471111e-03 0.000000e+00)
151.45        	9.206354e-08	(0.000000e+00 1.471111e-03 0.000000e+00)
151.5         	9.208952e-08	(0.000000e+00 1.471111e-03 0.000000e+00)
151.55        	9.211487e-08	(0.000000e+00 1.471111e-03 0.000000e+00)
151.6         	9.214097e-08	(0.000000e+00 1.471111e-03 0.000000e+00)
151.65        	9.216658e-08	(0.000000e+00 1.471111e-03 0.000000e+00)
151.7         	9.218941e-08	(0.000000e+00 1.471111e-03 0.000000e+00)
151.75        	9.221609e-08	(0.000000e+00 1.471111e-03 0.000000e+00)
151.8         	9.224395e-08	(0.000000e+00 1.471111e-03 0.000000e+00)
151.85        	9.227051e-08	(0.000000e+00 1.471111e-03 0.000000e+00)
151.9         	9.229680e-08	(0.000000e+00 1.471111e-03 0.000000e+00)
151.95        	9.232365e-08	(0.000000e+00 1.471111e-03 0.000000e+00)
152           	9.235005e-08	(0.000000e+00 1.471111e-03 0.000000e+00)
152.05        	9.237611e-08	(0.000000e+00 1.471111e-03 0.000000e+00)
152.1         	9.240349e-08	(0.000000e+00 1.471111e-03 0.000000e+00)
152.15        	9.242989e-08	(0.000000e+00 1.471111e-03 0.000000e+00)
152.2         	9.245664e-08	(0.000000e+00 1.471111e-03 0.000000e+00)
152.25        	9.248332e-08	(0.000000e+00 1.471111e-03 0.000000e+00)
152.3         	9.250978e-08	(0.000000e+00 1.471111e-03 0.000000e+00)
152.35        	9.254470e-08	(0.000000e+00 1.471111e-03 0.000000e+00)
152.4         	9.255724e-08	(0.000000e+00 1.471111e-03 0.000000e+00)
152.45        	9.259084e-08	(0.000000e+00 1.471111e-03 0.000000e+00)
152.5         	9.261995e-08	(0.000000e+00 1.471111e-03 0.000000e+00)
152.55        	9.264558e-08	(0.000000e+00 1.471111e-03 0.000000e+00)
152.6         	9.267256e-08	(0.000000e+00 1.471111e-03 0.000000e+00)
152.65        	9.270011e-08	(0.000000e+00 1.471111e-03 0.000000e+00)
152.7         	9.272750e-08	(0.000000e+00 1.471111e-03 0.000000e+00)
152.75        	9.275463e-08	(0.000000e+00 1.471111e-03 0.000000e+00)
152.8         	9.278140e-08	(0.000000e+00 1.471111e-03 0.000000e+00)
152.85        	9.281025e-08	(0.000000e+00 1.471111e-03 0.000000e+00)
152.9         	9.283732e-08	(0.000000e+00 1.471111e-03 0.000000e+00)
152.95        	9.286465e-08	(0.000000e+00 1.471111e-03 0.000000e+00)
153           	9.289139e-08	(0.000000e+00 1.471111e-03 0.000000e+00)
153.05        	9.292064e-08	(0.000000e+00 1.471111e-03 0.000000e+00)
153.1         	9.294838e-08	(0.000000e+00 1.471111e-03 0.000000e+00)
153.15        	9.297731e-08	(0.000000e+00 1.471111e-03 0.000000e+00)
153.2         	9.300405e-08	(0.000000e+00 1.471111e-03 0.000000e+00)
153.25        	9.303456e-08	(0.000000e+00 1.471111e-03 0.000000e+00)
153.3         	9.306179e-08	(0.000000e+00 1.471111e-03 0.000000e+00)
153.35        	9.308995e-08	(0.000000e+00 1.471111e-03 0.000000e+00)
153.4         	9.311826e-08	(0.000000e+00 1.471111e-03 0.000000e+00)
153.45        	9.314669e-08	(0.000000e+00 1.471111e-03 0.000000e+00)
153.5         	9.317476e-08	(0.000000e+00 1.471111e-03 0.000000e+00)
153.55        	9.320360e-08	(0.000000e+00 1.471111e-03 0.000000e+00)
153.6         	9.323265e-08	(0.000000e+00 1.471111e-03 0.000000e+00)
153.65        	9.326087e-08	(0.000000e+00 1.471111e-03 0.000000e+00)
153.7         	9.329035e-08	(0.000000e+00 1.471111e-03 0.000000e+00)
153.75        	9.331906e-08	(0.000000e+00 1.471111e-03 0.000000e+00)
153.8         	9.334823e-08	(0.000000e+00 1.471111e-03 0.000000e+00)
153.85        	9.337774e-08	(0.000000e+00 1.471111e-03 0.000000e+00)
153.9         	9.340666e-08	(0.000000e+00 1.471111e-03 0.000000e+00)
153.95        	9.343598e-08	(0.000000e+00 1.471111e-03 0.000000e+00)
154           	9.346557e-08	(0.000000e+00 1.471111e-03 0.000000e+00)
154.05        	9.349519e-08	(0.000000e+00 1.471111e-03 0.000000e+00)
154.1         	9.352514e-08	(0.000000e+00 1.471111e-03 0.000000e+00)
154.15        	9.355273e-08	(0.000000e+00 1.471111e-03 0.000000e+00)
154.2         	9.358437e-08	(0.000000e+00 1.471111e-03 0.000000e+00)
154.25        	9.361439e-08	(0.000000e+00 1.471111e-03 0.000000e+00)
154.3         	9.364401e-08	(0.000000e+00 1.471111e-03 0.000000e+00)
154.35        	9.367388e-08	(0.000000e+00 1.471111e-03 0.000000e+00)
154.4         	9.370478e-08	(0.000000e+00 1.471111e-03 0.000000e+00)
154.45        	9.373453e-08	(0.000000e+00 1.471111e-03 0.000000e+00)
154.5         	9.376433e-08	(0.000000e+00 1.471111e-03 0.000000e+00)
154.55        	9.379604e-08	(0.000000e+00 1.471111e-03 0.000000e+00)
154.6         	9.382676e-08	(0.000000e+00 1.471111e-03 0.000000e+00)
154.65        	9.385745e-08	(0.000000e+00 1.471111e-03 0.000000e+00)
154.7         	9.388780e-08	(0.000000e+00 1.471111e-03 0.000000e+00)
154.75        	9.391857e-08	(0.000000e+00 1.471111e-03 0.000000e+00)
154.8         	9.394977e-08	(0.000000e+00 1.471111e-03 0.000000e+00)
154.85        	9.398096e-08	(0.000000e+00 1.471111e-03 0.000000e+00)
154.9         	9.401222e-08	(0.000000e+00 1.471111e-03 0.000000e+00)
154.95        	9.404437e-08	(0.000000e+00 1.471111e-03 0.000000e+00)
155           	9.407603e-08	(0.000000e+00 1.471111e-03 0.000000e+00)
155.05        	9.410807e-08	(0.000000e+00 1.471111e-03 0.000000e+00)
155.1         	9.414027e-08	(0.000000e+00 1.471111e-03 0.000000e+00)
155.15        	9.417292e-08	(0.000000e+00 1.471111e-03 0.000000e+00)
155.2         	9.420570e-08	(0.000000e+00 1.471111e-03 0.000000e+00)
155.25        	9.423886e-08	(0.000000e+00 1.471111e-03 0.000000e+00)
155.3         	9.427212e-08	(0.000000e+00 1.471111e-03 0.000000e+00)
155.35        	9.430110e-08	(0.000000e+00 1.471111e-03 0.000000e+00)
155.4         	9.433671e-08	(0.000000e+00 1.471111e-03 0.000000e+00)
155.45        	9.436969e-08	(0.000000e+00 1.471111e-03 0.000000e+00)
155.5         	9.440303e-08	(0.000000e+00 1.471111e-03 0.000000e+00)
155.55        	9.443864e-08	(0.000000e+00 1.471111e-03 0.000000e+00)
155.6         	9.446185e-08	(0.000000e+00 1.471111e-03 0.000000e+00)
155.65        	9.450230e-08	(0.000000e+00 1.471111e-03 0.000000e+00)
155.7         	9.451504e-08	(0.000000e+00 1.471111e-03 0.000000e+00)
155.75        	9.452263e-08	(0.000000e+00 1.471111e-03 0.000000e+00)
155.8         	9.454339e-08	(0.000000e+00 1.471111e-03 0.000000e+00)
155.85        	9.456532e-08	(0.000000e+00 1.471111e-03 0.000000e+00)
155.9         	9.458827e-08	(0.000000e+00 1.471111e-03 0.000000e+00)
155.95        	9.461214e-08	(0.000000e+00 1.471111e-03 0.000000e+00)
156           	9.463800e-08	(0.000000e+00 1.471111e-03 0.000000e+00)
156.05        	9.466304e-08	(0.000000e+00 1.471111e-03 0.000000e+00)
156.1         	9.468998e-08	(0.000000e+00 1.471111e-03 0.000000e+00)
156.15        	9.471645e-08	(0.000000e+00 1.471111e-03 0.000000e+00)
156.2         	9.474299e-08	(0.000000e+00 1.471111e-03 0.000000e+00)
156.25        	9.477116e-08	(0.000000e+00 1.471111e-03 0.000000e+00)
156.3         	9.479922e-08	(0.000000e+00 1.471111e-03 0.000000e+00)
156.35        	9.482730e-08	(0.000000e+00 1.471111e-03 0.000000e+00)
156.4         	9.485490e-08	(0.000000e+00 1.471111e-03 0.000000e+00)
156.45        	9.488553e-08	(0.000000e+00 1.471111e-03 0.000000e+00)
156.5         	9.491512e-08	(0.000000e+00 1.471111e-03 0.000000e+00)
156.55        	9.494488e-08	(0.000000e+00 1.471111e-03 0.000000e+00)
156.6         	9.497558e-08	(0.000000e+00 1.471111e-03 0.000000e+00)
156.65        	9.500564e-08	(0.000000e+00 1.471111e-03 0.000000e+00)
156.7         	9.505218e-08	(0.000000e+00 1.471111e-03 0.000000e+00)
156.75        	9.506865e-08	(0.000000e+00 1.471111e-03 0.000000e+00)
156.8         	9.507261e-08	(0.000000e+00 1.471111e-03 0.000000e+00)
156.85        	9.505626e-08	(0.000000e+00 1.471111e-03 0.000000e+00)
156.9         	9.507729e-08	(0.000000e+00 1.471111e-03 0.000000e+00)
156.95        	9.510239e-08	(0.000000e+00 1.471111e-03 0.000000e+00)
157           	9.512844e-08	(0.000000e+00 1.471111e-03 0.000000e+00)
157.05        	9.515554e-08	(0.000000e+00 1.471111e-03 0.000000e+00)
157.1         	9.518429e-08	(0.000000e+00 1.471111e-03 0.000000e+00)
157.15        	9.521516e-08	(0.000000e+00 1.471111e-03 0.000000e+00)
157.2         	9.524557e-08	(0.000000e+00 1.471111e-03 0.000000e+00)
157.25        	9.527708e-08	(0.000000e+00 1.471111e-03 0.000000e+00)
157.3         	9.530906e-08	(0.000000e+00 1.471111e-03 0.000000e+00)
157.35        	9.534227e-08	(0.000000e+00 1.471111e-03 0.000000e+00)
157.4         	9.537587e-08	(0.000000e+00 1.471111e-03 0.000000e+00)
157.45        	9.540955e-08	(0.000000e+00 1.471111e-03 0.000000e+00)
157.5         	9.544381e-08	(0.000000e+00 1.471111e-03 0.000000e+00)
157.55        	9.547821e-08	(0.000000e+00 1.471111e-03 0.000000e+00)
157.6         	9.551282e-08	(0.000000e+00 1.471111e-03 0.000000e+00)
157.65        	9.554767e-08	(0.000000e+00 1.471111e-03 0.000000e+00)
157.7         	9.558275e-08	(0.000000e+00 1.471111e-03 0.000000e+00)
157.75        	9.561787e-08	(0.000000e+00 1.471111e-03 0.000000e+00)
157.8         	9.565286e-08	(0.000000e+00 1.471111e-03 0.000000e+00)
157.85        	9.568765e-08	(0.000000e+00 1.471111e-03 0.000000e+00)
157.9         	9.572272e-08	(0.000000e+00 1.471111e-03 0.000000e+00)
157.95        	9.575804e-08	(0.000000e+00 1.471111e-03 0.000000e+00)
158           	9.579361e-08	(0.000000e+00 1.471111e-03 0.000000e+00)
158.05        	9.582904e-08	(0.000000e+00 1.471111e-03 0.000000e+00)
158.1         	9.586450e-08	(0.000000e+00 1.471111e-03 0.000000e+00)
158.15        	9.589992e-08	(0.000000e+00 1.471111e-03 0.000000e+00)
158.2         	9.593560e-08	(0.000000e+00 1.471111e-03 0.000000e+00)
158.25        	9.597149e-08	(0.000000e+00 1.471111e-03 0.000000e+00)
158.3         	9.600712e-08	(0.000000e+00 1.471111e-03 0.000000e+00)
158.35        	9.604160e-08	(0.000000e+00 1.471111e-03 0.000000e+00)
158.4         	9.607607e-08	(0.000000e+00 1.471111e-03 0.000000e+00)
158.45        	9.611161e-08	(0.000000e+00 1.471111e-03 0.000000e+00)
158.5         	9.614743e-08	(0.000000e+00 1.471111e-03 0.000000e+00)
158.55        	9.618322e-08	(0.000000e+00 1.471111e-03 0.000000e+00)
158.6         	9.621836e-08	(0.000000e+00 1.471111e-03 0.000000e+00)
158.65        	9.625406e-08	(0.000000e+00 1.471111e-03 0.000000e+00)
158.7         	9.628954e-08	(0.000000e+00 1.471111e-03 0.000000e+00)
158.75        	9.632494e-08	(0.000000e+00 1.471111e-03 0.000000e+00)
158.8         	9.635981e-08	(0.000000e+00 1.471111e-03 0.000000e+00)
158.85        	9.639705e-08	(0.000000e+00 1.471111e-03 0.000000e+00)
158.9         	9.643293e-08	(0.000000e+00 1.471111e-03 0.000000e+00)
158.95        	9.646827e-08	(0.000000e+00 1.471111e-03 0.000000e+00)
159           	9.648937e-08	(0.000000e+00 1.471111e-03 0.000000e+00)
159.05        	9.651912e-08	(0.000000e+00 1.471111e-03 0.000000e+00)
159.1         	9.655921e-08	(0.000000e+00 1.471111e-03 0.000000e+00)
159.15        	9.659347e-08	(0.000000e+00 1.471111e-03 0.000000e+00)
159.2         	9.662723e-08	(0.000000e+00 1.471111e-03 0.000000e+00)
159.25        	9.666191e-08	(0.000000e+00 1.471111e-03 0.000000e+00)
159.3         	9.669740e-08	(0.000000e+00 1.471111e-03 0.000000e+00)
159.35        	9.673346e-08	(0.000000e+00 1.471111e-03 0.000000e+00)
159.4         	9.676993e-08	(0.000000e+00 1.471111e-03 0.000000e+00)
159.45        	9.680670e-08	(0.000000e+00 1.471111e-03 0.000000e+00)
159.5         	9.684362e-08	(0.000000e+00 1.471111e-03 0.000000e+00)
159.55        	9.687576e-08	(0.000000e+00 1.471111e-03 0.000000e+00)
159.6         	9.688115e-08	(0.000000e+00 1.471111e-03 0.000000e+00)
159.65        	9.694844e-08	(0.000000e+00 1.471111e-03 0.000000e+00)
159.7         	9.698376e-08	(0.000000e+00 1.471111e-03 0.000000e+00)
159.75        	9.701984e-08	(0.000000e+00 1.471111e-03 0.000000e+00)
159.8         	9.705843e-08	(0.000000e+00 1.471111e-03 0.000000e+00)
159.85        	9.709643e-08	(0.000000e+00 1.471111e-03 0.000000e+00)
159.9         	9.713844e-08	(0.000000e+00 1.471111e-03 0.000000e+00)
159.95        	9.718375e-08	(0.000000e+00 1.471111e-03 0.000000e+00)
160           	9.722474e-08	(0.000000e+00 1.471111e-03 0.000000e+00)
160.05        	9.725536e-08	(0.000000e+00 1.471111e-03 0.000000e+00)
160.1         	9.729116e-08	(0.000000e+00 1.471111e-03 0.000000e+00)
160.15        	9.733327e-08	(0.000000e+00 1.471111e-03 0.000000e+00)
160.2         	9.737471e-08	(0.000000e+00 1.471111e-03 0.000000e+00)
160.25        	9.741528e-08	(0.000000e+00 1.471111e-03 0.000000e+00)
160.3         	9.745525e-08	(0.000000e+00 1.471111e-03 0.000000e+00)
160.35        	9.749480e-08	(0.000000e+00 1.471111e-03 0.000000e+00)
160.4         	9.753567e-08	(0.000000e+00 1.471111e-03 0.000000e+00)
160.45        	9.758187e-08	(0.000000e+00 1.471111e-03 0.000000e+00)
160.5         	9.762163e-08	(0.000000e+00 1.471111e-03 0.000000e+00)
160.55        	9.766004e-08	(0.000000e+00 1.471111e-03 0.000000e+00)
160.6         	9.769796e-08	(0.000000e+00 1.471111e-03 0.000000e+00)
160.65        	9.773583e-08	(0.000000e+00 1.471111e-03 0.000000e+00)
160.7         	9.777408e-08	(0.000000e+00 1.471111e-03 0.000000e+00)
160.75        	9.781250e-08	(0.000000e+00 1.471111e-03 0.000000e+00)
160.8         	9.785049e-08	(0.000000e+00 1.471111e-03 0.000000e+00)
160.85        	9.788888e-08	(0.000000e+00 1.471111e-03 0.000000e+00)
160.9         	9.792673e-08	(0.000000e+00 1.471111e-03 0.000000e+00)
160.95        	9.796478e-08	(0.000000e+00 1.471111e-03 0.000000e+00)
161           	9.800279e-08	(0.000000e+00 1.471111e-03 0.000000e+00)
161.05        	9.804067e-08	(0.000000e+00 1.471111e-03 0.000000e+00)
161.1         	9.807858e-08	(0.000000e+00 1.471111e-03 0.000000e+00)
161.15        	9.811667e-08	(0.000000e+00 1.471111e-03 0.000000e+00)
161.2         	9.815455e-08	(0.000000e+00 1.471111e-03 0.000000e+00)
161.25        	9.819226e-08	(0.000000e+00 1.471111e-03 0.000000e+00)
161.3         	9.824045e-08	(0.000000e+00 1.471111e-03 0.000000e+00)
161.35        	9.827977e-08	(0.000000e+00 1.471111e-03 0.000000e+00)
161.4         	9.831421e-08	(0.000000e+00 1.471111e-03 0.000000e+00)
161.45        	9.834920e-08	(0.000000e+00 1.471111e-03 0.000000e+00)
161.5         	9.838499e-08	(0.000000e+00 1.471111e-03 0.000000e+00)
161.55        	9.842161e-08	(0.000000e+00 1.471111e-03 0.000000e+00)
161.6         	9.845859e-08	(0.000000e+00 1.471111e-03 0.000000e+00)
161.65        	9.849564e-08	(0.000000e+00 1.471111e-03 0.000000e+00)
161.7         	9.853284e-08	(0.000000e+00 1.471111e-03 0.000000e+00)
161.75        	9.857028e-08	(0.000000e+00 1.471111e-03 0.000000e+00)
161.8         	9.860783e-08	(0.000000e+00 1.471111e-03 0.000000e+00)
161.85        	9.863693e-08	(0.000000e+00 1.471111e-03 0.000000e+00)
161.9         	9.865717e-08	(0.000000e+00 1.471111e-03 0.000000e+00)
161.95        	9.870462e-08	(0.000000e+00 1.471111e-03 0.000000e+00)
162           	9.874718e-08	(0.000000e+00 1.471111e-03 0.000000e+00)
162.05        	9.878709e-08	(0.000000e+00 1.471111e-03 0.000000e+00)
162.1         	9.882637e-08	(0.000000e+00 1.471111e-03 0.000000e+00)
162.15        	9.886550e-08	(0.000000e+00 1.471111e-03 0.000000e+00)
162.2         	9.890449e-08	(0.000000e+00 1.471111e-03 0.000000e+00)
162.25        	9.894334e-08	(0.000000e+00 1.471111e-03 0.000000e+00)
162.3         	9.898216e-08	(0.000000e+00 1.471111e-03 0.000000e+00)
162.35        	9.902079e-08	(0.000000e+00 1.471111e-03 0.000000e+00)
162.4         	9.905937e-08	(0.000000e+00 1.471111e-03 0.000000e+00)
162.45        	9.909791e-08	(0.000000e+00 1.471111e-03 0.000000e+00)
162.5         	9.913622e-08	(0.000000e+00 1.471111e-03 0.000000e+00)
162.55        	9.917431e-08	(0.000000e+00 1.471111e-03 0.000000e+00)
162.6         	9.921388e-08	(0.000000e+00 1.471111e-03 0.000000e+00)
162.65        	9.925340e-08	(0.000000e+00 1.471111e-03 0.000000e+00)
162.7         	9.929198e-08	(0.000000e+00 1.471111e-03 0.000000e+00)
162.75        	9.933115e-08	(0.000000e+00 1.471111e-03 0.000000e+00)
162.8         	9.936991e-08	(0.000000e+00 1.471111e-03 0.000000e+00)
162.85        	9.940786e-08	(0.000000e+00 1.471111e-03 0.000000e+00)
162.9         	9.944587e-08	(0.000000e+00 1.471111e-03 0.000000e+00)
162.95        	9.948420e-08	(0.000000e+00 1.471111e-03 0.000000e+00)
163           	9.952275e-08	(0.000000e+00 1.471111e-03 0.000000e+00)
163.05        	9.956142e-08	(0.000000e+00 1.471111e-03 0.000000e+00)
163.1         	9.960008e-08	(0.000000e+00 1.471111e-03 0.000000e+00)
163.15        	9.963882e-08	(0.000000e+00 1.471111e-03 0.000000e+00)
163.2         	9.967751e-08	(0.000000e+00 1.471111e-03 0.000000e+00)
163.25        	9.971616e-08	(0.000000e+00 1.471111e-03 0.000000e+00)
163.3         	9.975481e-08	(0.000000e+00 1.471111e-03 0.000000e+00)
163.35        	9.979355e-08	(0.000000e+00 1.471111e-03 0.000000e+00)
163.4         	9.983235e-08	(0.000000e+00 1.471111e-03 0.000000e+00)
163.45        	9.987129e-08	(0.000000e+00 1.471111e-03 0.000000e+00)
163.5         	9.991021e-08	(0.000000e+00 1.471111e-03 0.000000e+00)
163.55        	9.994912e-08	(0.000000e+00 1.471111e-03 0.000000e+00)
163.6         	9.998788e-08	(0.000000e+00 1.471111e-03 0.000000e+00)
163.65        	1.000269e-07	(0.000000e+00 1.471111e-03 0.000000e+00)
163.7         	1.000661e-07	(0.000000e+00 1.471111e-03 0.000000e+00)
163.75        	1.001052e-07	(0.000000e+00 1.471111e-03 0.000000e+00)
163.8         	1.001444e-07	(0.000000e+00 1.471111e-03 0.000000e+00)
163.85        	1.001836e-07	(0.000000e+00 1.471111e-03 0.000000e+00)
163.9         	1.002229e-07	(0.000000e+00 1.471111e-03 0.000000e+00)
163.95        	1.002623e-07	(0.000000e+00 1.471111e-03 0.000000e+00)
164           	1.003019e-07	(0.000000e+00 1.471111e-03 0.000000e+00)
164.05        	1.003416e-07	(0.000000e+00 1.471111e-03 0.000000e+00)
164.1         	1.003797e-07	(0.000000e+00 1.471111e-03 0.000000e+00)
164.15        	1.004186e-07	(0.000000e+00 1.471111e-03 0.000000e+00)
164.2         	1.004584e-07	(0.000000e+00 1.471111e-03 0.000000e+00)
164.25        	1.004981e-07	(0.000000e+00 1.471111e-03 0.000000e+00)
164.3         	1.005376e-07	(0.000000e+00 1.471111e-03 0.000000e+00)
164.35        	1.005772e-07	(0.000000e+00 1.471111e-03 0.000000e+00)
164.4         	1.006169e-07	(0.000000e+00 1.471111e-03 0.000000e+00)
164.45        	1.006565e-07	(0.000000e+00 1.471111e-03 0.000000e+00)
164.5         	1.006962e-07	(0.000000e+00 1.471111e-03 0.000000e+00)
164.55        	1.007359e-07	(0.000000e+00 1.471111e-03 0.000000e+00)
164.6         	1.007757e-07	(0.000000e+00 1.471111e-03 0.000000e+00)
164.65        	1.008156e-07	(0.000000e+00 1.471111e-03 0.000000e+00)
164.7         	1.008555e-07	(0.000000e+00 1.471111e-03 0.000000e+00)
164.75        	1.008957e-07	(0.000000e+00 1.471111e-03 0.000000e+00)
164.8         	1.009353e-07	(0.000000e+00 1.471111e-03 0.000000e+00)
164.85        	1.009744e-07	(0.000000e+00 1.471111e-03 0.000000e+00)
164.9         	1.010142e-07	(0.000000e+00 1.471111e-03 0.000000e+00)
164.95        	1.010544e-07	(0.000000e+00 1.471111e-03 0.000000e+00)
165           	1.010944e-07	(0.000000e+00 1.471111e-03 0.000000e+00)
165.05        	1.011344e-07	(0.000000e+00 1.471111e-03 0.000000e+00)
165.1         	1.011744e-07	(0.000000e+00 1.471111e-03 0.000000e+00)
165.15        	1.012143e-07	(0.000000e+00 1.471111e-03 0.000000e+00)
165.2         	1.012543e-07	(0.000000e+00 1.471111e-03 0.000000e+00)
165.25        	1.012945e-07	(0.000000e+00 1.471111e-03 0.000000e+00)
165.3         	1.013346e-07	(0.000000e+00 1.471111e-03 0.000000e+00)
165.35        	1.013747e-07	(0.000000e+00 1.471111e-03 0.000000e+00)
165.4         	1.014148e-07	(0.000000e+00 1.471111e-03 0.000000e+00)
165.45        	1.014547e-07	(0.000000e+00 1.471111e-03 0.000000e+00)
165.5         	1.014947e-07	(0.000000e+00 1.471111e-03 0.000000e+00)
165.55        	1.015346e-07	(0.000000e+00 1.471111e-03 0.000000e+00)
165.6         	1.015745e-07	(0.000000e+00 1.471111e-03 0.000000e+00)
165.65        	1.016143e-07	(0.000000e+00 1.471111e-03 0.000000e+00)
165.7         	1.016537e-07	(0.000000e+00 1.471111e-03 0.000000e+00)
165.75        	1.016927e-07	(0.000000e+00 1.471111e-03 0.000000e+00)
165.8         	1.017346e-07	(0.000000e+00 1.471111e-03 0.000000e+00)
165.85        	1.017781e-07	(0.000000e+00 1.471111e-03 0.000000e+00)
165.9         	1.018219e-07	(0.000000e+00 1.471111e-03 0.000000e+00)
165.95        	1.018666e-07	(0.000000e+00 1.471111e-03 0.000000e+00)
166           	1.019108e-07	(0.000000e+00 1.471111e-03 0.000000e+00)
166.05        	1.019543e-07	(0.000000e+00 1.471111e-03 0.000000e+00)
166.1         	1.019974e-07	(0.000000e+00 1.471111e-03 0.000000e+00)
166.15        	1.020401e-07	(0.000000e+00 1.471111e-03 0.000000e+00)
166.2         	1.020826e-07	(0.000000e+00 1.471111e-03 0.000000e+00)
166.25        	1.021250e-07	(0.000000e+00 1.471111e-03 0.000000e+00)
166.3         	1.021672e-07	(0.000000e+00 1.471111e-03 0.000000e+00)
166.35        	1.022092e-07	(0.000000e+00 1.471111e-03 0.000000e+00)
166.4         	1.022524e-07	(0.000000e+00 1.471111e-03 0.000000e+00)
166.45        	1.022966e-07	(0.000000e+00 1.471111e-03 0.000000e+00)
166.5         	1.023390e-07	(0.000000e+00 1.471111e-03 0.000000e+00)
166.55        	1.023817e-07	(0.000000e+00 1.471111e-03 0.000000e+00)
166.6         	1.024242e-07	(0.000000e+00 1.471111e-03 0.000000e+00)
166.65        	1.024667e-07	(0.000000e+00 1.471111e-03 0.000000e+00)
166.7         	1.025122e-07	(0.000000e+00 1.471111e-03 0.000000e+00)
166.75        	1.025530e-07	(0.000000e+00 1.471111e-03 0.000000e+00)
166.8         	1.025948e-07	(0.000000e+00 1.471111e-03 0.000000e+00)
166.85        	1.026357e-07	(0.000000e+00 1.471111e-03 0.000000e+00)
166.9         	1.026779e-07	(0.000000e+00 1.471111e-03 0.000000e+00)
166.95        	1.027200e-07	(0.000000e+00 1.471111e-03 0.000000e+00)
167           	1.027622e-07	(0.000000e+00 1.471111e-03 0.000000e+00)
167.05        	1.028045e-07	(0.000000e+00 1.471111e-03 0.000000e+00)
167.1         	1.028468e-07	(0.000000e+00 1.471111e-03 0.000000e+00)
167.15        	1.028891e-07	(0.000000e+00 1.471111e-03 0.000000e+00)
167.2         	1.029314e-07	(0.000000e+00 1.471111e-03 0.000000e+00)
167.25        	1.029747e-07	(0.000000e+00 1.471111e-03 0.000000e+00)
167.3         	1.030218e-07	(0.000000e+00 1.471111e-03 0.000000e+00)
167.35        	1.030674e-07	(0.000000e+00 1.471111e-03 0.000000e+00)
167.4         	1.031121e-07	(0.000000e+00 1.471111e-03 0.000000e+00)
167.45        	1.031563e-07	(0.000000e+00 1.471111e-03 0.000000e+00)
167.5         	1.032000e-07	(0.000000e+00 1.471111e-03 0.000000e+00)
167.55        	1.032435e-07	(0.000000e+00 1.471111e-03 0.000000e+00)
167.6         	1.032867e-07	(0.000000e+00 1.471111e-03 0.000000e+00)
167.65        	1.033299e-07	(0.000000e+00 1.471111e-03 0.000000e+00)
167.7         	1.033731e-07	(0.000000e+00 1.471111e-03 0.000000e+00)
167.75        	1.034161e-07	(0.000000e+00 1.471111e-03 0.000000e+00)
167.8         	1.034591e-07	(0.000000e+00 1.471111e-03 0.000000e+00)
167.85        	1.035019e-07	(0.000000e+00 1.471111e-03 0.000000e+00)
167.9         	1.035448e-07	(0.000000e+00 1.471111e-03 0.000000e+00)
167.95        	1.035877e-07	(0.000000e+00 1.471111e-03 0.000000e+00)
168           	1.036309e-07	(0.000000e+00 1.471111e-03 0.000000e+00)
168.05        	1.036738e-07	(0.000000e+00 1.471111e-03 0.000000e+00)
168.1         	1.037165e-07	(0.000000e+00 1.471111e-03 0.000000e+00)
168.15        	1.037592e-07	(0.000000e+00 1.471111e-03 0.000000e+00)
168.2         	1.038020e-07	(0.000000e+00 1.471111e-03 0.000000e+00)
168.25        	1.038449e-07	(0.000000e+00 1.471111e-03 0.000000e+00)
168.3         	1.038875e-07	(0.000000e+00 1.471111e-03 0.000000e+00)
168.35        	1.039305e-07	(0.000000e+00 1.471111e-03 0.000000e+00)
168.4         	1.039739e-07	(0.000000e+00 1.471111e-03 0.000000e+00)
168.45        	1.040166e-07	(0.000000e+00 1.471111e-03 0.000000e+00)
168.5         	1.040599e-07	(0.000000e+00 1.471111e-03 0.000000e+00)
168.55        	1.041028e-07	(0.000000e+00 1.471111e-03 0.000000e+00)
168.6         	1.041458e-07	(0.000000e+00 1.471111e-03 0.000000e+00)
168.65        	1.041888e-07	(0.000000e+00 1.471111e-03 0.000000e+00)
168.7         	1.042319e-07	(0.000000e+00 1.471111e-03 0.000000e+00)
168.75        	1.042749e-07	(0.000000e+00 1.471111e-03 0.000000e+00)
168.8         	1.043179e-07	(0.000000e+00 1.471111e-03 0.000000e+00)
168.85        	1.043609e-07	(0.000000e+00 1.471111e-03 0.000000e+00)
168.9         	1.044039e-07	(0.000000e+00 1.471111e-03 0.000000e+00)
168.95        	1.044469e-07	(0.000000e+00 1.471111e-03 0.000000e+00)
169           	1.044912e-07	(0.000000e+00 1.471111e-03 0.000000e+00)
169.05        	1.045354e-07	(0.000000e+00 1.471111e-03 0.000000e+00)
169.1         	1.045790e-07	(0.000000e+00 1.471111e-03 0.000000e+00)
169.15        	1.046225e-07	(0.000000e+00 1.471111e-03 0.000000e+00)
169.2         	1.046660e-07	(0.000000e+00 1.471111e-03 0.000000e+00)
169.25        	1.047094e-07	(0.000000e+00 1.471111e-03 0.000000e+00)
169.3         	1.047528e-07	(0.000000e+00 1.471111e-03 0.000000e+00)
169.35        	1.047960e-07	(0.000000e+00 1.471111e-03 0.000000e+00)
169.4         	1.048391e-07	(0.000000e+00 1.471111e-03 0.000000e+00)
169.45        	1.048821e-07	(0.000000e+00 1.471111e-03 0.000000e+00)
169.5         	1.049249e-07	(0.000000e+00 1.471111e-03 0.000000e+00)
169.55        	1.049672e-07	(0.000000e+00 1.471111e-03 0.000000e+00)
169.6         	1.050093e-07	(0.000000e+00 1.471111e-03 0.000000e+00)
169.65        	1.050513e-07	(0.000000e+00 1.471111e-03 0.000000e+00)
169.7         	1.050929e-07	(0.000000e+00 1.471111e-03 0.000000e+00)
169.75        	1.051336e-07	(0.000000e+00 1.471111e-03 0.000000e+00)
169.8         	1.052464e-07	(0.000000e+00 1.471111e-03 0.000000e+00)
169.85        	1.053025e-07	(0.000000e+00 1.471111e-03 0.000000e+00)
169.9         	1.053470e-07	(0.000000e+00 1.471111e-03 0.000000e+00)
169.95        	1.053889e-07	(0.000000e+00 1.471111e-03 0.000000e+00)
170           	1.054302e-07	(0.000000e+00 1.471111e-03 0.000000e+00)
170.05        	1.054736e-07	(0.000000e+00 1.471111e-03 0.000000e+00)
170.1         	1.055151e-07	(0.000000e+00 1.471111e-03 0.000000e+00)
170.15        	1.055565e-07	(0.000000e+00 1.471111e-03 0.000000e+00)
170.2         	1.055976e-07	(0.000000e+00 1.471111e-03 0.000000e+00)
170.25        	1.056767e-07	(0.000000e+00 1.471111e-03 0.000000e+00)
170.3         	1.057897e-07	(0.000000e+00 1.471111e-03 0.000000e+00)
170.35        	1.058071e-07	(0.000000e+00 1.471111e-03 0.000000e+00)
170.4         	1.058266e-07	(0.000000e+00 1.471111e-03 0.000000e+00)
170.45        	1.058505e-07	(0.000000e+00 1.471111e-03 0.000000e+00)
170.5         	1.058774e-07	(0.000000e+00 1.471111e-03 0.000000e+00)
170.55        	1.059072e-07	(0.000000e+00 1.471111e-03 0.000000e+00)
170.6         	1.059386e-07	(0.000000e+00 1.471111e-03 0.000000e+00)
170.65        	1.059716e-07	(0.000000e+00 1.471111e-03 0.000000e+00)
170.7         	1.060073e-07	(0.000000e+00 1.471111e-03 0.000000e+00)
170.75        	1.060452e-07	(0.000000e+00 1.471111e-03 0.000000e+00)
170.8         	1.060829e-07	(0.000000e+00 1.471111e-03 0.000000e+00)
170.85        	1.061208e-07	(0.000000e+00 1.471111e-03 0.000000e+00)
170.9         	1.061596e-07	(0.000000e+00 1.471111e-03 0.000000e+00)
170.95        	1.061991e-07	(0.000000e+00 1.471111e-03 0.000000e+00)
171           	1.062391e-07	(0.000000e+00 1.471111e-03 0.000000e+00)
171.05        	1.062797e-07	(0.000000e+00 1.471111e-03 0.000000e+00)
171.1         	1.063206e-07	(0.000000e+00 1.471111e-03 0.000000e+00)
171.15        	1.063620e-07	(0.000000e+00 1.471111e-03 0.000000e+00)
171.2         	1.064037e-07	(0.000000e+00 1.471111e-03 0.000000e+00)
171.25        	1.064458e-07	(0.000000e+00 1.471111e-03 0.000000e+00)
171.3         	1.064881e-07	(0.000000e+00 1.471111e-03 0.000000e+00)
171.35        	1.065308e-07	(0.000000e+00 1.471111e-03 0.000000e+00)
171.4         	1.065737e-07	(0.000000e+00 1.471111e-03 0.000000e+00)
171.45        	1.066168e-07	(0.000000e+00 1.471111e-03 0.000000e+00)
171.5         	1.066600e-07	(0.000000e+00 1.471111e-03 0.000000e+00)
171.55        	1.067035e-07	(0.000000e+00 1.471111e-03 0.000000e+00)
171.6         	1.067471e-07	(0.000000e+00 1.471111e-03 0.000000e+00)
171.65        	1.067909e-07	(0.000000e+00 1.471111e-03 0.000000e+00)
171.7         	1.068348e-07	(0.000000e+00 1.471111e-03 0.000000e+00)
171.75        	1.068788e-07	(0.000000e+00 1.471111e-03 0.000000e+00)
171.8         	1.069230e-07	(0.000000e+00 1.471111e-03 0.000000e+00)
171.85        	1.069672e-07	(0.000000e+00 1.471111e-03 0.000000e+00)
171.9         	1.070115e-07	(0.000000e+00 1.471111e-03 0.000000e+00)
171.95        	1.070559e-07	(0.000000e+00 1.471111e-03 0.000000e+00)
172           	1.071004e-07	(0.000000e+00 1.471111e-03 0.000000e+00)
172.05        	1.071449e-07	(0.000000e+00 1.471111e-03 0.000000e+00)
172.1         	1.071895e-07	(0.000000e+00 1.471111e-03 0.000000e+00)
172.15        	1.072342e-07	(0.000000e+00 1.471111e-03 0.000000e+00)
172.2         	1.072789e-07	(0.000000e+00 1.471111e-03 0.000000e+00)
172.25        	1.073236e-07	(0.000000e+00 1.471111e-03 0.000000e+00)
172.3         	1.073685e-07	(0.000000e+00 1.471111e-03 0.000000e+00)
172.35        	1.074133e-07	(0.000000e+00 1.471111e-03 0.000000e+00)
172.4         	1.074581e-07	(0.000000e+00 1.471111e-03 0.000000e+00)
172.45        	1.075031e-07	(0.000000e+00 1.471111e-03 0.000000e+00)
172.5         	1.075479e-07	(0.000000e+00 1.471111e-03 0.000000e+00)
172.55        	1.075907e-07	(0.000000e+00 1.471111e-03 0.000000e+00)
172.6         	1.076389e-07	(0.000000e+00 1.471111e-03 0.000000e+00)
172.65        	1.076849e-07	(0.000000e+00 1.471111e-03 0.000000e+00)
172.7         	1.077297e-07	(0.000000e+00 1.471111e-03 0.000000e+00)
172.75        	1.077739e-07	(0.000000e+00 1.471111e-03 0.000000e+00)
172.8         	1.078192e-07	(0.000000e+00 1.471111e-03 0.000000e+00)
172.85        	1.078640e-07	(0.000000e+00 1.471111e-03 0.000000e+00)
172.9         	1.079092e-07	(0.000000e+00 1.471111e-03 0.000000e+00)
172.95        	1.079545e-07	(0.000000e+00 1.471111e-03 0.000000e+00)
173           	1.079997e-07	(0.000000e+00 1.471111e-03 0.000000e+00)
173.05        	1.080450e-07	(0.000000e+00 1.471111e-03 0.000000e+00)
173.1         	1.080902e-07	(0.000000e+00 1.471111e-03 0.000000e+00)
173.15        	1.081355e-07	(0.000000e+00 1.471111e-03 0.000000e+00)
173.2         	1.081808e-07	(0.000000e+00 1.471111e-03 0.000000e+00)
173.25        	1.082261e-07	(0.000000e+00 1.471111e-03 0.000000e+00)
173.3         	1.082714e-07	(0.000000e+00 1.471111e-03 0.000000e+00)
173.35        	1.083167e-07	(0.000000e+00 1.471111e-03 0.000000e+00)
173.4         	1.083620e-07	(0.000000e+00 1.471111e-03 0.000000e+00)
173.45        	1.084073e-07	(0.000000e+00 1.471111e-03 0.000000e+00)
173.5         	1.084527e-07	(0.000000e+00 1.471111e-03 0.000000e+00)
173.55        	1.084979e-07	(0.000000e+00 1.471111e-03 0.000000e+00)
173.6         	1.085433e-07	(0.000000e+00 1.471111e-03 0.000000e+00)
173.65        	1.085886e-07	(0.000000e+00 1.471111e-03 0.000000e+00)
173.7         	1.086340e-07	(0.000000e+00 1.471111e-03 0.000000e+00)
173.75        	1.086793e-07	(0.000000e+00 1.471111e-03 0.000000e+00)
173.8         	1.087244e-07	(0.000000e+00 1.471111e-03 0.000000e+00)
173.85        	1.087698e-07	(0.000000e+00 1.471111e-03 0.000000e+00)
173.9         	1.088153e-07	(0.000000e+00 1.471111e-03 0.000000e+00)
173.95        	1.088608e-07	(0.000000e+00 1.471111e-03 0.000000e+00)
174           	1.089061e-07	(0.000000e+00 1.471111e-03 0.000000e+00)
174.05        	1.089513e-07	(0.000000e+00 1.471111e-03 0.000000e+00)
174.1         	1.089966e-07	(0.000000e+00 1.471111e-03 0.000000e+00)
174.15        	1.090421e-07	(0.000000e+00 1.471111e-03 0.000000e+00)
174.2         	1.090876e-07	(0.000000e+00 1.471111e-03 0.000000e+00)
174.25        	1.091315e-07	(0.000000e+00 1.471111e-03 0.000000e+00)
174.3         	1.091764e-07	(0.000000e+00 1.471111e-03 0.000000e+00)
174.35        	1.092233e-07	(0.000000e+00 1.471111e-03 0.000000e+00)
174.4         	1.092708e-07	(0.000000e+00 1.471111e-03 0.000000e+00)
174.45        	1.093152e-07	(0.000000e+00 1.471111e-03 0.000000e+00)
174.5         	1.093603e-07	(0.000000e+00 1.471111e-03 0.000000e+00)
174.55        	1.094059e-07	(0.000000e+00 1.471111e-03 0.000000e+00)
174.6         	1.094515e-07	(0.000000e+00 1.471111e-03 0.000000e+00)
174.65        	1.094969e-07	(0.000000e+00 1.471111e-03 0.000000e+00)
174.7         	1.095424e-07	(0.000000e+00 1.471111e-03 0.000000e+00)
174.75        	1.095877e-07	(0.000000e+00 1.471111e-03 0.000000e+00)
174.8         	1.096331e-07	(0.000000e+00 1.471111e-03 0.000000e+00)
174.85        	1.096785e-07	(0.000000e+00 1.471111e-03 0.000000e+00)
174.9         	1.097240e-07	(0.000000e+00 1.471111e-03 0.000000e+00)
174.95        	1.097695e-07	(0.000000e+00 1.471111e-03 0.000000e+00)
175           	1.098149e-07	(0.000000e+00 1.471111e-03 0.000000e+00)
175.05        	1.098604e-07	(0.000000e+00 1.471111e-03 0.000000e+00)
175.1         	1.099057e-07	(0.000000e+00 1.471111e-03 0.000000e+00)
175.15        	1.099517e-07	(0.000000e+00 1.471111e-03 0.000000e+00)
175.2         	1.099977e-07	(0.000000e+00 1.471111e-03 0.000000e+00)
175.25        	1.100429e-07	(0.000000e+00 1.471111e-03 0.000000e+00)
175.3         	1.100883e-07	(0.000000e+00 1.471111e-03 0.000000e+00)
175.35        	1.101338e-07	(0.000000e+00 1.471111e-03 0.000000e+00)
175.4         	1.101792e-07	(0.000000e+00 1.471111e-03 0.000000e+00)
175.45        	1.102249e-07	(0.000000e+00 1.471111e-03 0.000000e+00)
175.5         	1.102703e-07	(0.000000e+00 1.471111e-03 0.000000e+00)
175.55        	1.103160e-07	(0.000000e+00 1.471111e-03 0.000000e+00)
175.6         	1.103614e-07	(0.000000e+00 1.471111e-03 0.000000e+00)
175.65        	1.104069e-07	(0.000000e+00 1.471111e-03 0.000000e+00)
175.7         	1.104530e-07	(0.000000e+00 1.471111e-03 0.000000e+00)
175.75        	1.104993e-07	(0.000000e+00 1.471111e-03 0.000000e+00)
175.8         	1.105449e-07	(0.000000e+00 1.471111e-03 0.000000e+00)
175.85        	1.105898e-07	(0.000000e+00 1.471111e-03 0.000000e+00)
175.9         	1.106352e-07	(0.000000e+00 1.471111e-03 0.000000e+00)
175.95        	1.106808e-07	(0.000000e+00 1.471111e-03 0.000000e+00)
176           	1.107265e-07	(0.000000e+00 1.471111e-03 0.000000e+00)
176.05        	1.107719e-07	(0.000000e+00 1.471111e-03 0.000000e+00)
176.1         	1.108174e-07	(0.000000e+00 1.471111e-03 0.000000e+00)
176.15        	1.108629e-07	(0.000000e+00 1.471111e-03 0.000000e+00)
176.2         	1.109084e-07	(0.000000e+00 1.471111e-03 0.000000e+00)
176.25        	1.109538e-07	(0.000000e+00 1.471111e-03 0.000000e+00)
176.3         	1.109991e-07	(0.000000e+00 1.471111e-03 0.000000e+00)
176.35        	1.110447e-07	(0.000000e+00 1.471111e-03 0.000000e+00)
176.4         	1.110900e-07	(0.000000e+00 1.471111e-03 0.000000e+00)
176.45        	1.111354e-07	(0.000000e+00 1.471111e-03 0.000000e+00)
176.5         	1.111808e-07	(0.000000e+00 1.471111e-03 0.000000e+00)
176.55        	1.112261e-07	(0.000000e+00 1.471111e-03 0.000000e+00)
176.6         	1.112715e-07	(0.000000e+00 1.471111e-03 0.000000e+00)
176.65        	1.113168e-07	(0.000000e+00 1.471111e-03 0.000000e+00)
176.7         	1.113622e-07	(0.000000e+00 1.471111e-03 0.000000e+00)
176.75        	1.114075e-07	(0.000000e+00 1.471111e-03 0.000000e+00)
176.8         	1.114528e-07	(0.000000e+00 1.471111e-03 0.000000e+00)
176.85        	1.114981e-07	(0.000000e+00 1.471111e-03 0.000000e+00)
176.9         	1.115434e-07	(0.000000e+00 1.471111e-03 0.000000e+00)
176.95        	1.115887e-07	(0.000000e+00 1.471111e-03 0.000000e+00)
177           	1.116340e-07	(0.000000e+00 1.471111e-03 0.000000e+00)
177.05        	1.116792e-07	(0.000000e+00 1.471111e-03 0.000000e+00)
177.1         	1.117245e-07	(0.000000e+00 1.471111e-03 0.000000e+00)
177.15        	1.117697e-07	(0.000000e+00 1.471111e-03 0.000000e+00)
177.2         	1.118148e-07	(0.000000e+00 1.471111e-03 0.000000e+00)
177.25        	1.118599e-07	(0.000000e+00 1.471111e-03 0.000000e+00)
177.3         	1.119048e-07	(0.000000e+00 1.471111e-03 0.000000e+00)
177.35        	1.119502e-07	(0.000000e+00 1.471111e-03 0.000000e+00)
177.4         	1.119959e-07	(0.000000e+00 1.471111e-03 0.000000e+00)
177.45        	1.120414e-07	(0.000000e+00 1.471111e-03 0.000000e+00)
177.5         	1.120868e-07	(0.000000e+00 1.471111e-03 0.000000e+00)
177.55        	1.121320e-07	(0.000000e+00 1.471111e-03 0.000000e+00)
177.6         	1.121773e-07	(0.000000e+00 1.471111e-03 0.000000e+00)
177.65        	1.122225e-07	(0.000000e+00 1.471111e-03 0.000000e+00)
177.7         	1.122677e-07	(0.000000e+00 1.471111e-03 0.000000e+00)
177.75        	1.123130e-07	(0.000000e+00 1.471111e-03 0.000000e+00)
177.8         	1.123581e-07	(0.000000e+00 1.471111e-03 0.000000e+00)
177.85        	1.124033e-07	(0.000000e+00 1.471111e-03 0.000000e+00)
